Day of year,Hour,Minute,Period (h),Flag,Message,Solar zenith (degrees),Solar elevation (degrees),Solar azimuth (degrees),GHI (W/m2),DHI (W/m2),DNI (W/m2),Diffuse fraction,Ambient temperature (°C),Wind velocity (m/s),Wind direction,Opaque cloud fraction,Air mass,Precipitable water vapour (cm),Ozone (atm.cm),Aerosol optical density,Relative humidity (%),Far field albedo (%),Surface pressure (mb),Module tilt (degrees),Incident angle (degrees),VF power for Tmod [average] (W/m2),VF power for Tmod front [average] (W/m2),VF power for Tmod rear [average] (W/m2),Module temperature [average] (C),Power - no mismatch @25C [unit-system] (W),Power - no mismatch [unit-system] (W),Power [unit-system] (W),Vmp [average] (V),Imp [average] (A),Imp [minimum] (A),Voc [average] (V),Isc [average] (A),Jfront [average] (A/cm2),Ifront [average] (A),Jrear [average] (A/cm2),Irear [average] (A),Temperature loss (W),Cell-to-cell mismatch loss (W)
1,0,0,1,Night,,121.8150634765625,-31.815059661865234,175.52590942382812,0,0,0,0,19.550012588500977,7.659900188446045,=NA(),0,64.81599426269531,1.4163999557495117,0.34380000829696655,0.08399999886751175,=NA(),20,1013.25,0,0,0,0,0,19.550012588500977,0,0,0,0,0,0,0,0,0,0,0,0,0,0
1,1,0,1,Night,,119.18629455566406,-29.18629264831543,159.8000946044922,0,0,0,0,19.2499942779541,7.329899787902832,=NA(),0,64.81599426269531,1.4163999557495117,0.34380000829696655,0.08399999886751175,=NA(),20,1013.25,0,0,0,0,0,19.2499942779541,0,0,0,0,0,0,0,0,0,0,0,0,0,0
1,2,0,1,Night,,113.56180572509766,-23.56180191040039,145.7327880859375,0,0,0,0,18.959985733032227,7.150100231170654,=NA(),0,64.81599426269531,1.4163999557495117,0.34380000829696655,0.08399999886751175,=NA(),20,1013.25,0,0,0,0,0,18.959985733032227,0,0,0,0,0,0,0,0,0,0,0,0,0,0
1,3,0,1,Night,,105.63668060302734,-15.63668441772461,133.74945068359375,0,0,0,0,18.920007705688477,6.699900150299072,=NA(),0,64.81599426269531,1.4163999557495117,0.34380000829696655,0.08399999886751175,=NA(),20,1013.25,0,0,0,0,0,18.920007705688477,0,0,0,0,0,0,0,0,0,0,0,0,0,0
1,4,0,1,Night,,96.04838562011719,-6.048386096954346,123.63626098632812,0,0,0,0,18.899988174438477,6.29010009765625,=NA(),0,64.81599426269531,1.4163999557495117,0.34380000829696655,0.08399999886751175,=NA(),20,1013.25,0,0,0,0,0,18.899988174438477,0,0,0,0,0,0,0,0,0,0,0,0,0,0
1,5,0,1,Day,,85.02500915527344,4.974987983703613,114.8443832397461,13.909000396728516,13.899842262268066,0.10559999942779541,0.9993415474891663,18.9999942779541,7.349999904632568,=NA(),=NA(),10.35081672668457,1.4163999557495117,0.34380000829696655,0.08399999886751175,=NA(),20,1013.25,7.944540500640869,77.8284683227539,15.164999961853027,13.815000534057617,1.3499999046325684,19.64251136779785,71.48999786376953,72.80000305175781,72.60147094726562,35.989749908447266,0.12608039379119873,0.12462849915027618,41.256526947021484,0.14100922644138336,0.0004673750081565231,0,0.000029499999072868377,0,-1.3100051879882812,0.1985321044921875
1,6,0,1,Day,,73.78282165527344,16.217180252075195,107.0871353149414,44.59700012207031,44.486656188964844,0.3950999975204468,0.9975257515907288,19.159997940063477,7.860000133514404,=NA(),=NA(),3.54164719581604,1.4163999557495117,0.34380000829696655,0.08399999886751175,=NA(),20,1013.25,28.127687454223633,47.23493576049805,46.44999694824219,40.790000915527344,5.650000095367432,21.11187171936035,236.60000610351562,239.38999938964844,237.05108642578125,38.0125732421875,0.3897436857223511,0.3727262318134308,43.03774642944336,0.42662981152534485,0.0013851249823346734,0,0.0001221249985974282,0,-2.7899932861328125,2.3389129638671875
1,7,0,1,Day,,61.87288284301758,28.127117156982422,99.5947036743164,244.39999389648438,231.01376342773438,28.395000457763672,0.9452281594276428,20.05999183654785,7.360000133514404,=NA(),=NA(),2.1147284507751465,1.4163999557495117,0.34380000829696655,0.08399999886751175,=NA(),20,1013.25,60,8.590168952941895,282.56500244140625,230.64498901367188,51.91999816894531,31.80437660217285,1562.800048828125,1522.219970703125,1515.6895751953125,38.96173858642578,2.4309866428375244,2.2988171577453613,44.775794982910156,2.591391086578369,0.008063187822699547,0,0.0010840625036507845,0,40.580078125,6.5303955078125
1,8,0,1,Day,,49.6807746887207,40.3192253112793,91.77523803710938,395.69000244140625,341.08258056640625,84.3949966430664,0.8619944453239441,21.05999183654785,6.639999866485596,=NA(),=NA(),1.5436055660247803,1.4163999557495117,0.34380000829696655,0.08399999886751175,=NA(),20,1013.25,49.667198181152344,1.3534409999847412,472.2699890136719,416.4849853515625,55.78499984741211,40.500633239746094,2740.800048828125,2594.219970703125,2593.972900390625,38.10650634765625,4.254581928253174,4.090274333953857,44.625511169433594,4.498939514160156,0.0146289998665452,0,0.00117425003554672,0,146.580078125,0.2470703125
1,9,0,1,Day,,37.43968200683594,52.56031799316406,82.47744750976562,799.5900268554688,307.2424011230469,620.0900268554688,0.3842499256134033,24.2600040435791,6.010000228881836,=NA(),=NA(),1.2587419748306274,1.4163999557495117,0.34380000829696655,0.08399999886751175,=NA(),20,1013.25,37.20090103149414,4.564857006072998,1002.0250244140625,950.3049926757812,51.724998474121094,65.71813201904297,6092.43994140625,5287.9697265625,5293.076171875,34.975318908691406,9.45860481262207,9.400704383850098,42.882389068603516,10.016609191894531,0.033740438520908356,0,0.0011362499790266156,0,804.47021484375,-5.1064453125
1,10,0,1,Day,,25.54935646057129,64.45064544677734,68.8519287109375,590.9000244140625,447.7096252441406,158.7100067138672,0.7576740384101868,24.82000160217285,5.610000133514404,=NA(),=NA(),1.1080710887908936,1.4163999557495117,0.34380000829696655,0.08399999886751175,=NA(),20,1013.25,24.029146194458008,8.9515962600708,655.8399658203125,605.1300048828125,50.709999084472656,51.802513122558594,3891.2099609375,3544.869873046875,3550.865478515625,36.70289993286133,6.0466718673706055,5.984416484832764,43.79963684082031,6.393009662628174,0.021218812093138695,0,0.0010836250148713589,0,346.340087890625,-5.99560546875
1,11,0,1,Day,,15.353609085083008,74.64639282226562,41.193206787109375,601.2899780273438,469.27593994140625,136.89999389648438,0.7804486155509949,26.100000381469727,5.509900093078613,=NA(),=NA(),1.036854863166809,1.4163999557495117,0.34380000829696655,0.08399999886751175,=NA(),20,1013.25,10.250316619873047,11.492615699768066,653.4199829101562,603.6950073242188,49.724998474121094,53.079368591308594,3871.550048828125,3510.869873046875,3513.33642578125,36.56975555419922,6.004522800445557,5.966864585876465,43.623111724853516,6.347877025604248,0.021120062097907066,0,0.0010712499497458339,0,360.68017578125,-2.466552734375
1,12,0,1,Day,,12.567623138427734,77.432373046875,342.5169677734375,507.8999938964844,449.72998046875,59.597999572753906,0.8854695558547974,26.089990615844727,5.550000190734863,=NA(),=NA(),1.0244208574295044,1.4163999557495117,0.34380000829696655,0.08399999886751175,=NA(),20,1013.25,-3.831620216369629,11.97824764251709,551.2349853515625,507.82501220703125,43.40999984741211,48.818748474121094,3217.550048828125,2960.06005859375,2965.063232421875,36.991764068603516,5.009668827056885,4.996382236480713,43.82992172241211,5.300107002258301,0.01755756326019764,0,0.0009388750186190009,0,257.489990234375,-5.003173828125
1,13,0,1,Day,,20.512117385864258,69.48788452148438,300.8970031738281,804.9000244140625,367.78033447265625,466.7099914550781,0.45692673325538635,26.529993057250977,5.640100002288818,=NA(),=NA(),1.067470908164978,1.4163999557495117,0.34380000829696655,0.08399999886751175,=NA(),20,1013.25,-17.798404693603516,10.365799903869629,892.885009765625,834.530029296875,58.35499954223633,63.488121032714844,5390.83984375,4715.1201171875,4718.291015625,35.2829704284668,8.357949256896973,8.328778266906738,42.92210388183594,8.846474647521973,0.029575999826192856,0,0.0012649375712499022,0,675.7197265625,-3.1708984375
1,14,0,1,Day,,31.932600021362305,58.06740188598633,282.92413330078125,922.8900146484375,272.56201171875,766.2899780273438,0.2953353226184845,26.839990615844727,5.810100078582764,=NA(),=NA(),1.177829384803772,1.4163999557495117,0.34380000829696655,0.08399999886751175,=NA(),20,1013.25,-31.276439666748047,6.79394006729126,1111.1300048828125,1054.52001953125,56.61000061035156,72.96813201904297,6763.72021484375,5715.259765625,5725.77294921875,33.969547271728516,10.534751892089844,10.51141357421875,42.168296813964844,11.195457458496094,0.03751600161194801,0,0.0012514374684542418,0,1048.46044921875,-10.51318359375
1,15,0,1,Day,,44.0893440246582,45.9106559753418,272.2108154296875,416.5,363.56744384765625,73.69599914550781,0.8729110360145569,26.100000381469727,6.050099849700928,=NA(),=NA(),1.3910812139511108,1.4163999557495117,0.34380000829696655,0.08399999886751175,=NA(),20,1013.25,-44.06802749633789,1.538048267364502,478.7650146484375,425.0150146484375,53.75,45.865623474121094,2769,2572.33984375,2575.4833984375,37.29470443725586,4.3162102699279785,4.178016662597656,43.9364128112793,4.565938949584961,0.014844062738120556,0,0.001118562533520162,0,196.66015625,-3.1435546875
1,16,0,1,Day,,56.340110778808594,33.659889221191406,263.91644287109375,276.20001220703125,260.90460205078125,27.59600067138672,0.9446219801902771,25.2499942779541,6.370100021362305,=NA(),=NA(),1.80067777633667,1.4163999557495117,0.34380000829696655,0.08399999886751175,=NA(),20,1013.25,-56.190670013427734,5.060678482055664,305.70501708984375,251.78500366210938,53.91999816894531,37.99687957763672,1707.3699951171875,1627.719970703125,1619.739013671875,38.21847152709961,2.648564100265503,2.501199960708618,44.099666595458984,2.826195001602173,0.008835062384605408,0,0.0011308749672025442,0,79.6500244140625,7.98095703125
1,17,0,1,Day,,68.41110229492188,21.588897705078125,256.3764953613281,290.29998779296875,239.70762634277344,137.5,0.8257238864898682,24.7700138092041,6.450099945068359,=NA(),=NA(),2.7022476196289062,1.4163999557495117,0.34380000829696655,0.08399999886751175,=NA(),20,1013.25,-44.31134033203125,26.547985076904297,453.93499755859375,422.30999755859375,31.625,43.45812225341797,2622.260009765625,2456.320068359375,2459.2109375,37.57623291015625,4.0904436111450195,3.997419595718384,44.1546516418457,4.325239181518555,0.014440062455832958,0,0.000694187474437058,0,165.93994140625,-2.890869140625
1,18,0,1,Day,,80.07120513916016,9.928792953491211,248.7711639404297,31.099000930786133,31.02996253967285,0.4004000127315521,0.9977800250053406,22.20000648498535,6.360099792480469,=NA(),=NA(),5.624644756317139,1.4163999557495117,0.34380000829696655,0.08399999886751175,=NA(),20,1013.25,-16.025686264038086,65.21566009521484,33.5,30.239999771118164,3.259999990463257,23.600610733032227,169.79000854492188,170.19000244140625,170.1649932861328,36.713294982910156,0.28968486189842224,0.284828245639801,42.11947250366211,0.3138788342475891,0.001035124994814396,0,0.0000688125001033768,0,-0.399993896484375,0.0250091552734375
1,19,0,1,Night,Sun above horizon but GHI below 1,87.911376953125,2.0886242389678955,242.9502716064453,0,0,0,0,20.469995498657227,6.409999847412109,=NA(),0,18.97605323791504,1.4163999557495117,0.34380000829696655,0.08399999886751175,=NA(),20,1013.25,0,0,0,0,0,20.469995498657227,0,0,0,0,0,0,0,0,0,0,0,0,0,0
1,20,0,1,Night,,101.48411560058594,-11.484113693237305,231.11636352539062,0,0,0,0,19.42998695373535,6.570000171661377,=NA(),0,64.81599426269531,1.4163999557495117,0.34380000829696655,0.08399999886751175,=NA(),20,1013.25,0,0,0,0,0,19.42998695373535,0,0,0,0,0,0,0,0,0,0,0,0,0,0
1,21,0,1,Night,,110.23611450195312,-20.23611068725586,220.0354461669922,0,0,0,0,18.600000381469727,6.590000152587891,=NA(),0,64.81599426269531,1.4163999557495117,0.34380000829696655,0.08399999886751175,=NA(),20,1013.25,0,0,0,0,0,18.600000381469727,0,0,0,0,0,0,0,0,0,0,0,0,0,0
1,22,0,1,Night,,117.01480865478516,-27.01480484008789,206.90818786621094,0,0,0,0,18.240015029907227,6.559999942779541,=NA(),0,64.81599426269531,1.4163999557495117,0.34380000829696655,0.08399999886751175,=NA(),20,1013.25,0,0,0,0,0,18.240015029907227,0,0,0,0,0,0,0,0,0,0,0,0,0,0
1,23,0,1,Night,,121.09977722167969,-31.099775314331055,191.8164825439453,0,0,0,0,17.899988174438477,6.389900207519531,=NA(),0,64.81599426269531,1.4163999557495117,0.34380000829696655,0.08399999886751175,=NA(),20,1013.25,0,0,0,0,0,17.899988174438477,0,0,0,0,0,0,0,0,0,0,0,0,0,0
2,0,0,1,Night,,121.90554809570312,-31.905546188354492,175.646240234375,0,0,0,0,17.110010147094727,6.04010009765625,=NA(),0,64.81599426269531,1.4163999557495117,0.34380000829696655,0.08399999886751175,=NA(),20,1013.25,0,0,0,0,0,17.110010147094727,0,0,0,0,0,0,0,0,0,0,0,0,0,0
2,1,0,1,Night,,119.29903411865234,-29.299034118652344,159.8887176513672,0,0,0,0,16.43999671936035,5.979899883270264,=NA(),0,64.81599426269531,1.4163999557495117,0.34380000829696655,0.08399999886751175,=NA(),20,1013.25,0,0,0,0,0,16.43999671936035,0,0,0,0,0,0,0,0,0,0,0,0,0,0
2,2,0,1,Night,,113.68859100341797,-23.688589096069336,145.78916931152344,0,0,0,0,16.05999183654785,5.760000228881836,=NA(),0,64.81599426269531,1.4163999557495117,0.34380000829696655,0.08399999886751175,=NA(),20,1013.25,0,0,0,0,0,16.05999183654785,0,0,0,0,0,0,0,0,0,0,0,0,0,0
2,3,0,1,Night,,105.77066802978516,-15.770669937133789,133.7793731689453,0,0,0,0,15.999994277954102,5.599999904632568,=NA(),0,64.81599426269531,1.4163999557495117,0.34380000829696655,0.08399999886751175,=NA(),20,1013.25,0,0,0,0,0,15.999994277954102,0,0,0,0,0,0,0,0,0,0,0,0,0,0
2,4,0,1,Night,,96.19051361083984,-6.190512180328369,123.64643859863281,0,0,0,0,15.929986953735352,5.669899940490723,=NA(),0,64.81599426269531,1.4163999557495117,0.34380000829696655,0.08399999886751175,=NA(),20,1013.25,0,0,0,0,0,15.929986953735352,0,0,0,0,0,0,0,0,0,0,0,0,0,0
2,5,0,1,Day,,85.09115600585938,4.9088454246521,114.78970336914062,45.59400177001953,45.16639709472656,4.997099876403809,0.9906214475631714,16.8699893951416,6.110000133514404,=NA(),=NA(),10.464783668518066,1.4163999557495117,0.34380000829696655,0.08399999886751175,=NA(),20,1013.25,7.832766056060791,77.9923324584961,56.30000305175781,52.37000274658203,3.929999828338623,19.243738174438477,268.6300048828125,273.6600036621094,273.4688415527344,38.116432189941406,0.44841164350509644,0.44474777579307556,43.52183151245117,0.4816599190235138,0.001613624976016581,0,0.00008568749763071537,0,-5.029998779296875,0.191162109375
2,6,0,1,Day,,73.91883850097656,16.081165313720703,107.0710678100586,200.88999938964844,180.03421020507812,75.29199981689453,0.8961830139160156,18.969995498657227,6.149899959564209,=NA(),=NA(),3.5700714588165283,1.4163999557495117,0.34380000829696655,0.08399999886751175,=NA(),20,1013.25,27.802459716796875,47.66610336303711,302.0050048828125,285.0899963378906,16.915000915527344,31.303735733032227,1747.5899658203125,1705.6199951171875,1705.5030517578125,38.926055908203125,2.7383766174316406,2.680084705352783,45.04249572753906,2.8947596549987793,0.009817750193178654,0,0.00037437499850057065,0,41.969970703125,0.116943359375
2,7,0,1,Day,,62.00834655761719,27.991655349731445,99.56867980957031,276.7099914550781,252.3018035888672,52.005001068115234,0.9117914438247681,20.18999671936035,5.760000228881836,=NA(),=NA(),2.124052047729492,1.4163999557495117,0.34380000829696655,0.08399999886751175,=NA(),20,1013.25,60,8.603860855102539,359.7699890136719,308.739990234375,51.029998779296875,35.006248474121094,2052.919921875,1978.760009765625,1978.4439697265625,38.60978317260742,3.2024998664855957,3.0700197219848633,44.83129119873047,3.3909075260162354,0.010850749909877777,0,0.0010686875320971012,0,74.159912109375,0.3160400390625
2,8,0,1,Day,,49.815818786621094,40.184181213378906,91.740234375,554.2000122070312,347.0757751464844,321,0.6262644529342651,21.719995498657227,5.339900016784668,=NA(),=NA(),1.5478918552398682,1.4163999557495117,0.34380000829696655,0.08399999886751175,=NA(),20,1013.25,49.802791595458984,1.3294073343276978,748.905029296875,694.9649658203125,53.94000244140625,52.46062469482422,4510.7998046875,4102.35009765625,4107.6787109375,36.69279861450195,6.996908187866211,6.876550674438477,43.9973258972168,7.394116401672363,0.024663062766194344,0,0.0011540624545887113,0,408.44970703125,-5.32861328125
2,9,0,1,Day,,37.57521057128906,52.42478942871094,82.43656158447266,550.989990234375,408.9643859863281,179.1999969482422,0.7422356009483337,23.719995498657227,5.019899845123291,=NA(),=NA(),1.2610235214233398,1.4163999557495117,0.34380000829696655,0.08399999886751175,=NA(),20,1013.25,37.33351135253906,4.6037726402282715,643.655029296875,590.719970703125,52.939998626708984,50.198753356933594,3821.199951171875,3500.619873046875,3505.100830078125,36.928611755371094,5.932356357574463,5.824821472167969,43.97393035888672,6.270555019378662,0.020783187821507454,0,0.0011230625677853823,0,320.580078125,-4.48095703125
2,10,0,1,Day,,25.686857223510742,64.31314086914062,68.82567596435547,787.2999877929688,360.68304443359375,473.3999938964844,0.45812657475471497,24.219995498657227,4.71999979019165,=NA(),=NA(),1.1093443632125854,1.4163999557495117,0.34380000829696655,0.08399999886751175,=NA(),20,1013.25,24.156789779663086,9.0076265335083,896.4149780273438,840.97998046875,55.44000244140625,61.191246032714844,5413.7099609375,4775.330078125,4783.0322265625,35.5503044128418,8.408918380737305,8.372772216796875,43.22705078125,8.902142524719238,0.029767312109470367,0,0.0012048125499859452,0,638.3798828125,-7.7021484375
2,11,0,1,Day,,15.486871719360352,74.51313018798828,41.330108642578125,678.5900268554688,457.43243408203125,229.49000549316406,0.6740924715995789,25.70000648498535,4.429999828338623,=NA(),=NA(),1.037518858909607,1.4163999557495117,0.34380000829696655,0.08399999886751175,=NA(),20,1013.25,10.369336128234863,11.566672325134277,737.5599975585938,682.52001953125,55.03499984741211,56.173118591308594,4390.02978515625,3939.47998046875,3943.317626953125,36.1955451965332,6.809061050415039,6.770226955413818,43.46332931518555,7.199833869934082,0.023945562541484833,0,0.0011853750329464674,0,450.5498046875,-3.837646484375
2,12,0,1,Day,,12.623250961303711,77.37674713134766,343.0977783203125,784,407.91583251953125,385.3999938964844,0.5203008055686951,27.33001136779785,4.199999809265137,=NA(),=NA(),1.0246425867080688,1.4163999557495117,0.34380000829696655,0.08399999886751175,=NA(),20,1013.25,-3.725379705429077,12.069546699523926,845.1099853515625,785.010009765625,60.095001220703125,62.33061981201172,5043.56005859375,4428.740234375,4435.44921875,35.388938903808594,7.833397388458252,7.817088603973389,42.938568115234375,8.298321723937988,0.02753743715584278,0,0.0013164374977350235,0,614.81982421875,-6.708984375
2,13,0,1,Day,,20.486875534057617,69.51312255859375,301.2857971191406,871.5,312.91455078125,596.2999877929688,0.359052836894989,28.490015029907227,3.839900016784668,=NA(),=NA(),1.0672954320907593,1.4163999557495117,0.34380000829696655,0.08399999886751175,=NA(),20,1013.25,-17.707977294921875,10.471929550170898,968.7049560546875,907.469970703125,61.23500061035156,68.7037582397461,5863.58984375,5032.02978515625,5036.53125,34.58418273925781,9.101941108703613,9.087362289428711,42.420528411865234,9.64743709564209,0.03222750127315521,0,0.00132981245405972,0,831.56005859375,-4.50146484375
2,14,0,1,Day,,31.883384704589844,58.116615295410156,283.1692810058594,949.5,275.97412109375,793.2000122070312,0.2906520366668701,28.95000648498535,3.369999885559082,=NA(),=NA(),1.1772010326385498,1.4163999557495117,0.34380000829696655,0.08399999886751175,=NA(),20,1013.25,-31.20261573791504,6.911579608917236,1142.635009765625,1084.419921875,58.220001220703125,76.4906234741211,6953.39990234375,5797.14013671875,5808.8046875,33.49309539794922,10.839554786682129,10.816507339477539,41.77497100830078,11.538664817810059,0.038585562258958817,0,0.0012870625359937549,0,1156.259765625,-11.66455078125
2,15,0,1,Day,,44.03445816040039,45.96554183959961,272.3940734863281,438.7099914550781,371.7740478515625,93.10600280761719,0.8474255204200745,28.800012588500977,2.819999933242798,=NA(),=NA(),1.389796257019043,1.4163999557495117,0.34380000829696655,0.08399999886751175,=NA(),20,1013.25,-44.009456634521484,1.663841724395752,508.7900085449219,453.69500732421875,55.09000015258789,49.834373474121094,2954.300048828125,2706.7900390625,2711.062255859375,36.78962326049805,4.605823993682861,4.466804027557373,43.53449630737305,4.876184940338135,0.01586112566292286,0,0.0011478749802336097,0,247.510009765625,-4.272216796875
2,16,0,1,Day,,56.28676223754883,33.71323776245117,264.0704650878906,177.8000030517578,175.7450408935547,3.702399969100952,0.9884423017501831,29.230005264282227,2.3199000358581543,=NA(),=NA(),1.7981784343719482,1.4163999557495117,0.34380000829696655,0.08399999886751175,=NA(),20,1013.25,-56.14470291137695,4.929618835449219,180.55499267578125,141.989990234375,38.56500244140625,36.85375213623047,965.760009765625,922.8699951171875,913.69580078125,37.82007598876953,1.5096039772033691,1.3994596004486084,43.236148834228516,1.6274067163467407,0.004942812491208315,0,0.0008062500273808837,0,42.8900146484375,9.1741943359375
2,17,0,1,Day,,68.36343383789062,21.63656997680664,256.516845703125,128.91000366210938,127.65399932861328,3.406399965286255,0.9902567267417908,28.100000381469727,2.759999990463257,=NA(),=NA(),2.696658134460449,1.4163999557495117,0.34380000829696655,0.08399999886751175,=NA(),20,1013.25,-44.4830207824707,26.305892944335938,140.989990234375,119.26000213623047,21.735000610351562,34.00499725341797,758.7100219726562,732.1699829101562,728.6697998046875,37.684810638427734,1.2083052396774292,1.1411011219024658,43.20611572265625,1.29475998878479,0.004100937396287918,0,0.0004591874894686043,0,26.5400390625,3.50018310546875
2,18,0,1,Day,,80.03363037109375,9.966371536254883,248.90684509277344,52.801998138427734,52.62833786010742,1.0033999681472778,0.9967110753059387,26.800012588500977,3.5399999618530273,=NA(),=NA(),5.604936122894287,1.4163999557495117,0.34380000829696655,0.08399999886751175,=NA(),20,1013.25,-16.076892852783203,65.11649322509766,59.25499725341797,53.904998779296875,5.349999904632568,29.26751136779785,311.75,305.7799987792969,305.99798583984375,36.78056716918945,0.5199711322784424,0.5121434926986694,42.33216857910156,0.5569832921028137,0.0018420000560581684,0,0.00011306250235065818,0,5.970001220703125,-0.217987060546875
2,19,0,1,Night,Sun above horizon but GHI below 1,87.9003677368164,2.099630355834961,243.07464599609375,0,0,0,0,23.93999671936035,4.220099925994873,=NA(),0,18.91997718811035,1.4163999557495117,0.34380000829696655,0.08399999886751175,=NA(),20,1013.25,0,0,0,0,0,23.93999671936035,0,0,0,0,0,0,0,0,0,0,0,0,0,0
2,20,0,1,Night,,101.47348022460938,-11.473477363586426,231.25848388671875,0,0,0,0,23.600000381469727,4.220099925994873,=NA(),0,64.81599426269531,1.4163999557495117,0.34380000829696655,0.08399999886751175,=NA(),20,1013.25,0,0,0,0,0,23.600000381469727,0,0,0,0,0,0,0,0,0,0,0,0,0,0
2,21,0,1,Night,,110.247802734375,-20.247806549072266,220.18385314941406,0,0,0,0,22.43999671936035,4.159900188446045,=NA(),0,64.81599426269531,1.4163999557495117,0.34380000829696655,0.08399999886751175,=NA(),20,1013.25,0,0,0,0,0,22.43999671936035,0,0,0,0,0,0,0,0,0,0,0,0,0,0
2,22,0,1,Night,,117.0536880493164,-27.053691864013672,207.05897521972656,0,0,0,0,21.4999942779541,4.199999809265137,=NA(),0,64.81599426269531,1.4163999557495117,0.34380000829696655,0.08399999886751175,=NA(),20,1013.25,0,0,0,0,0,21.4999942779541,0,0,0,0,0,0,0,0,0,0,0,0,0,0
2,23,0,1,Night,,121.16874694824219,-31.168745040893555,191.958740234375,0,0,0,0,20.8799991607666,4.960000038146973,=NA(),0,64.81599426269531,1.4163999557495117,0.34380000829696655,0.08399999886751175,=NA(),20,1013.25,0,0,0,0,0,20.8799991607666,0,0,0,0,0,0,0,0,0,0,0,0,0,0
3,0,0,1,Night,,122.00282287597656,-32.00282287597656,175.7649383544922,0,0,0,0,20.70000648498535,5.070000171661377,=NA(),0,64.81599426269531,1.4163999557495117,0.34380000829696655,0.08399999886751175,=NA(),20,1013.25,0,0,0,0,0,20.70000648498535,0,0,0,0,0,0,0,0,0,0,0,0,0,0
3,1,0,1,Night,,119.41783905029297,-29.417837142944336,159.97369384765625,0,0,0,0,20.550012588500977,5.440000057220459,=NA(),0,64.81599426269531,1.4163999557495117,0.34380000829696655,0.08399999886751175,=NA(),20,1013.25,0,0,0,0,0,20.550012588500977,0,0,0,0,0,0,0,0,0,0,0,0,0,0
3,2,0,1,Night,,113.8204116821289,-23.820409774780273,145.84046936035156,0,0,0,0,20.20000648498535,5.760000228881836,=NA(),0,64.81599426269531,1.4163999557495117,0.34380000829696655,0.08399999886751175,=NA(),20,1013.25,0,0,0,0,0,20.20000648498535,0,0,0,0,0,0,0,0,0,0,0,0,0,0
3,3,0,1,Night,,105.9084243774414,-15.908425331115723,133.80340576171875,0,0,0,0,19.7499942779541,5.570099830627441,=NA(),0,64.81599426269531,1.4163999557495117,0.34380000829696655,0.08399999886751175,=NA(),20,1013.25,0,0,0,0,0,19.7499942779541,0,0,0,0,0,0,0,0,0,0,0,0,0,0
3,4,0,1,Night,,96.3349609375,-6.334959983825684,123.65023803710938,0,0,0,0,19.70000648498535,5.369999885559082,=NA(),0,64.81599426269531,1.4163999557495117,0.34380000829696655,0.08399999886751175,=NA(),20,1013.25,0,0,0,0,0,19.70000648498535,0,0,0,0,0,0,0,0,0,0,0,0,0,0
3,5,0,1,Day,,85.15458679199219,4.845412254333496,114.72132110595703,10.998000144958496,10.989950180053711,0.09529999643564224,0.9992680549621582,19.9999942779541,5.360000133514404,=NA(),=NA(),10.576285362243652,1.4163999557495117,0.34380000829696655,0.08399999886751175,=NA(),20,1013.25,7.724793434143066,78.14936828613281,11.994999885559082,10.930000305175781,1.0699999332427979,20.510644912719727,55.09000015258789,55.91999816894531,55.85640335083008,35.37302780151367,0.09869168698787689,0.09775220602750778,40.688751220703125,0.11154874414205551,0.0003697499923873693,0,0.00002300000051036477,0,-0.8299980163574219,0.06359481811523438
3,6,0,1,Day,,74.05786895751953,15.942131996154785,107.04776000976562,107.91000366210938,106.75308227539062,4.212100028991699,0.9892788529396057,18.980005264282227,5.300000190734863,=NA(),=NA(),3.599616050720215,1.4163999557495117,0.34380000829696655,0.08399999886751175,=NA(),20,1013.25,27.472225189208984,48.1041145324707,125.31500244140625,112.94499969482422,12.364999771118164,24.1662540435791,682.3400268554688,682.3200073242188,679.1482543945312,38.957298278808594,1.0895686149597168,1.051074504852295,44.39102554321289,1.1648143529891968,0.003850374836474657,0,0.0002691249828785658,0,0.02001953125,3.1717529296875
3,7,0,1,Day,,62.146514892578125,27.853487014770508,99.53465270996094,207.11000061035156,201.07875061035156,12.909000396728516,0.9708790183067322,21.1199893951416,4.859899997711182,=NA(),=NA(),2.1336586475372314,1.4163999557495117,0.34380000829696655,0.08399999886751175,=NA(),20,1013.25,60,8.613645553588867,228.36000061035156,182.05999755859375,46.30000305175781,30.6612491607666,1238.0999755859375,1210.3099365234375,1202.363525390625,38.92341613769531,1.9302301406860352,1.8118864297866821,44.52149200439453,2.0667436122894287,0.006333187688142061,0,0.0009702499955892563,0,27.7900390625,7.9464111328125
3,8,0,1,Day,,49.953250885009766,40.046749114990234,91.69596862792969,162.1999969482422,160.5299530029297,2.595599889755249,0.9897037744522095,21.469995498657227,4.25,=NA(),=NA(),1.552287220954895,1.4163999557495117,0.34380000829696655,0.08399999886751175,=NA(),20,1013.25,49.940887451171875,1.2982168197631836,162.47500610351562,130.6999969482422,31.774999618530273,28.290002822875977,863.75,851.0999755859375,843.5912475585938,38.83597183227539,1.3572834730148315,1.2540804147720337,44.22087097167969,1.4578906297683716,0.00450112484395504,0,0.0006629374693147838,0,12.6500244140625,7.50872802734375
3,9,0,1,Day,,37.7132453918457,52.2867546081543,82.38421630859375,206.6999969482422,204.0111083984375,3.3989999294281006,0.9869913458824158,22.20000648498535,3.940000057220459,=NA(),=NA(),1.2633631229400635,1.4163999557495117,0.34380000829696655,0.08399999886751175,=NA(),20,1013.25,37.46786880493164,4.650046348571777,212.8000030517578,182.47999572753906,30.31999969482422,31.0462589263916,1170.5,1142.6700439453125,1138.6356201171875,38.66727066040039,1.8403576612472534,1.746762990951538,44.372840881347656,1.959714651107788,0.006290624849498272,0,0.0006272500031627715,0,27.8299560546875,4.034423828125
3,10,0,1,Day,,25.827608108520508,64.17239379882812,68.78392028808594,735.2000122070312,395.9489440917969,376.8999938964844,0.5385594964027405,23.43999671936035,3.859999895095825,=NA(),=NA(),1.1106574535369873,1.4163999557495117,0.34380000829696655,0.08399999886751175,=NA(),20,1013.25,24.2852840423584,9.071166038513184,830.6900024414062,775.1900024414062,55.5,57.641258239746094,4990.89013671875,4457.7998046875,4466.158203125,36.00138854980469,7.7534613609313965,7.707042217254639,43.52433395385742,8.205613136291504,0.027354437857866287,0,0.0011981874704360962,0,533.09033203125,-8.3583984375
3,11,0,1,Day,,15.625630378723145,74.3743667602539,41.444862365722656,891.4000244140625,309.905517578125,603.8099975585938,0.347661554813385,26.67998695373535,4.2399001121521,=NA(),=NA(),1.0382171869277954,1.4163999557495117,0.34380000829696655,0.08399999886751175,=NA(),20,1013.25,10.488128662109375,11.648284912109375,969.52001953125,904.5400390625,64.9749984741211,67.54125213623047,5756.60986328125,4961.3798828125,4899.4326171875,35.36750030517578,8.658254623413086,8.550224304199219,42.531532287597656,9.23050594329834,0.03152387589216232,0,0.0014189374633133411,0,795.22998046875,61.947265625
3,12,0,1,Day,,12.687676429748535,77.31232452392578,343.6768493652344,319,312.1740417480469,6.996799945831299,0.9786019921302795,28.459985733032227,4.479899883270264,=NA(),=NA(),1.0249007940292358,1.4163999557495117,0.34380000829696655,0.08399999886751175,=NA(),20,1013.25,-3.6205570697784424,12.168254852294922,347.94500732421875,318.6400146484375,29.309999465942383,42.85124969482422,1983.6300048828125,1860.0400390625,1860.593017578125,37.424713134765625,3.107229232788086,3.0936625003814697,43.72331237792969,3.2920570373535156,0.010899562388658524,0,0.0006282500107772648,0,123.5899658203125,-0.552978515625
3,13,0,1,Day,,20.46823501586914,69.53176879882812,301.68951416015625,711.9000244140625,429.62225341796875,301.29998779296875,0.6034867763519287,27.420007705688477,4.570000171661377,=NA(),=NA(),1.0671659708023071,1.4163999557495117,0.34380000829696655,0.08399999886751175,=NA(),20,1013.25,-17.62003517150879,10.585155487060547,785.3699951171875,730.2000122070312,55.16999816894531,59.863121032714844,4707.72021484375,4169.8798828125,4175.67919921875,35.70699691772461,7.3089399337768555,7.277312278747559,43.121337890625,7.738288879394531,0.02574756182730198,0,0.0011904999846592546,0,537.84033203125,-5.79931640625
3,14,0,1,Day,,31.839391708374023,58.16061019897461,283.4263000488281,585.7100219726562,427.7823486328125,185.89999389648438,0.7303653955459595,30.040002822875977,4.690100193023682,=NA(),=NA(),1.1766406297683716,1.4163999557495117,0.34380000829696655,0.08399999886751175,=NA(),20,1013.25,-31.132261276245117,7.035932540893555,665.780029296875,613.594970703125,52.18000030517578,57.55937957763672,3962.669921875,3536.110107421875,3539.72119140625,35.9589958190918,6.152438163757324,6.060370445251465,43.083316802978516,6.515324115753174,0.021592937409877777,0,0.001114062499254942,0,426.559814453125,-3.611083984375
3,15,0,1,Day,,43.98427200317383,46.01572799682617,272.5864562988281,685.7999877929688,332.72637939453125,490.70001220703125,0.4851653277873993,29.80999183654785,4.670000076293945,=NA(),=NA(),1.3886243104934692,1.4163999557495117,0.34380000829696655,0.08399999886751175,=NA(),20,1013.25,-43.9550895690918,1.7958769798278809,905.260009765625,854.02001953125,51.23999786376953,67.23436737060547,5468.35986328125,4717.0400390625,4727.455078125,34.72550964355469,8.508668899536133,8.429227828979492,42.46751403808594,9.038664817810059,0.03018643707036972,0,0.0010988749563694,0,751.31982421875,-10.4150390625
3,16,0,1,Day,,56.237850189208984,33.762149810791016,264.2320251464844,247.19000244140625,238.52590942382812,15.59000015258789,0.9649496674537659,29.42998695373535,4.319900035858154,=NA(),=NA(),1.7958945035934448,1.4163999557495117,0.34380000829696655,0.08399999886751175,=NA(),20,1013.25,-56.103355407714844,4.7927165031433105,265.9000244140625,215.9250030517578,49.974998474121094,40.57500457763672,1466.8299560546875,1384.8599853515625,1377.4530029296875,37.67941665649414,2.284442663192749,2.149399518966675,43.477943420410156,2.4436750411987305,0.007555562537163496,0,0.0010473125148564577,0,81.969970703125,7.406982421875
3,17,0,1,Day,,68.32050323486328,21.67949676513672,256.6636657714844,228.1999969482422,209.3221893310547,51.10200119018555,0.9172751903533936,30.300012588500977,2.780100107192993,=NA(),=NA(),2.691645383834839,1.4163999557495117,0.34380000829696655,0.08399999886751175,=NA(),20,1013.25,-44.631439208984375,26.086158752441406,322.05499267578125,292.625,29.43000030517578,43.63060760498047,1828.3900146484375,1709,1710.54736328125,37.19347381591797,2.8744215965270996,2.7904932498931885,43.46915817260742,3.045590400695801,0.010015187785029411,0,0.0006350000039674342,0,119.3900146484375,-1.54736328125
3,18,0,1,Day,,80.0005874633789,9.99941349029541,249.04823303222656,60.4010009765625,60.12361526489258,1.597499966621399,0.9954075813293457,29.2700138092041,2.0701000690460205,=NA(),=NA(),5.587718486785889,1.4163999557495117,0.34380000829696655,0.08399999886751175,=NA(),20,1013.25,-16.119380950927734,65.02925109863281,69.32499694824219,63.314998626708984,6.010000228881836,32.154991149902344,368.25,357.3399963378906,357.7470703125,36.590885162353516,0.611057460308075,0.6026545763015747,42.20725631713867,0.6531045436859131,0.0021626874804496765,0,0.00012706250709015876,0,10.910003662109375,-0.407073974609375
3,19,0,1,Night,Sun above horizon but GHI below 1,87.8869857788086,2.113016128540039,243.20899963378906,0,0,0,0,25.4999942779541,1.7300000190734863,=NA(),0,18.852182388305664,1.4163999557495117,0.34380000829696655,0.08399999886751175,=NA(),20,1013.25,0,0,0,0,0,25.4999942779541,0,0,0,0,0,0,0,0,0,0,0,0,0,0
3,20,0,1,Night,,101.46998596191406,-11.469989776611328,231.405029296875,0,0,0,0,23.45000648498535,1.1399999856948853,=NA(),0,64.81599426269531,1.4163999557495117,0.34380000829696655,0.08399999886751175,=NA(),20,1013.25,0,0,0,0,0,23.45000648498535,0,0,0,0,0,0,0,0,0,0,0,0,0,0
3,21,0,1,Night,,110.26676940917969,-20.266767501831055,220.3358154296875,0,0,0,0,22.209985733032227,0.5,=NA(),0,64.81599426269531,1.4163999557495117,0.34380000829696655,0.08399999886751175,=NA(),20,1013.25,0,0,0,0,0,22.209985733032227,0,0,0,0,0,0,0,0,0,0,0,0,0,0
3,22,0,1,Night,,117.10020446777344,-27.100202560424805,207.21206665039062,0,0,0,0,20.399988174438477,0.6100000143051147,=NA(),0,64.81599426269531,1.4163999557495117,0.34380000829696655,0.08399999886751175,=NA(),20,1013.25,0,0,0,0,0,20.399988174438477,0,0,0,0,0,0,0,0,0,0,0,0,0,0
3,23,0,1,Night,,121.24551391601562,-31.245515823364258,192.10145568847656,0,0,0,0,19.860010147094727,1.2099000215530396,=NA(),0,64.81599426269531,1.4163999557495117,0.34380000829696655,0.08399999886751175,=NA(),20,1013.25,0,0,0,0,0,19.860010147094727,0,0,0,0,0,0,0,0,0,0,0,0,0,0
4,0,0,1,Night,,122.10780334472656,-32.10780334472656,175.88186645507812,0,0,0,0,19.3900089263916,1.5499999523162842,=NA(),0,64.81599426269531,1.4163999557495117,0.34380000829696655,0.08399999886751175,=NA(),20,1013.25,0,0,0,0,0,19.3900089263916,0,0,0,0,0,0,0,0,0,0,0,0,0,0
4,1,0,1,Night,,119.54388427734375,-29.543886184692383,160.05494689941406,0,0,0,0,19.3699893951416,1.2898999452590942,=NA(),0,64.81599426269531,1.4163999557495117,0.34380000829696655,0.08399999886751175,=NA(),20,1013.25,0,0,0,0,0,19.3699893951416,0,0,0,0,0,0,0,0,0,0,0,0,0,0
4,2,0,1,Night,,113.95882415771484,-23.958824157714844,145.88665771484375,0,0,0,0,18.4999942779541,1.090000033378601,=NA(),0,64.81599426269531,1.4163999557495117,0.34380000829696655,0.08399999886751175,=NA(),20,1013.25,0,0,0,0,0,18.4999942779541,0,0,0,0,0,0,0,0,0,0,0,0,0,0
4,3,0,1,Night,,106.05210876464844,-16.052104949951172,133.82151794433594,0,0,0,0,18.300012588500977,1.3200000524520874,=NA(),0,64.81599426269531,1.4163999557495117,0.34380000829696655,0.08399999886751175,=NA(),20,1013.25,0,0,0,0,0,18.300012588500977,0,0,0,0,0,0,0,0,0,0,0,0,0,0
4,4,0,1,Night,,96.4840087890625,-6.484012126922607,123.64765167236328,0,0,0,0,18.4999942779541,1.750100016593933,=NA(),0,64.81599426269531,1.4163999557495117,0.34380000829696655,0.08399999886751175,=NA(),20,1013.25,0,0,0,0,0,18.4999942779541,0,0,0,0,0,0,0,0,0,0,0,0,0,0
4,5,0,1,Day,,85.2251968383789,4.774801254272461,114.65055847167969,32.095001220703125,32.011962890625,0.9976000189781189,0.9974127411842346,19.3699893951416,3.039900064468384,=NA(),=NA(),10.70306396484375,1.4163999557495117,0.34380000829696655,0.08399999886751175,=NA(),20,1013.25,7.605196952819824,78.32410430908203,36.95000076293945,33.98999786376953,2.9600000381469727,20.925012588500977,179.8699951171875,182.14999389648438,182.07394409179688,37.22444534301758,0.30570319294929504,0.30330246686935425,42.607666015625,0.3308100998401642,0.0011009374866262078,0,0.00006456249684561044,0,-2.279998779296875,0.0760498046875
4,6,0,1,Day,,74.20044708251953,15.799554824829102,107.01719665527344,191.7899932861328,173.85020446777344,65.88899993896484,0.9064612984657288,22.360010147094727,2.7701001167297363,=NA(),=NA(),3.630439281463623,1.4163999557495117,0.34380000829696655,0.08399999886751175,=NA(),20,1013.25,27.13597869873047,48.550479888916016,284.9949951171875,268.7250061035156,16.270000457763672,34.031883239746094,1642.1300048828125,1587.489990234375,1587.8614501953125,38.453407287597656,2.5808236598968506,2.5281498432159424,44.56602096557617,2.729808807373047,0.009234249591827393,0,0.0003609374980442226,0,54.6400146484375,-0.3714599609375
4,7,0,1,Day,,62.28729248046875,27.712705612182617,99.49264526367188,125.38999938964844,124.3707275390625,2.191800117492676,0.991871178150177,22.740015029907227,2.9000000953674316,=NA(),=NA(),2.1435494422912598,1.4163999557495117,0.34380000829696655,0.08399999886751175,=NA(),20,1013.25,60,8.619706153869629,125.02000427246094,94.39500427246094,30.625,28.031885147094727,644.02001953125,635.02001953125,626.5671997070312,38.569175720214844,1.0149919986724854,0.9346198439598083,43.74897003173828,1.1009440422058105,0.0032556874211877584,0,0.0006428125197999179,0,9,8.45281982421875
4,8,0,1,Day,,50.093040466308594,39.906959533691406,91.64249420166016,56.70899963378906,56.51211166381836,0.3068999946117401,0.9965280890464783,21.08001136779785,3.7699999809265137,=NA(),=NA(),1.5567927360534668,1.4163999557495117,0.34380000829696655,0.08399999886751175,=NA(),20,1013.25,50.081451416015625,1.2598638534545898,54.94000244140625,43.290000915527344,11.65999984741211,23.4112491607666,273.3500061035156,274.1499938964844,271.2386779785156,37.85618591308594,0.44763731956481934,0.41126886010169983,42.94453430175781,0.48890402913093567,0.0014839374925941229,0,0.00024306250270456076,0,-0.79998779296875,2.91131591796875
4,9,0,1,Day,,37.85368347167969,52.14631652832031,82.3205337524414,47.19599914550781,47.043846130371094,0.19269999861717224,0.9967761635780334,18.58001136779785,3.859999895095825,=NA(),=NA(),1.265759825706482,1.4163999557495117,0.34380000829696655,0.08399999886751175,=NA(),20,1013.25,37.60385513305664,4.703666687011719,47.540000915527344,40.22999954223633,7.315000057220459,20.578760147094727,240.77000427246094,244.10000610351562,242.9486541748047,37.93363952636719,0.4002266824245453,0.37753838300704956,43.14374923706055,0.43415355682373047,0.001381249981932342,0,0.00015087499923538417,0,-3.3300018310546875,1.1513519287109375
4,10,0,1,Day,,25.97141456604004,64.0285873413086,68.72689056396484,42.29199981689453,42.208839416503906,0.0925000011920929,0.9980336427688599,17.8799991607666,3.309999942779541,=NA(),=NA(),1.1120091676712036,1.4163999557495117,0.34380000829696655,0.08399999886751175,=NA(),20,1013.25,24.4144344329834,9.142149925231934,44.41999816894531,39.404998779296875,5.014999866485596,19.730005264282227,228,231.91000366210938,231.89886474609375,37.77357864379883,0.38368213176727295,0.37261784076690674,43.17753219604492,0.4129897356033325,0.0013510624412447214,0,0.00010474999726284295,0,-3.910003662109375,0.011138916015625
4,11,0,1,Day,,15.769588470458984,74.23041534423828,41.53776550292969,86.69499969482422,86.22171020507812,0.4918000102043152,0.9945407509803772,17.300012588500977,3.100100040435791,=NA(),=NA(),1.0389490127563477,1.4163999557495117,0.34380000829696655,0.08399999886751175,=NA(),20,1013.25,10.606488227844238,11.73729133605957,94.1199951171875,85.55999755859375,8.555000305175781,21.2343692779541,511.760009765625,517.2000122070312,501.9128112792969,39.667152404785156,0.7908658981323242,0.7711619734764099,44.31477737426758,0.8702154159545898,0.002953562419861555,0,0.00017637500423006713,0,-5.44000244140625,15.287200927734375
4,12,0,1,Day,,12.760751724243164,77.23925018310547,344.2528076171875,463.69000244140625,426.5359191894531,38.095001220703125,0.9198729991912842,18.2700138092041,2.460099935531616,=NA(),=NA(),1.0251952409744263,1.4163999557495117,0.34380000829696655,0.08399999886751175,=NA(),20,1013.25,-3.5171823501586914,12.27420425415039,503.55999755859375,463.57000732421875,39.97999954223633,38.917503356933594,2929.60009765625,2788.8701171875,2791.511962890625,38.31122970581055,4.5540056228637695,4.54263162612915,44.9566650390625,4.807372570037842,0.01600606180727482,0,0.0008631874807178974,0,140.72998046875,-2.641845703125
4,13,0,1,Day,,20.456256866455078,69.54373931884766,302.10760498046875,696.7999877929688,436.7993469238281,277.5,0.6268647313117981,19.80999183654785,1.7100000381469727,=NA(),=NA(),1.0670830011367798,1.4163999557495117,0.34380000829696655,0.08399999886751175,=NA(),20,1013.25,-17.534591674804688,10.705382347106934,768.2149658203125,713.9000244140625,54.314998626708984,51.334373474121094,4601.009765625,4201.56005859375,4208.044921875,36.841094970703125,7.138853073120117,7.107959270477295,44.181396484375,7.541150093078613,0.025159187614917755,0,0.001171312527731061,0,399.44970703125,-6.48486328125
4,14,0,1,Day,,31.800479888916016,58.199520111083984,283.6949462890625,659.2000122070312,407.9815368652344,295.5899963378906,0.6189039945602417,21.9999942779541,1.7000000476837158,=NA(),=NA(),1.1761460304260254,1.4163999557495117,0.34380000829696655,0.08399999886751175,=NA(),20,1013.25,-31.065189361572266,7.166879177093506,764.655029296875,712.4849853515625,52.16999816894531,53.42375946044922,4597.490234375,4167.35986328125,4172.0576171875,36.57615661621094,7.129100322723389,7.055878162384033,43.9093017578125,7.535031795501709,0.02518606185913086,0,0.001124250004068017,0,430.13037109375,-4.69775390625
4,15,0,1,Day,,43.93862533569336,46.06137466430664,272.7878723144531,569.6099853515625,375.3962707519531,269.7099914550781,0.6590408682823181,23.860010147094727,2.150099992752075,=NA(),=NA(),1.3875612020492554,1.4163999557495117,0.34380000829696655,0.08399999886751175,=NA(),20,1013.25,-43.90472412109375,1.9340685606002808,707.81005859375,651.469970703125,56.34000015258789,52.94310760498047,4210.0400390625,3821.10009765625,3829.59521484375,36.565834045410156,6.54587984085083,6.427131652832031,43.80207443237305,6.927761077880859,0.022921374067664146,0,0.001187874935567379,0,388.93994140625,-8.4951171875
4,16,0,1,Day,,56.193363189697266,33.806636810302734,264.40093994140625,477.30999755859375,323.2450866699219,276.8999938964844,0.6772225499153137,24.550012588500977,2.3701000213623047,=NA(),=NA(),1.7938231229782104,1.4163999557495117,0.34380000829696655,0.08399999886751175,=NA(),20,1013.25,-56.06657028198242,4.650073528289795,677.885009765625,621.125,56.76000213623047,52.370628356933594,4076.580078125,3706.8798828125,3713.152587890625,36.650001525878906,6.3323516845703125,6.1955461502075195,43.81438064575195,6.698145389556885,0.022136999294161797,0,0.0012151874834671617,0,369.7001953125,-6.272705078125
4,17,0,1,Day,,68.28154754638672,21.718454360961914,256.8168029785156,404.19000244140625,279.5992126464844,336.69000244140625,0.6917518973350525,24.80999183654785,1.9801000356674194,=NA(),=NA(),2.6871132850646973,1.4163999557495117,0.34380000829696655,0.08399999886751175,=NA(),20,1013.25,-44.759918212890625,25.885297775268555,713.3049926757812,679.155029296875,34.154998779296875,54.23686981201172,4179.98974609375,3776.18994140625,3784.147216796875,36.39206314086914,6.499061584472656,6.394893646240234,43.619964599609375,6.8802971839904785,0.023167062550783157,0,0.0007719374843873084,0,403.7998046875,-7.957275390625
4,18,0,1,Day,,79.97069549560547,10.029303550720215,249.19515991210938,88.80400085449219,87.02677917480469,10.204999923706055,0.9799871444702148,24.43999671936035,1.2700999975204468,=NA(),=NA(),5.572234630584717,1.4163999557495117,0.34380000829696655,0.08399999886751175,=NA(),20,1013.25,-16.155649185180664,64.95028686523438,111.2550048828125,103.13499450683594,8.109999656677246,29.023767471313477,607.4100341796875,596.7899780273438,597.7908935546875,37.7804069519043,0.9889221787452698,0.977918267250061,43.51655578613281,1.0497184991836548,0.003513812553137541,0,0.00017231250240001827,0,10.62005615234375,-1.00091552734375
4,19,0,1,Night,Sun above horizon but GHI below 1,87.8716812133789,2.1283159255981445,243.3507843017578,0,0,0,0,22.5100040435791,0.460099995136261,=NA(),0,18.77521514892578,1.4163999557495117,0.34380000829696655,0.08399999886751175,=NA(),20,1013.25,0,0,0,0,0,22.5100040435791,0,0,0,0,0,0,0,0,0,0,0,0,0,0
4,20,0,1,Night,,101.47314453125,-11.473146438598633,231.55589294433594,0,0,0,0,21.300012588500977,1.0700000524520874,=NA(),0,64.81599426269531,1.4163999557495117,0.34380000829696655,0.08399999886751175,=NA(),20,1013.25,0,0,0,0,0,21.300012588500977,0,0,0,0,0,0,0,0,0,0,0,0,0,0
4,21,0,1,Night,,110.29254150390625,-20.292539596557617,220.49130249023438,0,0,0,0,21.100000381469727,1.5801000595092773,=NA(),0,64.81599426269531,1.4163999557495117,0.34380000829696655,0.08399999886751175,=NA(),20,1013.25,0,0,0,0,0,21.100000381469727,0,0,0,0,0,0,0,0,0,0,0,0,0,0
4,22,0,1,Night,,117.15372467041016,-27.15372657775879,207.3673553466797,0,0,0,0,20.70000648498535,1.7401000261306763,=NA(),0,64.81599426269531,1.4163999557495117,0.34380000829696655,0.08399999886751175,=NA(),20,1013.25,0,0,0,0,0,20.70000648498535,0,0,0,0,0,0,0,0,0,0,0,0,0,0
4,23,0,1,Night,,121.32948303222656,-31.329484939575195,192.24456787109375,0,0,0,0,20.8799991607666,1.6200000047683716,=NA(),0,64.81599426269531,1.4163999557495117,0.34380000829696655,0.08399999886751175,=NA(),20,1013.25,0,0,0,0,0,20.8799991607666,0,0,0,0,0,0,0,0,0,0,0,0,0,0
5,0,0,1,Night,,122.2198715209961,-32.21987533569336,175.99700927734375,0,0,0,0,19.839990615844727,1.399999976158142,=NA(),0,64.81599426269531,1.4163999557495117,0.34380000829696655,0.08399999886751175,=NA(),20,1013.25,0,0,0,0,0,19.839990615844727,0,0,0,0,0,0,0,0,0,0,0,0,0,0
5,1,0,1,Night,,119.67652130126953,-29.676523208618164,160.13235473632812,0,0,0,0,18.70000648498535,1.1399999856948853,=NA(),0,64.81599426269531,1.4163999557495117,0.34380000829696655,0.08399999886751175,=NA(),20,1013.25,0,0,0,0,0,18.70000648498535,0,0,0,0,0,0,0,0,0,0,0,0,0,0
5,2,0,1,Night,,114.10295104980469,-24.10295295715332,145.9276580810547,0,0,0,0,17.399988174438477,0.9401000142097473,=NA(),0,64.81599426269531,1.4163999557495117,0.34380000829696655,0.08399999886751175,=NA(),20,1013.25,0,0,0,0,0,17.399988174438477,0,0,0,0,0,0,0,0,0,0,0,0,0,0
5,3,0,1,Night,,106.2004623413086,-16.200458526611328,133.8336639404297,0,0,0,0,17.8799991607666,0.8701000213623047,=NA(),0,64.81599426269531,1.4163999557495117,0.34380000829696655,0.08399999886751175,=NA(),20,1013.25,0,0,0,0,0,17.8799991607666,0,0,0,0,0,0,0,0,0,0,0,0,0,0
5,4,0,1,Night,,96.63689422607422,-6.636891841888428,123.6386489868164,0,0,0,0,16.339990615844727,1.0800000429153442,=NA(),0,64.81599426269531,1.4163999557495117,0.34380000829696655,0.08399999886751175,=NA(),20,1013.25,0,0,0,0,0,16.339990615844727,0,0,0,0,0,0,0,0,0,0,0,0,0,0
5,5,0,1,Day,,85.2912368774414,4.708765029907227,114.56832122802734,51.20000076293945,50.33829116821289,10.496999740600586,0.9831697344779968,15.860010147094727,1.5399999618530273,=NA(),=NA(),10.824235916137695,1.4163999557495117,0.34380000829696655,0.08399999886751175,=NA(),20,1013.25,7.492610454559326,78.48744201660156,65.05500030517578,60.834999084472656,4.225000381469727,18.608118057250977,304.44000244140625,310.8299865722656,311.07379150390625,38.343482971191406,0.5070515871047974,0.5040163397789001,43.821128845214844,0.5422560572624207,0.0018207499524578452,0,0.00009237499762093648,0,-6.389984130859375,-0.243804931640625
5,6,0,1,Day,,74.344482421875,15.65551471710205,106.97941589355469,278.989990234375,218.49166870117188,224.19000244140625,0.7831523418426514,18.7700138092041,2.4798998832702637,=NA(),=NA(),3.662135362625122,1.4163999557495117,0.34380000829696655,0.08399999886751175,=NA(),20,1013.25,26.798675537109375,48.9986686706543,474.44500732421875,456.2550048828125,18.19499969482422,38.11937713623047,2799.06005859375,2671.489990234375,2674.57470703125,38.37779235839844,4.355681419372559,4.303086757659912,44.978240966796875,4.598418235778809,0.01571900025010109,0,0.00041231251088902354,0,127.570068359375,-3.084716796875
5,7,0,1,Day,,62.43020248413086,27.56979751586914,99.44268798828125,491,304.89654541015625,402.1000061035156,0.6209705471992493,21.30999183654785,3.7799999713897705,=NA(),=NA(),2.153696298599243,1.4163999557495117,0.34380000829696655,0.08399999886751175,=NA(),20,1013.25,60,8.62210464477539,814.2449951171875,756.6849975585938,57.55999755859375,54.707481384277344,4903.7197265625,4425.7998046875,4435.6689453125,36.378990173339844,7.6208014488220215,7.4811930656433105,43.868648529052734,8.067237854003906,0.026802750304341316,0,0.0012526250211521983,0,477.919921875,-9.869140625
5,8,0,1,Day,,50.23529815673828,39.76470184326172,91.57987213134766,714.010009765625,332.4606018066406,596.510009765625,0.4656245708465576,23.4999942779541,4.639999866485596,=NA(),=NA(),1.561414122581482,1.4163999557495117,0.34380000829696655,0.08399999886751175,=NA(),20,1013.25,50.22459030151367,1.2143503427505493,1019.8050537109375,963.9400024414062,55.875,65.58687591552734,6207.830078125,5391.18017578125,5401.3623046875,34.95610809326172,9.657520294189453,9.555246353149414,42.937538146972656,10.241600036621094,0.03433062508702278,0,0.0012128750095143914,0,816.64990234375,-10.18212890625
5,9,0,1,Day,,37.996917724609375,52.003082275390625,82.24562072753906,804.010009765625,304.7054138183594,633.5999755859375,0.3789821267127991,24.07000160217285,4.800000190734863,=NA(),=NA(),1.2682214975357056,1.4163999557495117,0.34380000829696655,0.08399999886751175,=NA(),20,1013.25,37.741851806640625,4.764673709869385,1013.3250122070312,961.5250244140625,51.79499816894531,65.93248748779297,6167.2998046875,5348.990234375,5357.83837890625,34.919334411621094,9.589685440063477,9.537885665893555,42.87994384765625,10.16733169555664,0.03417100012302399,0,0.0011379375355318189,0,818.3095703125,-8.84814453125
5,10,0,1,Day,,26.11869239807129,63.881309509277344,68.65480041503906,1081.5,270.6209716796875,903.0999755859375,0.2502274215221405,25.909997940063477,4.650000095367432,=NA(),=NA(),1.1134040355682373,1.4163999557495117,0.34380000829696655,0.08399999886751175,=NA(),20,1013.25,24.544620513916016,9.220732688903809,1246.294921875,1176.97509765625,69.31999969482422,77.86437225341797,7540.33984375,6254.93994140625,6267.93701171875,33.279075622558594,11.771543502807617,11.759164810180664,41.771507263183594,12.540632247924805,0.04178793728351593,0,0.0015205624513328075,0,1285.39990234375,-12.9970703125
5,11,0,1,Day,,15.919078826904297,74.08092498779297,41.60913848876953,792.5,392.8382568359375,415.6000061035156,0.49569496512413025,26.170007705688477,4.629899978637695,=NA(),=NA(),1.0397170782089233,1.4163999557495117,0.34380000829696655,0.08399999886751175,=NA(),20,1013.25,10.724640846252441,11.833984375,862.2550048828125,802.760009765625,59.49500274658203,62.355003356933594,5116.7197265625,4492.8798828125,4440.6826171875,36.013954162597656,7.706614971160889,7.618686676025391,42.9630126953125,8.215518951416016,0.02798362448811531,0,0.0012890625512227416,0,623.83984375,52.197265625
5,12,0,1,Day,,12.842830657958984,77.15716552734375,344.8240966796875,775.3099975585938,413.3863830566406,371.2099914550781,0.53318852186203,27.490015029907227,4.739999771118164,=NA(),=NA(),1.0255283117294312,1.4163999557495117,0.34380000829696655,0.08399999886751175,=NA(),20,1013.25,-3.415449380874634,12.387711524963379,835.6400146484375,776.1300048828125,59.51000213623047,62.144371032714844,4983.27001953125,4378.5302734375,4382.2109375,35.43777847290039,7.7287068367004395,7.707013130187988,42.93855285644531,8.178411483764648,0.02720506303012371,0,0.0013046249514445662,0,604.73974609375,-3.6806640625
5,13,0,1,Day,,20.45154571533203,69.54845428466797,302.5394592285156,983.7000122070312,235.7184600830078,798.2999877929688,0.23962433636188507,28.589990615844727,4.900000095367432,=NA(),=NA(),1.0670503377914429,1.4163999557495117,0.34380000829696655,0.08399999886751175,=NA(),20,1013.25,-17.452125549316406,10.832795143127441,1094.85498046875,1027.830078125,67.02999877929688,74.13375091552734,6635.64013671875,5581.580078125,5590.66064453125,33.82740783691406,10.329384803771973,10.305492401123047,41.978790283203125,10.9766845703125,0.03656550124287605,0,0.00145731249358505,0,1054.06005859375,-9.08056640625
5,14,0,1,Day,,31.767559051513672,58.23244094848633,283.9749755859375,959.4000244140625,278.4820861816406,800.9000244140625,0.29026690125465393,28.4999942779541,4.869900226593018,=NA(),=NA(),1.17572820186615,1.4163999557495117,0.34380000829696655,0.08399999886751175,=NA(),20,1013.25,-31.002241134643555,7.304504871368408,1152.669921875,1093.64990234375,59.01499938964844,76.5525131225586,7017.56005859375,5849.47998046875,5857.328125,33.50634002685547,10.925783157348633,10.894157409667969,41.786598205566406,11.610260963439941,0.038945313543081284,0,0.001301625045016408,0,1168.080078125,-7.84814453125
5,15,0,1,Day,,43.89851760864258,46.10148239135742,272.9981689453125,746.8099975585938,314.9657287597656,599.3099975585938,0.4217481315135956,28.30999183654785,4.730000019073486,=NA(),=NA(),1.3866291046142578,1.4163999557495117,0.34380000829696655,0.08399999886751175,=NA(),20,1013.25,-43.85930633544922,2.078394889831543,997.1649780273438,945.344970703125,51.81999969482422,69.5537338256836,6039.58984375,5167.240234375,5179.44091796875,34.41701126098633,9.405707359313965,9.339071273803711,42.371883392333984,10.001846313476562,0.0334538109600544,0,0.0011178749846294522,0,872.349609375,-12.20068359375
5,16,0,1,Day,,56.15447998046875,33.84552001953125,264.5771484375,354.3999938964844,305.8367919921875,87.19400024414062,0.8629706501960754,28.420007705688477,4.520100116729736,=NA(),=NA(),1.7920175790786743,1.4163999557495117,0.34380000829696655,0.08399999886751175,=NA(),20,1013.25,-56.035491943359375,4.501808166503906,446.70001220703125,390.9849853515625,55.71500015258789,46.871238708496094,2601.43994140625,2407.300048828125,2409.14794921875,37.12923812866211,4.055432319641113,3.910471200942993,43.6872673034668,4.2964935302734375,0.013838125392794609,0,0.0011780000058934093,0,194.139892578125,-1.847900390625
5,17,0,1,Day,,68.24869537353516,21.751306533813477,256.9761962890625,300.70001220703125,243.85325622558594,153.39999389648438,0.8109519481658936,27.399988174438477,3.640000104904175,=NA(),=NA(),2.6833043098449707,1.4163999557495117,0.34380000829696655,0.08399999886751175,=NA(),20,1013.25,-44.85768508911133,25.71482276916504,475.8900146484375,443.4700012207031,32.41999816894531,47.011253356933594,2750.409912109375,2544.68994140625,2549.7578125,37.0966911315918,4.295884609222412,4.200112819671631,43.77322769165039,4.546442031860352,0.015145374462008476,0,0.0007118750363588333,0,205.719970703125,-5.06787109375
5,18,0,1,Day,,79.94791412353516,10.052083015441895,249.3476104736328,86.4990005493164,84.94599914550781,8.897500038146973,0.9820460081100464,25.969995498657227,2.75,=NA(),=NA(),5.56049108505249,1.4163999557495117,0.34380000829696655,0.08399999886751175,=NA(),20,1013.25,-16.178651809692383,64.89007568359375,107.5250015258789,99.55500030517578,7.970000267028809,30.4062442779541,586.22998046875,573.030029296875,574.0050659179688,37.527252197265625,0.9559786319732666,0.9451189041137695,43.260746002197266,1.0154887437820435,0.0033941250294446945,0,0.00016899999172892421,0,13.199951171875,-0.97503662109375
5,19,0,1,Night,Sun above horizon but GHI below 1,87.86465454101562,2.1353487968444824,243.4976348876953,0,0,0,0,22.730005264282227,2.8399999141693115,=NA(),0,18.740039825439453,1.4163999557495117,0.34380000829696655,0.08399999886751175,=NA(),20,1013.25,0,0,0,0,0,22.730005264282227,0,0,0,0,0,0,0,0,0,0,0,0,0,0
5,20,0,1,Night,,101.48200225830078,-11.482006072998047,231.7110595703125,0,0,0,0,21.100000381469727,2.860100030899048,=NA(),0,64.81599426269531,1.4163999557495117,0.34380000829696655,0.08399999886751175,=NA(),20,1013.25,0,0,0,0,0,21.100000381469727,0,0,0,0,0,0,0,0,0,0,0,0,0,0
5,21,0,1,Night,,110.32493591308594,-20.324935913085938,220.65017700195312,0,0,0,0,20.4999942779541,2.5199999809265137,=NA(),0,64.81599426269531,1.4163999557495117,0.34380000829696655,0.08399999886751175,=NA(),20,1013.25,0,0,0,0,0,20.4999942779541,0,0,0,0,0,0,0,0,0,0,0,0,0,0
5,22,0,1,Night,,117.21451568603516,-27.21451759338379,207.52481079101562,0,0,0,0,19.899988174438477,1.820099949836731,=NA(),0,64.81599426269531,1.4163999557495117,0.34380000829696655,0.08399999886751175,=NA(),20,1013.25,0,0,0,0,0,19.899988174438477,0,0,0,0,0,0,0,0,0,0,0,0,0,0
5,23,0,1,Night,,121.42118835449219,-31.421184539794922,192.38795471191406,0,0,0,0,17.8799991607666,1.309999942779541,=NA(),0,64.81599426269531,1.4163999557495117,0.34380000829696655,0.08399999886751175,=NA(),20,1013.25,0,0,0,0,0,17.8799991607666,0,0,0,0,0,0,0,0,0,0,0,0,0,0
6,0,0,1,Night,,122.33941650390625,-32.33941650390625,176.1102752685547,0,0,0,0,16.990015029907227,1,=NA(),0,64.81599426269531,1.4163999557495117,0.34380000829696655,0.08399999886751175,=NA(),20,1013.25,0,0,0,0,0,16.990015029907227,0,0,0,0,0,0,0,0,0,0,0,0,0,0
6,1,0,1,Night,,119.8160171508789,-29.816017150878906,160.20591735839844,0,0,0,0,15.480005264282227,0.6700000166893005,=NA(),0,64.81599426269531,1.4163999557495117,0.34380000829696655,0.08399999886751175,=NA(),20,1013.25,0,0,0,0,0,15.480005264282227,0,0,0,0,0,0,0,0,0,0,0,0,0,0
6,2,0,1,Night,,114.25286865234375,-24.25286865234375,145.96340942382812,0,0,0,0,15.730005264282227,0.3801000118255615,=NA(),0,64.81599426269531,1.4163999557495117,0.34380000829696655,0.08399999886751175,=NA(),20,1013.25,0,0,0,0,0,15.730005264282227,0,0,0,0,0,0,0,0,0,0,0,0,0,0
6,3,0,1,Night,,106.35392761230469,-16.353931427001953,133.8397674560547,0,0,0,0,15.700006484985352,0.2498999983072281,=NA(),0,64.81599426269531,1.4163999557495117,0.34380000829696655,0.08399999886751175,=NA(),20,1013.25,0,0,0,0,0,15.700006484985352,0,0,0,0,0,0,0,0,0,0,0,0,0,0
6,4,0,1,Night,,96.79277038574219,-6.792773246765137,123.62318420410156,0,0,0,0,16.3799991607666,0.5400999784469604,=NA(),0,64.81599426269531,1.4163999557495117,0.34380000829696655,0.08399999886751175,=NA(),20,1013.25,0,0,0,0,0,16.3799991607666,0,0,0,0,0,0,0,0,0,0,0,0,0,0
6,5,0,1,Day,,85.3661117553711,4.633889198303223,114.48141479492188,89,83.02973937988281,73.9000015258789,0.9329184293746948,17.1299991607666,1.5801000595092773,=NA(),=NA(),10.96475887298584,1.4163999557495117,0.34380000829696655,0.08399999886751175,=NA(),20,1013.25,7.365663051605225,78.67256164550781,139.78500366210938,134.63999938964844,5.145000457763672,23.154993057250977,581.8300170898438,583.9199829101562,585.1295166015625,38.55839920043945,0.9484465718269348,0.9446844458580017,44.26231384277344,1.0063979625701904,0.003429125063121319,0,0.00011343749793013558,0,-2.0899658203125,-1.20953369140625
6,6,0,1,Day,,74.49220275878906,15.507798194885254,106.93441009521484,280.29998779296875,219.31298828125,228.10000610351562,0.7824224233627319,20.18999671936035,2.2899999618530273,=NA(),=NA(),3.6952357292175293,1.4163999557495117,0.34380000829696655,0.08399999886751175,=NA(),20,1013.25,26.455394744873047,49.455467224121094,477.9649963378906,459.9049987792969,18.059999465942383,39.70311737060547,2818.31005859375,2675.369873046875,2678.8994140625,38.15647888183594,4.3880295753479,4.337327480316162,44.78257369995117,4.633995056152344,0.015829874202609062,0,0.00041018749470822513,0,142.940185546875,-3.529541015625
6,7,0,1,Day,,62.5756950378418,27.424304962158203,99.38481903076172,436.5,293.9976806640625,309.3999938964844,0.6735342144966125,21.990015029907227,2.490000009536743,=NA(),=NA(),2.1641387939453125,1.4163999557495117,0.34380000829696655,0.08399999886751175,=NA(),20,1013.25,60,8.621208190917969,700.0549926757812,643.844970703125,56.20500183105469,50.691246032714844,4182.02001953125,3825.949951171875,3834.245361328125,36.87028884887695,6.499755382537842,6.358362197875977,44.081573486328125,6.875471115112305,0.02273743785917759,0,0.0012129375245422125,0,356.070068359375,-8.29541015625
6,8,0,1,Day,,50.379600524902344,39.620399475097656,91.5081558227539,737.0999755859375,344.5966796875,615.5,0.46750330924987793,23.540002822875977,2.0299999713897705,=NA(),=NA(),1.566139817237854,1.4163999557495117,0.34380000829696655,0.08399999886751175,=NA(),20,1013.25,50.36985397338867,1.1616573333740234,1053.054931640625,994.8150024414062,58.23999786376953,67.03499603271484,6406.08984375,5534.2099609375,5545.49560546875,34.754825592041016,9.972664833068848,9.866504669189453,42.815956115722656,10.584423065185547,0.03542637452483177,0,0.0012645624810829759,0,871.8798828125,-11.28564453125
6,9,0,1,Day,,38.14228820800781,51.85771179199219,82.15958404541016,483.8900146484375,401.08160400390625,105.29000091552734,0.8288693428039551,24.909997940063477,1.4700000286102295,=NA(),=NA(),1.270737886428833,1.4163999557495117,0.34380000829696655,0.08399999886751175,=NA(),20,1013.25,37.881187438964844,4.833003044128418,548.1799926757812,494.635009765625,53.55000305175781,47.48186492919922,3210.510009765625,2967.419921875,2972.4189453125,37.17534255981445,4.997444152832031,4.871298789978027,44.000892639160156,5.284258842468262,0.017329750582575798,0,0.0011263125343248248,0,243.090087890625,-4.9990234375
6,10,0,1,Day,,26.268749237060547,63.73125076293945,68.56788635253906,207.80999755859375,205.11183166503906,3.0088999271392822,0.9870162010192871,24.670007705688477,1.0398999452590942,=NA(),=NA(),1.114836573600769,1.4163999557495117,0.34380000829696655,0.08399999886751175,=NA(),20,1013.25,24.675172805786133,9.306680679321289,219.78500366210938,195.92498779296875,23.860000610351562,33.73937225341797,1227.0799560546875,1186.68994140625,1187.6412353515625,38.1168327331543,1.94733726978302,1.8988049030303955,44.09029006958008,2.0629067420959473,0.006741187535226345,0,0.0004986874992027879,0,40.3900146484375,-0.9512939453125
6,11,0,1,Day,,16.07354736328125,73.92645263671875,41.659332275390625,607.1900024414062,468.0506591796875,144.8000030517578,0.7708470821380615,24.350000381469727,1.1399999856948853,=NA(),=NA(),1.0405192375183105,1.4163999557495117,0.34380000829696655,0.08399999886751175,=NA(),20,1013.25,10.84218978881836,11.938003540039062,660.2099609375,609.9949951171875,50.21500015258789,51.85186004638672,3885.5400390625,3539.080078125,3504.150146484375,37.259517669677734,5.878109931945801,5.793904781341553,43.78949737548828,6.269234657287598,0.021202750504016876,0,0.0010681250132620335,0,346.4599609375,34.929931640625
6,12,0,1,Day,,12.933500289916992,77.06649780273438,345.38934326171875,835.4000244140625,366.0179748535156,481.6000061035156,0.43813496828079224,25.459985733032227,1.839900016784668,=NA(),=NA(),1.0258989334106445,1.4163999557495117,0.34380000829696655,0.08399999886751175,=NA(),20,1013.25,-3.3153305053710938,12.508366584777832,898.675048828125,836.4849853515625,62.19000244140625,62.623130798339844,5412,4748.81005859375,4756.16748046875,35.36259078979492,8.406071662902832,8.387187957763672,43.04194641113281,8.90389347076416,0.029602624475955963,0,0.0013597500510513783,0,663.18994140625,-7.357421875
6,13,0,1,Day,,20.45363426208496,69.5463638305664,302.98443603515625,523.6099853515625,447.9930114746094,80.70500183105469,0.8555853366851807,23.899988174438477,2.3099000453948975,=NA(),=NA(),1.0670647621154785,1.4163999557495117,0.34380000829696655,0.08399999886751175,=NA(),20,1013.25,-17.37218475341797,10.967028617858887,570.324951171875,523.2750244140625,47.05000305175781,47.347496032714844,3346.08984375,3094.7099609375,3100.950439453125,37.20977783203125,5.208583354949951,5.1599578857421875,44.09602737426758,5.508079528808594,0.01821531169116497,0,0.0010061875218525529,0,251.3798828125,-6.240478515625
6,14,0,1,Day,,31.73985481262207,58.26014709472656,284.2661437988281,264.5,259.9937438964844,5.298699855804443,0.9829630851745605,22.58001136779785,2.5599000453948975,=NA(),=NA(),1.1753772497177124,1.4163999557495117,0.34380000829696655,0.08399999886751175,=NA(),20,1013.25,-30.94260597229004,7.448561191558838,277.3949890136719,244.13999938964844,33.255001068115234,34.040000915527344,1557.570068359375,1505.47998046875,1504.76171875,38.42680358886719,2.447418689727783,2.3630542755126953,44.47111511230469,2.591263771057129,0.008422312326729298,0,0.0006946250214241445,0,52.090087890625,0.71826171875
6,15,0,1,Day,,43.86309051513672,46.13690948486328,273.2172546386719,487.6000061035156,382.3271484375,146.00999450683594,0.7840999960899353,24.70000648498535,2.819999933242798,=NA(),=NA(),1.3858073949813843,1.4163999557495117,0.34380000829696655,0.08399999886751175,=NA(),20,1013.25,-43.817935943603516,2.22873592376709,588.1600341796875,534.5150146484375,53.64500045776367,48.865013122558594,3464.169921875,3187.110107421875,3194.4482421875,37.014617919921875,5.394046306610107,5.272106170654297,43.962337493896484,5.706267356872559,0.018763188272714615,0,0.0011251249816268682,0,277.059814453125,-7.338134765625
6,16,0,1,Day,,56.119991302490234,33.880008697509766,264.7605285644531,232.6999969482422,226.34556579589844,11.39900016784668,0.972692608833313,24.659997940063477,3.049999952316284,=NA(),=NA(),1.7904198169708252,1.4163999557495117,0.34380000829696655,0.08399999886751175,=NA(),20,1013.25,-56.008880615234375,4.347951412200928,246.85501098632812,199.10501098632812,47.75,34.987510681152344,1353.3499755859375,1303.179931640625,1294.4903564453125,38.432579040527344,2.10476016998291,1.9767638444900513,44.09048080444336,2.2547707557678223,0.006958687677979469,0,0.0009999375324696302,0,50.1700439453125,8.6895751953125
6,17,0,1,Day,,68.22024536132812,21.779754638671875,257.1416931152344,358.29998779296875,260.56439208984375,263.4100036621094,0.7272241115570068,24.6299991607666,2.569999933242798,=NA(),=NA(),2.6800155639648438,1.4163999557495117,0.34380000829696655,0.08399999886751175,=NA(),20,1013.25,-44.93273162841797,25.566387176513672,612.9549560546875,580.10498046875,32.85000228881836,49.851890563964844,3576.080078125,3279.10986328125,3287.048828125,36.89384841918945,5.568541526794434,5.470098495483398,43.89347839355469,5.892676830291748,0.019785812124609947,0,0.0007352500106208026,0,296.97021484375,-7.93896484375
6,18,0,1,Day,,79.9291763305664,10.070826530456543,249.50546264648438,21.898000717163086,21.863080978393555,0.1996999979019165,0.9984053373336792,22.920007705688477,2.5999999046325684,=NA(),=NA(),5.550865173339844,1.4163999557495117,0.34380000829696655,0.08399999886751175,=NA(),20,1013.25,-16.193920135498047,64.84051513671875,23.564998626708984,21.260000228881836,2.3000001907348633,23.909387588500977,116.33000183105469,116.48999786376953,116.55638122558594,36.02244567871094,0.20222733914852142,0.19904112815856934,41.43510055541992,0.22092735767364502,0.0007283124723471701,0,0.000048624999180901796,0,-0.15999603271484375,-0.06638336181640625
6,19,0,1,Night,Sun above horizon but GHI below 1,87.86414337158203,2.1358540058135986,243.6471405029297,0,0,0,0,21.240015029907227,3.8901000022888184,=NA(),0,18.73751449584961,1.4163999557495117,0.34380000829696655,0.08399999886751175,=NA(),20,1013.25,0,0,0,0,0,21.240015029907227,0,0,0,0,0,0,0,0,0,0,0,0,0,0
6,20,0,1,Night,,101.49734497070312,-11.497344017028809,231.87034606933594,0,0,0,0,19.68999671936035,5.449999809265137,=NA(),0,64.81599426269531,1.4163999557495117,0.34380000829696655,0.08399999886751175,=NA(),20,1013.25,0,0,0,0,0,19.68999671936035,0,0,0,0,0,0,0,0,0,0,0,0,0,0
6,21,0,1,Night,,110.3641128540039,-20.364112854003906,220.81239318847656,0,0,0,0,19.399988174438477,6.370100021362305,=NA(),0,64.81599426269531,1.4163999557495117,0.34380000829696655,0.08399999886751175,=NA(),20,1013.25,0,0,0,0,0,19.399988174438477,0,0,0,0,0,0,0,0,0,0,0,0,0,0
6,22,0,1,Night,,117.28247833251953,-27.2824764251709,207.684326171875,0,0,0,0,18.529993057250977,6.379899978637695,=NA(),0,64.81599426269531,1.4163999557495117,0.34380000829696655,0.08399999886751175,=NA(),20,1013.25,0,0,0,0,0,18.529993057250977,0,0,0,0,0,0,0,0,0,0,0,0,0,0
6,23,0,1,Night,,121.51996612548828,-31.51996612548828,192.5316162109375,0,0,0,0,17.70000648498535,6.219900131225586,=NA(),0,64.81599426269531,1.4163999557495117,0.34380000829696655,0.08399999886751175,=NA(),20,1013.25,0,0,0,0,0,17.70000648498535,0,0,0,0,0,0,0,0,0,0,0,0,0,0
7,0,0,1,Night,,122.46586608886719,-32.46586227416992,176.2215576171875,0,0,0,0,16.909997940063477,6,=NA(),0,64.81599426269531,1.4163999557495117,0.34380000829696655,0.08399999886751175,=NA(),20,1013.25,0,0,0,0,0,16.909997940063477,0,0,0,0,0,0,0,0,0,0,0,0,0,0
7,1,0,1,Night,,119.96157836914062,-29.96158218383789,160.27548217773438,0,0,0,0,16.839990615844727,5.589900016784668,=NA(),0,64.81599426269531,1.4163999557495117,0.34380000829696655,0.08399999886751175,=NA(),20,1013.25,0,0,0,0,0,16.839990615844727,0,0,0,0,0,0,0,0,0,0,0,0,0,0
7,2,0,1,Night,,114.40812683105469,-24.40812873840332,145.99380493164062,0,0,0,0,16.43999671936035,5.150000095367432,=NA(),0,64.81599426269531,1.4163999557495117,0.34380000829696655,0.08399999886751175,=NA(),20,1013.25,0,0,0,0,0,16.43999671936035,0,0,0,0,0,0,0,0,0,0,0,0,0,0
7,3,0,1,Night,,106.51175689697266,-16.511754989624023,133.83978271484375,0,0,0,0,15.300012588500977,4.859899997711182,=NA(),0,64.81599426269531,1.4163999557495117,0.34380000829696655,0.08399999886751175,=NA(),20,1013.25,0,0,0,0,0,15.300012588500977,0,0,0,0,0,0,0,0,0,0,0,0,0,0
7,4,0,1,Night,,96.95256042480469,-6.952559471130371,123.60124969482422,0,0,0,0,14.490015029907227,4.920100212097168,=NA(),0,64.81599426269531,1.4163999557495117,0.34380000829696655,0.08399999886751175,=NA(),20,1013.25,0,0,0,0,0,14.490015029907227,0,0,0,0,0,0,0,0,0,0,0,0,0,0
7,5,0,1,Day,,85.43276977539062,4.567231178283691,114.38066864013672,74.69999694824219,70.8381576538086,48.49800109863281,0.9483020305633545,14.869989395141602,5.480100154876709,=NA(),=NA(),11.092741966247559,1.4163999557495117,0.34380000829696655,0.08399999886751175,=NA(),20,1013.25,7.251572608947754,78.83724975585938,110.44500732421875,105.63500213623047,4.815000057220459,19.60186195373535,471.2799987792969,479.1199951171875,480.0924072265625,38.78245162963867,0.7736944556236267,0.7703889012336731,44.40642547607422,0.8217552304267883,0.002791562583297491,0,0.00010593749902909622,0,-7.839996337890625,-0.972412109375
7,6,0,1,Day,,74.64169311523438,15.358308792114258,106.88218688964844,278.6000061035156,218.37210083007812,227.39999389648438,0.7838194370269775,17.360010147094727,5.509900093078613,=NA(),=NA(),3.7293641567230225,1.4163999557495117,0.34380000829696655,0.08399999886751175,=NA(),20,1013.25,26.110614776611328,49.91493606567383,475.1199951171875,457.2749938964844,17.849998474121094,36.71001434326172,2798.669921875,2684.010009765625,2687.882080078125,38.557228088378906,4.356980800628662,4.307928562164307,45.16313171386719,4.597507476806641,0.015723437070846558,0,0.00040600000647827983,0,114.659912109375,-3.8720703125
7,7,0,1,Day,,62.72317123413086,27.276826858520508,99.31904602050781,508.6000061035156,313.9183654785156,424.79998779296875,0.6172205209732056,19.9999942779541,4.889999866485596,=NA(),=NA(),2.1748414039611816,1.4163999557495117,0.34380000829696655,0.08399999886751175,=NA(),20,1013.25,60,8.617046356201172,851.9299926757812,792.7550048828125,59.18000030517578,54.959373474121094,5117.85986328125,4615.72998046875,4626.22314453125,36.352298736572266,7.95402717590332,7.812502861022949,43.919227600097656,8.420251846313477,0.028011374175548553,0,0.0012671875301748514,0,502.1298828125,-10.4931640625
7,8,0,1,Day,,50.52589416503906,39.47410583496094,91.42741394042969,723.3099975585938,339.3929748535156,603.9000244140625,0.4692220091819763,21.70000648498535,4.099999904632568,=NA(),=NA(),1.5709701776504517,1.4163999557495117,0.34380000829696655,0.08399999886751175,=NA(),20,1013.25,50.51716613769531,1.1017937660217285,1035.3800048828125,978.155029296875,57.224998474121094,64.36373138427734,6299.8701171875,5496.2099609375,5508.01513671875,35.106422424316406,9.80605697631836,9.703225135803223,43.124305725097656,10.401464462280273,0.03483225032687187,0,0.0012435625540092587,0,803.66015625,-11.80517578125
7,9,0,1,Day,,38.2898063659668,51.7101936340332,82.06254577636719,901.7999877929688,310.78033447265625,753,0.34462225437164307,23.300012588500977,3.4800000190734863,=NA(),=NA(),1.2733099460601807,1.4163999557495117,0.34380000829696655,0.08399999886751175,=NA(),20,1013.25,38.021854400634766,4.9086456298828125,1142.18505859375,1085.0050048828125,57.18000030517578,70.60686492919922,6948.10986328125,5924.5498046875,5936.4580078125,34.26392364501953,10.828563690185547,10.776754379272461,42.526405334472656,11.5056791305542,0.03858337551355362,0,0.001258187461644411,0,1023.56005859375,-11.908203125
7,10,0,1,Day,,26.421785354614258,63.578216552734375,68.46637725830078,1026.800048828125,258.9617919921875,857.4000244140625,0.25220274925231934,24.290002822875977,3.049999952316284,=NA(),=NA(),1.1163091659545898,1.4163999557495117,0.34380000829696655,0.08399999886751175,=NA(),20,1013.25,24.806255340576172,9.400065422058105,1185.35498046875,1119.8399658203125,65.51499938964844,73.53560638427734,7178.66015625,6054.10986328125,6067.0986328125,33.864051818847656,11.197526931762695,11.182868957519531,42.22032165527344,11.912256240844727,0.039750125259160995,0,0.0014378749765455723,0,1124.55029296875,-12.98876953125
7,11,0,1,Day,,16.23310661315918,73.76689147949219,41.688743591308594,1136.4000244140625,225.32089233398438,948.9099731445312,0.19827604293823242,26.20000648498535,2.70989990234375,=NA(),=NA(),1.041357159614563,1.4163999557495117,0.34380000829696655,0.08399999886751175,=NA(),20,1013.25,10.959202766418457,12.049473762512207,1237.574951171875,1155.945068359375,81.6300048828125,78.79436492919922,7347.14013671875,6071.990234375,5991.20703125,33.86392593383789,11.057836532592773,10.886322975158691,41.5956916809082,11.769245147705078,0.04039681330323219,0,0.001780812512151897,0,1275.14990234375,80.783203125
7,12,0,1,Day,,13.032896995544434,76.96710205078125,345.9471130371094,419.6000061035156,397.09503173828125,23.100000381469727,0.9463656544685364,26.7499942779541,2.399899959564209,=NA(),=NA(),1.0263084173202515,1.4163999557495117,0.34380000829696655,0.08399999886751175,=NA(),20,1013.25,-3.2169575691223145,12.6362943649292,457.16998291015625,419.30499267578125,37.869998931884766,45.631248474121094,2629.219970703125,2444.10986328125,2447.555908203125,37.269989013671875,4.104434967041016,4.090632438659668,43.87250518798828,4.341974258422852,0.014350812882184982,0,0.0008226250065490603,0,185.110107421875,-3.446044921875
7,13,0,1,Day,,20.463071823120117,69.53692626953125,303.4417724609375,645.7000122070312,453.91705322265625,204.6999969482422,0.7029844522476196,26.469995498657227,2.109999895095825,=NA(),=NA(),1.067130208015442,1.4163999557495117,0.34380000829696655,0.08399999886751175,=NA(),20,1013.25,-17.29521942138672,11.108223915100098,708.405029296875,655.1700439453125,53.224998474121094,55.67375946044922,4213.10986328125,3786.719970703125,3794.087890625,36.208160400390625,6.549106597900391,6.510347366333008,43.44841384887695,6.9349751472473145,0.022982874885201454,0,0.0011434999760240316,0,426.389892578125,-7.367919921875
7,14,0,1,Day,,31.71824073791504,58.281761169433594,284.5682373046875,858.2899780273438,289.9833679199219,668.0900268554688,0.3378617763519287,26.58001136779785,1.9700000286102295,=NA(),=NA(),1.1751036643981934,1.4163999557495117,0.34380000829696655,0.08399999886751175,=NA(),20,1013.25,-30.8870792388916,7.599131107330322,1026.489990234375,972.0150146484375,54.474998474121094,69.07125091552734,6250.06005859375,5357.91015625,5367.78466796875,34.49696350097656,9.725099563598633,9.694391250610352,42.504150390625,10.321401596069336,0.034590188413858414,0,0.001197375007905066,0,892.14990234375,-9.87451171875
7,15,0,1,Day,,43.83315658569336,46.16684341430664,273.44488525390625,803.9099731445312,319.43768310546875,671.6099853515625,0.3973550498485565,26.550012588500977,2.0701000690460205,=NA(),=NA(),1.385114312171936,1.4163999557495117,0.34380000829696655,0.08399999886751175,=NA(),20,1013.25,-43.78138732910156,2.3850364685058594,1076.81005859375,1022.4449462890625,54.36499786376953,71.12749481201172,6524.47998046875,5550.9501953125,5564.2802734375,34.19910430908203,10.168936729431152,10.104256629943848,42.32904815673828,10.820298194885254,0.03620162606239319,0,0.001175687531940639,0,973.52978515625,-13.330078125
7,16,0,1,Day,,56.09103775024414,33.90896224975586,264.9509582519531,189,186.49017333984375,4.498899936676025,0.9867205023765564,26.529993057250977,2.5799999237060547,=NA(),=NA(),1.7890809774398804,1.4163999557495117,0.34380000829696655,0.08399999886751175,=NA(),20,1013.25,-55.98782730102539,4.188632488250732,193.39498901367188,152.9250030517578,40.474998474121094,34.66436004638672,1039.7900390625,1001.72998046875,993.309326171875,38.180606842041016,1.625585675239563,1.5156936645507812,43.66746520996094,1.7484924793243408,0.005325812380760908,0,0.0008464999846182764,0,38.06005859375,8.420654296875
7,17,0,1,Day,,68.19780731201172,21.802194595336914,257.313232421875,316.3999938964844,248.91600036621094,181.6999969482422,0.7867130637168884,28.110010147094727,3.1600000858306885,=NA(),=NA(),2.6774275302886963,1.4163999557495117,0.34380000829696655,0.08399999886751175,=NA(),20,1013.25,-44.97703170776367,25.44876480102539,518.5449829101562,486.6199951171875,31.924999237060547,49.475608825683594,3007.659912109375,2759.580078125,2766.222900390625,36.81989669799805,4.695630073547363,4.600819110870361,43.61586380004883,4.971979141235352,0.0166036244481802,0,0.0007067499682307243,0,248.079833984375,-6.642822265625
7,18,0,1,Day,,79.91765594482422,10.082342147827148,249.66860961914062,47.60599899291992,47.44679641723633,0.9093999862670898,0.9966558218002319,26.18999671936035,4.360000133514404,=NA(),=NA(),5.544967174530029,1.4163999557495117,0.34380000829696655,0.08399999886751175,=NA(),20,1013.25,-16.1958065032959,64.81005859375,52.540000915527344,47.63999938964844,4.899999618530273,28.379358291625977,274.5199890136719,270.1700134277344,270.37200927734375,36.714576721191406,0.460257351398468,0.45348837971687317,42.2419548034668,0.49398073554039,0.0016304999589920044,0,0.00010343750182073563,0,4.3499755859375,-0.201995849609375
7,19,0,1,Night,Sun above horizon but GHI below 1,87.86022186279297,2.1397783756256104,243.8108367919922,0,0,0,0,22.550012588500977,5.920000076293945,=NA(),0,18.717914581298828,1.4163999557495117,0.34380000829696655,0.08399999886751175,=NA(),20,1013.25,0,0,0,0,0,22.550012588500977,0,0,0,0,0,0,0,0,0,0,0,0,0,0
7,20,0,1,Night,,101.51788330078125,-11.5178804397583,232.0337371826172,0,0,0,0,22.55999183654785,6.840099811553955,=NA(),0,64.81599426269531,1.4163999557495117,0.34380000829696655,0.08399999886751175,=NA(),20,1013.25,0,0,0,0,0,22.55999183654785,0,0,0,0,0,0,0,0,0,0,0,0,0,0
7,21,0,1,Night,,110.4096450805664,-20.409643173217773,220.97784423828125,0,0,0,0,20.55999183654785,6.789999961853027,=NA(),0,64.81599426269531,1.4163999557495117,0.34380000829696655,0.08399999886751175,=NA(),20,1013.25,0,0,0,0,0,20.55999183654785,0,0,0,0,0,0,0,0,0,0,0,0,0,0
7,22,0,1,Night,,117.35743713378906,-27.357439041137695,207.84580993652344,0,0,0,0,18.2600040435791,6.699900150299072,=NA(),0,64.81599426269531,1.4163999557495117,0.34380000829696655,0.08399999886751175,=NA(),20,1013.25,0,0,0,0,0,18.2600040435791,0,0,0,0,0,0,0,0,0,0,0,0,0,0
7,23,0,1,Night,,121.62608337402344,-31.626083374023438,192.6754150390625,0,0,0,0,17.20000648498535,5.970099925994873,=NA(),0,64.81599426269531,1.4163999557495117,0.34380000829696655,0.08399999886751175,=NA(),20,1013.25,0,0,0,0,0,17.20000648498535,0,0,0,0,0,0,0,0,0,0,0,0,0,0
8,0,0,1,Night,,122.5994873046875,-32.5994873046875,176.33079528808594,0,0,0,0,16.07000160217285,5.170100212097168,=NA(),0,64.81599426269531,1.4163999557495117,0.34380000829696655,0.08399999886751175,=NA(),20,1013.25,0,0,0,0,0,16.07000160217285,0,0,0,0,0,0,0,0,0,0,0,0,0,0
8,1,0,1,Night,,120.11386108398438,-30.113859176635742,160.34100341796875,0,0,0,0,15.399988174438477,4.610099792480469,=NA(),0,64.81599426269531,1.4163999557495117,0.34380000829696655,0.08399999886751175,=NA(),20,1013.25,0,0,0,0,0,15.399988174438477,0,0,0,0,0,0,0,0,0,0,0,0,0,0
8,2,0,1,Night,,114.56927490234375,-24.56927490234375,146.018798828125,0,0,0,0,14.300012588500977,4.179999828338623,=NA(),0,64.81599426269531,1.4163999557495117,0.34380000829696655,0.08399999886751175,=NA(),20,1013.25,0,0,0,0,0,14.300012588500977,0,0,0,0,0,0,0,0,0,0,0,0,0,0
8,3,0,1,Night,,106.67422485351562,-16.674222946166992,133.83367919921875,0,0,0,0,14.600000381469727,3.8499999046325684,=NA(),0,64.81599426269531,1.4163999557495117,0.34380000829696655,0.08399999886751175,=NA(),20,1013.25,0,0,0,0,0,14.600000381469727,0,0,0,0,0,0,0,0,0,0,0,0,0,0
8,4,0,1,Night,,97.115234375,-7.115231037139893,123.5727767944336,0,0,0,0,14.540002822875977,3.7200000286102295,=NA(),0,64.81599426269531,1.4163999557495117,0.34380000829696655,0.08399999886751175,=NA(),20,1013.25,0,0,0,0,0,14.540002822875977,0,0,0,0,0,0,0,0,0,0,0,0,0,0
8,5,0,1,Day,,85.51028442382812,4.489713191986084,114.27750396728516,73.802001953125,69.8879165649414,50.000999450683594,0.9469650387763977,15.990015029907227,5.139999866485596,=NA(),=NA(),11.245119094848633,1.4163999557495117,0.34380000829696655,0.08399999886751175,=NA(),20,1013.25,7.120082855224609,79.02867889404297,108.43000030517578,103.68000030517578,4.744999885559082,20.6406192779541,461.04998779296875,466.989990234375,467.99224853515625,38.59115982055664,0.7579327821731567,0.754806637763977,44.22347640991211,0.8051900863647461,0.0027331875171512365,0,0.00010431250120745972,0,-5.94000244140625,-1.00225830078125
8,6,0,1,Day,,74.79434204101562,15.205657005310059,106.82276916503906,280.29998779296875,219.6335906982422,231.3000030517578,0.7835661768913269,17.790002822875977,5.699999809265137,=NA(),=NA(),3.7648861408233643,1.4163999557495117,0.34380000829696655,0.08399999886751175,=NA(),20,1013.25,25.76137351989746,50.381263732910156,479.41998291015625,461.69500732421875,17.729999542236328,37.321861267089844,2822.5400390625,2701.360107421875,2705.71337890625,38.4711799621582,4.395697116851807,4.348236560821533,45.098411560058594,4.638623237609863,0.015860186889767647,0,0.00040406250627711415,0,121.179931640625,-4.353271484375
8,7,0,1,Day,,62.87297821044922,27.12702178955078,99.24544525146484,507.70001220703125,314.32537841796875,424.1000061035156,0.6191163659095764,19.480005264282227,4.960000038146973,=NA(),=NA(),2.1858363151550293,1.4163999557495117,0.34380000829696655,0.08399999886751175,=NA(),20,1013.25,60,8.609999656677246,852.77001953125,793.530029296875,59.23500061035156,54.472496032714844,5114.10009765625,4620.35986328125,4630.8291015625,36.41672134399414,7.947862148284912,7.806873798370361,43.98057174682617,8.412422180175781,0.02799912542104721,0,0.001258062431588769,0,493.740234375,-10.46923828125
8,8,0,1,Day,,50.674285888671875,39.325714111328125,91.33772277832031,726.2999877929688,341.95025634765625,606.489990234375,0.47081130743026733,20.899988174438477,3.8901000022888184,=NA(),=NA(),1.5759106874465942,1.4163999557495117,0.34380000829696655,0.08399999886751175,=NA(),20,1013.25,50.66663360595703,1.0347652435302734,1040.989990234375,983.25,57.7400016784668,63.76000213623047,6332.81005859375,5537.2900390625,5549.79833984375,35.181480407714844,9.859369277954102,9.756956100463867,43.212059020996094,10.45932674407959,0.035010937601327896,0,0.0012555000139400363,0,795.52001953125,-12.50830078125
8,9,0,1,Day,,38.43952560424805,51.56047439575195,81.95462799072266,901.5,311.9366149902344,752.7000122070312,0.34601953625679016,22.300012588500977,3.029900074005127,=NA(),=NA(),1.275939702987671,1.4163999557495117,0.34380000829696655,0.08399999886751175,=NA(),20,1013.25,38.163875579833984,4.991605281829834,1142.969970703125,1085.659912109375,57.29999923706055,69.58312225341797,6953.33984375,5951.91015625,5964.66796875,34.39346694946289,10.83903980255127,10.788019180297852,42.65878677368164,11.516590118408203,0.038611624389886856,0,0.0012605000520125031,0,1001.4296875,-12.7578125
8,10,0,1,Day,,26.57769775390625,63.42230224609375,68.35051727294922,1027.9000244140625,260.3068542480469,858.2899780273438,0.2532414197921753,23.67998695373535,2.509999990463257,=NA(),=NA(),1.1178216934204102,1.4163999557495117,0.34380000829696655,0.08399999886751175,=NA(),20,1013.25,24.937747955322266,9.500846862792969,1187.465087890625,1121.925048828125,65.54499816894531,73.00249481201172,7190.2099609375,6076.27978515625,6089.05029296875,33.93433380126953,11.214770317077637,11.198895454406738,42.29184341430664,11.925930976867676,0.03981725126504898,0,0.0014386875554919243,0,1113.93017578125,-12.7705078125
8,11,0,1,Day,,16.397544860839844,73.60245513916016,41.69778060913086,1093.699951171875,217.64337158203125,913.2000122070312,0.19899733364582062,24.860010147094727,2.190000057220459,=NA(),=NA(),1.0422306060791016,1.4163999557495117,0.34380000829696655,0.08399999886751175,=NA(),20,1013.25,11.075516700744629,12.168272972106934,1191.449951171875,1112.969970703125,78.47999572753906,75.39562225341797,7082.7197265625,5930.39013671875,5842.7138671875,34.377140045166016,10.622760772705078,10.447648048400879,41.952701568603516,11.315252304077148,0.03891937434673309,0,0.0017107499297708273,0,1152.32958984375,87.67626953125
8,12,0,1,Day,,13.140888214111328,76.85911560058594,346.49615478515625,1102,205.88662719726562,920.2100219726562,0.18682996928691864,25.709985733032227,1.8899999856948853,=NA(),=NA(),1.0267572402954102,1.4163999557495117,0.34380000829696655,0.08399999886751175,=NA(),20,1013.25,-3.120403289794922,12.771368980407715,1183.219970703125,1103.530029296875,79.68499755859375,74.99874114990234,7142.10009765625,5989.5302734375,6000.82080078125,33.684024810791016,11.134394645690918,11.112853050231934,42.022674560546875,11.841649055480957,0.039229873567819595,0,0.001744625042192638,0,1152.56982421875,-11.29052734375
8,13,0,1,Day,,20.47979164123535,69.52021026611328,303.91082763671875,1039.0999755859375,226.3361053466797,867.5999755859375,0.21781937777996063,26.909997940063477,1.6299999952316284,=NA(),=NA(),1.0672461986541748,1.4163999557495117,0.34380000829696655,0.08399999886751175,=NA(),20,1013.25,-17.221132278442383,11.256235122680664,1154.6199951171875,1082.85498046875,71.76499938964844,74.95000457763672,6983.18017578125,5856.81982421875,5868.28662109375,33.695316314697266,10.884831428527832,10.871771812438965,41.981536865234375,11.582374572753906,0.038488999009132385,0,0.0015572499250993133,0,1126.3603515625,-11.466796875
8,14,0,1,Day,,31.702381134033203,58.2976188659668,284.8808288574219,914.489990234375,271.9824523925781,755.1900024414062,0.2974143624305725,26.730005264282227,1.409999966621399,=NA(),=NA(),1.174903154373169,1.4163999557495117,0.34380000829696655,0.08399999886751175,=NA(),20,1013.25,-30.835285186767578,7.7560248374938965,1097.169921875,1040.7449951171875,56.42499923706055,72.21187591552734,6684.75,5664.5498046875,5676.1181640625,34.0635986328125,10.414559364318848,10.391494750976562,42.240657806396484,11.068378448486328,0.037064313888549805,0,0.0012438750127330422,0,1020.2001953125,-11.568359375
8,15,0,1,Day,,43.808502197265625,46.191497802734375,273.6809387207031,736.2999877929688,316.87261962890625,581.2000122070312,0.43035805225372314,27.7600040435791,1.3799999952316284,=NA(),=NA(),1.3845442533493042,1.4163999557495117,0.34380000829696655,0.08399999886751175,=NA(),20,1013.25,-43.74939727783203,2.547208547592163,980.27001953125,928.7049560546875,51.564998626708984,68.27437591552734,5937.81982421875,5104.25,5116.21337890625,34.587642669677734,9.245055198669434,9.177570343017578,42.50149917602539,9.825666427612305,0.03287225216627121,0,0.0011123125441372395,0,833.56982421875,-11.96337890625
8,16,0,1,Day,,56.06719207763672,33.93280792236328,265.1483154296875,528.7000122070312,319.2557373046875,375.20001220703125,0.6038504242897034,27.57000160217285,1.940000057220459,=NA(),=NA(),1.7879801988601685,1.4163999557495117,0.34380000829696655,0.08399999886751175,=NA(),20,1013.25,-55.97187042236328,4.023919582366943,783.1600341796875,728.5050048828125,54.654998779296875,59.777488708496094,4752.2099609375,4210.66015625,4219.337890625,35.69688034057617,7.38765287399292,7.2646708488464355,43.150978088378906,7.829367637634277,0.026012500748038292,0,0.001178562524728477,0,541.5498046875,-8.677734375
8,17,0,1,Day,,68.1799545288086,21.820049285888672,257.49066162109375,299.8999938964844,243.8115692138672,150.89999389648438,0.8129762411117554,26.4999942779541,3,=NA(),=NA(),2.6753721237182617,1.4163999557495117,0.34380000829696655,0.08399999886751175,=NA(),20,1013.25,-44.997528076171875,25.354816436767578,473.614990234375,441.05499267578125,32.55500030517578,45.988121032714844,2734.929931640625,2539.510009765625,2545.46240234375,37.21986389160156,4.274458408355713,4.178574085235596,43.8978271484375,4.52308988571167,0.015054875053465366,0,0.0007153750048018992,0,195.419921875,-5.952392578125
8,18,0,1,Day,,79.91023254394531,10.089763641357422,249.83694458007812,85.697998046875,84.22712707519531,8.39579963684082,0.9828366041183472,24.740015029907227,4.429999828338623,=NA(),=NA(),5.541171073913574,1.4163999557495117,0.34380000829696655,0.08399999886751175,=NA(),20,1013.25,-16.189952850341797,64.79041290283203,106.17500305175781,98.25,7.920000076293945,29.118738174438477,578.8499755859375,568.510009765625,569.2451171875,37.71209716796875,0.9434034824371338,0.9326416254043579,43.41918182373047,1.0024333000183105,0.0033523126039654016,0,0.00016799999866634607,0,10.3399658203125,-0.735107421875
8,19,0,1,Night,Sun above horizon but GHI below 1,87.85968017578125,2.14032244682312,243.9793243408203,0,0,0,0,21.800012588500977,6.03000020980835,=NA(),0,18.71522331237793,1.4163999557495117,0.34380000829696655,0.08399999886751175,=NA(),20,1013.25,0,0,0,0,0,21.800012588500977,0,0,0,0,0,0,0,0,0,0,0,0,0,0
8,20,0,1,Night,,101.54590606689453,-11.545905113220215,232.20114135742188,0,0,0,0,20.20000648498535,6.210100173950195,=NA(),0,64.81599426269531,1.4163999557495117,0.34380000829696655,0.08399999886751175,=NA(),20,1013.25,0,0,0,0,0,20.20000648498535,0,0,0,0,0,0,0,0,0,0,0,0,0,0
8,21,0,1,Night,,110.4622802734375,-20.462282180786133,221.14645385742188,0,0,0,0,18.95000648498535,5.849999904632568,=NA(),0,64.81599426269531,1.4163999557495117,0.34380000829696655,0.08399999886751175,=NA(),20,1013.25,0,0,0,0,0,18.95000648498535,0,0,0,0,0,0,0,0,0,0,0,0,0,0
8,22,0,1,Night,,117.43944549560547,-27.43944549560547,208.0092010498047,0,0,0,0,18.600000381469727,5.570099830627441,=NA(),0,64.81599426269531,1.4163999557495117,0.34380000829696655,0.08399999886751175,=NA(),20,1013.25,0,0,0,0,0,18.600000381469727,0,0,0,0,0,0,0,0,0,0,0,0,0,0
8,23,0,1,Night,,121.73934173583984,-31.73933982849121,192.8192596435547,0,0,0,0,18.1400089263916,5.039999961853027,=NA(),0,64.81599426269531,1.4163999557495117,0.34380000829696655,0.08399999886751175,=NA(),20,1013.25,0,0,0,0,0,18.1400089263916,0,0,0,0,0,0,0,0,0,0,0,0,0,0
9,0,0,1,Night,,122.73997497558594,-32.73997497558594,176.43789672851562,0,0,0,0,17.05999183654785,4.489999771118164,=NA(),0,64.81599426269531,1.4163999557495117,0.34380000829696655,0.08399999886751175,=NA(),20,1013.25,0,0,0,0,0,17.05999183654785,0,0,0,0,0,0,0,0,0,0,0,0,0,0
9,1,0,1,Night,,120.2723159790039,-30.272314071655273,160.4023895263672,0,0,0,0,16.20000648498535,4.03000020980835,=NA(),0,64.81599426269531,1.4163999557495117,0.34380000829696655,0.08399999886751175,=NA(),20,1013.25,0,0,0,0,0,16.20000648498535,0,0,0,0,0,0,0,0,0,0,0,0,0,0
9,2,0,1,Night,,114.73550415039062,-24.735502243041992,146.03831481933594,0,0,0,0,15.200006484985352,3.650099992752075,=NA(),0,64.81599426269531,1.4163999557495117,0.34380000829696655,0.08399999886751175,=NA(),20,1013.25,0,0,0,0,0,15.200006484985352,0,0,0,0,0,0,0,0,0,0,0,0,0,0
9,3,0,1,Night,,106.84101867675781,-16.841022491455078,133.8213653564453,0,0,0,0,14.800012588500977,3.4000000953674316,=NA(),0,64.81599426269531,1.4163999557495117,0.34380000829696655,0.08399999886751175,=NA(),20,1013.25,0,0,0,0,0,14.800012588500977,0,0,0,0,0,0,0,0,0,0,0,0,0,0
9,4,0,1,Night,,97.28125762939453,-7.281253814697266,123.53776550292969,0,0,0,0,14.350000381469727,3.859999895095825,=NA(),0,64.81599426269531,1.4163999557495117,0.34380000829696655,0.08399999886751175,=NA(),20,1013.25,0,0,0,0,0,14.350000381469727,0,0,0,0,0,0,0,0,0,0,0,0,0,0
9,5,0,1,Day,,85.58329010009766,4.416712284088135,114.16275787353516,73.7040023803711,69.90702819824219,49.30500030517578,0.9484834671020508,15.200006484985352,4.889999866485596,=NA(),=NA(),11.39222240447998,1.4163999557495117,0.34380000829696655,0.08399999886751175,=NA(),20,1013.25,6.995619773864746,79.20886993408203,107.81500244140625,103.10499572753906,4.710000038146973,19.826868057250977,456.44000244140625,463.67999267578125,464.7376403808594,38.69292449951172,0.7506821751594543,0.7477163672447205,44.32295608520508,0.79726642370224,0.0027071249205619097,0,0.00010343750182073563,0,-7.239990234375,-1.057647705078125
9,6,0,1,Day,,74.94940948486328,15.050586700439453,106.75614929199219,278.8999938964844,218.96775817871094,230.8000030517578,0.7851120829582214,18.300012588500977,5.369999885559082,=NA(),=NA(),3.8016881942749023,1.4163999557495117,0.34380000829696655,0.08399999886751175,=NA(),20,1013.25,25.40945053100586,50.85214614868164,477.21002197265625,459.67999267578125,17.524999618530273,37.74437713623047,2806.72998046875,2682.2900390625,2687.071044921875,38.400386810302734,4.373456954956055,4.327945232391357,45.03288650512695,4.615610122680664,0.015774937346577644,0,0.00039993750397115946,0,124.43994140625,-4.781005859375
9,7,0,1,Day,,63.02505111694336,26.97494888305664,99.16400909423828,505.29998779296875,313.8350524902344,422.1000061035156,0.621086597442627,20.740015029907227,4.440000057220459,=NA(),=NA(),2.197126626968384,1.4163999557495117,0.34380000829696655,0.08399999886751175,=NA(),20,1013.25,60,8.600298881530762,851,791.864990234375,59.14500045776367,55.706871032714844,5094.490234375,4582.35986328125,4592.7509765625,36.25081253051758,7.91858434677124,7.778281211853027,43.81402587890625,8.384761810302734,0.02789956144988537,0,0.0012453750241547823,0,512.13037109375,-10.39111328125
9,8,0,1,Day,,50.824764251708984,39.175235748291016,91.23914337158203,720.010009765625,340.22906494140625,601.2100219726562,0.47253379225730896,22.33001136779785,3.240000009536743,=NA(),=NA(),1.580963134765625,1.4163999557495117,0.34380000829696655,0.08399999886751175,=NA(),20,1013.25,50.818199157714844,0.9605749845504761,1033.719970703125,976.3049926757812,57.415000915527344,64.9168930053711,6288.580078125,5475.1298828125,5488.041015625,35.02644348144531,9.79281234741211,9.692456245422363,43.04981231689453,10.396512985229492,0.03476112335920334,0,0.0012492500245571136,0,813.4501953125,-12.9111328125
9,9,0,1,Day,,38.59145736694336,51.40854263305664,81.8359603881836,899.6099853515625,312.4541015625,751.2100219726562,0.3473217487335205,23.980005264282227,2.130000114440918,=NA(),=NA(),1.2786283493041992,1.4163999557495117,0.34380000829696655,0.08399999886751175,=NA(),20,1013.25,38.30724334716797,5.081872940063477,1141.830078125,1084.530029296875,57.29499816894531,71.25749969482422,6947.1796875,5909.2001953125,5922.56689453125,34.170780181884766,10.832670211791992,10.782782554626465,42.44306182861328,11.521393775939941,0.038575686514377594,0,0.0012601874768733978,0,1037.9794921875,-13.36669921875
9,10,0,1,Day,,26.736467361450195,63.26353454589844,68.22056579589844,1028.699951171875,261.5486755371094,858.989990234375,0.2542516589164734,25.05999183654785,1.2200000286102295,=NA(),=NA(),1.1193746328353882,1.4163999557495117,0.34380000829696655,0.08399999886751175,=NA(),20,1013.25,25.069604873657227,9.609010696411133,1189.2449951171875,1123.68994140625,65.55500030517578,74.5268783569336,7199.77978515625,6049,6061.13671875,33.73789596557617,11.228355407714844,11.211545944213867,42.099849700927734,11.94178581237793,0.03987268730998039,0,0.0014390625292435288,0,1150.77978515625,-12.13671875
9,11,0,1,Day,,16.56685447692871,73.43314361572266,41.686866760253906,1098,219.2584991455078,916.7999877929688,0.19968898594379425,26.490015029907227,0.7599999904632568,=NA(),=NA(),1.0431402921676636,1.4163999557495117,0.34380000829696655,0.08399999886751175,=NA(),20,1013.25,11.191099166870117,12.294426918029785,1196.5050048828125,1117.72998046875,78.7750015258789,77.32125091552734,7115.9599609375,5914.10009765625,5822.9873046875,34.13832092285156,10.660971641540527,10.476773262023926,41.71611022949219,11.362176895141602,0.03910918906331062,0,0.0017153749940916896,0,1201.85986328125,91.11279296875
9,12,0,1,Day,,13.257473945617676,76.74252319335938,347.0352478027344,1099.5999755859375,205.87059020996094,918.2000122070312,0.1872231662273407,27.540002822875977,1,=NA(),=NA(),1.0272462368011475,1.4163999557495117,0.34380000829696655,0.08399999886751175,=NA(),20,1013.25,-3.025763511657715,12.913595199584961,1180.544921875,1101.0350341796875,79.50999450683594,76.76375579833984,7126.7001953125,5935.91015625,5947.7666015625,33.44914245605469,11.11345100402832,11.094362258911133,41.792137145996094,11.831708908081055,0.03914349898695946,0,0.0017407500417903066,0,1190.7900390625,-11.8564453125
9,13,0,1,Day,,20.50399398803711,69.49600219726562,304.39068603515625,1037.9000244140625,226.30410766601562,866.489990234375,0.2180403769016266,28.55999183654785,1.3200000524520874,=NA(),=NA(),1.067414402961731,1.4163999557495117,0.34380000829696655,0.08399999886751175,=NA(),20,1013.25,-17.15007972717285,11.410998344421387,1152.9649658203125,1081.22998046875,71.74000549316406,76.57561492919922,6972.16015625,5810.97998046875,5823.0693359375,33.47809600830078,10.871044158935547,10.85910701751709,41.769920349121094,11.579500198364258,0.03842587396502495,0,0.0015561875188723207,0,1161.18017578125,-12.08935546875
9,14,0,1,Day,,31.6926212310791,58.307376861572266,285.2037048339844,913.9099731445312,271.99853515625,754.4099731445312,0.2976207137107849,29.490015029907227,1.6200000047683716,=NA(),=NA(),1.1747798919677734,1.4163999557495117,0.34380000829696655,0.08399999886751175,=NA(),20,1013.25,-30.787508010864258,7.919230937957764,1096.054931640625,1039.625,56.43000030517578,74.9900131225586,6678.18017578125,5599.0498046875,5611.337890625,33.69404602050781,10.408618927001953,10.388229370117188,41.8823356628418,11.078512191772461,0.037025999277830124,0,0.0012437499826774001,0,1079.13037109375,-12.2880859375
9,15,0,1,Day,,43.78932571411133,46.21067428588867,273.9251403808594,736.7100219726562,316.70770263671875,581.8099975585938,0.42989465594291687,29.969995498657227,1.820099949836731,=NA(),=NA(),1.3841012716293335,1.4163999557495117,0.34380000829696655,0.08399999886751175,=NA(),20,1013.25,-43.72211456298828,2.715127468109131,980.5899658203125,929.0350341796875,51.55999755859375,70.58061981201172,5940.509765625,5062.33984375,5073.7431640625,34.28620147705078,9.248915672302246,9.178403854370117,42.20560836791992,9.835249900817871,0.03288787603378296,0,0.0011123750591650605,0,878.169921875,-11.4033203125
9,16,0,1,Day,,56.04874038696289,33.95125961303711,265.3523864746094,524.5999755859375,319.69091796875,366.8999938964844,0.6093994379043579,30.32000160217285,1.9500000476837158,=NA(),=NA(),1.7871296405792236,1.4163999557495117,0.34380000829696655,0.08399999886751175,=NA(),20,1013.25,-55.96125793457031,3.853935956954956,775.344970703125,720.7449951171875,54.60499954223633,62.264366149902344,4702,4128.06982421875,4137.2275390625,35.354915618896484,7.313958168029785,7.191368579864502,42.80757141113281,7.760739326477051,0.025728249922394753,0,0.001177062513306737,0,573.93017578125,-9.15771484375
9,17,0,1,Day,,68.16809844970703,21.831899642944336,257.6739196777344,296.69000244140625,242.69606018066406,145.19000244140625,0.8180122375488281,30.0200138092041,1.679900050163269,=NA(),=NA(),2.6740097999572754,1.4163999557495117,0.34380000829696655,0.08399999886751175,=NA(),20,1013.25,-44.987342834472656,25.292285919189453,466.41497802734375,433.94000244140625,32.470001220703125,49.261253356933594,2691.320068359375,2469.830078125,2475.7509765625,36.752540588378906,4.210259914398193,4.1146626472473145,43.43491744995117,4.459935188293457,0.014810750260949135,0,0.0007133749895729125,0,221.489990234375,-5.9208984375
9,18,0,1,Day,,79.90997314453125,10.090025901794434,250.01036071777344,83.49099731445312,82.19583129882812,7.3927001953125,0.9844873547554016,29.050012588500977,2.190000057220459,=NA(),=NA(),5.541038513183594,1.4163999557495117,0.34380000829696655,0.08399999886751175,=NA(),20,1013.25,-16.170957565307617,64.78973388671875,102.72999572753906,94.95999908447266,7.769999980926514,33.30437469482422,559.030029296875,540.5499877929688,541.0918579101562,37.06003952026367,0.9125228524208069,0.9017252326011658,42.771453857421875,0.9713425636291504,0.0032404998783022165,0,0.00016475000302307308,0,18.48004150390625,-0.5418701171875
9,19,0,1,Night,Sun above horizon but GHI below 1,87.8626708984375,2.1373305320739746,244.15711975097656,0,0,0,0,25.159997940063477,2.460099935531616,=NA(),0,18.730148315429688,1.4163999557495117,0.34380000829696655,0.08399999886751175,=NA(),20,1013.25,0,0,0,0,0,25.159997940063477,0,0,0,0,0,0,0,0,0,0,0,0,0,0
9,20,0,1,Night,,101.5794677734375,-11.579466819763184,232.37237548828125,0,0,0,0,20.839990615844727,2.3199000358581543,=NA(),0,64.81599426269531,1.4163999557495117,0.34380000829696655,0.08399999886751175,=NA(),20,1013.25,0,0,0,0,0,20.839990615844727,0,0,0,0,0,0,0,0,0,0,0,0,0,0
9,21,0,1,Night,,110.5213623046875,-20.521364212036133,221.31809997558594,0,0,0,0,19.0200138092041,1.6098999977111816,=NA(),0,64.81599426269531,1.4163999557495117,0.34380000829696655,0.08399999886751175,=NA(),20,1013.25,0,0,0,0,0,19.0200138092041,0,0,0,0,0,0,0,0,0,0,0,0,0,0
9,22,0,1,Night,,117.52857971191406,-27.528581619262695,208.1743927001953,0,0,0,0,18.279993057250977,0.3700000047683716,=NA(),0,64.81599426269531,1.4163999557495117,0.34380000829696655,0.08399999886751175,=NA(),20,1013.25,0,0,0,0,0,18.279993057250977,0,0,0,0,0,0,0,0,0,0,0,0,0,0
9,23,0,1,Night,,121.86001586914062,-31.860017776489258,192.96310424804688,0,0,0,0,16.839990615844727,1.7598999738693237,=NA(),0,64.81599426269531,1.4163999557495117,0.34380000829696655,0.08399999886751175,=NA(),20,1013.25,0,0,0,0,0,16.839990615844727,0,0,0,0,0,0,0,0,0,0,0,0,0,0
10,0,0,1,Night,,122.88758850097656,-32.88758850097656,176.5427703857422,0,0,0,0,16.589990615844727,2.7701001167297363,=NA(),0,64.81599426269531,1.4163999557495117,0.34380000829696655,0.08399999886751175,=NA(),20,1013.25,0,0,0,0,0,16.589990615844727,0,0,0,0,0,0,0,0,0,0,0,0,0,0
10,1,0,1,Night,,120.43708038330078,-30.437084197998047,160.45953369140625,0,0,0,0,16.709985733032227,3.4800000190734863,=NA(),0,64.81599426269531,1.4163999557495117,0.34380000829696655,0.08399999886751175,=NA(),20,1013.25,0,0,0,0,0,16.709985733032227,0,0,0,0,0,0,0,0,0,0,0,0,0,0
10,2,0,1,Night,,114.90699005126953,-24.906993865966797,146.05226135253906,0,0,0,0,16.800012588500977,3.829900026321411,=NA(),0,64.81599426269531,1.4163999557495117,0.34380000829696655,0.08399999886751175,=NA(),20,1013.25,0,0,0,0,0,16.800012588500977,0,0,0,0,0,0,0,0,0,0,0,0,0,0
10,3,0,1,Night,,107.0118179321289,-17.01181411743164,133.8028106689453,0,0,0,0,17.100000381469727,3.7599000930786133,=NA(),0,64.81599426269531,1.4163999557495117,0.34380000829696655,0.08399999886751175,=NA(),20,1013.25,0,0,0,0,0,17.100000381469727,0,0,0,0,0,0,0,0,0,0,0,0,0,0
10,4,0,1,Night,,97.4502182006836,-7.450220108032227,123.49618530273438,0,0,0,0,15.100000381469727,4.050099849700928,=NA(),0,64.81599426269531,1.4163999557495117,0.34380000829696655,0.08399999886751175,=NA(),20,1013.25,0,0,0,0,0,15.100000381469727,0,0,0,0,0,0,0,0,0,0,0,0,0,0
10,5,0,1,Day,,85.65636444091797,4.34363317489624,114.03870391845703,68,64.85701751708984,41.49800109863281,0.9537796974182129,15.300012588500977,4.29010009765625,=NA(),=NA(),11.543099403381348,1.4163999557495117,0.34380000829696655,0.08399999886751175,=NA(),20,1013.25,6.870906829833984,79.38915252685547,96.82499694824219,92.30500030517578,4.519999980926514,19.46062660217285,413.6700134277344,420.8399963378906,420.7486572265625,38.72031021118164,0.6791477799415588,0.6757645010948181,44.209075927734375,0.7250527739524841,0.0024602499324828386,0,0.00009881250298349187,0,-7.16998291015625,0.091339111328125
10,6,0,1,Day,,75.1070556640625,14.892942428588867,106.682373046875,267.19000244140625,211.67759704589844,215.99000549316406,0.7922362089157104,20.159997940063477,3.9600000381469727,=NA(),=NA(),3.8398611545562744,1.4163999557495117,0.34380000829696655,0.08399999886751175,=NA(),20,1013.25,25.05466651916504,51.327964782714844,453.364990234375,436.33001708984375,17.029998779296875,38.65123748779297,2659.570068359375,2533.419921875,2538.2431640625,38.2236442565918,4.150327682495117,4.107545852661133,44.81588363647461,4.38210391998291,0.014955687336623669,0,0.00038812498678453267,0,126.150146484375,-4.8232421875
10,7,0,1,Day,,63.17927169799805,26.820728302001953,99.07481384277344,491,306.8650817871094,408.1000061035156,0.6249797940254211,23.600000381469727,2.610100030899048,=NA(),=NA(),2.2087111473083496,1.4163999557495117,0.34380000829696655,0.08399999886751175,=NA(),20,1013.25,60,8.588193893432617,827.625,769.6849975585938,57.939998626708984,57.67626190185547,4944.18017578125,4415.2099609375,4425.2109375,35.98197937011719,7.686720371246338,7.549482345581055,43.50101089477539,8.14505386352539,0.02707693725824356,0,0.0012096874415874481,0,528.97021484375,-10.0009765625
10,8,0,1,Day,,50.97721862792969,39.02278137207031,91.13174438476562,700.7999877929688,332.2087097167969,585.4099731445312,0.4740421175956726,25.790002822875977,1.3799999952316284,=NA(),=NA(),1.5861263275146484,1.4163999557495117,0.34380000829696655,0.08399999886751175,=NA(),20,1013.25,50.97175216674805,0.8792245984077454,1008.5599975585938,952.7049560546875,55.86499786376953,67.40438079833984,6137.330078125,5293.72998046875,5306.65478515625,34.697933197021484,9.558796882629395,9.463143348693848,42.68095397949219,10.160492897033691,0.033919062465429306,0,0.0012167500099167228,0,843.60009765625,-12.9248046875
10,9,0,1,Day,,38.74549865722656,51.25450134277344,81.70667266845703,872.0999755859375,303.84033203125,728.5999755859375,0.3484008014202118,27.980005264282227,1.2700999975204468,=NA(),=NA(),1.2813750505447388,1.4163999557495117,0.34380000829696655,0.08399999886751175,=NA(),20,1013.25,38.45182800292969,5.179426670074463,1109.219970703125,1053.949951171875,55.275001525878906,73.9806137084961,6754.27978515625,5685.2001953125,5698.57080078125,33.818824768066406,10.531442642211914,10.485538482666016,42.035682678222656,11.216594696044922,0.037496186792850494,0,0.001216250006109476,0,1069.07958984375,-13.37060546875
10,10,0,1,Day,,26.898035049438477,63.10196304321289,68.07676696777344,1001.2999877929688,255.38754272460938,836.4000244140625,0.2550559639930725,29.209985733032227,1.6399999856948853,=NA(),=NA(),1.120968222618103,1.4163999557495117,0.34380000829696655,0.08399999886751175,=NA(),20,1013.25,25.201744079589844,9.724531173706055,1158.6400146484375,1094.989990234375,63.64500045776367,77.53438568115234,7017.64990234375,5827.25,5837.89501953125,33.3602180480957,10.937235832214355,10.919543266296387,41.660823822021484,11.63774585723877,0.038849689066410065,0,0.0013976874761283398,0,1190.39990234375,-10.64501953125
10,11,0,1,Day,,16.740917205810547,73.25908660888672,41.65645980834961,1064.199951171875,213.0603485107422,888.8099975585938,0.20020706951618195,30.4999942779541,1.839900016784668,=NA(),=NA(),1.0440868139266968,1.4163999557495117,0.34380000829696655,0.08399999886751175,=NA(),20,1013.25,11.305849075317383,12.427879333496094,1160.0350341796875,1083.760009765625,76.27499389648438,79.0368881225586,7017.68017578125,5793.2001953125,5799.6279296875,33.18850326538086,10.921757698059082,10.881963729858398,41.46821212768555,11.61287784576416,0.03861299902200699,0,0.0016348749632015824,0,1224.47998046875,-6.427734375
10,12,0,1,Day,,13.382570266723633,76.617431640625,347.5630798339844,1078.699951171875,202.45724487304688,900.7000122070312,0.18768633902072906,32.029991149902344,1.9000999927520752,=NA(),=NA(),1.0277762413024902,1.4163999557495117,0.34380000829696655,0.08399999886751175,=NA(),20,1013.25,-2.933147430419922,13.06290340423584,1157.989990234375,1080.0250244140625,77.97000122070312,80.43624114990234,6993.64990234375,5741.58984375,5753.35546875,32.97334671020508,10.905314445495605,10.888800621032715,41.28160858154297,11.629289627075195,0.038399938493967056,0,0.0017073750495910645,0,1252.06005859375,-11.765625
10,13,0,1,Day,,20.535808563232422,69.46419525146484,304.88055419921875,1028.800048828125,225.87579345703125,857.4099731445312,0.2195526659488678,32.279991149902344,1.8700000047683716,=NA(),=NA(),1.0676357746124268,1.4163999557495117,0.34380000829696655,0.08399999886751175,=NA(),20,1013.25,-17.0821533203125,11.572460174560547,1142.5350341796875,1071.35498046875,71.18000030517578,79.9743881225586,6908.9501953125,5682.02978515625,5694.2001953125,33.03372573852539,10.77346134185791,10.761330604553223,41.31452178955078,11.493051528930664,0.03807000070810318,0,0.001543312449939549,0,1226.92041015625,-12.17041015625
10,14,0,1,Day,,31.689037322998047,58.31096267700195,285.53643798828125,911.0900268554688,272.3106689453125,750.7000122070312,0.29888448119163513,33.67998504638672,1.8301000595092773,=NA(),=NA(),1.1747345924377441,1.4163999557495117,0.34380000829696655,0.08399999886751175,=NA(),20,1013.25,-30.743785858154297,8.088621139526367,1092.199951171875,1035.864990234375,56.334999084472656,79.14812469482422,6654.97998046875,5489.97021484375,5502.47607421875,33.145843505859375,10.375499725341797,10.356839179992676,41.340980529785156,11.064274787902832,0.03689368814229965,0,0.0012413124786689878,0,1165.009765625,-12.505859375
10,15,0,1,Day,,43.775760650634766,46.224239349365234,274.1773376464844,737.6099853515625,316.50146484375,583.2100219726562,0.4290905296802521,33.790000915527344,1.7598999738693237,=NA(),=NA(),1.3837882280349731,1.4163999557495117,0.34380000829696655,0.08399999886751175,=NA(),20,1013.25,-43.69962692260742,2.8887085914611816,981.6799926757812,930.114990234375,51.564998626708984,74.6106185913086,5947.89013671875,4991.08984375,5000.87890625,33.76279067993164,9.257414817810059,9.179457664489746,41.68888854980469,9.85042953491211,0.03292993828654289,0,0.0011131875216960907,0,956.80029296875,-9.7890625
10,16,0,1,Day,,56.03575134277344,33.96424865722656,265.56304931640625,523.2899780273438,319.77008056640625,364.2900085449219,0.6110762357711792,34.62999725341797,1.6299999952316284,=NA(),=NA(),1.786531686782837,1.4163999557495117,0.34380000829696655,0.08399999886751175,=NA(),20,1013.25,-55.956024169921875,3.6787915229797363,772.864990234375,718.2850341796875,54.58000183105469,66.57250213623047,4685.58984375,4047.97998046875,4057.506591796875,34.772064208984375,7.293264389038086,7.171289443969727,42.241085052490234,7.753271579742432,0.02563568763434887,0,0.0011760625056922436,0,637.60986328125,-9.526611328125
10,17,0,1,Day,,68.16165161132812,21.83834457397461,257.8627624511719,334.489990234375,254.03245544433594,216.2899932861328,0.7594620585441589,33.649986267089844,1.25,=NA(),=NA(),2.673269033432007,1.4163999557495117,0.34380000829696655,0.08399999886751175,=NA(),20,1013.25,-44.949668884277344,25.25820541381836,559.094970703125,526.7449951171875,32.345001220703125,56.829368591308594,3250.530029296875,2905.130126953125,2910.83349609375,35.89277267456055,5.068739414215088,4.972240447998047,42.795284271240234,5.372539043426514,0.017961561679840088,0,0.0007208749884739518,0,345.39990234375,-5.703369140625
10,18,0,1,Night,Sun above horizon but GHI below 1,79.90504455566406,10.094956398010254,250.18873596191406,0,0,0,0,-0.00009765625145519152,1.3200000524520874,=NA(),0,5.538519859313965,1.4163999557495117,0.34380000829696655,0.08399999886751175,=NA(),20,1013.25,0,0,0,0,0,-0.00000610351571594947,0,0,0,0,0,0,0,0,0,0,0,0,0,0
10,19,0,1,Night,Sun above horizon but GHI below 1,87.84518432617188,2.154815673828125,244.33714294433594,0,0,0,0,-0.00009765625145519152,1.2999999523162842,=NA(),0,18.643211364746094,1.4163999557495117,0.34380000829696655,0.08399999886751175,=NA(),20,1013.25,0,0,0,0,0,-0.00000610351571594947,0,0,0,0,0,0,0,0,0,0,0,0,0,0
10,20,0,1,Night,,101.62480163574219,-11.624802589416504,232.5474090576172,0,0,0,0,-0.00009765625145519152,0.8299999833106995,=NA(),0,64.81599426269531,1.4163999557495117,0.34380000829696655,0.08399999886751175,=NA(),20,1013.25,0,0,0,0,0,-0.00000610351571594947,0,0,0,0,0,0,0,0,0,0,0,0,0,0
10,21,0,1,Night,,110.59012603759766,-20.590129852294922,221.4927215576172,0,0,0,0,-0.00009765625145519152,1.649999976158142,=NA(),0,64.81599426269531,1.4163999557495117,0.34380000829696655,0.08399999886751175,=NA(),20,1013.25,0,0,0,0,0,-0.00000610351571594947,0,0,0,0,0,0,0,0,0,0,0,0,0,0
10,22,0,1,Night,,117.6268081665039,-27.62681007385254,208.34127807617188,0,0,0,0,-0.00009765625145519152,3.039900064468384,=NA(),0,64.81599426269531,1.4163999557495117,0.34380000829696655,0.08399999886751175,=NA(),20,1013.25,0,0,0,0,0,-0.00000610351571594947,0,0,0,0,0,0,0,0,0,0,0,0,0,0
10,23,0,1,Night,,121.9893798828125,-31.989377975463867,193.10684204101562,0,0,0,0,-0.00009765625145519152,4.829999923706055,=NA(),0,64.81599426269531,1.4163999557495117,0.34380000829696655,0.08399999886751175,=NA(),20,1013.25,0,0,0,0,0,-0.00000610351571594947,0,0,0,0,0,0,0,0,0,0,0,0,0,0
11,0,0,1,Night,,123.04358673095703,-33.04358673095703,176.64529418945312,0,0,0,0,-0.00009765625145519152,5.570099830627441,=NA(),0,64.81599426269531,1.4163999557495117,0.34380000829696655,0.08399999886751175,=NA(),20,1013.25,0,0,0,0,0,-0.00000610351571594947,0,0,0,0,0,0,0,0,0,0,0,0,0,0
11,1,0,1,Night,,120.60981750488281,-30.609819412231445,160.5123291015625,0,0,0,0,-0.00009765625145519152,4.739999771118164,=NA(),0,64.81599426269531,1.4163999557495117,0.34380000829696655,0.08399999886751175,=NA(),20,1013.25,0,0,0,0,0,-0.00000610351571594947,0,0,0,0,0,0,0,0,0,0,0,0,0,0
11,2,0,1,Night,,115.0860595703125,-25.086061477661133,146.060546875,0,0,0,0,-0.00009765625145519152,3.7699999809265137,=NA(),0,64.81599426269531,1.4163999557495117,0.34380000829696655,0.08399999886751175,=NA(),20,1013.25,0,0,0,0,0,-0.00000610351571594947,0,0,0,0,0,0,0,0,0,0,0,0,0,0
11,3,0,1,Night,,107.19049835205078,-17.190494537353516,133.7779541015625,0,0,0,0,-0.00009765625145519152,3.4000000953674316,=NA(),0,64.81599426269531,1.4163999557495117,0.34380000829696655,0.08399999886751175,=NA(),20,1013.25,0,0,0,0,0,-0.00000610351571594947,0,0,0,0,0,0,0,0,0,0,0,0,0,0
11,4,0,1,Night,,97.62693786621094,-7.6269378662109375,123.44799041748047,0,0,0,0,-0.00009765625145519152,3.8499999046325684,=NA(),0,64.81599426269531,1.4163999557495117,0.34380000829696655,0.08399999886751175,=NA(),20,1013.25,0,0,0,0,0,-0.00000610351571594947,0,0,0,0,0,0,0,0,0,0,0,0,0,0
11,5,0,1,Night,Sun above horizon but GHI below 1,85.74259948730469,4.257401943206787,113.9236831665039,0,0,0,0,-0.00009765625145519152,4.800000190734863,=NA(),0,11.725970268249512,1.4163999557495117,0.34380000829696655,0.08399999886751175,=NA(),20,1013.25,0,0,0,0,0,-0.00000610351571594947,0,0,0,0,0,0,0,0,0,0,0,0,0,0
11,6,0,1,Night,Sun above horizon but GHI below 1,75.26202392578125,14.737974166870117,106.60143280029297,0,0,0,0,-0.00009765625145519152,5.320099830627441,=NA(),0,3.8781585693359375,1.4163999557495117,0.34380000829696655,0.08399999886751175,=NA(),20,1013.25,0,0,0,0,0,-0.00000610351571594947,0,0,0,0,0,0,0,0,0,0,0,0,0,0
11,7,0,1,Night,Sun above horizon but GHI below 1,63.33228302001953,26.66771697998047,98.97789764404297,0,0,0,0,-0.00009765625145519152,5.109899997711182,=NA(),0,2.220341205596924,1.4163999557495117,0.34380000829696655,0.08399999886751175,=NA(),20,1013.25,0,0,0,0,0,-0.00000610351571594947,0,0,0,0,0,0,0,0,0,0,0,0,0,0
11,8,0,1,Night,Sun above horizon but GHI below 1,51.129310607910156,38.870689392089844,91.015625,0,0,0,0,-0.00009765625145519152,4.510000228881836,=NA(),0,1.5913221836090088,1.4163999557495117,0.34380000829696655,0.08399999886751175,=NA(),20,1013.25,0,0,0,0,0,-0.00000610351571594947,0,0,0,0,0,0,0,0,0,0,0,0,0,0
11,9,0,1,Night,Sun above horizon but GHI below 1,38.89997482299805,51.10002517700195,81.56690979003906,0,0,0,0,-0.00009765625145519152,3.859999895095825,=NA(),0,1.2841508388519287,1.4163999557495117,0.34380000829696655,0.08399999886751175,=NA(),20,1013.25,0,0,0,0,0,-0.00000610351571594947,0,0,0,0,0,0,0,0,0,0,0,0,0,0
11,10,0,1,Night,Sun above horizon but GHI below 1,27.061275482177734,62.938724517822266,67.91939544677734,0,0,0,0,-0.00009765625145519152,3.3301000595092773,=NA(),0,1.1225918531417847,1.4163999557495117,0.34380000829696655,0.08399999886751175,=NA(),20,1013.25,0,0,0,0,0,-0.00000610351571594947,0,0,0,0,0,0,0,0,0,0,0,0,0,0
11,11,0,1,Night,Sun above horizon but GHI below 1,16.918987274169922,73.08100891113281,41.60702133178711,0,0,0,0,-0.00009765625145519152,2.9300999641418457,=NA(),0,1.0450668334960938,1.4163999557495117,0.34380000829696655,0.08399999886751175,=NA(),20,1013.25,0,0,0,0,0,-0.00000610351571594947,0,0,0,0,0,0,0,0,0,0,0,0,0,0
11,12,0,1,Night,Sun above horizon but GHI below 1,13.515554428100586,76.48444366455078,348.07867431640625,0,0,0,0,-0.00009765625145519152,2.7701001167297363,=NA(),0,1.0283455848693848,1.4163999557495117,0.34380000829696655,0.08399999886751175,=NA(),20,1013.25,0,0,0,0,0,-0.00000610351571594947,0,0,0,0,0,0,0,0,0,0,0,0,0,0
11,13,0,1,Night,Sun above horizon but GHI below 1,20.574542999267578,69.42545318603516,305.3796081542969,0,0,0,0,-0.00009765625145519152,2.809999942779541,=NA(),0,1.0679060220718384,1.4163999557495117,0.34380000829696655,0.08399999886751175,=NA(),20,1013.25,0,0,0,0,0,-0.00000610351571594947,0,0,0,0,0,0,0,0,0,0,0,0,0,0
11,14,0,1,Night,Sun above horizon but GHI below 1,31.690397262573242,58.30960464477539,285.8786926269531,0,0,0,0,-0.00009765625145519152,2.9300999641418457,=NA(),0,1.1747517585754395,1.4163999557495117,0.34380000829696655,0.08399999886751175,=NA(),20,1013.25,0,0,0,0,0,-0.00000610351571594947,0,0,0,0,0,0,0,0,0,0,0,0,0,0
11,15,0,1,Night,Sun above horizon but GHI below 1,43.76579666137695,46.23420333862305,274.43731689453125,0,0,0,0,-0.00009765625145519152,3.0799999237060547,=NA(),0,1.3835583925247192,1.4163999557495117,0.34380000829696655,0.08399999886751175,=NA(),20,1013.25,0,0,0,0,0,-0.00000610351571594947,0,0,0,0,0,0,0,0,0,0,0,0,0,0
11,16,0,1,Night,Sun above horizon but GHI below 1,56.02496337890625,33.97503662109375,265.7801513671875,0,0,0,0,-0.00009765625145519152,3.170099973678589,=NA(),0,1.7860350608825684,1.4163999557495117,0.34380000829696655,0.08399999886751175,=NA(),20,1013.25,0,0,0,0,0,-0.00000610351571594947,0,0,0,0,0,0,0,0,0,0,0,0,0,0
11,17,0,1,Night,Sun above horizon but GHI below 1,68.15546417236328,21.844533920288086,258.0571594238281,0,0,0,0,-0.00009765625145519152,2.469899892807007,=NA(),0,2.6725587844848633,1.4163999557495117,0.34380000829696655,0.08399999886751175,=NA(),20,1013.25,0,0,0,0,0,-0.00000610351571594947,0,0,0,0,0,0,0,0,0,0,0,0,0,0
11,18,0,1,Night,Sun above horizon but GHI below 1,79.91474151611328,10.085261344909668,250.3719482421875,0,0,0,0,-0.00009765625145519152,2.6700000762939453,=NA(),0,5.543471813201904,1.4163999557495117,0.34380000829696655,0.08399999886751175,=NA(),20,1013.25,0,0,0,0,0,-0.00000610351571594947,0,0,0,0,0,0,0,0,0,0,0,0,0,0
11,19,0,1,Night,Sun above horizon but GHI below 1,87.8729476928711,2.1270530223846436,244.50985717773438,0,0,0,0,-0.00009765625145519152,3.069999933242798,=NA(),0,18.781551361083984,1.4163999557495117,0.34380000829696655,0.08399999886751175,=NA(),20,1013.25,0,0,0,0,0,-0.00000610351571594947,0,0,0,0,0,0,0,0,0,0,0,0,0,0
11,20,0,1,Night,,101.67105865478516,-11.671060562133789,232.72605895996094,0,0,0,0,-0.00009765625145519152,3.319999933242798,=NA(),0,64.81599426269531,1.4163999557495117,0.34380000829696655,0.08399999886751175,=NA(),20,1013.25,0,0,0,0,0,-0.00000610351571594947,0,0,0,0,0,0,0,0,0,0,0,0,0,0
11,21,0,1,Night,,110.66259002685547,-20.662586212158203,221.67018127441406,0,0,0,0,-0.00009765625145519152,3.5399999618530273,=NA(),0,64.81599426269531,1.4163999557495117,0.34380000829696655,0.08399999886751175,=NA(),20,1013.25,0,0,0,0,0,-0.00000610351571594947,0,0,0,0,0,0,0,0,0,0,0,0,0,0
11,22,0,1,Night,,117.72997283935547,-27.72997283935547,208.50978088378906,0,0,0,0,-0.00009765625145519152,3.7799999713897705,=NA(),0,64.81599426269531,1.4163999557495117,0.34380000829696655,0.08399999886751175,=NA(),20,1013.25,0,0,0,0,0,-0.00000610351571594947,0,0,0,0,0,0,0,0,0,0,0,0,0,0
11,23,0,1,Night,,122.12425231933594,-32.12424850463867,193.25033569335938,0,0,0,0,-0.00009765625145519152,4.130099773406982,=NA(),0,64.81599426269531,1.4163999557495117,0.34380000829696655,0.08399999886751175,=NA(),20,1013.25,0,0,0,0,0,-0.00000610351571594947,0,0,0,0,0,0,0,0,0,0,0,0,0,0
12,0,0,1,Night,,123.20491027832031,-33.20490646362305,176.74539184570312,0,0,0,0,-0.00009765625145519152,4.639999866485596,=NA(),0,64.81599426269531,1.4163999557495117,0.34380000829696655,0.08399999886751175,=NA(),20,1013.25,0,0,0,0,0,-0.00000610351571594947,0,0,0,0,0,0,0,0,0,0,0,0,0,0
12,1,0,1,Night,,120.78695678710938,-30.786954879760742,160.56069946289062,0,0,0,0,-0.00009765625145519152,5.090099811553955,=NA(),0,64.81599426269531,1.4163999557495117,0.34380000829696655,0.08399999886751175,=NA(),20,1013.25,0,0,0,0,0,-0.00000610351571594947,0,0,0,0,0,0,0,0,0,0,0,0,0,0
12,2,0,1,Night,,115.26813507080078,-25.26813316345215,146.06312561035156,0,0,0,0,-0.00009765625145519152,5.080100059509277,=NA(),0,64.81599426269531,1.4163999557495117,0.34380000829696655,0.08399999886751175,=NA(),20,1013.25,0,0,0,0,0,-0.00000610351571594947,0,0,0,0,0,0,0,0,0,0,0,0,0,0
12,3,0,1,Night,,107.37007904052734,-17.370079040527344,133.7467498779297,0,0,0,0,-0.00009765625145519152,4.659999847412109,=NA(),0,64.81599426269531,1.4163999557495117,0.34380000829696655,0.08399999886751175,=NA(),20,1013.25,0,0,0,0,0,-0.00000610351571594947,0,0,0,0,0,0,0,0,0,0,0,0,0,0
12,4,0,1,Night,,97.8022689819336,-7.802266597747803,123.39317321777344,0,0,0,0,-0.00009765625145519152,4.179999828338623,=NA(),0,64.81599426269531,1.4163999557495117,0.34380000829696655,0.08399999886751175,=NA(),20,1013.25,0,0,0,0,0,-0.00000610351571594947,0,0,0,0,0,0,0,0,0,0,0,0,0,0
12,5,0,1,Night,Sun above horizon but GHI below 1,85.82014465332031,4.179854393005371,113.78556823730469,0,0,0,0,-0.00009765625145519152,3.690000057220459,=NA(),0,11.89507007598877,1.4163999557495117,0.34380000829696655,0.08399999886751175,=NA(),20,1013.25,0,0,0,0,0,-0.00000610351571594947,0,0,0,0,0,0,0,0,0,0,0,0,0,0
12,6,0,1,Night,Sun above horizon but GHI below 1,75.42347717285156,14.576521873474121,106.51337432861328,0,0,0,0,-0.00009765625145519152,3.2200000286102295,=NA(),0,3.9188952445983887,1.4163999557495117,0.34380000829696655,0.08399999886751175,=NA(),20,1013.25,0,0,0,0,0,-0.00000610351571594947,0,0,0,0,0,0,0,0,0,0,0,0,0,0
12,7,0,1,Night,Sun above horizon but GHI below 1,63.48979187011719,26.510210037231445,98.87329864501953,0,0,0,0,-0.00009765625145519152,4.71999979019165,=NA(),0,2.2324581146240234,1.4163999557495117,0.34380000829696655,0.08399999886751175,=NA(),20,1013.25,0,0,0,0,0,-0.00000610351571594947,0,0,0,0,0,0,0,0,0,0,0,0,0,0
12,8,0,1,Night,Sun above horizon but GHI below 1,51.28491973876953,38.71508026123047,90.89086151123047,0,0,0,0,-0.00009765625145519152,5.339900016784668,=NA(),0,1.5966846942901611,1.4163999557495117,0.34380000829696655,0.08399999886751175,=NA(),20,1013.25,0,0,0,0,0,-0.00000610351571594947,0,0,0,0,0,0,0,0,0,0,0,0,0,0
12,9,0,1,Night,Sun above horizon but GHI below 1,39.05760192871094,50.94239807128906,81.41680908203125,0,0,0,0,-0.00009765625145519152,5.099899768829346,=NA(),0,1.287005066871643,1.4163999557495117,0.34380000829696655,0.08399999886751175,=NA(),20,1013.25,0,0,0,0,0,-0.00000610351571594947,0,0,0,0,0,0,0,0,0,0,0,0,0,0
12,10,0,1,Night,Sun above horizon but GHI below 1,27.22794532775879,62.77205276489258,67.74871826171875,0,0,0,0,-0.00009765625145519152,4.699900150299072,=NA(),0,1.1242640018463135,1.4163999557495117,0.34380000829696655,0.08399999886751175,=NA(),20,1013.25,0,0,0,0,0,-0.00000610351571594947,0,0,0,0,0,0,0,0,0,0,0,0,0,0
12,11,0,1,Night,Sun above horizon but GHI below 1,17.102092742919922,72.89791107177734,41.539031982421875,0,0,0,0,-0.00009765625145519152,4.210100173950195,=NA(),0,1.0460870265960693,1.4163999557495117,0.34380000829696655,0.08399999886751175,=NA(),20,1013.25,0,0,0,0,0,-0.00000610351571594947,0,0,0,0,0,0,0,0,0,0,0,0,0,0
12,12,0,1,Night,Sun above horizon but GHI below 1,13.65726089477539,76.34273529052734,348.5809020996094,0,0,0,0,-0.00009765625145519152,3.5399999618530273,=NA(),0,1.0289591550827026,1.4163999557495117,0.34380000829696655,0.08399999886751175,=NA(),20,1013.25,0,0,0,0,0,-0.00000610351571594947,0,0,0,0,0,0,0,0,0,0,0,0,0,0
12,13,0,1,Night,Sun above horizon but GHI below 1,20.621763229370117,69.37823486328125,305.88690185546875,0,0,0,0,-0.00009765625145519152,2.759999990463257,=NA(),0,1.0682361125946045,1.4163999557495117,0.34380000829696655,0.08399999886751175,=NA(),20,1013.25,0,0,0,0,0,-0.00000610351571594947,0,0,0,0,0,0,0,0,0,0,0,0,0,0
12,14,0,1,Night,Sun above horizon but GHI below 1,31.69933319091797,58.30066680908203,286.2300109863281,0,0,0,0,-0.00009765625145519152,2.0299999713897705,=NA(),0,1.174864649772644,1.4163999557495117,0.34380000829696655,0.08399999886751175,=NA(),20,1013.25,0,0,0,0,0,-0.00000610351571594947,0,0,0,0,0,0,0,0,0,0,0,0,0,0
12,15,0,1,Night,Sun above horizon but GHI below 1,43.763431549072266,46.236568450927734,274.70477294921875,0,0,0,0,-0.00009765625145519152,1.3899999856948853,=NA(),0,1.3835039138793945,1.4163999557495117,0.34380000829696655,0.08399999886751175,=NA(),20,1013.25,0,0,0,0,0,-0.00000610351571594947,0,0,0,0,0,0,0,0,0,0,0,0,0,0
12,16,0,1,Night,Sun above horizon but GHI below 1,56.02262878417969,33.97737121582031,266.0035095214844,0,0,0,0,-0.00009765625145519152,1.25,=NA(),0,1.7859277725219727,1.4163999557495117,0.34380000829696655,0.08399999886751175,=NA(),20,1013.25,0,0,0,0,0,-0.00000610351571594947,0,0,0,0,0,0,0,0,0,0,0,0,0,0
12,17,0,1,Night,Sun above horizon but GHI below 1,68.15957641601562,21.840423583984375,258.25689697265625,0,0,0,0,-0.00009765625145519152,1.5999000072479248,=NA(),0,2.6730306148529053,1.4163999557495117,0.34380000829696655,0.08399999886751175,=NA(),20,1013.25,0,0,0,0,0,-0.00000610351571594947,0,0,0,0,0,0,0,0,0,0,0,0,0,0
12,18,0,1,Night,Sun above horizon but GHI below 1,79.93009948730469,10.069903373718262,250.55987548828125,0,0,0,0,-0.00009765625145519152,2.469899892807007,=NA(),0,5.551338195800781,1.4163999557495117,0.34380000829696655,0.08399999886751175,=NA(),20,1013.25,0,0,0,0,0,-0.00000610351571594947,0,0,0,0,0,0,0,0,0,0,0,0,0,0
12,19,0,1,Night,Sun above horizon but GHI below 1,87.88045501708984,2.11954402923584,244.70797729492188,0,0,0,0,-0.00009765625145519152,3.049999952316284,=NA(),0,18.81926727294922,1.4163999557495117,0.34380000829696655,0.08399999886751175,=NA(),20,1013.25,0,0,0,0,0,-0.00000610351571594947,0,0,0,0,0,0,0,0,0,0,0,0,0,0
12,20,0,1,Night,,101.72360229492188,-11.723604202270508,232.90829467773438,0,0,0,0,-0.00009765625145519152,3.640000104904175,=NA(),0,64.81599426269531,1.4163999557495117,0.34380000829696655,0.08399999886751175,=NA(),20,1013.25,0,0,0,0,0,-0.00000610351571594947,0,0,0,0,0,0,0,0,0,0,0,0,0,0
12,21,0,1,Night,,110.74173736572266,-20.741737365722656,221.8503875732422,0,0,0,0,-0.00009765625145519152,4.789899826049805,=NA(),0,64.81599426269531,1.4163999557495117,0.34380000829696655,0.08399999886751175,=NA(),20,1013.25,0,0,0,0,0,-0.00000610351571594947,0,0,0,0,0,0,0,0,0,0,0,0,0,0
12,22,0,1,Night,,117.84013366699219,-27.840129852294922,208.67979431152344,0,0,0,0,-0.00009765625145519152,5.730100154876709,=NA(),0,64.81599426269531,1.4163999557495117,0.34380000829696655,0.08399999886751175,=NA(),20,1013.25,0,0,0,0,0,-0.00000610351571594947,0,0,0,0,0,0,0,0,0,0,0,0,0,0
12,23,0,1,Night,,122.26618957519531,-32.26618957519531,193.39352416992188,0,0,0,0,-0.00009765625145519152,5.960100173950195,=NA(),0,64.81599426269531,1.4163999557495117,0.34380000829696655,0.08399999886751175,=NA(),20,1013.25,0,0,0,0,0,-0.00000610351571594947,0,0,0,0,0,0,0,0,0,0,0,0,0,0
13,0,0,1,Night,,123.37300109863281,-33.37299728393555,176.84292602539062,0,0,0,0,-0.00009765625145519152,5.550000190734863,=NA(),0,64.81599426269531,1.4163999557495117,0.34380000829696655,0.08399999886751175,=NA(),20,1013.25,0,0,0,0,0,-0.00000610351571594947,0,0,0,0,0,0,0,0,0,0,0,0,0,0
13,1,0,1,Night,,120.9701156616211,-30.97011375427246,160.60452270507812,0,0,0,0,-0.00009765625145519152,5.240099906921387,=NA(),0,64.81599426269531,1.4163999557495117,0.34380000829696655,0.08399999886751175,=NA(),20,1013.25,0,0,0,0,0,-0.00000610351571594947,0,0,0,0,0,0,0,0,0,0,0,0,0,0
13,2,0,1,Night,,115.45520782470703,-25.4552059173584,146.0598907470703,0,0,0,0,-0.00009765625145519152,5.160099983215332,=NA(),0,64.81599426269531,1.4163999557495117,0.34380000829696655,0.08399999886751175,=NA(),20,1013.25,0,0,0,0,0,-0.00000610351571594947,0,0,0,0,0,0,0,0,0,0,0,0,0,0
13,3,0,1,Night,,107.55367279052734,-17.553674697875977,133.7091064453125,0,0,0,0,-0.00009765625145519152,5.019899845123291,=NA(),0,64.81599426269531,1.4163999557495117,0.34380000829696655,0.08399999886751175,=NA(),20,1013.25,0,0,0,0,0,-0.00000610351571594947,0,0,0,0,0,0,0,0,0,0,0,0,0,0
13,4,0,1,Night,,97.9804916381836,-7.980490207672119,123.3316879272461,0,0,0,0,-0.00009765625145519152,5.070000171661377,=NA(),0,64.81599426269531,1.4163999557495117,0.34380000829696655,0.08399999886751175,=NA(),20,1013.25,0,0,0,0,0,-0.00000610351571594947,0,0,0,0,0,0,0,0,0,0,0,0,0,0
13,5,0,1,Night,Sun above horizon but GHI below 1,85.89981842041016,4.100180149078369,113.64041900634766,0,0,0,0,-0.00009765625145519152,5.240099906921387,=NA(),0,12.073558807373047,1.4163999557495117,0.34380000829696655,0.08399999886751175,=NA(),20,1013.25,0,0,0,0,0,-0.00000610351571594947,0,0,0,0,0,0,0,0,0,0,0,0,0,0
13,6,0,1,Night,Sun above horizon but GHI below 1,75.58686828613281,14.413131713867188,106.41820526123047,0,0,0,0,-0.00009765625145519152,5.509900093078613,=NA(),0,3.9610190391540527,1.4163999557495117,0.34380000829696655,0.08399999886751175,=NA(),20,1013.25,0,0,0,0,0,-0.00000610351571594947,0,0,0,0,0,0,0,0,0,0,0,0,0,0
13,7,0,1,Night,Sun above horizon but GHI below 1,63.64894104003906,26.351058959960938,98.76107025146484,0,0,0,0,-0.00009765625145519152,5.53000020980835,=NA(),0,2.244852304458618,1.4163999557495117,0.34380000829696655,0.08399999886751175,=NA(),20,1013.25,0,0,0,0,0,-0.00000610351571594947,0,0,0,0,0,0,0,0,0,0,0,0,0,0
13,8,0,1,Night,Sun above horizon but GHI below 1,51.442081451416016,38.557918548583984,90.75751495361328,0,0,0,0,-0.00009765625145519152,5.349899768829346,=NA(),0,1.602149486541748,1.4163999557495117,0.34380000829696655,0.08399999886751175,=NA(),20,1013.25,0,0,0,0,0,-0.00000610351571594947,0,0,0,0,0,0,0,0,0,0,0,0,0,0
13,9,0,1,Night,Sun above horizon but GHI below 1,39.21697998046875,50.78302001953125,81.25650787353516,0,0,0,0,-0.00009765625145519152,5.109899997711182,=NA(),0,1.2899140119552612,1.4163999557495117,0.34380000829696655,0.08399999886751175,=NA(),20,1013.25,0,0,0,0,0,-0.00000610351571594947,0,0,0,0,0,0,0,0,0,0,0,0,0,0
13,10,0,1,Night,Sun above horizon but GHI below 1,27.397113800048828,62.60288619995117,67.56497192382812,0,0,0,0,-0.00009765625145519152,4.939899921417236,=NA(),0,1.1259759664535522,1.4163999557495117,0.34380000829696655,0.08399999886751175,=NA(),20,1013.25,0,0,0,0,0,-0.00000610351571594947,0,0,0,0,0,0,0,0,0,0,0,0,0,0
13,11,0,1,Night,Sun above horizon but GHI below 1,17.289600372314453,72.71039581298828,41.452972412109375,0,0,0,0,-0.00009765625145519152,4.829999923706055,=NA(),0,1.047144889831543,1.4163999557495117,0.34380000829696655,0.08399999886751175,=NA(),20,1013.25,0,0,0,0,0,-0.00000610351571594947,0,0,0,0,0,0,0,0,0,0,0,0,0,0
13,12,0,1,Night,Sun above horizon but GHI below 1,13.807147026062012,76.19285583496094,349.0690002441406,0,0,0,0,-0.00009765625145519152,4.730000019073486,=NA(),0,1.0296156406402588,1.4163999557495117,0.34380000829696655,0.08399999886751175,=NA(),20,1013.25,0,0,0,0,0,-0.00000610351571594947,0,0,0,0,0,0,0,0,0,0,0,0,0,0
13,13,0,1,Night,Sun above horizon but GHI below 1,20.676876068115234,69.32312774658203,306.4014892578125,0,0,0,0,-0.00009765625145519152,4.639999866485596,=NA(),0,1.0686227083206177,1.4163999557495117,0.34380000829696655,0.08399999886751175,=NA(),20,1013.25,0,0,0,0,0,-0.00000610351571594947,0,0,0,0,0,0,0,0,0,0,0,0,0,0
13,14,0,1,Night,Sun above horizon but GHI below 1,31.71478271484375,58.28521728515625,286.590087890625,0,0,0,0,-0.00009765625145519152,4.680099964141846,=NA(),0,1.1750599145889282,1.4163999557495117,0.34380000829696655,0.08399999886751175,=NA(),20,1013.25,0,0,0,0,0,-0.00000610351571594947,0,0,0,0,0,0,0,0,0,0,0,0,0,0
13,15,0,1,Night,Sun above horizon but GHI below 1,43.76692581176758,46.23307418823242,274.97955322265625,0,0,0,0,-0.00009765625145519152,4.880000114440918,=NA(),0,1.3835844993591309,1.4163999557495117,0.34380000829696655,0.08399999886751175,=NA(),20,1013.25,0,0,0,0,0,-0.00000610351571594947,0,0,0,0,0,0,0,0,0,0,0,0,0,0
13,16,0,1,Night,Sun above horizon but GHI below 1,56.025917053222656,33.974082946777344,266.2329406738281,0,0,0,0,-0.00009765625145519152,4.389900207519531,=NA(),0,1.786078929901123,1.4163999557495117,0.34380000829696655,0.08399999886751175,=NA(),20,1013.25,0,0,0,0,0,-0.00000610351571594947,0,0,0,0,0,0,0,0,0,0,0,0,0,0
13,17,0,1,Night,Sun above horizon but GHI below 1,68.16929626464844,21.830705642700195,258.4618835449219,0,0,0,0,-0.00009765625145519152,3.5099000930786133,=NA(),0,2.674147129058838,1.4163999557495117,0.34380000829696655,0.08399999886751175,=NA(),20,1013.25,0,0,0,0,0,-0.00000610351571594947,0,0,0,0,0,0,0,0,0,0,0,0,0,0
13,18,0,1,Night,Sun above horizon but GHI below 1,79.951171875,10.048829078674316,250.7523651123047,0,0,0,0,-0.00009765625145519152,3.1800999641418457,=NA(),0,5.562164306640625,1.4163999557495117,0.34380000829696655,0.08399999886751175,=NA(),20,1013.25,0,0,0,0,0,-0.00000610351571594947,0,0,0,0,0,0,0,0,0,0,0,0,0,0
13,19,0,1,Night,Sun above horizon but GHI below 1,87.8962631225586,2.1037392616271973,244.90792846679688,0,0,0,0,-0.00009765625145519152,3.0100998878479004,=NA(),0,18.899145126342773,1.4163999557495117,0.34380000829696655,0.08399999886751175,=NA(),20,1013.25,0,0,0,0,0,-0.00000610351571594947,0,0,0,0,0,0,0,0,0,0,0,0,0,0
13,20,0,1,Night,,101.78246307373047,-11.782461166381836,233.09397888183594,0,0,0,0,-0.00009765625145519152,2.9800000190734863,=NA(),0,64.81599426269531,1.4163999557495117,0.34380000829696655,0.08399999886751175,=NA(),20,1013.25,0,0,0,0,0,-0.00000610351571594947,0,0,0,0,0,0,0,0,0,0,0,0,0,0
13,21,0,1,Night,,110.82755279541016,-20.827550888061523,222.03323364257812,0,0,0,0,-0.00009765625145519152,3.1198999881744385,=NA(),0,64.81599426269531,1.4163999557495117,0.34380000829696655,0.08399999886751175,=NA(),20,1013.25,0,0,0,0,0,-0.00000610351571594947,0,0,0,0,0,0,0,0,0,0,0,0,0,0
13,22,0,1,Night,,117.95724487304688,-27.957242965698242,208.85121154785156,0,0,0,0,-0.00009765625145519152,3.4298999309539795,=NA(),0,64.81599426269531,1.4163999557495117,0.34380000829696655,0.08399999886751175,=NA(),20,1013.25,0,0,0,0,0,-0.00000610351571594947,0,0,0,0,0,0,0,0,0,0,0,0,0,0
13,23,0,1,Night,,122.41517639160156,-32.41517639160156,193.53627014160156,0,0,0,0,-0.00009765625145519152,3.9198999404907227,=NA(),0,64.81599426269531,1.4163999557495117,0.34380000829696655,0.08399999886751175,=NA(),20,1013.25,0,0,0,0,0,-0.00000610351571594947,0,0,0,0,0,0,0,0,0,0,0,0,0,0
14,0,0,1,Night,,123.54776763916016,-33.54776382446289,176.93780517578125,0,0,0,0,-0.00009765625145519152,3.900099992752075,=NA(),0,64.81599426269531,1.4163999557495117,0.34380000829696655,0.08399999886751175,=NA(),20,1013.25,0,0,0,0,0,-0.00000610351571594947,0,0,0,0,0,0,0,0,0,0,0,0,0,0
14,1,0,1,Night,,121.15919494628906,-31.159196853637695,160.64369201660156,0,0,0,0,-0.00009765625145519152,3.559999942779541,=NA(),0,64.81599426269531,1.4163999557495117,0.34380000829696655,0.08399999886751175,=NA(),20,1013.25,0,0,0,0,0,-0.00000610351571594947,0,0,0,0,0,0,0,0,0,0,0,0,0,0
14,2,0,1,Night,,115.6471939086914,-25.647193908691406,146.05072021484375,0,0,0,0,-0.00009765625145519152,3.090100049972534,=NA(),0,64.81599426269531,1.4163999557495117,0.34380000829696655,0.08399999886751175,=NA(),20,1013.25,0,0,0,0,0,-0.00000610351571594947,0,0,0,0,0,0,0,0,0,0,0,0,0,0
14,3,0,1,Night,,107.74116516113281,-17.741165161132812,133.66502380371094,0,0,0,0,-0.00009765625145519152,2.719899892807007,=NA(),0,64.81599426269531,1.4163999557495117,0.34380000829696655,0.08399999886751175,=NA(),20,1013.25,0,0,0,0,0,-0.00000610351571594947,0,0,0,0,0,0,0,0,0,0,0,0,0,0
14,4,0,1,Night,,98.1615219116211,-8.161520957946777,123.26351928710938,0,0,0,0,-0.00009765625145519152,2.569999933242798,=NA(),0,64.81599426269531,1.4163999557495117,0.34380000829696655,0.08399999886751175,=NA(),20,1013.25,0,0,0,0,0,-0.00000610351571594947,0,0,0,0,0,0,0,0,0,0,0,0,0,0
14,5,0,1,Night,Sun above horizon but GHI below 1,85.97545623779297,4.024546146392822,113.48361206054688,0,0,0,0,-0.00009765625145519152,3.4900999069213867,=NA(),0,12.247620582580566,1.4163999557495117,0.34380000829696655,0.08399999886751175,=NA(),20,1013.25,0,0,0,0,0,-0.00000610351571594947,0,0,0,0,0,0,0,0,0,0,0,0,0,0
14,6,0,1,Night,Sun above horizon but GHI below 1,75.75208282470703,14.247915267944336,106.31597900390625,0,0,0,0,-0.00009765625145519152,4.269999980926514,=NA(),0,4.004560470581055,1.4163999557495117,0.34380000829696655,0.08399999886751175,=NA(),20,1013.25,0,0,0,0,0,-0.00000610351571594947,0,0,0,0,0,0,0,0,0,0,0,0,0,0
14,7,0,1,Night,Sun above horizon but GHI below 1,63.809635162353516,26.190364837646484,98.64128112792969,0,0,0,0,-0.00009765625145519152,5.109899997711182,=NA(),0,2.257524013519287,1.4163999557495117,0.34380000829696655,0.08399999886751175,=NA(),20,1013.25,0,0,0,0,0,-0.00000610351571594947,0,0,0,0,0,0,0,0,0,0,0,0,0,0
14,8,0,1,Night,Sun above horizon but GHI below 1,51.6006965637207,38.3993034362793,90.6156997680664,0,0,0,0,-0.00009765625145519152,6.110000133514404,=NA(),0,1.6077152490615845,1.4163999557495117,0.34380000829696655,0.08399999886751175,=NA(),20,1013.25,0,0,0,0,0,-0.00000610351571594947,0,0,0,0,0,0,0,0,0,0,0,0,0,0
14,9,0,1,Night,Sun above horizon but GHI below 1,39.37803649902344,50.62196350097656,81.0861587524414,0,0,0,0,-0.00009765625145519152,6.929900169372559,=NA(),0,1.292876958847046,1.4163999557495117,0.34380000829696655,0.08399999886751175,=NA(),20,1013.25,0,0,0,0,0,-0.00000610351571594947,0,0,0,0,0,0,0,0,0,0,0,0,0,0
14,10,0,1,Night,Sun above horizon but GHI below 1,27.568702697753906,62.431297302246094,67.36846923828125,0,0,0,0,-0.00009765625145519152,7.53000020980835,=NA(),0,1.1277278661727905,1.4163999557495117,0.34380000829696655,0.08399999886751175,=NA(),20,1013.25,0,0,0,0,0,-0.00000610351571594947,0,0,0,0,0,0,0,0,0,0,0,0,0,0
14,11,0,1,Night,Sun above horizon but GHI below 1,17.481416702270508,72.51858520507812,41.34934997558594,0,0,0,0,-0.00009765625145519152,7.929999828338623,=NA(),0,1.0482409000396729,1.4163999557495117,0.34380000829696655,0.08399999886751175,=NA(),20,1013.25,0,0,0,0,0,-0.00000610351571594947,0,0,0,0,0,0,0,0,0,0,0,0,0,0
14,12,0,1,Night,Sun above horizon but GHI below 1,13.96509838104248,76.03490447998047,349.5420227050781,0,0,0,0,-0.00009765625145519152,8.270099639892578,=NA(),0,1.0303161144256592,1.4163999557495117,0.34380000829696655,0.08399999886751175,=NA(),20,1013.25,0,0,0,0,0,-0.00000610351571594947,0,0,0,0,0,0,0,0,0,0,0,0,0,0
14,13,0,1,Night,Sun above horizon but GHI below 1,20.739965438842773,69.2600326538086,306.9224853515625,0,0,0,0,-0.00009765625145519152,8.550000190734863,=NA(),0,1.0690667629241943,1.4163999557495117,0.34380000829696655,0.08399999886751175,=NA(),20,1013.25,0,0,0,0,0,-0.00000610351571594947,0,0,0,0,0,0,0,0,0,0,0,0,0,0
14,14,0,1,Night,Sun above horizon but GHI below 1,31.73685073852539,58.26314926147461,286.95843505859375,0,0,0,0,-0.00009765625145519152,8.699899673461914,=NA(),0,1.1753392219543457,1.4163999557495117,0.34380000829696655,0.08399999886751175,=NA(),20,1013.25,0,0,0,0,0,-0.00000610351571594947,0,0,0,0,0,0,0,0,0,0,0,0,0,0
14,15,0,1,Night,Sun above horizon but GHI below 1,43.776371002197266,46.223628997802734,275.26129150390625,0,0,0,0,-0.00009765625145519152,8.65999984741211,=NA(),0,1.3838024139404297,1.4163999557495117,0.34380000829696655,0.08399999886751175,=NA(),20,1013.25,0,0,0,0,0,-0.00000610351571594947,0,0,0,0,0,0,0,0,0,0,0,0,0,0
14,16,0,1,Night,Sun above horizon but GHI below 1,56.0349006652832,33.9650993347168,266.46826171875,0,0,0,0,-0.00009765625145519152,8.239999771118164,=NA(),0,1.7864924669265747,1.4163999557495117,0.34380000829696655,0.08399999886751175,=NA(),20,1013.25,0,0,0,0,0,-0.00000610351571594947,0,0,0,0,0,0,0,0,0,0,0,0,0,0
14,17,0,1,Night,Sun above horizon but GHI below 1,68.1846923828125,21.8153076171875,258.6719055175781,0,0,0,0,-0.00009765625145519152,6.670100212097168,=NA(),0,2.675917625427246,1.4163999557495117,0.34380000829696655,0.08399999886751175,=NA(),20,1013.25,0,0,0,0,0,-0.00000610351571594947,0,0,0,0,0,0,0,0,0,0,0,0,0,0
14,18,0,1,Night,Sun above horizon but GHI below 1,79.97801208496094,10.021988868713379,250.94927978515625,0,0,0,0,-0.00009765625145519152,4.360000133514404,=NA(),0,5.576016426086426,1.4163999557495117,0.34380000829696655,0.08399999886751175,=NA(),20,1013.25,0,0,0,0,0,-0.00000610351571594947,0,0,0,0,0,0,0,0,0,0,0,0,0,0
14,19,0,1,Night,Sun above horizon but GHI below 1,87.9089584350586,2.091042995452881,245.11898803710938,0,0,0,0,-0.00009765625145519152,3.4900999069213867,=NA(),0,18.96367835998535,1.4163999557495117,0.34380000829696655,0.08399999886751175,=NA(),20,1013.25,0,0,0,0,0,-0.00000610351571594947,0,0,0,0,0,0,0,0,0,0,0,0,0,0
14,20,0,1,Night,,101.84762573242188,-11.847622871398926,233.28298950195312,0,0,0,0,-0.00009765625145519152,3.279900074005127,=NA(),0,64.81599426269531,1.4163999557495117,0.34380000829696655,0.08399999886751175,=NA(),20,1013.25,0,0,0,0,0,-0.00000610351571594947,0,0,0,0,0,0,0,0,0,0,0,0,0,0
14,21,0,1,Night,,110.9200210571289,-20.920019149780273,222.21861267089844,0,0,0,0,-0.00009765625145519152,3.1098999977111816,=NA(),0,64.81599426269531,1.4163999557495117,0.34380000829696655,0.08399999886751175,=NA(),20,1013.25,0,0,0,0,0,-0.00000610351571594947,0,0,0,0,0,0,0,0,0,0,0,0,0,0
14,22,0,1,Night,,118.08129119873047,-28.08129119873047,209.02392578125,0,0,0,0,-0.00009765625145519152,2.860100030899048,=NA(),0,64.81599426269531,1.4163999557495117,0.34380000829696655,0.08399999886751175,=NA(),20,1013.25,0,0,0,0,0,-0.00000610351571594947,0,0,0,0,0,0,0,0,0,0,0,0,0,0
14,23,0,1,Night,,122.57113647460938,-32.57113265991211,193.6785125732422,0,0,0,0,-0.00009765625145519152,2.6600000858306885,=NA(),0,64.81599426269531,1.4163999557495117,0.34380000829696655,0.08399999886751175,=NA(),20,1013.25,0,0,0,0,0,-0.00000610351571594947,0,0,0,0,0,0,0,0,0,0,0,0,0,0
15,0,0,1,Night,,123.72917175292969,-33.72917556762695,177.0299530029297,0,0,0,0,-0.00009765625145519152,2.4500999450683594,=NA(),0,64.81599426269531,1.4163999557495117,0.34380000829696655,0.08399999886751175,=NA(),20,1013.25,0,0,0,0,0,-0.00000610351571594947,0,0,0,0,0,0,0,0,0,0,0,0,0,0
15,1,0,1,Night,,121.35411834716797,-31.35411834716797,160.67813110351562,0,0,0,0,-0.00009765625145519152,2.200000047683716,=NA(),0,64.81599426269531,1.4163999557495117,0.34380000829696655,0.08399999886751175,=NA(),20,1013.25,0,0,0,0,0,-0.00000610351571594947,0,0,0,0,0,0,0,0,0,0,0,0,0,0
15,2,0,1,Night,,115.84395599365234,-25.843952178955078,146.03561401367188,0,0,0,0,-0.00009765625145519152,1.8799999952316284,=NA(),0,64.81599426269531,1.4163999557495117,0.34380000829696655,0.08399999886751175,=NA(),20,1013.25,0,0,0,0,0,-0.00000610351571594947,0,0,0,0,0,0,0,0,0,0,0,0,0,0
15,3,0,1,Night,,107.93242645263672,-17.932424545288086,133.61439514160156,0,0,0,0,-0.00009765625145519152,1.5700000524520874,=NA(),0,64.81599426269531,1.4163999557495117,0.34380000829696655,0.08399999886751175,=NA(),20,1013.25,0,0,0,0,0,-0.00000610351571594947,0,0,0,0,0,0,0,0,0,0,0,0,0,0
15,4,0,1,Night,,98.34524536132812,-8.345243453979492,123.18866729736328,0,0,0,0,-0.00009765625145519152,1.5298999547958374,=NA(),0,64.81599426269531,1.4163999557495117,0.34380000829696655,0.08399999886751175,=NA(),20,1013.25,0,0,0,0,0,-0.00000610351571594947,0,0,0,0,0,0,0,0,0,0,0,0,0,0
15,5,0,1,Night,Sun above horizon but GHI below 1,86.0559310913086,3.944065570831299,113.32206726074219,0,0,0,0,-0.00009765625145519152,2.3399999141693115,=NA(),0,12.437989234924316,1.4163999557495117,0.34380000829696655,0.08399999886751175,=NA(),20,1013.25,0,0,0,0,0,-0.00000610351571594947,0,0,0,0,0,0,0,0,0,0,0,0,0,0
15,6,0,1,Night,Sun above horizon but GHI below 1,75.91901397705078,14.080984115600586,106.20669555664062,0,0,0,0,-0.00009765625145519152,3.8901000022888184,=NA(),0,4.049553871154785,1.4163999557495117,0.34380000829696655,0.08399999886751175,=NA(),20,1013.25,0,0,0,0,0,-0.00000610351571594947,0,0,0,0,0,0,0,0,0,0,0,0,0,0
15,7,0,1,Night,Sun above horizon but GHI below 1,63.97176742553711,26.02823257446289,98.51396942138672,0,0,0,0,-0.00009765625145519152,5.349899768829346,=NA(),0,2.270472288131714,1.4163999557495117,0.34380000829696655,0.08399999886751175,=NA(),20,1013.25,0,0,0,0,0,-0.00000610351571594947,0,0,0,0,0,0,0,0,0,0,0,0,0,0
15,8,0,1,Night,Sun above horizon but GHI below 1,51.760677337646484,38.239322662353516,90.46550750732422,0,0,0,0,-0.00009765625145519152,6.299900054931641,=NA(),0,1.6133805513381958,1.4163999557495117,0.34380000829696655,0.08399999886751175,=NA(),20,1013.25,0,0,0,0,0,-0.00000610351571594947,0,0,0,0,0,0,0,0,0,0,0,0,0,0
15,9,0,1,Night,Sun above horizon but GHI below 1,39.54069137573242,50.45930862426758,80.90589904785156,0,0,0,0,-0.00009765625145519152,7.059999942779541,=NA(),0,1.2958935499191284,1.4163999557495117,0.34380000829696655,0.08399999886751175,=NA(),20,1013.25,0,0,0,0,0,-0.00000610351571594947,0,0,0,0,0,0,0,0,0,0,0,0,0,0
15,10,0,1,Night,Sun above horizon but GHI below 1,27.742652893066406,62.257347106933594,67.15946197509766,0,0,0,0,-0.00009765625145519152,7.929999828338623,=NA(),0,1.1295198202133179,1.4163999557495117,0.34380000829696655,0.08399999886751175,=NA(),20,1013.25,0,0,0,0,0,-0.00000610351571594947,0,0,0,0,0,0,0,0,0,0,0,0,0,0
15,11,0,1,Night,Sun above horizon but GHI below 1,17.67745018005371,72.32254791259766,41.22868347167969,0,0,0,0,-0.00009765625145519152,8.76990032196045,=NA(),0,1.0493755340576172,1.4163999557495117,0.34380000829696655,0.08399999886751175,=NA(),20,1013.25,0,0,0,0,0,-0.00000610351571594947,0,0,0,0,0,0,0,0,0,0,0,0,0,0
15,12,0,1,Night,Sun above horizon but GHI below 1,14.130995750427246,75.86900329589844,349.99932861328125,0,0,0,0,-0.00009765625145519152,9.409899711608887,=NA(),0,1.0310612916946411,1.4163999557495117,0.34380000829696655,0.08399999886751175,=NA(),20,1013.25,0,0,0,0,0,-0.00000610351571594947,0,0,0,0,0,0,0,0,0,0,0,0,0,0
15,13,0,1,Night,Sun above horizon but GHI below 1,20.81111717224121,69.18888092041016,307.44891357421875,0,0,0,0,-0.00009765625145519152,10.010000228881836,=NA(),0,1.0695695877075195,1.4163999557495117,0.34380000829696655,0.08399999886751175,=NA(),20,1013.25,0,0,0,0,0,-0.00000610351571594947,0,0,0,0,0,0,0,0,0,0,0,0,0,0
15,14,0,1,Night,Sun above horizon but GHI below 1,31.765649795532227,58.234352111816406,287.3345947265625,0,0,0,0,-0.00009765625145519152,10.420000076293945,=NA(),0,1.175704002380371,1.4163999557495117,0.34380000829696655,0.08399999886751175,=NA(),20,1013.25,0,0,0,0,0,-0.00000610351571594947,0,0,0,0,0,0,0,0,0,0,0,0,0,0
15,15,0,1,Night,Sun above horizon but GHI below 1,43.791873931884766,46.208126068115234,275.5498352050781,0,0,0,0,-0.00009765625145519152,10.600000381469727,=NA(),0,1.3841601610183716,1.4163999557495117,0.34380000829696655,0.08399999886751175,=NA(),20,1013.25,0,0,0,0,0,-0.00000610351571594947,0,0,0,0,0,0,0,0,0,0,0,0,0,0
15,16,0,1,Night,Sun above horizon but GHI below 1,56.04967498779297,33.95032501220703,266.70928955078125,0,0,0,0,-0.00009765625145519152,10.65999984741211,=NA(),0,1.7871729135513306,1.4163999557495117,0.34380000829696655,0.08399999886751175,=NA(),20,1013.25,0,0,0,0,0,-0.00000610351571594947,0,0,0,0,0,0,0,0,0,0,0,0,0,0
15,17,0,1,Night,Sun above horizon but GHI below 1,68.20582580566406,21.79417610168457,258.8868408203125,0,0,0,0,-0.00009765625145519152,10.15999984741211,=NA(),0,2.678351879119873,1.4163999557495117,0.34380000829696655,0.08399999886751175,=NA(),20,1013.25,0,0,0,0,0,-0.00000610351571594947,0,0,0,0,0,0,0,0,0,0,0,0,0,0
15,18,0,1,Night,Sun above horizon but GHI below 1,80.01065826416016,9.98934555053711,251.15054321289062,0,0,0,0,-0.00009765625145519152,8.76990032196045,=NA(),0,5.592953205108643,1.4163999557495117,0.34380000829696655,0.08399999886751175,=NA(),20,1013.25,0,0,0,0,0,-0.00000610351571594947,0,0,0,0,0,0,0,0,0,0,0,0,0,0
15,19,0,1,Night,Sun above horizon but GHI below 1,87.92710876464844,2.072887420654297,245.33399963378906,0,0,0,0,-0.00009765625145519152,8.110099792480469,=NA(),0,19.056663513183594,1.4163999557495117,0.34380000829696655,0.08399999886751175,=NA(),20,1013.25,0,0,0,0,0,-0.00000610351571594947,0,0,0,0,0,0,0,0,0,0,0,0,0,0
15,20,0,1,Night,,101.91910552978516,-11.919109344482422,233.4751739501953,0,0,0,0,-0.00009765625145519152,7.53000020980835,=NA(),0,64.81599426269531,1.4163999557495117,0.34380000829696655,0.08399999886751175,=NA(),20,1013.25,0,0,0,0,0,-0.00000610351571594947,0,0,0,0,0,0,0,0,0,0,0,0,0,0
15,21,0,1,Night,,111.01911926269531,-21.019121170043945,222.4064178466797,0,0,0,0,-0.00009765625145519152,6.670100212097168,=NA(),0,64.81599426269531,1.4163999557495117,0.34380000829696655,0.08399999886751175,=NA(),20,1013.25,0,0,0,0,0,-0.00000610351571594947,0,0,0,0,0,0,0,0,0,0,0,0,0,0
15,22,0,1,Night,,118.21222686767578,-28.21222686767578,209.19786071777344,0,0,0,0,-0.00009765625145519152,6.429999828338623,=NA(),0,64.81599426269531,1.4163999557495117,0.34380000829696655,0.08399999886751175,=NA(),20,1013.25,0,0,0,0,0,-0.00000610351571594947,0,0,0,0,0,0,0,0,0,0,0,0,0,0
15,23,0,1,Night,,122.73401641845703,-32.7340202331543,193.8201141357422,0,0,0,0,-0.00009765625145519152,6.149899959564209,=NA(),0,64.81599426269531,1.4163999557495117,0.34380000829696655,0.08399999886751175,=NA(),20,1013.25,0,0,0,0,0,-0.00000610351571594947,0,0,0,0,0,0,0,0,0,0,0,0,0,0
16,0,0,1,Night,,123.91712951660156,-33.91712951660156,177.11923217773438,0,0,0,0,-0.00009765625145519152,5.840000152587891,=NA(),0,64.81599426269531,1.4163999557495117,0.34380000829696655,0.08399999886751175,=NA(),20,1013.25,0,0,0,0,0,-0.00000610351571594947,0,0,0,0,0,0,0,0,0,0,0,0,0,0
16,1,0,1,Night,,121.55476379394531,-31.55476188659668,160.7076873779297,0,0,0,0,-0.00009765625145519152,5.630000114440918,=NA(),0,64.81599426269531,1.4163999557495117,0.34380000829696655,0.08399999886751175,=NA(),20,1013.25,0,0,0,0,0,-0.00000610351571594947,0,0,0,0,0,0,0,0,0,0,0,0,0,0
16,2,0,1,Night,,116.04541778564453,-26.045421600341797,146.01441955566406,0,0,0,0,-0.00009765625145519152,5.449999809265137,=NA(),0,64.81599426269531,1.4163999557495117,0.34380000829696655,0.08399999886751175,=NA(),20,1013.25,0,0,0,0,0,-0.00000610351571594947,0,0,0,0,0,0,0,0,0,0,0,0,0,0
16,3,0,1,Night,,108.12732696533203,-18.12732696533203,133.55723571777344,0,0,0,0,-0.00009765625145519152,5.289999961853027,=NA(),0,64.81599426269531,1.4163999557495117,0.34380000829696655,0.08399999886751175,=NA(),20,1013.25,0,0,0,0,0,-0.00000610351571594947,0,0,0,0,0,0,0,0,0,0,0,0,0,0
16,4,0,1,Night,,98.53157043457031,-8.53156852722168,123.10707092285156,0,0,0,0,-0.00009765625145519152,5.519999980926514,=NA(),0,64.81599426269531,1.4163999557495117,0.34380000829696655,0.08399999886751175,=NA(),20,1013.25,0,0,0,0,0,-0.00000610351571594947,0,0,0,0,0,0,0,0,0,0,0,0,0,0
16,5,0,1,Night,Sun above horizon but GHI below 1,86.13811492919922,3.861884593963623,113.15350341796875,0,0,0,0,-0.00009765625145519152,6.889999866485596,=NA(),0,12.63807487487793,1.4163999557495117,0.34380000829696655,0.08399999886751175,=NA(),20,1013.25,0,0,0,0,0,-0.00000610351571594947,0,0,0,0,0,0,0,0,0,0,0,0,0,0
16,6,0,1,Night,Sun above horizon but GHI below 1,76.08753204345703,13.91246509552002,106.09040069580078,0,0,0,0,-0.00009765625145519152,7.440000057220459,=NA(),0,4.096029758453369,1.4163999557495117,0.34380000829696655,0.08399999886751175,=NA(),20,1013.25,0,0,0,0,0,-0.00000610351571594947,0,0,0,0,0,0,0,0,0,0,0,0,0,0
16,7,0,1,Night,Sun above horizon but GHI below 1,64.13524627685547,25.86475372314453,98.37919616699219,0,0,0,0,-0.00009765625145519152,7.339900016784668,=NA(),0,2.283696413040161,1.4163999557495117,0.34380000829696655,0.08399999886751175,=NA(),20,1013.25,0,0,0,0,0,-0.00000610351571594947,0,0,0,0,0,0,0,0,0,0,0,0,0,0
16,8,0,1,Night,Sun above horizon but GHI below 1,51.921939849853516,38.078060150146484,90.30701446533203,0,0,0,0,-0.00009765625145519152,7.190000057220459,=NA(),0,1.6191444396972656,1.4163999557495117,0.34380000829696655,0.08399999886751175,=NA(),20,1013.25,0,0,0,0,0,-0.00000610351571594947,0,0,0,0,0,0,0,0,0,0,0,0,0,0
16,9,0,1,Night,Sun above horizon but GHI below 1,39.70486831665039,50.29513168334961,80.71589660644531,0,0,0,0,-0.00009765625145519152,7.240099906921387,=NA(),0,1.2989634275436401,1.4163999557495117,0.34380000829696655,0.08399999886751175,=NA(),20,1013.25,0,0,0,0,0,-0.00000610351571594947,0,0,0,0,0,0,0,0,0,0,0,0,0,0
16,10,0,1,Night,Sun above horizon but GHI below 1,27.918903350830078,62.08109664916992,66.93824005126953,0,0,0,0,-0.00009765625145519152,7.409900188446045,=NA(),0,1.1313518285751343,1.4163999557495117,0.34380000829696655,0.08399999886751175,=NA(),20,1013.25,0,0,0,0,0,-0.00000610351571594947,0,0,0,0,0,0,0,0,0,0,0,0,0,0
16,11,0,1,Night,Sun above horizon but GHI below 1,17.87761688232422,72.12238311767578,41.09151077270508,0,0,0,0,-0.00009765625145519152,7.75,=NA(),0,1.0505492687225342,1.4163999557495117,0.34380000829696655,0.08399999886751175,=NA(),20,1013.25,0,0,0,0,0,-0.00000610351571594947,0,0,0,0,0,0,0,0,0,0,0,0,0,0
16,12,0,1,Night,Sun above horizon but GHI below 1,14.30471134185791,75.6952896118164,350.4403381347656,0,0,0,0,-0.00009765625145519152,8.20989990234375,=NA(),0,1.031851887702942,1.4163999557495117,0.34380000829696655,0.08399999886751175,=NA(),20,1013.25,0,0,0,0,0,-0.00000610351571594947,0,0,0,0,0,0,0,0,0,0,0,0,0,0
16,13,0,1,Night,Sun above horizon but GHI below 1,20.890390396118164,69.10961151123047,307.9798583984375,0,0,0,0,-0.00009765625145519152,8.739999771118164,=NA(),0,1.0701322555541992,1.4163999557495117,0.34380000829696655,0.08399999886751175,=NA(),20,1013.25,0,0,0,0,0,-0.00000610351571594947,0,0,0,0,0,0,0,0,0,0,0,0,0,0
16,14,0,1,Night,Sun above horizon but GHI below 1,31.80128288269043,58.19871520996094,287.7181701660156,0,0,0,0,-0.00009765625145519152,9.039999961853027,=NA(),0,1.1761561632156372,1.4163999557495117,0.34380000829696655,0.08399999886751175,=NA(),20,1013.25,0,0,0,0,0,-0.00000610351571594947,0,0,0,0,0,0,0,0,0,0,0,0,0,0
16,15,0,1,Night,Sun above horizon but GHI below 1,43.813514709472656,46.186485290527344,275.8448791503906,0,0,0,0,-0.00009765625145519152,8.9399995803833,=NA(),0,1.384660005569458,1.4163999557495117,0.34380000829696655,0.08399999886751175,=NA(),20,1013.25,0,0,0,0,0,-0.00000610351571594947,0,0,0,0,0,0,0,0,0,0,0,0,0,0
16,16,0,1,Night,Sun above horizon but GHI below 1,56.07029724121094,33.92970275878906,266.9558410644531,0,0,0,0,-0.00009765625145519152,8.470000267028809,=NA(),0,1.7881237268447876,1.4163999557495117,0.34380000829696655,0.08399999886751175,=NA(),20,1013.25,0,0,0,0,0,-0.00000610351571594947,0,0,0,0,0,0,0,0,0,0,0,0,0,0
16,17,0,1,Night,Sun above horizon but GHI below 1,68.23274993896484,21.767248153686523,259.1065368652344,0,0,0,0,-0.00009765625145519152,7.310100078582764,=NA(),0,2.681460380554199,1.4163999557495117,0.34380000829696655,0.08399999886751175,=NA(),20,1013.25,0,0,0,0,0,-0.00000610351571594947,0,0,0,0,0,0,0,0,0,0,0,0,0,0
16,18,0,1,Night,Sun above horizon but GHI below 1,80.04912567138672,9.950872421264648,251.35595703125,0,0,0,0,-0.00009765625145519152,5.170100212097168,=NA(),0,5.6130475997924805,1.4163999557495117,0.34380000829696655,0.08399999886751175,=NA(),20,1013.25,0,0,0,0,0,-0.00000610351571594947,0,0,0,0,0,0,0,0,0,0,0,0,0,0
16,19,0,1,Night,Sun above horizon but GHI below 1,87.94786071777344,2.052138328552246,245.55519104003906,0,0,0,0,-0.00009765625145519152,4.539899826049805,=NA(),0,19.163944244384766,1.4163999557495117,0.34380000829696655,0.08399999886751175,=NA(),20,1013.25,0,0,0,0,0,-0.00000610351571594947,0,0,0,0,0,0,0,0,0,0,0,0,0,0
16,20,0,1,Night,,101.99690246582031,-11.996898651123047,233.67051696777344,0,0,0,0,-0.00009765625145519152,4.530099868774414,=NA(),0,64.81599426269531,1.4163999557495117,0.34380000829696655,0.08399999886751175,=NA(),20,1013.25,0,0,0,0,0,-0.00000610351571594947,0,0,0,0,0,0,0,0,0,0,0,0,0,0
16,21,0,1,Night,,111.12484741210938,-21.124849319458008,222.59657287597656,0,0,0,0,-0.00009765625145519152,3.829900026321411,=NA(),0,64.81599426269531,1.4163999557495117,0.34380000829696655,0.08399999886751175,=NA(),20,1013.25,0,0,0,0,0,-0.00000610351571594947,0,0,0,0,0,0,0,0,0,0,0,0,0,0
16,22,0,1,Night,,118.35002136230469,-28.350021362304688,209.3729248046875,0,0,0,0,-0.00009765625145519152,3.1898999214172363,=NA(),0,64.81599426269531,1.4163999557495117,0.34380000829696655,0.08399999886751175,=NA(),20,1013.25,0,0,0,0,0,-0.00000610351571594947,0,0,0,0,0,0,0,0,0,0,0,0,0,0
16,23,0,1,Night,,122.90377044677734,-32.903770446777344,193.9610595703125,0,0,0,0,-0.00009765625145519152,2.9700000286102295,=NA(),0,64.81599426269531,1.4163999557495117,0.34380000829696655,0.08399999886751175,=NA(),20,1013.25,0,0,0,0,0,-0.00000610351571594947,0,0,0,0,0,0,0,0,0,0,0,0,0,0
17,0,0,1,Night,,124.1115493774414,-34.111549377441406,177.2055206298828,0,0,0,0,-0.00009765625145519152,2.95989990234375,=NA(),0,64.81599426269531,1.4163999557495117,0.34380000829696655,0.08399999886751175,=NA(),20,1013.25,0,0,0,0,0,-0.00000610351571594947,0,0,0,0,0,0,0,0,0,0,0,0,0,0
17,1,0,1,Night,,121.76103210449219,-31.761030197143555,160.7323455810547,0,0,0,0,-0.00009765625145519152,2.9300999641418457,=NA(),0,64.81599426269531,1.4163999557495117,0.34380000829696655,0.08399999886751175,=NA(),20,1013.25,0,0,0,0,0,-0.00000610351571594947,0,0,0,0,0,0,0,0,0,0,0,0,0,0
17,2,0,1,Night,,116.25142669677734,-26.251426696777344,145.98712158203125,0,0,0,0,-0.00009765625145519152,2.8798999786376953,=NA(),0,64.81599426269531,1.4163999557495117,0.34380000829696655,0.08399999886751175,=NA(),20,1013.25,0,0,0,0,0,-0.00000610351571594947,0,0,0,0,0,0,0,0,0,0,0,0,0,0
17,3,0,1,Night,,108.32574462890625,-18.325746536254883,133.4934539794922,0,0,0,0,-0.00009765625145519152,2.8299999237060547,=NA(),0,64.81599426269531,1.4163999557495117,0.34380000829696655,0.08399999886751175,=NA(),20,1013.25,0,0,0,0,0,-0.00000610351571594947,0,0,0,0,0,0,0,0,0,0,0,0,0,0
17,4,0,1,Night,,98.72039031982422,-8.720390319824219,123.01876068115234,0,0,0,0,-0.00009765625145519152,3.1898999214172363,=NA(),0,64.81599426269531,1.4163999557495117,0.34380000829696655,0.08399999886751175,=NA(),20,1013.25,0,0,0,0,0,-0.00000610351571594947,0,0,0,0,0,0,0,0,0,0,0,0,0,0
17,5,0,1,Night,Sun above horizon but GHI below 1,86.21885681152344,3.781141519546509,112.9756088256836,0,0,0,0,-0.00009765625145519152,4.420000076293945,=NA(),0,12.840503692626953,1.4163999557495117,0.34380000829696655,0.08399999886751175,=NA(),20,1013.25,0,0,0,0,0,-0.00000610351571594947,0,0,0,0,0,0,0,0,0,0,0,0,0,0
17,6,0,1,Night,Sun above horizon but GHI below 1,76.2575454711914,13.742454528808594,105.9671401977539,0,0,0,0,-0.00009765625145519152,4.960000038146973,=NA(),0,4.144026279449463,1.4163999557495117,0.34380000829696655,0.08399999886751175,=NA(),20,1013.25,0,0,0,0,0,-0.00000610351571594947,0,0,0,0,0,0,0,0,0,0,0,0,0,0
17,7,0,1,Night,Sun above horizon but GHI below 1,64.29996490478516,25.70003890991211,98.23703002929688,0,0,0,0,-0.00009765625145519152,5.000100135803223,=NA(),0,2.2971956729888916,1.4163999557495117,0.34380000829696655,0.08399999886751175,=NA(),20,1013.25,0,0,0,0,0,-0.00000610351571594947,0,0,0,0,0,0,0,0,0,0,0,0,0,0
17,8,0,1,Night,Sun above horizon but GHI below 1,52.08441162109375,37.91558837890625,90.14033508300781,0,0,0,0,-0.00009765625145519152,5.109899997711182,=NA(),0,1.6250061988830566,1.4163999557495117,0.34380000829696655,0.08399999886751175,=NA(),20,1013.25,0,0,0,0,0,-0.00000610351571594947,0,0,0,0,0,0,0,0,0,0,0,0,0,0
17,9,0,1,Night,Sun above horizon but GHI below 1,39.87051773071289,50.12948226928711,80.51629638671875,0,0,0,0,-0.00009765625145519152,5.259900093078613,=NA(),0,1.3020862340927124,1.4163999557495117,0.34380000829696655,0.08399999886751175,=NA(),20,1013.25,0,0,0,0,0,-0.00000610351571594947,0,0,0,0,0,0,0,0,0,0,0,0,0,0
17,10,0,1,Night,Sun above horizon but GHI below 1,28.09740447998047,61.90259552001953,66.70509338378906,0,0,0,0,-0.00009765625145519152,5.360000133514404,=NA(),0,1.1332242488861084,1.4163999557495117,0.34380000829696655,0.08399999886751175,=NA(),20,1013.25,0,0,0,0,0,-0.00000610351571594947,0,0,0,0,0,0,0,0,0,0,0,0,0,0
17,11,0,1,Night,Sun above horizon but GHI below 1,18.08184242248535,71.91815948486328,40.938385009765625,0,0,0,0,-0.00009765625145519152,5.53000020980835,=NA(),0,1.0517628192901611,1.4163999557495117,0.34380000829696655,0.08399999886751175,=NA(),20,1013.25,0,0,0,0,0,-0.00000610351571594947,0,0,0,0,0,0,0,0,0,0,0,0,0,0
17,12,0,1,Night,Sun above horizon but GHI below 1,14.486113548278809,75.51388549804688,350.8646545410156,0,0,0,0,-0.00009765625145519152,5.720099925994873,=NA(),0,1.0326889753341675,1.4163999557495117,0.34380000829696655,0.08399999886751175,=NA(),20,1013.25,0,0,0,0,0,-0.00000610351571594947,0,0,0,0,0,0,0,0,0,0,0,0,0,0
17,13,0,1,Night,Sun above horizon but GHI below 1,20.97783851623535,69.02216339111328,308.514404296875,0,0,0,0,-0.00009765625145519152,5.849999904632568,=NA(),0,1.070755958557129,1.4163999557495117,0.34380000829696655,0.08399999886751175,=NA(),20,1013.25,0,0,0,0,0,-0.00000610351571594947,0,0,0,0,0,0,0,0,0,0,0,0,0,0
17,14,0,1,Night,Sun above horizon but GHI below 1,31.84383773803711,58.15616226196289,288.1086730957031,0,0,0,0,-0.00009765625145519152,5.849999904632568,=NA(),0,1.1766972541809082,1.4163999557495117,0.34380000829696655,0.08399999886751175,=NA(),20,1013.25,0,0,0,0,0,-0.00000610351571594947,0,0,0,0,0,0,0,0,0,0,0,0,0,0
17,15,0,1,Night,Sun above horizon but GHI below 1,43.84136962890625,46.15863037109375,276.1461486816406,0,0,0,0,-0.00009765625145519152,5.710000038146973,=NA(),0,1.38530433177948,1.4163999557495117,0.34380000829696655,0.08399999886751175,=NA(),20,1013.25,0,0,0,0,0,-0.00000610351571594947,0,0,0,0,0,0,0,0,0,0,0,0,0,0
17,16,0,1,Night,Sun above horizon but GHI below 1,56.09683609008789,33.90316390991211,267.20770263671875,0,0,0,0,-0.00009765625145519152,5.460000038146973,=NA(),0,1.78934907913208,1.4163999557495117,0.34380000829696655,0.08399999886751175,=NA(),20,1013.25,0,0,0,0,0,-0.00000610351571594947,0,0,0,0,0,0,0,0,0,0,0,0,0,0
17,17,0,1,Night,Sun above horizon but GHI below 1,68.2655029296875,21.7344970703125,259.3308410644531,0,0,0,0,-0.00009765625145519152,4.260000228881836,=NA(),0,2.6852517127990723,1.4163999557495117,0.34380000829696655,0.08399999886751175,=NA(),20,1013.25,0,0,0,0,0,-0.00000610351571594947,0,0,0,0,0,0,0,0,0,0,0,0,0,0
17,18,0,1,Night,Sun above horizon but GHI below 1,80.09346771240234,9.906533241271973,251.5654296875,0,0,0,0,-0.00009765625145519152,3.340100049972534,=NA(),0,5.636383533477783,1.4163999557495117,0.34380000829696655,0.08399999886751175,=NA(),20,1013.25,0,0,0,0,0,-0.00000610351571594947,0,0,0,0,0,0,0,0,0,0,0,0,0,0
17,19,0,1,Night,Sun above horizon but GHI below 1,87.97122192382812,2.028775930404663,245.78248596191406,0,0,0,0,-0.00009765625145519152,3.240000009536743,=NA(),0,19.285926818847656,1.4163999557495117,0.34380000829696655,0.08399999886751175,=NA(),20,1013.25,0,0,0,0,0,-0.00000610351571594947,0,0,0,0,0,0,0,0,0,0,0,0,0,0
17,20,0,1,Night,,102.08099365234375,-12.08099365234375,233.8688507080078,0,0,0,0,-0.00009765625145519152,3.240000009536743,=NA(),0,64.81599426269531,1.4163999557495117,0.34380000829696655,0.08399999886751175,=NA(),20,1013.25,0,0,0,0,0,-0.00000610351571594947,0,0,0,0,0,0,0,0,0,0,0,0,0,0
17,21,0,1,Night,,111.2371597290039,-21.237163543701172,222.7889862060547,0,0,0,0,-0.00009765625145519152,3.1500000953674316,=NA(),0,64.81599426269531,1.4163999557495117,0.34380000829696655,0.08399999886751175,=NA(),20,1013.25,0,0,0,0,0,-0.00000610351571594947,0,0,0,0,0,0,0,0,0,0,0,0,0,0
17,22,0,1,Night,,118.49461364746094,-28.494613647460938,209.54904174804688,0,0,0,0,-0.00009765625145519152,3.0201001167297363,=NA(),0,64.81599426269531,1.4163999557495117,0.34380000829696655,0.08399999886751175,=NA(),20,1013.25,0,0,0,0,0,-0.00000610351571594947,0,0,0,0,0,0,0,0,0,0,0,0,0,0
17,23,0,1,Night,,123.080322265625,-33.080326080322266,194.10116577148438,0,0,0,0,-0.00009765625145519152,2.860100030899048,=NA(),0,64.81599426269531,1.4163999557495117,0.34380000829696655,0.08399999886751175,=NA(),20,1013.25,0,0,0,0,0,-0.00000610351571594947,0,0,0,0,0,0,0,0,0,0,0,0,0,0
18,0,0,1,Night,,124.31237030029297,-34.3123664855957,177.28878784179688,0,0,0,0,-0.00009765625145519152,2.639899969100952,=NA(),0,64.81599426269531,1.4163999557495117,0.34380000829696655,0.08399999886751175,=NA(),20,1013.25,0,0,0,0,0,-0.00000610351571594947,0,0,0,0,0,0,0,0,0,0,0,0,0,0
18,1,0,1,Night,,121.97284698486328,-31.97284507751465,160.75196838378906,0,0,0,0,-0.00009765625145519152,2.3499999046325684,=NA(),0,64.81599426269531,1.4163999557495117,0.34380000829696655,0.08399999886751175,=NA(),20,1013.25,0,0,0,0,0,-0.00000610351571594947,0,0,0,0,0,0,0,0,0,0,0,0,0,0
18,2,0,1,Night,,116.46188354492188,-26.461881637573242,145.95361328125,0,0,0,0,-0.00009765625145519152,2.0299999713897705,=NA(),0,64.81599426269531,1.4163999557495117,0.34380000829696655,0.08399999886751175,=NA(),20,1013.25,0,0,0,0,0,-0.00000610351571594947,0,0,0,0,0,0,0,0,0,0,0,0,0,0
18,3,0,1,Night,,108.52755737304688,-18.527555465698242,133.42303466796875,0,0,0,0,-0.00009765625145519152,1.6899000406265259,=NA(),0,64.81599426269531,1.4163999557495117,0.34380000829696655,0.08399999886751175,=NA(),20,1013.25,0,0,0,0,0,-0.00000610351571594947,0,0,0,0,0,0,0,0,0,0,0,0,0,0
18,4,0,1,Night,,98.91161346435547,-8.91161060333252,122.92372131347656,0,0,0,0,-0.00009765625145519152,1.4300999641418457,=NA(),0,64.81599426269531,1.4163999557495117,0.34380000829696655,0.08399999886751175,=NA(),20,1013.25,0,0,0,0,0,-0.00000610351571594947,0,0,0,0,0,0,0,0,0,0,0,0,0,0
18,5,0,1,Night,Sun above horizon but GHI below 1,86.30406188964844,3.695939540863037,112.79302215576172,0,0,0,0,-0.00009765625145519152,1.5999000072479248,=NA(),0,13.060650825500488,1.4163999557495117,0.34380000829696655,0.08399999886751175,=NA(),20,1013.25,0,0,0,0,0,-0.00000610351571594947,0,0,0,0,0,0,0,0,0,0,0,0,0,0
18,6,0,1,Night,Sun above horizon but GHI below 1,76.428955078125,13.571044921875,105.83695220947266,0,0,0,0,-0.00009765625145519152,2.3099000453948975,=NA(),0,4.193586349487305,1.4163999557495117,0.34380000829696655,0.08399999886751175,=NA(),20,1013.25,0,0,0,0,0,-0.00000610351571594947,0,0,0,0,0,0,0,0,0,0,0,0,0,0
18,7,0,1,Night,Sun above horizon but GHI below 1,64.46583557128906,25.53416633605957,98.0875473022461,0,0,0,0,-0.00009765625145519152,3.369999885559082,=NA(),0,2.3109700679779053,1.4163999557495117,0.34380000829696655,0.08399999886751175,=NA(),20,1013.25,0,0,0,0,0,-0.00000610351571594947,0,0,0,0,0,0,0,0,0,0,0,0,0,0
18,8,0,1,Night,Sun above horizon but GHI below 1,52.24801254272461,37.75198745727539,89.9655532836914,0,0,0,0,-0.00009765625145519152,4.079899787902832,=NA(),0,1.630964756011963,1.4163999557495117,0.34380000829696655,0.08399999886751175,=NA(),20,1013.25,0,0,0,0,0,-0.00000610351571594947,0,0,0,0,0,0,0,0,0,0,0,0,0,0
18,9,0,1,Night,Sun above horizon but GHI below 1,40.03757095336914,49.96242904663086,80.30728149414062,0,0,0,0,-0.00009765625145519152,4.699900150299072,=NA(),0,1.3052619695663452,1.4163999557495117,0.34380000829696655,0.08399999886751175,=NA(),20,1013.25,0,0,0,0,0,-0.00000610351571594947,0,0,0,0,0,0,0,0,0,0,0,0,0,0
18,10,0,1,Night,Sun above horizon but GHI below 1,28.278106689453125,61.721893310546875,66.46031951904297,0,0,0,0,-0.00009765625145519152,5.480100154876709,=NA(),0,1.1351373195648193,1.4163999557495117,0.34380000829696655,0.08399999886751175,=NA(),20,1013.25,0,0,0,0,0,-0.00000610351571594947,0,0,0,0,0,0,0,0,0,0,0,0,0,0
18,11,0,1,Night,Sun above horizon but GHI below 1,18.290048599243164,71.70995330810547,40.76987075805664,0,0,0,0,-0.00009765625145519152,6.389900207519531,=NA(),0,1.0530165433883667,1.4163999557495117,0.34380000829696655,0.08399999886751175,=NA(),20,1013.25,0,0,0,0,0,-0.00000610351571594947,0,0,0,0,0,0,0,0,0,0,0,0,0,0
18,12,0,1,Night,Sun above horizon but GHI below 1,14.675065994262695,75.32493591308594,351.27178955078125,0,0,0,0,-0.00009765625145519152,7.199999809265137,=NA(),0,1.0335733890533447,1.4163999557495117,0.34380000829696655,0.08399999886751175,=NA(),20,1013.25,0,0,0,0,0,-0.00000610351571594947,0,0,0,0,0,0,0,0,0,0,0,0,0,0
18,13,0,1,Night,Sun above horizon but GHI below 1,21.07349967956543,68.92649841308594,309.0516052246094,0,0,0,0,-0.00009765625145519152,7.769999980926514,=NA(),0,1.0714420080184937,1.4163999557495117,0.34380000829696655,0.08399999886751175,=NA(),20,1013.25,0,0,0,0,0,-0.00000610351571594947,0,0,0,0,0,0,0,0,0,0,0,0,0,0
18,14,0,1,Night,Sun above horizon but GHI below 1,31.893394470214844,58.106605529785156,288.5057067871094,0,0,0,0,-0.00009765625145519152,8.120100021362305,=NA(),0,1.1773287057876587,1.4163999557495117,0.34380000829696655,0.08399999886751175,=NA(),20,1013.25,0,0,0,0,0,-0.00000610351571594947,0,0,0,0,0,0,0,0,0,0,0,0,0,0
18,15,0,1,Night,Sun above horizon but GHI below 1,43.87552261352539,46.12447738647461,276.45343017578125,0,0,0,0,-0.00009765625145519152,8.20989990234375,=NA(),0,1.386095643043518,1.4163999557495117,0.34380000829696655,0.08399999886751175,=NA(),20,1013.25,0,0,0,0,0,-0.00000610351571594947,0,0,0,0,0,0,0,0,0,0,0,0,0,0
18,16,0,1,Night,Sun above horizon but GHI below 1,56.12934494018555,33.87065505981445,267.4647521972656,0,0,0,0,-0.00009765625145519152,7.909999847412109,=NA(),0,1.7908527851104736,1.4163999557495117,0.34380000829696655,0.08399999886751175,=NA(),20,1013.25,0,0,0,0,0,-0.00000610351571594947,0,0,0,0,0,0,0,0,0,0,0,0,0,0
18,17,0,1,Night,Sun above horizon but GHI below 1,68.30413055419922,21.69586944580078,259.55963134765625,0,0,0,0,-0.00009765625145519152,6.409999847412109,=NA(),0,2.6897389888763428,1.4163999557495117,0.34380000829696655,0.08399999886751175,=NA(),20,1013.25,0,0,0,0,0,-0.00000610351571594947,0,0,0,0,0,0,0,0,0,0,0,0,0,0
18,18,0,1,Night,Sun above horizon but GHI below 1,80.14369201660156,9.856306076049805,251.77882385253906,0,0,0,0,-0.00009765625145519152,4.319900035858154,=NA(),0,5.6630473136901855,1.4163999557495117,0.34380000829696655,0.08399999886751175,=NA(),20,1013.25,0,0,0,0,0,-0.00000610351571594947,0,0,0,0,0,0,0,0,0,0,0,0,0,0
18,19,0,1,Night,Sun above horizon but GHI below 1,88.0000228881836,1.9999738931655884,246.01336669921875,0,0,0,0,-0.00009765625145519152,3.7499001026153564,=NA(),0,19.438186645507812,1.4163999557495117,0.34380000829696655,0.08399999886751175,=NA(),20,1013.25,0,0,0,0,0,-0.00000610351571594947,0,0,0,0,0,0,0,0,0,0,0,0,0,0
18,20,0,1,Night,,102.17137908935547,-12.171382904052734,234.0701141357422,0,0,0,0,-0.00009765625145519152,4.060100078582764,=NA(),0,64.81599426269531,1.4163999557495117,0.34380000829696655,0.08399999886751175,=NA(),20,1013.25,0,0,0,0,0,-0.00000610351571594947,0,0,0,0,0,0,0,0,0,0,0,0,0,0
18,21,0,1,Night,,111.35603332519531,-21.356033325195312,222.98355102539062,0,0,0,0,-0.00009765625145519152,4.579999923706055,=NA(),0,64.81599426269531,1.4163999557495117,0.34380000829696655,0.08399999886751175,=NA(),20,1013.25,0,0,0,0,0,-0.00000610351571594947,0,0,0,0,0,0,0,0,0,0,0,0,0,0
18,22,0,1,Night,,118.64596557617188,-28.64596939086914,209.7261199951172,0,0,0,0,-0.00009765625145519152,5.0100998878479,=NA(),0,64.81599426269531,1.4163999557495117,0.34380000829696655,0.08399999886751175,=NA(),20,1013.25,0,0,0,0,0,-0.00000610351571594947,0,0,0,0,0,0,0,0,0,0,0,0,0,0
18,23,0,1,Night,,123.26360321044922,-33.26359939575195,194.24044799804688,0,0,0,0,-0.00009765625145519152,5.130000114440918,=NA(),0,64.81599426269531,1.4163999557495117,0.34380000829696655,0.08399999886751175,=NA(),20,1013.25,0,0,0,0,0,-0.00000610351571594947,0,0,0,0,0,0,0,0,0,0,0,0,0,0
19,0,0,1,Night,,124.51947021484375,-34.51947021484375,177.36895751953125,0,0,0,0,-0.00009765625145519152,4.930099964141846,=NA(),0,64.81599426269531,1.4163999557495117,0.34380000829696655,0.08399999886751175,=NA(),20,1013.25,0,0,0,0,0,-0.00000610351571594947,0,0,0,0,0,0,0,0,0,0,0,0,0,0
19,1,0,1,Night,,122.19007873535156,-32.19008255004883,160.76644897460938,0,0,0,0,-0.00009765625145519152,4.579999923706055,=NA(),0,64.81599426269531,1.4163999557495117,0.34380000829696655,0.08399999886751175,=NA(),20,1013.25,0,0,0,0,0,-0.00000610351571594947,0,0,0,0,0,0,0,0,0,0,0,0,0,0
19,2,0,1,Night,,116.67668151855469,-26.676679611206055,145.91384887695312,0,0,0,0,-0.00009765625145519152,4.149899959564209,=NA(),0,64.81599426269531,1.4163999557495117,0.34380000829696655,0.08399999886751175,=NA(),20,1013.25,0,0,0,0,0,-0.00000610351571594947,0,0,0,0,0,0,0,0,0,0,0,0,0,0
19,3,0,1,Night,,108.73265838623047,-18.73265838623047,133.34593200683594,0,0,0,0,-0.00009765625145519152,3.700000047683716,=NA(),0,64.81599426269531,1.4163999557495117,0.34380000829696655,0.08399999886751175,=NA(),20,1013.25,0,0,0,0,0,-0.00000610351571594947,0,0,0,0,0,0,0,0,0,0,0,0,0,0
19,4,0,1,Night,,99.10511779785156,-9.105114936828613,122.82193756103516,0,0,0,0,-0.00009765625145519152,3.6798999309539795,=NA(),0,64.81599426269531,1.4163999557495117,0.34380000829696655,0.08399999886751175,=NA(),20,1013.25,0,0,0,0,0,-0.00000610351571594947,0,0,0,0,0,0,0,0,0,0,0,0,0,0
19,5,0,1,Night,Sun above horizon but GHI below 1,86.38455963134766,3.6154391765594482,112.59884643554688,0,0,0,0,-0.00009765625145519152,3.940000057220459,=NA(),0,13.275049209594727,1.4163999557495117,0.34380000829696655,0.08399999886751175,=NA(),20,1013.25,0,0,0,0,0,-0.00000610351571594947,0,0,0,0,0,0,0,0,0,0,0,0,0,0
19,6,0,1,Night,Sun above horizon but GHI below 1,76.60165405273438,13.398348808288574,105.69989013671875,0,0,0,0,-0.00009765625145519152,3.5000998973846436,=NA(),0,4.24474573135376,1.4163999557495117,0.34380000829696655,0.08399999886751175,=NA(),20,1013.25,0,0,0,0,0,-0.00000610351571594947,0,0,0,0,0,0,0,0,0,0,0,0,0,0
19,7,0,1,Night,Sun above horizon but GHI below 1,64.63278198242188,25.367216110229492,97.93082427978516,0,0,0,0,-0.00009765625145519152,2.6700000762939453,=NA(),0,2.3250203132629395,1.4163999557495117,0.34380000829696655,0.08399999886751175,=NA(),20,1013.25,0,0,0,0,0,-0.00000610351571594947,0,0,0,0,0,0,0,0,0,0,0,0,0,0
19,8,0,1,Night,Sun above horizon but GHI below 1,52.41267013549805,37.58732986450195,89.78280639648438,0,0,0,0,-0.00009765625145519152,2.3099000453948975,=NA(),0,1.6370196342468262,1.4163999557495117,0.34380000829696655,0.08399999886751175,=NA(),20,1013.25,0,0,0,0,0,-0.00000610351571594947,0,0,0,0,0,0,0,0,0,0,0,0,0,0
19,9,0,1,Night,Sun above horizon but GHI below 1,40.20598220825195,49.79401779174805,80.0890121459961,0,0,0,0,-0.00009765625145519152,2.5999999046325684,=NA(),0,1.30849027633667,1.4163999557495117,0.34380000829696655,0.08399999886751175,=NA(),20,1013.25,0,0,0,0,0,-0.00000610351571594947,0,0,0,0,0,0,0,0,0,0,0,0,0,0
19,10,0,1,Night,Sun above horizon but GHI below 1,28.46097183227539,61.53902816772461,66.20423889160156,0,0,0,0,-0.00009765625145519152,3.349900007247925,=NA(),0,1.1370913982391357,1.4163999557495117,0.34380000829696655,0.08399999886751175,=NA(),20,1013.25,0,0,0,0,0,-0.00000610351571594947,0,0,0,0,0,0,0,0,0,0,0,0,0,0
19,11,0,1,Night,Sun above horizon but GHI below 1,18.50217056274414,71.49783325195312,40.58654022216797,0,0,0,0,-0.00009765625145519152,4.329999923706055,=NA(),0,1.0543113946914673,1.4163999557495117,0.34380000829696655,0.08399999886751175,=NA(),20,1013.25,0,0,0,0,0,-0.00000610351571594947,0,0,0,0,0,0,0,0,0,0,0,0,0,0
19,12,0,1,Night,Sun above horizon but GHI below 1,14.871428489685059,75.12857055664062,351.66162109375,0,0,0,0,-0.00009765625145519152,5.289999961853027,=NA(),0,1.0345059633255005,1.4163999557495117,0.34380000829696655,0.08399999886751175,=NA(),20,1013.25,0,0,0,0,0,-0.00000610351571594947,0,0,0,0,0,0,0,0,0,0,0,0,0,0
19,13,0,1,Night,Sun above horizon but GHI below 1,21.177398681640625,68.82260131835938,309.5906066894531,0,0,0,0,-0.00009765625145519152,5.9899001121521,=NA(),0,1.0721914768218994,1.4163999557495117,0.34380000829696655,0.08399999886751175,=NA(),20,1013.25,0,0,0,0,0,-0.00000610351571594947,0,0,0,0,0,0,0,0,0,0,0,0,0,0
19,14,0,1,Night,Sun above horizon but GHI below 1,31.950027465820312,58.04997253417969,288.9087829589844,0,0,0,0,-0.00009765625145519152,6.340000152587891,=NA(),0,1.178052306175232,1.4163999557495117,0.34380000829696655,0.08399999886751175,=NA(),20,1013.25,0,0,0,0,0,-0.00000610351571594947,0,0,0,0,0,0,0,0,0,0,0,0,0,0
19,15,0,1,Night,Sun above horizon but GHI below 1,43.91603088378906,46.08396911621094,276.766357421875,0,0,0,0,-0.00009765625145519152,6.360099792480469,=NA(),0,1.387035846710205,1.4163999557495117,0.34380000829696655,0.08399999886751175,=NA(),20,1013.25,0,0,0,0,0,-0.00000610351571594947,0,0,0,0,0,0,0,0,0,0,0,0,0,0
19,16,0,1,Night,Sun above horizon but GHI below 1,56.167877197265625,33.832122802734375,267.7266845703125,0,0,0,0,-0.00009765625145519152,6.059899806976318,=NA(),0,1.792639136314392,1.4163999557495117,0.34380000829696655,0.08399999886751175,=NA(),20,1013.25,0,0,0,0,0,-0.00000610351571594947,0,0,0,0,0,0,0,0,0,0,0,0,0,0
19,17,0,1,Night,Sun above horizon but GHI below 1,68.34866333007812,21.651334762573242,259.792724609375,0,0,0,0,-0.00009765625145519152,4.460100173950195,=NA(),0,2.6949315071105957,1.4163999557495117,0.34380000829696655,0.08399999886751175,=NA(),20,1013.25,0,0,0,0,0,-0.00000610351571594947,0,0,0,0,0,0,0,0,0,0,0,0,0,0
19,18,0,1,Night,Sun above horizon but GHI below 1,80.1998062133789,9.800192832946777,251.9960479736328,0,0,0,0,-0.00009765625145519152,3.7899999618530273,=NA(),0,5.693136692047119,1.4163999557495117,0.34380000829696655,0.08399999886751175,=NA(),20,1013.25,0,0,0,0,0,-0.00000610351571594947,0,0,0,0,0,0,0,0,0,0,0,0,0,0
19,19,0,1,Night,Sun above horizon but GHI below 1,88.02851867675781,1.971482515335083,246.25244140625,0,0,0,0,-0.00009765625145519152,3.9198999404907227,=NA(),0,19.590831756591797,1.4163999557495117,0.34380000829696655,0.08399999886751175,=NA(),20,1013.25,0,0,0,0,0,-0.00000610351571594947,0,0,0,0,0,0,0,0,0,0,0,0,0,0
19,20,0,1,Night,,102.26803588867188,-12.268037796020508,234.274169921875,0,0,0,0,-0.00009765625145519152,3.4700000286102295,=NA(),0,64.81599426269531,1.4163999557495117,0.34380000829696655,0.08399999886751175,=NA(),20,1013.25,0,0,0,0,0,-0.00000610351571594947,0,0,0,0,0,0,0,0,0,0,0,0,0,0
19,21,0,1,Night,,111.48141479492188,-21.481412887573242,223.18020629882812,0,0,0,0,-0.00009765625145519152,3.0799999237060547,=NA(),0,64.81599426269531,1.4163999557495117,0.34380000829696655,0.08399999886751175,=NA(),20,1013.25,0,0,0,0,0,-0.00000610351571594947,0,0,0,0,0,0,0,0,0,0,0,0,0,0
19,22,0,1,Night,,118.80402374267578,-28.804025650024414,209.9040985107422,0,0,0,0,-0.00009765625145519152,5.090099811553955,=NA(),0,64.81599426269531,1.4163999557495117,0.34380000829696655,0.08399999886751175,=NA(),20,1013.25,0,0,0,0,0,-0.00000610351571594947,0,0,0,0,0,0,0,0,0,0,0,0,0,0
19,23,0,1,Night,,123.45354461669922,-33.453548431396484,194.37876892089844,0,0,0,0,-0.00009765625145519152,6.739999771118164,=NA(),0,64.81599426269531,1.4163999557495117,0.34380000829696655,0.08399999886751175,=NA(),20,1013.25,0,0,0,0,0,-0.00000610351571594947,0,0,0,0,0,0,0,0,0,0,0,0,0,0
20,0,0,1,Night,,124.7328109741211,-34.732810974121094,177.44589233398438,0,0,0,0,-0.00009765625145519152,6.869999885559082,=NA(),0,64.81599426269531,1.4163999557495117,0.34380000829696655,0.08399999886751175,=NA(),20,1013.25,0,0,0,0,0,-0.00000610351571594947,0,0,0,0,0,0,0,0,0,0,0,0,0,0
20,1,0,1,Night,,122.41265106201172,-32.41264724731445,160.77577209472656,0,0,0,0,-0.00009765625145519152,6.549900054931641,=NA(),0,64.81599426269531,1.4163999557495117,0.34380000829696655,0.08399999886751175,=NA(),20,1013.25,0,0,0,0,0,-0.00000610351571594947,0,0,0,0,0,0,0,0,0,0,0,0,0,0
20,2,0,1,Night,,116.89569091796875,-26.895692825317383,145.86778259277344,0,0,0,0,-0.00009765625145519152,6.29010009765625,=NA(),0,64.81599426269531,1.4163999557495117,0.34380000829696655,0.08399999886751175,=NA(),20,1013.25,0,0,0,0,0,-0.00000610351571594947,0,0,0,0,0,0,0,0,0,0,0,0,0,0
20,3,0,1,Night,,108.94091796875,-18.94091796875,133.26214599609375,0,0,0,0,-0.00009765625145519152,6.190000057220459,=NA(),0,64.81599426269531,1.4163999557495117,0.34380000829696655,0.08399999886751175,=NA(),20,1013.25,0,0,0,0,0,-0.00000610351571594947,0,0,0,0,0,0,0,0,0,0,0,0,0,0
20,4,0,1,Night,,99.30082702636719,-9.300823211669922,122.71344757080078,0,0,0,0,-0.00009765625145519152,6.229899883270264,=NA(),0,64.81599426269531,1.4163999557495117,0.34380000829696655,0.08399999886751175,=NA(),20,1013.25,0,0,0,0,0,-0.00000610351571594947,0,0,0,0,0,0,0,0,0,0,0,0,0,0
20,5,0,1,Night,Sun above horizon but GHI below 1,86.46927642822266,3.5307230949401855,112.40003967285156,0,0,0,0,-0.00009765625145519152,7.21999979019165,=NA(),0,13.507731437683105,1.4163999557495117,0.34380000829696655,0.08399999886751175,=NA(),20,1013.25,0,0,0,0,0,-0.00000610351571594947,0,0,0,0,0,0,0,0,0,0,0,0,0,0
20,6,0,1,Night,Sun above horizon but GHI below 1,76.77554321289062,13.22445297241211,105.5560073852539,0,0,0,0,-0.00009765625145519152,7.369999885559082,=NA(),0,4.297552585601807,1.4163999557495117,0.34380000829696655,0.08399999886751175,=NA(),20,1013.25,0,0,0,0,0,-0.00000610351571594947,0,0,0,0,0,0,0,0,0,0,0,0,0,0
20,7,0,1,Night,Sun above horizon but GHI below 1,64.80072021484375,25.19927978515625,97.76693725585938,0,0,0,0,-0.00009765625145519152,6.600100040435791,=NA(),0,2.339346170425415,1.4163999557495117,0.34380000829696655,0.08399999886751175,=NA(),20,1013.25,0,0,0,0,0,-0.00000610351571594947,0,0,0,0,0,0,0,0,0,0,0,0,0,0
20,8,0,1,Night,Sun above horizon but GHI below 1,52.578330993652344,37.421669006347656,89.59221649169922,0,0,0,0,-0.00009765625145519152,5.589900016784668,=NA(),0,1.6431704759597778,1.4163999557495117,0.34380000829696655,0.08399999886751175,=NA(),20,1013.25,0,0,0,0,0,-0.00000610351571594947,0,0,0,0,0,0,0,0,0,0,0,0,0,0
20,9,0,1,Night,Sun above horizon but GHI below 1,40.37569808959961,49.62430191040039,79.8616714477539,0,0,0,0,-0.00009765625145519152,4.559999942779541,=NA(),0,1.3117713928222656,1.4163999557495117,0.34380000829696655,0.08399999886751175,=NA(),20,1013.25,0,0,0,0,0,-0.00000610351571594947,0,0,0,0,0,0,0,0,0,0,0,0,0,0
20,10,0,1,Night,Sun above horizon but GHI below 1,28.645963668823242,61.354034423828125,65.93714904785156,0,0,0,0,-0.00009765625145519152,3.619999885559082,=NA(),0,1.1390868425369263,1.4163999557495117,0.34380000829696655,0.08399999886751175,=NA(),20,1013.25,0,0,0,0,0,-0.00000610351571594947,0,0,0,0,0,0,0,0,0,0,0,0,0,0
20,11,0,1,Night,Sun above horizon but GHI below 1,18.718143463134766,71.2818603515625,40.38900375366211,0,0,0,0,-0.00009765625145519152,2.819999933242798,=NA(),0,1.055647850036621,1.4163999557495117,0.34380000829696655,0.08399999886751175,=NA(),20,1013.25,0,0,0,0,0,-0.00000610351571594947,0,0,0,0,0,0,0,0,0,0,0,0,0,0
20,12,0,1,Night,Sun above horizon but GHI below 1,15.075052261352539,74.9249496459961,352.033935546875,0,0,0,0,-0.00009765625145519152,2.190000057220459,=NA(),0,1.0354876518249512,1.4163999557495117,0.34380000829696655,0.08399999886751175,=NA(),20,1013.25,0,0,0,0,0,-0.00000610351571594947,0,0,0,0,0,0,0,0,0,0,0,0,0,0
20,13,0,1,Night,Sun above horizon but GHI below 1,21.2895450592041,68.71045684814453,310.1305236816406,0,0,0,0,-0.00009765625145519152,1.7100000381469727,=NA(),0,1.0730056762695312,1.4163999557495117,0.34380000829696655,0.08399999886751175,=NA(),20,1013.25,0,0,0,0,0,-0.00000610351571594947,0,0,0,0,0,0,0,0,0,0,0,0,0,0
20,14,0,1,Night,Sun above horizon but GHI below 1,32.013790130615234,57.986209869384766,289.3174133300781,0,0,0,0,-0.00009765625145519152,1.399999976158142,=NA(),0,1.1788694858551025,1.4163999557495117,0.34380000829696655,0.08399999886751175,=NA(),20,1013.25,0,0,0,0,0,-0.00000610351571594947,0,0,0,0,0,0,0,0,0,0,0,0,0,0
20,15,0,1,Night,Sun above horizon but GHI below 1,43.96294403076172,46.03705596923828,277.084716796875,0,0,0,0,-0.00009765625145519152,1.2200000286102295,=NA(),0,1.3881274461746216,1.4163999557495117,0.34380000829696655,0.08399999886751175,=NA(),20,1013.25,0,0,0,0,0,-0.00000610351571594947,0,0,0,0,0,0,0,0,0,0,0,0,0,0
20,16,0,1,Night,Sun above horizon but GHI below 1,56.21246337890625,33.78753662109375,267.9934387207031,0,0,0,0,-0.00009765625145519152,1.1699999570846558,=NA(),0,1.794711709022522,1.4163999557495117,0.34380000829696655,0.08399999886751175,=NA(),20,1013.25,0,0,0,0,0,-0.00000610351571594947,0,0,0,0,0,0,0,0,0,0,0,0,0,0
20,17,0,1,Night,Sun above horizon but GHI below 1,68.39912414550781,21.600875854492188,260.02996826171875,0,0,0,0,-0.00009765625145519152,0.9800000190734863,=NA(),0,2.7008414268493652,1.4163999557495117,0.34380000829696655,0.08399999886751175,=NA(),20,1013.25,0,0,0,0,0,-0.00000610351571594947,0,0,0,0,0,0,0,0,0,0,0,0,0,0
20,18,0,1,Night,Sun above horizon but GHI below 1,80.2618179321289,9.738178253173828,252.21690368652344,0,0,0,0,-0.00009765625145519152,1.1101000308990479,=NA(),0,5.726755142211914,1.4163999557495117,0.34380000829696655,0.08399999886751175,=NA(),20,1013.25,0,0,0,0,0,-0.00000610351571594947,0,0,0,0,0,0,0,0,0,0,0,0,0,0
20,19,0,1,Night,Sun above horizon but GHI below 1,88.06240844726562,1.93759024143219,246.4949493408203,0,0,0,0,-0.00009765625145519152,1.5298999547958374,=NA(),0,19.77511978149414,1.4163999557495117,0.34380000829696655,0.08399999886751175,=NA(),20,1013.25,0,0,0,0,0,-0.00000610351571594947,0,0,0,0,0,0,0,0,0,0,0,0,0,0
20,20,0,1,Night,,102.37091827392578,-12.370919227600098,234.4810028076172,0,0,0,0,-0.00009765625145519152,2.190000057220459,=NA(),0,64.81599426269531,1.4163999557495117,0.34380000829696655,0.08399999886751175,=NA(),20,1013.25,0,0,0,0,0,-0.00000610351571594947,0,0,0,0,0,0,0,0,0,0,0,0,0,0
20,21,0,1,Night,,111.6132583618164,-21.613262176513672,223.3788604736328,0,0,0,0,-0.00009765625145519152,3,=NA(),0,64.81599426269531,1.4163999557495117,0.34380000829696655,0.08399999886751175,=NA(),20,1013.25,0,0,0,0,0,-0.00000610351571594947,0,0,0,0,0,0,0,0,0,0,0,0,0,0
20,22,0,1,Night,,118.96871185302734,-28.968708038330078,210.0828857421875,0,0,0,0,-0.00009765625145519152,4.140100002288818,=NA(),0,64.81599426269531,1.4163999557495117,0.34380000829696655,0.08399999886751175,=NA(),20,1013.25,0,0,0,0,0,-0.00000610351571594947,0,0,0,0,0,0,0,0,0,0,0,0,0,0
20,23,0,1,Night,,123.65010070800781,-33.65010070800781,194.51611328125,0,0,0,0,-0.00009765625145519152,5.369999885559082,=NA(),0,64.81599426269531,1.4163999557495117,0.34380000829696655,0.08399999886751175,=NA(),20,1013.25,0,0,0,0,0,-0.00000610351571594947,0,0,0,0,0,0,0,0,0,0,0,0,0,0
21,0,0,1,Night,,124.9522705078125,-34.9522705078125,177.51954650878906,0,0,0,0,-0.00009765625145519152,6.079999923706055,=NA(),0,64.81599426269531,1.4163999557495117,0.34380000829696655,0.08399999886751175,=NA(),20,1013.25,0,0,0,0,0,-0.00000610351571594947,0,0,0,0,0,0,0,0,0,0,0,0,0,0
21,1,0,1,Night,,122.64043426513672,-32.64043426513672,160.77981567382812,0,0,0,0,-0.00009765625145519152,6.159999847412109,=NA(),0,64.81599426269531,1.4163999557495117,0.34380000829696655,0.08399999886751175,=NA(),20,1013.25,0,0,0,0,0,-0.00000610351571594947,0,0,0,0,0,0,0,0,0,0,0,0,0,0
21,2,0,1,Night,,117.1187973022461,-27.11879539489746,145.81533813476562,0,0,0,0,-0.00009765625145519152,5.920000076293945,=NA(),0,64.81599426269531,1.4163999557495117,0.34380000829696655,0.08399999886751175,=NA(),20,1013.25,0,0,0,0,0,-0.00000610351571594947,0,0,0,0,0,0,0,0,0,0,0,0,0,0
21,3,0,1,Night,,109.15221405029297,-19.152217864990234,133.17166137695312,0,0,0,0,-0.00009765625145519152,5.440000057220459,=NA(),0,64.81599426269531,1.4163999557495117,0.34380000829696655,0.08399999886751175,=NA(),20,1013.25,0,0,0,0,0,-0.00000610351571594947,0,0,0,0,0,0,0,0,0,0,0,0,0,0
21,4,0,1,Night,,99.4986343383789,-9.49863052368164,122.59823608398438,0,0,0,0,-0.00009765625145519152,5.210000038146973,=NA(),0,64.81599426269531,1.4163999557495117,0.34380000829696655,0.08399999886751175,=NA(),20,1013.25,0,0,0,0,0,-0.00000610351571594947,0,0,0,0,0,0,0,0,0,0,0,0,0,0
21,5,0,1,Night,Sun above horizon but GHI below 1,86.55204772949219,3.4479496479034424,112.19202423095703,0,0,0,0,-0.00009765625145519152,5.589900016784668,=NA(),0,13.74238395690918,1.4163999557495117,0.34380000829696655,0.08399999886751175,=NA(),20,1013.25,0,0,0,0,0,-0.00000610351571594947,0,0,0,0,0,0,0,0,0,0,0,0,0,0
21,6,0,1,Night,Sun above horizon but GHI below 1,76.95055389404297,13.049449920654297,105.4053726196289,0,0,0,0,-0.00009765625145519152,5.599999904632568,=NA(),0,4.352052688598633,1.4163999557495117,0.34380000829696655,0.08399999886751175,=NA(),20,1013.25,0,0,0,0,0,-0.00000610351571594947,0,0,0,0,0,0,0,0,0,0,0,0,0,0
21,7,0,1,Night,Sun above horizon but GHI below 1,64.96959686279297,25.030405044555664,97.59597778320312,0,0,0,0,-0.00009765625145519152,4.980000019073486,=NA(),0,2.353949785232544,1.4163999557495117,0.34380000829696655,0.08399999886751175,=NA(),20,1013.25,0,0,0,0,0,-0.00000610351571594947,0,0,0,0,0,0,0,0,0,0,0,0,0,0
21,8,0,1,Night,Sun above horizon but GHI below 1,52.74493408203125,37.25506591796875,89.39387512207031,0,0,0,0,-0.00009765625145519152,4.25,=NA(),0,1.6494166851043701,1.4163999557495117,0.34380000829696655,0.08399999886751175,=NA(),20,1013.25,0,0,0,0,0,-0.00000610351571594947,0,0,0,0,0,0,0,0,0,0,0,0,0,0
21,9,0,1,Night,Sun above horizon but GHI below 1,40.54669189453125,49.45330810546875,79.62545013427734,0,0,0,0,-0.00009765625145519152,3.690000057220459,=NA(),0,1.3151054382324219,1.4163999557495117,0.34380000829696655,0.08399999886751175,=NA(),20,1013.25,0,0,0,0,0,-0.00000610351571594947,0,0,0,0,0,0,0,0,0,0,0,0,0,0
21,10,0,1,Night,Sun above horizon but GHI below 1,28.833051681518555,61.16695022583008,65.65938568115234,0,0,0,0,-0.00009765625145519152,3.4398999214172363,=NA(),0,1.1411241292953491,1.4163999557495117,0.34380000829696655,0.08399999886751175,=NA(),20,1013.25,0,0,0,0,0,-0.00000610351571594947,0,0,0,0,0,0,0,0,0,0,0,0,0,0
21,11,0,1,Night,Sun above horizon but GHI below 1,18.937904357910156,71.06209564208984,40.17783737182617,0,0,0,0,-0.00009765625145519152,3.390000104904175,=NA(),0,1.0570266246795654,1.4163999557495117,0.34380000829696655,0.08399999886751175,=NA(),20,1013.25,0,0,0,0,0,-0.00000610351571594947,0,0,0,0,0,0,0,0,0,0,0,0,0,0
21,12,0,1,Night,Sun above horizon but GHI below 1,15.285791397094727,74.7142105102539,352.388671875,0,0,0,0,-0.00009765625145519152,3.369999885559082,=NA(),0,1.0365194082260132,1.4163999557495117,0.34380000829696655,0.08399999886751175,=NA(),20,1013.25,0,0,0,0,0,-0.00000610351571594947,0,0,0,0,0,0,0,0,0,0,0,0,0,0
21,13,0,1,Night,Sun above horizon but GHI below 1,21.40993881225586,68.59005737304688,310.6705017089844,0,0,0,0,-0.00009765625145519152,3.240000009536743,=NA(),0,1.0738855600357056,1.4163999557495117,0.34380000829696655,0.08399999886751175,=NA(),20,1013.25,0,0,0,0,0,-0.00000610351571594947,0,0,0,0,0,0,0,0,0,0,0,0,0,0
21,14,0,1,Night,Sun above horizon but GHI below 1,32.084739685058594,57.915260314941406,289.73114013671875,0,0,0,0,-0.00009765625145519152,3,=NA(),0,1.1797816753387451,1.4163999557495117,0.34380000829696655,0.08399999886751175,=NA(),20,1013.25,0,0,0,0,0,-0.00000610351571594947,0,0,0,0,0,0,0,0,0,0,0,0,0,0
21,15,0,1,Night,Sun above horizon but GHI below 1,44.01632308959961,45.98367691040039,277.40826416015625,0,0,0,0,-0.00009765625145519152,2.70989990234375,=NA(),0,1.38937246799469,1.4163999557495117,0.34380000829696655,0.08399999886751175,=NA(),20,1013.25,0,0,0,0,0,-0.00000610351571594947,0,0,0,0,0,0,0,0,0,0,0,0,0,0
21,16,0,1,Night,Sun above horizon but GHI below 1,56.26314163208008,33.73685836791992,268.2646789550781,0,0,0,0,-0.00009765625145519152,2.3801000118255615,=NA(),0,1.7970746755599976,1.4163999557495117,0.34380000829696655,0.08399999886751175,=NA(),20,1013.25,0,0,0,0,0,-0.00000610351571594947,0,0,0,0,0,0,0,0,0,0,0,0,0,0
21,17,0,1,Night,Sun above horizon but GHI below 1,68.45552062988281,21.544475555419922,260.271240234375,0,0,0,0,-0.00009765625145519152,1.5901000499725342,=NA(),0,2.707479238510132,1.4163999557495117,0.34380000829696655,0.08399999886751175,=NA(),20,1013.25,0,0,0,0,0,-0.00000610351571594947,0,0,0,0,0,0,0,0,0,0,0,0,0,0
21,18,0,1,Night,Sun above horizon but GHI below 1,80.3297348022461,9.670268058776855,252.4413604736328,0,0,0,0,-0.00009765625145519152,1.4700000286102295,=NA(),0,5.7640252113342285,1.4163999557495117,0.34380000829696655,0.08399999886751175,=NA(),20,1013.25,0,0,0,0,0,-0.00000610351571594947,0,0,0,0,0,0,0,0,0,0,0,0,0,0
21,19,0,1,Night,Sun above horizon but GHI below 1,88.09590148925781,1.904096245765686,246.74542236328125,0,0,0,0,-0.00009765625145519152,1.9700000286102295,=NA(),0,19.96019172668457,1.4163999557495117,0.34380000829696655,0.08399999886751175,=NA(),20,1013.25,0,0,0,0,0,-0.00000610351571594947,0,0,0,0,0,0,0,0,0,0,0,0,0,0
21,20,0,1,Night,,102.48001098632812,-12.480008125305176,234.69044494628906,0,0,0,0,-0.00009765625145519152,2.460099935531616,=NA(),0,64.81599426269531,1.4163999557495117,0.34380000829696655,0.08399999886751175,=NA(),20,1013.25,0,0,0,0,0,-0.00000610351571594947,0,0,0,0,0,0,0,0,0,0,0,0,0,0
21,21,0,1,Night,,111.75153350830078,-21.75153160095215,223.57943725585938,0,0,0,0,-0.00009765625145519152,2.740000009536743,=NA(),0,64.81599426269531,1.4163999557495117,0.34380000829696655,0.08399999886751175,=NA(),20,1013.25,0,0,0,0,0,-0.00000610351571594947,0,0,0,0,0,0,0,0,0,0,0,0,0,0
21,22,0,1,Night,,119.13997650146484,-29.139976501464844,210.262451171875,0,0,0,0,-0.00009765625145519152,3.1800999641418457,=NA(),0,64.81599426269531,1.4163999557495117,0.34380000829696655,0.08399999886751175,=NA(),20,1013.25,0,0,0,0,0,-0.00000610351571594947,0,0,0,0,0,0,0,0,0,0,0,0,0,0
21,23,0,1,Night,,123.85315704345703,-33.853153228759766,194.6523895263672,0,0,0,0,-0.00009765625145519152,4.229899883270264,=NA(),0,64.81599426269531,1.4163999557495117,0.34380000829696655,0.08399999886751175,=NA(),20,1013.25,0,0,0,0,0,-0.00000610351571594947,0,0,0,0,0,0,0,0,0,0,0,0,0,0
22,0,0,1,Night,,125.17776489257812,-35.17776107788086,177.58985900878906,0,0,0,0,-0.00009765625145519152,5.570099830627441,=NA(),0,64.81599426269531,1.4163999557495117,0.34380000829696655,0.08399999886751175,=NA(),20,1013.25,0,0,0,0,0,-0.00000610351571594947,0,0,0,0,0,0,0,0,0,0,0,0,0,0
22,1,0,1,Night,,122.87332916259766,-32.873329162597656,160.77853393554688,0,0,0,0,-0.00009765625145519152,5.9899001121521,=NA(),0,64.81599426269531,1.4163999557495117,0.34380000829696655,0.08399999886751175,=NA(),20,1013.25,0,0,0,0,0,-0.00000610351571594947,0,0,0,0,0,0,0,0,0,0,0,0,0,0
22,2,0,1,Night,,117.34588623046875,-27.345890045166016,145.75650024414062,0,0,0,0,-0.00009765625145519152,6.280099868774414,=NA(),0,64.81599426269531,1.4163999557495117,0.34380000829696655,0.08399999886751175,=NA(),20,1013.25,0,0,0,0,0,-0.00000610351571594947,0,0,0,0,0,0,0,0,0,0,0,0,0,0
22,3,0,1,Night,,109.36643981933594,-19.36644172668457,133.07444763183594,0,0,0,0,-0.00009765625145519152,5.970099925994873,=NA(),0,64.81599426269531,1.4163999557495117,0.34380000829696655,0.08399999886751175,=NA(),20,1013.25,0,0,0,0,0,-0.00000610351571594947,0,0,0,0,0,0,0,0,0,0,0,0,0,0
22,4,0,1,Night,,99.69843292236328,-9.698429107666016,122.47633361816406,0,0,0,0,-0.00009765625145519152,5.890100002288818,=NA(),0,64.81599426269531,1.4163999557495117,0.34380000829696655,0.08399999886751175,=NA(),20,1013.25,0,0,0,0,0,-0.00000610351571594947,0,0,0,0,0,0,0,0,0,0,0,0,0,0
22,5,0,1,Night,Sun above horizon but GHI below 1,86.6388168334961,3.3611838817596436,111.97948455810547,0,0,0,0,-0.00009765625145519152,7.099899768829346,=NA(),0,13.9963960647583,1.4163999557495117,0.34380000829696655,0.08399999886751175,=NA(),20,1013.25,0,0,0,0,0,-0.00000610351571594947,0,0,0,0,0,0,0,0,0,0,0,0,0,0
22,6,0,1,Night,Sun above horizon but GHI below 1,77.12657928466797,12.873421669006348,105.24805450439453,0,0,0,0,-0.00009765625145519152,8.900099754333496,=NA(),0,4.408297061920166,1.4163999557495117,0.34380000829696655,0.08399999886751175,=NA(),20,1013.25,0,0,0,0,0,-0.00000610351571594947,0,0,0,0,0,0,0,0,0,0,0,0,0,0
22,7,0,1,Night,Sun above horizon but GHI below 1,65.1393051147461,24.86069679260254,97.41803741455078,0,0,0,0,-0.00009765625145519152,9.239899635314941,=NA(),0,2.3688302040100098,1.4163999557495117,0.34380000829696655,0.08399999886751175,=NA(),20,1013.25,0,0,0,0,0,-0.00000610351571594947,0,0,0,0,0,0,0,0,0,0,0,0,0,0
22,8,0,1,Night,Sun above horizon but GHI below 1,52.91242218017578,37.08757781982422,89.18793487548828,0,0,0,0,-0.00009765625145519152,8.489999771118164,=NA(),0,1.655758261680603,1.4163999557495117,0.34380000829696655,0.08399999886751175,=NA(),20,1013.25,0,0,0,0,0,-0.00000610351571594947,0,0,0,0,0,0,0,0,0,0,0,0,0,0
22,9,0,1,Night,Sun above horizon but GHI below 1,40.71890640258789,49.28109359741211,79.38053131103516,0,0,0,0,-0.00009765625145519152,7.560100078582764,=NA(),0,1.3184922933578491,1.4163999557495117,0.34380000829696655,0.08399999886751175,=NA(),20,1013.25,0,0,0,0,0,-0.00000610351571594947,0,0,0,0,0,0,0,0,0,0,0,0,0,0
22,10,0,1,Night,Sun above horizon but GHI below 1,29.02220916748047,60.97779083251953,65.37126159667969,0,0,0,0,-0.00009765625145519152,6.820000171661377,=NA(),0,1.143203616142273,1.4163999557495117,0.34380000829696655,0.08399999886751175,=NA(),20,1013.25,0,0,0,0,0,-0.00000610351571594947,0,0,0,0,0,0,0,0,0,0,0,0,0,0
22,11,0,1,Night,Sun above horizon but GHI below 1,19.161399841308594,70.8386001586914,39.95365524291992,0,0,0,0,-0.00009765625145519152,6.329999923706055,=NA(),0,1.0584484338760376,1.4163999557495117,0.34380000829696655,0.08399999886751175,=NA(),20,1013.25,0,0,0,0,0,-0.00000610351571594947,0,0,0,0,0,0,0,0,0,0,0,0,0,0
22,12,0,1,Night,Sun above horizon but GHI below 1,15.50349235534668,74.49650573730469,352.725830078125,0,0,0,0,-0.00009765625145519152,6.059899806976318,=NA(),0,1.037602186203003,1.4163999557495117,0.34380000829696655,0.08399999886751175,=NA(),20,1013.25,0,0,0,0,0,-0.00000610351571594947,0,0,0,0,0,0,0,0,0,0,0,0,0,0
22,13,0,1,Night,Sun above horizon but GHI below 1,21.538557052612305,68.46144104003906,311.2096862792969,0,0,0,0,-0.00009765625145519152,5.840000152587891,=NA(),0,1.0748324394226074,1.4163999557495117,0.34380000829696655,0.08399999886751175,=NA(),20,1013.25,0,0,0,0,0,-0.00000610351571594947,0,0,0,0,0,0,0,0,0,0,0,0,0,0
22,14,0,1,Night,Sun above horizon but GHI below 1,32.16291427612305,57.83708572387695,290.1495361328125,0,0,0,0,-0.00009765625145519152,5.560100078582764,=NA(),0,1.1807905435562134,1.4163999557495117,0.34380000829696655,0.08399999886751175,=NA(),20,1013.25,0,0,0,0,0,-0.00000610351571594947,0,0,0,0,0,0,0,0,0,0,0,0,0,0
22,15,0,1,Night,Sun above horizon but GHI below 1,44.076194763183594,45.923805236816406,277.7366027832031,0,0,0,0,-0.00009765625145519152,5.189899921417236,=NA(),0,1.390773057937622,1.4163999557495117,0.34380000829696655,0.08399999886751175,=NA(),20,1013.25,0,0,0,0,0,-0.00000610351571594947,0,0,0,0,0,0,0,0,0,0,0,0,0,0
22,16,0,1,Night,Sun above horizon but GHI below 1,56.31993865966797,33.68006134033203,268.54034423828125,0,0,0,0,-0.00009765625145519152,4.690100193023682,=NA(),0,1.7997318506240845,1.4163999557495117,0.34380000829696655,0.08399999886751175,=NA(),20,1013.25,0,0,0,0,0,-0.00000610351571594947,0,0,0,0,0,0,0,0,0,0,0,0,0,0
22,17,0,1,Night,Sun above horizon but GHI below 1,68.51787567138672,21.482126235961914,260.516357421875,0,0,0,0,-0.00009765625145519152,3.1500000953674316,=NA(),0,2.7148590087890625,1.4163999557495117,0.34380000829696655,0.08399999886751175,=NA(),20,1013.25,0,0,0,0,0,-0.00000610351571594947,0,0,0,0,0,0,0,0,0,0,0,0,0,0
22,18,0,1,Night,Sun above horizon but GHI below 1,80.40352630615234,9.596474647521973,252.66921997070312,0,0,0,0,-0.00009765625145519152,2.759999990463257,=NA(),0,5.8050689697265625,1.4163999557495117,0.34380000829696655,0.08399999886751175,=NA(),20,1013.25,0,0,0,0,0,-0.00000610351571594947,0,0,0,0,0,0,0,0,0,0,0,0,0,0
22,19,0,1,Night,Sun above horizon but GHI below 1,88.13182830810547,1.8681737184524536,247.00148010253906,0,0,0,0,-0.00009765625145519152,2.740000009536743,=NA(),0,20.16201400756836,1.4163999557495117,0.34380000829696655,0.08399999886751175,=NA(),20,1013.25,0,0,0,0,0,-0.00000610351571594947,0,0,0,0,0,0,0,0,0,0,0,0,0,0
22,20,0,1,Night,,102.59526824951172,-12.595264434814453,234.9024200439453,0,0,0,0,-0.00009765625145519152,2.75,=NA(),0,64.81599426269531,1.4163999557495117,0.34380000829696655,0.08399999886751175,=NA(),20,1013.25,0,0,0,0,0,-0.00000610351571594947,0,0,0,0,0,0,0,0,0,0,0,0,0,0
22,21,0,1,Night,,111.89616394042969,-21.896163940429688,223.78189086914062,0,0,0,0,-0.00009765625145519152,2.6700000762939453,=NA(),0,64.81599426269531,1.4163999557495117,0.34380000829696655,0.08399999886751175,=NA(),20,1013.25,0,0,0,0,0,-0.00000610351571594947,0,0,0,0,0,0,0,0,0,0,0,0,0,0
22,22,0,1,Night,,119.31775665283203,-29.317752838134766,210.44271850585938,0,0,0,0,-0.00009765625145519152,2.3701000213623047,=NA(),0,64.81599426269531,1.4163999557495117,0.34380000829696655,0.08399999886751175,=NA(),20,1013.25,0,0,0,0,0,-0.00000610351571594947,0,0,0,0,0,0,0,0,0,0,0,0,0,0
22,23,0,1,Night,,124.06263732910156,-34.06263732910156,194.78753662109375,0,0,0,0,-0.00009765625145519152,1.750100016593933,=NA(),0,64.81599426269531,1.4163999557495117,0.34380000829696655,0.08399999886751175,=NA(),20,1013.25,0,0,0,0,0,-0.00000610351571594947,0,0,0,0,0,0,0,0,0,0,0,0,0,0
23,0,0,1,Night,,125.40921020507812,-35.409210205078125,177.65672302246094,0,0,0,0,-0.00009765625145519152,0.75,=NA(),0,64.81599426269531,1.4163999557495117,0.34380000829696655,0.08399999886751175,=NA(),20,1013.25,0,0,0,0,0,-0.00000610351571594947,0,0,0,0,0,0,0,0,0,0,0,0,0,0
23,1,0,1,Night,,123.11123657226562,-33.11123275756836,160.77188110351562,0,0,0,0,-0.00009765625145519152,1.3899999856948853,=NA(),0,64.81599426269531,1.4163999557495117,0.34380000829696655,0.08399999886751175,=NA(),20,1013.25,0,0,0,0,0,-0.00000610351571594947,0,0,0,0,0,0,0,0,0,0,0,0,0,0
23,2,0,1,Night,,117.57684326171875,-27.576841354370117,145.69119262695312,0,0,0,0,-0.00009765625145519152,2.530100107192993,=NA(),0,64.81599426269531,1.4163999557495117,0.34380000829696655,0.08399999886751175,=NA(),20,1013.25,0,0,0,0,0,-0.00000610351571594947,0,0,0,0,0,0,0,0,0,0,0,0,0,0
23,3,0,1,Night,,109.5834732055664,-19.583473205566406,132.97048950195312,0,0,0,0,-0.00009765625145519152,3.059999942779541,=NA(),0,64.81599426269531,1.4163999557495117,0.34380000829696655,0.08399999886751175,=NA(),20,1013.25,0,0,0,0,0,-0.00000610351571594947,0,0,0,0,0,0,0,0,0,0,0,0,0,0
23,4,0,1,Night,,99.90013122558594,-9.900132179260254,122.3477554321289,0,0,0,0,-0.00009765625145519152,3.3301000595092773,=NA(),0,64.81599426269531,1.4163999557495117,0.34380000829696655,0.08399999886751175,=NA(),20,1013.25,0,0,0,0,0,-0.00000610351571594947,0,0,0,0,0,0,0,0,0,0,0,0,0,0
23,5,0,1,Night,Sun above horizon but GHI below 1,86.72342681884766,3.2765743732452393,111.7578125,0,0,0,0,-0.00009765625145519152,4.329999923706055,=NA(),0,14.252410888671875,1.4163999557495117,0.34380000829696655,0.08399999886751175,=NA(),20,1013.25,0,0,0,0,0,-0.00000610351571594947,0,0,0,0,0,0,0,0,0,0,0,0,0,0
23,6,0,1,Night,Sun above horizon but GHI below 1,77.30353546142578,12.696465492248535,105.0841293334961,0,0,0,0,-0.00009765625145519152,4.269999980926514,=NA(),0,4.466334342956543,1.4163999557495117,0.34380000829696655,0.08399999886751175,=NA(),20,1013.25,0,0,0,0,0,-0.00000610351571594947,0,0,0,0,0,0,0,0,0,0,0,0,0,0
23,7,0,1,Night,Sun above horizon but GHI below 1,65.30980682373047,24.690195083618164,97.23321533203125,0,0,0,0,-0.00009765625145519152,4.659999847412109,=NA(),0,2.383990526199341,1.4163999557495117,0.34380000829696655,0.08399999886751175,=NA(),20,1013.25,0,0,0,0,0,-0.00000610351571594947,0,0,0,0,0,0,0,0,0,0,0,0,0,0
23,8,0,1,Night,Sun above horizon but GHI below 1,53.08074951171875,36.91925048828125,88.97453308105469,0,0,0,0,-0.00009765625145519152,4.909999847412109,=NA(),0,1.6621947288513184,1.4163999557495117,0.34380000829696655,0.08399999886751175,=NA(),20,1013.25,0,0,0,0,0,-0.00000610351571594947,0,0,0,0,0,0,0,0,0,0,0,0,0,0
23,9,0,1,Night,Sun above horizon but GHI below 1,40.8923225402832,49.1076774597168,79.12712097167969,0,0,0,0,-0.00009765625145519152,4.939899921417236,=NA(),0,1.3219324350357056,1.4163999557495117,0.34380000829696655,0.08399999886751175,=NA(),20,1013.25,0,0,0,0,0,-0.00000610351571594947,0,0,0,0,0,0,0,0,0,0,0,0,0,0
23,10,0,1,Night,Sun above horizon but GHI below 1,29.213409423828125,60.786590576171875,65.07312774658203,0,0,0,0,-0.00009765625145519152,5.000100135803223,=NA(),0,1.1453261375427246,1.4163999557495117,0.34380000829696655,0.08399999886751175,=NA(),20,1013.25,0,0,0,0,0,-0.00000610351571594947,0,0,0,0,0,0,0,0,0,0,0,0,0,0
23,11,0,1,Night,Sun above horizon but GHI below 1,19.38857650756836,70.6114273071289,39.71704864501953,0,0,0,0,-0.00009765625145519152,5.029900074005127,=NA(),0,1.059914231300354,1.4163999557495117,0.34380000829696655,0.08399999886751175,=NA(),20,1013.25,0,0,0,0,0,-0.00000610351571594947,0,0,0,0,0,0,0,0,0,0,0,0,0,0
23,12,0,1,Night,Sun above horizon but GHI below 1,15.728006362915039,74.2719955444336,353.0455322265625,0,0,0,0,-0.00009765625145519152,5.019899845123291,=NA(),0,1.0387368202209473,1.4163999557495117,0.34380000829696655,0.08399999886751175,=NA(),20,1013.25,0,0,0,0,0,-0.00000610351571594947,0,0,0,0,0,0,0,0,0,0,0,0,0,0
23,13,0,1,Night,Sun above horizon but GHI below 1,21.67538070678711,68.32462310791016,311.747314453125,0,0,0,0,-0.00009765625145519152,4.920100212097168,=NA(),0,1.0758475065231323,1.4163999557495117,0.34380000829696655,0.08399999886751175,=NA(),20,1013.25,0,0,0,0,0,-0.00000610351571594947,0,0,0,0,0,0,0,0,0,0,0,0,0,0
23,14,0,1,Night,Sun above horizon but GHI below 1,32.24834442138672,57.75165557861328,290.5720520019531,0,0,0,0,-0.00009765625145519152,4.650000095367432,=NA(),0,1.1818976402282715,1.4163999557495117,0.34380000829696655,0.08399999886751175,=NA(),20,1013.25,0,0,0,0,0,-0.00000610351571594947,0,0,0,0,0,0,0,0,0,0,0,0,0,0
23,15,0,1,Night,Sun above horizon but GHI below 1,44.142601013183594,45.857398986816406,278.0695495605469,0,0,0,0,-0.00009765625145519152,4.28000020980835,=NA(),0,1.392331600189209,1.4163999557495117,0.34380000829696655,0.08399999886751175,=NA(),20,1013.25,0,0,0,0,0,-0.00000610351571594947,0,0,0,0,0,0,0,0,0,0,0,0,0,0
23,16,0,1,Night,Sun above horizon but GHI below 1,56.382877349853516,33.617122650146484,268.82012939453125,0,0,0,0,-0.00009765625145519152,3.7400999069213867,=NA(),0,1.8026875257492065,1.4163999557495117,0.34380000829696655,0.08399999886751175,=NA(),20,1013.25,0,0,0,0,0,-0.00000610351571594947,0,0,0,0,0,0,0,0,0,0,0,0,0,0
23,17,0,1,Night,Sun above horizon but GHI below 1,68.586181640625,21.413816452026367,260.76519775390625,0,0,0,0,-0.00009765625145519152,2.4798998832702637,=NA(),0,2.7229933738708496,1.4163999557495117,0.34380000829696655,0.08399999886751175,=NA(),20,1013.25,0,0,0,0,0,-0.00000610351571594947,0,0,0,0,0,0,0,0,0,0,0,0,0,0
23,18,0,1,Night,Sun above horizon but GHI below 1,80.48319244384766,9.516805648803711,252.90037536621094,0,0,0,0,-0.00009765625145519152,1.999899983406067,=NA(),0,5.850030422210693,1.4163999557495117,0.34380000829696655,0.08399999886751175,=NA(),20,1013.25,0,0,0,0,0,-0.00000610351571594947,0,0,0,0,0,0,0,0,0,0,0,0,0,0
23,19,0,1,Night,Sun above horizon but GHI below 1,88.17303466796875,1.826966643333435,247.26060485839844,0,0,0,0,-0.00009765625145519152,1.649999976158142,=NA(),0,20.397817611694336,1.4163999557495117,0.34380000829696655,0.08399999886751175,=NA(),20,1013.25,0,0,0,0,0,-0.00000610351571594947,0,0,0,0,0,0,0,0,0,0,0,0,0,0
23,20,0,1,Night,,102.71662902832031,-12.716631889343262,235.1168670654297,0,0,0,0,-0.00009765625145519152,1.1800999641418457,=NA(),0,64.81599426269531,1.4163999557495117,0.34380000829696655,0.08399999886751175,=NA(),20,1013.25,0,0,0,0,0,-0.00000610351571594947,0,0,0,0,0,0,0,0,0,0,0,0,0,0
23,21,0,1,Night,,112.04710388183594,-22.047100067138672,223.98609924316406,0,0,0,0,-0.00009765625145519152,0.7199000120162964,=NA(),0,64.81599426269531,1.4163999557495117,0.34380000829696655,0.08399999886751175,=NA(),20,1013.25,0,0,0,0,0,-0.00000610351571594947,0,0,0,0,0,0,0,0,0,0,0,0,0,0
23,22,0,1,Night,,119.50194549560547,-29.501941680908203,210.6236572265625,0,0,0,0,-0.00009765625145519152,0.8999999761581421,=NA(),0,64.81599426269531,1.4163999557495117,0.34380000829696655,0.08399999886751175,=NA(),20,1013.25,0,0,0,0,0,-0.00000610351571594947,0,0,0,0,0,0,0,0,0,0,0,0,0,0
23,23,0,1,Night,,124.27848052978516,-34.27848434448242,194.92152404785156,0,0,0,0,-0.00009765625145519152,1.750100016593933,=NA(),0,64.81599426269531,1.4163999557495117,0.34380000829696655,0.08399999886751175,=NA(),20,1013.25,0,0,0,0,0,-0.00000610351571594947,0,0,0,0,0,0,0,0,0,0,0,0,0,0
24,0,0,1,Night,,125.6465072631836,-35.64650344848633,177.7201385498047,0,0,0,0,-0.00009765625145519152,2.6700000762939453,=NA(),0,64.81599426269531,1.4163999557495117,0.34380000829696655,0.08399999886751175,=NA(),20,1013.25,0,0,0,0,0,-0.00000610351571594947,0,0,0,0,0,0,0,0,0,0,0,0,0,0
24,1,0,1,Night,,123.35404968261719,-33.35404586791992,160.75973510742188,0,0,0,0,-0.00009765625145519152,3.309999942779541,=NA(),0,64.81599426269531,1.4163999557495117,0.34380000829696655,0.08399999886751175,=NA(),20,1013.25,0,0,0,0,0,-0.00000610351571594947,0,0,0,0,0,0,0,0,0,0,0,0,0,0
24,2,0,1,Night,,117.81153869628906,-27.811542510986328,145.61941528320312,0,0,0,0,-0.00009765625145519152,3.5399999618530273,=NA(),0,64.81599426269531,1.4163999557495117,0.34380000829696655,0.08399999886751175,=NA(),20,1013.25,0,0,0,0,0,-0.00000610351571594947,0,0,0,0,0,0,0,0,0,0,0,0,0,0
24,3,0,1,Night,,109.80319213867188,-19.803194046020508,132.8598175048828,0,0,0,0,-0.00009765625145519152,3.4800000190734863,=NA(),0,64.81599426269531,1.4163999557495117,0.34380000829696655,0.08399999886751175,=NA(),20,1013.25,0,0,0,0,0,-0.00000610351571594947,0,0,0,0,0,0,0,0,0,0,0,0,0,0
24,4,0,1,Night,,100.10363006591797,-10.103631019592285,122.21253204345703,0,0,0,0,-0.00009765625145519152,3.309999942779541,=NA(),0,64.81599426269531,1.4163999557495117,0.34380000829696655,0.08399999886751175,=NA(),20,1013.25,0,0,0,0,0,-0.00000610351571594947,0,0,0,0,0,0,0,0,0,0,0,0,0,0
24,5,0,1,Night,Sun above horizon but GHI below 1,86.80878448486328,3.1912171840667725,111.52941131591797,0,0,0,0,-0.00009765625145519152,3.900099992752075,=NA(),0,14.519412994384766,1.4163999557495117,0.34380000829696655,0.08399999886751175,=NA(),20,1013.25,0,0,0,0,0,-0.00000610351571594947,0,0,0,0,0,0,0,0,0,0,0,0,0,0
24,6,0,1,Night,Sun above horizon but GHI below 1,77.48135375976562,12.51865005493164,104.91365051269531,0,0,0,0,-0.00009765625145519152,3.640000104904175,=NA(),0,4.526224136352539,1.4163999557495117,0.34380000829696655,0.08399999886751175,=NA(),20,1013.25,0,0,0,0,0,-0.00000610351571594947,0,0,0,0,0,0,0,0,0,0,0,0,0,0
24,7,0,1,Night,Sun above horizon but GHI below 1,65.48102569580078,24.51897430419922,97.04161834716797,0,0,0,0,-0.00009765625145519152,5.579899787902832,=NA(),0,2.3994312286376953,1.4163999557495117,0.34380000829696655,0.08399999886751175,=NA(),20,1013.25,0,0,0,0,0,-0.00000610351571594947,0,0,0,0,0,0,0,0,0,0,0,0,0,0
24,8,0,1,Night,Sun above horizon but GHI below 1,53.24986267089844,36.75013732910156,88.75376892089844,0,0,0,0,-0.00009765625145519152,6.370100021362305,=NA(),0,1.6687266826629639,1.4163999557495117,0.34380000829696655,0.08399999886751175,=NA(),20,1013.25,0,0,0,0,0,-0.00000610351571594947,0,0,0,0,0,0,0,0,0,0,0,0,0,0
24,9,0,1,Night,Sun above horizon but GHI below 1,41.06690216064453,48.93309783935547,78.86540222167969,0,0,0,0,-0.00009765625145519152,6.229899883270264,=NA(),0,1.3254262208938599,1.4163999557495117,0.34380000829696655,0.08399999886751175,=NA(),20,1013.25,0,0,0,0,0,-0.00000610351571594947,0,0,0,0,0,0,0,0,0,0,0,0,0,0
24,10,0,1,Night,Sun above horizon but GHI below 1,29.406635284423828,60.59336471557617,64.76529693603516,0,0,0,0,-0.00009765625145519152,6.010000228881836,=NA(),0,1.1474920511245728,1.4163999557495117,0.34380000829696655,0.08399999886751175,=NA(),20,1013.25,0,0,0,0,0,-0.00000610351571594947,0,0,0,0,0,0,0,0,0,0,0,0,0,0
24,11,0,1,Night,Sun above horizon but GHI below 1,19.619380950927734,70.380615234375,39.46860885620117,0,0,0,0,-0.00009765625145519152,5.78000020980835,=NA(),0,1.0614246129989624,1.4163999557495117,0.34380000829696655,0.08399999886751175,=NA(),20,1013.25,0,0,0,0,0,-0.00000610351571594947,0,0,0,0,0,0,0,0,0,0,0,0,0,0
24,12,0,1,Night,Sun above horizon but GHI below 1,15.959177017211914,74.04082489013672,353.347900390625,0,0,0,0,-0.00009765625145519152,5.550000190734863,=NA(),0,1.0399243831634521,1.4163999557495117,0.34380000829696655,0.08399999886751175,=NA(),20,1013.25,0,0,0,0,0,-0.00000610351571594947,0,0,0,0,0,0,0,0,0,0,0,0,0,0
24,13,0,1,Night,Sun above horizon but GHI below 1,21.820363998413086,68.17963409423828,312.2826232910156,0,0,0,0,-0.00009765625145519152,5.250100135803223,=NA(),0,1.0769319534301758,1.4163999557495117,0.34380000829696655,0.08399999886751175,=NA(),20,1013.25,0,0,0,0,0,-0.00000610351571594947,0,0,0,0,0,0,0,0,0,0,0,0,0,0
24,14,0,1,Night,Sun above horizon but GHI below 1,32.34105682373047,57.65894317626953,290.99835205078125,0,0,0,0,-0.00009765625145519152,4.770100116729736,=NA(),0,1.183104395866394,1.4163999557495117,0.34380000829696655,0.08399999886751175,=NA(),20,1013.25,0,0,0,0,0,-0.00000610351571594947,0,0,0,0,0,0,0,0,0,0,0,0,0,0
24,15,0,1,Night,Sun above horizon but GHI below 1,44.215553283691406,45.784446716308594,278.4068298339844,0,0,0,0,-0.00009765625145519152,4.210100173950195,=NA(),0,1.394049882888794,1.4163999557495117,0.34380000829696655,0.08399999886751175,=NA(),20,1013.25,0,0,0,0,0,-0.00000610351571594947,0,0,0,0,0,0,0,0,0,0,0,0,0,0
24,16,0,1,Night,Sun above horizon but GHI below 1,56.45195770263672,33.54804229736328,269.1039123535156,0,0,0,0,-0.00009765625145519152,3.7100000381469727,=NA(),0,1.8059455156326294,1.4163999557495117,0.34380000829696655,0.08399999886751175,=NA(),20,1013.25,0,0,0,0,0,-0.00000610351571594947,0,0,0,0,0,0,0,0,0,0,0,0,0,0
24,17,0,1,Night,Sun above horizon but GHI below 1,68.66044616699219,21.339553833007812,261.017578125,0,0,0,0,-0.00009765625145519152,2.5499000549316406,=NA(),0,2.731896162033081,1.4163999557495117,0.34380000829696655,0.08399999886751175,=NA(),20,1013.25,0,0,0,0,0,-0.00000610351571594947,0,0,0,0,0,0,0,0,0,0,0,0,0,0
24,18,0,1,Night,Sun above horizon but GHI below 1,80.56871032714844,9.43128776550293,253.13473510742188,0,0,0,0,-0.00009765625145519152,2.3801000118255615,=NA(),0,5.899065017700195,1.4163999557495117,0.34380000829696655,0.08399999886751175,=NA(),20,1013.25,0,0,0,0,0,-0.00000610351571594947,0,0,0,0,0,0,0,0,0,0,0,0,0,0
24,19,0,1,Night,Sun above horizon but GHI below 1,88.21656799316406,1.7834283113479614,247.5251007080078,0,0,0,0,-0.00009765625145519152,2.610100030899048,=NA(),0,20.6520938873291,1.4163999557495117,0.34380000829696655,0.08399999886751175,=NA(),20,1013.25,0,0,0,0,0,-0.00000610351571594947,0,0,0,0,0,0,0,0,0,0,0,0,0,0
24,20,0,1,Night,,102.84406280517578,-12.844060897827148,235.33370971679688,0,0,0,0,-0.00009765625145519152,2.8399999141693115,=NA(),0,64.81599426269531,1.4163999557495117,0.34380000829696655,0.08399999886751175,=NA(),20,1013.25,0,0,0,0,0,-0.00000610351571594947,0,0,0,0,0,0,0,0,0,0,0,0,0,0
24,21,0,1,Night,,112.20427703857422,-22.204273223876953,224.1920623779297,0,0,0,0,-0.00009765625145519152,3.029900074005127,=NA(),0,64.81599426269531,1.4163999557495117,0.34380000829696655,0.08399999886751175,=NA(),20,1013.25,0,0,0,0,0,-0.00000610351571594947,0,0,0,0,0,0,0,0,0,0,0,0,0,0
24,22,0,1,Night,,119.69251251220703,-29.69251251220703,210.80517578125,0,0,0,0,-0.00009765625145519152,3.140000104904175,=NA(),0,64.81599426269531,1.4163999557495117,0.34380000829696655,0.08399999886751175,=NA(),20,1013.25,0,0,0,0,0,-0.00000610351571594947,0,0,0,0,0,0,0,0,0,0,0,0,0,0
24,23,0,1,Night,,124.50057983398438,-34.50057601928711,195.05429077148438,0,0,0,0,-0.00009765625145519152,3.2300000190734863,=NA(),0,64.81599426269531,1.4163999557495117,0.34380000829696655,0.08399999886751175,=NA(),20,1013.25,0,0,0,0,0,-0.00000610351571594947,0,0,0,0,0,0,0,0,0,0,0,0,0,0
25,0,0,1,Night,,125.8895492553711,-35.889549255371094,177.77999877929688,0,0,0,0,-0.00009765625145519152,3.240000009536743,=NA(),0,64.81599426269531,1.4163999557495117,0.34380000829696655,0.08399999886751175,=NA(),20,1013.25,0,0,0,0,0,-0.00000610351571594947,0,0,0,0,0,0,0,0,0,0,0,0,0,0
25,1,0,1,Night,,123.60163116455078,-33.601627349853516,160.7421112060547,0,0,0,0,-0.00009765625145519152,3.2100000381469727,=NA(),0,64.81599426269531,1.4163999557495117,0.34380000829696655,0.08399999886751175,=NA(),20,1013.25,0,0,0,0,0,-0.00000610351571594947,0,0,0,0,0,0,0,0,0,0,0,0,0,0
25,2,0,1,Night,,118.04985809326172,-28.049856185913086,145.54110717773438,0,0,0,0,-0.00009765625145519152,3.2500998973846436,=NA(),0,64.81599426269531,1.4163999557495117,0.34380000829696655,0.08399999886751175,=NA(),20,1013.25,0,0,0,0,0,-0.00000610351571594947,0,0,0,0,0,0,0,0,0,0,0,0,0,0
25,3,0,1,Night,,110.02548217773438,-20.025480270385742,132.74240112304688,0,0,0,0,-0.00009765625145519152,3.26990008354187,=NA(),0,64.81599426269531,1.4163999557495117,0.34380000829696655,0.08399999886751175,=NA(),20,1013.25,0,0,0,0,0,-0.00000610351571594947,0,0,0,0,0,0,0,0,0,0,0,0,0,0
25,4,0,1,Night,,100.30883026123047,-10.308831214904785,122.07071685791016,0,0,0,0,-0.00009765625145519152,3.369999885559082,=NA(),0,64.81599426269531,1.4163999557495117,0.34380000829696655,0.08399999886751175,=NA(),20,1013.25,0,0,0,0,0,-0.00000610351571594947,0,0,0,0,0,0,0,0,0,0,0,0,0,0
25,5,0,1,Night,Sun above horizon but GHI below 1,86.89478302001953,3.1052186489105225,111.29432678222656,0,0,0,0,-0.00009765625145519152,4.229899883270264,=NA(),0,14.797691345214844,1.4163999557495117,0.34380000829696655,0.08399999886751175,=NA(),20,1013.25,0,0,0,0,0,-0.00000610351571594947,0,0,0,0,0,0,0,0,0,0,0,0,0,0
25,6,0,1,Night,Sun above horizon but GHI below 1,77.65995025634766,12.340046882629395,104.7367172241211,0,0,0,0,-0.00009765625145519152,4.670000076293945,=NA(),0,4.58802604675293,1.4163999557495117,0.34380000829696655,0.08399999886751175,=NA(),20,1013.25,0,0,0,0,0,-0.00000610351571594947,0,0,0,0,0,0,0,0,0,0,0,0,0,0
25,7,0,1,Night,Sun above horizon but GHI below 1,65.65290069580078,24.34709930419922,96.84332275390625,0,0,0,0,-0.00009765625145519152,5.389999866485596,=NA(),0,2.415153741836548,1.4163999557495117,0.34380000829696655,0.08399999886751175,=NA(),20,1013.25,0,0,0,0,0,-0.00000610351571594947,0,0,0,0,0,0,0,0,0,0,0,0,0,0
25,8,0,1,Night,Sun above horizon but GHI below 1,53.419734954833984,36.580265045166016,88.52581787109375,0,0,0,0,-0.00009765625145519152,5.9899001121521,=NA(),0,1.6753538846969604,1.4163999557495117,0.34380000829696655,0.08399999886751175,=NA(),20,1013.25,0,0,0,0,0,-0.00000610351571594947,0,0,0,0,0,0,0,0,0,0,0,0,0,0
25,9,0,1,Night,Sun above horizon but GHI below 1,41.24262619018555,48.75737380981445,78.5955810546875,0,0,0,0,-0.00009765625145519152,6.170000076293945,=NA(),0,1.3289740085601807,1.4163999557495117,0.34380000829696655,0.08399999886751175,=NA(),20,1013.25,0,0,0,0,0,-0.00000610351571594947,0,0,0,0,0,0,0,0,0,0,0,0,0,0
25,10,0,1,Night,Sun above horizon but GHI below 1,29.601877212524414,60.39812469482422,64.44810485839844,0,0,0,0,-0.00009765625145519152,5.9899001121521,=NA(),0,1.1497021913528442,1.4163999557495117,0.34380000829696655,0.08399999886751175,=NA(),20,1013.25,0,0,0,0,0,-0.00000610351571594947,0,0,0,0,0,0,0,0,0,0,0,0,0,0
25,11,0,1,Night,Sun above horizon but GHI below 1,19.85376739501953,70.14623260498047,39.20893478393555,0,0,0,0,-0.00009765625145519152,5.640100002288818,=NA(),0,1.0629804134368896,1.4163999557495117,0.34380000829696655,0.08399999886751175,=NA(),20,1013.25,0,0,0,0,0,-0.00000610351571594947,0,0,0,0,0,0,0,0,0,0,0,0,0,0
25,12,0,1,Night,Sun above horizon but GHI below 1,16.196855545043945,73.80314636230469,353.6331481933594,0,0,0,0,-0.00009765625145519152,5.480100154876709,=NA(),0,1.0411659479141235,1.4163999557495117,0.34380000829696655,0.08399999886751175,=NA(),20,1013.25,0,0,0,0,0,-0.00000610351571594947,0,0,0,0,0,0,0,0,0,0,0,0,0,0
25,13,0,1,Night,Sun above horizon but GHI below 1,21.973461151123047,68.02654266357422,312.81488037109375,0,0,0,0,-0.00009765625145519152,5.860000133514404,=NA(),0,1.0780869722366333,1.4163999557495117,0.34380000829696655,0.08399999886751175,=NA(),20,1013.25,0,0,0,0,0,-0.00000610351571594947,0,0,0,0,0,0,0,0,0,0,0,0,0,0
25,14,0,1,Night,Sun above horizon but GHI below 1,32.441062927246094,57.558937072753906,291.4278564453125,0,0,0,0,-0.00009765625145519152,6.689899921417236,=NA(),0,1.1844122409820557,1.4163999557495117,0.34380000829696655,0.08399999886751175,=NA(),20,1013.25,0,0,0,0,0,-0.00000610351571594947,0,0,0,0,0,0,0,0,0,0,0,0,0,0
25,15,0,1,Night,Sun above horizon but GHI below 1,44.295082092285156,45.704917907714844,278.74810791015625,0,0,0,0,-0.00009765625145519152,7.569900035858154,=NA(),0,1.395930528640747,1.4163999557495117,0.34380000829696655,0.08399999886751175,=NA(),20,1013.25,0,0,0,0,0,-0.00000610351571594947,0,0,0,0,0,0,0,0,0,0,0,0,0,0
25,16,0,1,Night,Sun above horizon but GHI below 1,56.527198791503906,33.472801208496094,269.3914794921875,0,0,0,0,-0.00009765625145519152,8.120100021362305,=NA(),0,1.8095101118087769,1.4163999557495117,0.34380000829696655,0.08399999886751175,=NA(),20,1013.25,0,0,0,0,0,-0.00000610351571594947,0,0,0,0,0,0,0,0,0,0,0,0,0,0
25,17,0,1,Night,Sun above horizon but GHI below 1,68.74065399169922,21.25934410095215,261.2734069824219,0,0,0,0,-0.00009765625145519152,7.649899959564209,=NA(),0,2.741581678390503,1.4163999557495117,0.34380000829696655,0.08399999886751175,=NA(),20,1013.25,0,0,0,0,0,-0.00000610351571594947,0,0,0,0,0,0,0,0,0,0,0,0,0,0
25,18,0,1,Night,Sun above horizon but GHI below 1,80.6600570678711,9.339946746826172,253.37213134765625,0,0,0,0,-0.00009765625145519152,6.880000114440918,=NA(),0,5.952337741851807,1.4163999557495117,0.34380000829696655,0.08399999886751175,=NA(),20,1013.25,0,0,0,0,0,-0.00000610351571594947,0,0,0,0,0,0,0,0,0,0,0,0,0,0
25,19,0,1,Night,Sun above horizon but GHI below 1,88.25949096679688,1.7405116558074951,247.79721069335938,0,0,0,0,-0.00009765625145519152,6.789999961853027,=NA(),0,20.90808868408203,1.4163999557495117,0.34380000829696655,0.08399999886751175,=NA(),20,1013.25,0,0,0,0,0,-0.00000610351571594947,0,0,0,0,0,0,0,0,0,0,0,0,0,0
25,20,0,1,Night,,102.97752380371094,-12.977521896362305,235.5528564453125,0,0,0,0,-0.00009765625145519152,6.739999771118164,=NA(),0,64.81599426269531,1.4163999557495117,0.34380000829696655,0.08399999886751175,=NA(),20,1013.25,0,0,0,0,0,-0.00000610351571594947,0,0,0,0,0,0,0,0,0,0,0,0,0,0
25,21,0,1,Night,,112.36762237548828,-22.367624282836914,224.39968872070312,0,0,0,0,-0.00009765625145519152,6.370100021362305,=NA(),0,64.81599426269531,1.4163999557495117,0.34380000829696655,0.08399999886751175,=NA(),20,1013.25,0,0,0,0,0,-0.00000610351571594947,0,0,0,0,0,0,0,0,0,0,0,0,0,0
25,22,0,1,Night,,119.88932800292969,-29.889328002929688,210.98727416992188,0,0,0,0,-0.00009765625145519152,6.260000228881836,=NA(),0,64.81599426269531,1.4163999557495117,0.34380000829696655,0.08399999886751175,=NA(),20,1013.25,0,0,0,0,0,-0.00000610351571594947,0,0,0,0,0,0,0,0,0,0,0,0,0,0
25,23,0,1,Night,,124.7288589477539,-34.72885513305664,195.18577575683594,0,0,0,0,-0.00009765625145519152,6.170000076293945,=NA(),0,64.81599426269531,1.4163999557495117,0.34380000829696655,0.08399999886751175,=NA(),20,1013.25,0,0,0,0,0,-0.00000610351571594947,0,0,0,0,0,0,0,0,0,0,0,0,0,0
26,0,0,1,Night,,126.13825988769531,-36.13825607299805,177.8362579345703,0,0,0,0,-0.00009765625145519152,5.730100154876709,=NA(),0,64.81599426269531,1.4163999557495117,0.34380000829696655,0.08399999886751175,=NA(),20,1013.25,0,0,0,0,0,-0.00000610351571594947,0,0,0,0,0,0,0,0,0,0,0,0,0,0
26,1,0,1,Night,,123.85388946533203,-33.8538932800293,160.71890258789062,0,0,0,0,-0.00009765625145519152,5.659900188446045,=NA(),0,64.81599426269531,1.4163999557495117,0.34380000829696655,0.08399999886751175,=NA(),20,1013.25,0,0,0,0,0,-0.00000610351571594947,0,0,0,0,0,0,0,0,0,0,0,0,0,0
26,2,0,1,Night,,118.29170989990234,-28.29170799255371,145.45626831054688,0,0,0,0,-0.00009765625145519152,5.940000057220459,=NA(),0,64.81599426269531,1.4163999557495117,0.34380000829696655,0.08399999886751175,=NA(),20,1013.25,0,0,0,0,0,-0.00000610351571594947,0,0,0,0,0,0,0,0,0,0,0,0,0,0
26,3,0,1,Night,,110.25023651123047,-20.250234603881836,132.61825561523438,0,0,0,0,-0.00009765625145519152,5.699999809265137,=NA(),0,64.81599426269531,1.4163999557495117,0.34380000829696655,0.08399999886751175,=NA(),20,1013.25,0,0,0,0,0,-0.00000610351571594947,0,0,0,0,0,0,0,0,0,0,0,0,0,0
26,4,0,1,Night,,100.51564025878906,-10.515643119812012,121.92232513427734,0,0,0,0,-0.00009765625145519152,5.389999866485596,=NA(),0,64.81599426269531,1.4163999557495117,0.34380000829696655,0.08399999886751175,=NA(),20,1013.25,0,0,0,0,0,-0.00000610351571594947,0,0,0,0,0,0,0,0,0,0,0,0,0,0
26,5,0,1,Night,Sun above horizon but GHI below 1,86.9813232421875,3.018676280975342,111.05262756347656,0,0,0,0,-0.00009765625145519152,5.860000133514404,=NA(),0,15.087580680847168,1.4163999557495117,0.34380000829696655,0.08399999886751175,=NA(),20,1013.25,0,0,0,0,0,-0.00000610351571594947,0,0,0,0,0,0,0,0,0,0,0,0,0,0
26,6,0,1,Night,Sun above horizon but GHI below 1,77.8392562866211,12.160745620727539,104.55340576171875,0,0,0,0,-0.00009765625145519152,7.339900016784668,=NA(),0,4.651797771453857,1.4163999557495117,0.34380000829696655,0.08399999886751175,=NA(),20,1013.25,0,0,0,0,0,-0.00000610351571594947,0,0,0,0,0,0,0,0,0,0,0,0,0,0
26,7,0,1,Night,Sun above horizon but GHI below 1,65.82538604736328,24.174612045288086,96.63846588134766,0,0,0,0,-0.00009765625145519152,8.5600004196167,=NA(),0,2.431161403656006,1.4163999557495117,0.34380000829696655,0.08399999886751175,=NA(),20,1013.25,0,0,0,0,0,-0.00000610351571594947,0,0,0,0,0,0,0,0,0,0,0,0,0,0
26,8,0,1,Night,Sun above horizon but GHI below 1,53.590309143066406,36.409690856933594,88.2907943725586,0,0,0,0,-0.00009765625145519152,8.949999809265137,=NA(),0,1.6820766925811768,1.4163999557495117,0.34380000829696655,0.08399999886751175,=NA(),20,1013.25,0,0,0,0,0,-0.00000610351571594947,0,0,0,0,0,0,0,0,0,0,0,0,0,0
26,9,0,1,Night,Sun above horizon but GHI below 1,41.41947555541992,48.58052444458008,78.31786346435547,0,0,0,0,-0.00009765625145519152,8.789999961853027,=NA(),0,1.3325762748718262,1.4163999557495117,0.34380000829696655,0.08399999886751175,=NA(),20,1013.25,0,0,0,0,0,-0.00000610351571594947,0,0,0,0,0,0,0,0,0,0,0,0,0,0
26,10,0,1,Night,Sun above horizon but GHI below 1,29.799114227294922,60.20088577270508,64.12189483642578,0,0,0,0,-0.00009765625145519152,8.120100021362305,=NA(),0,1.1519571542739868,1.4163999557495117,0.34380000829696655,0.08399999886751175,=NA(),20,1013.25,0,0,0,0,0,-0.00000610351571594947,0,0,0,0,0,0,0,0,0,0,0,0,0,0
26,11,0,1,Night,Sun above horizon but GHI below 1,20.091693878173828,69.9083023071289,38.93861770629883,0,0,0,0,-0.00009765625145519152,7.470099925994873,=NA(),0,1.0645827054977417,1.4163999557495117,0.34380000829696655,0.08399999886751175,=NA(),20,1013.25,0,0,0,0,0,-0.00000610351571594947,0,0,0,0,0,0,0,0,0,0,0,0,0,0
26,12,0,1,Night,Sun above horizon but GHI below 1,16.440887451171875,73.55911254882812,353.901611328125,0,0,0,0,-0.00009765625145519152,7.28000020980835,=NA(),0,1.0424624681472778,1.4163999557495117,0.34380000829696655,0.08399999886751175,=NA(),20,1013.25,0,0,0,0,0,-0.00000610351571594947,0,0,0,0,0,0,0,0,0,0,0,0,0,0
26,13,0,1,Night,Sun above horizon but GHI below 1,22.134607315063477,67.86539459228516,313.3433532714844,0,0,0,0,-0.00009765625145519152,7.4899001121521,=NA(),0,1.0793136358261108,1.4163999557495117,0.34380000829696655,0.08399999886751175,=NA(),20,1013.25,0,0,0,0,0,-0.00000610351571594947,0,0,0,0,0,0,0,0,0,0,0,0,0,0
26,14,0,1,Night,Sun above horizon but GHI below 1,32.54836654663086,57.45163345336914,291.8601379394531,0,0,0,0,-0.00009765625145519152,7.460000038146973,=NA(),0,1.1858227252960205,1.4163999557495117,0.34380000829696655,0.08399999886751175,=NA(),20,1013.25,0,0,0,0,0,-0.00000610351571594947,0,0,0,0,0,0,0,0,0,0,0,0,0,0
26,15,0,1,Night,Sun above horizon but GHI below 1,44.381187438964844,45.618812561035156,279.0931091308594,0,0,0,0,-0.00009765625145519152,6.830100059509277,=NA(),0,1.3979755640029907,1.4163999557495117,0.34380000829696655,0.08399999886751175,=NA(),20,1013.25,0,0,0,0,0,-0.00000610351571594947,0,0,0,0,0,0,0,0,0,0,0,0,0,0
26,16,0,1,Night,Sun above horizon but GHI below 1,56.60859298706055,33.39140701293945,269.6826171875,0,0,0,0,-0.00009765625145519152,5.619999885559082,=NA(),0,1.8133857250213623,1.4163999557495117,0.34380000829696655,0.08399999886751175,=NA(),20,1013.25,0,0,0,0,0,-0.00000610351571594947,0,0,0,0,0,0,0,0,0,0,0,0,0,0
26,17,0,1,Night,Sun above horizon but GHI below 1,68.82678985595703,21.17321014404297,261.5324401855469,0,0,0,0,-0.00009765625145519152,4.119999885559082,=NA(),0,2.7520649433135986,1.4163999557495117,0.34380000829696655,0.08399999886751175,=NA(),20,1013.25,0,0,0,0,0,-0.00000610351571594947,0,0,0,0,0,0,0,0,0,0,0,0,0,0
26,18,0,1,Night,Sun above horizon but GHI below 1,80.75718688964844,9.242815971374512,253.61248779296875,0,0,0,0,-0.00009765625145519152,2.9700000286102295,=NA(),0,6.010035514831543,1.4163999557495117,0.34380000829696655,0.08399999886751175,=NA(),20,1013.25,0,0,0,0,0,-0.00000610351571594947,0,0,0,0,0,0,0,0,0,0,0,0,0,0
26,19,0,1,Night,Sun above horizon but GHI below 1,88.31037902832031,1.689619779586792,248.06973266601562,0,0,0,0,-0.00009765625145519152,2.190000057220459,=NA(),0,21.218656539916992,1.4163999557495117,0.34380000829696655,0.08399999886751175,=NA(),20,1013.25,0,0,0,0,0,-0.00000610351571594947,0,0,0,0,0,0,0,0,0,0,0,0,0,0
26,20,0,1,Night,,103.1169204711914,-13.116918563842773,235.77420043945312,0,0,0,0,-0.00009765625145519152,1.3899999856948853,=NA(),0,64.81599426269531,1.4163999557495117,0.34380000829696655,0.08399999886751175,=NA(),20,1013.25,0,0,0,0,0,-0.00000610351571594947,0,0,0,0,0,0,0,0,0,0,0,0,0,0
26,21,0,1,Night,,112.53706359863281,-22.537067413330078,224.6089324951172,0,0,0,0,-0.00009765625145519152,0.8600999712944031,=NA(),0,64.81599426269531,1.4163999557495117,0.34380000829696655,0.08399999886751175,=NA(),20,1013.25,0,0,0,0,0,-0.00000610351571594947,0,0,0,0,0,0,0,0,0,0,0,0,0,0
26,22,0,1,Night,,120.09236145019531,-30.092361450195312,211.16986083984375,0,0,0,0,-0.00009765625145519152,0.8701000213623047,=NA(),0,64.81599426269531,1.4163999557495117,0.34380000829696655,0.08399999886751175,=NA(),20,1013.25,0,0,0,0,0,-0.00000610351571594947,0,0,0,0,0,0,0,0,0,0,0,0,0,0
26,23,0,1,Night,,124.96321868896484,-34.963218688964844,195.3159942626953,0,0,0,0,-0.00009765625145519152,1.5499999523162842,=NA(),0,64.81599426269531,1.4163999557495117,0.34380000829696655,0.08399999886751175,=NA(),20,1013.25,0,0,0,0,0,-0.00000610351571594947,0,0,0,0,0,0,0,0,0,0,0,0,0,0
27,0,0,1,Night,,126.39250183105469,-36.39250183105469,177.888916015625,0,0,0,0,-0.00009765625145519152,2.0199999809265137,=NA(),0,64.81599426269531,1.4163999557495117,0.34380000829696655,0.08399999886751175,=NA(),20,1013.25,0,0,0,0,0,-0.00000610351571594947,0,0,0,0,0,0,0,0,0,0,0,0,0,0
27,1,0,1,Night,,124.11072540283203,-34.110721588134766,160.69007873535156,0,0,0,0,-0.00009765625145519152,2.0999999046325684,=NA(),0,64.81599426269531,1.4163999557495117,0.34380000829696655,0.08399999886751175,=NA(),20,1013.25,0,0,0,0,0,-0.00000610351571594947,0,0,0,0,0,0,0,0,0,0,0,0,0,0
27,2,0,1,Night,,118.53694152832031,-28.536937713623047,145.36485290527344,0,0,0,0,-0.00009765625145519152,2.0299999713897705,=NA(),0,64.81599426269531,1.4163999557495117,0.34380000829696655,0.08399999886751175,=NA(),20,1013.25,0,0,0,0,0,-0.00000610351571594947,0,0,0,0,0,0,0,0,0,0,0,0,0,0
27,3,0,1,Night,,110.47734069824219,-20.477338790893555,132.48741149902344,0,0,0,0,-0.00009765625145519152,1.940000057220459,=NA(),0,64.81599426269531,1.4163999557495117,0.34380000829696655,0.08399999886751175,=NA(),20,1013.25,0,0,0,0,0,-0.00000610351571594947,0,0,0,0,0,0,0,0,0,0,0,0,0,0
27,4,0,1,Night,,100.72396850585938,-10.723970413208008,121.76738739013672,0,0,0,0,-0.00009765625145519152,1.9700000286102295,=NA(),0,64.81599426269531,1.4163999557495117,0.34380000829696655,0.08399999886751175,=NA(),20,1013.25,0,0,0,0,0,-0.00000610351571594947,0,0,0,0,0,0,0,0,0,0,0,0,0,0
27,5,0,1,Night,Sun above horizon but GHI below 1,87.06832122802734,2.9316773414611816,110.80437469482422,0,0,0,0,-0.00009765625145519152,2.3099000453948975,=NA(),0,15.38941478729248,1.4163999557495117,0.34380000829696655,0.08399999886751175,=NA(),20,1013.25,0,0,0,0,0,-0.00000610351571594947,0,0,0,0,0,0,0,0,0,0,0,0,0,0
27,6,0,1,Night,Sun above horizon but GHI below 1,78.01919555664062,11.980807304382324,104.3637924194336,0,0,0,0,-0.00009765625145519152,2.0701000690460205,=NA(),0,4.7176103591918945,1.4163999557495117,0.34380000829696655,0.08399999886751175,=NA(),20,1013.25,0,0,0,0,0,-0.00000610351571594947,0,0,0,0,0,0,0,0,0,0,0,0,0,0
27,7,0,1,Night,Sun above horizon but GHI below 1,65.99842071533203,24.001575469970703,96.4271469116211,0,0,0,0,-0.00009765625145519152,1.5901000499725342,=NA(),0,2.4474551677703857,1.4163999557495117,0.34380000829696655,0.08399999886751175,=NA(),20,1013.25,0,0,0,0,0,-0.00000610351571594947,0,0,0,0,0,0,0,0,0,0,0,0,0,0
27,8,0,1,Night,Sun above horizon but GHI below 1,53.76156997680664,36.23843002319336,88.04885864257812,0,0,0,0,-0.00009765625145519152,1.2898999452590942,=NA(),0,1.6888957023620605,1.4163999557495117,0.34380000829696655,0.08399999886751175,=NA(),20,1013.25,0,0,0,0,0,-0.00000610351571594947,0,0,0,0,0,0,0,0,0,0,0,0,0,0
27,9,0,1,Night,Sun above horizon but GHI below 1,41.59743118286133,48.40256881713867,78.0324478149414,0,0,0,0,-0.00009765625145519152,1.2300000190734863,=NA(),0,1.3362337350845337,1.4163999557495117,0.34380000829696655,0.08399999886751175,=NA(),20,1013.25,0,0,0,0,0,-0.00000610351571594947,0,0,0,0,0,0,0,0,0,0,0,0,0,0
27,10,0,1,Night,Sun above horizon but GHI below 1,29.99834442138672,60.00165557861328,63.78700637817383,0,0,0,0,-0.00009765625145519152,1.4900000095367432,=NA(),0,1.1542577743530273,1.4163999557495117,0.34380000829696655,0.08399999886751175,=NA(),20,1013.25,0,0,0,0,0,-0.00000610351571594947,0,0,0,0,0,0,0,0,0,0,0,0,0,0
27,11,0,1,Night,Sun above horizon but GHI below 1,20.33311653137207,69.66688537597656,38.658233642578125,0,0,0,0,-0.00009765625145519152,2.0999999046325684,=NA(),0,1.0662323236465454,1.4163999557495117,0.34380000829696655,0.08399999886751175,=NA(),20,1013.25,0,0,0,0,0,-0.00000610351571594947,0,0,0,0,0,0,0,0,0,0,0,0,0,0
27,12,0,1,Night,Sun above horizon but GHI below 1,16.691123962402344,73.30887603759766,354.15350341796875,0,0,0,0,-0.00009765625145519152,2.7999000549316406,=NA(),0,1.0438148975372314,1.4163999557495117,0.34380000829696655,0.08399999886751175,=NA(),20,1013.25,0,0,0,0,0,-0.00000610351571594947,0,0,0,0,0,0,0,0,0,0,0,0,0,0
27,13,0,1,Night,Sun above horizon but GHI below 1,22.303733825683594,67.6962661743164,313.86749267578125,0,0,0,0,-0.00009765625145519152,3.410099983215332,=NA(),0,1.0806132555007935,1.4163999557495117,0.34380000829696655,0.08399999886751175,=NA(),20,1013.25,0,0,0,0,0,-0.00000610351571594947,0,0,0,0,0,0,0,0,0,0,0,0,0,0
27,14,0,1,Night,Sun above horizon but GHI below 1,32.66295623779297,57.33704376220703,292.2948303222656,0,0,0,0,-0.00009765625145519152,4.190000057220459,=NA(),0,1.1873373985290527,1.4163999557495117,0.34380000829696655,0.08399999886751175,=NA(),20,1013.25,0,0,0,0,0,-0.00000610351571594947,0,0,0,0,0,0,0,0,0,0,0,0,0,0
27,15,0,1,Night,Sun above horizon but GHI below 1,44.473873138427734,45.526126861572266,279.44158935546875,0,0,0,0,-0.00009765625145519152,5.300000190734863,=NA(),0,1.4001870155334473,1.4163999557495117,0.34380000829696655,0.08399999886751175,=NA(),20,1013.25,0,0,0,0,0,-0.00000610351571594947,0,0,0,0,0,0,0,0,0,0,0,0,0,0
27,16,0,1,Night,Sun above horizon but GHI below 1,56.696136474609375,33.303863525390625,269.9771423339844,0,0,0,0,-0.00009765625145519152,6.750100135803223,=NA(),0,1.8175766468048096,1.4163999557495117,0.34380000829696655,0.08399999886751175,=NA(),20,1013.25,0,0,0,0,0,-0.00000610351571594947,0,0,0,0,0,0,0,0,0,0,0,0,0,0
27,17,0,1,Night,Sun above horizon but GHI below 1,68.91883850097656,21.08116340637207,261.7946472167969,0,0,0,0,-0.00009765625145519152,8.079999923706055,=NA(),0,2.763362407684326,1.4163999557495117,0.34380000829696655,0.08399999886751175,=NA(),20,1013.25,0,0,0,0,0,-0.00000610351571594947,0,0,0,0,0,0,0,0,0,0,0,0,0,0
27,18,0,1,Night,Sun above horizon but GHI below 1,80.86006927490234,9.13992977142334,253.8556671142578,0,0,0,0,-0.00009765625145519152,9.050000190734863,=NA(),0,6.072360515594482,1.4163999557495117,0.34380000829696655,0.08399999886751175,=NA(),20,1013.25,0,0,0,0,0,-0.00000610351571594947,0,0,0,0,0,0,0,0,0,0,0,0,0,0
27,19,0,1,Night,Sun above horizon but GHI below 1,88.35762023925781,1.6423803567886353,248.3520965576172,0,0,0,0,-0.00009765625145519152,9.770000457763672,=NA(),0,21.513954162597656,1.4163999557495117,0.34380000829696655,0.08399999886751175,=NA(),20,1013.25,0,0,0,0,0,-0.00000610351571594947,0,0,0,0,0,0,0,0,0,0,0,0,0,0
27,20,0,1,Night,,103.26222229003906,-13.262221336364746,235.99774169921875,0,0,0,0,-0.00009765625145519152,10.3100004196167,=NA(),0,64.81599426269531,1.4163999557495117,0.34380000829696655,0.08399999886751175,=NA(),20,1013.25,0,0,0,0,0,-0.00000610351571594947,0,0,0,0,0,0,0,0,0,0,0,0,0,0
27,21,0,1,Night,,112.7125244140625,-22.712522506713867,224.81971740722656,0,0,0,0,-0.00009765625145519152,10.0600004196167,=NA(),0,64.81599426269531,1.4163999557495117,0.34380000829696655,0.08399999886751175,=NA(),20,1013.25,0,0,0,0,0,-0.00000610351571594947,0,0,0,0,0,0,0,0,0,0,0,0,0,0
27,22,0,1,Night,,120.30148315429688,-30.301485061645508,211.3529510498047,0,0,0,0,-0.00009765625145519152,9.4399995803833,=NA(),0,64.81599426269531,1.4163999557495117,0.34380000829696655,0.08399999886751175,=NA(),20,1013.25,0,0,0,0,0,-0.00000610351571594947,0,0,0,0,0,0,0,0,0,0,0,0,0,0
27,23,0,1,Night,,125.20357513427734,-35.20357131958008,195.44485473632812,0,0,0,0,-0.00009765625145519152,8.960000038146973,=NA(),0,64.81599426269531,1.4163999557495117,0.34380000829696655,0.08399999886751175,=NA(),20,1013.25,0,0,0,0,0,-0.00000610351571594947,0,0,0,0,0,0,0,0,0,0,0,0,0,0
28,0,0,1,Night,,126.6521987915039,-36.652198791503906,177.93785095214844,0,0,0,0,-0.00009765625145519152,8.699899673461914,=NA(),0,64.81599426269531,1.4163999557495117,0.34380000829696655,0.08399999886751175,=NA(),20,1013.25,0,0,0,0,0,-0.00000610351571594947,0,0,0,0,0,0,0,0,0,0,0,0,0,0
28,1,0,1,Night,,124.37202453613281,-34.37202072143555,160.6555938720703,0,0,0,0,-0.00009765625145519152,8.550000190734863,=NA(),0,64.81599426269531,1.4163999557495117,0.34380000829696655,0.08399999886751175,=NA(),20,1013.25,0,0,0,0,0,-0.00000610351571594947,0,0,0,0,0,0,0,0,0,0,0,0,0,0
28,2,0,1,Night,,118.78546142578125,-28.785463333129883,145.266845703125,0,0,0,0,-0.00009765625145519152,8.430100440979004,=NA(),0,64.81599426269531,1.4163999557495117,0.34380000829696655,0.08399999886751175,=NA(),20,1013.25,0,0,0,0,0,-0.00000610351571594947,0,0,0,0,0,0,0,0,0,0,0,0,0,0
28,3,0,1,Night,,110.70668029785156,-20.70667839050293,132.349853515625,0,0,0,0,-0.00009765625145519152,8.280099868774414,=NA(),0,64.81599426269531,1.4163999557495117,0.34380000829696655,0.08399999886751175,=NA(),20,1013.25,0,0,0,0,0,-0.00000610351571594947,0,0,0,0,0,0,0,0,0,0,0,0,0,0
28,4,0,1,Night,,100.93370819091797,-10.933706283569336,121.60597229003906,0,0,0,0,-0.00009765625145519152,8.09000015258789,=NA(),0,64.81599426269531,1.4163999557495117,0.34380000829696655,0.08399999886751175,=NA(),20,1013.25,0,0,0,0,0,-0.00000610351571594947,0,0,0,0,0,0,0,0,0,0,0,0,0,0
28,5,0,1,Night,Sun above horizon but GHI below 1,87.15264892578125,2.8473496437072754,110.54731750488281,0,0,0,0,-0.00009765625145519152,8.350099563598633,=NA(),0,15.69248104095459,1.4163999557495117,0.34380000829696655,0.08399999886751175,=NA(),20,1013.25,0,0,0,0,0,-0.00000610351571594947,0,0,0,0,0,0,0,0,0,0,0,0,0,0
28,6,0,1,Night,Sun above horizon but GHI below 1,78.19970703125,11.800291061401367,104.1679916381836,0,0,0,0,-0.00009765625145519152,8.689900398254395,=NA(),0,4.785534381866455,1.4163999557495117,0.34380000829696655,0.08399999886751175,=NA(),20,1013.25,0,0,0,0,0,-0.00000610351571594947,0,0,0,0,0,0,0,0,0,0,0,0,0,0
28,7,0,1,Night,Sun above horizon but GHI below 1,66.17198181152344,23.828020095825195,96.20946502685547,0,0,0,0,-0.00009765625145519152,8.919899940490723,=NA(),0,2.4640398025512695,1.4163999557495117,0.34380000829696655,0.08399999886751175,=NA(),20,1013.25,0,0,0,0,0,-0.00000610351571594947,0,0,0,0,0,0,0,0,0,0,0,0,0,0
28,8,0,1,Night,Sun above horizon but GHI below 1,53.93347930908203,36.06652069091797,87.80016326904297,0,0,0,0,-0.00009765625145519152,9.039999961853027,=NA(),0,1.6958116292953491,1.4163999557495117,0.34380000829696655,0.08399999886751175,=NA(),20,1013.25,0,0,0,0,0,-0.00000610351571594947,0,0,0,0,0,0,0,0,0,0,0,0,0,0
28,9,0,1,Night,Sun above horizon but GHI below 1,41.776485443115234,48.223514556884766,77.73954772949219,0,0,0,0,-0.00009765625145519152,9.109999656677246,=NA(),0,1.339946985244751,1.4163999557495117,0.34380000829696655,0.08399999886751175,=NA(),20,1013.25,0,0,0,0,0,-0.00000610351571594947,0,0,0,0,0,0,0,0,0,0,0,0,0,0
28,10,0,1,Night,Sun above horizon but GHI below 1,30.199567794799805,59.80043029785156,63.44377136230469,0,0,0,0,-0.00009765625145519152,8.779899597167969,=NA(),0,1.1566050052642822,1.4163999557495117,0.34380000829696655,0.08399999886751175,=NA(),20,1013.25,0,0,0,0,0,-0.00000610351571594947,0,0,0,0,0,0,0,0,0,0,0,0,0,0
28,11,0,1,Night,Sun above horizon but GHI below 1,20.578001022338867,69.4219970703125,38.368370056152344,0,0,0,0,-0.00009765625145519152,8.919899940490723,=NA(),0,1.0679301023483276,1.4163999557495117,0.34380000829696655,0.08399999886751175,=NA(),20,1013.25,0,0,0,0,0,-0.00000610351571594947,0,0,0,0,0,0,0,0,0,0,0,0,0,0
28,12,0,1,Night,Sun above horizon but GHI below 1,16.94741439819336,73.05258178710938,354.3892822265625,0,0,0,0,-0.00009765625145519152,9.550100326538086,=NA(),0,1.0452244281768799,1.4163999557495117,0.34380000829696655,0.08399999886751175,=NA(),20,1013.25,0,0,0,0,0,-0.00000610351571594947,0,0,0,0,0,0,0,0,0,0,0,0,0,0
28,13,0,1,Night,Sun above horizon but GHI below 1,22.480756759643555,67.51924133300781,314.3866271972656,0,0,0,0,-0.00009765625145519152,9.649900436401367,=NA(),0,1.0819870233535767,1.4163999557495117,0.34380000829696655,0.08399999886751175,=NA(),20,1013.25,0,0,0,0,0,-0.00000610351571594947,0,0,0,0,0,0,0,0,0,0,0,0,0,0
28,14,0,1,Night,Sun above horizon but GHI below 1,32.78482437133789,57.21517562866211,292.7314147949219,0,0,0,0,-0.00009765625145519152,9.119999885559082,=NA(),0,1.188957691192627,1.4163999557495117,0.34380000829696655,0.08399999886751175,=NA(),20,1013.25,0,0,0,0,0,-0.00000610351571594947,0,0,0,0,0,0,0,0,0,0,0,0,0,0
28,15,0,1,Night,Sun above horizon but GHI below 1,44.57313537597656,45.42686462402344,279.79327392578125,0,0,0,0,-0.00009765625145519152,8.630000114440918,=NA(),0,1.4025671482086182,1.4163999557495117,0.34380000829696655,0.08399999886751175,=NA(),20,1013.25,0,0,0,0,0,-0.00000610351571594947,0,0,0,0,0,0,0,0,0,0,0,0,0,0
28,16,0,1,Night,Sun above horizon but GHI below 1,56.78981399536133,33.21018600463867,270.2748718261719,0,0,0,0,-0.00009765625145519152,8.09000015258789,=NA(),0,1.822087287902832,1.4163999557495117,0.34380000829696655,0.08399999886751175,=NA(),20,1013.25,0,0,0,0,0,-0.00000610351571594947,0,0,0,0,0,0,0,0,0,0,0,0,0,0
28,17,0,1,Night,Sun above horizon but GHI below 1,69.01676177978516,20.98324203491211,262.059814453125,0,0,0,0,-0.00009765625145519152,7.579899787902832,=NA(),0,2.7754909992218018,1.4163999557495117,0.34380000829696655,0.08399999886751175,=NA(),20,1013.25,0,0,0,0,0,-0.00000610351571594947,0,0,0,0,0,0,0,0,0,0,0,0,0,0
28,18,0,1,Night,Sun above horizon but GHI below 1,80.96866607666016,9.031331062316895,254.10154724121094,0,0,0,0,-0.00009765625145519152,7.510000228881836,=NA(),0,6.13953971862793,1.4163999557495117,0.34380000829696655,0.08399999886751175,=NA(),20,1013.25,0,0,0,0,0,-0.00000610351571594947,0,0,0,0,0,0,0,0,0,0,0,0,0,0
28,19,0,1,Night,Sun above horizon but GHI below 1,88.41268920898438,1.5873115062713623,248.63470458984375,0,0,0,0,-0.00009765625145519152,8.129899978637695,=NA(),0,21.867002487182617,1.4163999557495117,0.34380000829696655,0.08399999886751175,=NA(),20,1013.25,0,0,0,0,0,-0.00000610351571594947,0,0,0,0,0,0,0,0,0,0,0,0,0,0
28,20,0,1,Night,,103.41334533691406,-13.41334342956543,236.22335815429688,0,0,0,0,-0.00009765625145519152,8.869999885559082,=NA(),0,64.81599426269531,1.4163999557495117,0.34380000829696655,0.08399999886751175,=NA(),20,1013.25,0,0,0,0,0,-0.00000610351571594947,0,0,0,0,0,0,0,0,0,0,0,0,0,0
28,21,0,1,Night,,112.89392852783203,-22.893932342529297,225.03201293945312,0,0,0,0,-0.00009765625145519152,9.169899940490723,=NA(),0,64.81599426269531,1.4163999557495117,0.34380000829696655,0.08399999886751175,=NA(),20,1013.25,0,0,0,0,0,-0.00000610351571594947,0,0,0,0,0,0,0,0,0,0,0,0,0,0
28,22,0,1,Night,,120.51663970947266,-30.51664161682129,211.53648376464844,0,0,0,0,-0.00009765625145519152,8.880000114440918,=NA(),0,64.81599426269531,1.4163999557495117,0.34380000829696655,0.08399999886751175,=NA(),20,1013.25,0,0,0,0,0,-0.00000610351571594947,0,0,0,0,0,0,0,0,0,0,0,0,0,0
28,23,0,1,Night,,125.44981384277344,-35.44981384277344,195.57235717773438,0,0,0,0,-0.00009765625145519152,8.36989974975586,=NA(),0,64.81599426269531,1.4163999557495117,0.34380000829696655,0.08399999886751175,=NA(),20,1013.25,0,0,0,0,0,-0.00000610351571594947,0,0,0,0,0,0,0,0,0,0,0,0,0,0
29,0,0,1,Night,,126.91724395751953,-36.9172477722168,177.98306274414062,0,0,0,0,-0.00009765625145519152,8.010000228881836,=NA(),0,64.81599426269531,1.4163999557495117,0.34380000829696655,0.08399999886751175,=NA(),20,1013.25,0,0,0,0,0,-0.00000610351571594947,0,0,0,0,0,0,0,0,0,0,0,0,0,0
29,1,0,1,Night,,124.63764953613281,-34.63764953613281,160.61541748046875,0,0,0,0,-0.00009765625145519152,7.950099945068359,=NA(),0,64.81599426269531,1.4163999557495117,0.34380000829696655,0.08399999886751175,=NA(),20,1013.25,0,0,0,0,0,-0.00000610351571594947,0,0,0,0,0,0,0,0,0,0,0,0,0,0
29,2,0,1,Night,,119.0371322631836,-29.037134170532227,145.1622314453125,0,0,0,0,-0.00009765625145519152,7.7399001121521,=NA(),0,64.81599426269531,1.4163999557495117,0.34380000829696655,0.08399999886751175,=NA(),20,1013.25,0,0,0,0,0,-0.00000610351571594947,0,0,0,0,0,0,0,0,0,0,0,0,0,0
29,3,0,1,Night,,110.93815612792969,-20.938154220581055,132.20559692382812,0,0,0,0,-0.00009765625145519152,7.259900093078613,=NA(),0,64.81599426269531,1.4163999557495117,0.34380000829696655,0.08399999886751175,=NA(),20,1013.25,0,0,0,0,0,-0.00000610351571594947,0,0,0,0,0,0,0,0,0,0,0,0,0,0
29,4,0,1,Night,,101.14479064941406,-11.144792556762695,121.43811798095703,0,0,0,0,-0.00009765625145519152,6.939899921417236,=NA(),0,64.81599426269531,1.4163999557495117,0.34380000829696655,0.08399999886751175,=NA(),20,1013.25,0,0,0,0,0,-0.00000610351571594947,0,0,0,0,0,0,0,0,0,0,0,0,0,0
29,5,0,1,Night,Sun above horizon but GHI below 1,87.24330139160156,2.7566981315612793,110.28855895996094,0,0,0,0,-0.00009765625145519152,6.869999885559082,=NA(),0,16.030303955078125,1.4163999557495117,0.34380000829696655,0.08399999886751175,=NA(),20,1013.25,0,0,0,0,0,-0.00000610351571594947,0,0,0,0,0,0,0,0,0,0,0,0,0,0
29,6,0,1,Night,Sun above horizon but GHI below 1,78.3807373046875,11.61925983428955,103.966064453125,0,0,0,0,-0.00009765625145519152,7.139999866485596,=NA(),0,4.855645656585693,1.4163999557495117,0.34380000829696655,0.08399999886751175,=NA(),20,1013.25,0,0,0,0,0,-0.00000610351571594947,0,0,0,0,0,0,0,0,0,0,0,0,0,0
29,7,0,1,Night,Sun above horizon but GHI below 1,66.34600067138672,23.654003143310547,95.98554229736328,0,0,0,0,-0.00009765625145519152,7.819900035858154,=NA(),0,2.480916976928711,1.4163999557495117,0.34380000829696655,0.08399999886751175,=NA(),20,1013.25,0,0,0,0,0,-0.00000610351571594947,0,0,0,0,0,0,0,0,0,0,0,0,0,0
29,8,0,1,Night,Sun above horizon but GHI below 1,54.10602569580078,35.89397430419922,87.5448226928711,0,0,0,0,-0.00009765625145519152,8.20989990234375,=NA(),0,1.7028254270553589,1.4163999557495117,0.34380000829696655,0.08399999886751175,=NA(),20,1013.25,0,0,0,0,0,-0.00000610351571594947,0,0,0,0,0,0,0,0,0,0,0,0,0,0
29,9,0,1,Night,Sun above horizon but GHI below 1,41.956634521484375,48.043365478515625,77.43936920166016,0,0,0,0,-0.00009765625145519152,8.20009994506836,=NA(),0,1.343717098236084,1.4163999557495117,0.34380000829696655,0.08399999886751175,=NA(),20,1013.25,0,0,0,0,0,-0.00000610351571594947,0,0,0,0,0,0,0,0,0,0,0,0,0,0
29,10,0,1,Night,Sun above horizon but GHI below 1,30.402782440185547,59.59721755981445,63.09252166748047,0,0,0,0,-0.00009765625145519152,8.030099868774414,=NA(),0,1.1589996814727783,1.4163999557495117,0.34380000829696655,0.08399999886751175,=NA(),20,1013.25,0,0,0,0,0,-0.00000610351571594947,0,0,0,0,0,0,0,0,0,0,0,0,0,0
29,11,0,1,Night,Sun above horizon but GHI below 1,20.826311111450195,69.17369079589844,38.069583892822266,0,0,0,0,-0.00009765625145519152,7.690000057220459,=NA(),0,1.0696772336959839,1.4163999557495117,0.34380000829696655,0.08399999886751175,=NA(),20,1013.25,0,0,0,0,0,-0.00000610351571594947,0,0,0,0,0,0,0,0,0,0,0,0,0,0
29,12,0,1,Night,Sun above horizon but GHI below 1,17.209613800048828,72.7903823852539,354.6092834472656,0,0,0,0,-0.00009765625145519152,7.199999809265137,=NA(),0,1.0466920137405396,1.4163999557495117,0.34380000829696655,0.08399999886751175,=NA(),20,1013.25,0,0,0,0,0,-0.00000610351571594947,0,0,0,0,0,0,0,0,0,0,0,0,0,0
29,13,0,1,Night,Sun above horizon but GHI below 1,22.66558837890625,67.33441162109375,314.90020751953125,0,0,0,0,-0.00009765625145519152,6.480000019073486,=NA(),0,1.083436131477356,1.4163999557495117,0.34380000829696655,0.08399999886751175,=NA(),20,1013.25,0,0,0,0,0,-0.00000610351571594947,0,0,0,0,0,0,0,0,0,0,0,0,0,0
29,14,0,1,Night,Sun above horizon but GHI below 1,32.9139518737793,57.0860481262207,293.16949462890625,0,0,0,0,-0.00009765625145519152,5.570099830627441,=NA(),0,1.1906851530075073,1.4163999557495117,0.34380000829696655,0.08399999886751175,=NA(),20,1013.25,0,0,0,0,0,-0.00000610351571594947,0,0,0,0,0,0,0,0,0,0,0,0,0,0
29,15,0,1,Night,Sun above horizon but GHI below 1,44.67896270751953,45.32103729248047,280.1478576660156,0,0,0,0,-0.00009765625145519152,4.549900054931641,=NA(),0,1.4051182270050049,1.4163999557495117,0.34380000829696655,0.08399999886751175,=NA(),20,1013.25,0,0,0,0,0,-0.00000610351571594947,0,0,0,0,0,0,0,0,0,0,0,0,0,0
29,16,0,1,Night,Sun above horizon but GHI below 1,56.88959503173828,33.11040496826172,270.57562255859375,0,0,0,0,-0.00009765625145519152,3.4298999309539795,=NA(),0,1.826922059059143,1.4163999557495117,0.34380000829696655,0.08399999886751175,=NA(),20,1013.25,0,0,0,0,0,-0.00000610351571594947,0,0,0,0,0,0,0,0,0,0,0,0,0,0
29,17,0,1,Night,Sun above horizon but GHI below 1,69.12053680419922,20.87946128845215,262.32781982421875,0,0,0,0,-0.00009765625145519152,2.7300000190734863,=NA(),0,2.788468837738037,1.4163999557495117,0.34380000829696655,0.08399999886751175,=NA(),20,1013.25,0,0,0,0,0,-0.00000610351571594947,0,0,0,0,0,0,0,0,0,0,0,0,0,0
29,18,0,1,Night,Sun above horizon but GHI below 1,81.08291625976562,8.917084693908691,254.35009765625,0,0,0,0,-0.00009765625145519152,2.8798999786376953,=NA(),0,6.2118048667907715,1.4163999557495117,0.34380000829696655,0.08399999886751175,=NA(),20,1013.25,0,0,0,0,0,-0.00000610351571594947,0,0,0,0,0,0,0,0,0,0,0,0,0,0
29,19,0,1,Night,Sun above horizon but GHI below 1,88.46681213378906,1.5331847667694092,248.9246063232422,0,0,0,0,-0.00009765625145519152,3.619999885559082,=NA(),0,22.223608016967773,1.4163999557495117,0.34380000829696655,0.08399999886751175,=NA(),20,1013.25,0,0,0,0,0,-0.00000610351571594947,0,0,0,0,0,0,0,0,0,0,0,0,0,0
29,20,0,1,Night,,103.5702133178711,-13.570215225219727,236.45101928710938,0,0,0,0,-0.00009765625145519152,4.680099964141846,=NA(),0,64.81599426269531,1.4163999557495117,0.34380000829696655,0.08399999886751175,=NA(),20,1013.25,0,0,0,0,0,-0.00000610351571594947,0,0,0,0,0,0,0,0,0,0,0,0,0,0
29,21,0,1,Night,,113.08119201660156,-23.08119010925293,225.2458038330078,0,0,0,0,-0.00009765625145519152,4.889999866485596,=NA(),0,64.81599426269531,1.4163999557495117,0.34380000829696655,0.08399999886751175,=NA(),20,1013.25,0,0,0,0,0,-0.00000610351571594947,0,0,0,0,0,0,0,0,0,0,0,0,0,0
29,22,0,1,Night,,120.73771667480469,-30.737714767456055,211.72044372558594,0,0,0,0,-0.00009765625145519152,4.469900131225586,=NA(),0,64.81599426269531,1.4163999557495117,0.34380000829696655,0.08399999886751175,=NA(),20,1013.25,0,0,0,0,0,-0.00000610351571594947,0,0,0,0,0,0,0,0,0,0,0,0,0,0
29,23,0,1,Night,,125.70187377929688,-35.701873779296875,195.69847106933594,0,0,0,0,-0.00009765625145519152,4.440000057220459,=NA(),0,64.81599426269531,1.4163999557495117,0.34380000829696655,0.08399999886751175,=NA(),20,1013.25,0,0,0,0,0,-0.00000610351571594947,0,0,0,0,0,0,0,0,0,0,0,0,0,0
30,0,0,1,Night,,127.18755340576172,-37.18754959106445,178.02452087402344,0,0,0,0,-0.00009765625145519152,4.479899883270264,=NA(),0,64.81599426269531,1.4163999557495117,0.34380000829696655,0.08399999886751175,=NA(),20,1013.25,0,0,0,0,0,-0.00000610351571594947,0,0,0,0,0,0,0,0,0,0,0,0,0,0
30,1,0,1,Night,,124.90751647949219,-34.90751647949219,160.56948852539062,0,0,0,0,-0.00009765625145519152,4.349999904632568,=NA(),0,64.81599426269531,1.4163999557495117,0.34380000829696655,0.08399999886751175,=NA(),20,1013.25,0,0,0,0,0,-0.00000610351571594947,0,0,0,0,0,0,0,0,0,0,0,0,0,0
30,2,0,1,Night,,119.29187774658203,-29.2918758392334,145.0509796142578,0,0,0,0,-0.00009765625145519152,4.190000057220459,=NA(),0,64.81599426269531,1.4163999557495117,0.34380000829696655,0.08399999886751175,=NA(),20,1013.25,0,0,0,0,0,-0.00000610351571594947,0,0,0,0,0,0,0,0,0,0,0,0,0,0
30,3,0,1,Night,,111.1716537475586,-21.17165184020996,132.05470275878906,0,0,0,0,-0.00009765625145519152,3.9899001121520996,=NA(),0,64.81599426269531,1.4163999557495117,0.34380000829696655,0.08399999886751175,=NA(),20,1013.25,0,0,0,0,0,-0.00000610351571594947,0,0,0,0,0,0,0,0,0,0,0,0,0,0
30,4,0,1,Night,,101.34881591796875,-11.348816871643066,121.26386260986328,0,0,0,0,33.099998474121094,3.630000114440918,=NA(),0,64.81599426269531,1.4163999557495117,0.34380000829696655,0.08399999886751175,=NA(),20,1013.25,0,0,0,0,0,33.099998474121094,0,0,0,0,0,0,0,0,0,0,0,0,0,0
30,5,0,1,Day,,87.3600845336914,2.639915943145752,110.02114868164062,296.010009765625,284.623779296875,247.2100067138672,0.961534321308136,33.099998474121094,3.7599000930786133,=NA(),=NA(),16.485036849975586,1.4163999557495117,0.34380000829696655,0.08399999886751175,=NA(),20,1013.25,4.034529685974121,83.57051849365234,461.19000244140625,494.8999938964844,-33.709999084472656,56.159996032714844,22.309999465942383,19.940000534057617,1.5136737823486328,6.376626968383789,0.019536271691322327,0.010186499916017056,16.94978141784668,0.02958614192903042,0.0008221250027418137,0,-0.0007236250094138086,0,2.3699989318847656,18.426326751708984
30,6,0,1,Day,,78.57122039794922,11.428777694702148,103.75810241699219,296.010009765625,247.0254364013672,247.2100067138672,0.8345171809196472,33.099998474121094,3.5801000595092773,=NA(),=NA(),4.931671619415283,1.4163999557495117,0.34380000829696655,0.08399999886751175,=NA(),20,1013.25,17.938800811767578,61.20030975341797,538.280029296875,523.9549560546875,14.335000038146973,55.420005798339844,3114.1201171875,2797.0400390625,2801.10986328125,36.06932830810547,4.853696823120117,4.821125030517578,42.89895248413086,5.146792411804199,0.017582999542355537,0,0.00032893751631490886,0,317.080078125,-4.06982421875
30,7,0,1,Day,,66.52478790283203,23.475215911865234,95.75550079345703,296.010009765625,247.96473693847656,120.61000061035156,0.8376903533935547,33.099998474121094,4.269999980926514,=NA(),=NA(),2.498521327972412,1.4163999557495117,0.34380000829696655,0.08399999886751175,=NA(),20,1013.25,52.97847366333008,14.421635627746582,450.4700012207031,410.6300048828125,39.834999084472656,51.815635681152344,2576.679931640625,2342.199951171875,2344.979248046875,36.40460205078125,4.0260419845581055,3.912275552749634,43.01431655883789,4.266870021820068,0.014041375368833542,0,0.000836124992929399,0,234.47998046875,-2.779296875
30,8,0,1,Day,,54.28181838989258,35.71818161010742,87.28302001953125,296.010009765625,277.2087707519531,32.20500183105469,0.9364844560623169,33.099998474121094,4.859899997711182,=NA(),=NA(),1.7100468873977661,1.4163999557495117,0.34380000829696655,0.08399999886751175,=NA(),20,1013.25,54.25126647949219,2.2056283950805664,326.6199951171875,271.83001708984375,54.790000915527344,46.787498474121094,1822.6500244140625,1684.06005859375,1679.0064697265625,36.97818374633789,2.8374433517456055,2.688447952270508,43.03763198852539,3.0291082859039307,0.009453687816858292,0,0.0011646875645965338,0,138.5899658203125,5.0535888671875
30,9,0,1,Day,,42.13958740234375,47.86041259765625,77.13211822509766,296.010009765625,286.8827209472656,12.309000015258789,0.9691656231880188,33.099998474121094,4.859899997711182,=NA(),=NA(),1.3475812673568726,1.4163999557495117,0.34380000829696655,0.08399999886751175,=NA(),20,1013.25,41.415565490722656,8.593351364135742,310.29998779296875,265.5150146484375,44.790000915527344,46.07811737060547,1735.820068359375,1607.6700439453125,1604.212158203125,36.9499397277832,2.713205337524414,2.591850519180298,43.04365539550781,2.8869717121124268,0.009196500293910503,0,0.0009304999839514494,0,128.1500244140625,3.4578857421875
30,10,0,1,Day,,30.609119415283203,59.3908805847168,62.73360061645508,296.010009765625,289.63568115234375,7.406300067901611,0.9784658551216125,33.099998474121094,4.539899826049805,=NA(),=NA(),1.1614561080932617,1.4163999557495117,0.34380000829696655,0.08399999886751175,=NA(),20,1013.25,27.73883628845215,13.489612579345703,313.1300048828125,278.34002685546875,34.79999923706055,46.09313201904297,1772.8699951171875,1642.1400146484375,1643.70654296875,36.81297302246094,2.79060959815979,2.7161905765533447,43.08141326904297,2.9588875770568848,0.00960956234484911,0,0.0007263125153258443,0,130.72998046875,-1.5665283203125
30,11,0,1,Day,,21.07874870300293,68.92124938964844,37.76243209838867,296.010009765625,290.21636962890625,6.209099769592285,0.9804275631904602,33.099998474121094,3.9600000381469727,=NA(),=NA(),1.0714797973632812,1.4163999557495117,0.34380000829696655,0.08399999886751175,=NA(),20,1013.25,13.281022071838379,16.518465042114258,320.4649963378906,291.489990234375,28.975000381469727,46.37749481201172,1820.77001953125,1685.0699462890625,1687.8568115234375,36.771724700927734,2.868809938430786,2.840522050857544,43.09294891357422,3.03973388671875,0.009987187571823597,0,0.0006200000061653554,0,135.7000732421875,-2.786865234375
30,12,0,1,Day,,17.478179931640625,72.52182006835938,354.8139953613281,296.010009765625,290.2778625488281,6.0096001625061035,0.9806352853775024,33.099998474121094,3.619999885559082,=NA(),=NA(),1.048222303390503,1.4163999557495117,0.34380000829696655,0.08399999886751175,=NA(),20,1013.25,-1.6303045749664307,17.404342651367188,323.10498046875,295.93499755859375,27.170000076293945,46.50188446044922,1832.4400634765625,1695.1400146484375,1697.550537109375,36.77229690551758,2.8852405548095703,2.8779778480529785,43.08803939819336,3.058624029159546,0.010081437416374683,0,0.0005916249938309193,0,137.300048828125,-2.4105224609375
30,13,0,1,Day,,22.85893440246582,67.14106750488281,315.4078063964844,296.010009765625,290.19659423828125,6.308899879455566,0.980360746383667,33.099998474121094,3.700000047683716,=NA(),=NA(),1.0849682092666626,1.4163999557495117,0.34380000829696655,0.08399999886751175,=NA(),20,1013.25,-16.487030029296875,16.059375762939453,319.010009765625,289.1300048828125,29.880001068115234,46.33000946044922,1814.780029296875,1679.77001953125,1681.2459716796875,36.8044548034668,2.8550336360931396,2.8153738975524902,43.0931396484375,3.0263991355895996,0.009939500130712986,0,0.0006336874794214964,0,135.010009765625,-1.4759521484375
30,14,0,1,Day,,33.05154037475586,56.94845962524414,293.6086730957031,296.010009765625,289.3004455566406,8.004899978637695,0.9773333072662354,33.099998474121094,3.970099925994873,=NA(),=NA(),1.1925380229949951,1.4163999557495117,0.34380000829696655,0.08399999886751175,=NA(),20,1013.25,-30.804500579833984,12.616435050964355,311.67999267578125,275.04498291015625,36.63500213623047,46.05687713623047,1760.4200439453125,1630.760009765625,1631.9298095703125,36.85608673095703,2.7672770023345947,2.684600353240967,43.07329177856445,2.9407312870025635,0.009499937295913696,0,0.000765874981880188,0,129.6600341796875,-1.1697998046875
30,15,0,1,Day,,44.793216705322266,45.206783294677734,280.5050964355469,296.010009765625,285.6412658691406,14.611000061035156,0.964971661567688,33.099998474121094,4.130099773406982,=NA(),=NA(),1.4078882932662964,1.4163999557495117,0.34380000829696655,0.08399999886751175,=NA(),20,1013.25,-44.30903625488281,7.380367755889893,311.80499267578125,264.3699951171875,47.43499755859375,46.16124725341797,1736.739990234375,1608,1603.799560546875,36.967193603515625,2.711174488067627,2.5833067893981934,43.032745361328125,2.88869047164917,0.00915324967354536,0,0.0009792500641196966,0,128.739990234375,4.200439453125
30,16,0,1,Day,,56.998390197753906,33.001609802246094,270.8792419433594,296.010009765625,273.1831970214844,41.90999984741211,0.922885000705719,33.099998474121094,3.9198999404907227,=NA(),=NA(),1.8322287797927856,1.4163999557495117,0.34380000829696655,0.08399999886751175,=NA(),20,1013.25,-56.99530792236328,0.7373684048652649,358.93499755859375,307.02001953125,51.91999816894531,48.01061248779297,2054.159912109375,1890.75,1891.5103759765625,36.76036834716797,3.215885639190674,3.078662157058716,43.0953369140625,3.415200710296631,0.01083999965339899,0,0.0010863124625757337,0,163.409912109375,-0.7603759765625
30,17,0,1,Day,,69.23506927490234,20.764928817749023,262.5985107421875,296.010009765625,238.18186950683594,163.11000061035156,0.8046412467956543,33.099998474121094,2.569999933242798,=NA(),=NA(),2.802943229675293,1.4163999557495117,0.34380000829696655,0.08399999886751175,=NA(),20,1013.25,-39.33502197265625,30.462854385375977,481.33502197265625,454.4599914550781,26.875,53.005638122558594,2814.449951171875,2548.659912109375,2551.906982421875,36.31962966918945,4.39146614074707,4.309994697570801,43.0245246887207,4.65139102935791,0.015598250553011894,0,0.0006203125230967999,0,265.7900390625,-3.2470703125
30,18,0,1,Day,,81.21427154541016,8.785731315612793,254.6011199951172,296.010009765625,258.251220703125,247.2100067138672,0.8724408149719238,33.099998474121094,2.7300000190734863,=NA(),=NA(),6.296975612640381,1.4163999557495117,0.34380000829696655,0.08399999886751175,=NA(),20,1013.25,-13.525927543640137,68.20130920410156,578.6749877929688,568.02001953125,10.654999732971191,57.404991149902344,3112.75,2775.5400390625,2782.552001953125,35.759124755859375,4.863361358642578,4.848832130432129,42.636226654052734,5.161927223205566,0.01766262575984001,0,0.00024493748787790537,0,337.2099609375,-7.011962890625
30,19,0,1,Error,Specified argument was out of the range of valid values. (Parameter 'Negative average JL front was calculated for this row.'),88.56525421142578,1.4347426891326904,249.2169647216797,296.010009765625,296.009765625,0.009499999694526196,0.9999991655349731,33.099998474121094,2.860100030899048,=NA(),=NA(),22.897478103637695,1.4163999557495117,0.34380000829696655,0.08399999886751175,=NA(),20,1013.25,-2.1985092163085938,86.50999450683594,0,0,0,0,0,0,0,0,0,0,0,0,0,0,0,0,0,0
30,20,0,1,Night,,103.7264175415039,-13.726417541503906,236.68064880371094,0,0,0,0,28.850000381469727,2.860100030899048,=NA(),0,64.81599426269531,1.4163999557495117,0.34380000829696655,0.08399999886751175,=NA(),20,1013.25,0,0,0,0,0,28.850000381469727,0,0,0,0,0,0,0,0,0,0,0,0,0,0
30,21,0,1,Night,,113.27132415771484,-23.27132225036621,225.46102905273438,0,0,0,0,21.339990615844727,2.7999000549316406,=NA(),0,64.81599426269531,1.4163999557495117,0.34380000829696655,0.08399999886751175,=NA(),20,1013.25,0,0,0,0,0,21.339990615844727,0,0,0,0,0,0,0,0,0,0,0,0,0,0
30,22,0,1,Night,,120.96275329589844,-30.962749481201172,211.90481567382812,0,0,0,0,19.05999183654785,2.7000999450683594,=NA(),0,64.81599426269531,1.4163999557495117,0.34380000829696655,0.08399999886751175,=NA(),20,1013.25,0,0,0,0,0,19.05999183654785,0,0,0,0,0,0,0,0,0,0,0,0,0,0
30,23,0,1,Night,,125.95801544189453,-35.95801544189453,195.8231964111328,0,0,0,0,19.540002822875977,2.6298999786376953,=NA(),0,64.81599426269531,1.4163999557495117,0.34380000829696655,0.08399999886751175,=NA(),20,1013.25,0,0,0,0,0,19.540002822875977,0,0,0,0,0,0,0,0,0,0,0,0,0,0
31,0,0,1,Night,,127.4615707397461,-37.46157455444336,178.06214904785156,0,0,0,0,18.219995498657227,2.5999999046325684,=NA(),0,64.81599426269531,1.4163999557495117,0.34380000829696655,0.08399999886751175,=NA(),20,1013.25,0,0,0,0,0,18.219995498657227,0,0,0,0,0,0,0,0,0,0,0,0,0,0
31,1,0,1,Night,,125.18013000488281,-35.18013381958008,160.5177764892578,0,0,0,0,16.279993057250977,2.5899999141693115,=NA(),0,64.81599426269531,1.4163999557495117,0.34380000829696655,0.08399999886751175,=NA(),20,1013.25,0,0,0,0,0,16.279993057250977,0,0,0,0,0,0,0,0,0,0,0,0,0,0
31,2,0,1,Night,,119.54789733886719,-29.54789924621582,144.93310546875,0,0,0,0,15.800012588500977,2.5899999141693115,=NA(),0,64.81599426269531,1.4163999557495117,0.34380000829696655,0.08399999886751175,=NA(),20,1013.25,0,0,0,0,0,15.800012588500977,0,0,0,0,0,0,0,0,0,0,0,0,0,0
31,3,0,1,Night,,111.40487670898438,-21.404874801635742,131.89715576171875,0,0,0,0,14.550012588500977,2.6201000213623047,=NA(),0,64.81599426269531,1.4163999557495117,0.34380000829696655,0.08399999886751175,=NA(),20,1013.25,0,0,0,0,0,14.550012588500977,0,0,0,0,0,0,0,0,0,0,0,0,0,0
31,4,0,1,Night,,101.5669174194336,-11.566916465759277,121.0832748413086,0,0,0,0,14.010004043579102,2.569999933242798,=NA(),0,64.81599426269531,1.4163999557495117,0.34380000829696655,0.08399999886751175,=NA(),20,1013.25,0,0,0,0,0,14.010004043579102,0,0,0,0,0,0,0,0,0,0,0,0,0,0
31,5,0,1,Day,,87.41094970703125,2.589053153991699,109.7310562133789,23.69499969482422,23.568744659423828,2.7950000762939453,0.994671642780304,13.719995498657227,3.5099000930786133,=NA(),=NA(),16.69032859802246,1.4163999557495117,0.34380000829696655,0.08399999886751175,=NA(),20,1013.25,3.949018716812134,83.69483184814453,26.34000015258789,24.239999771118164,2.0949997901916504,14.835626602172852,123.75,128.33999633789062,127.37156677246094,37.816978454589844,0.2105075716972351,0.20862483978271484,42.88420104980469,0.23294168710708618,0.0007771874661557376,0,0.0000455625013273675,0,-4.589996337890625,0.9684295654296875
31,6,0,1,Day,,78.74928283691406,11.250714302062988,103.54422760009766,208.80999755859375,174.92068481445312,173.6999969482422,0.8377026319503784,17.7700138092041,3.5701000690460205,=NA(),=NA(),5.004919528961182,1.4163999557495117,0.34380000829696655,0.08399999886751175,=NA(),20,1013.25,17.603975296020508,61.68357467651367,350.08001708984375,337.67498779296875,12.404999732971191,32.103111267089844,1999.3699951171875,1946.4300537109375,1946.8096923828125,38.93301773071289,3.125260353088379,3.096860408782959,45.172264099121094,3.3011085987091064,0.011338000185787678,0,0.00027887499891221523,0,52.93994140625,-0.379638671875
31,7,0,1,Day,,66.69825744628906,23.301742553710938,95.51943969726562,429.70001220703125,288.1242980957031,357.8999938964844,0.6705242991447449,21.459985733032227,3.090100049972534,=NA(),=NA(),2.515864372253418,1.4163999557495117,0.34380000829696655,0.08399999886751175,=NA(),20,1013.25,51.509063720703125,15.901737213134766,761.3499755859375,720.4449462890625,40.900001525878906,52.951255798339844,4430.2900390625,4021.7900390625,4026.48486328125,36.62561798095703,6.871242523193359,6.746881484985352,43.89893341064453,7.264786720275879,0.024449750781059265,0,0.0009104374912567437,0,408.5,-4.69482421875
31,8,0,1,Day,,54.45492172241211,35.54507827758789,87.01488494873047,644.3099975585938,331.42523193359375,538.2100219726562,0.514387845993042,23.959985733032227,2.3499999046325684,=NA(),=NA(),1.7172335386276245,1.4163999557495117,0.34380000829696655,0.08399999886751175,=NA(),20,1013.25,54.418113708496094,2.428494691848755,960.155029296875,903.260009765625,56.88999938964844,63.61937713623047,5796.8701171875,5069.43017578125,5077.20556640625,35.23455810546875,9.006302833557129,8.88440990447998,43.05131912231445,9.539938926696777,0.03191937506198883,0,0.001253749942407012,0,727.43994140625,-7.775390625
31,9,0,1,Day,,42.32155990600586,47.67844009399414,76.81800079345703,833.5,318.89306640625,696,0.38259515166282654,25.399988174438477,1.5901000499725342,=NA(),=NA(),1.3514604568481445,1.4163999557495117,0.34380000829696655,0.08399999886751175,=NA(),20,1013.25,41.56096267700195,8.832167625427246,1090.3399658203125,1035.4649658203125,54.87000274658203,70.62438201904297,6644.990234375,5664.75,5670.2353515625,34.31488800048828,10.327607154846191,10.25701904296875,42.43152618408203,10.953704833984375,0.03688112646341324,0,0.0011963124852627516,0,980.240234375,-5.4853515625
31,10,0,1,Day,,30.816177368164062,59.18382263183594,62.367332458496094,970.5,274.5160827636719,810.4000244140625,0.2828604578971863,27.4999942779541,1.059999942779541,=NA(),=NA(),1.1639468669891357,1.4163999557495117,0.34380000829696655,0.08399999886751175,=NA(),20,1013.25,27.85487937927246,13.744850158691406,1140.094970703125,1078.4849853515625,61.605003356933594,74.96562957763672,6917.77978515625,5801.35986328125,5811.33447265625,33.705322265625,10.775991439819336,10.751082420349121,41.95930480957031,11.459583282470703,0.038318436592817307,0,0.001346500008367002,0,1116.419921875,-9.974609375
31,11,0,1,Day,,21.333740234375,68.666259765625,37.44746780395508,1053.699951171875,234.1956787109375,879.7899780273438,0.22226031124591827,28.32000160217285,0.6800000071525574,=NA(),=NA(),1.073327898979187,1.4163999557495117,0.34380000829696655,0.08399999886751175,=NA(),20,1013.25,13.358863830566406,16.78760528564453,1155.175048828125,1079.81005859375,75.36000061035156,76.4743881225586,6975.83984375,5816.2998046875,5828.103515625,33.49322509765625,10.875528335571289,10.858892440795898,41.783905029296875,11.579588890075684,0.038381438702344894,0,0.0016219374956563115,0,1159.5400390625,-11.8037109375
31,12,0,1,Day,,17.75171661376953,72.24828338623047,355.0038146972656,1061.4000244140625,216.9282989501953,886.6900024414062,0.2043793946504593,29.0100040435791,0.48989999294281006,=NA(),=NA(),1.049809217453003,1.4163999557495117,0.34380000829696655,0.08399999886751175,=NA(),20,1013.25,-1.5970187187194824,17.682039260864258,1138.60498046875,1061.7650146484375,76.83499908447266,76.4693832397461,6880.5302734375,5736.60986328125,5748.6982421875,33.49534606933594,10.726675033569336,10.704353332519531,41.75538635253906,11.424612045288086,0.037763938307762146,0,0.001683874987065792,0,1143.92041015625,-12.08837890625
31,13,0,1,Day,,23.059036254882812,66.94096374511719,315.9089050292969,1012.2999877929688,234.99803161621094,844.7999877929688,0.23214268684387207,30.3900089263916,0.5400999784469604,=NA(),=NA(),1.086571455001831,1.4163999557495117,0.34380000829696655,0.08399999886751175,=NA(),20,1013.25,-16.49911117553711,16.33885955810547,1122.330078125,1052.4949951171875,69.83499908447266,77.28374481201172,6787.0302734375,5640.43017578125,5647.1171875,33.42545700073242,10.559162139892578,10.538891792297363,41.6219596862793,11.226853370666504,0.037387311458587646,0,0.001515937503427267,0,1146.60009765625,-6.68701171875
31,14,0,1,Day,,33.19501876831055,56.80498123168945,294.04852294921875,889.3900146484375,277.60516357421875,731.0900268554688,0.3121298551559448,31.18999671936035,0.8098999857902527,=NA(),=NA(),1.194483757019043,1.4163999557495117,0.34380000829696655,0.08399999886751175,=NA(),20,1013.25,-30.856985092163086,12.891642570495605,1065.10009765625,1009.3349609375,55.76499938964844,75.42626190185547,6486.41015625,5428.3798828125,5440.20703125,33.64237594604492,10.106684684753418,10.085805892944336,41.765037536621094,10.762730598449707,0.03593018651008606,0,0.001226312480866909,0,1058.0302734375,-11.8271484375
31,15,0,1,Day,,44.912025451660156,45.087974548339844,280.8647766113281,716.3900146484375,318.18096923828125,562.2899780273438,0.4441449046134949,31.43999671936035,1.159999966621399,=NA(),=NA(),1.4107863903045654,1.4163999557495117,0.34380000829696655,0.08399999886751175,=NA(),20,1013.25,-44.39389419555664,7.647555351257324,957.72998046875,906.3299560546875,51.394996643066406,71.27562713623047,5800.64990234375,4929.48974609375,4934.3115234375,34.245479583740234,9.005443572998047,8.933984756469727,42.06678771972656,9.561285018920898,0.03208950161933899,0,0.0011053124908357859,0,871.16015625,-4.82177734375
31,16,0,1,Day,,57.110225677490234,32.889774322509766,271.1855163574219,509.70001220703125,315.3515319824219,357.8999938964844,0.6187002658843994,31.709985733032227,1.4800000190734863,=NA(),=NA(),1.8377230167388916,1.4163999557495117,0.34380000829696655,0.08399999886751175,=NA(),20,1013.25,-57.10462951660156,0.9954658150672913,765.844970703125,710.6600341796875,55.19000244140625,63.31499481201172,4638.669921875,4056.31005859375,4064.96923828125,35.212669372558594,7.2152419090271,7.089559078216553,42.64399337768555,7.660606384277344,0.02536875009536743,0,0.00117575004696846,0,582.35986328125,-8.6591796875
31,17,0,1,Day,,69.3501968383789,20.649803161621094,262.871826171875,271.489990234375,228.6459197998047,121.48999786376953,0.8421891331672668,31.100000381469727,1.4700000286102295,=NA(),=NA(),2.8176536560058594,1.4163999557495117,0.34380000829696655,0.08399999886751175,=NA(),20,1013.25,-38.884029388427734,30.97537612915039,421.16497802734375,394.46002197265625,26.704999923706055,48.513755798339844,2448.02001953125,2251.5,2252.05419921875,36.85186767578125,3.819479465484619,3.739509344100952,43.35707473754883,4.043204307556152,0.01353949960321188,0,0.0006104999920353293,0,196.52001953125,-0.55419921875
31,18,0,1,Day,,81.33879089355469,8.661211013793945,254.85458374023438,59.404998779296875,59.027931213378906,2.5039000511169434,0.9936525821685791,29.82000160217285,1.9700000286102295,=NA(),=NA(),6.379855155944824,1.4163999557495117,0.34380000829696655,0.08399999886751175,=NA(),20,1013.25,-13.3028564453125,68.52323913574219,69.95500183105469,64.33999633789062,5.614999771118164,32.74938201904297,365.19000244140625,353.5299987792969,353.3509826660156,36.56571578979492,0.6039646863937378,0.5964086651802063,42.107666015625,0.6473249197006226,0.0021510000806301832,0,0.0001205000007757917,0,11.660003662109375,0.17901611328125
31,19,0,1,Night,Sun above horizon but GHI below 1,88.60015869140625,1.3998401165008545,249.5282745361328,0,0,0,0,24.990015029907227,2.4500999450683594,=NA(),0,23.144630432128906,1.4163999557495117,0.34380000829696655,0.08399999886751175,=NA(),20,1013.25,0,0,0,0,0,24.990015029907227,0,0,0,0,0,0,0,0,0,0,0,0,0,0
31,20,0,1,Night,,103.89554595947266,-13.895548820495605,236.91220092773438,0,0,0,0,24.279993057250977,3.7100000381469727,=NA(),0,64.81599426269531,1.4163999557495117,0.34380000829696655,0.08399999886751175,=NA(),20,1013.25,0,0,0,0,0,24.279993057250977,0,0,0,0,0,0,0,0,0,0,0,0,0,0
31,21,0,1,Night,,113.46991729736328,-23.46991729736328,225.67767333984375,0,0,0,0,22.6199893951416,6.280099868774414,=NA(),0,64.81599426269531,1.4163999557495117,0.34380000829696655,0.08399999886751175,=NA(),20,1013.25,0,0,0,0,0,22.6199893951416,0,0,0,0,0,0,0,0,0,0,0,0,0,0
31,22,0,1,Night,,121.1952133178711,-31.19521713256836,212.089599609375,0,0,0,0,21.300012588500977,8.010000228881836,=NA(),0,64.81599426269531,1.4163999557495117,0.34380000829696655,0.08399999886751175,=NA(),20,1013.25,0,0,0,0,0,21.300012588500977,0,0,0,0,0,0,0,0,0,0,0,0,0,0
31,23,0,1,Night,,126.22132110595703,-36.22132110595703,195.94650268554688,0,0,0,0,20.730005264282227,7.960100173950195,=NA(),0,64.81599426269531,1.4163999557495117,0.34380000829696655,0.08399999886751175,=NA(),20,1013.25,0,0,0,0,0,20.730005264282227,0,0,0,0,0,0,0,0,0,0,0,0,0,0