Day of year,Hour,Minute,Period (h),Flag,Message,Solar zenith (degrees),Solar elevation (degrees),Solar azimuth (degrees),GHI (W/m2),DHI (W/m2),DNI (W/m2),Diffuse fraction,Ambient temperature (°C),Wind velocity (m/s),Wind direction,Opaque cloud fraction,Air mass,Precipitable water vapour (cm),Ozone (atm.cm),Aerosol optical density,Relative humidity (%),Far field albedo (%),Surface pressure (mb),Module tilt (degrees),Incident angle (degrees),VF power for Tmod [average] (W/m2),VF power for Tmod front [average] (W/m2),VF power for Tmod rear [average] (W/m2),Module temperature [average] (C),Power - no mismatch @25C [unit-system] (W),Power - no mismatch [unit-system] (W),Power [unit-system] (W),Vmp [average] (V),Imp [average] (A),Imp [minimum] (A),Voc [average] (V),Isc [average] (A),Jfront [average] (A/cm2),Ifront [average] (A),Jrear [average] (A/cm2),Irear [average] (A),Temperature loss (W),Cell-to-cell mismatch loss (W)
152,0,0,1,Night,,166.09461975097656,-76.09461975097656,158.2642822265625,0,0,0,0,0.9099975824356079,3.2200000286102295,=NA(),0,64.81599426269531,1.4163999557495117,0.34380000829696655,0.08399999886751175,=NA(),20,1013.25,0,0,0,0,0,0.9099975824356079,0,0,0,0,0,0,0,0,0,0,0,0,0,0
152,1,0,1,Night,,157.84234619140625,-67.84233856201172,120.57781982421875,0,0,0,0,0.8999878168106079,3.1898999214172363,=NA(),0,64.81599426269531,1.4163999557495117,0.34380000829696655,0.08399999886751175,=NA(),20,1013.25,0,0,0,0,0,0.8999878168106079,0,0,0,0,0,0,0,0,0,0,0,0,0,0
152,2,0,1,Night,,146.43017578125,-56.430171966552734,103.22813415527344,0,0,0,0,0.5396972894668579,3.279900074005127,=NA(),0,64.81599426269531,1.4163999557495117,0.34380000829696655,0.08399999886751175,=NA(),20,1013.25,0,0,0,0,0,0.5400024652481079,0,0,0,0,0,0,0,0,0,0,0,0,0,0
152,3,0,1,Night,,134.28561401367188,-44.285614013671875,92.53703308105469,0,0,0,0,0.17009887099266052,3.2600998878479004,=NA(),0,64.81599426269531,1.4163999557495117,0.34380000829696655,0.08399999886751175,=NA(),20,1013.25,0,0,0,0,0,0.17000731825828552,0,0,0,0,0,0,0,0,0,0,0,0,0,0
152,4,0,1,Night,,122.03638458251953,-32.03638458251953,84.16303253173828,0,0,0,0,-0.2898925840854645,3.2200000286102295,=NA(),0,64.81599426269531,1.4163999557495117,0.34380000829696655,0.08399999886751175,=NA(),20,1013.25,0,0,0,0,0,-0.2900146543979645,0,0,0,0,0,0,0,0,0,0,0,0,0,0
152,5,0,1,Night,,109.96349334716797,-19.9634952545166,76.51757049560547,0,0,0,0,-0.2599853575229645,3.199899911880493,=NA(),0,64.81599426269531,1.4163999557495117,0.34380000829696655,0.08399999886751175,=NA(),20,1013.25,0,0,0,0,0,-0.2599853575229645,0,0,0,0,0,0,0,0,0,0,0,0,0,0
152,6,0,1,Night,,98.29273223876953,-8.292729377746582,68.78614807128906,0,0,0,0,-0.10980834811925888,3.3598999977111816,=NA(),0,64.81599426269531,1.4163999557495117,0.34380000829696655,0.08399999886751175,=NA(),20,1013.25,0,0,0,0,0,-0.10999145358800888,0,0,0,0,0,0,0,0,0,0,0,0,0,0
152,7,0,1,Day,,85.97136688232422,4.0286359786987305,59.58078384399414,47.19599914550781,46.05105209350586,16.297000885009766,0.9757406115531921,0.17009887099266052,4.079899787902832,=NA(),=NA(),12.238101959228516,1.4163999557495117,0.34380000829696655,0.08399999886751175,=NA(),20,1013.25,6.7453532218933105,80.165283203125,59.404998779296875,56.79499816894531,2.6100001335144043,2.6831297874450684,271.1300048828125,293.58001708984375,289.904052734375,41.04380798339844,0.4414617121219635,0.43442246317863464,45.910789489746094,0.48091450333595276,0.0016566249541938305,0,0.000057875000493368134,0,-22.45001220703125,3.67596435546875
152,8,0,1,Day,,76.922119140625,13.07787799835205,50.75947570800781,123.5,118.38595581054688,22.60099983215332,0.9585907459259033,2.9002928733825684,3.7699999809265137,=NA(),=NA(),4.343105316162109,1.4163999557495117,0.34380000829696655,0.08399999886751175,=NA(),20,1013.25,27.60894775390625,56.6241455078125,154.27499389648438,143.81500244140625,10.460000038146973,9.214380264282227,857.030029296875,903.2100219726562,890.1673583984375,41.771385192871094,1.3319213390350342,1.2785741090774536,46.82939910888672,1.4303730726242065,0.004889312665909529,0,0.0002358124911552295,0,-46.17999267578125,13.04266357421875
152,9,0,1,Day,,68.25126647949219,21.748733520507812,39.39126968383789,167.8000030517578,162.3527374267578,14.701000213623047,0.9675371646881104,4.290307521820068,2.949899911880493,=NA(),=NA(),2.6836025714874268,1.4163999557495117,0.34380000829696655,0.08399999886751175,=NA(),20,1013.25,57.84547424316406,45.874664306640625,176.16500854492188,143.385009765625,32.779998779296875,11.610620498657227,953.0999755859375,996.1400146484375,972.7257690429688,41.832210540771484,1.4533270597457886,1.326761245727539,46.671592712402344,1.5766379833221436,0.004986875224858522,0,0.0006893749814480543,0,-43.0400390625,23.41424560546875
152,10,0,1,Day,,61.62613296508789,28.373868942260742,25.89984703063965,325.0899963378906,266.97021484375,122.30000305175781,0.8212193846702576,7.499810695648193,2.5899999141693115,=NA(),=NA(),2.09798264503479,1.4163999557495117,0.34380000829696655,0.08399999886751175,=NA(),20,1013.25,38.96333312988281,52.32504653930664,360.29498291015625,328.8900146484375,31.404998779296875,22.113122940063477,2083.610107421875,2101.2099609375,2097.560302734375,40.374263763427734,3.2470803260803223,3.157886028289795,46.570701599121094,3.4207143783569336,0.011436562053859234,0,0.0006556250154972076,0,-17.599853515625,3.649658203125
152,11,0,1,Day,,57.79269790649414,32.20730209350586,10.420401573181152,278.989990234375,256.2869873046875,42.59600067138672,0.9186242818832397,9.849786758422852,2.3199000358581543,=NA(),=NA(),1.8721308708190918,1.4163999557495117,0.34380000829696655,0.08399999886751175,=NA(),20,1013.25,16.020597457885742,56.32231903076172,295.5799865722656,275.989990234375,19.59000015258789,21.8543643951416,1694.8599853515625,1710.93994140625,1707.4488525390625,40.210994720458984,2.653897762298584,2.623185396194458,46.25362014770508,2.7985339164733887,0.009471312165260315,0,0.00042281250352971256,0,-16.0799560546875,3.4910888671875
152,12,0,1,Day,,57.32785415649414,32.67214584350586,353.9541931152344,233.3000030517578,224.2303009033203,16.801000595092773,0.9611243009567261,11.010004043579102,2.2399001121520996,=NA(),=NA(),1.8485291004180908,1.4163999557495117,0.34380000829696655,0.08399999886751175,=NA(),20,1013.25,-9.326676368713379,56.83423614501953,247.57000732421875,231.60501098632812,15.96500015258789,21.115015029907227,1402.429931640625,1419.43994140625,1413.0443115234375,40.254554748535156,2.193942070007324,2.167327880859375,46.03053283691406,2.325993537902832,0.007885375060141087,0,0.00035106251016259193,0,-17.010009765625,6.3956298828125
152,13,0,1,Day,,60.31104278564453,29.688955307006836,338.0807189941406,209.89999389648438,202.96641540527344,13.99899959564209,0.9669672250747681,11.830011367797852,2.130000114440918,=NA(),=NA(),2.0136120319366455,1.4163999557495117,0.34380000829696655,0.08399999886751175,=NA(),20,1013.25,-33.21506881713867,53.699913024902344,215.59500122070312,193.1999969482422,22.395000457763672,20.724390029907227,1207.6099853515625,1223.969970703125,1205.2376708984375,40.58029556274414,1.8561317920684814,1.7852683067321777,45.82856750488281,1.9940648078918457,0.006664562504738569,0,0.00046406249748542905,0,-16.3599853515625,18.7322998046875
152,14,0,1,Day,,66.26966094970703,23.7303409576416,324.0209045410156,134.1999969482422,132.7491455078125,3.6052000522613525,0.9891889095306396,12.499994277954102,1.2700999975204468,=NA(),=NA(),2.473482131958008,1.4163999557495117,0.34380000829696655,0.08399999886751175,=NA(),20,1013.25,-53.193607330322266,47.80050277709961,132.0500030517578,107.08999633789062,24.954999923706055,18.027490615844727,701.030029296875,717.5899658203125,703.8402099609375,40.31113815307617,1.0912820100784302,0.9817021489143372,45.28361511230469,1.1833224296569824,0.003705062437802553,0,0.0005228124791756272,0,-16.5599365234375,13.749755859375
152,15,0,1,Day,,74.47109985351562,15.528897285461426,312.11871337890625,51.29800033569336,51.11155700683594,0.696399986743927,0.996365487575531,12.379999160766602,0.7400000095367432,=NA(),=NA(),3.6904704570770264,1.4163999557495117,0.34380000829696655,0.08399999886751175,=NA(),20,1013.25,-37.9901237487793,49.3903923034668,50.51000213623047,43.665000915527344,6.840000152587891,14.498132705688477,256.6199951171875,266.6100158691406,263.375,39.15873336791992,0.4203166961669922,0.39305150508880615,44.12508010864258,0.4592376947402954,0.001477499958127737,0,0.000149500003317371,0,-9.990020751953125,3.235015869140625
152,16,0,1,Day,,84.18619537353516,5.81380558013916,302.09027099609375,7.696599960327148,7.696599960327148,0,1,11.600000381469727,1.2798999547958374,=NA(),=NA(),9.085596084594727,1.4163999557495117,0.34380000829696655,0.08399999886751175,=NA(),20,1013.25,-10.011107444763184,75.7428207397461,8.154999732971191,7.605000019073486,0.5549999475479126,11.950006484985352,36.119998931884766,38.0099983215332,37.74428176879883,36.08592224121094,0.06537226587533951,0.06459973752498627,41.300865173339844,0.07650750130414963,0.00025856250431388617,0,0.000012000000424450263,0,-1.8899993896484375,0.265716552734375
152,17,0,1,Night,Sun below height limit of 1 degrees.,89.62479400634766,0.37520238757133484,297.2500915527344,0,0,0,0,10.110010147094727,2.200000047683716,=NA(),0,32.839744567871094,1.4163999557495117,0.34380000829696655,0.08399999886751175,=NA(),20,1013.25,0,0,0,0,0,10.110010147094727,0,0,0,0,0,0,0,0,0,0,0,0,0,0
152,18,0,1,Night,,106.82554626464844,-16.82554817199707,285.5817565917969,0,0,0,0,9.200311660766602,2.6500000953674316,=NA(),0,64.81599426269531,1.4163999557495117,0.34380000829696655,0.08399999886751175,=NA(),20,1013.25,0,0,0,0,0,9.200006484985352,0,0,0,0,0,0,0,0,0,0,0,0,0,0
152,19,0,1,Night,,118.81594848632812,-28.81594467163086,277.9975280761719,0,0,0,0,8.449792861938477,2.6500000953674316,=NA(),0,64.81599426269531,1.4163999557495117,0.34380000829696655,0.08399999886751175,=NA(),20,1013.25,0,0,0,0,0,8.450006484985352,0,0,0,0,0,0,0,0,0,0,0,0,0,0
152,20,0,1,Night,,131.045166015625,-41.04517364501953,269.9532165527344,0,0,0,0,8.970300674438477,2.469899892807007,=NA(),0,64.81599426269531,1.4163999557495117,0.34380000829696655,0.08399999886751175,=NA(),20,1013.25,0,0,0,0,0,8.969995498657227,0,0,0,0,0,0,0,0,0,0,0,0,0,0
152,21,0,1,Night,,143.26327514648438,-53.263267517089844,260.17254638671875,0,0,0,0,8.639886856079102,2.3499999046325684,=NA(),0,64.81599426269531,1.4163999557495117,0.34380000829696655,0.08399999886751175,=NA(),20,1013.25,0,0,0,0,0,8.640008926391602,0,0,0,0,0,0,0,0,0,0,0,0,0,0
152,22,0,1,Night,,155.00054931640625,-65.00055694580078,245.44699096679688,0,0,0,0,8.699701309204102,2.5,=NA(),0,64.81599426269531,1.4163999557495117,0.34380000829696655,0.08399999886751175,=NA(),20,1013.25,0,0,0,0,0,8.700006484985352,0,0,0,0,0,0,0,0,0,0,0,0,0,0
152,23,0,1,Night,,164.63436889648438,-74.63436126708984,215.33718872070312,0,0,0,0,9.089990615844727,2.6600000858306885,=NA(),0,64.81599426269531,1.4163999557495117,0.34380000829696655,0.08399999886751175,=NA(),20,1013.25,0,0,0,0,0,9.089990615844727,0,0,0,0,0,0,0,0,0,0,0,0,0,0
153,0,0,1,Night,,166.23358154296875,-76.23358917236328,158.2188720703125,0,0,0,0,8.830011367797852,2.7000999450683594,=NA(),0,64.81599426269531,1.4163999557495117,0.34380000829696655,0.08399999886751175,=NA(),20,1013.25,0,0,0,0,0,8.830011367797852,0,0,0,0,0,0,0,0,0,0,0,0,0,0
153,1,0,1,Night,,157.95639038085938,-67.95638275146484,120.36610412597656,0,0,0,0,8.510309219360352,2.7300000190734863,=NA(),0,64.81599426269531,1.4163999557495117,0.34380000829696655,0.08399999886751175,=NA(),20,1013.25,0,0,0,0,0,8.510004043579102,0,0,0,0,0,0,0,0,0,0,0,0,0,0
153,2,0,1,Night,,146.5288543701172,-56.52885818481445,103.05137634277344,0,0,0,0,8.050195693969727,2.6600000858306885,=NA(),0,64.81599426269531,1.4163999557495117,0.34380000829696655,0.08399999886751175,=NA(),20,1013.25,0,0,0,0,0,8.050012588500977,0,0,0,0,0,0,0,0,0,0,0,0,0,0
153,3,0,1,Night,,134.37953186035156,-44.3795280456543,92.39476776123047,0,0,0,0,7.180108547210693,2.680000066757202,=NA(),0,64.81599426269531,1.4163999557495117,0.34380000829696655,0.08399999886751175,=NA(),20,1013.25,0,0,0,0,0,7.179986476898193,0,0,0,0,0,0,0,0,0,0,0,0,0,0
153,4,0,1,Night,,122.13078308105469,-32.13078689575195,84.04414367675781,0,0,0,0,6.260003566741943,2.5599000453948975,=NA(),0,64.81599426269531,1.4163999557495117,0.34380000829696655,0.08399999886751175,=NA(),20,1013.25,0,0,0,0,0,6.260003566741943,0,0,0,0,0,0,0,0,0,0,0,0,0,0
153,5,0,1,Night,,110.0611343383789,-20.061132431030273,76.414794921875,0,0,0,0,6.789910793304443,2.3399999141693115,=NA(),0,64.81599426269531,1.4163999557495117,0.34380000829696655,0.08399999886751175,=NA(),20,1013.25,0,0,0,0,0,6.790002346038818,0,0,0,0,0,0,0,0,0,0,0,0,0,0
153,6,0,1,Night,,98.3957290649414,-8.395727157592773,68.69559478759766,0,0,0,0,6.719995021820068,2.3099000453948975,=NA(),0,64.81599426269531,1.4163999557495117,0.34380000829696655,0.08399999886751175,=NA(),20,1013.25,0,0,0,0,0,6.719995021820068,0,0,0,0,0,0,0,0,0,0,0,0,0,0
153,7,0,1,Day,,86.0262680053711,3.9737322330474854,59.44974136352539,48.40700149536133,47.22129440307617,17.110000610351562,0.9755054712295532,6.940087795257568,2.4200000762939453,=NA(),=NA(),12.367192268371582,1.4163999557495117,0.34380000829696655,0.08399999886751175,=NA(),20,1013.25,6.660915851593018,80.3003921508789,61.12999725341797,58.48500061035156,2.6449999809265137,9.531885147094727,277.4100036621094,293.2799987792969,291.4252014160156,39.80614471435547,0.457573264837265,0.4524286389350891,44.96695327758789,0.4937882423400879,0.0016934374580159783,0,0.000058812500355998054,0,-15.8699951171875,1.85479736328125
153,8,0,1,Day,,77.04446411132812,12.955533981323242,50.69301223754883,82.10399627685547,81.38538360595703,3.2053000926971436,0.9912475347518921,8.970300674438477,2.8299999237060547,=NA(),=NA(),4.3818793296813965,1.4163999557495117,0.34380000829696655,0.08399999886751175,=NA(),20,1013.25,27.299528121948242,56.970489501953125,91.5050048828125,83.81500244140625,7.694999694824219,12.768121719360352,492.45001220703125,513.8099975585938,501.17547607421875,40.726707458496094,0.7690978050231934,0.7271840572357178,45.43754577636719,0.84123295545578,0.0028449376113712788,0,0.0001726875052554533,0,-21.3599853515625,12.634521484375
153,9,0,1,Day,,68.38204956054688,21.617948532104492,39.34326934814453,255.49000549316406,218.5010528564453,100.4000015258789,0.8552234768867493,11.709985733032227,2.819999933242798,=NA(),=NA(),2.698838472366333,1.4163999557495117,0.34380000829696655,0.08399999886751175,=NA(),20,1013.25,57.990570068359375,45.96903610229492,324.02001953125,285.6400146484375,38.380001068115234,24.971887588500977,1863.1700439453125,1861.3599853515625,1850.5947265625,40.09957504272461,2.8844404220581055,2.7549803256988525,45.99751663208008,3.059180736541748,0.010037187486886978,0,0.0008091874769888818,0,1.81005859375,10.7652587890625
153,10,0,1,Day,,61.76283645629883,28.237163543701172,25.879514694213867,505.1099853515625,305.5470275878906,421.79998779296875,0.6049118638038635,15.850000381469727,2.359999895095825,=NA(),=NA(),2.10722279548645,1.4163999557495117,0.34380000829696655,0.08399999886751175,=NA(),20,1013.25,39.103031158447266,52.43338394165039,598.5599975585938,561.4400024414062,37.11499786376953,40.388755798339844,3553.06005859375,3373.7099609375,3359.525390625,38.40788269042969,5.4669318199157715,5.356734752655029,45.11627960205078,5.781035900115967,0.01960243657231331,0,0.0007876874879002571,0,179.35009765625,14.1845703125
153,11,0,1,Day,,57.92945098876953,32.07054901123047,10.437423706054688,565.1900024414062,314.6338195800781,471.8900146484375,0.5566868185997009,17.990015029907227,1.660099983215332,=NA(),=NA(),1.8792126178741455,1.4163999557495117,0.34380000829696655,0.08399999886751175,=NA(),20,1013.25,16.1259708404541,56.44684600830078,607.300048828125,573.89501953125,33.404998779296875,42.826866149902344,3583.6201171875,3374.570068359375,3373.492431640625,37.879493713378906,5.566164016723633,5.538854598999023,44.8150520324707,5.873858451843262,0.019839374348521233,0,0.0007238750113174319,0,209.050048828125,1.07763671875
153,12,0,1,Day,,57.4561767578125,32.5438232421875,354.01129150390625,453.69000244140625,297.7452697753906,289.8900146484375,0.656274676322937,17.1299991607666,0.9300000071525574,=NA(),=NA(),1.8549731969833374,1.4163999557495117,0.34380000829696655,0.08399999886751175,=NA(),20,1013.25,-9.285300254821777,56.96940994262695,482.05999755859375,454.8500061035156,27.209999084472656,36.815635681152344,2816.550048828125,2705.699951171875,2704.0068359375,38.54639434814453,4.384341239929199,4.361531734466553,45.1610107421875,4.625414848327637,0.01563543826341629,0,0.0005952499923296273,0,110.85009765625,1.693115234375
153,13,0,1,Day,,60.42380905151367,29.576190948486328,338.1697998046875,531.5,312.448974609375,443.79998779296875,0.5878626108169556,17.600000381469727,0.4700999855995178,=NA(),=NA(),2.0205399990081787,1.4163999557495117,0.34380000829696655,0.08399999886751175,=NA(),20,1013.25,-33.2336540222168,53.83625411987305,607.3050537109375,571.635009765625,35.66999816894531,42.415000915527344,3606.22998046875,3400.7099609375,3396.807373046875,37.97965621948242,5.589883804321289,5.507228374481201,44.87976837158203,5.897635459899902,0.019929686561226845,0,0.0007610624888911843,0,205.52001953125,3.902587890625
153,14,0,1,Day,,66.36369323730469,23.636302947998047,324.1289978027344,102.5,101.77788543701172,1.8011000156402588,0.9929549694061279,18.1199893951416,0.9200000166893005,=NA(),=NA(),2.48264741897583,1.4163999557495117,0.34380000829696655,0.08399999886751175,=NA(),20,1013.25,-53.24464797973633,47.932682037353516,98.0250015258789,78.27000427246094,19.755001068115234,22.248132705688477,509.05999755859375,513.5900268554688,506.5405578613281,39.05567932128906,0.8104279637336731,0.7375980615615845,44.158023834228516,0.8779121041297913,0.0027010624762624502,0,0.00041356252040714025,0,-4.530029296875,7.049468994140625
153,15,0,1,Day,,74.54718017578125,15.452821731567383,312.2361755371094,90.60099792480469,89.90744018554688,2.6029999256134033,0.9923449158668518,17.8900089263916,2.109999895095825,=NA(),=NA(),3.707711935043335,1.4163999557495117,0.34380000829696655,0.08399999886751175,=NA(),20,1013.25,-37.78253173828125,49.62476348876953,96.93499755859375,85.625,11.309999465942383,21.91314125061035,516.780029296875,522.030029296875,520.226318359375,38.745845794677734,0.8390603065490723,0.7983288764953613,44.23515701293945,0.8954328894615173,0.0029114375356584787,0,0.00024812499759718776,0,-5.25,1.8037109375
153,16,0,1,Day,,84.24691772460938,5.753083229064941,302.21282958984375,8.790599822998047,8.781598091125488,0.08980000019073486,0.9989759922027588,16.339990615844727,2.8698999881744385,=NA(),=NA(),9.167243003845215,1.4163999557495117,0.34380000829696655,0.08399999886751175,=NA(),20,1013.25,-9.916234016418457,75.89433288574219,9.329999923706055,8.694999694824219,0.6349999904632568,16.735620498657227,42.11000061035156,43.47999954223633,43.398345947265625,35.46272277832031,0.07648574560880661,0.07578882575035095,40.81806182861328,0.08765704184770584,0.00029562501003965735,0,0.000013999999282532372,0,-1.3699989318847656,0.08165359497070312
153,17,0,1,Night,Sun below height limit of 1 degrees.,89.64533996582031,0.35465720295906067,297.40380859375,0,0,0,0,14.110010147094727,3.279900074005127,=NA(),0,33.0933837890625,1.4163999557495117,0.34380000829696655,0.08399999886751175,=NA(),20,1013.25,0,0,0,0,0,14.110010147094727,0,0,0,0,0,0,0,0,0,0,0,0,0,0
153,18,0,1,Night,,106.86199188232422,-16.861995697021484,285.717529296875,0,0,0,0,13.200006484985352,3.2600998878479004,=NA(),0,64.81599426269531,1.4163999557495117,0.34380000829696655,0.08399999886751175,=NA(),20,1013.25,0,0,0,0,0,13.200006484985352,0,0,0,0,0,0,0,0,0,0,0,0,0,0
153,19,0,1,Night,,118.84635925292969,-28.846359252929688,278.1474609375,0,0,0,0,12.399988174438477,2.9800000190734863,=NA(),0,64.81599426269531,1.4163999557495117,0.34380000829696655,0.08399999886751175,=NA(),20,1013.25,0,0,0,0,0,12.399988174438477,0,0,0,0,0,0,0,0,0,0,0,0,0,0
153,20,0,1,Night,,131.0731964111328,-41.07319641113281,270.12786865234375,0,0,0,0,12.200006484985352,3.279900074005127,=NA(),0,64.81599426269531,1.4163999557495117,0.34380000829696655,0.08399999886751175,=NA(),20,1013.25,0,0,0,0,0,12.200006484985352,0,0,0,0,0,0,0,0,0,0,0,0,0,0
153,21,0,1,Night,,143.2946319580078,-53.29462432861328,260.3911437988281,0,0,0,0,12.700006484985352,3.4900999069213867,=NA(),0,64.81599426269531,1.4163999557495117,0.34380000829696655,0.08399999886751175,=NA(),20,1013.25,0,0,0,0,0,12.700006484985352,0,0,0,0,0,0,0,0,0,0,0,0,0,0
153,22,0,1,Night,,155.04747009277344,-65.0474624633789,245.74472045898438,0,0,0,0,12.679986953735352,3.6698999404907227,=NA(),0,64.81599426269531,1.4163999557495117,0.34380000829696655,0.08399999886751175,=NA(),20,1013.25,0,0,0,0,0,12.679986953735352,0,0,0,0,0,0,0,0,0,0,0,0,0,0
153,23,0,1,Night,,164.72598266601562,-74.72599029541016,215.70704650878906,0,0,0,0,11.939996719360352,3.640000104904175,=NA(),0,64.81599426269531,1.4163999557495117,0.34380000829696655,0.08399999886751175,=NA(),20,1013.25,0,0,0,0,0,11.939996719360352,0,0,0,0,0,0,0,0,0,0,0,0,0,0
154,0,0,1,Night,,166.36708068847656,-76.36708068847656,158.18748474121094,0,0,0,0,10.490015029907227,3.340100049972534,=NA(),0,64.81599426269531,1.4163999557495117,0.34380000829696655,0.08399999886751175,=NA(),20,1013.25,0,0,0,0,0,10.490015029907227,0,0,0,0,0,0,0,0,0,0,0,0,0,0
154,1,0,1,Night,,158.0673065185547,-68.06730651855469,120.16801452636719,0,0,0,0,10.990015029907227,2.6600000858306885,=NA(),0,64.81599426269531,1.4163999557495117,0.34380000829696655,0.08399999886751175,=NA(),20,1013.25,0,0,0,0,0,10.990015029907227,0,0,0,0,0,0,0,0,0,0,0,0,0,0
154,2,0,1,Night,,146.62550354003906,-56.62550354003906,102.8851089477539,0,0,0,0,11.369989395141602,2.159899950027466,=NA(),0,64.81599426269531,1.4163999557495117,0.34380000829696655,0.08399999886751175,=NA(),20,1013.25,0,0,0,0,0,11.369989395141602,0,0,0,0,0,0,0,0,0,0,0,0,0,0
154,3,0,1,Night,,134.4717254638672,-44.47172546386719,92.2609634399414,0,0,0,0,12.110010147094727,2.0601000785827637,=NA(),0,64.81599426269531,1.4163999557495117,0.34380000829696655,0.08399999886751175,=NA(),20,1013.25,0,0,0,0,0,12.110010147094727,0,0,0,0,0,0,0,0,0,0,0,0,0,0
154,4,0,1,Night,,122.22348022460938,-32.22347640991211,83.93253326416016,0,0,0,0,11.700006484985352,2.0999999046325684,=NA(),0,64.81599426269531,1.4163999557495117,0.34380000829696655,0.08399999886751175,=NA(),20,1013.25,0,0,0,0,0,11.700006484985352,0,0,0,0,0,0,0,0,0,0,0,0,0,0
154,5,0,1,Night,,110.1571273803711,-20.15712547302246,76.31857299804688,0,0,0,0,11.540002822875977,2.0601000785827637,=NA(),0,64.81599426269531,1.4163999557495117,0.34380000829696655,0.08399999886751175,=NA(),20,1013.25,0,0,0,0,0,11.540002822875977,0,0,0,0,0,0,0,0,0,0,0,0,0,0
154,6,0,1,Night,,98.4968490600586,-8.49685001373291,68.61119079589844,0,0,0,0,11.800012588500977,1.8899999856948853,=NA(),0,64.81599426269531,1.4163999557495117,0.34380000829696655,0.08399999886751175,=NA(),20,1013.25,0,0,0,0,0,11.800012588500977,0,0,0,0,0,0,0,0,0,0,0,0,0,0
154,7,0,1,Day,,86.08253479003906,3.917468547821045,59.329681396484375,5.508800029754639,5.501469135284424,0.10729999840259552,0.9986692667007446,11.800012588500977,1.7100000381469727,=NA(),=NA(),12.502103805541992,1.4163999557495117,0.34380000829696655,0.08399999886751175,=NA(),20,1013.25,6.57326602935791,80.43879699707031,5.869999885559082,5.489999771118164,0.3799999952316284,12.050012588500977,24.559999465942383,25.760000228881836,25.629005432128906,35.3266487121582,0.04534287005662918,0.04496770724654198,40.64670944213867,0.05489545688033104,0.00018575000285636634,0,0.00000850000014906982,0,-1.2000007629394531,0.1309947967529297
154,8,0,1,Day,,77.16232299804688,12.837678909301758,50.632225036621094,21.801000595092773,21.7783145904541,0.10209999978542328,0.9989594221115112,11.800012588500977,1.8301000595092773,=NA(),=NA(),4.419897079467773,1.4163999557495117,0.34380000829696655,0.08399999886751175,=NA(),20,1013.25,27.002111434936523,57.30301284790039,22.18000030517578,20.005001068115234,2.180000066757202,12.739374160766602,108.16999816894531,113.36000061035156,110.81616973876953,38.19527816772461,0.1813248097896576,0.1715468317270279,42.97275161743164,0.20494267344474792,0.0006778124952688813,0,0.000048437501391163096,0,-5.19000244140625,2.5438308715820312
154,9,0,1,Day,,68.50730895996094,21.492691040039062,39.300540924072266,55.301998138427734,55.080848693847656,0.603600025177002,0.9960010647773743,12.149988174438477,1.4700000286102295,=NA(),=NA(),2.7136054039001465,1.4163999557495117,0.34380000829696655,0.08399999886751175,=NA(),20,1013.25,58.13172149658203,46.05655288696289,50.91999816894531,38.519996643066406,12.399999618530273,14.317499160766602,249.77999877929688,259.6600036621094,253.46961975097656,39.41792678833008,0.40179088711738586,0.36043936014175415,44.10136795043945,0.44569140672683716,0.001326312543824315,0,0.00025993751478381455,0,-9.8800048828125,6.1903839111328125
154,10,0,1,Day,,61.89291763305664,28.10708236694336,25.86358642578125,82.59200286865234,82.12422943115234,0.992900013923645,0.9943363070487976,12.499994277954102,1.26010000705719,=NA(),=NA(),2.1161019802093506,1.4163999557495117,0.34380000829696655,0.08399999886751175,=NA(),20,1013.25,39.2400016784668,52.53418731689453,80.68499755859375,69.30500030517578,11.380000114440918,15.875635147094727,423.8900146484375,437.6199951171875,430.69586181640625,39.77873229980469,0.6767048239707947,0.6298537254333496,44.75331497192383,0.7354863882064819,0.002382375067099929,0,0.00023406249238178134,0,-13.72998046875,6.92413330078125
154,11,0,1,Day,,58.05890655517578,31.94109535217285,10.457319259643555,161.80999755859375,159.95738220214844,3.501800060272217,0.9885506629943848,13.140008926391602,1.2099000215530396,=NA(),=NA(),1.8859754800796509,1.4163999557495117,0.34380000829696655,0.08399999886751175,=NA(),20,1013.25,16.231924057006836,56.56356430053711,169.94500732421875,157.47999572753906,12.475000381469727,20.0674991607666,948.1900024414062,963.489990234375,962.4556884765625,39.725257873535156,1.5142314434051514,1.4935808181762695,45.512630462646484,1.5995653867721558,0.0053795622661709785,0,0.0002683750062715262,0,-15.29998779296875,1.0343017578125
154,12,0,1,Day,,57.577125549316406,32.422874450683594,354.0693054199219,93.49299621582031,92.9084701538086,1.0901999473571777,0.993747889995575,13.600000381469727,1.149999976158142,=NA(),=NA(),1.8610963821411133,1.4163999557495117,0.34380000829696655,0.08399999886751175,=NA(),20,1013.25,-9.239448547363281,57.097476959228516,99.18000030517578,92.52999877929688,6.649999618530273,17.659387588500977,538.5499877929688,552.2999877929688,551.909912109375,39.294578552246094,0.8778400421142578,0.8711989521980286,44.901432037353516,0.9307968616485596,0.003139750100672245,0,0.0001466249959776178,0,-13.75,0.39007568359375
154,13,0,1,Day,,60.52911376953125,29.47088623046875,338.2578430175781,124.4000015258789,123.37008666992188,2.093400001525879,0.9917209148406982,13.899988174438477,1.2798999547958374,=NA(),=NA(),2.02705979347229,1.4163999557495117,0.34380000829696655,0.08399999886751175,=NA(),20,1013.25,-33.245277404785156,53.96628952026367,125.08500671386719,110.875,14.210000038146973,19.048120498657227,680.2100219726562,693.8800048828125,691.9127807617188,39.52913284301758,1.0938928127288818,1.0497524738311768,45.095680236816406,1.1618540287017822,0.003814124967902899,0,0.00029312499100342393,0,-13.66998291015625,1.96722412109375
154,14,0,1,Day,,66.45028686523438,23.549713134765625,324.23468017578125,112.79000091552734,111.91471862792969,2.190700054168701,0.9922397136688232,13.980005264282227,1.5801000595092773,=NA(),=NA(),2.4911530017852783,1.4163999557495117,0.34380000829696655,0.08399999886751175,=NA(),20,1013.25,-53.28762435913086,48.05937194824219,108.875,87.36000061035156,21.520000457763672,18.53374671936035,569.6900024414062,582.3200073242188,576.517578125,39.63985061645508,0.9086588621139526,0.8437463045120239,44.86820983886719,0.9780363440513611,0.0030168124940246344,0,0.000450624997029081,0,-12.6300048828125,5.80242919921875
154,15,0,1,Day,,74.61553955078125,15.3844633102417,312.3503112792969,51.10300064086914,50.91713333129883,0.7006000280380249,0.9963628649711609,13.700006484985352,1.559999942779541,=NA(),=NA(),3.7233455181121826,1.4163999557495117,0.34380000829696655,0.08399999886751175,=NA(),20,1013.25,-37.605751037597656,49.83473587036133,50.3849983215332,43.63999938964844,6.744999885559082,15.802515029907227,255.9600067138672,264.6199951171875,263.66888427734375,38.61993408203125,0.42660608887672424,0.40344035625457764,43.9340705871582,0.4594888985157013,0.001475312514230609,0,0.000147687504068017,0,-8.659988403320312,0.95111083984375
154,16,0,1,Day,,84.29837799072266,5.701618194580078,302.3314514160156,3.301300048828125,3.3011014461517334,0.0020000000949949026,0.9999398589134216,13.149988174438477,1.7000000476837158,=NA(),=NA(),9.237525939941406,1.4163999557495117,0.34380000829696655,0.08399999886751175,=NA(),20,1013.25,-9.837422370910645,76.02265167236328,3.5,3.259999990463257,0.24000000953674316,13.300012588500977,13.039999961853027,13.520000457763672,13.522052764892578,33.796295166015625,0.025006446987390518,0.024806367233395576,39.381431579589844,0.03284035250544548,0.00011100000119768083,0,0.000005500000042957254,0,-0.48000049591064453,-0.00205230712890625
154,17,0,1,Night,Sun below height limit of 1 degrees.,89.6597900390625,0.3402124047279358,297.54620361328125,0,0,0,0,12.689996719360352,1.9198999404907227,=NA(),0,33.27352523803711,1.4163999557495117,0.34380000829696655,0.08399999886751175,=NA(),20,1013.25,0,0,0,0,0,12.689996719360352,0,0,0,0,0,0,0,0,0,0,0,0,0,0
154,18,0,1,Night,,106.89466094970703,-16.894662857055664,285.848388671875,0,0,0,0,12.300012588500977,2.089900016784668,=NA(),0,64.81599426269531,1.4163999557495117,0.34380000829696655,0.08399999886751175,=NA(),20,1013.25,0,0,0,0,0,12.300012588500977,0,0,0,0,0,0,0,0,0,0,0,0,0,0
154,19,0,1,Night,,118.87272644042969,-28.872724533081055,278.2918701171875,0,0,0,0,11.899988174438477,2.1698999404907227,=NA(),0,64.81599426269531,1.4163999557495117,0.34380000829696655,0.08399999886751175,=NA(),20,1013.25,0,0,0,0,0,11.899988174438477,0,0,0,0,0,0,0,0,0,0,0,0,0,0
154,20,0,1,Night,,131.09693908691406,-41.09693908691406,270.2960205078125,0,0,0,0,11.600000381469727,2.3299999237060547,=NA(),0,64.81599426269531,1.4163999557495117,0.34380000829696655,0.08399999886751175,=NA(),20,1013.25,0,0,0,0,0,11.600000381469727,0,0,0,0,0,0,0,0,0,0,0,0,0,0
154,21,0,1,Night,,143.3214111328125,-53.321414947509766,260.6018371582031,0,0,0,0,11.300012588500977,2.740000009536743,=NA(),0,64.81599426269531,1.4163999557495117,0.34380000829696655,0.08399999886751175,=NA(),20,1013.25,0,0,0,0,0,11.300012588500977,0,0,0,0,0,0,0,0,0,0,0,0,0,0
154,22,0,1,Night,,155.08895874023438,-65.08895111083984,246.0330810546875,0,0,0,0,11.779993057250977,3.170099973678589,=NA(),0,64.81599426269531,1.4163999557495117,0.34380000829696655,0.08399999886751175,=NA(),20,1013.25,0,0,0,0,0,11.779993057250977,0,0,0,0,0,0,0,0,0,0,0,0,0,0
154,23,0,1,Night,,164.81077575683594,-74.81077575683594,216.0730743408203,0,0,0,0,11.499994277954102,3.2600998878479004,=NA(),0,64.81599426269531,1.4163999557495117,0.34380000829696655,0.08399999886751175,=NA(),20,1013.25,0,0,0,0,0,11.499994277954102,0,0,0,0,0,0,0,0,0,0,0,0,0,0
155,0,0,1,Night,,166.4949493408203,-76.49495697021484,158.17039489746094,0,0,0,0,11.399988174438477,3.319999933242798,=NA(),0,64.81599426269531,1.4163999557495117,0.34380000829696655,0.08399999886751175,=NA(),20,1013.25,0,0,0,0,0,11.399988174438477,0,0,0,0,0,0,0,0,0,0,0,0,0,0
155,1,0,1,Night,,158.1750030517578,-68.17501068115234,119.9837875366211,0,0,0,0,11.100000381469727,3.279900074005127,=NA(),0,64.81599426269531,1.4163999557495117,0.34380000829696655,0.08399999886751175,=NA(),20,1013.25,0,0,0,0,0,11.100000381469727,0,0,0,0,0,0,0,0,0,0,0,0,0,0
155,2,0,1,Night,,146.72006225585938,-56.72005844116211,102.72947692871094,0,0,0,0,10.700006484985352,3.640000104904175,=NA(),0,64.81599426269531,1.4163999557495117,0.34380000829696655,0.08399999886751175,=NA(),20,1013.25,0,0,0,0,0,10.700006484985352,0,0,0,0,0,0,0,0,0,0,0,0,0,0
155,3,0,1,Night,,134.56240844726562,-44.562416076660156,92.13570404052734,0,0,0,0,10.360010147094727,4.019999980926514,=NA(),0,64.81599426269531,1.4163999557495117,0.34380000829696655,0.08399999886751175,=NA(),20,1013.25,0,0,0,0,0,10.360010147094727,0,0,0,0,0,0,0,0,0,0,0,0,0,0
155,4,0,1,Night,,122.31494140625,-32.314945220947266,83.82820129394531,0,0,0,0,9.999994277954102,4.269999980926514,=NA(),0,64.81599426269531,1.4163999557495117,0.34380000829696655,0.08399999886751175,=NA(),20,1013.25,0,0,0,0,0,9.999994277954102,0,0,0,0,0,0,0,0,0,0,0,0,0,0
155,5,0,1,Night,,110.25204467773438,-20.25204086303711,76.22892761230469,0,0,0,0,9.700189590454102,4.370100021362305,=NA(),0,64.81599426269531,1.4163999557495117,0.34380000829696655,0.08399999886751175,=NA(),20,1013.25,0,0,0,0,0,9.700006484985352,0,0,0,0,0,0,0,0,0,0,0,0,0,0
155,6,0,1,Night,,98.59752655029297,-8.597526550292969,68.53294372558594,0,0,0,0,9.700189590454102,3.970099925994873,=NA(),0,64.81599426269531,1.4163999557495117,0.34380000829696655,0.08399999886751175,=NA(),20,1013.25,0,0,0,0,0,9.700006484985352,0,0,0,0,0,0,0,0,0,0,0,0,0,0
155,7,0,1,Day,,86.13654327392578,3.8634583950042725,59.22058868408203,10.510000228881836,10.502399444580078,0.1128000020980835,0.9992768168449402,9.599786758422852,4.099999904632568,=NA(),=NA(),12.634195327758789,1.4163999557495117,0.34380000829696655,0.08399999886751175,=NA(),20,1013.25,6.488574028015137,80.57164001464844,11.194999694824219,10.46500015258789,0.7300000190734863,10.070001602172852,51.599998474121094,54.67000198364258,54.5116081237793,36.891414642333984,0.0923515036702156,0.09159907698631287,42.17061996459961,0.10463505983352661,0.0003544999926816672,0,0.000015999999959603883,0,-3.0700035095214844,0.15839385986328125
155,8,0,1,Day,,77.27521514892578,12.72478199005127,50.57708740234375,39.59700012207031,39.48763656616211,0.4964999854564667,0.9972380995750427,9.799890518188477,4.370100021362305,=NA(),=NA(),4.456943511962891,1.4163999557495117,0.34380000829696655,0.08399999886751175,=NA(),20,1013.25,26.717756271362305,57.62052917480469,40.41999816894531,36.5,3.9250001907348633,11.489984512329102,206.25999450683594,216.75999450683594,213.15081787109375,39.349857330322266,0.3385371267795563,0.3208533823490143,44.20551300048828,0.3726828098297119,0.0012375625083222985,0,0.00008725000225240365,0,-10.5,3.6091766357421875
155,9,0,1,Day,,68.62772369384766,21.37228012084961,39.26302719116211,106.5,105.69829559326172,2.199899911880493,0.992472231388092,10.670007705688477,5.300000190734863,=NA(),=NA(),2.7279648780822754,1.4163999557495117,0.34380000829696655,0.08399999886751175,=NA(),20,1013.25,58.26971435546875,46.137550354003906,102.86000061035156,79.91000366210938,22.950000762939453,15.006860733032227,530.9199829101562,549.469970703125,535.4021606445312,40.4897575378418,0.8263866305351257,0.7386600971221924,45.24152755737305,0.9043641686439514,0.0027608750388026237,0,0.0004811875114683062,0,-18.54998779296875,14.06781005859375
155,10,0,1,Day,,62.01777648925781,27.982221603393555,25.851993560791016,64.50299835205078,64.26605224609375,0.5049999952316284,0.9963265657424927,11.059991836547852,6.530099868774414,=NA(),=NA(),2.1247048377990723,1.4163999557495117,0.34380000829696655,0.08399999886751175,=NA(),20,1013.25,39.37575912475586,52.62846755981445,62.93499755859375,54.00499725341797,8.9350004196167,13.688135147094727,326.05999755859375,339.5299987792969,336.10821533203125,39.532527923583984,0.5313233137130737,0.4973796010017395,44.632877349853516,0.5753064155578613,0.0018566874787211418,0,0.00018362500122748315,0,-13.470001220703125,3.421783447265625
155,11,0,1,Day,,58.18244934082031,31.817550659179688,10.480013847351074,80.40399932861328,79.97832489013672,0.8073999881744385,0.9947057962417603,11.119989395141602,7.119999885559082,=NA(),=NA(),1.8924840688705444,1.4163999557495117,0.34380000829696655,0.08399999886751175,=NA(),20,1013.25,16.339134216308594,56.67381286621094,84.20500183105469,77.83500671386719,6.369999885559082,14.589990615844727,453.92999267578125,470.7699890136719,466.6998291015625,39.88242721557617,0.7313706874847412,0.7173413634300232,45.05035400390625,0.7863344550132751,0.002655375050380826,0,0.00013699999544769526,0,-16.839996337890625,4.070159912109375
155,12,0,1,Day,,57.69171905517578,32.30828094482422,354.1280517578125,299.6000061035156,268.1718444824219,58.801998138427734,0.8950995802879333,12.230005264282227,7.310100078582764,=NA(),=NA(),1.8669425249099731,1.4163999557495117,0.34380000829696655,0.08399999886751175,=NA(),20,1013.25,-9.1896390914917,57.219398498535156,318.1050109863281,298.67498779296875,19.434999465942383,25.154993057250977,1825.0799560546875,1822.3299560546875,1821.02880859375,39.7613410949707,2.862436532974243,2.848053455352783,45.93949508666992,3.0159037113189697,0.010204687714576721,0,0.00042650001705624163,0,2.75,1.3011474609375
155,13,0,1,Day,,60.62821578979492,29.371782302856445,338.3447570800781,348.5899963378906,276.7845153808594,146.39999389648438,0.794011652469635,13.300012588500977,7.190000057220459,=NA(),=NA(),2.0332398414611816,1.4163999557495117,0.34380000829696655,0.08399999886751175,=NA(),20,1013.25,-33.25130081176758,54.09096145629883,383.92498779296875,355.57000732421875,28.350000381469727,28.870630264282227,2233.949951171875,2203.2900390625,2203.634765625,39.41046905517578,3.4947073459625244,3.423546075820923,45.79671096801758,3.682584524154663,0.012345249764621258,0,0.000595812511164695,0,30.659912109375,-0.3447265625
155,14,0,1,Day,,66.53117370605469,23.468828201293945,324.337890625,160.91000366210938,157.36170959472656,8.909700393676758,0.9779486060142517,13.570001602172852,6.650000095367432,=NA(),=NA(),2.499155044555664,1.4163999557495117,0.34380000829696655,0.08399999886751175,=NA(),20,1013.25,-53.324798583984375,48.181358337402344,162.97500610351562,134.06500244140625,28.90999984741211,20.3331241607666,879.4100341796875,892.739990234375,886.2855834960938,39.90623092651367,1.3876826763153076,1.299207329750061,45.34590148925781,1.4831491708755493,0.004647312685847282,0,0.0006063749897293746,0,-13.3299560546875,6.45440673828125
155,15,0,1,Day,,74.6789779663086,15.32102108001709,312.4610900878906,195.60000610351562,171.1059112548828,92.70099639892578,0.8747745752334595,13.600000381469727,4.900000095367432,=NA(),=NA(),3.7379772663116455,1.4163999557495117,0.34380000829696655,0.08399999886751175,=NA(),20,1013.25,-37.44734191894531,50.02910232543945,290.1300048828125,273.2699890136719,16.864999771118164,25.3593692779541,1679.8399658203125,1676.0899658203125,1676.078857421875,39.61595153808594,2.6442649364471436,2.579972505569458,45.76880645751953,2.786471128463745,0.009433312341570854,0,0.000375000003259629,0,3.75,0.0111083984375
155,16,0,1,Day,,84.3456802368164,5.65432071685791,302.4461364746094,29.594999313354492,29.526819229125977,0.6919999718666077,0.9976962208747864,12.089990615844727,3.630000114440918,=NA(),=NA(),9.303034782409668,1.4163999557495117,0.34380000829696655,0.08399999886751175,=NA(),20,1013.25,-9.765528678894043,76.14054107666016,32.230003356933594,30.149999618530273,2.0799999237060547,13.427515029907227,162.36000061035156,169.52000427246094,169.19415283203125,38.19416809082031,0.2768649160861969,0.27474668622016907,43.53594970703125,0.29955512285232544,0.001013625063933432,0,0.00004549999721348286,0,-7.160003662109375,0.3258514404296875
155,17,0,1,Night,Sun below height limit of 1 degrees.,89.67601013183594,0.32398995757102966,297.6771545410156,0,0,0,0,10.399988174438477,3.700000047683716,=NA(),0,33.47727966308594,1.4163999557495117,0.34380000829696655,0.08399999886751175,=NA(),20,1013.25,0,0,0,0,0,10.399988174438477,0,0,0,0,0,0,0,0,0,0,0,0,0,0
155,18,0,1,Night,,106.92288970947266,-16.92289161682129,285.97430419921875,0,0,0,0,10.309991836547852,3.619999885559082,=NA(),0,64.81599426269531,1.4163999557495117,0.34380000829696655,0.08399999886751175,=NA(),20,1013.25,0,0,0,0,0,10.309991836547852,0,0,0,0,0,0,0,0,0,0,0,0,0,0
155,19,0,1,Night,,118.89481353759766,-28.894813537597656,278.4305419921875,0,0,0,0,9.419702529907227,3.5399999618530273,=NA(),0,64.81599426269531,1.4163999557495117,0.34380000829696655,0.08399999886751175,=NA(),20,1013.25,0,0,0,0,0,9.420007705688477,0,0,0,0,0,0,0,0,0,0,0,0,0,0
155,20,0,1,Night,,131.11639404296875,-41.116397857666016,270.45745849609375,0,0,0,0,8.409906387329102,3.4398999214172363,=NA(),0,64.81599426269531,1.4163999557495117,0.34380000829696655,0.08399999886751175,=NA(),20,1013.25,0,0,0,0,0,8.409997940063477,0,0,0,0,0,0,0,0,0,0,0,0,0,0
155,21,0,1,Night,,143.34361267089844,-53.34361267089844,260.8043212890625,0,0,0,0,7.499810695648193,3.2500998973846436,=NA(),0,64.81599426269531,1.4163999557495117,0.34380000829696655,0.08399999886751175,=NA(),20,1013.25,0,0,0,0,0,7.499993801116943,0,0,0,0,0,0,0,0,0,0,0,0,0,0
155,22,0,1,Night,,155.12510681152344,-65.12510681152344,246.31170654296875,0,0,0,0,6.499993801116943,2.860100030899048,=NA(),0,64.81599426269531,1.4163999557495117,0.34380000829696655,0.08399999886751175,=NA(),20,1013.25,0,0,0,0,0,6.499993801116943,0,0,0,0,0,0,0,0,0,0,0,0,0,0
155,23,0,1,Night,,164.88880920410156,-74.8888168334961,216.4344482421875,0,0,0,0,5.060113430023193,2.5899999141693115,=NA(),0,64.81599426269531,1.4163999557495117,0.34380000829696655,0.08399999886751175,=NA(),20,1013.25,0,0,0,0,0,5.059991359710693,0,0,0,0,0,0,0,0,0,0,0,0,0,0
156,0,0,1,Night,,166.61727905273438,-76.61727142333984,158.1678009033203,0,0,0,0,3.3396849632263184,2.3801000118255615,=NA(),0,64.81599426269531,1.4163999557495117,0.34380000829696655,0.08399999886751175,=NA(),20,1013.25,0,0,0,0,0,3.3399901390075684,0,0,0,0,0,0,0,0,0,0,0,0,0,0
156,1,0,1,Night,,158.2795867919922,-68.27959442138672,119.81368255615234,0,0,0,0,2.3897948265075684,2.0701000690460205,=NA(),0,64.81599426269531,1.4163999557495117,0.34380000829696655,0.08399999886751175,=NA(),20,1013.25,0,0,0,0,0,2.3900084495544434,0,0,0,0,0,0,0,0,0,0,0,0,0,0
156,2,0,1,Night,,146.8126983642578,-56.81269454956055,102.58457946777344,0,0,0,0,1.260308861732483,1.6200000047683716,=NA(),0,64.81599426269531,1.4163999557495117,0.34380000829696655,0.08399999886751175,=NA(),20,1013.25,0,0,0,0,0,1.260003685951233,0,0,0,0,0,0,0,0,0,0,0,0,0,0
156,3,0,1,Night,,134.65164184570312,-44.651649475097656,92.01902770996094,0,0,0,0,0.7199035882949829,1.559999942779541,=NA(),0,64.81599426269531,1.4163999557495117,0.34380000829696655,0.08399999886751175,=NA(),20,1013.25,0,0,0,0,0,0.7199951410293579,0,0,0,0,0,0,0,0,0,0,0,0,0,0
156,4,0,1,Night,,122.40515899658203,-32.40515899658203,83.73121643066406,0,0,0,0,0.7903076410293579,1.5499999523162842,=NA(),0,64.81599426269531,1.4163999557495117,0.34380000829696655,0.08399999886751175,=NA(),20,1013.25,0,0,0,0,0,0.7900024652481079,0,0,0,0,0,0,0,0,0,0,0,0,0,0
156,5,0,1,Night,,110.34600830078125,-20.346006393432617,76.1458740234375,0,0,0,0,0.3702026307582855,1.7000000476837158,=NA(),0,64.81599426269531,1.4163999557495117,0.34380000829696655,0.08399999886751175,=NA(),20,1013.25,0,0,0,0,0,0.3699890077114105,0,0,0,0,0,0,0,0,0,0,0,0,0,0
156,6,0,1,Night,,98.6980972290039,-8.69809627532959,68.46085357666016,0,0,0,0,-0.5000060796737671,1.7698999643325806,=NA(),0,64.81599426269531,1.4163999557495117,0.34380000829696655,0.08399999886751175,=NA(),20,1013.25,0,0,0,0,0,-0.5000060796737671,0,0,0,0,0,0,0,0,0,0,0,0,0,0
156,7,0,1,Day,,86.19264221191406,3.8073596954345703,59.127445220947266,54.696998596191406,52.72492599487305,29.698999404907227,0.9639455080032349,-0.6502135992050171,2.0399999618530273,=NA(),=NA(),12.774136543273926,1.4163999557495117,0.34380000829696655,0.08399999886751175,=NA(),20,1013.25,6.3991217613220215,80.70956420898438,70.85000610351562,68.06500244140625,2.7799999713897705,2.3356261253356934,312.20001220703125,338.2200012207031,338.1907043457031,40.76366424560547,0.5185233354568481,0.5165480375289917,46.181217193603516,0.5512325763702393,0.0018977499566972256,0,0.00006199999916134402,0,-26.019989013671875,0.029296875
156,8,0,1,Day,,77.383056640625,12.616941452026367,50.527565002441406,193,163.1185302734375,136.8000030517578,0.845173716545105,3.2000975608825684,2.150099992752075,=NA(),=NA(),4.492919921875,1.4163999557495117,0.34380000829696655,0.08399999886751175,=NA(),20,1013.25,26.446483612060547,57.92292022705078,306.125,294.739990234375,11.385000228881836,15.532495498657227,1770.25,1823.989990234375,1820.9464111328125,41.136436462402344,2.7666280269622803,2.723703384399414,47.1685905456543,2.9108619689941406,0.010061937384307384,0,0.00025856250431388617,0,-53.739990234375,3.0435791015625
156,9,0,1,Day,,68.74309539794922,21.256906509399414,39.230682373046875,337.5,244.17953491210938,257.3999938964844,0.7234949469566345,6.599694728851318,2.2100000381469727,=NA(),=NA(),2.741877317428589,1.4163999557495117,0.34380000829696655,0.08399999886751175,=NA(),20,1013.25,58.404258728027344,46.21198272705078,479.17999267578125,438.1199951171875,41.060001373291016,26.008752822875977,2833.27001953125,2821.110107421875,2814.4716796875,40.13248062133789,4.383166790008545,4.262623310089111,46.58884048461914,4.616480827331543,0.015457812696695328,0,0.0008666249923408031,0,12.159912109375,6.638427734375
156,10,0,1,Day,,62.13697052001953,27.8630313873291,25.844661712646484,474.20001220703125,290.6212158203125,392.79998779296875,0.6128663420677185,8.189905166625977,2.0299999713897705,=NA(),=NA(),2.1329920291900635,1.4163999557495117,0.34380000829696655,0.08399999886751175,=NA(),20,1013.25,39.50967025756836,52.715965270996094,562.2750244140625,526.8049926757812,35.470001220703125,30.936243057250977,3331.39990234375,3264.52001953125,3264.775390625,39.447425842285156,5.172739028930664,5.082569599151611,46.23157501220703,5.446527004241943,0.018386436626315117,0,0.0007517500198446214,0,66.8798828125,-0.25537109375
156,11,0,1,Day,,58.29977035522461,31.70022964477539,10.50541877746582,530.0900268554688,300.0948486328125,437.69000244140625,0.5661205053329468,9.080011367797852,2.0299999713897705,=NA(),=NA(),1.898714542388916,1.4163999557495117,0.34380000829696655,0.08399999886751175,=NA(),20,1013.25,16.44725227355957,56.777313232421875,569.75,538.2449951171875,31.505001068115234,32.22124481201172,3353.02001953125,3271.889892578125,3269.818115234375,39.30498504638672,5.199436664581299,5.172508239746094,46.07608413696289,5.4736857414245605,0.01857749931514263,0,0.0006830624770373106,0,81.130126953125,2.07177734375
156,12,0,1,Day,,57.79967498779297,32.20032501220703,354.1875915527344,498.8900146484375,295.068359375,382.489990234375,0.5914497375488281,10.350000381469727,2.180000066757202,=NA(),=NA(),1.8724907636642456,1.4163999557495117,0.34380000829696655,0.08399999886751175,=NA(),20,1013.25,-9.135818481445312,57.334903717041016,530.1099853515625,500.92999267578125,29.18000030517578,31.85686683654785,3105.7900390625,3034.070068359375,3034.9482421875,39.266761779785156,4.830657958984375,4.815207004547119,45.986244201660156,5.087037563323975,0.01722699962556362,0,0.0006375624798238277,0,71.719970703125,-0.878173828125
156,13,0,1,Day,,60.720577239990234,29.279420852661133,338.4305114746094,391.7099914550781,282.2025146484375,223.91000366210938,0.7204373478889465,10.730005264282227,2.469899892807007,=NA(),=NA(),2.039039134979248,1.4163999557495117,0.34380000829696655,0.08399999886751175,=NA(),20,1013.25,-33.251224517822266,54.20979309082031,436.55999755859375,406.4649963378906,30.095001220703125,28.4324893951416,2555.68994140625,2524.56005859375,2523.19775390625,39.62441635131836,3.979884624481201,3.907971143722534,46.090858459472656,4.191513538360596,0.01412306260317564,0,0.0006345625151880085,0,31.1298828125,1.3623046875
156,14,0,1,Day,,66.60555267333984,23.394447326660156,324.4385070800781,218.7100067138672,202.62515258789062,40.5099983215332,0.9264557957649231,10.899988174438477,2.54010009765625,=NA(),=NA(),2.506563425064087,1.4163999557495117,0.34380000829696655,0.08399999886751175,=NA(),20,1013.25,-53.35512924194336,48.29820251464844,248.0800018310547,215.02999877929688,33.04499816894531,21.05938148498535,1397.1700439453125,1414.27001953125,1408.6170654296875,40.23720169067383,2.187784194946289,2.085988998413086,46.02989959716797,2.3188936710357666,0.00750999990850687,0,0.0006967500085011125,0,-17.0999755859375,5.6529541015625
156,15,0,1,Day,,74.7361068725586,15.263893127441406,312.568359375,114.80000305175781,112.5079116821289,8.706399917602539,0.9800340533256531,10.670007705688477,1.9500000476837158,=NA(),=NA(),3.751253366470337,1.4163999557495117,0.34380000829696655,0.08399999886751175,=NA(),20,1013.25,-37.312801361083984,50.20369338989258,131.125,117.70999908447266,13.420000076293945,16.06499671936035,715.0700073242188,736.9400024414062,733.492431640625,40.14267349243164,1.1419181823730469,1.088494896888733,45.59142303466797,1.2151049375534058,0.004013374913483858,0,0.00029493749025277793,0,-21.8699951171875,3.44757080078125
156,16,0,1,Day,,84.38691711425781,5.613084316253662,302.5567626953125,15.706000328063965,15.685772895812988,0.20679999887943268,0.9987121224403381,9.409692764282227,2.2499001026153564,=NA(),=NA(),9.360865592956543,1.4163999557495117,0.34380000829696655,0.08399999886751175,=NA(),20,1013.25,-9.703974723815918,76.24327087402344,16.68000030517578,15.555000305175781,1.125,10.107507705688477,80.44000244140625,85.16999816894531,84.6037368774414,37.7605094909668,0.14003342390060425,0.13866087794303894,42.88652038574219,0.15636633336544037,0.0005288749816827476,0,0.000024500001018168405,0,-4.7299957275390625,0.5662612915039062
156,17,0,1,Night,Sun below height limit of 1 degrees.,89.69393157958984,0.3060675263404846,297.7966613769531,0,0,0,0,7.289788722991943,2.2899999618530273,=NA(),0,33.704532623291016,1.4163999557495117,0.34380000829696655,0.08399999886751175,=NA(),20,1013.25,0,0,0,0,0,7.290002346038818,0,0,0,0,0,0,0,0,0,0,0,0,0,0
156,18,0,1,Night,,106.94720458984375,-16.947206497192383,286.0951232910156,0,0,0,0,4.760308742523193,2.180000066757202,=NA(),0,64.81599426269531,1.4163999557495117,0.34380000829696655,0.08399999886751175,=NA(),20,1013.25,0,0,0,0,0,4.760003566741943,0,0,0,0,0,0,0,0,0,0,0,0,0,0
156,19,0,1,Night,,118.91275787353516,-28.912755966186523,278.5634765625,0,0,0,0,4.439904689788818,2.079900026321411,=NA(),0,64.81599426269531,1.4163999557495117,0.34380000829696655,0.08399999886751175,=NA(),20,1013.25,0,0,0,0,0,4.439996242523193,0,0,0,0,0,0,0,0,0,0,0,0,0,0
156,20,0,1,Night,,131.131591796875,-41.131587982177734,270.6120910644531,0,0,0,0,3.6003050804138184,2.089900016784668,=NA(),0,64.81599426269531,1.4163999557495117,0.34380000829696655,0.08399999886751175,=NA(),20,1013.25,0,0,0,0,0,3.5999999046325684,0,0,0,0,0,0,0,0,0,0,0,0,0,0
156,21,0,1,Night,,143.3612060546875,-53.3612060546875,260.99847412109375,0,0,0,0,3.0996947288513184,1.929900050163269,=NA(),0,64.81599426269531,1.4163999557495117,0.34380000829696655,0.08399999886751175,=NA(),20,1013.25,0,0,0,0,0,3.0999999046325684,0,0,0,0,0,0,0,0,0,0,0,0,0,0
156,22,0,1,Night,,155.15586853027344,-65.15587615966797,246.58021545410156,0,0,0,0,2.2500853538513184,1.6899000406265259,=NA(),0,64.81599426269531,1.4163999557495117,0.34380000829696655,0.08399999886751175,=NA(),20,1013.25,0,0,0,0,0,2.2499938011169434,0,0,0,0,0,0,0,0,0,0,0,0,0,0
156,23,0,1,Night,,164.96002197265625,-74.96002197265625,216.7902069091797,0,0,0,0,1.199792504310608,1.559999942779541,=NA(),0,64.81599426269531,1.4163999557495117,0.34380000829696655,0.08399999886751175,=NA(),20,1013.25,0,0,0,0,0,1.200006127357483,0,0,0,0,0,0,0,0,0,0,0,0,0,0
157,0,0,1,Night,,166.7337646484375,-76.7337646484375,158.17982482910156,0,0,0,0,1.550103783607483,1.5999000072479248,=NA(),0,64.81599426269531,1.4163999557495117,0.34380000829696655,0.08399999886751175,=NA(),20,1013.25,0,0,0,0,0,1.550012230873108,0,0,0,0,0,0,0,0,0,0,0,0,0,0
157,1,0,1,Night,,158.380615234375,-68.380615234375,119.65792846679688,0,0,0,0,2.4601988792419434,1.6299999952316284,=NA(),0,64.81599426269531,1.4163999557495117,0.34380000829696655,0.08399999886751175,=NA(),20,1013.25,0,0,0,0,0,2.4599852561950684,0,0,0,0,0,0,0,0,0,0,0,0,0,0
157,2,0,1,Night,,146.90249633789062,-56.902488708496094,102.45051574707031,0,0,0,0,3.7199950218200684,1.4600000381469727,=NA(),0,64.81599426269531,1.4163999557495117,0.34380000829696655,0.08399999886751175,=NA(),20,1013.25,0,0,0,0,0,3.7199950218200684,0,0,0,0,0,0,0,0,0,0,0,0,0,0
157,3,0,1,Night,,134.73802185058594,-44.7380256652832,91.91099548339844,0,0,0,0,4.300286769866943,1.090000033378601,=NA(),0,64.81599426269531,1.4163999557495117,0.34380000829696655,0.08399999886751175,=NA(),20,1013.25,0,0,0,0,0,4.300012111663818,0,0,0,0,0,0,0,0,0,0,0,0,0,0
157,4,0,1,Night,,122.49201965332031,-32.49202346801758,83.64158630371094,0,0,0,0,4.830102443695068,0.5799999833106995,=NA(),0,64.81599426269531,1.4163999557495117,0.34380000829696655,0.08399999886751175,=NA(),20,1013.25,0,0,0,0,0,4.830010890960693,0,0,0,0,0,0,0,0,0,0,0,0,0,0
157,5,0,1,Night,,110.43549346923828,-20.43549156188965,76.0694351196289,0,0,0,0,4.350091457366943,0.3700000047683716,=NA(),0,64.81599426269531,1.4163999557495117,0.34380000829696655,0.08399999886751175,=NA(),20,1013.25,0,0,0,0,0,4.349999904632568,0,0,0,0,0,0,0,0,0,0,0,0,0,0
157,6,0,1,Night,,98.79126739501953,-8.791263580322266,68.39491271972656,0,0,0,0,4.469811916351318,0.6399000287055969,=NA(),0,64.81599426269531,1.4163999557495117,0.34380000829696655,0.08399999886751175,=NA(),20,1013.25,0,0,0,0,0,4.469995021820068,0,0,0,0,0,0,0,0,0,0,0,0,0,0
157,7,0,1,Day,,86.246337890625,3.7536604404449463,59.030181884765625,19.202999114990234,19.183063507080078,0.304500013589859,0.998961865901947,5.070092678070068,1.0398999452590942,=NA(),=NA(),12.910750389099121,1.4163999557495117,0.34380000829696655,0.08399999886751175,=NA(),20,1013.25,6.313967227935791,80.8415298461914,20.545000076293945,19.21500015258789,1.3199999332427979,5.920007228851318,100.26000213623047,107.77999877929688,107.71768188476562,38.540679931640625,0.17468169331550598,0.1737874150276184,43.865421295166016,0.19087521731853485,0.0006480625015683472,0,0.000029499999072868377,0,-7.519996643066406,0.06231689453125
157,8,0,1,Day,,77.489501953125,12.510499954223633,50.48361587524414,132.41000366210938,124.65376281738281,35.805999755859375,0.9414225220680237,6.059899806976318,1.100100040435791,=NA(),=NA(),4.529007434844971,1.4163999557495117,0.34380000829696655,0.08399999886751175,=NA(),20,1013.25,26.178165435791016,58.22053909301758,182.42498779296875,172.75,9.675000190734863,13.441888809204102,1027.93994140625,1067.72998046875,1065.955078125,40.81074523925781,1.6324560642242432,1.5974456071853638,46.55061340332031,1.7217304706573486,0.005886999890208244,0,0.0002165000041713938,0,-39.7900390625,1.77490234375
157,9,0,1,Day,,68.85466003417969,21.145339965820312,39.203433990478516,150.7100067138672,147.24398803710938,9.608200073242188,0.9770020842552185,8.479700088500977,0.41999998688697815,=NA(),=NA(),2.7554750442504883,1.4163999557495117,0.34380000829696655,0.08399999886751175,=NA(),20,1013.25,58.536865234375,46.28041076660156,155.43499755859375,124.78500366210938,30.649999618530273,14.942499160766602,830.7100219726562,858.9500122070312,847.5146484375,40.81526565551758,1.2975815534591675,1.196821689605713,45.99040222167969,1.3948553800582886,0.004331875126808882,0,0.0006424374878406525,0,-28.239990234375,11.43536376953125
157,10,0,1,Day,,62.25109100341797,27.748910903930664,25.841510772705078,185.5,180.9822998046875,9.70300006866455,0.9756458401679993,9.629785537719727,1.4399000406265259,=NA(),=NA(),2.140995740890503,1.4163999557495117,0.34380000829696655,0.08399999886751175,=NA(),20,1013.25,39.642295837402344,52.7971305847168,188.18499755859375,164.5449981689453,23.639999389648438,17.378747940063477,1039.1400146484375,1065.3099365234375,1056.5107421875,40.59003829956055,1.6267330646514893,1.5388044118881226,46.031227111816406,1.7337616682052612,0.005680812522768974,0,0.00048725001397542655,0,-26.169921875,8.7991943359375
157,11,0,1,Day,,58.41115188598633,31.588848114013672,10.533452987670898,172,169.69544982910156,4.399499893188477,0.9866014719009399,10.339990615844727,2.0299999713897705,=NA(),=NA(),1.904674768447876,1.4163999557495117,0.34380000829696655,0.08399999886751175,=NA(),20,1013.25,16.556285858154297,56.874351501464844,180.6300048828125,167.35501098632812,13.270000457763672,17.704370498657227,1010.4500122070312,1034.8399658203125,1031.9512939453125,40.23447799682617,1.6030209064483643,1.5803152322769165,45.94157409667969,1.695073127746582,0.005718375090509653,0,0.0002853125042747706,0,-24.38995361328125,2.888671875
157,12,0,1,Day,,57.9012451171875,32.0987548828125,354.2477111816406,113.19999694824219,112.34803771972656,1.6032999753952026,0.992473840713501,10.959985733032227,2.430000066757202,=NA(),=NA(),1.8777469396591187,1.4163999557495117,0.34380000829696655,0.08399999886751175,=NA(),20,1013.25,-9.0782470703125,57.44419860839844,120.12000274658203,112.12000274658203,8,15.906885147094727,658.3200073242188,678.9299926757812,670.6387939453125,40.35923385620117,1.0385762453079224,1.0250272750854492,45.477176666259766,1.117691159248352,0.0038043749518692493,0,0.00017606250185053796,0,-20.6099853515625,8.29119873046875
157,13,0,1,Day,,60.80677032470703,29.19322967529297,338.5149841308594,203.89999389648438,197.60549926757812,12.904999732971191,0.9691295027732849,11.879999160766602,2.5199999809265137,=NA(),=NA(),2.044485569000244,1.4163999557495117,0.34380000829696655,0.08399999886751175,=NA(),20,1013.25,-33.245758056640625,54.323158264160156,209.2100067138672,187.36000061035156,21.850000381469727,20.431238174438477,1169.239990234375,1186.300048828125,1184.7391357421875,39.973236083984375,1.8522956371307373,1.7885005474090576,45.81466293334961,1.9566720724105835,0.006458499934524298,0,0.0004516249755397439,0,-17.06005859375,1.5609130859375
157,14,0,1,Day,,66.67431640625,23.325687408447266,324.5364990234375,165.11000061035156,161.028076171875,10.309000015258789,0.9752775430679321,12.429986953735352,2.4100000858306885,=NA(),=NA(),2.5134546756744385,1.4163999557495117,0.34380000829696655,0.08399999886751175,=NA(),20,1013.25,-53.379844665527344,48.410221099853516,168.14500427246094,138.66000366210938,29.485000610351562,19.425012588500977,909.4500122070312,926.0999755859375,913.46435546875,40.2960205078125,1.4166045188903809,1.3154246807098389,45.52640914916992,1.5239808559417725,0.0048072501085698605,0,0.000618937483523041,0,-16.64996337890625,12.6356201171875
157,15,0,1,Day,,74.7886734008789,15.211325645446777,312.6721496582031,252,199.41905212402344,200.39999389648438,0.7913454174995422,13.200006484985352,1.7698999643325806,=NA(),=NA(),3.763554334640503,1.4163999557495117,0.34380000829696655,0.08399999886751175,=NA(),20,1013.25,-37.194480895996094,50.36399459838867,412.93499755859375,394.8800048828125,18.05500030517578,29.964380264282227,2435.610107421875,2393.650146484375,2389.561279296875,39.41913604736328,3.788731575012207,3.71580171585083,45.80366134643555,3.992368221282959,0.0136738745495677,0,0.0004056875186506659,0,41.9599609375,4.0888671875
157,16,0,1,Day,,84.42591857910156,5.574082374572754,302.6632080078125,3.301300048828125,3.3011057376861572,0.0020000000949949026,0.9999411702156067,12.279993057250977,1.7401000261306763,=NA(),=NA(),9.416203498840332,1.4163999557495117,0.34380000829696655,0.08399999886751175,=NA(),20,1013.25,-9.64588451385498,76.34042358398438,3.5,3.259999990463257,0.24000000953674316,12.433740615844727,13.029999732971191,13.5600004196167,13.440068244934082,34.014102935791016,0.02469567023217678,0.024426579475402832,39.5198860168457,0.032871223986148834,0.00011106250167358667,0,0.000005500000042957254,0,-0.5300006866455078,0.11993217468261719
157,17,0,1,Night,Sun below height limit of 1 degrees.,89.71575927734375,0.28424006700515747,297.9165344238281,0,0,0,0,11.390008926391602,1.4300999641418457,=NA(),0,33.984230041503906,1.4163999557495117,0.34380000829696655,0.08399999886751175,=NA(),20,1013.25,0,0,0,0,0,11.390008926391602,0,0,0,0,0,0,0,0,0,0,0,0,0,0
157,18,0,1,Night,,106.96497344970703,-16.96497344970703,286.2107849121094,0,0,0,0,9.790002822875977,1.0200999975204468,=NA(),0,64.81599426269531,1.4163999557495117,0.34380000829696655,0.08399999886751175,=NA(),20,1013.25,0,0,0,0,0,9.790002822875977,0,0,0,0,0,0,0,0,0,0,0,0,0,0
157,19,0,1,Night,,118.92536163330078,-28.925363540649414,278.6905517578125,0,0,0,0,8.419885635375977,0.5899999737739563,=NA(),0,64.81599426269531,1.4163999557495117,0.34380000829696655,0.08399999886751175,=NA(),20,1013.25,0,0,0,0,0,8.420007705688477,0,0,0,0,0,0,0,0,0,0,0,0,0,0
157,20,0,1,Night,,131.14181518554688,-41.14181900024414,270.75982666015625,0,0,0,0,7.659997463226318,0.460099995136261,=NA(),0,64.81599426269531,1.4163999557495117,0.34380000829696655,0.08399999886751175,=NA(),20,1013.25,0,0,0,0,0,7.659997463226318,0,0,0,0,0,0,0,0,0,0,0,0,0,0
157,21,0,1,Night,,143.37388610839844,-53.3738899230957,261.18414306640625,0,0,0,0,6.520013332366943,0.7998999953269958,=NA(),0,64.81599426269531,1.4163999557495117,0.34380000829696655,0.08399999886751175,=NA(),20,1013.25,0,0,0,0,0,6.520013332366943,0,0,0,0,0,0,0,0,0,0,0,0,0,0
157,22,0,1,Night,,155.18116760253906,-65.18116760253906,246.83816528320312,0,0,0,0,4.899896144866943,1.25,=NA(),0,64.81599426269531,1.4163999557495117,0.34380000829696655,0.08399999886751175,=NA(),20,1013.25,0,0,0,0,0,4.899987697601318,0,0,0,0,0,0,0,0,0,0,0,0,0,0
157,23,0,1,Night,,165.02432250976562,-75.02432250976562,217.1396026611328,0,0,0,0,4.179986476898193,1.7401000261306763,=NA(),0,64.81599426269531,1.4163999557495117,0.34380000829696655,0.08399999886751175,=NA(),20,1013.25,0,0,0,0,0,4.179986476898193,0,0,0,0,0,0,0,0,0,0,0,0,0,0
158,0,0,1,Night,,166.84434509277344,-76.84435272216797,158.20655822753906,0,0,0,0,3.4200987815856934,2.109999895095825,=NA(),0,64.81599426269531,1.4163999557495117,0.34380000829696655,0.08399999886751175,=NA(),20,1013.25,0,0,0,0,0,3.4200072288513184,0,0,0,0,0,0,0,0,0,0,0,0,0,0
158,1,0,1,Night,,158.47821044921875,-68.47821044921875,119.5167236328125,0,0,0,0,2.5500121116638184,2.3399999141693115,=NA(),0,64.81599426269531,1.4163999557495117,0.34380000829696655,0.08399999886751175,=NA(),20,1013.25,0,0,0,0,0,2.5500121116638184,0,0,0,0,0,0,0,0,0,0,0,0,0,0
158,2,0,1,Night,,146.9900665283203,-56.99007034301758,102.32737731933594,0,0,0,0,2.3997130393981934,2.4798998832702637,=NA(),0,64.81599426269531,1.4163999557495117,0.34380000829696655,0.08399999886751175,=NA(),20,1013.25,0,0,0,0,0,2.3999876976013184,0,0,0,0,0,0,0,0,0,0,0,0,0,0
158,3,0,1,Night,,134.8227081298828,-44.82270431518555,91.81165313720703,0,0,0,0,1.790094017982483,2.5199999809265137,=NA(),0,64.81599426269531,1.4163999557495117,0.34380000829696655,0.08399999886751175,=NA(),20,1013.25,0,0,0,0,0,1.790002465248108,0,0,0,0,0,0,0,0,0,0,0,0,0,0
158,4,0,1,Night,,122.57752227783203,-32.5775260925293,83.55935668945312,0,0,0,0,1.300195336341858,2.4798998832702637,=NA(),0,64.81599426269531,1.4163999557495117,0.34380000829696655,0.08399999886751175,=NA(),20,1013.25,0,0,0,0,0,1.300012230873108,0,0,0,0,0,0,0,0,0,0,0,0,0,0
158,5,0,1,Night,,110.52378845214844,-20.523792266845703,75.9996109008789,0,0,0,0,1.219812035560608,2.2699999809265137,=NA(),0,64.81599426269531,1.4163999557495117,0.34380000829696655,0.08399999886751175,=NA(),20,1013.25,0,0,0,0,0,1.219995141029358,0,0,0,0,0,0,0,0,0,0,0,0,0,0
158,6,0,1,Night,,98.88420104980469,-8.884198188781738,68.33512878417969,0,0,0,0,1.199792504310608,2.75,=NA(),0,64.81599426269531,1.4163999557495117,0.34380000829696655,0.08399999886751175,=NA(),20,1013.25,0,0,0,0,0,1.200006127357483,0,0,0,0,0,0,0,0,0,0,0,0,0,0
158,7,0,1,Day,,86.2925796508789,3.7074215412139893,58.9412956237793,32.60300064086914,32.350826263427734,3.899899959564209,0.9922652840614319,1.589990258216858,3.3598999977111816,=NA(),=NA(),13.030584335327148,1.4163999557495117,0.34380000829696655,0.08399999886751175,=NA(),20,1013.25,6.240878582000732,80.95515441894531,36.959999084472656,34.89500045776367,2.059999942779541,3.1249938011169434,177.3300018310547,192.1300048828125,191.9879150390625,39.84611892700195,0.30113956332206726,0.29986506700515747,45.178768157958984,0.3237248659133911,0.0011044375132769346,0,0.000045937500544823706,0,-14.800003051757812,0.14208984375
158,8,0,1,Day,,77.59017181396484,12.409828186035156,50.4452018737793,128.69000244140625,121.70716094970703,32.49300003051758,0.9457390308380127,2.3398985862731934,3.130000114440918,=NA(),=NA(),4.563677787780762,1.4163999557495117,0.34380000829696655,0.08399999886751175,=NA(),20,1013.25,25.924558639526367,58.501243591308594,175.9250030517578,166.47999572753906,9.444999694824219,9.431879043579102,989.3400268554688,1041.3499755859375,1040.388427734375,41.301116943359375,1.5743855237960815,1.5433076620101929,47.03302764892578,1.6580759286880493,0.005672312341630459,0,0.00021075000404380262,0,-52.00994873046875,0.9615478515625
158,9,0,1,Day,,68.96056365966797,21.039438247680664,39.181236267089844,298.79998779296875,231.73683166503906,186.8000030517578,0.775558352470398,4.780206203460693,3.309999942779541,=NA(),=NA(),2.7685165405273438,1.4163999557495117,0.34380000829696655,0.08399999886751175,=NA(),20,1013.25,58.66502380371094,46.34211730957031,412.4949951171875,373.08502197265625,39.415000915527344,21.444360733032227,2416.610107421875,2442.050048828125,2439.08935546875,40.586395263671875,3.7560532093048096,3.643813371658325,46.912635803222656,3.953427791595459,0.013142437674105167,0,0.0008297499734908342,0,-25.43994140625,2.960693359375
158,10,0,1,Day,,62.359230041503906,27.64076805114746,25.842466354370117,414.30999755859375,277.0758972167969,295.80999755859375,0.6687647104263306,8.080194473266602,3.869999885559082,=NA(),=NA(),2.1486434936523438,1.4163999557495117,0.34380000829696655,0.08399999886751175,=NA(),20,1013.25,39.772422790527344,52.87139892578125,483.4849853515625,449.7200012207031,33.76499938964844,27.65313148498535,2844.85009765625,2817.56005859375,2815.24951171875,39.827903747558594,4.417906284332275,4.326426029205322,46.380958557128906,4.650726318359375,0.01567831262946129,0,0.0007118750363588333,0,27.2900390625,2.310546875
158,11,0,1,Day,,58.51643753051758,31.483562469482422,10.56402587890625,549.3900146484375,309.73291015625,458.8900146484375,0.5637760162353516,13.999994277954102,4.220099925994873,=NA(),=NA(),1.9103498458862305,1.4163999557495117,0.34380000829696655,0.08399999886751175,=NA(),20,1013.25,16.665958404541016,56.96479797363281,590.8250122070312,558.1950073242188,32.625,38.060630798339844,3477.35009765625,3327.89990234375,3328.619140625,38.491878509521484,5.404749870300293,5.378603458404541,45.38102722167969,5.698488235473633,0.019255749881267548,0,0.0007070624851621687,0,149.4501953125,-0.71923828125
158,12,0,1,Day,,57.9964714050293,32.0035285949707,354.3083801269531,517.0999755859375,296.578857421875,416.1000061035156,0.573542594909668,14.770013809204102,4.5,=NA(),=NA(),1.882706880569458,1.4163999557495117,0.34380000829696655,0.08399999886751175,=NA(),20,1013.25,-9.01707935333252,57.54731369018555,549.4100341796875,519.2999877929688,30.110000610351562,37.211875915527344,3220.43994140625,3090.409912109375,3086.779296875,38.617008209228516,4.995823860168457,4.971620559692383,45.351890563964844,5.26478385925293,0.01785406284034252,0,0.0006581249763257802,0,130.030029296875,3.630615234375
158,13,0,1,Day,,60.886634826660156,29.113365173339844,338.5981750488281,265.8999938964844,242.6395263671875,47.80799865722656,0.9125217199325562,15.260004043579102,4.789899826049805,=NA(),=NA(),2.0495622158050537,1.4163999557495117,0.34380000829696655,0.08399999886751175,=NA(),20,1013.25,-33.2347526550293,54.43092346191406,282.94500732421875,257.92999267578125,25.010000228881836,26.79375648498535,1615.2099609375,1603.8599853515625,1603.243896484375,39.390411376953125,2.5438194274902344,2.472659111022949,45.50871658325195,2.683521270751953,0.008922562003135681,0,0.0005206249770708382,0,11.3499755859375,0.6160888671875
158,14,0,1,Day,,66.73706817626953,23.2629337310791,324.63177490234375,324.1000061035156,246.57107543945312,196.3000030517578,0.7607870101928711,15.429986953735352,4.619900226593018,=NA(),=NA(),2.519780158996582,1.4163999557495117,0.34380000829696655,0.08399999886751175,=NA(),20,1013.25,-53.398414611816406,48.517189025878906,416.989990234375,379.614990234375,37.37999725341797,32.38500213623047,2445.800048828125,2384.18994140625,2383.8984375,39.02179718017578,3.8182945251464844,3.7059924602508545,45.491310119628906,4.026857852935791,0.013341874815523624,0,0.0007950625149533153,0,61.610107421875,0.29150390625
158,15,0,1,Day,,74.83538818359375,15.164615631103516,312.7723083496094,94.99700164794922,94.08158111572266,3.4993999004364014,0.9903637170791626,15.020013809204102,3.2500998973846436,=NA(),=NA(),3.774555206298828,1.4163999557495117,0.34380000829696655,0.08399999886751175,=NA(),20,1013.25,-37.0974235534668,50.50616455078125,103.33999633789062,91.83000183105469,11.510000228881836,19.3281192779541,553.5700073242188,564.3300170898438,554.8295288085938,39.72580337524414,0.8728733658790588,0.8216511011123657,44.711814880371094,0.9463420510292053,0.0031210000161081553,0,0.0002526874886825681,0,-10.760009765625,9.50048828125
158,16,0,1,Day,,84.45870971679688,5.541287899017334,302.7655029296875,21.604999542236328,21.575469970703125,0.3057999908924103,0.9986332058906555,13.100000381469727,3.390000104904175,=NA(),=NA(),9.46320629119873,1.4163999557495117,0.34380000829696655,0.08399999886751175,=NA(),20,1013.25,-9.598418235778809,76.42207336425781,22.950000762939453,21.399999618530273,1.5499999523162842,14.069360733032227,113.88999938964844,118.70999908447266,115.91818237304688,38.11321258544922,0.1900886446237564,0.18746306002140045,42.86065673828125,0.21506677567958832,0.0007279374985955656,0,0.000033562500902917236,0,-4.819999694824219,2.7918167114257812
158,17,0,1,Night,Sun below height limit of 1 degrees.,89.72394561767578,0.2760511338710785,298.03192138671875,0,0,0,0,10.350000381469727,3.73009991645813,=NA(),0,34.09008026123047,1.4163999557495117,0.34380000829696655,0.08399999886751175,=NA(),20,1013.25,0,0,0,0,0,10.350000381469727,0,0,0,0,0,0,0,0,0,0,0,0,0,0
158,18,0,1,Night,,106.9791488647461,-16.97914695739746,286.3211669921875,0,0,0,0,10.129999160766602,3.970099925994873,=NA(),0,64.81599426269531,1.4163999557495117,0.34380000829696655,0.08399999886751175,=NA(),20,1013.25,0,0,0,0,0,10.129999160766602,0,0,0,0,0,0,0,0,0,0,0,0,0,0
158,19,0,1,Night,,118.93389129638672,-28.93389320373535,278.8116149902344,0,0,0,0,10.820001602172852,4.220099925994873,=NA(),0,64.81599426269531,1.4163999557495117,0.34380000829696655,0.08399999886751175,=NA(),20,1013.25,0,0,0,0,0,10.820001602172852,0,0,0,0,0,0,0,0,0,0,0,0,0,0
158,20,0,1,Night,,131.14794921875,-41.147945404052734,270.90045166015625,0,0,0,0,9.970087051391602,4.699900150299072,=NA(),0,64.81599426269531,1.4163999557495117,0.34380000829696655,0.08399999886751175,=NA(),20,1013.25,0,0,0,0,0,9.969995498657227,0,0,0,0,0,0,0,0,0,0,0,0,0,0
158,21,0,1,Night,,143.3821563720703,-53.38215637207031,261.36102294921875,0,0,0,0,9.599786758422852,4.980000019073486,=NA(),0,64.81599426269531,1.4163999557495117,0.34380000829696655,0.08399999886751175,=NA(),20,1013.25,0,0,0,0,0,9.600000381469727,0,0,0,0,0,0,0,0,0,0,0,0,0,0
158,22,0,1,Night,,155.20123291015625,-65.20124053955078,247.08526611328125,0,0,0,0,9.500085830688477,4.840099811553955,=NA(),0,64.81599426269531,1.4163999557495117,0.34380000829696655,0.08399999886751175,=NA(),20,1013.25,0,0,0,0,0,9.499994277954102,0,0,0,0,0,0,0,0,0,0,0,0,0,0
158,23,0,1,Night,,165.0819091796875,-75.0819091796875,217.48165893554688,0,0,0,0,9.339899063110352,4.570000171661377,=NA(),0,64.81599426269531,1.4163999557495117,0.34380000829696655,0.08399999886751175,=NA(),20,1013.25,0,0,0,0,0,9.339990615844727,0,0,0,0,0,0,0,0,0,0,0,0,0,0
159,0,0,1,Night,,166.94900512695312,-76.94900512695312,158.24810791015625,0,0,0,0,9.349908828735352,4.510000228881836,=NA(),0,64.81599426269531,1.4163999557495117,0.34380000829696655,0.08399999886751175,=NA(),20,1013.25,0,0,0,0,0,9.350000381469727,0,0,0,0,0,0,0,0,0,0,0,0,0,0
159,1,0,1,Night,,158.5722198486328,-68.57222747802734,119.3902587890625,0,0,0,0,8.770196914672852,4.610099792480469,=NA(),0,64.81599426269531,1.4163999557495117,0.34380000829696655,0.08399999886751175,=NA(),20,1013.25,0,0,0,0,0,8.770013809204102,0,0,0,0,0,0,0,0,0,0,0,0,0,0
159,2,0,1,Night,,147.0748748779297,-57.07487487792969,102.21526336669922,0,0,0,0,8.899805068969727,5.000100135803223,=NA(),0,64.81599426269531,1.4163999557495117,0.34380000829696655,0.08399999886751175,=NA(),20,1013.25,0,0,0,0,0,8.899988174438477,0,0,0,0,0,0,0,0,0,0,0,0,0,0
159,3,0,1,Night,,134.9046173095703,-44.90461349487305,91.7210464477539,0,0,0,0,9.200311660766602,5.330100059509277,=NA(),0,64.81599426269531,1.4163999557495117,0.34380000829696655,0.08399999886751175,=NA(),20,1013.25,0,0,0,0,0,9.200006484985352,0,0,0,0,0,0,0,0,0,0,0,0,0,0
159,4,0,1,Night,,122.65973663330078,-32.65973663330078,83.48452758789062,0,0,0,0,9.099908828735352,5.53000020980835,=NA(),0,64.81599426269531,1.4163999557495117,0.34380000829696655,0.08399999886751175,=NA(),20,1013.25,0,0,0,0,0,9.100000381469727,0,0,0,0,0,0,0,0,0,0,0,0,0,0
159,5,0,1,Night,,110.60790252685547,-20.607906341552734,75.9364013671875,0,0,0,0,8.929803848266602,5.380000114440918,=NA(),0,64.81599426269531,1.4163999557495117,0.34380000829696655,0.08399999886751175,=NA(),20,1013.25,0,0,0,0,0,8.929986953735352,0,0,0,0,0,0,0,0,0,0,0,0,0,0
159,6,0,1,Night,,98.97098541259766,-8.970983505249023,68.28147888183594,0,0,0,0,8.699701309204102,5.599999904632568,=NA(),0,64.81599426269531,1.4163999557495117,0.34380000829696655,0.08399999886751175,=NA(),20,1013.25,0,0,0,0,0,8.700006484985352,0,0,0,0,0,0,0,0,0,0,0,0,0,0
159,7,0,1,Day,,86.33804321289062,3.6619598865509033,58.8532600402832,39.108001708984375,38.475303649902344,9.906100273132324,0.9838217496871948,8.740289688110352,6,=NA(),=NA(),13.150381088256836,1.4163999557495117,0.34380000829696655,0.08399999886751175,=NA(),20,1013.25,6.168995380401611,81.06682586669922,45.69999694824219,43.345001220703125,2.3550000190734863,10.656244277954102,215.13999938964844,226.72000122070312,226.4375762939453,39.01405715942383,0.36274978518486023,0.3611755967140198,44.39492416381836,0.389484167098999,0.0013265624875202775,0,0.000052249997679609805,0,-11.580001831054688,0.2824249267578125
159,8,0,1,Day,,77.68970489501953,12.310297966003418,50.41228103637695,95.8949966430664,94.1050033569336,8.395600318908691,0.9813337922096252,9.399713516235352,6.159999847412109,=NA(),=NA(),4.598484039306641,1.4163999557495117,0.34380000829696655,0.08399999886751175,=NA(),20,1013.25,25.673051834106445,58.77806091308594,112.84500122070312,104.59500122070312,8.25,13.998743057250977,617.0499877929688,640.6599731445312,639.9423828125,40.033607482910156,0.9990501999855042,0.9739751219749451,45.635459899902344,1.0573896169662476,0.0035598750691860914,0,0.00018218750483356416,0,-23.6099853515625,0.71759033203125
159,9,0,1,Day,,69.06305694580078,20.93694496154785,39.16401672363281,102.5,101.78510284423828,2.0006000995635986,0.9930254220962524,10.459985733032227,6.71999979019165,=NA(),=NA(),2.781264543533325,1.4163999557495117,0.34380000829696655,0.08399999886751175,=NA(),20,1013.25,58.7916259765625,46.3980827331543,98.68000030517578,76.23500061035156,22.454999923706055,14.601861953735352,507.1399841308594,525.6799926757812,517.8002319335938,40.17579650878906,0.8052547574043274,0.7368407845497131,45.22314453125,0.8723293542861938,0.002633562544360757,0,0.0004698749980889261,0,-18.540008544921875,7.8797607421875
159,10,0,1,Day,,62.46242904663086,27.53757095336914,25.847442626953125,468.9100036621094,289.3363342285156,388.4100036621094,0.61704021692276,13.059991836547852,6.980000019073486,=NA(),=NA(),2.155999183654785,1.4163999557495117,0.34380000829696655,0.08399999886751175,=NA(),20,1013.25,39.901145935058594,52.93952941894531,557.0999755859375,521.6650390625,35.43499755859375,35.67687225341797,3298.320068359375,3181.590087890625,3181.635498046875,38.794002532958984,5.125926971435547,5.034855365753174,45.59553527832031,5.4031081199646,0.01820087432861328,0,0.0007506249821744859,0,116.72998046875,-0.04541015625
159,11,0,1,Day,,58.61500930786133,31.384990692138672,10.597046852111816,435.0899963378906,292.7123107910156,273.3900146484375,0.6727626919746399,13.929986953735352,7.130000114440918,=NA(),=NA(),1.9156996011734009,1.4163999557495117,0.34380000829696655,0.08399999886751175,=NA(),20,1013.25,16.77570915222168,57.048095703125,465.95001220703125,438.67498779296875,27.274999618530273,32.85375213623047,2721.81005859375,2649.659912109375,2650.6611328125,39.02510070800781,4.245127201080322,4.219554901123047,45.62040710449219,4.474375247955322,0.015106000006198883,0,0.0005895625217817724,0,72.150146484375,-1.001220703125
159,12,0,1,Day,,58.08454513549805,31.915454864501953,354.3695068359375,248.3000030517578,235.02781677246094,25.104999542236328,0.94654780626297,13.399988174438477,7.050000190734863,=NA(),=NA(),1.887321949005127,1.4163999557495117,0.34380000829696655,0.08399999886751175,=NA(),20,1013.25,-8.952223777770996,57.6434211730957,263.57501220703125,246.77000427246094,16.80500030517578,24.138757705688477,1496.6099853515625,1499.449951171875,1497.1485595703125,39.72664260864258,2.3553946018218994,2.3395402431488037,45.735225677490234,2.484957456588745,0.008401500061154366,0,0.000369562505511567,0,-2.8399658203125,2.3013916015625
159,13,0,1,Day,,60.95934295654297,29.0406551361084,338.6799011230469,15.392999649047852,15.392999649047852,0,1,13.089990615844727,6.980000019073486,=NA(),=NA(),2.054208993911743,1.4163999557495117,0.34380000829696655,0.08399999886751175,=NA(),20,1013.25,-33.21744918823242,54.53234100341797,15.325000762939453,13.514999389648438,1.809999942779541,13.735010147094727,72.22000122070312,75.44000244140625,75.19426727294922,36.900428771972656,0.1273452639579773,0.12143264710903168,42.16351318359375,0.1419498473405838,0.00046449998626485467,0,0.00003731250035343692,0,-3.220001220703125,0.24573516845703125
159,14,0,1,Day,,66.79238891601562,23.20760726928711,324.7242126464844,9.806400299072266,9.803169250488281,0.008200000040233135,0.9996705055236816,9.169702529907227,6.370100021362305,=NA(),=NA(),2.5253853797912598,1.4163999557495117,0.34380000829696655,0.08399999886751175,=NA(),20,1013.25,-53.409019470214844,48.61832809448242,9.104999542236328,7.144999980926514,1.9600000381469727,9.561853408813477,38.650001525878906,40.98999786376953,40.55827713012695,36.64591598510742,0.06914202868938446,0.06271111220121384,41.769630432128906,0.08099611848592758,0.0002460000105202198,0,0.00004074999742442742,0,-2.339996337890625,0.4317207336425781
159,15,0,1,Day,,74.87469482421875,15.1253023147583,312.8687744140625,5.000899791717529,5.000899791717529,0,1,8.699701309204102,5.490099906921387,=NA(),=NA(),3.783865213394165,1.4163999557495117,0.34380000829696655,0.08399999886751175,=NA(),20,1013.25,-37.027793884277344,50.62561798095703,4.914999961853027,4.260000228881836,0.6549999713897705,8.920007705688477,19.139999389648438,20.309999465942383,19.7816104888916,35.47999572753906,0.034837063401937485,0.03232016786932945,40.72002029418945,0.04470887407660484,0.00014393750461749732,0,0.000014125000234344043,0,-1.1700000762939453,0.5283889770507812
159,16,0,1,Day,,84.4835433959961,5.516458988189697,302.8634948730469,21.19499969482422,21.16667938232422,0.2946000099182129,0.9986638426780701,8.580102920532227,4.060100078582764,=NA(),=NA(),9.499098777770996,1.4163999557495117,0.34380000829696655,0.08399999886751175,=NA(),20,1013.25,-9.564715385437012,76.48387908935547,22.509998321533203,20.994998931884766,1.5150001049041748,9.532495498657227,111.5999984741211,118.30999755859375,114.17520904541016,38.92317199707031,0.18333417177200317,0.18147139251232147,43.49920654296875,0.2102365344762802,0.0007143124821595848,0,0.00003306250073364936,0,-6.709999084472656,4.134788513183594
159,17,0,1,Night,Sun below height limit of 1 degrees.,89.7235336303711,0.27646884322166443,298.1451416015625,0,0,0,0,8.290185928344727,2.70989990234375,=NA(),0,34.08460235595703,1.4163999557495117,0.34380000829696655,0.08399999886751175,=NA(),20,1013.25,0,0,0,0,0,8.290002822875977,0,0,0,0,0,0,0,0,0,0,0,0,0,0
159,18,0,1,Night,,106.98937225341797,-16.989376068115234,286.4263000488281,0,0,0,0,7.929894924163818,2.0199999809265137,=NA(),0,64.81599426269531,1.4163999557495117,0.34380000829696655,0.08399999886751175,=NA(),20,1013.25,0,0,0,0,0,7.929986476898193,0,0,0,0,0,0,0,0,0,0,0,0,0,0
159,19,0,1,Night,,118.93882751464844,-28.938827514648438,278.9266052246094,0,0,0,0,7.299706935882568,1.6200000047683716,=NA(),0,64.81599426269531,1.4163999557495117,0.34380000829696655,0.08399999886751175,=NA(),20,1013.25,0,0,0,0,0,7.300012111663818,0,0,0,0,0,0,0,0,0,0,0,0,0,0
159,20,0,1,Night,,131.1503143310547,-41.15031814575195,271.0339050292969,0,0,0,0,6.759912014007568,1.3799999952316284,=NA(),0,64.81599426269531,1.4163999557495117,0.34380000829696655,0.08399999886751175,=NA(),20,1013.25,0,0,0,0,0,6.760003566741943,0,0,0,0,0,0,0,0,0,0,0,0,0,0
159,21,0,1,Night,,143.38633728027344,-53.38633346557617,261.5290222167969,0,0,0,0,6.819787502288818,1.2999999523162842,=NA(),0,64.81599426269531,1.4163999557495117,0.34380000829696655,0.08399999886751175,=NA(),20,1013.25,0,0,0,0,0,6.820001125335693,0,0,0,0,0,0,0,0,0,0,0,0,0,0
159,22,0,1,Night,,155.21646118164062,-65.21646118164062,247.32115173339844,0,0,0,0,6.339807033538818,1.4200999736785889,=NA(),0,64.81599426269531,1.4163999557495117,0.34380000829696655,0.08399999886751175,=NA(),20,1013.25,0,0,0,0,0,6.339990139007568,0,0,0,0,0,0,0,0,0,0,0,0,0,0
159,23,0,1,Night,,165.13294982910156,-75.13294982910156,217.8155517578125,0,0,0,0,5.950189113616943,1.7401000261306763,=NA(),0,64.81599426269531,1.4163999557495117,0.34380000829696655,0.08399999886751175,=NA(),20,1013.25,0,0,0,0,0,5.950006008148193,0,0,0,0,0,0,0,0,0,0,0,0,0,0
160,0,0,1,Night,,167.04783630371094,-77.04783630371094,158.3043975830078,0,0,0,0,5.599908351898193,1.649999976158142,=NA(),0,64.81599426269531,1.4163999557495117,0.34380000829696655,0.08399999886751175,=NA(),20,1013.25,0,0,0,0,0,5.599999904632568,0,0,0,0,0,0,0,0,0,0,0,0,0,0
160,1,0,1,Night,,158.66297912597656,-68.66297149658203,119.27870178222656,0,0,0,0,4.899896144866943,1.660099983215332,=NA(),0,64.81599426269531,1.4163999557495117,0.34380000829696655,0.08399999886751175,=NA(),20,1013.25,0,0,0,0,0,4.899987697601318,0,0,0,0,0,0,0,0,0,0,0,0,0,0
160,2,0,1,Night,,147.15757751464844,-57.157569885253906,102.11424255371094,0,0,0,0,5.460290431976318,1.8799999952316284,=NA(),0,64.81599426269531,1.4163999557495117,0.34380000829696655,0.08399999886751175,=NA(),20,1013.25,0,0,0,0,0,5.459985256195068,0,0,0,0,0,0,0,0,0,0,0,0,0,0
160,3,0,1,Night,,134.98495483398438,-44.98495864868164,91.63920593261719,0,0,0,0,5.800012111663818,1.8700000047683716,=NA(),0,64.81599426269531,1.4163999557495117,0.34380000829696655,0.08399999886751175,=NA(),20,1013.25,0,0,0,0,0,5.800012111663818,0,0,0,0,0,0,0,0,0,0,0,0,0,0
160,4,0,1,Night,,122.74071502685547,-32.7407112121582,83.41712188720703,0,0,0,0,6.000085353851318,1.9500000476837158,=NA(),0,64.81599426269531,1.4163999557495117,0.34380000829696655,0.08399999886751175,=NA(),20,1013.25,0,0,0,0,0,5.999993801116943,0,0,0,0,0,0,0,0,0,0,0,0,0,0
160,5,0,1,Night,,110.69125366210938,-20.691251754760742,75.87981414794922,0,0,0,0,5.700311183929443,2.0701000690460205,=NA(),0,64.81599426269531,1.4163999557495117,0.34380000829696655,0.08399999886751175,=NA(),20,1013.25,0,0,0,0,0,5.700006008148193,0,0,0,0,0,0,0,0,0,0,0,0,0,0
160,6,0,1,Night,,99.0580825805664,-9.058079719543457,68.23394775390625,0,0,0,0,5.399804592132568,1.9500000476837158,=NA(),0,64.81599426269531,1.4163999557495117,0.34380000829696655,0.08399999886751175,=NA(),20,1013.25,0,0,0,0,0,5.399987697601318,0,0,0,0,0,0,0,0,0,0,0,0,0,0
160,7,0,1,Day,,86.38591766357422,3.614079236984253,58.78352355957031,13.791000366210938,13.779150009155273,0.18799999356269836,0.999140739440918,5.099999904632568,1.500100016593933,=NA(),=NA(),13.278743743896484,1.4163999557495117,0.34380000829696655,0.08399999886751175,=NA(),20,1013.25,6.091702461242676,81.18441009521484,14.699999809265137,13.744999885559082,0.9550000429153442,5.714379787445068,69.86000061035156,75.19000244140625,74.89714050292969,38.1242561340332,0.12278464436531067,0.12203400582075119,43.31863021850586,0.13718800246715546,0.0004655625089071691,0,0.00002099999983329326,0,-5.3300018310546875,0.2928619384765625
160,8,0,1,Day,,77.78211212158203,12.217887878417969,50.38480758666992,43.50400161743164,43.37590026855469,0.6053000092506409,0.9970554113388062,5.500207424163818,0.8600999712944031,=NA(),=NA(),4.631281852722168,1.4163999557495117,0.34380000829696655,0.08399999886751175,=NA(),20,1013.25,25.43952751159668,59.03444290161133,44.599998474121094,40.41999816894531,4.175000190734863,7.334374904632568,229.8000030517578,245.04000854492188,244.61972045898438,39.64215087890625,0.38564884662628174,0.3739425241947174,44.980499267578125,0.4135284721851349,0.0013749374775215983,0,0.00009125000360654667,0,-15.240005493164062,0.4202880859375
160,9,0,1,Day,,69.15894317626953,20.84105682373047,39.15171432495117,106.30999755859375,105.49032592773438,2.3039000034332275,0.9922897815704346,5.599908351898193,0.7800999879837036,=NA(),=NA(),2.793304681777954,1.4163999557495117,0.34380000829696655,0.08399999886751175,=NA(),20,1013.25,58.91236114501953,46.44707489013672,102.97000122070312,79.7449951171875,23.229999542236328,9.901880264282227,530.9500122070312,559.219970703125,551.1951904296875,40.91311264038086,0.841733992099762,0.7735009789466858,45.95597839355469,0.9100608229637146,0.0027562500908970833,0,0.00048600000445730984,0,-28.26995849609375,8.0247802734375
160,10,0,1,Day,,62.55848693847656,27.44151496887207,25.85635757446289,161.10000610351562,158.74957275390625,5.100299835205078,0.9854100942611694,6.010095119476318,1.7598999738693237,=NA(),=NA(),2.162897825241089,1.4163999557495117,0.34380000829696655,0.08399999886751175,=NA(),20,1013.25,40.025691986083984,53.000057220458984,161.70498657226562,140.47500610351562,21.229999542236328,12.639368057250977,884.1199951171875,921.1599731445312,917.5792846679688,40.887142181396484,1.4024032354354858,1.3350272178649902,46.410709381103516,1.4880207777023315,0.0048434375785291195,0,0.0004373749834485352,0,-37.03997802734375,3.5806884765625
160,11,0,1,Day,,58.70653533935547,31.29346466064453,10.63242244720459,196.7899932861328,192.4329833984375,8.388199806213379,0.977859616279602,7.279809474945068,2.7000999450683594,=NA(),=NA(),1.920698642730713,1.4163999557495117,0.34380000829696655,0.08399999886751175,=NA(),20,1013.25,16.885120391845703,57.123958587646484,206.79000854492188,191.7050018310547,15.085000991821289,15.686243057250977,1163.489990234375,1199.27001953125,1195.3358154296875,40.73421859741211,1.8340506553649902,1.80427885055542,46.4502067565918,1.9393038749694824,0.00655381241813302,0,0.00032356250449083745,0,-35.780029296875,3.9342041015625
160,12,0,1,Day,,58.16560363769531,31.834396362304688,354.4309997558594,388.70001220703125,293.4396667480469,180.60000610351562,0.7549257874488831,8.889886856079102,3.619999885559082,=NA(),=NA(),1.8915935754776,1.4163999557495117,0.34380000829696655,0.08399999886751175,=NA(),20,1013.25,-8.883846282958984,57.7326545715332,412.83001708984375,389,23.829999923706055,25.597497940063477,2394.889892578125,2387.81005859375,2387.94384765625,39.93206787109375,3.7375099658966064,3.722661018371582,46.350223541259766,3.933920383453369,0.013328124769032001,0,0.0005220624734647572,0,7.079833984375,-0.1337890625
160,13,0,1,Day,,61.02526092529297,28.974740982055664,338.7601318359375,432.1099853515625,282.8541259765625,308.1099853515625,0.6545882821083069,8.970300674438477,4.469900131225586,=NA(),=NA(),2.058443069458008,1.4163999557495117,0.34380000829696655,0.08399999886751175,=NA(),20,1013.25,-33.19426345825195,54.627681732177734,486.30999755859375,454.80499267578125,31.505001068115234,28.636255264282227,2858.64013671875,2822.14990234375,2822.924560546875,39.651153564453125,4.449662685394287,4.374767303466797,46.26102066040039,4.684256076812744,0.01580168679356575,0,0.0006665000109933317,0,36.490234375,-0.774658203125
160,14,0,1,Day,,66.84239196777344,23.157604217529297,324.81378173828125,189.99000549316406,181.49830627441406,21.593000411987305,0.9553045034408569,9.200311660766602,4.840099811553955,=NA(),=NA(),2.530474901199341,1.4163999557495117,0.34380000829696655,0.08399999886751175,=NA(),20,1013.25,-53.41444396972656,48.714603424072266,199.4250030517578,166.875,32.55500030517578,17.426233291625977,1093.7900390625,1121,1112.8482666015625,40.61592102050781,1.712194561958313,1.609491229057312,46.108951568603516,1.8241809606552124,0.005796750076115131,0,0.0006833124789409339,0,-27.2099609375,8.1517333984375
160,15,0,1,Day,,74.90962982177734,15.090371131896973,312.96148681640625,25.59000015258789,25.539649963378906,0.19339999556541443,0.9980324506759644,8.300195693969727,4.190000057220459,=NA(),=NA(),3.7921760082244873,1.4163999557495117,0.34380000829696655,0.08399999886751175,=NA(),20,1013.25,-36.97288513183594,50.731605529785156,25.224998474121094,21.899999618530273,3.325000047683716,9.361871719360352,122.13999938964844,129.5500030517578,128.59915161132812,38.58150863647461,0.208290696144104,0.1952594816684723,43.66798400878906,0.22947712242603302,0.0007400625036098063,0,0.00007268750050570816,0,-7.410003662109375,0.9508514404296875
160,16,0,1,Day,,84.50521087646484,5.494786739349365,302.9571533203125,1.406499981880188,1.4055615663528442,0.009800000116229057,0.9993327856063843,7.600213527679443,3.2100000381469727,=NA(),=NA(),9.530623435974121,1.4163999557495117,0.34380000829696655,0.08399999886751175,=NA(),20,1013.25,-9.5361909866333,76.53781127929688,1.4900000095367432,1.3949999809265137,0.10000000149011612,7.670007228851318,3.759999990463257,3.7899999618530273,3.743969440460205,30.003206253051758,0.007798961363732815,0.0076694306917488575,38.00579833984375,0.013990168459713459,0.00004725000326288864,0,0.0000019999999949504854,0,-0.029999971389770508,0.046030521392822266
160,17,0,1,Night,Sun below height limit of 1 degrees.,89.73377990722656,0.2662205100059509,298.2417907714844,0,0,0,0,7.400109767913818,3.319999933242798,=NA(),0,34.217613220214844,1.4163999557495117,0.34380000829696655,0.08399999886751175,=NA(),20,1013.25,0,0,0,0,0,7.399987697601318,0,0,0,0,0,0,0,0,0,0,0,0,0,0
160,18,0,1,Night,,106.9948959350586,-16.994892120361328,286.5259094238281,0,0,0,0,7.590203762054443,3.039900064468384,=NA(),0,64.81599426269531,1.4163999557495117,0.34380000829696655,0.08399999886751175,=NA(),20,1013.25,0,0,0,0,0,7.589990139007568,0,0,0,0,0,0,0,0,0,0,0,0,0,0
160,19,0,1,Night,,118.93923950195312,-28.93923568725586,279.0354309082031,0,0,0,0,7.450006008148193,2.8698999881744385,=NA(),0,64.81599426269531,1.4163999557495117,0.34380000829696655,0.08399999886751175,=NA(),20,1013.25,0,0,0,0,0,7.450006008148193,0,0,0,0,0,0,0,0,0,0,0,0,0,0
160,20,0,1,Night,,131.1483917236328,-41.14838409423828,271.1600646972656,0,0,0,0,6.799798488616943,2.780100107192993,=NA(),0,64.81599426269531,1.4163999557495117,0.34380000829696655,0.08399999886751175,=NA(),20,1013.25,0,0,0,0,0,6.800012111663818,0,0,0,0,0,0,0,0,0,0,0,0,0,0
160,21,0,1,Night,,143.3861541748047,-53.38615036010742,261.6879577636719,0,0,0,0,6.599694728851318,2.70989990234375,=NA(),0,64.81599426269531,1.4163999557495117,0.34380000829696655,0.08399999886751175,=NA(),20,1013.25,0,0,0,0,0,6.599999904632568,0,0,0,0,0,0,0,0,0,0,0,0,0,0
160,22,0,1,Night,,155.22662353515625,-65.22663116455078,247.54544067382812,0,0,0,0,6.400292873382568,2.8399999141693115,=NA(),0,64.81599426269531,1.4163999557495117,0.34380000829696655,0.08399999886751175,=NA(),20,1013.25,0,0,0,0,0,6.399987697601318,0,0,0,0,0,0,0,0,0,0,0,0,0,0
160,23,0,1,Night,,165.1773681640625,-75.17736053466797,218.140380859375,0,0,0,0,6.000085353851318,3.240000009536743,=NA(),0,64.81599426269531,1.4163999557495117,0.34380000829696655,0.08399999886751175,=NA(),20,1013.25,0,0,0,0,0,5.999993801116943,0,0,0,0,0,0,0,0,0,0,0,0,0,0
161,0,0,1,Night,,167.14059448242188,-77.14058685302734,158.37542724609375,0,0,0,0,5.800012111663818,3.2600998878479004,=NA(),0,64.81599426269531,1.4163999557495117,0.34380000829696655,0.08399999886751175,=NA(),20,1013.25,0,0,0,0,0,5.800012111663818,0,0,0,0,0,0,0,0,0,0,0,0,0,0
161,1,0,1,Night,,158.7500457763672,-68.75004577636719,119.18222045898438,0,0,0,0,5.730187892913818,3.630000114440918,=NA(),0,64.81599426269531,1.4163999557495117,0.34380000829696655,0.08399999886751175,=NA(),20,1013.25,0,0,0,0,0,5.730004787445068,0,0,0,0,0,0,0,0,0,0,0,0,0,0
161,2,0,1,Night,,147.23756408691406,-57.23756408691406,102.02438354492188,0,0,0,0,5.500207424163818,4.210100173950195,=NA(),0,64.81599426269531,1.4163999557495117,0.34380000829696655,0.08399999886751175,=NA(),20,1013.25,0,0,0,0,0,5.499993801116943,0,0,0,0,0,0,0,0,0,0,0,0,0,0
161,3,0,1,Night,,135.06285095214844,-45.0628547668457,91.5661849975586,0,0,0,0,5.199700832366943,4.210100173950195,=NA(),0,64.81599426269531,1.4163999557495117,0.34380000829696655,0.08399999886751175,=NA(),20,1013.25,0,0,0,0,0,5.200006008148193,0,0,0,0,0,0,0,0,0,0,0,0,0,0
161,4,0,1,Night,,122.81902313232422,-32.819026947021484,83.3571548461914,0,0,0,0,6.099786281585693,4.130099773406982,=NA(),0,64.81599426269531,1.4163999557495117,0.34380000829696655,0.08399999886751175,=NA(),20,1013.25,0,0,0,0,0,6.099999904632568,0,0,0,0,0,0,0,0,0,0,0,0,0,0
161,5,0,1,Night,,110.77146911621094,-20.77147102355957,75.82984924316406,0,0,0,0,5.700311183929443,4.309899806976318,=NA(),0,64.81599426269531,1.4163999557495117,0.34380000829696655,0.08399999886751175,=NA(),20,1013.25,0,0,0,0,0,5.700006008148193,0,0,0,0,0,0,0,0,0,0,0,0,0,0
161,6,0,1,Night,,99.14117431640625,-9.141173362731934,68.1925277709961,0,0,0,0,5.300103664398193,3.9600000381469727,=NA(),0,64.81599426269531,1.4163999557495117,0.34380000829696655,0.08399999886751175,=NA(),20,1013.25,0,0,0,0,0,5.300012111663818,0,0,0,0,0,0,0,0,0,0,0,0,0,0
161,7,0,1,Day,,86.42768096923828,3.5723185539245605,58.71456527709961,83.60800170898438,79.25856018066406,69.80500030517578,0.947978138923645,5.379907131195068,4.140100002288818,=NA(),=NA(),13.392560958862305,1.4163999557495117,0.34380000829696655,0.08399999886751175,=NA(),20,1013.25,6.024776458740234,81.28691864013672,118.03500366210938,114.92500305175781,3.1100001335144043,10.476251602172852,469.4100036621094,493.6499938964844,493.0894470214844,40.17041015625,0.7671838998794556,0.7646883726119995,45.68191909790039,0.8151921033859253,0.002817687578499317,0,0.00006974999996600673,0,-24.239990234375,0.560546875
161,8,0,1,Day,,77.8716049194336,12.128393173217773,50.36272430419922,137,127.44052124023438,45.499000549316406,0.9302228093147278,6.499993801116943,4.069900035858154,=NA(),=NA(),4.663495063781738,1.4163999557495117,0.34380000829696655,0.08399999886751175,=NA(),20,1013.25,25.21262550354004,59.282169342041016,193.25999450683594,183.76499938964844,9.494999885559082,14.293756484985352,1092.1800537109375,1131.1400146484375,1131.4150390625,40.675289154052734,1.738481879234314,1.710587501525879,46.53461837768555,1.8298460245132446,0.006260312628000975,0,0.00021006249880883843,0,-38.9599609375,-0.2750244140625
161,9,0,1,Day,,69.2508773803711,20.74912452697754,39.14425277709961,272.510009765625,222.23460388183594,141.91000366210938,0.8155098557472229,7.509789943695068,4.260000228881836,=NA(),=NA(),2.804953098297119,1.4163999557495117,0.34380000829696655,0.08399999886751175,=NA(),20,1013.25,59.030670166015625,46.49021530151367,362.614990234375,323.0849914550781,39.525001525878906,22.209375381469727,2100.090087890625,2117.14990234375,2115.18115234375,40.34852600097656,3.2764153480529785,3.161478042602539,46.571189880371094,3.4530091285705566,0.011355625465512276,0,0.0008296875166706741,0,-17.059814453125,1.96875
161,10,0,1,Day,,62.64989471435547,27.35010528564453,25.869123458862305,473.9100036621094,292.3860168457031,395.1099853515625,0.6169652938842773,9.129785537719727,4.179999828338623,=NA(),=NA(),2.169508934020996,1.4163999557495117,0.34380000829696655,0.08399999886751175,=NA(),20,1013.25,40.148902893066406,53.05476760864258,564.199951171875,528.2850341796875,35.91999816894531,31.951257705688477,3339.530029296875,3261.550048828125,3263.08642578125,39.29413604736328,5.190238952636719,5.099209308624268,46.103546142578125,5.465468406677246,0.01842312514781952,0,0.0007609999738633633,0,77.97998046875,-1.536376953125
161,11,0,1,Day,,58.79261779785156,31.207382202148438,10.670059204101562,523.2899780273438,299.14898681640625,432.5899963378906,0.5716696381568909,10.920007705688477,4.019999980926514,=NA(),=NA(),1.9254285097122192,1.4163999557495117,0.34380000829696655,0.08399999886751175,=NA(),20,1013.25,16.994998931884766,57.19392395019531,562.9549560546875,531.72998046875,31.219999313354492,33.79186248779297,3308.449951171875,3211.590087890625,3211.50244140625,39.05599594116211,5.13926362991333,5.112078666687012,45.84712219238281,5.414544105529785,0.0183334369212389,0,0.0006756875081919134,0,96.85986328125,0.087646484375
161,12,0,1,Day,,58.24065399169922,31.75934410095215,354.49273681640625,520.6900024414062,297.31121826171875,424.3900146484375,0.5709946751594543,11.879999160766602,4.060100078582764,=NA(),=NA(),1.895569086074829,1.4163999557495117,0.34380000829696655,0.08399999886751175,=NA(),20,1013.25,-8.812530517578125,57.81596374511719,553.0999755859375,522.8199462890625,30.28499984741211,34.355613708496094,3240.699951171875,3139.820068359375,3141.167724609375,38.94801712036133,5.040642738342285,5.02524995803833,45.73677444458008,5.311586380004883,0.017964811995625496,0,0.0006619999767281115,0,100.8798828125,-1.34765625
161,13,0,1,Day,,61.085330963134766,28.914669036865234,338.8387451171875,412.5899963378906,281.5645751953125,270.989990234375,0.6824318766593933,11.830011367797852,4.269999980926514,=NA(),=NA(),2.062319040298462,1.4163999557495117,0.34380000829696655,0.08399999886751175,=NA(),20,1013.25,-33.16641616821289,54.71757125854492,462.30999755859375,431.56500244140625,30.744998931884766,30.5624942779541,2710.869873046875,2659.159912109375,2660.11669921875,39.34065246582031,4.226127624511719,4.151360034942627,45.91462326049805,4.452937126159668,0.014984437264502048,0,0.0006491250242106616,0,51.7099609375,-0.956787109375
161,14,0,1,Day,,66.88677215576172,23.11322593688965,324.900390625,392.79998779296875,265.9672546386719,323.1000061035156,0.6771060824394226,13.119989395141602,3.9198999404907227,=NA(),=NA(),2.53501033782959,1.4163999557495117,0.34380000829696655,0.08399999886751175,=NA(),20,1013.25,-53.414337158203125,48.8057746887207,527.2249755859375,487.04498291015625,40.18000030517578,34.545005798339844,3129.35009765625,3029.760009765625,3027.206787109375,38.953128814697266,4.8572611808776855,4.735482692718506,45.64816665649414,5.119248390197754,0.017138250172138214,0,0.000858562474604696,0,99.590087890625,2.55322265625
161,15,0,1,Day,,74.94001770019531,15.059985160827637,313.0503234863281,183.38999938964844,163.46258544921875,76.69400024414062,0.891338586807251,12.899988174438477,2.75,=NA(),=NA(),3.7994368076324463,1.4163999557495117,0.34380000829696655,0.08399999886751175,=NA(),20,1013.25,-36.93320083618164,50.82368850708008,266.5950012207031,250.4949951171875,16.100000381469727,23.73125648498535,1535.530029296875,1540.510009765625,1538.690673828125,39.80322265625,2.4160730838775635,2.3529629707336426,45.832489013671875,2.5486249923706055,0.008634562604129314,0,0.0003563750069588423,0,-4.97998046875,1.8193359375
161,16,0,1,Day,,84.52528381347656,5.474717617034912,303.04632568359375,35.00600051879883,34.86223220825195,1.5068999528884888,0.9958930611610413,12.890008926391602,2.9700000286102295,=NA(),=NA(),9.56000804901123,1.4163999557495117,0.34380000829696655,0.08399999886751175,=NA(),20,1013.25,-9.51001262664795,76.58775329589844,39.415000915527344,37.025001525878906,2.3899998664855957,14.530633926391602,198.2100067138672,206.0500030517578,205.09310913085938,38.44784164428711,0.3333965837955475,0.32920438051223755,43.700843811035156,0.3610413074493408,0.0012240625219419599,0,0.00005231250179349445,0,-7.839996337890625,0.9568939208984375
161,17,0,1,Night,Sun below height limit of 1 degrees.,89.74607849121094,0.2539225220680237,298.33612060546875,0,0,0,0,11.149988174438477,3.029900074005127,=NA(),0,34.37806701660156,1.4163999557495117,0.34380000829696655,0.08399999886751175,=NA(),20,1013.25,0,0,0,0,0,11.149988174438477,0,0,0,0,0,0,0,0,0,0,0,0,0,0
161,18,0,1,Night,,106.99568176269531,-16.99567985534668,286.6200866699219,0,0,0,0,9.579889297485352,2.8698999881744385,=NA(),0,64.81599426269531,1.4163999557495117,0.34380000829696655,0.08399999886751175,=NA(),20,1013.25,0,0,0,0,0,9.580011367797852,0,0,0,0,0,0,0,0,0,0,0,0,0,0
161,19,0,1,Night,,118.93547821044922,-28.935476303100586,279.13800048828125,0,0,0,0,8.520196914672852,2.7701001167297363,=NA(),0,64.81599426269531,1.4163999557495117,0.34380000829696655,0.08399999886751175,=NA(),20,1013.25,0,0,0,0,0,8.520013809204102,0,0,0,0,0,0,0,0,0,0,0,0,0,0
161,20,0,1,Night,,131.1424560546875,-41.14244842529297,271.27880859375,0,0,0,0,7.400109767913818,2.719899892807007,=NA(),0,64.81599426269531,1.4163999557495117,0.34380000829696655,0.08399999886751175,=NA(),20,1013.25,0,0,0,0,0,7.399987697601318,0,0,0,0,0,0,0,0,0,0,0,0,0,0
161,21,0,1,Night,,143.38185119628906,-53.3818473815918,261.837646484375,0,0,0,0,5.570001125335693,2.6600000858306885,=NA(),0,64.81599426269531,1.4163999557495117,0.34380000829696655,0.08399999886751175,=NA(),20,1013.25,0,0,0,0,0,5.570001125335693,0,0,0,0,0,0,0,0,0,0,0,0,0,0
161,22,0,1,Night,,155.23202514648438,-65.23202514648438,247.75787353515625,0,0,0,0,3.7697997093200684,2.610100030899048,=NA(),0,64.81599426269531,1.4163999557495117,0.34380000829696655,0.08399999886751175,=NA(),20,1013.25,0,0,0,0,0,3.7700133323669434,0,0,0,0,0,0,0,0,0,0,0,0,0,0
161,23,0,1,Night,,165.21527099609375,-75.21526336669922,218.45533752441406,0,0,0,0,3.4002013206481934,2.7701001167297363,=NA(),0,64.81599426269531,1.4163999557495117,0.34380000829696655,0.08399999886751175,=NA(),20,1013.25,0,0,0,0,0,3.3999876976013184,0,0,0,0,0,0,0,0,0,0,0,0,0,0
162,0,0,1,Night,,167.227294921875,-77.227294921875,158.46102905273438,0,0,0,0,3.7199950218200684,3.2899999618530273,=NA(),0,64.81599426269531,1.4163999557495117,0.34380000829696655,0.08399999886751175,=NA(),20,1013.25,0,0,0,0,0,3.7199950218200684,0,0,0,0,0,0,0,0,0,0,0,0,0,0
162,1,0,1,Night,,158.8335418701172,-68.83353424072266,119.10093688964844,0,0,0,0,4.320214748382568,3.6698999404907227,=NA(),0,64.81599426269531,1.4163999557495117,0.34380000829696655,0.08399999886751175,=NA(),20,1013.25,0,0,0,0,0,4.320001125335693,0,0,0,0,0,0,0,0,0,0,0,0,0,0
162,2,0,1,Night,,147.31500244140625,-57.315006256103516,101.94574737548828,0,0,0,0,3.5099120140075684,3.7699999809265137,=NA(),0,64.81599426269531,1.4163999557495117,0.34380000829696655,0.08399999886751175,=NA(),20,1013.25,0,0,0,0,0,3.5100035667419434,0,0,0,0,0,0,0,0,0,0,0,0,0,0
162,3,0,1,Night,,135.13845825195312,-45.138458251953125,91.5019760131836,0,0,0,0,2.8796935081481934,3.869999885559082,=NA(),0,64.81599426269531,1.4163999557495117,0.34380000829696655,0.08399999886751175,=NA(),20,1013.25,0,0,0,0,0,2.8799986839294434,0,0,0,0,0,0,0,0,0,0,0,0,0,0
162,4,0,1,Night,,122.8952407836914,-32.89524459838867,83.30462646484375,0,0,0,0,2.8199095726013184,3.7899999618530273,=NA(),0,64.81599426269531,1.4163999557495117,0.34380000829696655,0.08399999886751175,=NA(),20,1013.25,0,0,0,0,0,2.8200011253356934,0,0,0,0,0,0,0,0,0,0,0,0,0,0
162,5,0,1,Night,,110.8495101928711,-20.84951400756836,75.78648376464844,0,0,0,0,2.5000853538513184,3.4700000286102295,=NA(),0,64.81599426269531,1.4163999557495117,0.34380000829696655,0.08399999886751175,=NA(),20,1013.25,0,0,0,0,0,2.4999938011169434,0,0,0,0,0,0,0,0,0,0,0,0,0,0
162,6,0,1,Night,,99.22188568115234,-9.221887588500977,68.15719604492188,0,0,0,0,2.7600035667419434,3.26990008354187,=NA(),0,64.81599426269531,1.4163999557495117,0.34380000829696655,0.08399999886751175,=NA(),20,1013.25,0,0,0,0,0,2.7600035667419434,0,0,0,0,0,0,0,0,0,0,0,0,0,0
162,7,0,1,Day,,86.4698715209961,3.530130624771118,58.65631866455078,38.209999084472656,37.624664306640625,9.50629997253418,0.9846811294555664,3.6801085472106934,3.199899911880493,=NA(),=NA(),13.509408950805664,1.4163999557495117,0.34380000829696655,0.08399999886751175,=NA(),20,1013.25,5.9563469886779785,81.39048767089844,44.36000061035156,42.05999755859375,2.299999952316284,5.543115139007568,208.32000732421875,223.6199951171875,222.13002014160156,39.99305725097656,0.34713977575302124,0.34482643008232117,45.08278274536133,0.3766580820083618,0.0012868749909102917,0,0.00005087499812361784,0,-15.29998779296875,1.4899749755859375
162,8,0,1,Day,,77.9561996459961,12.043798446655273,50.34598159790039,204.10000610351562,169.54600524902344,165.60000610351562,0.8307006359100342,5.369897365570068,3.1600000858306885,=NA(),=NA(),4.694359302520752,1.4163999557495117,0.34380000829696655,0.08399999886751175,=NA(),20,1013.25,24.99751091003418,59.51580810546875,332.06500244140625,320.96502685546875,11.095000267028809,18.712488174438477,1922.550048828125,1960.469970703125,1961.5093994140625,40.66923141479492,3.014430046081543,2.9813857078552246,46.88517761230469,3.1685118675231934,0.010933875106275082,0,0.0002479375107213855,0,-37.919921875,-1.0394287109375
162,9,0,1,Day,,69.33753967285156,20.662460327148438,39.141563415527344,348.9100036621094,248.51727294921875,284.510009765625,0.7122675776481628,8.399896621704102,3.049999952316284,=NA(),=NA(),2.816028356552124,1.4163999557495117,0.34380000829696655,0.08399999886751175,=NA(),20,1013.25,59.14469909667969,46.52705001831055,507.2550048828125,465.114990234375,42.13500213623047,28.91375160217285,3002.409912109375,2961.429931640625,2961.71142578125,39.6601676940918,4.667441368103027,4.546937465667725,46.310585021972656,4.913882255554199,0.016394000500440598,0,0.0008858125074766576,0,40.97998046875,-0.281494140625
162,10,0,1,Day,,62.73521423339844,27.264785766601562,25.88566017150879,468.9100036621094,290.2451171875,390.010009765625,0.6189783215522766,10.459985733032227,3.100100040435791,=NA(),=NA(),2.175720691680908,1.4163999557495117,0.34380000829696655,0.08399999886751175,=NA(),20,1013.25,40.26889419555664,53.10271453857422,558.449951171875,522.760009765625,35.69499969482422,33.07250213623047,3303.68994140625,3214.550048828125,3216.163330078125,39.133541107177734,5.136597156524658,5.046483993530273,45.93815612792969,5.410361289978027,0.018225686624646187,0,0.0007561250240541995,0,89.139892578125,-1.61328125
162,11,0,1,Day,,58.87189865112305,31.128101348876953,10.709861755371094,495.69000244140625,293.0495300292969,391.989990234375,0.5911951661109924,11.540002822875977,3.199899911880493,=NA(),=NA(),1.9298094511032104,1.4163999557495117,0.34380000829696655,0.08399999886751175,=NA(),20,1013.25,17.104290008544922,57.25673294067383,533.0400390625,503.22998046875,29.815000534057617,33.191246032714844,3127.7099609375,3042.010009765625,3042.04296875,39.09917068481445,4.862708568572998,4.836482524871826,45.8244743347168,5.124345302581787,0.017343562096357346,0,0.0006447500200010836,0,85.699951171875,-0.032958984375
162,12,0,1,Day,,58.30873107910156,31.691268920898438,354.5546569824219,507.20001220703125,294.9093017578125,404.1000061035156,0.5814457535743713,12.480005264282227,3.1600000858306885,=NA(),=NA(),1.899192452430725,1.4163999557495117,0.34380000829696655,0.08399999886751175,=NA(),20,1013.25,-8.738073348999023,57.89238357543945,538.7249755859375,509.1600036621094,29.56999969482422,34.428733825683594,3154.14990234375,3055.14990234375,3053.3173828125,38.96105194091797,4.898029327392578,4.881144046783447,45.67802810668945,5.161251544952393,0.01749156229197979,0,0.000646437518298626,0,99,1.83251953125
162,13,0,1,Day,,61.13860321044922,28.86139678955078,338.9156799316406,490.8999938964844,294.2993469238281,407.29998779296875,0.5995097756385803,12.700006484985352,2.990000009536743,=NA(),=NA(),2.065770149230957,1.4163999557495117,0.34380000829696655,0.08399999886751175,=NA(),20,1013.25,-33.13286590576172,54.80125427246094,559.2049560546875,525.8150024414062,33.38999938964844,35.394981384277344,3304.030029296875,3190.1298828125,3191.449462890625,38.819881439208984,5.1382737159729,5.064262866973877,45.635398864746094,5.417098522186279,0.018274249508976936,0,0.0007096250192262232,0,113.900146484375,-1.319580078125
162,14,0,1,Day,,66.92453002929688,23.075471878051758,324.9839782714844,332.69000244140625,247.71669006347656,216.8000030517578,0.7445871233940125,13.580011367797852,2.5599000453948975,=NA(),=NA(),2.5388832092285156,1.4163999557495117,0.34380000829696655,0.08399999886751175,=NA(),20,1013.25,-53.40742111206055,48.89130401611328,431.42498779296875,393.83001708984375,37.59000015258789,31.091882705688477,2533.3701171875,2480.429931640625,2480.08544921875,39.23126220703125,3.9511547088623047,3.837193489074707,45.724700927734375,4.165482997894287,0.013831375166773796,0,0.0008001250098459423,0,52.940185546875,0.344482421875
162,15,0,1,Day,,74.96399688720703,15.036001205444336,313.1352233886719,184,163.76528930664062,77.99800109863281,0.8900287747383118,13.700006484985352,1.6399999856948853,=NA(),=NA(),3.8051867485046387,1.4163999557495117,0.34380000829696655,0.08399999886751175,=NA(),20,1013.25,-36.91636657714844,50.896278381347656,267.9849853515625,251.885009765625,16.100000381469727,24.6043643951416,1544.06005859375,1544.5799560546875,1541.8291015625,39.713783264160156,2.426455020904541,2.361867666244507,45.72567367553711,2.5611231327056885,0.008683250285685062,0,0.00035618749097920954,0,-0.5198974609375,2.7508544921875
162,16,0,1,Day,,84.53742218017578,5.4625749588012695,303.1309814453125,25.70800018310547,25.659440994262695,0.5101000070571899,0.9981111288070679,12.689996719360352,1.9500000476837158,=NA(),=NA(),9.577858924865723,1.4163999557495117,0.34380000829696655,0.08399999886751175,=NA(),20,1013.25,-9.497589111328125,76.6179428100586,27.545000076293945,25.720001220703125,1.8250000476837158,13.839380264282227,137.97999572753906,143.89999389648438,142.7957305908203,38.1170768737793,0.23414166271686554,0.23090510070323944,43.20951843261719,0.25742143392562866,0.0008701874758116901,0,0.000039999998989515007,0,-5.9199981689453125,1.1042633056640625
162,17,0,1,Night,Sun below height limit of 1 degrees.,89.74829864501953,0.25169801712036133,298.42327880859375,0,0,0,0,10.300012588500977,2.300100088119507,=NA(),0,34.4072380065918,1.4163999557495117,0.34380000829696655,0.08399999886751175,=NA(),20,1013.25,0,0,0,0,0,10.300012588500977,0,0,0,0,0,0,0,0,0,0,0,0,0,0
162,18,0,1,Night,,106.99272918701172,-16.992727279663086,286.70867919921875,0,0,0,0,8.990198135375977,2.5499000549316406,=NA(),0,64.81599426269531,1.4163999557495117,0.34380000829696655,0.08399999886751175,=NA(),20,1013.25,0,0,0,0,0,8.990015029907227,0,0,0,0,0,0,0,0,0,0,0,0,0,0
162,19,0,1,Night,,118.92780303955078,-28.92780303955078,279.23419189453125,0,0,0,0,9.040094375610352,2.7300000190734863,=NA(),0,64.81599426269531,1.4163999557495117,0.34380000829696655,0.08399999886751175,=NA(),20,1013.25,0,0,0,0,0,9.040002822875977,0,0,0,0,0,0,0,0,0,0,0,0,0,0
162,20,0,1,Night,,131.13250732421875,-41.132511138916016,271.3899841308594,0,0,0,0,9.300012588500977,2.95989990234375,=NA(),0,64.81599426269531,1.4163999557495117,0.34380000829696655,0.08399999886751175,=NA(),20,1013.25,0,0,0,0,0,9.300012588500977,0,0,0,0,0,0,0,0,0,0,0,0,0,0
162,21,0,1,Night,,143.37327575683594,-53.3732795715332,261.9779357910156,0,0,0,0,9.220209121704102,3.369999885559082,=NA(),0,64.81599426269531,1.4163999557495117,0.34380000829696655,0.08399999886751175,=NA(),20,1013.25,0,0,0,0,0,9.219995498657227,0,0,0,0,0,0,0,0,0,0,0,0,0,0
162,22,0,1,Night,,155.2324676513672,-65.23246765136719,247.9581298828125,0,0,0,0,8.199792861938477,3.450000047683716,=NA(),0,64.81599426269531,1.4163999557495117,0.34380000829696655,0.08399999886751175,=NA(),20,1013.25,0,0,0,0,0,8.200006484985352,0,0,0,0,0,0,0,0,0,0,0,0,0,0
162,23,0,1,Night,,165.24659729003906,-75.2466049194336,218.75958251953125,0,0,0,0,8.100091934204102,3.410099983215332,=NA(),0,64.81599426269531,1.4163999557495117,0.34380000829696655,0.08399999886751175,=NA(),20,1013.25,0,0,0,0,0,8.100000381469727,0,0,0,0,0,0,0,0,0,0,0,0,0,0
163,0,0,1,Night,,167.30772399902344,-77.30773162841797,158.56106567382812,0,0,0,0,7.459893703460693,3.4298999309539795,=NA(),0,64.81599426269531,1.4163999557495117,0.34380000829696655,0.08399999886751175,=NA(),20,1013.25,0,0,0,0,0,7.459985256195068,0,0,0,0,0,0,0,0,0,0,0,0,0,0
163,1,0,1,Night,,158.9132537841797,-68.91326141357422,119.03496551513672,0,0,0,0,6.529901027679443,3.410099983215332,=NA(),0,64.81599426269531,1.4163999557495117,0.34380000829696655,0.08399999886751175,=NA(),20,1013.25,0,0,0,0,0,6.529992580413818,0,0,0,0,0,0,0,0,0,0,0,0,0,0
163,2,0,1,Night,,147.38955688476562,-57.38955307006836,101.87836456298828,0,0,0,0,6.200189113616943,3.4800000190734863,=NA(),0,64.81599426269531,1.4163999557495117,0.34380000829696655,0.08399999886751175,=NA(),20,1013.25,0,0,0,0,0,6.200006008148193,0,0,0,0,0,0,0,0,0,0,0,0,0,0
163,3,0,1,Night,,135.21128845214844,-45.21128463745117,91.44661712646484,0,0,0,0,6.299890041351318,3.2300000190734863,=NA(),0,64.81599426269531,1.4163999557495117,0.34380000829696655,0.08399999886751175,=NA(),20,1013.25,0,0,0,0,0,6.300012111663818,0,0,0,0,0,0,0,0,0,0,0,0,0,0
163,4,0,1,Night,,122.96825408935547,-32.96825408935547,83.25955200195312,0,0,0,0,6.599694728851318,2.8698999881744385,=NA(),0,64.81599426269531,1.4163999557495117,0.34380000829696655,0.08399999886751175,=NA(),20,1013.25,0,0,0,0,0,6.599999904632568,0,0,0,0,0,0,0,0,0,0,0,0,0,0
163,5,0,1,Night,,110.92362213134766,-20.923622131347656,75.74971771240234,0,0,0,0,6.499993801116943,2.7300000190734863,=NA(),0,64.81599426269531,1.4163999557495117,0.34380000829696655,0.08399999886751175,=NA(),20,1013.25,0,0,0,0,0,6.499993801116943,0,0,0,0,0,0,0,0,0,0,0,0,0,0
163,6,0,1,Night,,99.29753875732422,-9.297540664672852,68.1279296875,0,0,0,0,6.359796047210693,2.9100000858306885,=NA(),0,64.81599426269531,1.4163999557495117,0.34380000829696655,0.08399999886751175,=NA(),20,1013.25,0,0,0,0,0,6.360009670257568,0,0,0,0,0,0,0,0,0,0,0,0,0,0
163,7,0,1,Day,,86.51187133789062,3.4881269931793213,58.6037483215332,21,20.96360969543457,0.5981000065803528,0.9982671141624451,6.379693508148193,3.4000000953674316,=NA(),=NA(),13.62756633758545,1.4163999557495117,0.34380000829696655,0.08399999886751175,=NA(),20,1013.25,5.887851238250732,81.49356079101562,22.69499969482422,21.274999618530273,1.4200000762939453,7.330621242523193,110.30999755859375,117.93000030517578,116.61337280273438,38.863956451416016,0.1875356286764145,0.18601064383983612,43.80796432495117,0.20862185955047607,0.0007084375247359276,0,0.00003149999974993989,0,-7.620002746582031,1.3166275024414062
163,8,0,1,Day,,78.03706359863281,11.96293830871582,50.33453369140625,49.500999450683594,49.33480453491211,0.801800012588501,0.9966425895690918,6.700097560882568,2.9400999546051025,=NA(),=NA(),4.724247455596924,1.4163999557495117,0.34380000829696655,0.08399999886751175,=NA(),20,1013.25,24.79097557067871,59.73869705200195,51.415000915527344,46.779998779296875,4.635000228881836,8.812494277954102,267.94000244140625,284.07000732421875,283.6643371582031,39.63258743286133,0.44731712341308594,0.4347332715988159,45.01475524902344,0.4781363010406494,0.001594062545336783,0,0.00010074999590869993,0,-16.1300048828125,0.405670166015625
163,9,0,1,Day,,69.41874694824219,20.58125114440918,39.143577575683594,87.49500274658203,86.97044372558594,1.4922000169754028,0.9940047264099121,7.570306301116943,3.2500998973846436,=NA(),=NA(),2.8264918327331543,1.4163999557495117,0.34380000829696655,0.08399999886751175,=NA(),20,1013.25,59.254150390625,46.55757141113281,82.64999389648438,62.93499755859375,19.71500015258789,11.044366836547852,418.2300109863281,439.1499938964844,431.9371337890625,40.446327209472656,0.667220950126648,0.6080341339111328,45.40800857543945,0.7261518239974976,0.002171499887481332,0,0.0004120625089854002,0,-20.91998291015625,7.212860107421875
163,10,0,1,Day,,62.81421661376953,27.185781478881836,25.905866622924805,102.91000366210938,102.17644500732422,1.6055999994277954,0.9928718209266663,8.570093154907227,4.360000133514404,=NA(),=NA(),2.181508779525757,1.4163999557495117,0.34380000829696655,0.08399999886751175,=NA(),20,1013.25,40.3852424621582,53.143821716308594,100.96499633789062,86.58999633789062,14.375,12.739374160766602,536.5800170898438,559.739990234375,557.2213134765625,40.229679107666016,0.8654894828796387,0.8196700811386108,45.580177307128906,0.9239296913146973,0.002979625016450882,0,0.000295375008136034,0,-23.15997314453125,2.5186767578125
163,11,0,1,Day,,58.94435119628906,31.055648803710938,10.751733779907227,114,113.11997985839844,1.705899953842163,0.9922805428504944,9.099908828735352,4.639999866485596,=NA(),=NA(),1.933833122253418,1.4163999557495117,0.34380000829696655,0.08399999886751175,=NA(),20,1013.25,17.212751388549805,57.31239700317383,119.28500366210938,110.19999694824219,9.085000038146973,13.957513809204102,654.6699829101562,679.7200317382812,678.9404296875,40.1278076171875,1.0574560165405273,1.0410412549972534,45.739845275878906,1.1189703941345215,0.0037655625492334366,0,0.00019424999481998384,0,-25.050048828125,0.77960205078125
163,12,0,1,Day,,58.3697395324707,31.630260467529297,354.6167297363281,165.69000244140625,163.6497344970703,3.890399932861328,0.9876862168312073,9.869714736938477,4.520100116729736,=NA(),=NA(),1.9024535417556763,1.4163999557495117,0.34380000829696655,0.08399999886751175,=NA(),20,1013.25,-8.660658836364746,57.96179962158203,175.90499877929688,164.41000366210938,11.494999885559082,17.029993057250977,982.0399780273438,1008.1099853515625,1006.201416015625,40.246002197265625,1.5625784397125244,1.5510592460632324,45.98598098754883,1.6509243249893188,0.005588437430560589,0,0.0002529374905861914,0,-26.07000732421875,1.9085693359375
163,13,0,1,Day,,61.18490982055664,28.81509017944336,338.9908447265625,62.80400085449219,62.56233215332031,0.5013999938964844,0.9961520433425903,10.100000381469727,4.300099849700928,=NA(),=NA(),2.0687811374664307,1.4163999557495117,0.34380000829696655,0.08399999886751175,=NA(),20,1013.25,-33.09364318847656,54.878517150878906,62.60499954223633,55.26000213623047,7.340000152587891,12.691247940063477,327.7200012207031,342.42999267578125,340.803955078125,39.51879119873047,0.5389074683189392,0.5171148180961609,44.784515380859375,0.5789262056350708,0.0018991874530911446,0,0.00015068749780766666,0,-14.709991455078125,1.62603759765625
163,14,0,1,Day,,66.95567321777344,23.04432487487793,325.0644226074219,164.6999969482422,160.4735870361328,10.79699993133545,0.974338710308075,10.490015029907227,3.7400999069213867,=NA(),=NA(),2.5420875549316406,1.4163999557495117,0.34380000829696655,0.08399999886751175,=NA(),20,1013.25,-53.39375305175781,48.971092224121094,167.97500610351562,138.61000061035156,29.365001678466797,17.443140029907227,908.2000122070312,931.010009765625,923.74462890625,40.38393783569336,1.4292985200881958,1.3340386152267456,45.795875549316406,1.5272042751312256,0.004803187679499388,0,0.0006156875169835985,0,-22.80999755859375,7.265380859375
163,15,0,1,Day,,74.98163604736328,15.018360137939453,313.21612548828125,74.89600372314453,74.50777435302734,1.4982000589370728,0.9948164224624634,10.800012588500977,2.5599000453948975,=NA(),=NA(),3.8094282150268555,1.4163999557495117,0.34380000829696655,0.08399999886751175,=NA(),20,1013.25,-36.922027587890625,50.949642181396484,77.73999786376953,68.37000274658203,9.364999771118164,14.040613174438477,408.010009765625,424.0199890136719,418.3699035644531,39.97492218017578,0.6540939211845398,0.6114813089370728,44.950008392333984,0.7097445130348206,0.0023193126544356346,0,0.00020418749772943556,0,-16.009979248046875,5.65008544921875
163,16,0,1,Night,Sun above horizon but GHI below 1,84.5435562133789,5.456445217132568,303.2110595703125,0,0,0,0,10.469995498657227,2.75,=NA(),0,9.58690357208252,1.4163999557495117,0.34380000829696655,0.08399999886751175,=NA(),20,1013.25,0,0,0,0,0,10.469995498657227,0,0,0,0,0,0,0,0,0,0,0,0,0,0
163,17,0,1,Night,Sun below height limit of 1 degrees.,89.7448959350586,0.2551076412200928,298.5079650878906,0,0,0,0,9.930200576782227,2.850100040435791,=NA(),0,34.362510681152344,1.4163999557495117,0.34380000829696655,0.08399999886751175,=NA(),20,1013.25,0,0,0,0,0,9.929986953735352,0,0,0,0,0,0,0,0,0,0,0,0,0,0
163,18,0,1,Night,,106.985595703125,-16.985595703125,286.7915954589844,0,0,0,0,8.520196914672852,2.9000000953674316,=NA(),0,64.81599426269531,1.4163999557495117,0.34380000829696655,0.08399999886751175,=NA(),20,1013.25,0,0,0,0,0,8.520013809204102,0,0,0,0,0,0,0,0,0,0,0,0,0,0
163,19,0,1,Night,,118.91655731201172,-28.916553497314453,279.323974609375,0,0,0,0,6.599694728851318,2.850100040435791,=NA(),0,64.81599426269531,1.4163999557495117,0.34380000829696655,0.08399999886751175,=NA(),20,1013.25,0,0,0,0,0,6.599999904632568,0,0,0,0,0,0,0,0,0,0,0,0,0,0
163,20,0,1,Night,,131.119140625,-41.119144439697266,271.49359130859375,0,0,0,0,6.339807033538818,2.7999000549316406,=NA(),0,64.81599426269531,1.4163999557495117,0.34380000829696655,0.08399999886751175,=NA(),20,1013.25,0,0,0,0,0,6.339990139007568,0,0,0,0,0,0,0,0,0,0,0,0,0,0
163,21,0,1,Night,,143.3611297607422,-53.36113739013672,262.10870361328125,0,0,0,0,4.409997463226318,2.75,=NA(),0,64.81599426269531,1.4163999557495117,0.34380000829696655,0.08399999886751175,=NA(),20,1013.25,0,0,0,0,0,4.409997463226318,0,0,0,0,0,0,0,0,0,0,0,0,0,0
163,22,0,1,Night,,155.22854614257812,-65.22854614257812,248.14590454101562,0,0,0,0,3.2899107933044434,2.680000066757202,=NA(),0,64.81599426269531,1.4163999557495117,0.34380000829696655,0.08399999886751175,=NA(),20,1013.25,0,0,0,0,0,3.2900023460388184,0,0,0,0,0,0,0,0,0,0,0,0,0,0
163,23,0,1,Night,,165.27169799804688,-75.2717056274414,219.05230712890625,0,0,0,0,3.4500975608825684,2.54010009765625,=NA(),0,64.81599426269531,1.4163999557495117,0.34380000829696655,0.08399999886751175,=NA(),20,1013.25,0,0,0,0,0,3.4500060081481934,0,0,0,0,0,0,0,0,0,0,0,0,0,0
164,0,0,1,Night,,167.3820343017578,-77.38204193115234,158.67527770996094,0,0,0,0,4.659905910491943,2.4798998832702637,=NA(),0,64.81599426269531,1.4163999557495117,0.34380000829696655,0.08399999886751175,=NA(),20,1013.25,0,0,0,0,0,4.659997463226318,0,0,0,0,0,0,0,0,0,0,0,0,0,0
164,1,0,1,Night,,158.98927307128906,-68.9892807006836,118.9843978881836,0,0,0,0,6.410302639007568,2.440000057220459,=NA(),0,64.81599426269531,1.4163999557495117,0.34380000829696655,0.08399999886751175,=NA(),20,1013.25,0,0,0,0,0,6.409997463226318,0,0,0,0,0,0,0,0,0,0,0,0,0,0
164,2,0,1,Night,,147.46136474609375,-57.461368560791016,101.82231903076172,0,0,0,0,7.100305080413818,2.3701000213623047,=NA(),0,64.81599426269531,1.4163999557495117,0.34380000829696655,0.08399999886751175,=NA(),20,1013.25,0,0,0,0,0,7.099999904632568,0,0,0,0,0,0,0,0,0,0,0,0,0,0
164,3,0,1,Night,,135.28172302246094,-45.28171920776367,91.4001235961914,0,0,0,0,7.299706935882568,2.220099925994873,=NA(),0,64.81599426269531,1.4163999557495117,0.34380000829696655,0.08399999886751175,=NA(),20,1013.25,0,0,0,0,0,7.300012111663818,0,0,0,0,0,0,0,0,0,0,0,0,0,0
164,4,0,1,Night,,123.0389633178711,-33.038963317871094,83.2219009399414,0,0,0,0,7.299706935882568,2.0399999618530273,=NA(),0,64.81599426269531,1.4163999557495117,0.34380000829696655,0.08399999886751175,=NA(),20,1013.25,0,0,0,0,0,7.300012111663818,0,0,0,0,0,0,0,0,0,0,0,0,0,0
164,5,0,1,Night,,110.99539184570312,-20.995389938354492,75.71953582763672,0,0,0,0,7.200006008148193,1.8600000143051147,=NA(),0,64.81599426269531,1.4163999557495117,0.34380000829696655,0.08399999886751175,=NA(),20,1013.25,0,0,0,0,0,7.200006008148193,0,0,0,0,0,0,0,0,0,0,0,0,0,0
164,6,0,1,Night,,99.3707275390625,-9.370725631713867,68.10468292236328,0,0,0,0,7.249902248382568,1.5298999547958374,=NA(),0,64.81599426269531,1.4163999557495117,0.34380000829696655,0.08399999886751175,=NA(),20,1013.25,0,0,0,0,0,7.249993801116943,0,0,0,0,0,0,0,0,0,0,0,0,0,0
164,7,0,1,Day,,86.54886627197266,3.4511358737945557,58.55680847167969,14.904999732971191,14.892719268798828,0.20399999618530273,0.9991760849952698,7.499810695648193,1.3598999977111816,=NA(),=NA(),13.73320484161377,1.4163999557495117,0.34380000829696655,0.08399999886751175,=NA(),20,1013.25,5.827528476715088,81.58431243896484,15.890000343322754,14.860000610351562,1.0299999713897705,8.169397354125977,76.12000274658203,81.19999694824219,80.05400848388672,38.1685676574707,0.13108691573143005,0.12996548414230347,43.08699035644531,0.14857818186283112,0.0005034999921917915,0,0.00002300000051036477,0,-5.079994201660156,1.1459884643554688
164,8,0,1,Day,,78.11332702636719,11.886672973632812,50.328311920166016,54.20899963378906,54.001766204833984,1.006100058555603,0.9961771368980408,7.600213527679443,1.1298999786376953,=NA(),=NA(),4.752788543701172,1.4163999557495117,0.34380000829696655,0.08399999886751175,=NA(),20,1013.25,24.595195770263672,59.948516845703125,57.13999938964844,52.13999938964844,5.005000114440918,9.946252822875977,300.05999755859375,316.69000244140625,316.16650390625,39.63971710205078,0.4984845519065857,0.48463374376296997,45.03440856933594,0.5322189927101135,0.001777875004336238,0,0.00010800000018207356,0,-16.6300048828125,0.52349853515625
164,9,0,1,Day,,69.4948959350586,20.505102157592773,39.15022277832031,120.80000305175781,119.50357818603516,3.7009999752044678,0.9892680048942566,7.899987697601318,1.7200000286102295,=NA(),=NA(),2.836378812789917,1.4163999557495117,0.34380000829696655,0.08399999886751175,=NA(),20,1013.25,59.35945129394531,46.582008361816406,119.82000732421875,93.68499755859375,26.135000228881836,12.902490615844727,625.1900024414062,651.4600219726562,642.622802734375,40.695491790771484,0.9866478443145752,0.9097199440002441,45.804927825927734,1.0649710893630981,0.003243250073865056,0,0.0005459375097416341,0,-26.27001953125,8.83721923828125
164,10,0,1,Day,,62.88750457763672,27.11249542236328,25.929664611816406,186.11000061035156,181.18482971191406,10.807000160217285,0.9735362529754639,9.139795303344727,2.8698999881744385,=NA(),=NA(),2.1869094371795654,1.4163999557495117,0.34380000829696655,0.08399999886751175,=NA(),20,1013.25,40.49852752685547,53.17855453491211,189.0050048828125,164.864990234375,24.139999389648438,16.891870498657227,1042.030029296875,1069.989990234375,1066.6182861328125,40.44695281982422,1.6479549407958984,1.5717620849609375,46.10194396972656,1.7468935251235962,0.005687375087291002,0,0.0004971874877810478,0,-27.9599609375,3.3717041015625
164,11,0,1,Day,,59.010562896728516,30.989439010620117,10.795573234558105,304.79998779296875,267.36871337890625,72.6989974975586,0.8771939873695374,9.999994277954102,2.9700000286102295,=NA(),=NA(),1.9375278949737549,1.4163999557495117,0.34380000829696655,0.08399999886751175,=NA(),20,1013.25,17.320547103881836,57.36149978637695,323.489990234375,302.2200012207031,21.270000457763672,23.09563636779785,1860.3399658203125,1870.179931640625,1870.2108154296875,40.04241180419922,2.9191110134124756,2.890136957168579,46.24714279174805,3.073664903640747,0.010373437777161598,0,0.00045674998546019197,0,-9.8399658203125,-0.0308837890625
164,12,0,1,Day,,58.42427444458008,31.575725555419922,354.6786804199219,261.510009765625,243.8601837158203,33.707000732421875,0.9325080513954163,10.600000381469727,2.809999942779541,=NA(),=NA(),1.905380129814148,1.4163999557495117,0.34380000829696655,0.08399999886751175,=NA(),20,1013.25,-8.580707550048828,58.0247802734375,277.67999267578125,260.54498291015625,17.134998321533203,21.865625381469727,1583.52001953125,1598.56005859375,1597.751708984375,40.06470489501953,2.4924540519714355,2.4813485145568848,46.135650634765625,2.6262636184692383,0.008887437172234058,0,0.0003762500127777457,0,-15.0400390625,0.808349609375
164,13,0,1,Day,,61.22499465942383,28.775005340576172,339.0641174316406,197.7100067138672,192.07411193847656,11.708000183105469,0.9714941382408142,10.869989395141602,2.54010009765625,=NA(),=NA(),2.0713958740234375,1.4163999557495117,0.34380000829696655,0.08399999886751175,=NA(),20,1013.25,-33.04965591430664,54.94987106323242,202.66500854492188,181.5,21.165000915527344,19.177515029907227,1130.449951171875,1151.8299560546875,1146.8580322265625,40.27210998535156,1.7797117233276367,1.7169798612594604,45.928382873535156,1.889024019241333,0.00625268742442131,0,0.00043643751996569335,0,-21.3800048828125,4.971923828125
164,14,0,1,Day,,66.98121643066406,23.01878547668457,325.1416015625,153.99000549316406,150.98370361328125,7.6880998611450195,0.9804772734642029,11.050012588500977,2.180000066757202,=NA(),=NA(),2.5447216033935547,1.4163999557495117,0.34380000829696655,0.08399999886751175,=NA(),20,1013.25,-53.37473678588867,49.045536041259766,155.19000244140625,127.30500030517578,27.885000228881836,17.4943790435791,833.719970703125,854.6900024414062,846.2339477539062,40.34746170043945,1.310570240020752,1.2166755199432373,45.646453857421875,1.4053810834884644,0.004407375119626522,0,0.0005840624799020588,0,-20.97003173828125,8.4560546875
164,15,0,1,Day,,74.9943618774414,15.005635261535645,313.29296875,51.20000076293945,51.01914978027344,0.6984999775886536,0.9964677691459656,10.700006484985352,1.4399000406265259,=NA(),=NA(),3.8124935626983643,1.4163999557495117,0.34380000829696655,0.08399999886751175,=NA(),20,1013.25,-36.94428634643555,50.98810958862305,50.589996337890625,43.95500183105469,6.635000228881836,12.809991836547852,257.5199890136719,269.1700134277344,267.22088623046875,39.228118896484375,0.42568278312683105,0.4022953510284424,44.374324798583984,0.4607837498188019,0.001487624947912991,0,0.0001448124967282638,0,-11.6500244140625,1.949127197265625
164,16,0,1,Day,,84.54591369628906,5.454084873199463,303.28643798828125,2.7934000492095947,2.7934000492095947,0,1,10.260004043579102,1.3401000499725342,=NA(),=NA(),9.59038257598877,1.4163999557495117,0.34380000829696655,0.08399999886751175,=NA(),20,1013.25,-9.499653816223145,76.63907623291016,2.9650001525878906,2.759999990463257,0.19999998807907104,10.390008926391602,10.449999809265137,10.930000305175781,10.815594673156738,33.814476013183594,0.019990568980574608,0.019718805328011513,39.46648406982422,0.027752572670578957,0.00009393750224262476,0,0.000004499999704421498,0,-0.48000049591064453,0.11440563201904297
164,17,0,1,Night,Sun below height limit of 1 degrees.,89.74571990966797,0.2542819380760193,298.5805358886719,0,0,0,0,9.900293350219727,1.1999000310897827,=NA(),0,34.373329162597656,1.4163999557495117,0.34380000829696655,0.08399999886751175,=NA(),20,1013.25,0,0,0,0,0,9.899988174438477,0,0,0,0,0,0,0,0,0,0,0,0,0,0
164,18,0,1,Night,,106.97410583496094,-16.974103927612305,286.8687438964844,0,0,0,0,9.599786758422852,1.0200999975204468,=NA(),0,64.81599426269531,1.4163999557495117,0.34380000829696655,0.08399999886751175,=NA(),20,1013.25,0,0,0,0,0,9.600000381469727,0,0,0,0,0,0,0,0,0,0,0,0,0,0
164,19,0,1,Night,,118.90095520019531,-28.90095329284668,279.4072265625,0,0,0,0,9.099908828735352,0.8098999857902527,=NA(),0,64.81599426269531,1.4163999557495117,0.34380000829696655,0.08399999886751175,=NA(),20,1013.25,0,0,0,0,0,9.100000381469727,0,0,0,0,0,0,0,0,0,0,0,0,0,0
164,20,0,1,Night,,131.10166931152344,-41.10166931152344,271.5894470214844,0,0,0,0,8.899805068969727,0.6000000238418579,=NA(),0,64.81599426269531,1.4163999557495117,0.34380000829696655,0.08399999886751175,=NA(),20,1013.25,0,0,0,0,0,8.899988174438477,0,0,0,0,0,0,0,0,0,0,0,0,0,0
164,21,0,1,Night,,143.3447265625,-53.344730377197266,262.2297668457031,0,0,0,0,8.899805068969727,0.3700000047683716,=NA(),0,64.81599426269531,1.4163999557495117,0.34380000829696655,0.08399999886751175,=NA(),20,1013.25,0,0,0,0,0,8.899988174438477,0,0,0,0,0,0,0,0,0,0,0,0,0,0
164,22,0,1,Night,,155.21981811523438,-65.21981811523438,248.3209686279297,0,0,0,0,8.500299453735352,0.23989999294281006,=NA(),0,64.81599426269531,1.4163999557495117,0.34380000829696655,0.08399999886751175,=NA(),20,1013.25,0,0,0,0,0,8.499994277954102,0,0,0,0,0,0,0,0,0,0,0,0,0,0
164,23,0,1,Night,,165.29037475585938,-75.29037475585938,219.33270263671875,0,0,0,0,8.399896621704102,0.4799000024795532,=NA(),0,64.81599426269531,1.4163999557495117,0.34380000829696655,0.08399999886751175,=NA(),20,1013.25,0,0,0,0,0,8.399988174438477,0,0,0,0,0,0,0,0,0,0,0,0,0,0
165,0,0,1,Night,,167.44993591308594,-77.44994354248047,158.80337524414062,0,0,0,0,8.490289688110352,0.710099995136261,=NA(),0,64.81599426269531,1.4163999557495117,0.34380000829696655,0.08399999886751175,=NA(),20,1013.25,0,0,0,0,0,8.490015029907227,0,0,0,0,0,0,0,0,0,0,0,0,0,0
165,1,0,1,Night,,159.06141662597656,-69.06141662597656,118.94930267333984,0,0,0,0,8.080194473266602,0.8098999857902527,=NA(),0,64.81599426269531,1.4163999557495117,0.34380000829696655,0.08399999886751175,=NA(),20,1013.25,0,0,0,0,0,8.080011367797852,0,0,0,0,0,0,0,0,0,0,0,0,0,0
165,2,0,1,Night,,147.53036499023438,-57.530364990234375,101.77759552001953,0,0,0,0,7.249902248382568,0.9401000142097473,=NA(),0,64.81599426269531,1.4163999557495117,0.34380000829696655,0.08399999886751175,=NA(),20,1013.25,0,0,0,0,0,7.249993801116943,0,0,0,0,0,0,0,0,0,0,0,0,0,0
165,3,0,1,Night,,135.34962463378906,-45.3496208190918,91.36250305175781,0,0,0,0,6.900201320648193,1.059999942779541,=NA(),0,64.81599426269531,1.4163999557495117,0.34380000829696655,0.08399999886751175,=NA(),20,1013.25,0,0,0,0,0,6.899987697601318,0,0,0,0,0,0,0,0,0,0,0,0,0,0
165,4,0,1,Night,,123.10700225830078,-33.106998443603516,83.19169616699219,0,0,0,0,7.600213527679443,1.159999966621399,=NA(),0,64.81599426269531,1.4163999557495117,0.34380000829696655,0.08399999886751175,=NA(),20,1013.25,0,0,0,0,0,7.599999904632568,0,0,0,0,0,0,0,0,0,0,0,0,0,0
165,5,0,1,Night,,111.06425476074219,-21.064252853393555,75.69593048095703,0,0,0,0,7.529809474945068,1.2400000095367432,=NA(),0,64.81599426269531,1.4163999557495117,0.34380000829696655,0.08399999886751175,=NA(),20,1013.25,0,0,0,0,0,7.529992580413818,0,0,0,0,0,0,0,0,0,0,0,0,0,0
165,6,0,1,Night,,99.44076538085938,-9.440764427185059,68.08744812011719,0,0,0,0,7.299706935882568,1.26010000705719,=NA(),0,64.81599426269531,1.4163999557495117,0.34380000829696655,0.08399999886751175,=NA(),20,1013.25,0,0,0,0,0,7.300012111663818,0,0,0,0,0,0,0,0,0,0,0,0,0,0
165,7,0,1,Day,,86.58111572265625,3.4188852310180664,58.515445709228516,21.19499969482422,21.159582138061523,0.5939000248908997,0.9983289837837219,7.459893703460693,1.3799999952316284,=NA(),=NA(),13.826509475708008,1.4163999557495117,0.34380000829696655,0.08399999886751175,=NA(),20,1013.25,5.774948596954346,81.66341400146484,22.924999237060547,21.5,1.4249999523162842,8.425012588500977,111.31999969482422,118.52999877929688,116.56475067138672,38.83852767944336,0.18758077919483185,0.18563996255397797,43.66060256958008,0.21035239100456238,0.000714500027243048,0,0.00003149999974993989,0,-7.209999084472656,1.9652481079101562
165,8,0,1,Day,,78.18504333496094,11.81495475769043,50.32726287841797,89.8010025024414,88.34648895263672,7.103799819946289,0.9838029146194458,8.550104141235352,1.0099999904632568,=NA(),=NA(),4.779943943023682,1.4163999557495117,0.34380000829696655,0.08399999886751175,=NA(),20,1013.25,24.409942626953125,60.14547348022461,105.08500671386719,97.52999877929688,7.559999942779541,12.834985733032227,573.3499755859375,597.8200073242188,597.1110229492188,40.106422424316406,0.930498480796814,0.9097176790237427,45.67794418334961,0.9850915670394897,0.003324937541037798,0,0.00016325000615324825,0,-24.47003173828125,0.708984375
165,9,0,1,Day,,69.56599426269531,20.434005737304688,39.16141128540039,233.00999450683594,204.41290283203125,81.91000366210938,0.8772709369659424,9.890314102172852,0.6201000213623047,=NA(),=NA(),2.8456759452819824,1.4163999557495117,0.34380000829696655,0.08399999886751175,=NA(),20,1013.25,59.46052932739258,46.60042953491211,295.92498779296875,258.489990234375,37.42499923706055,21.9587345123291,1685.72998046875,1701.030029296875,1697.285400390625,40.23564147949219,2.636364698410034,2.526759147644043,46.22918701171875,2.785550355911255,0.009059124626219273,0,0.0007833749987185001,0,-15.300048828125,3.74462890625
165,10,0,1,Day,,62.95492172241211,27.04507827758789,25.956954956054688,321.3999938964844,260.7396240234375,133.41000366210938,0.8112620711326599,11.300012588500977,0.5899999737739563,=NA(),=NA(),2.191903591156006,1.4163999557495117,0.34380000829696655,0.08399999886751175,=NA(),20,1013.25,40.608402252197266,53.20686340332031,359.92498779296875,328.14501953125,31.779998779296875,25.930017471313477,2076.610107421875,2068.080078125,2066.9765625,39.785362243652344,3.247086763381958,3.1533243656158447,46.05915069580078,3.421762228012085,0.011390437372028828,0,0.000662375008687377,0,8.530029296875,1.103515625
165,11,0,1,Day,,59.07029724121094,30.929702758789062,10.841285705566406,354.80999755859375,284.13177490234375,137.50999450683594,0.8007997870445251,12.290002822875977,0.4300000071525574,=NA(),=NA(),1.94087553024292,1.4163999557495117,0.34380000829696655,0.08399999886751175,=NA(),20,1013.25,17.427309036254883,57.403846740722656,377.8900146484375,353.9649963378906,23.920000076293945,27.6143741607666,2187.010009765625,2166.050048828125,2166.387451171875,39.56419372558594,3.4222707748413086,3.3911750316619873,45.92634201049805,3.604905366897583,0.01216212473809719,0,0.0005143749876879156,0,20.9599609375,-0.33740234375
165,12,0,1,Day,,58.47217559814453,31.52782440185547,354.74053955078125,322.5899963378906,276.36871337890625,88.39199829101562,0.8567181825637817,12.909997940063477,0.23010000586509705,=NA(),=NA(),1.9079593420028687,1.4163999557495117,0.34380000829696655,0.08399999886751175,=NA(),20,1013.25,-8.498390197753906,58.08113479614258,342.54498291015625,321.9849853515625,20.55500030517578,26.82500648498535,1970.02001953125,1956.1600341796875,1956.02880859375,39.58074951171875,3.088667869567871,3.078402280807495,45.84911346435547,3.2546546459198,0.010999750345945358,0,0.0004508125130087137,0,13.8599853515625,0.1312255859375
165,13,0,1,Day,,61.258697509765625,28.741302490234375,339.13543701171875,110.19000244140625,109.37504577636719,1.6948000192642212,0.9926040768623352,13.420007705688477,0.1598999947309494,=NA(),=NA(),2.0735998153686523,1.4163999557495117,0.34380000829696655,0.08399999886751175,=NA(),20,1013.25,-33.00080871582031,55.015140533447266,110.56500244140625,97.96000671386719,12.604999542236328,17.975000381469727,597.489990234375,611.9299926757812,610.2902221679688,39.524925231933594,0.9649081230163574,0.9270833730697632,45.02874755859375,1.0272256135940552,0.0033695625606924295,0,0.0002591875090729445,0,-14.44000244140625,1.6397705078125
165,14,0,1,Day,,67.00102233886719,22.998979568481445,325.2154541015625,102.91000366210938,102.20472717285156,1.8050999641418457,0.9931466579437256,14.119989395141602,0.3400000035762787,=NA(),=NA(),2.5467686653137207,1.4163999557495117,0.34380000829696655,0.08399999886751175,=NA(),20,1013.25,-53.35024642944336,49.11451721191406,98.58499908447266,78.74500274658203,19.834999084472656,18.2606143951416,511.8299865722656,523.7899780273438,515.7274169921875,39.72675704956055,0.8111505508422852,0.7426459193229675,44.7276611328125,0.8810074329376221,0.0027159375604242086,0,0.0004149375017732382,0,-11.959991455078125,8.06256103515625
165,15,0,1,Day,,75.00211334228516,14.997883796691895,313.3656005859375,74.19200134277344,73.80555725097656,1.493299961090088,0.9947912693023682,12.939996719360352,0.5099999904632568,=NA(),=NA(),3.814363479614258,1.4163999557495117,0.34380000829696655,0.08399999886751175,=NA(),20,1013.25,-36.983333587646484,51.01153564453125,76.88500213623047,67.58499908447266,9.305000305175781,16.136255264282227,403.69000244140625,416.489990234375,413.397705078125,39.41996765136719,0.6553653478622437,0.6218503713607788,44.63668441772461,0.7047315239906311,0.0022950000129640102,0,0.00020312498963903636,0,-12.79998779296875,3.09228515625
165,16,0,1,Day,,84.54488372802734,5.455114841461182,303.3570251464844,22.503999710083008,22.47486114501953,0.30649998784065247,0.9987052083015442,12.679986953735352,0.8098999857902527,=NA(),=NA(),9.588859558105469,1.4163999557495117,0.34380000829696655,0.08399999886751175,=NA(),20,1013.25,-9.509434700012207,76.63650512695312,23.905000686645508,22.295000076293945,1.6099998950958252,13.676874160766602,118.95999908447266,124.1500015258789,123.38959503173828,37.82817459106445,0.20386581122875214,0.20176704227924347,42.989620208740234,0.22438906133174896,0.0007576874922960997,0,0.00003537500015227124,0,-5.19000244140625,0.760406494140625
165,17,0,1,Night,Sun below height limit of 1 degrees.,89.73994445800781,0.2600520849227905,298.6504821777344,0,0,0,0,9.779993057250977,1.0800000429153442,=NA(),0,34.297977447509766,1.4163999557495117,0.34380000829696655,0.08399999886751175,=NA(),20,1013.25,0,0,0,0,0,9.779993057250977,0,0,0,0,0,0,0,0,0,0,0,0,0,0
165,18,0,1,Night,,106.95931243896484,-16.95931053161621,286.9400939941406,0,0,0,0,6.940087795257568,1.2400000095367432,=NA(),0,64.81599426269531,1.4163999557495117,0.34380000829696655,0.08399999886751175,=NA(),20,1013.25,0,0,0,0,0,6.939996242523193,0,0,0,0,0,0,0,0,0,0,0,0,0,0
165,19,0,1,Night,,118.88227081298828,-28.882272720336914,279.4838562011719,0,0,0,0,5.629785060882568,1.350100040435791,=NA(),0,64.81599426269531,1.4163999557495117,0.34380000829696655,0.08399999886751175,=NA(),20,1013.25,0,0,0,0,0,5.629998683929443,0,0,0,0,0,0,0,0,0,0,0,0,0,0
165,20,0,1,Night,,131.08106994628906,-41.0810661315918,271.677490234375,0,0,0,0,4.550195217132568,1.3698999881744385,=NA(),0,64.81599426269531,1.4163999557495117,0.34380000829696655,0.08399999886751175,=NA(),20,1013.25,0,0,0,0,0,4.550012111663818,0,0,0,0,0,0,0,0,0,0,0,0,0,0
165,21,0,1,Night,,143.3249969482422,-53.32500076293945,262.341064453125,0,0,0,0,4.219903469085693,1.2798999547958374,=NA(),0,64.81599426269531,1.4163999557495117,0.34380000829696655,0.08399999886751175,=NA(),20,1013.25,0,0,0,0,0,4.219995021820068,0,0,0,0,0,0,0,0,0,0,0,0,0,0
165,22,0,1,Night,,155.2069549560547,-65.20694732666016,248.4830780029297,0,0,0,0,4.150109767913818,1.2200000286102295,=NA(),0,64.81599426269531,1.4163999557495117,0.34380000829696655,0.08399999886751175,=NA(),20,1013.25,0,0,0,0,0,4.149987697601318,0,0,0,0,0,0,0,0,0,0,0,0,0,0
165,23,0,1,Night,,165.30296325683594,-75.30296325683594,219.6000518798828,0,0,0,0,3.7199950218200684,1.3300000429153442,=NA(),0,64.81599426269531,1.4163999557495117,0.34380000829696655,0.08399999886751175,=NA(),20,1013.25,0,0,0,0,0,3.7199950218200684,0,0,0,0,0,0,0,0,0,0,0,0,0,0
166,0,0,1,Night,,167.51161193847656,-77.51160430908203,158.9450225830078,0,0,0,0,2.5000853538513184,1.6200000047683716,=NA(),0,64.81599426269531,1.4163999557495117,0.34380000829696655,0.08399999886751175,=NA(),20,1013.25,0,0,0,0,0,2.4999938011169434,0,0,0,0,0,0,0,0,0,0,0,0,0,0
166,1,0,1,Night,,159.1298065185547,-69.12981414794922,118.92973327636719,0,0,0,0,2.6902098655700684,1.9198999404907227,=NA(),0,64.81599426269531,1.4163999557495117,0.34380000829696655,0.08399999886751175,=NA(),20,1013.25,0,0,0,0,0,2.6899962425231934,0,0,0,0,0,0,0,0,0,0,0,0,0,0
166,2,0,1,Night,,147.59654235839844,-57.59654998779297,101.74424743652344,0,0,0,0,4.019799709320068,2.119999885559082,=NA(),0,64.81599426269531,1.4163999557495117,0.34380000829696655,0.08399999886751175,=NA(),20,1013.25,0,0,0,0,0,4.020013332366943,0,0,0,0,0,0,0,0,0,0,0,0,0,0
166,3,0,1,Night,,135.41502380371094,-45.415016174316406,91.333740234375,0,0,0,0,3.2899107933044434,2.3099000453948975,=NA(),0,64.81599426269531,1.4163999557495117,0.34380000829696655,0.08399999886751175,=NA(),20,1013.25,0,0,0,0,0,3.2900023460388184,0,0,0,0,0,0,0,0,0,0,0,0,0,0
166,4,0,1,Night,,123.1727523803711,-33.172752380371094,83.16889953613281,0,0,0,0,2.8697142601013184,2.530100107192993,=NA(),0,64.81599426269531,1.4163999557495117,0.34380000829696655,0.08399999886751175,=NA(),20,1013.25,0,0,0,0,0,2.8699889183044434,0,0,0,0,0,0,0,0,0,0,0,0,0,0
166,5,0,1,Night,,111.130859375,-21.130861282348633,75.67884826660156,0,0,0,0,2.7700133323669434,2.75,=NA(),0,64.81599426269531,1.4163999557495117,0.34380000829696655,0.08399999886751175,=NA(),20,1013.25,0,0,0,0,0,2.7700133323669434,0,0,0,0,0,0,0,0,0,0,0,0,0,0
166,6,0,1,Night,,99.50887298583984,-9.508869171142578,68.0761947631836,0,0,0,0,2.2301878929138184,2.8299999237060547,=NA(),0,64.81599426269531,1.4163999557495117,0.34380000829696655,0.08399999886751175,=NA(),20,1013.25,0,0,0,0,0,2.2300047874450684,0,0,0,0,0,0,0,0,0,0,0,0,0,0
166,7,0,1,Day,,86.61961364746094,3.3803884983062744,58.49207305908203,25.297000885009766,25.20875358581543,1.4966000318527222,0.9965115785598755,2.8199095726013184,3.5299999713897705,=NA(),=NA(),13.939435958862305,1.4163999557495117,0.34380000829696655,0.08399999886751175,=NA(),20,1013.25,5.710526943206787,81.7578353881836,27.779998779296875,26.125,1.6549999713897705,3.9869017601013184,134.1699981689453,145.0500030517578,142.3414306640625,39.88380813598633,0.2230588048696518,0.2205924540758133,44.611820220947266,0.2492510974407196,0.0008500000112690032,0,0.00003650000144261867,0,-10.8800048828125,2.7085723876953125
166,8,0,1,Day,,78.25059509277344,11.749403953552246,50.331321716308594,85.09300231933594,83.97390747070312,5.495699882507324,0.9868485927581787,4.120110988616943,3.140000104904175,=NA(),=NA(),4.805036544799805,1.4163999557495117,0.34380000829696655,0.08399999886751175,=NA(),20,1013.25,24.239280700683594,60.32518768310547,98.32499694824219,91.10499572753906,7.220000267028809,8.121240615844727,534.530029296875,566.47998046875,565.4559326171875,40.73582077026367,0.8675563335418701,0.8464842438697815,46.22163772583008,0.9190706014633179,0.0031073749996721745,0,0.00015556249127257615,0,-31.949951171875,1.0240478515625
166,9,0,1,Day,,69.63058471679688,20.369415283203125,39.17707443237305,205.19000244140625,188.3461151123047,48.391998291015625,0.9179107546806335,4.939813137054443,2.3499999046325684,=NA(),=NA(),2.854177951812744,1.4163999557495117,0.34380000829696655,0.08399999886751175,=NA(),20,1013.25,59.55537033081055,46.61233901977539,249.52999877929688,214.19000244140625,35.334999084472656,15.117486953735352,1401.3800048828125,1446.489990234375,1440.8955078125,41.10344314575195,2.1907577514648438,2.0894131660461426,46.833740234375,2.320197105407715,0.007491374853998423,0,0.0007390624959953129,0,-45.1099853515625,5.594482421875
166,10,0,1,Day,,63.01539993286133,26.984600067138672,25.98764991760254,256.20001220703125,232.65260314941406,51.89500045776367,0.9080897569656372,6.349786281585693,2.0999999046325684,=NA(),=NA(),2.196406364440918,1.4163999557495117,0.34380000829696655,0.08399999886751175,=NA(),20,1013.25,40.71342468261719,53.228111267089844,277.18499755859375,248.84500122070312,28.344999313354492,17.616235733032227,1573.2900390625,1610.469970703125,1607.763427734375,40.74222183227539,2.466273784637451,2.3809332847595215,46.69275665283203,2.6017394065856934,0.008618124760687351,0,0.0005874374764971435,0,-37.179931640625,2.70654296875
166,11,0,1,Day,,59.122718811035156,30.877281188964844,10.888766288757324,189.60000610351562,185.79913330078125,7.406199932098389,0.9799532294273376,7.800286769866943,1.9000999927520752,=NA(),=NA(),1.9438245296478271,1.4163999557495117,0.34380000829696655,0.08399999886751175,=NA(),20,1013.25,17.532264709472656,57.43868637084961,198.97000122070312,184.239990234375,14.729999542236328,15.867486953735352,1118.489990234375,1152.300048828125,1151.4534912109375,40.522945404052734,1.7759268283843994,1.7494902610778809,46.360633850097656,1.8719922304153442,0.006306000053882599,0,0.0003146250091958791,0,-33.81005859375,0.8465576171875
166,12,0,1,Day,,58.512603759765625,31.487394332885742,354.8022155761719,284.6000061035156,258.06817626953125,50.797000885009766,0.9067749977111816,8.429803848266602,1.6200000047683716,=NA(),=NA(),1.9101426601409912,1.4163999557495117,0.34380000829696655,0.08399999886751175,=NA(),20,1013.25,-8.413578033447266,58.130027770996094,302.2099914550781,283.7750244140625,18.435001373291016,20.663110733032227,1729.219970703125,1752.4100341796875,1752.160400390625,40.31412124633789,2.716418981552124,2.7066028118133545,46.44625473022461,2.8596348762512207,0.0096841249614954,0,0.0004044999950565398,0,-23.1900634765625,0.2496337890625
166,13,0,1,Day,,61.285396575927734,28.714603424072266,339.2047119140625,443.80999755859375,282.9034729003906,334.9100036621094,0.6374427676200867,11.939996719360352,1.399999976158142,=NA(),=NA(),2.0753495693206787,1.4163999557495117,0.34380000829696655,0.08399999886751175,=NA(),20,1013.25,-32.94661331176758,55.07377243041992,502.1600036621094,471.0450134277344,31.115001678466797,32.287498474121094,2954.39013671875,2881.820068359375,2883.101806640625,39.16598129272461,4.600809574127197,4.53042459487915,45.84075164794922,4.848730564117432,0.016349375247955322,0,0.0006593749858438969,0,72.570068359375,-1.28173828125
166,14,0,1,Day,,67.01432037353516,22.985681533813477,325.28594970703125,329.510009765625,246.52462768554688,212.50999450683594,0.7481551766395569,13.929986953735352,1.25,=NA(),=NA(),2.548144817352295,1.4163999557495117,0.34380000829696655,0.08399999886751175,=NA(),20,1013.25,-53.31929016113281,49.17758560180664,426.08001708984375,388.7200012207031,37.355003356933594,31.284387588500977,2497.7099609375,2443.89013671875,2439.0078125,39.295936584472656,3.8792638778686523,3.7670164108276367,45.67365264892578,4.096210479736328,0.013635625131428242,0,0.0007947499980218709,0,53.81982421875,4.88232421875
166,15,0,1,Day,,75.00423431396484,14.995765686035156,313.4339294433594,176.3000030517578,159.01513671875,66.802001953125,0.901957631111145,14.219995498657227,1,=NA(),=NA(),3.8148744106292725,1.4163999557495117,0.34380000829696655,0.08399999886751175,=NA(),20,1013.25,-37.0419807434082,51.0179328918457,252.4849853515625,236.625,15.864999771118164,24.49749183654785,1450.6500244140625,1451.6400146484375,1449.14404296875,39.65134048461914,2.28417706489563,2.2276182174682617,45.63204574584961,2.410759210586548,0.008159812539815903,0,0.0003498750156722963,0,-0.989990234375,2.4959716796875
166,16,0,1,Day,,84.53767395019531,5.462322235107422,303.4228210449219,19.202999114990234,19.174013137817383,0.304500013589859,0.998490571975708,12.469995498657227,0.9300000071525574,=NA(),=NA(),9.578230857849121,1.4163999557495117,0.34380000829696655,0.08399999886751175,=NA(),20,1013.25,-9.52985954284668,76.61857604980469,20.404998779296875,19.024999618530273,1.3700000047683716,13.325006484985352,100.18000030517578,104.7300033569336,103.88685607910156,37.66865921020508,0.17236998677253723,0.17066673934459686,42.761497497558594,0.1915169209241867,0.0006467499770224094,0,0.000029999999242136255,0,-4.5500030517578125,0.8431472778320312
166,17,0,1,Night,Sun below height limit of 1 degrees.,89.74017333984375,0.25982865691185,298.70343017578125,0,0,0,0,8.189905166625977,0.8500000238418579,=NA(),0,34.30083084106445,1.4163999557495117,0.34380000829696655,0.08399999886751175,=NA(),20,1013.25,0,0,0,0,0,8.189996719360352,0,0,0,0,0,0,0,0,0,0,0,0,0,0
166,18,0,1,Night,,106.94017028808594,-16.940174102783203,287.00555419921875,0,0,0,0,6.549890041351318,1.0300999879837036,=NA(),0,64.81599426269531,1.4163999557495117,0.34380000829696655,0.08399999886751175,=NA(),20,1013.25,0,0,0,0,0,6.550012111663818,0,0,0,0,0,0,0,0,0,0,0,0,0,0
166,19,0,1,Night,,118.8596420288086,-28.85964012145996,279.5538330078125,0,0,0,0,5.099999904632568,1.409999966621399,=NA(),0,64.81599426269531,1.4163999557495117,0.34380000829696655,0.08399999886751175,=NA(),20,1013.25,0,0,0,0,0,5.099999904632568,0,0,0,0,0,0,0,0,0,0,0,0,0,0
166,20,0,1,Night,,131.05654907226562,-41.056549072265625,271.75762939453125,0,0,0,0,6.260003566741943,1.9000999927520752,=NA(),0,64.81599426269531,1.4163999557495117,0.34380000829696655,0.08399999886751175,=NA(),20,1013.25,0,0,0,0,0,6.260003566741943,0,0,0,0,0,0,0,0,0,0,0,0,0,0
166,21,0,1,Night,,143.3013916015625,-53.301395416259766,262.4424133300781,0,0,0,0,4.560204982757568,2.5,=NA(),0,64.81599426269531,1.4163999557495117,0.34380000829696655,0.08399999886751175,=NA(),20,1013.25,0,0,0,0,0,4.559991359710693,0,0,0,0,0,0,0,0,0,0,0,0,0,0
166,22,0,1,Night,,155.18966674804688,-65.18966674804688,248.6320037841797,0,0,0,0,3.6302123069763184,3.059999942779541,=NA(),0,64.81599426269531,1.4163999557495117,0.34380000829696655,0.08399999886751175,=NA(),20,1013.25,0,0,0,0,0,3.6299986839294434,0,0,0,0,0,0,0,0,0,0,0,0,0,0
166,23,0,1,Night,,165.30935668945312,-75.30935668945312,219.85365295410156,0,0,0,0,2.7001891136169434,3.390000104904175,=NA(),0,64.81599426269531,1.4163999557495117,0.34380000829696655,0.08399999886751175,=NA(),20,1013.25,0,0,0,0,0,2.7000060081481934,0,0,0,0,0,0,0,0,0,0,0,0,0,0
167,0,0,1,Night,,167.56674194335938,-77.56674194335938,159.0997772216797,0,0,0,0,2.7998900413513184,3.5701000690460205,=NA(),0,64.81599426269531,1.4163999557495117,0.34380000829696655,0.08399999886751175,=NA(),20,1013.25,0,0,0,0,0,2.8000121116638184,0,0,0,0,0,0,0,0,0,0,0,0,0,0
167,1,0,1,Night,,159.19407653808594,-69.1940689086914,118.92575073242188,0,0,0,0,3.5598082542419434,3.6698999404907227,=NA(),0,64.81599426269531,1.4163999557495117,0.34380000829696655,0.08399999886751175,=NA(),20,1013.25,0,0,0,0,0,3.5599913597106934,0,0,0,0,0,0,0,0,0,0,0,0,0,0
167,2,0,1,Night,,147.65953063964844,-57.659523010253906,101.72227478027344,0,0,0,0,5.300103664398193,3.650099992752075,=NA(),0,64.81599426269531,1.4163999557495117,0.34380000829696655,0.08399999886751175,=NA(),20,1013.25,0,0,0,0,0,5.300012111663818,0,0,0,0,0,0,0,0,0,0,0,0,0,0
167,3,0,1,Night,,135.47735595703125,-45.477352142333984,91.31385040283203,0,0,0,0,4.239800930023193,3.7100000381469727,=NA(),0,64.81599426269531,1.4163999557495117,0.34380000829696655,0.08399999886751175,=NA(),20,1013.25,0,0,0,0,0,4.240014553070068,0,0,0,0,0,0,0,0,0,0,0,0,0,0
167,4,0,1,Night,,123.23503875732422,-33.23503875732422,83.15353393554688,0,0,0,0,4.209893703460693,4.03000020980835,=NA(),0,64.81599426269531,1.4163999557495117,0.34380000829696655,0.08399999886751175,=NA(),20,1013.25,0,0,0,0,0,4.209985256195068,0,0,0,0,0,0,0,0,0,0,0,0,0,0
167,5,0,1,Night,,111.19320678710938,-21.193206787109375,75.66828918457031,0,0,0,0,5.199700832366943,4.220099925994873,=NA(),0,64.81599426269531,1.4163999557495117,0.34380000829696655,0.08399999886751175,=NA(),20,1013.25,0,0,0,0,0,5.200006008148193,0,0,0,0,0,0,0,0,0,0,0,0,0,0
167,6,0,1,Night,,99.5709457397461,-9.570941925048828,68.07086944580078,0,0,0,0,5.419793605804443,4.510000228881836,=NA(),0,64.81599426269531,1.4163999557495117,0.34380000829696655,0.08399999886751175,=NA(),20,1013.25,0,0,0,0,0,5.420007228851318,0,0,0,0,0,0,0,0,0,0,0,0,0,0
167,7,0,1,Day,,86.6497573852539,3.350245714187622,58.464202880859375,3.8092000484466553,3.8027191162109375,0.11089999973773956,0.9982985854148865,6.559808254241943,5.160099983215332,=NA(),=NA(),14.02901554107666,1.4163999557495117,0.34380000829696655,0.08399999886751175,=NA(),20,1013.25,5.660677433013916,81.83174896240234,4.069999694824219,3.804999828338623,0.26499998569488525,6.740014553070068,15.710000038146973,16.709999084472656,16.42912483215332,35.3742790222168,0.029027316719293594,0.028844216838479042,40.73414993286133,0.03795184940099716,0.0001288124913116917,0,0.000006000000212225132,0,-0.9999990463256836,0.28087425231933594
167,8,0,1,Day,,78.31356811523438,11.686432838439941,50.34043502807617,176.58999633789062,151.90052795410156,121.88999938964844,0.8601875901222229,7.249902248382568,4.930099964141846,=NA(),=NA(),4.82939338684082,1.4163999557495117,0.34380000829696655,0.08399999886751175,=NA(),20,1013.25,24.07387351989746,60.497581481933594,277.7149963378906,267.6650085449219,10.055000305175781,18.4525089263916,1595.1800537109375,1628.489990234375,1628.211181640625,40.54057693481445,2.510159730911255,2.4818313121795654,46.605552673339844,2.6407978534698486,0.009109124541282654,0,0.00022000000171829015,0,-33.3099365234375,0.27880859375
167,9,0,1,Day,,69.69147491455078,20.308528900146484,39.1971321105957,349.489990234375,249.32408142089844,288.6000061035156,0.713394045829773,10.860010147094727,4.7600998878479,=NA(),=NA(),2.862243413925171,1.4163999557495117,0.34380000829696655,0.08399999886751175,=NA(),20,1013.25,59.64765167236328,46.61891555786133,513.7000122070312,471.1400146484375,42.55999755859375,31.6931095123291,3036.93994140625,2968.22998046875,2966.81591796875,39.306121826171875,4.7176008224487305,4.594907283782959,45.96739196777344,4.968226909637451,0.016582688316702843,0,0.0008923124987632036,0,68.7099609375,1.4140625
167,10,0,1,Day,,63.07106018066406,26.928937911987305,26.021657943725586,185.60000610351562,180.66445922851562,10.89799976348877,0.9734076261520386,12.839990615844727,4.659999847412109,=NA(),=NA(),2.200568437576294,1.4163999557495117,0.34380000829696655,0.08399999886751175,=NA(),20,1013.25,40.81602096557617,53.24379348754883,188.510009765625,164.23500061035156,24.274999618530273,20.607507705688477,1038.3099365234375,1052.9300537109375,1048.0919189453125,39.96265411376953,1.6389626264572144,1.5572097301483154,45.58967208862305,1.741481900215149,0.00566387502476573,0,0.0004993749898858368,0,-14.6201171875,4.838134765625
167,11,0,1,Day,,59.16942596435547,30.830575942993164,10.937920570373535,327.010009765625,275.8562316894531,99.81199645996094,0.8435712456703186,12.869989395141602,4.539899826049805,=NA(),=NA(),1.9464608430862427,1.4163999557495117,0.34380000829696655,0.08399999886751175,=NA(),20,1013.25,17.636232376098633,57.467552185058594,347.64501953125,325.1199951171875,22.525001525878906,26.9837589263916,2005.280029296875,1990.1600341796875,1989.870361328125,39.5789680480957,3.1422510147094727,3.1096436977386475,45.85897445678711,3.310406446456909,0.011166437529027462,0,0.0004835000145249069,0,15.1199951171875,0.2896728515625
167,12,0,1,Day,,58.547122955322266,31.452877044677734,354.863525390625,306.1099853515625,269.11041259765625,70.90799713134766,0.8791298270225525,13.320001602172852,4.699900150299072,=NA(),=NA(),1.9120116233825684,1.4163999557495117,0.34380000829696655,0.08399999886751175,=NA(),20,1013.25,-8.327057838439941,58.17296600341797,325.04498291015625,305.42498779296875,19.625,26.52874183654785,1865.22998046875,1853.8900146484375,1853.7481689453125,39.56671142578125,2.9282000064849854,2.9182708263397217,45.7936897277832,3.085944652557373,0.010427749715745449,0,0.0004304999893065542,0,11.3399658203125,0.141845703125
167,13,0,1,Day,,61.305908203125,28.694091796875,339.27178955078125,345.1000061035156,272.88800048828125,150.39999389648438,0.7907505035400391,13.990015029907227,4.380099773406982,=NA(),=NA(),2.0766961574554443,1.4163999557495117,0.34380000829696655,0.08399999886751175,=NA(),20,1013.25,-32.88808059692383,55.12633514404297,379.69500732421875,351.84002685546875,27.854999542236328,29.409387588500977,2203.949951171875,2169.760009765625,2170.013427734375,39.325599670410156,3.4488143920898438,3.3768861293792725,45.701805114746094,3.6362321376800537,0.012187687680125237,0,0.000584187509957701,0,34.18994140625,-0.25341796875
167,14,0,1,Day,,67.02165985107422,22.978336334228516,325.3529357910156,334.79998779296875,247.7445526123047,223,0.7399777770042419,14.200006484985352,2.990000009536743,=NA(),=NA(),2.548905372619629,1.4163999557495117,0.34380000829696655,0.08399999886751175,=NA(),20,1013.25,-53.28268814086914,49.234901428222656,434.42498779296875,396.8949890136719,37.529998779296875,31.913110733032227,2548.969970703125,2488.85986328125,2482.454345703125,39.26435852050781,3.95153546333313,3.8387341499328613,45.626686096191406,4.175792694091797,0.01392074953764677,0,0.000798562541604042,0,60.110107421875,6.405517578125
167,15,0,1,Day,,75.0004653930664,14.999534606933594,313.4979553222656,208.1999969482422,176.62503051757812,122,0.8483430743217468,13.140008926391602,2.259999990463257,=NA(),=NA(),3.813964605331421,1.4163999557495117,0.34380000829696655,0.08399999886751175,=NA(),20,1013.25,-37.12139129638672,51.00654220581055,319.07000732421875,302.18499755859375,16.885000228881836,26.0931339263916,1858.9100341796875,1850.31005859375,1847.20361328125,39.69765853881836,2.9082376956939697,2.8472936153411865,45.845455169677734,3.066704750061035,0.010447562672197819,0,0.0003740625106729567,0,8.5999755859375,3.1064453125
167,16,0,1,Day,,84.52555084228516,5.474445343017578,303.4836730957031,9.708700180053711,9.698205947875977,0.10999999940395355,0.9989190697669983,11.839990615844727,2.6201000213623047,=NA(),=NA(),9.560399055480957,1.4163999557495117,0.34380000829696655,0.08399999886751175,=NA(),20,1013.25,-9.55866527557373,76.58841705322266,10.305000305175781,9.614999771118164,0.6950000524520874,12.279993057250977,47.18000030517578,49.54999923706055,49.051734924316406,36.5823860168457,0.08380356431007385,0.08299880474805832,41.687923431396484,0.0967971459031105,0.00032687498605810106,0,0.000014999999621068127,0,-2.3699989318847656,0.4982643127441406
167,17,0,1,Night,Sun below height limit of 1 degrees.,89.73680877685547,0.26318973302841187,298.7583312988281,0,0,0,0,10.779993057250977,2.740000009536743,=NA(),0,34.25709533691406,1.4163999557495117,0.34380000829696655,0.08399999886751175,=NA(),20,1013.25,0,0,0,0,0,10.779993057250977,0,0,0,0,0,0,0,0,0,0,0,0,0,0
167,18,0,1,Night,,106.91627502441406,-16.916276931762695,287.0650939941406,0,0,0,0,10.890008926391602,2.610100030899048,=NA(),0,64.81599426269531,1.4163999557495117,0.34380000829696655,0.08399999886751175,=NA(),20,1013.25,0,0,0,0,0,10.890008926391602,0,0,0,0,0,0,0,0,0,0,0,0,0,0
167,19,0,1,Night,,118.83291625976562,-28.832916259765625,279.6170654296875,0,0,0,0,9.369806289672852,2.3099000453948975,=NA(),0,64.81599426269531,1.4163999557495117,0.34380000829696655,0.08399999886751175,=NA(),20,1013.25,0,0,0,0,0,9.369989395141602,0,0,0,0,0,0,0,0,0,0,0,0,0,0
167,20,0,1,Night,,131.028564453125,-41.02857208251953,271.82977294921875,0,0,0,0,8.280206680297852,2.3199000358581543,=NA(),0,64.81599426269531,1.4163999557495117,0.34380000829696655,0.08399999886751175,=NA(),20,1013.25,0,0,0,0,0,8.279993057250977,0,0,0,0,0,0,0,0,0,0,0,0,0,0
167,21,0,1,Night,,143.2741241455078,-53.27411651611328,262.53375244140625,0,0,0,0,7.890008449554443,3.73009991645813,=NA(),0,64.81599426269531,1.4163999557495117,0.34380000829696655,0.08399999886751175,=NA(),20,1013.25,0,0,0,0,0,7.890008449554443,0,0,0,0,0,0,0,0,0,0,0,0,0,0
167,22,0,1,Night,,155.16806030273438,-65.16805267333984,248.76751708984375,0,0,0,0,7.699914455413818,4.600100040435791,=NA(),0,64.81599426269531,1.4163999557495117,0.34380000829696655,0.08399999886751175,=NA(),20,1013.25,0,0,0,0,0,7.700006008148193,0,0,0,0,0,0,0,0,0,0,0,0,0,0
167,23,0,1,Night,,165.30958557128906,-75.30958557128906,220.09280395507812,0,0,0,0,7.699914455413818,3.7100000381469727,=NA(),0,64.81599426269531,1.4163999557495117,0.34380000829696655,0.08399999886751175,=NA(),20,1013.25,0,0,0,0,0,7.700006008148193,0,0,0,0,0,0,0,0,0,0,0,0,0,0
168,0,0,1,Night,,167.61534118652344,-77.6153335571289,159.26722717285156,0,0,0,0,5.800012111663818,3.5801000595092773,=NA(),0,64.81599426269531,1.4163999557495117,0.34380000829696655,0.08399999886751175,=NA(),20,1013.25,0,0,0,0,0,5.800012111663818,0,0,0,0,0,0,0,0,0,0,0,0,0,0
168,1,0,1,Night,,159.2542266845703,-69.25422668457031,118.93730926513672,0,0,0,0,5.199700832366943,3.4398999214172363,=NA(),0,64.81599426269531,1.4163999557495117,0.34380000829696655,0.08399999886751175,=NA(),20,1013.25,0,0,0,0,0,5.200006008148193,0,0,0,0,0,0,0,0,0,0,0,0,0,0
168,2,0,1,Night,,147.719482421875,-57.71949005126953,101.71168518066406,0,0,0,0,3.8800902366638184,3.199899911880493,=NA(),0,64.81599426269531,1.4163999557495117,0.34380000829696655,0.08399999886751175,=NA(),20,1013.25,0,0,0,0,0,3.8799986839294434,0,0,0,0,0,0,0,0,0,0,0,0,0,0
168,3,0,1,Night,,135.53683471679688,-45.536842346191406,91.30280303955078,0,0,0,0,4.499688625335693,2.850100040435791,=NA(),0,64.81599426269531,1.4163999557495117,0.34380000829696655,0.08399999886751175,=NA(),20,1013.25,0,0,0,0,0,4.499993801116943,0,0,0,0,0,0,0,0,0,0,0,0,0,0
168,4,0,1,Night,,123.2945327758789,-33.29452896118164,83.14553833007812,0,0,0,0,3.9100890159606934,2.780100107192993,=NA(),0,64.81599426269531,1.4163999557495117,0.34380000829696655,0.08399999886751175,=NA(),20,1013.25,0,0,0,0,0,3.9099974632263184,0,0,0,0,0,0,0,0,0,0,0,0,0,0
168,5,0,1,Night,,111.25273132324219,-21.252735137939453,75.66421508789062,0,0,0,0,5.000298976898193,2.5799999237060547,=NA(),0,64.81599426269531,1.4163999557495117,0.34380000829696655,0.08399999886751175,=NA(),20,1013.25,0,0,0,0,0,4.999993801116943,0,0,0,0,0,0,0,0,0,0,0,0,0,0
168,6,0,1,Night,,99.63034057617188,-9.630343437194824,68.0714340209961,0,0,0,0,5.399804592132568,2.5999999046325684,=NA(),0,64.81599426269531,1.4163999557495117,0.34380000829696655,0.08399999886751175,=NA(),20,1013.25,0,0,0,0,0,5.399987697601318,0,0,0,0,0,0,0,0,0,0,0,0,0,0
168,7,0,1,Day,,86.67657470703125,3.32342529296875,58.44672775268555,23.597999572753906,23.52838134765625,1.2008999586105347,0.9970498085021973,4.409997463226318,2.8698999881744385,=NA(),=NA(),14.109611511230469,1.4163999557495117,0.34380000829696655,0.08399999886751175,=NA(),20,1013.25,5.615862846374512,81.89751434326172,25.760000228881836,24.204999923706055,1.5550000667572021,5.495019435882568,124.48999786376953,133.97000122070312,130.91725158691406,39.60054397583008,0.20662428438663483,0.2040293961763382,44.27129364013672,0.2326778620481491,0.0007930624997243285,0,0.000034500000765547156,0,-9.480003356933594,3.0527496337890625
168,8,0,1,Day,,78.37067413330078,11.629323959350586,50.354530334472656,78.9000015258789,78.11394500732422,3.8994998931884766,0.9900373220443726,6.619714260101318,3.029900074005127,=NA(),=NA(),4.8516950607299805,1.4163999557495117,0.34380000829696655,0.08399999886751175,=NA(),20,1013.25,23.92209815979004,60.6536979675293,89.73999786376953,83,6.75,10.284357070922852,485.5899963378906,511.0299987792969,509.623779296875,40.33335876464844,0.7897018194198608,0.7676849961280823,45.76416015625,0.8391435742378235,0.002833249978721142,0,0.0001442500069970265,0,-25.44000244140625,1.406219482421875
168,9,0,1,Day,,69.74528503417969,20.25471305847168,39.22151184082031,88.10099792480469,87.58198547363281,1.4991999864578247,0.9941089153289795,7.140191555023193,3.1600000858306885,=NA(),=NA(),2.8694117069244385,1.4163999557495117,0.34380000829696655,0.08399999886751175,=NA(),20,1013.25,59.732784271240234,46.61891555786133,83.38499450683594,63.334999084472656,20.059999465942383,10.651880264282227,421.75,443.4599914550781,434.69818115234375,40.61391830444336,0.6687597632408142,0.6069425940513611,45.47734451293945,0.7303627729415894,0.0021857500541955233,0,0.0004185625002719462,0,-21.709991455078125,8.761810302734375
168,10,0,1,Day,,63.11913299560547,26.880868911743164,26.058889389038086,154.60000610351562,152.52230834960938,4.595300197601318,0.9865608215332031,7.560296535491943,3.5000998973846436,=NA(),=NA(),2.2041773796081543,1.4163999557495117,0.34380000829696655,0.08399999886751175,=NA(),20,1013.25,40.91266632080078,53.252098083496094,154.72999572753906,133.77499389648438,20.954999923706055,13.931879043579102,841.989990234375,873.6099853515625,868.0466918945312,40.727596282958984,1.3318884372711182,1.2596267461776733,46.15321350097656,1.418914556503296,0.004608562681823969,0,0.0004304999893065542,0,-31.6199951171875,5.56329345703125
168,11,0,1,Day,,59.20843505859375,30.791563034057617,10.988652229309082,170.3000030517578,167.94386291503906,4.60260009765625,0.9861647486686707,7.969811916351318,3.909899950027466,=NA(),=NA(),1.94866943359375,1.4163999557495117,0.34380000829696655,0.08399999886751175,=NA(),20,1013.25,17.737707138061523,57.4886360168457,178.46499633789062,165.07000732421875,13.395000457763672,15.218133926391602,998.6699829101562,1031.3399658203125,1029.7860107421875,40.513648986816406,1.5886410474777222,1.5621862411499023,46.26140594482422,1.6768018007278442,0.005650562234222889,0,0.00028568750713020563,0,-32.66998291015625,1.553955078125
168,12,0,1,Day,,58.57387161254883,31.426128387451172,354.9244689941406,121.08999633789062,120.05157470703125,1.9916000366210938,0.9914243817329407,8.350091934204102,4.210100173950195,=NA(),=NA(),1.9134626388549805,1.4163999557495117,0.34380000829696655,0.08399999886751175,=NA(),20,1013.25,-8.238425254821777,58.20810317993164,128.61000061035156,120.15499877929688,8.460000038146973,13.579370498657227,708.0999755859375,735.9400024414062,735.12841796875,40.28406524658203,1.1405389308929443,1.1323822736740112,45.92039108276367,1.2060760259628296,0.004082187544554472,0,0.00018606250523589551,0,-27.84002685546875,0.81158447265625
168,13,0,1,Day,,61.31913757324219,28.68086051940918,339.336669921875,138.2100067138672,136.91078186035156,2.7070999145507812,0.9905996322631836,9.099908828735352,4.159900188446045,=NA(),=NA(),2.077565908432007,1.4163999557495117,0.34380000829696655,0.08399999886751175,=NA(),20,1013.25,-32.824153900146484,55.17192077636719,139.59500122070312,124.15499877929688,15.440000534057617,14.816888809204102,764.2100219726562,790.7799682617188,788.8681030273438,40.30213928222656,1.2232472896575928,1.1758381128311157,45.87362289428711,1.2970819473266602,0.004273999948054552,0,0.00031762500293552876,0,-26.5699462890625,1.911865234375
168,14,0,1,Day,,67.02224731445312,22.97774887084961,325.4163513183594,137.6999969482422,135.94296264648438,4.500899791717529,0.9872401356697083,8.919794082641602,3.5701000690460205,=NA(),=NA(),2.548966407775879,1.4163999557495117,0.34380000829696655,0.08399999886751175,=NA(),20,1013.25,-53.23943328857422,49.286006927490234,136.41000366210938,110.9949951171875,25.420000076293945,14.609369277954102,725.4000244140625,751.1699829101562,736.82470703125,40.93135070800781,1.124894142150879,1.0342661142349243,45.8127326965332,1.2226883172988892,0.00383606250397861,0,0.0005319999763742089,0,-25.76995849609375,14.34527587890625
168,15,0,1,Day,,74.9906997680664,15.009297370910645,313.55755615234375,61.80699920654297,61.545745849609375,1.0088000297546387,0.9957730770111084,9.059991836547852,2.300100088119507,=NA(),=NA(),3.8116111755371094,1.4163999557495117,0.34380000829696655,0.08399999886751175,=NA(),20,1013.25,-37.22217559814453,50.97704315185547,62.119998931884766,54.14500045776367,7.975000381469727,11.651880264282227,321.08001708984375,336.760009765625,331.70623779296875,40.00836181640625,0.5181624293327332,0.4868025779724121,44.898338317871094,0.5647926330566406,0.0018374375067651272,0,0.00017331249546259642,0,-15.67999267578125,5.05377197265625
168,16,0,1,Day,,84.50758361816406,5.4924163818359375,303.5395812988281,8.497599601745605,8.488410949707031,0.09600000083446503,0.9989186525344849,9.000207901000977,2.180000066757202,=NA(),=NA(),9.534093856811523,1.4163999557495117,0.34380000829696655,0.08399999886751175,=NA(),20,1013.25,-9.5975341796875,76.5437240600586,9.020000457763672,8.414999961853027,0.6100000143051147,9.385004043579102,40.57999801635742,43.04999923706055,42.563785552978516,36.808921813964844,0.07227154076099396,0.07152717560529709,41.8839225769043,0.08460599929094315,0.00028606250998564065,0,0.00001300000076298602,0,-2.470001220703125,0.48621368408203125
168,17,0,1,Night,Sun below height limit of 1 degrees.,89.72098541259766,0.27901390194892883,298.8080139160156,0,0,0,0,8.669794082641602,2.2499001026153564,=NA(),0,34.0517463684082,1.4163999557495117,0.34380000829696655,0.08399999886751175,=NA(),20,1013.25,0,0,0,0,0,8.670007705688477,0,0,0,0,0,0,0,0,0,0,0,0,0,0
168,18,0,1,Night,,106.889892578125,-16.889894485473633,287.11859130859375,0,0,0,0,8.500299453735352,2.430000066757202,=NA(),0,64.81599426269531,1.4163999557495117,0.34380000829696655,0.08399999886751175,=NA(),20,1013.25,0,0,0,0,0,8.499994277954102,0,0,0,0,0,0,0,0,0,0,0,0,0,0
168,19,0,1,Night,,118.80326843261719,-28.803268432617188,279.6734313964844,0,0,0,0,8.600000381469727,2.789900064468384,=NA(),0,64.81599426269531,1.4163999557495117,0.34380000829696655,0.08399999886751175,=NA(),20,1013.25,0,0,0,0,0,8.600000381469727,0,0,0,0,0,0,0,0,0,0,0,0,0,0
168,20,0,1,Night,,130.99740600585938,-40.997398376464844,271.8938903808594,0,0,0,0,8.449792861938477,2.9700000286102295,=NA(),0,64.81599426269531,1.4163999557495117,0.34380000829696655,0.08399999886751175,=NA(),20,1013.25,0,0,0,0,0,8.450006484985352,0,0,0,0,0,0,0,0,0,0,0,0,0,0
168,21,0,1,Night,,143.2435302734375,-53.2435302734375,262.614990234375,0,0,0,0,8.399896621704102,2.9000000953674316,=NA(),0,64.81599426269531,1.4163999557495117,0.34380000829696655,0.08399999886751175,=NA(),20,1013.25,0,0,0,0,0,8.399988174438477,0,0,0,0,0,0,0,0,0,0,0,0,0,0
168,22,0,1,Night,,155.14247131347656,-65.1424789428711,248.88946533203125,0,0,0,0,8.399896621704102,2.75,=NA(),0,64.81599426269531,1.4163999557495117,0.34380000829696655,0.08399999886751175,=NA(),20,1013.25,0,0,0,0,0,8.399988174438477,0,0,0,0,0,0,0,0,0,0,0,0,0,0
168,23,0,1,Night,,165.303955078125,-75.303955078125,220.3169708251953,0,0,0,0,8.399896621704102,2.5199999809265137,=NA(),0,64.81599426269531,1.4163999557495117,0.34380000829696655,0.08399999886751175,=NA(),20,1013.25,0,0,0,0,0,8.399988174438477,0,0,0,0,0,0,0,0,0,0,0,0,0,0
169,0,0,1,Night,,167.65736389160156,-77.65735626220703,159.44683837890625,0,0,0,0,8.399896621704102,2.23009991645813,=NA(),0,64.81599426269531,1.4163999557495117,0.34380000829696655,0.08399999886751175,=NA(),20,1013.25,0,0,0,0,0,8.399988174438477,0,0,0,0,0,0,0,0,0,0,0,0,0,0
169,1,0,1,Night,,159.31019592285156,-69.3102035522461,118.96442413330078,0,0,0,0,8.600000381469727,1.940000057220459,=NA(),0,64.81599426269531,1.4163999557495117,0.34380000829696655,0.08399999886751175,=NA(),20,1013.25,0,0,0,0,0,8.600000381469727,0,0,0,0,0,0,0,0,0,0,0,0,0,0
169,2,0,1,Night,,147.77601623535156,-57.77601623535156,101.71246337890625,0,0,0,0,8.600000381469727,1.649999976158142,=NA(),0,64.81599426269531,1.4163999557495117,0.34380000829696655,0.08399999886751175,=NA(),20,1013.25,0,0,0,0,0,8.600000381469727,0,0,0,0,0,0,0,0,0,0,0,0,0,0
169,3,0,1,Night,,135.5931396484375,-45.593135833740234,91.30060577392578,0,0,0,0,8.980188369750977,1.4600000381469727,=NA(),0,64.81599426269531,1.4163999557495117,0.34380000829696655,0.08399999886751175,=NA(),20,1013.25,0,0,0,0,0,8.980005264282227,0,0,0,0,0,0,0,0,0,0,0,0,0,0
169,4,0,1,Night,,123.35047149658203,-33.35047149658203,83.14490509033203,0,0,0,0,9.149805068969727,1.3300000429153442,=NA(),0,64.81599426269531,1.4163999557495117,0.34380000829696655,0.08399999886751175,=NA(),20,1013.25,0,0,0,0,0,9.149988174438477,0,0,0,0,0,0,0,0,0,0,0,0,0,0
169,5,0,1,Night,,111.30826568603516,-21.308269500732422,75.66659545898438,0,0,0,0,9.300012588500977,1.2898999452590942,=NA(),0,64.81599426269531,1.4163999557495117,0.34380000829696655,0.08399999886751175,=NA(),20,1013.25,0,0,0,0,0,9.300012588500977,0,0,0,0,0,0,0,0,0,0,0,0,0,0
169,6,0,1,Night,,99.68490600585938,-9.684906959533691,68.07786560058594,0,0,0,0,9.200311660766602,1.3200000524520874,=NA(),0,64.81599426269531,1.4163999557495117,0.34380000829696655,0.08399999886751175,=NA(),20,1013.25,0,0,0,0,0,9.200006484985352,0,0,0,0,0,0,0,0,0,0,0,0,0,0
169,7,0,1,Day,,86.70479583740234,3.295206069946289,58.43461608886719,15.901000022888184,15.883618354797363,0.30239999294281006,0.9989069104194641,9.099908828735352,2.180000066757202,=NA(),=NA(),14.195303916931152,1.4163999557495117,0.34380000829696655,0.08399999886751175,=NA(),20,1013.25,5.568337440490723,81.96669006347656,16.959999084472656,15.864999771118164,1.0950000286102295,9.817499160766602,81.76000213623047,86.66000366210938,84.56761932373047,38.2038688659668,0.13835036754608154,0.13697156310081482,42.95404815673828,0.1585657149553299,0.0005375000182539225,0,0.000024000000848900527,0,-4.900001525878906,2.0923843383789062
169,8,0,1,Day,,78.42387390136719,11.576129913330078,50.37355422973633,109.61000061035156,105.59519958496094,20.006999969482422,0.9633719325065613,9.300012588500977,2.8698999881744385,=NA(),=NA(),4.872654438018799,1.4163999557495117,0.34380000829696655,0.08399999886751175,=NA(),20,1013.25,23.778884887695312,60.798927307128906,137.1750030517578,128.66000366210938,8.520000457763672,14.883142471313477,760.5800170898438,786.8699951171875,785.4589233398438,40.219154357910156,1.2205885648727417,1.1963037252426147,45.85747528076172,1.2904222011566162,0.004388062283396721,0,0.00018237499170936644,0,-26.28997802734375,1.41107177734375
169,9,0,1,Day,,69.7945785522461,20.20542335510254,39.25013732910156,193.10000610351562,180.04576110839844,37.79600143432617,0.9323964715003967,9.890314102172852,3.660099983215332,=NA(),=NA(),2.8760104179382324,1.4163999557495117,0.34380000829696655,0.08399999886751175,=NA(),20,1013.25,59.81410217285156,46.6134033203125,231.114990234375,196.760009765625,34.36000061035156,19.3743839263916,1288.75,1311.93994140625,1305.5731201171875,40.444332122802734,2.0173451900482178,1.9161534309387207,46.120426177978516,2.141826868057251,0.006872875150293112,0,0.0007178749656304717,0,-23.18994140625,6.3668212890625
169,10,0,1,Day,,63.16197204589844,26.838029861450195,26.09925651550293,412.489990234375,274.3402099609375,306,0.6650832891464233,10.879999160766602,4.530099868774414,=NA(),=NA(),2.207404851913452,1.4163999557495117,0.34380000829696655,0.08399999886751175,=NA(),20,1013.25,41.00611114501953,53.25469207763672,486.2650146484375,452.03997802734375,34.224998474121094,30.628137588500977,2853.719970703125,2798.830078125,2796.837646484375,39.41688919067383,4.4347639083862305,4.3458170890808105,45.99633026123047,4.670291900634766,0.01572125032544136,0,0.0007193125202320516,0,54.889892578125,1.992431640625
169,11,0,1,Day,,59.24159240722656,30.75840950012207,11.040867805480957,516.489990234375,298.0679626464844,427.0899963378906,0.5771030783653259,11.670007705688477,5.440000057220459,=NA(),=NA(),1.95055091381073,1.4163999557495117,0.34380000829696655,0.08399999886751175,=NA(),20,1013.25,17.837675094604492,57.50366973876953,556.5,525.5350341796875,30.96500015258789,34.27873992919922,3266.5,3165.669921875,3165.74267578125,38.97914123535156,5.076028347015381,5.0437164306640625,45.76080322265625,5.34612512588501,0.018102874979376793,0,0.0006695624906569719,0,100.830078125,-0.07275390625
169,12,0,1,Day,,58.594600677490234,31.405399322509766,354.9848937988281,324.1000061035156,276.5760803222656,91.20099639892578,0.853366494178772,11.779993057250977,5.970099925994873,=NA(),=NA(),1.9145890474319458,1.4163999557495117,0.34380000829696655,0.08399999886751175,=NA(),20,1013.25,-8.148482322692871,58.23714828491211,344.14501953125,323.55999755859375,20.584999084472656,25.75188636779785,1979.010009765625,1972.0999755859375,1971.5997314453125,39.74321746826172,3.1005287170410156,3.0900113582611084,45.99945068359375,3.2665328979492188,0.01105012558400631,0,0.00045131248771212995,0,6.9100341796875,0.500244140625
169,13,0,1,Day,,61.32664108276367,28.673357009887695,339.3992004394531,165.91000366210938,163.45814514160156,5.110000133514404,0.9852217435836792,11.749994277954102,6.050099849700928,=NA(),=NA(),2.078059673309326,1.4163999557495117,0.34380000829696655,0.08399999886751175,=NA(),20,1013.25,-32.75665283203125,55.211692810058594,168.69500732421875,150.57501220703125,18.125,18.6612491607666,932.77001953125,952.3400268554688,950.275390625,39.988128662109375,1.48513925075531,1.4294157028198242,45.67652893066406,1.5725771188735962,0.00518624996766448,0,0.000373187504010275,0,-19.57000732421875,2.06463623046875
169,14,0,1,Day,,67.01786804199219,22.982135772705078,325.4761047363281,339.79998779296875,248.8616485595703,232.91000366210938,0.7323768734931946,10.779993057250977,5.46999979019165,=NA(),=NA(),2.5485119819641113,1.4163999557495117,0.34380000829696655,0.08399999886751175,=NA(),20,1013.25,-53.19197463989258,49.33169937133789,441.9949951171875,404.3399963378906,37.660003662109375,28.691247940063477,2595.669921875,2561.81005859375,2561.433349609375,39.58557891845703,4.044225692749023,3.9318299293518066,46.08359146118164,4.260634422302246,0.014181500300765038,0,0.0008014999912120402,0,33.85986328125,0.376708984375
169,15,0,1,Day,,74.97684478759766,15.023154258728027,313.6126708984375,47.39099884033203,47.238685607910156,0.5875999927520752,0.9967860579490662,10.499994277954102,4.399899959564209,=NA(),=NA(),3.808274507522583,1.4163999557495117,0.34380000829696655,0.08399999886751175,=NA(),20,1013.25,-37.33647918701172,50.935142517089844,46.73999786376953,40.529998779296875,6.215000152587891,12.462488174438477,236.91000366210938,248,243.5966796875,39.484596252441406,0.38557401299476624,0.3608913719654083,44.28762435913086,0.4243868589401245,0.0013741875300183892,0,0.00013475000741891563,0,-11.089996337890625,4.4033203125
169,16,0,1,Day,,84.48755645751953,5.512446880340576,303.59039306640625,15.491000175476074,15.472604751586914,0.1914999932050705,0.9988124966621399,10.800012588500977,4.539899826049805,=NA(),=NA(),9.504918098449707,1.4163999557495117,0.34380000829696655,0.08399999886751175,=NA(),20,1013.25,-9.639643669128418,76.49386596679688,16.450000762939453,15.34000015258789,1.1100000143051147,11.495019912719727,79.22999572753906,83.45999908447266,82.29866790771484,37.70981979370117,0.1364017277956009,0.13502353429794312,42.65217971801758,0.15436598658561707,0.0005216249846853316,0,0.000024312499590450898,0,-4.230003356933594,1.1613311767578125
169,17,0,1,Night,Sun below height limit of 1 degrees.,89.7101821899414,0.2898159325122833,298.8500061035156,0,0,0,0,9.920190811157227,4.939899921417236,=NA(),0,33.912513732910156,1.4163999557495117,0.34380000829696655,0.08399999886751175,=NA(),20,1013.25,0,0,0,0,0,9.920007705688477,0,0,0,0,0,0,0,0,0,0,0,0,0,0
169,18,0,1,Night,,106.85912322998047,-16.859119415283203,287.1659851074219,0,0,0,0,9.799890518188477,4.619900226593018,=NA(),0,64.81599426269531,1.4163999557495117,0.34380000829696655,0.08399999886751175,=NA(),20,1013.25,0,0,0,0,0,9.800012588500977,0,0,0,0,0,0,0,0,0,0,0,0,0,0
169,19,0,1,Night,,118.77010345458984,-28.770105361938477,279.72296142578125,0,0,0,0,9.030115127563477,4.099999904632568,=NA(),0,64.81599426269531,1.4163999557495117,0.34380000829696655,0.08399999886751175,=NA(),20,1013.25,0,0,0,0,0,9.029993057250977,0,0,0,0,0,0,0,0,0,0,0,0,0,0
169,20,0,1,Night,,130.96299743652344,-40.96299362182617,271.94989013671875,0,0,0,0,8.600000381469727,4.019999980926514,=NA(),0,64.81599426269531,1.4163999557495117,0.34380000829696655,0.08399999886751175,=NA(),20,1013.25,0,0,0,0,0,8.600000381469727,0,0,0,0,0,0,0,0,0,0,0,0,0,0
169,21,0,1,Night,,143.20960998535156,-53.209617614746094,262.6860046386719,0,0,0,0,8.600000381469727,4.510000228881836,=NA(),0,64.81599426269531,1.4163999557495117,0.34380000829696655,0.08399999886751175,=NA(),20,1013.25,0,0,0,0,0,8.600000381469727,0,0,0,0,0,0,0,0,0,0,0,0,0,0
169,22,0,1,Night,,155.11293029785156,-65.1129379272461,248.99769592285156,0,0,0,0,7.499810695648193,4.770100116729736,=NA(),0,64.81599426269531,1.4163999557495117,0.34380000829696655,0.08399999886751175,=NA(),20,1013.25,0,0,0,0,0,7.499993801116943,0,0,0,0,0,0,0,0,0,0,0,0,0,0
169,23,0,1,Night,,165.29246520996094,-75.29247283935547,220.5255584716797,0,0,0,0,6.480096340179443,4.809999942779541,=NA(),0,64.81599426269531,1.4163999557495117,0.34380000829696655,0.08399999886751175,=NA(),20,1013.25,0,0,0,0,0,6.480004787445068,0,0,0,0,0,0,0,0,0,0,0,0,0,0
170,0,0,1,Night,,167.69285583496094,-77.6928482055664,159.63807678222656,0,0,0,0,5.540093898773193,4.70989990234375,=NA(),0,64.81599426269531,1.4163999557495117,0.34380000829696655,0.08399999886751175,=NA(),20,1013.25,0,0,0,0,0,5.540002346038818,0,0,0,0,0,0,0,0,0,0,0,0,0,0
170,1,0,1,Night,,159.36212158203125,-69.36211395263672,119.00707244873047,0,0,0,0,4.330193996429443,4.770100116729736,=NA(),0,64.81599426269531,1.4163999557495117,0.34380000829696655,0.08399999886751175,=NA(),20,1013.25,0,0,0,0,0,4.330010890960693,0,0,0,0,0,0,0,0,0,0,0,0,0,0
170,2,0,1,Night,,147.8296356201172,-57.82963562011719,101.72460174560547,0,0,0,0,4.320214748382568,4.789899826049805,=NA(),0,64.81599426269531,1.4163999557495117,0.34380000829696655,0.08399999886751175,=NA(),20,1013.25,0,0,0,0,0,4.320001125335693,0,0,0,0,0,0,0,0,0,0,0,0,0,0
170,3,0,1,Night,,135.64703369140625,-45.64702606201172,91.3072280883789,0,0,0,0,2.8697142601013184,4.600100040435791,=NA(),0,64.81599426269531,1.4163999557495117,0.34380000829696655,0.08399999886751175,=NA(),20,1013.25,0,0,0,0,0,2.8699889183044434,0,0,0,0,0,0,0,0,0,0,0,0,0,0
170,4,0,1,Night,,123.40437316894531,-33.40437698364258,83.15162658691406,0,0,0,0,2.7799925804138184,4.460100173950195,=NA(),0,64.81599426269531,1.4163999557495117,0.34380000829696655,0.08399999886751175,=NA(),20,1013.25,0,0,0,0,0,2.7799925804138184,0,0,0,0,0,0,0,0,0,0,0,0,0,0
170,5,0,1,Night,,111.36211395263672,-21.36211395263672,75.67540740966797,0,0,0,0,2.5400023460388184,4.349999904632568,=NA(),0,64.81599426269531,1.4163999557495117,0.34380000829696655,0.08399999886751175,=NA(),20,1013.25,0,0,0,0,0,2.5400023460388184,0,0,0,0,0,0,0,0,0,0,0,0,0,0
170,6,0,1,Night,,99.7388687133789,-9.738868713378906,68.09011840820312,0,0,0,0,2.1397948265075684,4.300099849700928,=NA(),0,64.81599426269531,1.4163999557495117,0.34380000829696655,0.08399999886751175,=NA(),20,1013.25,0,0,0,0,0,2.1400084495544434,0,0,0,0,0,0,0,0,0,0,0,0,0,0
170,7,0,1,Day,,86.72545623779297,3.2745442390441895,58.43278121948242,41.29600143432617,40.308048248291016,17.29599952697754,0.9760763049125671,2.9402098655700684,4.619900226593018,=NA(),=NA(),14.258674621582031,1.4163999557495117,0.34380000829696655,0.08399999886751175,=NA(),20,1013.25,5.533105850219727,82.01734924316406,49.349998474121094,47.095001220703125,2.255000114440918,5.043756008148193,220.07000732421875,236.60000610351562,232.22222900390625,40.520748138427734,0.35818856954574585,0.35463058948516846,45.24164581298828,0.3951622545719147,0.0013587500434368849,0,0.00004993750189896673,0,-16.529998779296875,4.377777099609375
170,8,0,1,Day,,78.4706039428711,11.52939510345459,50.397438049316406,174.99000549316406,150.68772888183594,121.58999633789062,0.8611218929290771,6.569787502288818,4.850100040435791,=NA(),=NA(),4.891218185424805,1.4163999557495117,0.34380000829696655,0.08399999886751175,=NA(),20,1013.25,23.65062713623047,60.92636489868164,275.45501708984375,265.6000061035156,9.854999542236328,17.68438148498535,1581.27001953125,1618.3299560546875,1617.5960693359375,40.651248931884766,2.4870057106018066,2.4596004486083984,46.69318771362305,2.6164603233337402,0.009036250412464142,0,0.00021425000159069896,0,-37.0599365234375,0.73388671875
170,9,0,1,Day,,69.83785247802734,20.162147521972656,39.282936096191406,347.8900146484375,248.7640380859375,287.5899963378906,0.7150651812553406,10.290002822875977,5.090099811553955,=NA(),=NA(),2.881830930709839,1.4163999557495117,0.34380000829696655,0.08399999886751175,=NA(),20,1013.25,59.889564514160156,46.60186767578125,513.5,470.85498046875,42.64500045776367,31.118738174438477,3032.77001953125,2969.760009765625,2967.490234375,39.39579772949219,4.707925319671631,4.58516263961792,46.040321350097656,4.957046031951904,0.01655837520956993,0,0.0008931874763220549,0,63.010009765625,2.269775390625
170,10,0,1,Day,,63.198333740234375,26.801664352416992,26.142683029174805,452.7900085449219,284.55792236328125,373.1000061035156,0.6284545063972473,12.619989395141602,5.679999828338623,=NA(),=NA(),2.2101526260375977,1.4163999557495117,0.34380000829696655,0.08399999886751175,=NA(),20,1013.25,41.094696044921875,53.250797271728516,541.6749877929688,506.2799987792969,35.394996643066406,34.65624237060547,3194.02001953125,3091.409912109375,3089.44580078125,38.94108581542969,4.958594799041748,4.870850563049316,45.67078399658203,5.223435878753662,0.017616312950849533,0,0.00074637500802055,0,102.610107421875,1.964111328125
170,11,0,1,Day,,59.267860412597656,30.73213768005371,11.09447956085205,512.2000122070312,296.7518005371094,421.6000061035156,0.5793670415878296,14.029993057250977,6.019999980926514,=NA(),=NA(),1.9520447254180908,1.4163999557495117,0.34380000829696655,0.08399999886751175,=NA(),20,1013.25,17.93526268005371,57.51173782348633,551.9400024414062,521.1950073242188,30.744998931884766,36.49748992919922,3238.919921875,3115.68994140625,3115.45263671875,38.67359161376953,5.034858226776123,5.002068042755127,45.45546340942383,5.305970668792725,0.01795206218957901,0,0.0006646250258199871,0,123.22998046875,0.2373046875
170,12,0,1,Day,,58.608482360839844,31.391517639160156,355.0447082519531,516.2999877929688,296.5914306640625,421.79998779296875,0.5744556188583374,15.100000381469727,5.869999885559082,=NA(),=NA(),1.9153441190719604,1.4163999557495117,0.34380000829696655,0.08399999886751175,=NA(),20,1013.25,-8.057122230529785,58.259273529052734,548.010009765625,518.0250244140625,29.989999771118164,37.45061492919922,3204.3701171875,3072.489990234375,3072.86083984375,38.5285758972168,4.984709739685059,4.973092079162598,45.311527252197266,5.255263805389404,0.017765624448657036,0,0.0006560625042766333,0,131.880126953125,-0.370849609375
170,13,0,1,Day,,61.32775115966797,28.672250747680664,339.4593200683594,455.3900146484375,284.34661865234375,356.489990234375,0.6244024038314819,15.459985733032227,5.619999885559082,=NA(),=NA(),2.078132390975952,1.4163999557495117,0.34380000829696655,0.08399999886751175,=NA(),20,1013.25,-32.68501281738281,55.24505615234375,515.4749755859375,483.9750061035156,31.5,36.420616149902344,3033.699951171875,2918.60009765625,2919.3017578125,38.62439727783203,4.723898410797119,4.6558709144592285,45.34695816040039,4.981527805328369,0.01678900048136711,0,0.0006680624792352319,0,115.099853515625,-0.70166015625
170,14,0,1,Day,,67.00789642333984,22.992107391357422,325.5321350097656,350.510009765625,251.48789978027344,253.50999450683594,0.7174913287162781,15.230005264282227,4.980000019073486,=NA(),=NA(),2.5474793910980225,1.4163999557495117,0.34380000829696655,0.08399999886751175,=NA(),20,1013.25,-53.1395378112793,49.37162399291992,458.875,420.83001708984375,38.04499816894531,33.89061737060547,2699.830078125,2618.989990234375,2618.72412109375,38.89645767211914,4.20794153213501,4.094815731048584,45.46901321411133,4.437826156616211,0.01476099994033575,0,0.0008103125146590173,0,80.840087890625,0.265869140625
170,15,0,1,Day,,74.95838165283203,15.041616439819336,313.6632080078125,182.89999389648438,163.01968383789062,76.60399627685547,0.8913050293922424,14.999994277954102,3.5299999713897705,=NA(),=NA(),3.8038389682769775,1.4163999557495117,0.34380000829696655,0.08399999886751175,=NA(),20,1013.25,-37.46660232543945,50.87929153442383,265.5350036621094,249.2349853515625,16.30500030517578,25.83001136779785,1531.25,1525.3800048828125,1520.1995849609375,39.610538482666016,2.398653507232666,2.3372421264648438,45.54630661010742,2.5359413623809814,0.008608062751591206,0,0.0003584375081118196,0,5.8699951171875,5.180419921875
170,16,0,1,Day,,84.46366882324219,5.5363335609436035,303.6361389160156,27.191999435424805,27.144609451293945,0.4912000000476837,0.9982572197914124,13.899988174438477,3.619999885559082,=NA(),=NA(),9.470342636108398,1.4163999557495117,0.34380000829696655,0.08399999886751175,=NA(),20,1013.25,-9.688239097595215,76.43440246582031,29.30500030517578,27.3799991607666,1.9249999523162842,15.129358291625977,147.260009765625,152.8000030517578,150.56236267089844,38.22233581542969,0.24619682133197784,0.24367298185825348,43.12467575073242,0.27318036556243896,0.0009248125134035945,0,0.00004199999966658652,0,-5.5399932861328125,2.237640380859375
170,17,0,1,Night,Sun below height limit of 1 degrees.,89.70640563964844,0.29359468817710876,298.8771057128906,0,0,0,0,11.529993057250977,3.8101000785827637,=NA(),0,33.86402893066406,1.4163999557495117,0.34380000829696655,0.08399999886751175,=NA(),20,1013.25,0,0,0,0,0,11.529993057250977,0,0,0,0,0,0,0,0,0,0,0,0,0,0
170,18,0,1,Night,,106.82503509521484,-16.82503318786621,287.207275390625,0,0,0,0,9.430292129516602,3.7599000930786133,=NA(),0,64.81599426269531,1.4163999557495117,0.34380000829696655,0.08399999886751175,=NA(),20,1013.25,0,0,0,0,0,9.429986953735352,0,0,0,0,0,0,0,0,0,0,0,0,0,0
170,19,0,1,Night,,118.73382568359375,-28.733823776245117,279.76556396484375,0,0,0,0,7.590203762054443,3.589900016784668,=NA(),0,64.81599426269531,1.4163999557495117,0.34380000829696655,0.08399999886751175,=NA(),20,1013.25,0,0,0,0,0,7.589990139007568,0,0,0,0,0,0,0,0,0,0,0,0,0,0
170,20,0,1,Night,,130.9256134033203,-40.92561340332031,271.9977111816406,0,0,0,0,5.960198879241943,3.390000104904175,=NA(),0,64.81599426269531,1.4163999557495117,0.34380000829696655,0.08399999886751175,=NA(),20,1013.25,0,0,0,0,0,5.959985256195068,0,0,0,0,0,0,0,0,0,0,0,0,0,0
170,21,0,1,Night,,143.17257690429688,-53.172576904296875,262.7467956542969,0,0,0,0,5.550103664398193,3.1898999214172363,=NA(),0,64.81599426269531,1.4163999557495117,0.34380000829696655,0.08399999886751175,=NA(),20,1013.25,0,0,0,0,0,5.550012111663818,0,0,0,0,0,0,0,0,0,0,0,0,0,0
170,22,0,1,Night,,155.0795440673828,-65.07955169677734,249.0921173095703,0,0,0,0,5.119988918304443,3.029900074005127,=NA(),0,64.81599426269531,1.4163999557495117,0.34380000829696655,0.08399999886751175,=NA(),20,1013.25,0,0,0,0,0,5.119988918304443,0,0,0,0,0,0,0,0,0,0,0,0,0,0
170,23,0,1,Night,,165.2752227783203,-75.27522277832031,220.7180633544922,0,0,0,0,3.8203063011169434,2.8798999786376953,=NA(),0,64.81599426269531,1.4163999557495117,0.34380000829696655,0.08399999886751175,=NA(),20,1013.25,0,0,0,0,0,3.8200011253356934,0,0,0,0,0,0,0,0,0,0,0,0,0,0
171,0,0,1,Night,,167.72161865234375,-77.72162628173828,159.84039306640625,0,0,0,0,3.4102110862731934,2.75,=NA(),0,64.81599426269531,1.4163999557495117,0.34380000829696655,0.08399999886751175,=NA(),20,1013.25,0,0,0,0,0,3.4099974632263184,0,0,0,0,0,0,0,0,0,0,0,0,0,0
171,1,0,1,Night,,159.40965270996094,-69.4096450805664,119.06517791748047,0,0,0,0,2.0599913597106934,2.6900999546051025,=NA(),0,64.81599426269531,1.4163999557495117,0.34380000829696655,0.08399999886751175,=NA(),20,1013.25,0,0,0,0,0,2.0599913597106934,0,0,0,0,0,0,0,0,0,0,0,0,0,0
171,2,0,1,Night,,147.8798370361328,-57.87982940673828,101.74809265136719,0,0,0,0,2.0700011253356934,2.639899969100952,=NA(),0,64.81599426269531,1.4163999557495117,0.34380000829696655,0.08399999886751175,=NA(),20,1013.25,0,0,0,0,0,2.0700011253356934,0,0,0,0,0,0,0,0,0,0,0,0,0,0
171,3,0,1,Night,,135.69757080078125,-45.69757080078125,91.3226547241211,0,0,0,0,0.8301941156387329,2.5899999141693115,=NA(),0,64.81599426269531,1.4163999557495117,0.34380000829696655,0.08399999886751175,=NA(),20,1013.25,0,0,0,0,0,0.8300110101699829,0,0,0,0,0,0,0,0,0,0,0,0,0,0
171,4,0,1,Night,,123.4546127319336,-33.45461654663086,83.1656494140625,0,0,0,0,1.280206322669983,2.610100030899048,=NA(),0,64.81599426269531,1.4163999557495117,0.34380000829696655,0.08399999886751175,=NA(),20,1013.25,0,0,0,0,0,1.279992699623108,0,0,0,0,0,0,0,0,0,0,0,0,0,0
171,5,0,1,Night,,111.41175079345703,-21.411752700805664,75.69061279296875,0,0,0,0,0.6799865961074829,2.54010009765625,=NA(),0,64.81599426269531,1.4163999557495117,0.34380000829696655,0.08399999886751175,=NA(),20,1013.25,0,0,0,0,0,0.6799865961074829,0,0,0,0,0,0,0,0,0,0,0,0,0,0
171,6,0,1,Night,,99.78752899169922,-9.78752613067627,68.10813903808594,0,0,0,0,-0.00009765625145519152,2.3299999237060547,=NA(),0,64.81599426269531,1.4163999557495117,0.34380000829696655,0.08399999886751175,=NA(),20,1013.25,0,0,0,0,0,-0.00000610351571594947,0,0,0,0,0,0,0,0,0,0,0,0,0,0
171,7,0,1,Day,,86.74948120117188,3.250521421432495,58.441165924072266,46.19900131225586,44.68489074707031,26.702999114990234,0.9672263264656067,-0.5000060796737671,2.190000057220459,=NA(),=NA(),14.332951545715332,1.4163999557495117,0.34380000829696655,0.08399999886751175,=NA(),20,1013.25,5.491550922393799,82.07620239257812,56.38500213623047,53.98500061035156,2.4000000953674316,1.908746361732483,246.05999755859375,267.29998779296875,262.5917663574219,41.14862060546875,0.39885130524635315,0.39517495036125183,45.86837387084961,0.43827003240585327,0.0015118749579414725,0,0.00005318750118021853,0,-21.239990234375,4.708221435546875
171,8,0,1,Day,,78.51213836669922,11.487863540649414,50.42612838745117,164.30999755859375,144.11514282226562,101.4000015258789,0.8770929574966431,3.1900877952575684,2.2499001026153564,=NA(),=NA(),4.907835483551025,1.4163999557495117,0.34380000829696655,0.08399999886751175,=NA(),20,1013.25,23.534029006958008,61.03952407836914,253.04000854492188,243.43499755859375,9.600000381469727,13.376886367797852,1447.43994140625,1502.429931640625,1501.5484619140625,41.171199798583984,2.279430389404297,2.253063678741455,47.123085021972656,2.3968751430511475,0.008283937349915504,0,0.00020762499480042607,0,-54.989990234375,0.8814697265625
171,9,0,1,Day,,69.87471008300781,20.125288009643555,39.31983184814453,350.70001220703125,250.47122192382812,291.29998779296875,0.7142036557197571,6.129785060882568,2.089900016784668,=NA(),=NA(),2.886808395385742,1.4163999557495117,0.34380000829696655,0.08399999886751175,=NA(),20,1013.25,59.95856475830078,46.584232330322266,519.155029296875,476.2550048828125,42.904998779296875,27.12249183654785,3066.56005859375,3042.449951171875,3039.97412109375,39.95688247680664,4.755197525024414,4.632040977478027,46.581844329833984,5.001863956451416,0.016744375228881836,0,0.0008983125444501638,0,24.110107421875,2.475830078125
171,10,0,1,Day,,63.22774887084961,26.77225112915039,26.189085006713867,462.70001220703125,289.1479797363281,385.2900085449219,0.6249145865440369,8.960290908813477,1.7899999618530273,=NA(),=NA(),2.212381362915039,1.4163999557495117,0.34380000829696655,0.08399999886751175,=NA(),20,1013.25,41.17771911621094,53.24015426635742,554.5150146484375,518.4649658203125,36.05000305175781,31.4637393951416,3271.18994140625,3199.919921875,3197.61865234375,39.39950942993164,5.0724968910217285,4.983633518218994,46.1301155090332,5.33868932723999,0.018038436770439148,0,0.000760124996304512,0,71.27001953125,2.30126953125
171,11,0,1,Day,,59.28691482543945,30.713083267211914,11.149406433105469,519.5,299.3152160644531,431.1099853515625,0.576160192489624,11.770013809204102,1.2798999547958374,=NA(),=NA(),1.9531301259994507,1.4163999557495117,0.34380000829696655,0.08399999886751175,=NA(),20,1013.25,18.030048370361328,57.5125617980957,559.989990234375,528.844970703125,31.150001525878906,34.53374481201172,3287.10986328125,3182.93994140625,3182.40966796875,38.95521545410156,5.105886459350586,5.0720391273498535,45.738983154296875,5.37744140625,0.018215186893939972,0,0.0006733749760314822,0,104.169921875,0.5302734375
171,12,0,1,Day,,58.61507797241211,31.38492202758789,355.1038513183594,520.4000244140625,297.7123718261719,427.6000061035156,0.5720837116241455,13.570001602172852,0.8899000287055969,=NA(),=NA(),1.915703296661377,1.4163999557495117,0.34380000829696655,0.08399999886751175,=NA(),20,1013.25,-7.964456558227539,58.27402877807617,552.3099975585938,522.1099853515625,30.200000762939453,36.07500457763672,3229.679931640625,3111.179931640625,3111.311767578125,38.724945068359375,5.021491050720215,5.0096845626831055,45.505455017089844,5.291677951812744,0.017903750762343407,0,0.0006610624841414392,0,118.5,-0.1318359375
171,13,0,1,Day,,61.32180404663086,28.678194046020508,339.5169372558594,459.29998779296875,285.05206298828125,363.1000061035156,0.6206228137016296,13.899988174438477,0.6000000238418579,=NA(),=NA(),2.0777416229248047,1.4163999557495117,0.34380000829696655,0.08399999886751175,=NA(),20,1013.25,-32.608642578125,55.27145004272461,519.9649658203125,488.32501220703125,31.639999389648438,35.023765563964844,3060.570068359375,2958.429931640625,2958.955810546875,38.826141357421875,4.763185501098633,4.6954803466796875,45.5462760925293,5.020760536193848,0.016937624663114548,0,0.000671125017106533,0,102.14013671875,-0.52587890625
171,14,0,1,Day,,66.99136352539062,23.008634567260742,325.5843505859375,341.989990234375,249.4359130859375,236.7899932861328,0.7293661236763,14.749994277954102,0.3499999940395355,=NA(),=NA(),2.5457699298858643,1.4163999557495117,0.34380000829696655,0.08399999886751175,=NA(),20,1013.25,-53.0809211730957,49.40519714355469,444.8499755859375,407.16497802734375,37.685001373291016,32.839988708496094,2612.27001953125,2542.8798828125,2542.329345703125,39.019065856933594,4.0723443031311035,3.959785223007202,45.54887771606445,4.294342517852783,0.014274812303483486,0,0.0008019999950192869,0,69.39013671875,0.550537109375
171,15,0,1,Day,,74.93363952636719,15.066362380981445,313.7091064453125,186.91000366210938,165.38612365722656,82.80400085449219,0.8848435878753662,14.379999160766602,0.7001000046730042,=NA(),=NA(),3.797910213470459,1.4163999557495117,0.34380000829696655,0.08399999886751175,=NA(),20,1013.25,-37.61995315551758,50.80436325073242,273.5950012207031,257.07501220703125,16.514999389648438,25.531885147094727,1580.760009765625,1576.3599853515625,1570.6973876953125,39.698211669921875,2.472865104675293,2.4096622467041016,45.64033889770508,2.61429762840271,0.008884437382221222,0,0.000362687511369586,0,4.4000244140625,5.66259765625
171,16,0,1,Day,,84.43350219726562,5.566495895385742,303.67669677734375,25.493000030517578,25.445003509521484,0.49480000138282776,0.9981172680854797,13.640008926391602,1.3200000524520874,=NA(),=NA(),9.427041053771973,1.4163999557495117,0.34380000829696655,0.08399999886751175,=NA(),20,1013.25,-9.747689247131348,76.35932159423828,27.225000381469727,25.404998779296875,1.8199999332427979,14.783746719360352,136.55999755859375,141.94000244140625,139.6468963623047,38.18525314331055,0.2285698503255844,0.22630499303340912,43.053131103515625,0.25467538833618164,0.0008616250124759972,0,0.000039687500247964635,0,-5.3800048828125,2.2931060791015625
171,17,0,1,Night,Sun below height limit of 1 degrees.,89.68524932861328,0.31475189328193665,298.901123046875,0,0,0,0,6.989892482757568,1.649999976158142,=NA(),0,33.59418869018555,1.4163999557495117,0.34380000829696655,0.08399999886751175,=NA(),20,1013.25,0,0,0,0,0,6.990014553070068,0,0,0,0,0,0,0,0,0,0,0,0,0,0
171,18,0,1,Night,,106.78813934326172,-16.78813934326172,287.2424011230469,0,0,0,0,5.189813137054443,1.7200000286102295,=NA(),0,64.81599426269531,1.4163999557495117,0.34380000829696655,0.08399999886751175,=NA(),20,1013.25,0,0,0,0,0,5.189996242523193,0,0,0,0,0,0,0,0,0,0,0,0,0,0
171,19,0,1,Night,,118.69447326660156,-28.69447135925293,279.8012390136719,0,0,0,0,4.770287990570068,1.7300000190734863,=NA(),0,64.81599426269531,1.4163999557495117,0.34380000829696655,0.08399999886751175,=NA(),20,1013.25,0,0,0,0,0,4.770013332366943,0,0,0,0,0,0,0,0,0,0,0,0,0,0
171,20,0,1,Night,,130.88519287109375,-40.88519287109375,272.0373229980469,0,0,0,0,2.9999938011169434,1.7799999713897705,=NA(),0,64.81599426269531,1.4163999557495117,0.34380000829696655,0.08399999886751175,=NA(),20,1013.25,0,0,0,0,0,2.9999938011169434,0,0,0,0,0,0,0,0,0,0,0,0,0,0
171,21,0,1,Night,,143.13235473632812,-53.132362365722656,262.7972106933594,0,0,0,0,2.7799925804138184,1.8600000143051147,=NA(),0,64.81599426269531,1.4163999557495117,0.34380000829696655,0.08399999886751175,=NA(),20,1013.25,0,0,0,0,0,2.7799925804138184,0,0,0,0,0,0,0,0,0,0,0,0,0,0
171,22,0,1,Night,,155.04237365722656,-65.04237365722656,249.1725616455078,0,0,0,0,2.9002928733825684,2.0099000930786133,=NA(),0,64.81599426269531,1.4163999557495117,0.34380000829696655,0.08399999886751175,=NA(),20,1013.25,0,0,0,0,0,2.8999876976013184,0,0,0,0,0,0,0,0,0,0,0,0,0,0
171,23,0,1,Night,,165.25225830078125,-75.25225830078125,220.89410400390625,0,0,0,0,2.0599913597106934,2.3499999046325684,=NA(),0,64.81599426269531,1.4163999557495117,0.34380000829696655,0.08399999886751175,=NA(),20,1013.25,0,0,0,0,0,2.0599913597106934,0,0,0,0,0,0,0,0,0,0,0,0,0,0
172,0,0,1,Night,,167.7436981201172,-77.74369812011719,160.05316162109375,0,0,0,0,1.020288109779358,2.680000066757202,=NA(),0,64.81599426269531,1.4163999557495117,0.34380000829696655,0.08399999886751175,=NA(),20,1013.25,0,0,0,0,0,1.020013451576233,0,0,0,0,0,0,0,0,0,0,0,0,0,0
172,1,0,1,Night,,159.4528045654297,-69.45280456542969,119.13868713378906,0,0,0,0,0.24990233778953552,2.9200000762939453,=NA(),0,64.81599426269531,1.4163999557495117,0.34380000829696655,0.08399999886751175,=NA(),20,1013.25,0,0,0,0,0,0.24999389052391052,0,0,0,0,0,0,0,0,0,0,0,0,0,0
172,2,0,1,Night,,147.92652893066406,-57.9265251159668,101.78289031982422,0,0,0,0,1.189904808998108,3.049999952316284,=NA(),0,64.81599426269531,1.4163999557495117,0.34380000829696655,0.08399999886751175,=NA(),20,1013.25,0,0,0,0,0,1.189996361732483,0,0,0,0,0,0,0,0,0,0,0,0,0,0
172,3,0,1,Night,,135.7447967529297,-45.744789123535156,91.34684753417969,0,0,0,0,0.6499878168106079,3.1098999977111816,=NA(),0,64.81599426269531,1.4163999557495117,0.34380000829696655,0.08399999886751175,=NA(),20,1013.25,0,0,0,0,0,0.6499878168106079,0,0,0,0,0,0,0,0,0,0,0,0,0,0
172,4,0,1,Night,,123.5015869140625,-33.501583099365234,83.18694305419922,0,0,0,0,-0.00009765625145519152,3.1198999881744385,=NA(),0,64.81599426269531,1.4163999557495117,0.34380000829696655,0.08399999886751175,=NA(),20,1013.25,0,0,0,0,0,-0.00000610351571594947,0,0,0,0,0,0,0,0,0,0,0,0,0,0
172,5,0,1,Night,,111.45774841308594,-21.457748413085938,75.712158203125,0,0,0,0,-0.4801086485385895,3.1098999977111816,=NA(),0,64.81599426269531,1.4163999557495117,0.34380000829696655,0.08399999886751175,=NA(),20,1013.25,0,0,0,0,0,-0.4799865782260895,0,0,0,0,0,0,0,0,0,0,0,0,0,0
172,6,0,1,Night,,99.83165740966797,-9.831657409667969,68.13189697265625,0,0,0,0,-0.12970581650733948,3.100100040435791,=NA(),0,64.81599426269531,1.4163999557495117,0.34380000829696655,0.08399999886751175,=NA(),20,1013.25,0,0,0,0,0,-0.13001099228858948,0,0,0,0,0,0,0,0,0,0,0,0,0,0
172,7,0,1,Day,,86.7728500366211,3.227149486541748,58.45473861694336,51.90299987792969,49.92706298828125,35.099998474121094,0.9619302153587341,0.4100891053676605,4.060100078582764,=NA(),=NA(),14.405939102172852,1.4163999557495117,0.34380000829696655,0.08399999886751175,=NA(),20,1013.25,5.4507951736450195,82.13349914550781,64.55999755859375,62.01499938964844,2.5399999618530273,3.1774840354919434,275.42999267578125,297.69000244140625,293.0032043457031,41.07676696777344,0.4458208680152893,0.4422115683555603,45.86363220214844,0.48771387338638306,0.0016843749908730388,0,0.00005662500188918784,0,-22.260009765625,4.686798095703125
172,8,0,1,Day,,78.54971313476562,11.450284004211426,50.45956802368164,185.6999969482422,157.29212951660156,143.10000610351562,0.8470227718353271,3.4699950218200684,3.7200000286102295,=NA(),=NA(),4.92296838760376,1.4163999557495117,0.34380000829696655,0.08399999886751175,=NA(),20,1013.25,23.425899505615234,61.141815185546875,297.5299987792969,287.45501708984375,10.069999694824219,15.443109512329102,1712.800048828125,1765.449951171875,1764.685546875,41.05277633666992,2.686615228652954,2.6589322090148926,47.12593078613281,2.824246406555176,0.009777187369763851,0,0.00021837500389665365,0,-52.64990234375,0.764404296875
172,9,0,1,Day,,69.90665435791016,20.09334373474121,39.36076736450195,342.29998779296875,245.89627075195312,280.6099853515625,0.7183648347854614,6.849694728851318,3.5801000595092773,=NA(),=NA(),2.891136884689331,1.4163999557495117,0.34380000829696655,0.08399999886751175,=NA(),20,1013.25,60,46.5611457824707,505.08001708984375,462.7149963378906,42.37000274658203,27.284997940063477,2979.139892578125,2954.080078125,2951.583984375,39.91537094116211,4.621731758117676,4.499746799468994,46.509422302246094,4.862466812133789,0.01626131311058998,0,0.0008871249738149345,0,25.059814453125,2.49609375
172,10,0,1,Day,,63.251319885253906,26.748680114746094,26.23838996887207,465.6099853515625,290.7547607421875,388.5,0.6244598627090454,9.569910049438477,3.650099992752075,=NA(),=NA(),2.2141706943511963,1.4163999557495117,0.34380000829696655,0.08399999886751175,=NA(),20,1013.25,41.256412506103516,53.22357940673828,558.5,522.2000122070312,36.29999923706055,32.246238708496094,3294.68994140625,3214.570068359375,3212.282470703125,39.29561233520508,5.109236240386963,5.019552230834961,46.04091262817383,5.378162384033203,0.018166188150644302,0,0.0007649374892935157,0,80.119873046875,2.28759765625
172,11,0,1,Day,,59.29951095581055,30.700489044189453,11.205572128295898,514.7999877929688,297.6680603027344,425.2900085449219,0.578220784664154,12.580011367797852,3.059999942779541,=NA(),=NA(),1.9538482427597046,1.4163999557495117,0.34380000829696655,0.08399999886751175,=NA(),20,1013.25,18.122350692749023,57.50688552856445,554.989990234375,524.0849609375,30.905000686645508,35.154380798339844,3256.949951171875,3147.169921875,3146.564208984375,38.866329193115234,5.059919357299805,5.025974750518799,45.64088821411133,5.330145835876465,0.01805037446320057,0,0.0006679375073872507,0,109.780029296875,0.605712890625
172,12,0,1,Day,,58.61504364013672,31.38495635986328,355.1622619628906,515.6900024414062,296.4393005371094,421,0.5748401284217834,14.040002822875977,2.399899959564209,=NA(),=NA(),1.9157015085220337,1.4163999557495117,0.34380000829696655,0.08399999886751175,=NA(),20,1013.25,-7.870850086212158,58.28203582763672,547.2650146484375,517.3300170898438,29.939998626708984,36.34874725341797,3199.159912109375,3078.929931640625,3078.90234375,38.68388748168945,4.974457740783691,4.962738513946533,45.452571868896484,5.242752552032471,0.017737187445163727,0,0.0006553750135935843,0,120.22998046875,0.027587890625
172,13,0,1,Day,,61.30964660644531,28.690351486206055,339.5719909667969,456.4100036621094,284.5428771972656,358,0.6234369874000549,14.800012588500977,1.8899999856948853,=NA(),=NA(),2.076942205429077,1.4163999557495117,0.34380000829696655,0.08399999886751175,=NA(),20,1013.25,-32.52859115600586,55.29148864746094,516.27001953125,484.7850036621094,31.485000610351562,35.789390563964844,3037.739990234375,2928.75,2929.155517578125,38.71629333496094,4.7285895347595215,4.661381721496582,45.43215560913086,4.985294342041016,0.01681206189095974,0,0.0006676875054836273,0,108.989990234375,-0.405517578125
172,14,0,1,Day,,66.96906280517578,23.03093910217285,325.63275146484375,339.6099853515625,248.95851135253906,231.7100067138672,0.7330718040466309,14.899988174438477,1.3598999977111816,=NA(),=NA(),2.5434675216674805,1.4163999557495117,0.34380000829696655,0.08399999886751175,=NA(),20,1013.25,-53.01719665527344,49.432804107666016,440.6300048828125,403.05999755859375,37.56999969482422,32.82311248779297,2585.52001953125,2516.89990234375,2516.25439453125,39.01457595825195,4.031038761138916,3.9187088012695312,45.53261184692383,4.25098991394043,0.014126562513411045,0,0.0007991250022314489,0,68.6201171875,0.6455078125
172,15,0,1,Day,,74.90391540527344,15.096087455749512,313.7503662109375,186.5,165.2234649658203,81.69499969482422,0.8859167098999023,14.600000381469727,0.8500000238418579,=NA(),=NA(),3.7908132076263428,1.4163999557495117,0.34380000829696655,0.08399999886751175,=NA(),20,1013.25,-37.79133224487305,50.714263916015625,272.5050048828125,255.90499877929688,16.594999313354492,25.712488174438477,1574.31005859375,1568.949951171875,1563.062744140625,39.677879333496094,2.4621074199676514,2.3981800079345703,45.609352111816406,2.603630781173706,0.008847000077366829,0,0.00036375000490806997,0,5.360107421875,5.88720703125
172,16,0,1,Day,,84.39875793457031,5.601243019104004,303.7120666503906,25.200000762939453,25.160831451416016,0.40130001306533813,0.9984456896781921,13.050012588500977,0.75,=NA(),=NA(),9.377602577209473,1.4163999557495117,0.34380000829696655,0.08399999886751175,=NA(),20,1013.25,-9.814981460571289,76.27277374267578,26.84000015258789,25.03499984741211,1.7999999523162842,14.175012588500977,134.64999389648438,140.27000427246094,137.91030883789062,38.274906158447266,0.22519876062870026,0.22291293740272522,43.11812210083008,0.251273512840271,0.0008503125282004476,0,0.00003931250103050843,0,-5.6200103759765625,2.3596954345703125
172,17,0,1,Night,Sun below height limit of 1 degrees.,89.67713928222656,0.3228631317615509,298.9149475097656,0,0,0,0,8.740289688110352,0.8500000238418579,=NA(),0,33.49150848388672,1.4163999557495117,0.34380000829696655,0.08399999886751175,=NA(),20,1013.25,0,0,0,0,0,8.740015029907227,0,0,0,0,0,0,0,0,0,0,0,0,0,0
172,18,0,1,Night,,106.74673461914062,-16.74673843383789,287.27130126953125,0,0,0,0,6.279992580413818,1.1900999546051025,=NA(),0,64.81599426269531,1.4163999557495117,0.34380000829696655,0.08399999886751175,=NA(),20,1013.25,0,0,0,0,0,6.279992580413818,0,0,0,0,0,0,0,0,0,0,0,0,0,0
172,19,0,1,Night,,118.65164947509766,-28.65165138244629,279.82989501953125,0,0,0,0,4.640008449554443,1.7200000286102295,=NA(),0,64.81599426269531,1.4163999557495117,0.34380000829696655,0.08399999886751175,=NA(),20,1013.25,0,0,0,0,0,4.640008449554443,0,0,0,0,0,0,0,0,0,0,0,0,0,0
172,20,0,1,Night,,130.84149169921875,-40.84149932861328,272.06866455078125,0,0,0,0,3.7199950218200684,2.3199000358581543,=NA(),0,64.81599426269531,1.4163999557495117,0.34380000829696655,0.08399999886751175,=NA(),20,1013.25,0,0,0,0,0,3.7199950218200684,0,0,0,0,0,0,0,0,0,0,0,0,0,0
172,21,0,1,Night,,143.08888244628906,-53.08888244628906,262.83734130859375,0,0,0,0,3.7000060081481934,2.8698999881744385,=NA(),0,64.81599426269531,1.4163999557495117,0.34380000829696655,0.08399999886751175,=NA(),20,1013.25,0,0,0,0,0,3.7000060081481934,0,0,0,0,0,0,0,0,0,0,0,0,0,0
172,22,0,1,Night,,155.00135803222656,-65.0013656616211,249.23902893066406,0,0,0,0,4.739709377288818,3.1500000953674316,=NA(),0,64.81599426269531,1.4163999557495117,0.34380000829696655,0.08399999886751175,=NA(),20,1013.25,0,0,0,0,0,4.740014553070068,0,0,0,0,0,0,0,0,0,0,0,0,0,0
172,23,0,1,Night,,165.22361755371094,-75.22361755371094,221.05335998535156,0,0,0,0,4.810204982757568,3.140000104904175,=NA(),0,64.81599426269531,1.4163999557495117,0.34380000829696655,0.08399999886751175,=NA(),20,1013.25,0,0,0,0,0,4.809991359710693,0,0,0,0,0,0,0,0,0,0,0,0,0,0
173,0,0,1,Night,,167.75894165039062,-77.75894927978516,160.27578735351562,0,0,0,0,2.8903136253356934,3.170099973678589,=NA(),0,64.81599426269531,1.4163999557495117,0.34380000829696655,0.08399999886751175,=NA(),20,1013.25,0,0,0,0,0,2.8900084495544434,0,0,0,0,0,0,0,0,0,0,0,0,0,0
173,1,0,1,Night,,159.4914093017578,-69.49140930175781,119.22750854492188,0,0,0,0,1.570092797279358,3.4800000190734863,=NA(),0,64.81599426269531,1.4163999557495117,0.34380000829696655,0.08399999886751175,=NA(),20,1013.25,0,0,0,0,0,1.570001244544983,0,0,0,0,0,0,0,0,0,0,0,0,0,0
173,2,0,1,Night,,147.9696502685547,-57.96965408325195,101.8289566040039,0,0,0,0,2.3797850608825684,4.399899959564209,=NA(),0,64.81599426269531,1.4163999557495117,0.34380000829696655,0.08399999886751175,=NA(),20,1013.25,0,0,0,0,0,2.3799986839294434,0,0,0,0,0,0,0,0,0,0,0,0,0,0
173,3,0,1,Night,,135.78863525390625,-45.78862762451172,91.37977600097656,0,0,0,0,2.9201903343200684,4.539899826049805,=NA(),0,64.81599426269531,1.4163999557495117,0.34380000829696655,0.08399999886751175,=NA(),20,1013.25,0,0,0,0,0,2.9200072288513184,0,0,0,0,0,0,0,0,0,0,0,0,0,0
173,4,0,1,Night,,123.54466247558594,-33.5446662902832,83.21549224853516,0,0,0,0,4.409997463226318,4.360000133514404,=NA(),0,64.81599426269531,1.4163999557495117,0.34380000829696655,0.08399999886751175,=NA(),20,1013.25,0,0,0,0,0,4.409997463226318,0,0,0,0,0,0,0,0,0,0,0,0,0,0
173,5,0,1,Night,,111.49955749511719,-21.49955940246582,75.74003601074219,0,0,0,0,2.0999083518981934,4.210100173950195,=NA(),0,64.81599426269531,1.4163999557495117,0.34380000829696655,0.08399999886751175,=NA(),20,1013.25,0,0,0,0,0,2.0999999046325684,0,0,0,0,0,0,0,0,0,0,0,0,0,0
173,6,0,1,Night,,99.87112426757812,-9.871125221252441,68.16134643554688,0,0,0,0,1.980188012123108,3.619999885559082,=NA(),0,64.81599426269531,1.4163999557495117,0.34380000829696655,0.08399999886751175,=NA(),20,1013.25,0,0,0,0,0,1.980004906654358,0,0,0,0,0,0,0,0,0,0,0,0,0,0
173,7,0,1,Day,,86.79059600830078,3.209401845932007,58.470970153808594,33.893001556396484,33.49596405029297,7.091800212860107,0.9882855415344238,3.0996947288513184,4.329999923706055,=NA(),=NA(),14.461784362792969,1.4163999557495117,0.34380000829696655,0.08399999886751175,=NA(),20,1013.25,5.419529438018799,82.1769790649414,38.415000915527344,36.349998474121094,2.059999942779541,4.724999904632568,180.5800018310547,194.50999450683594,190.14138793945312,40.343196868896484,0.29457300901412964,0.29092174768447876,44.973663330078125,0.32812634110450745,0.001124312519095838,0,0.0000455625013273675,0,-13.92999267578125,4.3686065673828125
173,8,0,1,Day,,78.58269500732422,11.417304992675781,50.4976921081543,156.3000030517578,139.0194549560547,87.2959976196289,0.8894398808479309,5.339990139007568,5.179900169372559,=NA(),=NA(),4.936324596405029,1.4163999557495117,0.34380000829696655,0.08399999886751175,=NA(),20,1013.25,23.32782745361328,61.23149871826172,236.72000122070312,227.36500549316406,9.354999542236328,14.885614395141602,1350.280029296875,1395.010009765625,1394.2215576171875,40.87714385986328,2.131727457046509,2.1065618991851807,46.805145263671875,2.2429559230804443,0.007738625165075064,0,0.00020106250303797424,0,-44.72998046875,0.7884521484375
173,9,0,1,Day,,69.93314361572266,20.066852569580078,39.40567398071289,344.80999755859375,247.2585906982422,284.30999755859375,0.7170864939689636,9.320001602172852,5.309999942779541,=NA(),=NA(),2.8947360515594482,1.4163999557495117,0.34380000829696655,0.08399999886751175,=NA(),20,1013.25,60,46.532508850097656,510.17999267578125,467.6600036621094,42.519996643066406,30.00188636779785,3009.60986328125,2957.949951171875,2955.72607421875,39.54343795776367,4.671753406524658,4.549080848693848,46.17243194580078,4.917848110198975,0.016428999602794647,0,0.0008913124911487103,0,51.659912109375,2.223876953125
173,10,0,1,Day,,63.26887512207031,26.73112678527832,26.290531158447266,464.489990234375,290.2403259277344,387.3900146484375,0.6248580813407898,13.089990615844727,4.859899997711182,=NA(),=NA(),2.215505361557007,1.4163999557495117,0.34380000829696655,0.08399999886751175,=NA(),20,1013.25,41.33046340942383,53.20099639892578,557.4449462890625,521.1650390625,36.279998779296875,35.782493591308594,3287.77001953125,3170.27001953125,3168.344482421875,38.804569244384766,5.103122711181641,5.012988090515137,45.575992584228516,5.376464366912842,0.01812800019979477,0,0.0007641250267624855,0,117.5,1.925537109375
173,11,0,1,Day,,59.30541229248047,30.69458770751953,11.262903213500977,516.5900268554688,298.32171630859375,427.5899963378906,0.5774825215339661,14.119989395141602,4.069900035858154,=NA(),=NA(),1.954184889793396,1.4163999557495117,0.34380000829696655,0.08399999886751175,=NA(),20,1013.25,18.211843490600586,57.494510650634766,557.050048828125,526.0449829101562,31.009998321533203,36.805625915527344,3269.199951171875,3141.5400390625,3140.98486328125,38.641239166259766,5.0803728103637695,5.046131610870361,45.432212829589844,5.353827476501465,0.018117249011993408,0,0.0006702499813400209,0,127.659912109375,0.55517578125
173,12,0,1,Day,,58.608238220214844,31.391759872436523,355.2198486328125,522.489990234375,298.30548095703125,430.3900146484375,0.570930540561676,14.879999160766602,3.450000047683716,=NA(),=NA(),1.9153311252593994,1.4163999557495117,0.34380000829696655,0.08399999886751175,=NA(),20,1013.25,-7.776468276977539,58.283164978027344,554.4300537109375,524.135009765625,30.295000076293945,37.50188446044922,3241.75,3107.820068359375,3107.814453125,38.534454345703125,5.040642261505127,5.028928279876709,45.326080322265625,5.313681125640869,0.017969561740756035,0,0.0006629999843426049,0,133.929931640625,0.005615234375
173,13,0,1,Day,,61.291019439697266,28.7089786529541,339.6244201660156,409.30999755859375,280.1841735839844,268.80999755859375,0.6845280528068542,15.510004043579102,3.1800999641418457,=NA(),=NA(),2.075718879699707,1.4163999557495117,0.34380000829696655,0.08399999886751175,=NA(),20,1013.25,-32.44469451904297,55.30492401123047,456.93499755859375,426.68499755859375,30.25,34.09624481201172,2673.429931640625,2591.60009765625,2591.5859375,38.85367202758789,4.168856620788574,4.098508834838867,45.42491149902344,4.395581245422363,0.01478468719869852,0,0.0006378124817274511,0,81.829833984375,0.01416015625
173,14,0,1,Day,,66.94097137451172,23.059032440185547,325.6771545410156,237.39999389648438,213.15269470214844,61.90599822998047,0.8978630900382996,15.240015029907227,2.460099935531616,=NA(),=NA(),2.5405735969543457,1.4163999557495117,0.34380000829696655,0.08399999886751175,=NA(),20,1013.25,-52.948455810546875,49.45430374145508,275.20001220703125,241.1999969482422,33.99500274658203,26.5156192779541,1559.260009765625,1549.6900634765625,1546.5706787109375,39.48794174194336,2.447723865509033,2.34269118309021,45.48392105102539,2.589409828186035,0.00840968731790781,0,0.0007164374692365527,0,9.5699462890625,3.119384765625
173,15,0,1,Day,,74.86892700195312,15.131072998046875,313.786865234375,73.7040023803711,73.33751678466797,1.4040000438690186,0.9950276017189026,14.080011367797852,2.23009991645813,=NA(),=NA(),3.7824954986572266,1.4163999557495117,0.34380000829696655,0.08399999886751175,=NA(),20,1013.25,-37.98223876953125,50.60810089111328,75.94000244140625,66.41999816894531,9.514999389648438,17.256250381469727,398.57000732421875,409.5199890136719,402.3191833496094,39.57670593261719,0.6353399753570557,0.5964140892028809,44.45641326904297,0.6927574276924133,0.0022626249119639397,0,0.00020518750534392893,0,-10.949981689453125,7.2008056640625
173,16,0,1,Day,,84.35946655273438,5.640536308288574,303.7421875,6.309700012207031,6.2988786697387695,0.11010000109672546,0.9982849955558777,12.140008926391602,2.610100030899048,=NA(),=NA(),9.322290420532227,1.4163999557495117,0.34380000829696655,0.08399999886751175,=NA(),20,1013.25,-9.89002513885498,76.17488861083984,6.699999809265137,6.25,0.45499998331069946,12.429986953735352,28.78999900817871,30.190000534057617,29.751794815063477,35.72475814819336,0.05205041170120239,0.05144541338086128,40.850704193115234,0.0629490315914154,0.00021275000472087413,0,0.000009999999747378752,0,-1.4000015258789062,0.4382057189941406
173,17,0,1,Night,Sun below height limit of 1 degrees.,89.6593017578125,0.34069809317588806,298.92803955078125,0,0,0,0,9.890314102172852,2.780100107192993,=NA(),0,33.267459869384766,1.4163999557495117,0.34380000829696655,0.08399999886751175,=NA(),20,1013.25,0,0,0,0,0,9.890008926391602,0,0,0,0,0,0,0,0,0,0,0,0,0,0
173,18,0,1,Night,,106.70172119140625,-16.701723098754883,287.2939758300781,0,0,0,0,8.369989395141602,2.9300999641418457,=NA(),0,64.81599426269531,1.4163999557495117,0.34380000829696655,0.08399999886751175,=NA(),20,1013.25,0,0,0,0,0,8.369989395141602,0,0,0,0,0,0,0,0,0,0,0,0,0,0
173,19,0,1,Night,,118.60533142089844,-28.605335235595703,279.8515625,0,0,0,0,8.290185928344727,3.029900074005127,=NA(),0,64.81599426269531,1.4163999557495117,0.34380000829696655,0.08399999886751175,=NA(),20,1013.25,0,0,0,0,0,8.290002822875977,0,0,0,0,0,0,0,0,0,0,0,0,0,0
173,20,0,1,Night,,130.7946319580078,-40.794639587402344,272.091796875,0,0,0,0,7.800286769866943,3.240000009536743,=NA(),0,64.81599426269531,1.4163999557495117,0.34380000829696655,0.08399999886751175,=NA(),20,1013.25,0,0,0,0,0,7.800012111663818,0,0,0,0,0,0,0,0,0,0,0,0,0,0
173,21,0,1,Night,,143.0421905517578,-53.04219436645508,262.8670654296875,0,0,0,0,8.589990615844727,3.630000114440918,=NA(),0,64.81599426269531,1.4163999557495117,0.34380000829696655,0.08399999886751175,=NA(),20,1013.25,0,0,0,0,0,8.589990615844727,0,0,0,0,0,0,0,0,0,0,0,0,0,0
173,22,0,1,Night,,154.95663452148438,-64.95662689208984,249.29148864746094,0,0,0,0,9.639703750610352,3.970099925994873,=NA(),0,64.81599426269531,1.4163999557495117,0.34380000829696655,0.08399999886751175,=NA(),20,1013.25,0,0,0,0,0,9.640008926391602,0,0,0,0,0,0,0,0,0,0,0,0,0,0
173,23,0,1,Night,,165.18939208984375,-75.18938446044922,221.19549560546875,0,0,0,0,9.700189590454102,4.300099849700928,=NA(),0,64.81599426269531,1.4163999557495117,0.34380000829696655,0.08399999886751175,=NA(),20,1013.25,0,0,0,0,0,9.700006484985352,0,0,0,0,0,0,0,0,0,0,0,0,0,0
174,0,0,1,Night,,167.76731872558594,-77.76731872558594,160.50759887695312,0,0,0,0,10.200006484985352,4.260000228881836,=NA(),0,64.81599426269531,1.4163999557495117,0.34380000829696655,0.08399999886751175,=NA(),20,1013.25,0,0,0,0,0,10.200006484985352,0,0,0,0,0,0,0,0,0,0,0,0,0,0
174,1,0,1,Night,,159.52529907226562,-69.52529907226562,119.33151245117188,0,0,0,0,10.279993057250977,4.349999904632568,=NA(),0,64.81599426269531,1.4163999557495117,0.34380000829696655,0.08399999886751175,=NA(),20,1013.25,0,0,0,0,0,10.279993057250977,0,0,0,0,0,0,0,0,0,0,0,0,0,0
174,2,0,1,Night,,148.009033203125,-58.009037017822266,101.88623809814453,0,0,0,0,8.580102920532227,4.479899883270264,=NA(),0,64.81599426269531,1.4163999557495117,0.34380000829696655,0.08399999886751175,=NA(),20,1013.25,0,0,0,0,0,8.580011367797852,0,0,0,0,0,0,0,0,0,0,0,0,0,0
174,3,0,1,Night,,135.82899475097656,-45.8289909362793,91.42137908935547,0,0,0,0,7.499810695648193,4.530099868774414,=NA(),0,64.81599426269531,1.4163999557495117,0.34380000829696655,0.08399999886751175,=NA(),20,1013.25,0,0,0,0,0,7.499993801116943,0,0,0,0,0,0,0,0,0,0,0,0,0,0
174,4,0,1,Night,,123.58433532714844,-33.5843391418457,83.25122833251953,0,0,0,0,9.200311660766602,5.289999961853027,=NA(),0,64.81599426269531,1.4163999557495117,0.34380000829696655,0.08399999886751175,=NA(),20,1013.25,0,0,0,0,0,9.200006484985352,0,0,0,0,0,0,0,0,0,0,0,0,0,0
174,5,0,1,Night,,111.53695678710938,-21.536956787109375,75.77417755126953,0,0,0,0,9.799890518188477,5.480100154876709,=NA(),0,64.81599426269531,1.4163999557495117,0.34380000829696655,0.08399999886751175,=NA(),20,1013.25,0,0,0,0,0,9.800012588500977,0,0,0,0,0,0,0,0,0,0,0,0,0,0
174,6,0,1,Night,,99.904541015625,-9.904541969299316,68.19644165039062,0,0,0,0,11.110010147094727,5.749899864196777,=NA(),0,64.81599426269531,1.4163999557495117,0.34380000829696655,0.08399999886751175,=NA(),20,1013.25,0,0,0,0,0,11.110010147094727,0,0,0,0,0,0,0,0,0,0,0,0,0,0
174,7,0,1,Day,,86.80307006835938,3.1969289779663086,58.4873046875,5.704100131988525,5.703916072845459,0.0032999999821186066,0.9999677538871765,11.580011367797852,6.859899997711182,=NA(),=NA(),14.501270294189453,1.4163999557495117,0.34380000829696655,0.08399999886751175,=NA(),20,1013.25,5.397276878356934,82.2075424194336,6.074999809265137,5.684999942779541,0.38999998569488525,11.842493057250977,25.6200008392334,26.940000534057617,26.384557723999023,35.62850570678711,0.04628422111272812,0.045958369970321655,40.74908447265625,0.05701068788766861,0.00019281249842606485,0,0.00000850000014906982,0,-1.3199996948242188,0.5554428100585938
174,8,0,1,Day,,78.61186981201172,11.388129234313965,50.54045104980469,40.10499954223633,40.005165100097656,0.5055999755859375,0.9975106716156006,11.800012588500977,6.960000038146973,=NA(),=NA(),4.948202610015869,1.4163999557495117,0.34380000829696655,0.08399999886751175,=NA(),20,1013.25,23.237756729125977,61.31079864501953,41.36499786376953,37.70500183105469,3.6549999713897705,13.512506484985352,213.60000610351562,222.83999633789062,221.87757873535156,38.704872131347656,0.35828158259391785,0.3461281657218933,43.97024917602539,0.3869155943393707,0.001292250002734363,0,0.00007687500328756869,0,-9.239990234375,0.9624176025390625
174,9,0,1,Day,,69.95396423339844,20.046035766601562,39.45448684692383,82.49500274658203,82.05134582519531,1.2942999601364136,0.994621992111206,12.480005264282227,6.789999961853027,=NA(),=NA(),2.8975718021392822,1.4163999557495117,0.34380000829696655,0.08399999886751175,=NA(),20,1013.25,60,46.498294830322266,77.4949951171875,58.470001220703125,19.024999618530273,15.762506484985352,389.0199890136719,401.8599853515625,393.7332458496094,39.739505767822266,0.619050920009613,0.5598534345626831,44.622989654541016,0.6779463291168213,0.0020138125400990248,0,0.0003982500056736171,0,-12.839996337890625,8.126739501953125
174,10,0,1,Day,,63.27961730957031,26.720382690429688,26.345439910888672,148.5,146.74551391601562,3.9019999504089355,0.9881852865219116,12.899988174438477,6.929900169372559,=NA(),=NA(),2.216323137283325,1.4163999557495117,0.34380000829696655,0.08399999886751175,=NA(),20,1013.25,41.39878463745117,53.171939849853516,148.1750030517578,127.66000366210938,20.510000228881836,19.03374671936035,803.3499755859375,819.3300170898438,813.7466430664062,39.941349029541016,1.2731361389160156,1.2022939920425415,45.37401580810547,1.3589729070663452,0.004396562464535236,0,0.0004203749995213002,0,-15.98004150390625,5.5833740234375
174,11,0,1,Day,,59.304317474365234,30.695680618286133,11.32133674621582,157.38999938964844,155.60801696777344,3.490799903869629,0.9886779189109802,13.399988174438477,7.320099830627441,=NA(),=NA(),1.954122543334961,1.4163999557495117,0.34380000829696655,0.08399999886751175,=NA(),20,1013.25,18.29815673828125,57.475189208984375,164.64999389648438,152.0749969482422,12.574999809265137,20.12749671936035,918.3900146484375,933.0499877929688,930.8615112304688,39.746124267578125,1.4637619256973267,1.4364746809005737,45.450584411621094,1.5491797924041748,0.005210124887526035,0,0.0002670625108294189,0,-14.65997314453125,2.1884765625
174,12,0,1,Day,,58.59440231323242,31.405597686767578,355.2765808105469,82.29900360107422,81.83032989501953,0.899399995803833,0.9943052530288696,13.200006484985352,6.849899768829346,=NA(),=NA(),1.9145783185958862,1.4163999557495117,0.34380000829696655,0.08399999886751175,=NA(),20,1013.25,-7.681392192840576,58.27712631225586,87.47000122070312,81.70500183105469,5.769999980926514,16.78374671936035,472.6400146484375,486.30999755859375,485.37713623046875,39.2938346862793,0.7720339298248291,0.7641661167144775,44.808876037597656,0.821345329284668,0.002775312401354313,0,0.0001264375023311004,0,-13.66998291015625,0.932861328125
174,13,0,1,Day,,61.26566696166992,28.734333038330078,339.67413330078125,67.39399719238281,67.05968475341797,0.6953999996185303,0.9950394034385681,13.200006484985352,6.159999847412109,=NA(),=NA(),2.074056386947632,1.4163999557495117,0.34380000829696655,0.08399999886751175,=NA(),20,1013.25,-32.35679244995117,55.3115119934082,67.3550033569336,59.63999938964844,7.710000038146973,15.986230850219727,354.7799987792969,366.30999755859375,365.11676025390625,39.069427490234375,0.5840222835540771,0.5593541860580444,44.44612503051758,0.6250099539756775,0.002051562536507845,0,0.0001583124976605177,0,-11.529998779296875,1.1932373046875
174,14,0,1,Day,,66.90666961669922,23.093332290649414,325.7176208496094,68.99600219726562,68.68473052978516,0.7936000227928162,0.9954885840415955,12.429986953735352,5.760000228881836,=NA(),=NA(),2.5370495319366455,1.4163999557495117,0.34380000829696655,0.08399999886751175,=NA(),20,1013.25,-52.87416458129883,49.46949768066406,64.41999816894531,50.845001220703125,13.574999809265137,15.141870498657227,324.82000732421875,336.44000244140625,332.32330322265625,39.379920959472656,0.5272438526153564,0.48311880230903625,44.4162483215332,0.5734125375747681,0.0017493750201538205,0,0.0002836250059772283,0,-11.6199951171875,4.11669921875
174,15,0,1,Day,,74.82855987548828,15.171439170837402,313.818603515625,14.20199966430664,14.20199966430664,0,1,11.999994277954102,5.78000020980835,=NA(),=NA(),3.772944211959839,1.4163999557495117,0.34380000829696655,0.08399999886751175,=NA(),20,1013.25,-38.19367980957031,50.485416412353516,13.899999618530273,11.989999771118164,1.9100000858306885,12.595605850219727,63.81999969482422,66.95999908447266,65.6829605102539,37.24116516113281,0.11022000014781952,0.1029370054602623,42.1306266784668,0.12685178220272064,0.00040737498784437776,0,0.00004093749885214493,0,-3.1399993896484375,1.27703857421875
174,16,0,1,Night,Sun above horizon but GHI below 1,84.31586456298828,5.684133052825928,303.7669982910156,0,0,0,0,11.240015029907227,6.019999980926514,=NA(),0,9.261640548706055,1.4163999557495117,0.34380000829696655,0.08399999886751175,=NA(),20,1013.25,0,0,0,0,0,11.240015029907227,0,0,0,0,0,0,0,0,0,0,0,0,0,0
174,17,0,1,Night,Sun below height limit of 1 degrees.,89.63082885742188,0.3691699802875519,298.9427490234375,0,0,0,0,11.309991836547852,6.309899806976318,=NA(),0,32.913936614990234,1.4163999557495117,0.34380000829696655,0.08399999886751175,=NA(),20,1013.25,0,0,0,0,0,11.309991836547852,0,0,0,0,0,0,0,0,0,0,0,0,0,0
174,18,0,1,Night,,106.65325164794922,-16.653249740600586,287.3103942871094,0,0,0,0,11.100000381469727,6.539899826049805,=NA(),0,64.81599426269531,1.4163999557495117,0.34380000829696655,0.08399999886751175,=NA(),20,1013.25,0,0,0,0,0,11.100000381469727,0,0,0,0,0,0,0,0,0,0,0,0,0,0
174,19,0,1,Night,,118.55604553222656,-28.556045532226562,279.86614990234375,0,0,0,0,11.300012588500977,6.530099868774414,=NA(),0,64.81599426269531,1.4163999557495117,0.34380000829696655,0.08399999886751175,=NA(),20,1013.25,0,0,0,0,0,11.300012588500977,0,0,0,0,0,0,0,0,0,0,0,0,0,0
174,20,0,1,Night,,130.74493408203125,-40.744930267333984,272.1066589355469,0,0,0,0,11.839990615844727,6.280099868774414,=NA(),0,64.81599426269531,1.4163999557495117,0.34380000829696655,0.08399999886751175,=NA(),20,1013.25,0,0,0,0,0,11.839990615844727,0,0,0,0,0,0,0,0,0,0,0,0,0,0
174,21,0,1,Night,,142.99266052246094,-52.9926643371582,262.886474609375,0,0,0,0,11.800012588500977,6.409999847412109,=NA(),0,64.81599426269531,1.4163999557495117,0.34380000829696655,0.08399999886751175,=NA(),20,1013.25,0,0,0,0,0,11.800012588500977,0,0,0,0,0,0,0,0,0,0,0,0,0,0
174,22,0,1,Night,,154.90841674804688,-64.90841674804688,249.3299102783203,0,0,0,0,12.100000381469727,7.510000228881836,=NA(),0,64.81599426269531,1.4163999557495117,0.34380000829696655,0.08399999886751175,=NA(),20,1013.25,0,0,0,0,0,12.100000381469727,0,0,0,0,0,0,0,0,0,0,0,0,0,0
174,23,0,1,Night,,165.14974975585938,-75.14974975585938,221.32034301757812,0,0,0,0,11.899988174438477,8.539899826049805,=NA(),0,64.81599426269531,1.4163999557495117,0.34380000829696655,0.08399999886751175,=NA(),20,1013.25,0,0,0,0,0,11.899988174438477,0,0,0,0,0,0,0,0,0,0,0,0,0,0
175,0,0,1,Night,,167.76893615722656,-77.76893615722656,160.74794006347656,0,0,0,0,11.700006484985352,8.350099563598633,=NA(),0,64.81599426269531,1.4163999557495117,0.34380000829696655,0.08399999886751175,=NA(),20,1013.25,0,0,0,0,0,11.700006484985352,0,0,0,0,0,0,0,0,0,0,0,0,0,0
175,1,0,1,Night,,159.5547637939453,-69.55476379394531,119.45055389404297,0,0,0,0,11.899988174438477,8.04990005493164,=NA(),0,64.81599426269531,1.4163999557495117,0.34380000829696655,0.08399999886751175,=NA(),20,1013.25,0,0,0,0,0,11.899988174438477,0,0,0,0,0,0,0,0,0,0,0,0,0,0
175,2,0,1,Night,,148.0448760986328,-58.04487991333008,101.95468139648438,0,0,0,0,12.399988174438477,7.979899883270264,=NA(),0,64.81599426269531,1.4163999557495117,0.34380000829696655,0.08399999886751175,=NA(),20,1013.25,0,0,0,0,0,12.399988174438477,0,0,0,0,0,0,0,0,0,0,0,0,0,0
175,3,0,1,Night,,135.86598205566406,-45.86598205566406,91.47164916992188,0,0,0,0,12.300012588500977,9.109999656677246,=NA(),0,64.81599426269531,1.4163999557495117,0.34380000829696655,0.08399999886751175,=NA(),20,1013.25,0,0,0,0,0,12.300012588500977,0,0,0,0,0,0,0,0,0,0,0,0,0,0
175,4,0,1,Night,,123.6207275390625,-33.6207275390625,83.29413604736328,0,0,0,0,12.200006484985352,9.289999961853027,=NA(),0,64.81599426269531,1.4163999557495117,0.34380000829696655,0.08399999886751175,=NA(),20,1013.25,0,0,0,0,0,12.200006484985352,0,0,0,0,0,0,0,0,0,0,0,0,0,0
175,5,0,1,Night,,111.57147979736328,-21.571481704711914,75.81454467773438,0,0,0,0,12.100000381469727,8.430100440979004,=NA(),0,64.81599426269531,1.4163999557495117,0.34380000829696655,0.08399999886751175,=NA(),20,1013.25,0,0,0,0,0,12.100000381469727,0,0,0,0,0,0,0,0,0,0,0,0,0,0
175,6,0,1,Night,,99.93606567382812,-9.936063766479492,68.23712921142578,0,0,0,0,12.800012588500977,6.939899921417236,=NA(),0,64.81599426269531,1.4163999557495117,0.34380000829696655,0.08399999886751175,=NA(),20,1013.25,0,0,0,0,0,12.800012588500977,0,0,0,0,0,0,0,0,0,0,0,0,0,0
175,7,0,1,Day,,86.81305694580078,3.1869430541992188,58.51612091064453,11.994000434875488,11.98878002166748,0.09390000253915787,0.9995647668838501,12.420007705688477,6.309899806976318,=NA(),=NA(),14.533024787902832,1.4163999557495117,0.34380000829696655,0.08399999886751175,=NA(),20,1013.25,5.3785552978515625,82.23200225830078,12.78499984741211,11.960000038146973,0.824999988079071,12.964990615844727,59.93000030517578,62.78000259399414,61.41067886352539,37.107906341552734,0.10343310236930847,0.10250725597143173,41.974517822265625,0.11990990489721298,0.00040531251579523087,0,0.000018374999854131602,0,-2.8500022888183594,1.36932373046875
175,8,0,1,Day,,78.63409423828125,11.365907669067383,50.58778762817383,16.409000396728516,16.38692855834961,0.1120000034570694,0.9986549019813538,11.929986953735352,6.869999885559082,=NA(),=NA(),4.957286357879639,1.4163999557495117,0.34380000829696655,0.08399999886751175,=NA(),20,1013.25,23.163536071777344,61.37114715576172,16.900001525878906,15.404999732971191,1.4950000047683716,12.638757705688477,81.43999481201172,85.38999938964844,85.07815551757812,37.273094177246094,0.142657071352005,0.13837842643260956,42.525604248046875,0.1582091897726059,0.0005282500060275197,0,0.00003149999974993989,0,-3.9500045776367188,0.3118438720703125
175,9,0,1,Day,,69.96837615966797,20.03162384033203,39.50715255737305,27.30900001525879,27.27145767211914,0.1096000000834465,0.9986252784729004,11.800012588500977,7.089900016784668,=NA(),=NA(),2.899538278579712,1.4163999557495117,0.34380000829696655,0.08399999886751175,=NA(),20,1013.25,60,46.458274841308594,24.969999313354492,18.53499984741211,6.434999942779541,12.872491836547852,115.48999786376953,120.93000030517578,118.51606750488281,38.17831802368164,0.19393646717071533,0.17361760139465332,43.05238342285156,0.2180977761745453,0.0006368749891407788,0,0.00013475000741891563,0,-5.44000244140625,2.4139328002929688
175,10,0,1,Day,,63.284000396728516,26.716001510620117,26.403051376342773,51.90299987792969,51.72132873535156,0.4041000008583069,0.99649977684021,12.860010147094727,7.059999942779541,=NA(),=NA(),2.2166566848754883,1.4163999557495117,0.34380000829696655,0.08399999886751175,=NA(),20,1013.25,41.46183776855469,53.13676071166992,50.30500030517578,42.68499755859375,7.619999885559082,14.966241836547852,255.97000122070312,265.4700012207031,263.3202209472656,38.90750503540039,0.42288485169410706,0.39640673995018005,44.05353927612305,0.458840936422348,0.001467374968342483,0,0.00015587499365210533,0,-9.5,2.1497802734375
175,11,0,1,Day,,59.296512603759766,30.7034854888916,11.380805015563965,14.807000160217285,14.803629875183105,0.006599999964237213,0.9997723698616028,13.240015029907227,6.739999771118164,=NA(),=NA(),1.9536771774291992,1.4163999557495117,0.34380000829696655,0.08399999886751175,=NA(),20,1013.25,18.38132095336914,57.44921112060547,15.430000305175781,14.204999923706055,1.2200000286102295,13.889978408813477,73.9000015258789,77.13999938964844,76.9564208984375,36.878265380859375,0.1304215043783188,0.12785738706588745,42.179786682128906,0.14495646953582764,0.00048637500731274486,0,0.00002550000135670416,0,-3.2399978637695312,0.1835784912109375
175,12,0,1,Day,,58.57400131225586,31.425996780395508,355.33233642578125,218.39999389648438,211.10252380371094,13.996000289916992,0.9665866494178772,13.719995498657227,5.899899959564209,=NA(),=NA(),1.913469672203064,1.4163999557495117,0.34380000829696655,0.08399999886751175,=NA(),20,1013.25,-7.585969924926758,58.264381408691406,232.05999755859375,217.30499267578125,14.75,23.17437171936035,1311.3800048828125,1318.2099609375,1316.6363525390625,39.6928825378418,2.073164463043213,2.060914993286133,45.638607025146484,2.188778877258301,0.007395437452942133,0,0.00032356250449083745,0,-6.8299560546875,1.5736083984375
175,13,0,1,Day,,61.234275817871094,28.765724182128906,339.7211608886719,213.1999969482422,204.92237854003906,17.201000213623047,0.9611743688583374,14.209985733032227,4.779900074005127,=NA(),=NA(),2.0720021724700928,1.4163999557495117,0.34380000829696655,0.08399999886751175,=NA(),20,1013.25,-32.26578140258789,55.311744689941406,219.72999572753906,197.69500732421875,22.040000915527344,23.20501136779785,1232.3099365234375,1238.5999755859375,1236.47802734375,39.65376281738281,1.9487957954406738,1.8819332122802734,45.52815246582031,2.0599124431610107,0.006814937572926283,0,0.00045437499647960067,0,-6.2900390625,2.1219482421875
175,14,0,1,Day,,66.86727905273438,23.132722854614258,325.7540588378906,201.3000030517578,189.9439239501953,28.9060001373291,0.9435862898826599,14.399988174438477,3.829900026321411,=NA(),=NA(),2.5330159664154053,1.4163999557495117,0.34380000829696655,0.08399999886751175,=NA(),20,1013.25,-52.7958869934082,49.478878021240234,213.85000610351562,180.5050048828125,33.345001220703125,23.2287540435791,1178.1600341796875,1184.02001953125,1178.468017578125,39.75739669799805,1.8522742986679077,1.7487486600875854,45.446136474609375,1.9694156646728516,0.006262062583118677,0,0.0006992500275373459,0,-5.8599853515625,5.552001953125
175,15,0,1,Day,,74.78425598144531,15.215740203857422,313.84552001953125,195.5,170.5133056640625,95.2040023803711,0.8721908330917358,14.999994277954102,2.990000009536743,=NA(),=NA(),3.7625186443328857,1.4163999557495117,0.34380000829696655,0.08399999886751175,=NA(),20,1013.25,-38.41965103149414,50.35055160522461,290.2749938964844,273.0350036621094,17.239999771118164,26.8281192779541,1684.050048828125,1672.030029296875,1666.535888671875,39.57062530517578,2.6322102546691895,2.5668301582336426,45.57652282714844,2.78165864944458,0.009456750005483627,0,0.0003755624929908663,0,12.02001953125,5.494140625
175,16,0,1,Day,,84.26972198486328,5.730274677276611,303.7864990234375,29.009000778198242,28.93794059753418,0.7117000222206116,0.9975504279136658,13.679986953735352,3.100100040435791,=NA(),=NA(),9.19826602935791,1.4163999557495117,0.34380000829696655,0.08399999886751175,=NA(),20,1013.25,-10.058879852294922,75.95120239257812,31.44499969482422,29.389999389648438,2.055000066757202,14.998743057250977,158.5800018310547,164.6199951171875,162.1756134033203,38.365699768066406,0.2641957700252533,0.26136326789855957,43.265560150146484,0.2925584316253662,0.0009911875240504742,0,0.000044687501940643415,0,-6.0399932861328125,2.4443817138671875
175,17,0,1,Night,Sun below height limit of 1 degrees.,89.60629272460938,0.39370766282081604,298.93994140625,0,0,0,0,9.770013809204102,3.1800999641418457,=NA(),0,32.61359786987305,1.4163999557495117,0.34380000829696655,0.08399999886751175,=NA(),20,1013.25,0,0,0,0,0,9.770013809204102,0,0,0,0,0,0,0,0,0,0,0,0,0,0
175,18,0,1,Night,,106.60249328613281,-16.602493286132812,287.320556640625,0,0,0,0,8.500299453735352,3.199899911880493,=NA(),0,64.81599426269531,1.4163999557495117,0.34380000829696655,0.08399999886751175,=NA(),20,1013.25,0,0,0,0,0,8.499994277954102,0,0,0,0,0,0,0,0,0,0,0,0,0,0
175,19,0,1,Night,,118.5044937133789,-28.504493713378906,279.8737487792969,0,0,0,0,7.999688625335693,3.309999942779541,=NA(),0,64.81599426269531,1.4163999557495117,0.34380000829696655,0.08399999886751175,=NA(),20,1013.25,0,0,0,0,0,7.999993801116943,0,0,0,0,0,0,0,0,0,0,0,0,0,0
175,20,0,1,Night,,130.69297790527344,-40.6929817199707,272.1131896972656,0,0,0,0,8.060205459594727,3.5299999713897705,=NA(),0,64.81599426269531,1.4163999557495117,0.34380000829696655,0.08399999886751175,=NA(),20,1013.25,0,0,0,0,0,8.059991836547852,0,0,0,0,0,0,0,0,0,0,0,0,0,0
175,21,0,1,Night,,142.94044494628906,-52.94044876098633,262.8954772949219,0,0,0,0,10.219995498657227,3.8101000785827637,=NA(),0,64.81599426269531,1.4163999557495117,0.34380000829696655,0.08399999886751175,=NA(),20,1013.25,0,0,0,0,0,10.219995498657227,0,0,0,0,0,0,0,0,0,0,0,0,0,0
175,22,0,1,Night,,154.85684204101562,-64.8568344116211,249.35427856445312,0,0,0,0,10.100000381469727,4.140100002288818,=NA(),0,64.81599426269531,1.4163999557495117,0.34380000829696655,0.08399999886751175,=NA(),20,1013.25,0,0,0,0,0,10.100000381469727,0,0,0,0,0,0,0,0,0,0,0,0,0,0
175,23,0,1,Night,,165.10479736328125,-75.10479736328125,221.42767333984375,0,0,0,0,10.520013809204102,4.300099849700928,=NA(),0,64.81599426269531,1.4163999557495117,0.34380000829696655,0.08399999886751175,=NA(),20,1013.25,0,0,0,0,0,10.520013809204102,0,0,0,0,0,0,0,0,0,0,0,0,0,0
176,0,0,1,Night,,167.76373291015625,-77.76372528076172,160.99610900878906,0,0,0,0,10.100000381469727,4.190000057220459,=NA(),0,64.81599426269531,1.4163999557495117,0.34380000829696655,0.08399999886751175,=NA(),20,1013.25,0,0,0,0,0,10.100000381469727,0,0,0,0,0,0,0,0,0,0,0,0,0,0
176,1,0,1,Night,,159.57960510253906,-69.5796127319336,119.58451080322266,0,0,0,0,10.480005264282227,3.970099925994873,=NA(),0,64.81599426269531,1.4163999557495117,0.34380000829696655,0.08399999886751175,=NA(),20,1013.25,0,0,0,0,0,10.480005264282227,0,0,0,0,0,0,0,0,0,0,0,0,0,0
176,2,0,1,Night,,148.0772247314453,-58.07722854614258,102.03421020507812,0,0,0,0,10.610010147094727,3.73009991645813,=NA(),0,64.81599426269531,1.4163999557495117,0.34380000829696655,0.08399999886751175,=NA(),20,1013.25,0,0,0,0,0,10.610010147094727,0,0,0,0,0,0,0,0,0,0,0,0,0,0
176,3,0,1,Night,,135.8999786376953,-45.89997100830078,91.53050994873047,0,0,0,0,9.629785537719727,3.589900016784668,=NA(),0,64.81599426269531,1.4163999557495117,0.34380000829696655,0.08399999886751175,=NA(),20,1013.25,0,0,0,0,0,9.629999160766602,0,0,0,0,0,0,0,0,0,0,0,0,0,0
176,4,0,1,Night,,123.65410614013672,-33.65410232543945,83.3441390991211,0,0,0,0,9.799890518188477,3.420099973678589,=NA(),0,64.81599426269531,1.4163999557495117,0.34380000829696655,0.08399999886751175,=NA(),20,1013.25,0,0,0,0,0,9.800012588500977,0,0,0,0,0,0,0,0,0,0,0,0,0,0
176,5,0,1,Night,,111.6029281616211,-21.60292625427246,75.861083984375,0,0,0,0,9.879693984985352,3.2500998973846436,=NA(),0,64.81599426269531,1.4163999557495117,0.34380000829696655,0.08399999886751175,=NA(),20,1013.25,0,0,0,0,0,9.879999160766602,0,0,0,0,0,0,0,0,0,0,0,0,0,0
176,6,0,1,Night,,99.96479034423828,-9.964788436889648,68.28336334228516,0,0,0,0,9.730096817016602,3.279900074005127,=NA(),0,64.81599426269531,1.4163999557495117,0.34380000829696655,0.08399999886751175,=NA(),20,1013.25,0,0,0,0,0,9.730005264282227,0,0,0,0,0,0,0,0,0,0,0,0,0,0
176,7,0,1,Day,,86.82357788085938,3.176422595977783,58.557373046875,12.501999855041504,12.490768432617188,0.20270000398159027,0.9991016387939453,9.210290908813477,3.8901000022888184,=NA(),=NA(),14.566610336303711,1.4163999557495117,0.34380000829696655,0.08399999886751175,=NA(),20,1013.25,5.358222484588623,82.25777435302734,13.329999923706055,12.475000381469727,0.8600000143051147,9.777490615844727,62.720001220703125,66.54999542236328,65.1668701171875,37.67760467529297,0.10809998959302902,0.10715222358703613,42.5324821472168,0.12479905039072037,0.0004226250166539103,0,0.000018999999156221747,0,-3.8299942016601562,1.3831253051757812
176,8,0,1,Day,,78.65061950683594,11.349379539489746,50.6396484375,189.50999450683594,159.81419372558594,150.89999389648438,0.8433021903038025,10.240015029907227,4.119999885559082,=NA(),=NA(),4.964065074920654,1.4163999557495117,0.34380000829696655,0.08399999886751175,=NA(),20,1013.25,23.1019344329834,61.41602325439453,305.864990234375,295.79998779296875,10.0649995803833,22.600610733032227,1762.6400146484375,1774.9300537109375,1775.0072021484375,40.05384063720703,2.7697229385375977,2.7431628704071045,46.22067642211914,2.9154579639434814,0.010060874745249748,0,0.000216812506550923,0,-12.2900390625,-0.0771484375
176,9,0,1,Day,,69.97700500488281,20.022998809814453,39.56360626220703,159.39999389648438,154.05859375,15.600000381469727,0.9664905667304993,11.279993057250977,4.610099792480469,=NA(),=NA(),2.900716543197632,1.4163999557495117,0.34380000829696655,0.08399999886751175,=NA(),20,1013.25,60,46.412723541259766,170.239990234375,137.51499938964844,32.724998474121094,18.355005264282227,914.1300048828125,934.219970703125,924.7509765625,40.343257904052734,1.4323309659957886,1.3355742692947388,45.681800842285156,1.5355830192565918,0.00476650008931756,0,0.0006864375318400562,0,-20.0899658203125,9.468994140625
176,10,0,1,Day,,63.28176498413086,26.71823501586914,26.46330451965332,500.29998779296875,312.50067138671875,417.70001220703125,0.6246265769004822,10.990015029907227,5.519999980926514,=NA(),=NA(),2.2164864540100098,1.4163999557495117,0.34380000829696655,0.08399999886751175,=NA(),20,1013.25,41.51922607421875,53.0953369140625,602.3050537109375,563.35498046875,38.95000076293945,35.474998474121094,3556.89013671875,3433.760009765625,3432.94091796875,38.87581253051758,5.519174575805664,5.421675205230713,45.75826644897461,5.812748432159424,0.019592000171542168,0,0.0008198749856092036,0,123.130126953125,0.819091796875
176,11,0,1,Day,,59.28179168701172,30.71820831298828,11.441244125366211,362.0899963378906,284.7064514160156,151.49000549316406,0.7862864136695862,11.529993057250977,6.190000057220459,=NA(),=NA(),1.9528381824493408,1.4163999557495117,0.34380000829696655,0.08399999886751175,=NA(),20,1013.25,18.461050033569336,57.41642379760742,386.94500732421875,362.93499755859375,24.010000228881836,27.222497940063477,2243.6201171875,2225,2224.357177734375,39.66142272949219,3.505235433578491,3.4707984924316406,46.02238082885742,3.691256284713745,0.012480937875807285,0,0.0005151875084266067,0,18.6201171875,0.642822265625
176,12,0,1,Day,,58.54660415649414,31.45339584350586,355.3870849609375,155.10000610351562,153.42620849609375,3.20770001411438,0.9892082810401917,11.800012588500977,6.299900054931641,=NA(),=NA(),1.9119834899902344,1.4163999557495117,0.34380000829696655,0.08399999886751175,=NA(),20,1013.25,-7.490237236022949,58.24449157714844,164.84500122070312,154.1750030517578,10.670000076293945,18.513757705688477,918.2100219726562,938.010009765625,936.6846313476562,39.924346923828125,1.466344952583313,1.4559897184371948,45.671112060546875,1.5499451160430908,0.005241937469691038,0,0.0002341250074096024,0,-19.79998779296875,1.32537841796875
176,13,0,1,Day,,61.19612503051758,28.803874969482422,339.7653503417969,466.989990234375,286.6522216796875,374.2900085449219,0.613829493522644,11.420007705688477,5.9899001121521,=NA(),=NA(),2.069511890411377,1.4163999557495117,0.34380000829696655,0.08399999886751175,=NA(),20,1013.25,-32.17097473144531,55.305030822753906,527.9550170898438,496.125,31.830001831054688,32.82500457763672,3107.360107421875,3025.85986328125,3026.6787109375,39.135009765625,4.8337483406066895,4.765995979309082,45.86075973510742,5.092176914215088,0.017198188230395317,0,0.0006750624743290246,0,81.500244140625,-0.81884765625
176,14,0,1,Day,,66.82159423828125,23.178407669067383,325.7864074707031,46.707000732421875,46.54570388793945,0.4097999930381775,0.9965466260910034,11.929986953735352,4.690100193023682,=NA(),=NA(),2.5283546447753906,1.4163999557495117,0.34380000829696655,0.08399999886751175,=NA(),20,1013.25,-52.712100982666016,49.48176193237305,43.599998474121094,34.435001373291016,9.15999984741211,13.771265029907227,214.69000244140625,223.72999572753906,221.16714477539062,38.909584045410156,0.3551182150840759,0.3253108859062195,43.93472671508789,0.3885810375213623,0.001184312510304153,0,0.00019118750060442835,0,-9.039993286132812,2.5628509521484375
176,15,0,1,Day,,74.73350524902344,15.266496658325195,313.8675842285156,162.89999389648438,150.78831481933594,45.99800109863281,0.9256495833396912,10.899988174438477,3.650099992752075,=NA(),=NA(),3.7506463527679443,1.4163999557495117,0.34380000829696655,0.08399999886751175,=NA(),20,1013.25,-38.67194366455078,50.19574737548828,224.02499389648438,207.89999389648438,16.125,20.029993057250977,1279.010009765625,1299.300048828125,1293.646240234375,40.281009674072266,2.007194995880127,1.9468382596969604,46.020572662353516,2.1245951652526855,0.0071858749724924564,0,0.0003486874920781702,0,-20.2900390625,5.65380859375
176,16,0,1,Day,,84.216796875,5.783206462860107,303.8006286621094,14.592000007629395,14.582830429077148,0.09099999815225601,0.9993715882301331,11.100000381469727,3.450000047683716,=NA(),=NA(),9.12656307220459,1.4163999557495117,0.34380000829696655,0.08399999886751175,=NA(),20,1013.25,-10.157249450683594,75.81916809082031,15.470000267028809,14.420000076293945,1.0550000667572021,11.754999160766602,74.12999725341797,78.02000427246094,76.91251373291016,37.5614013671875,0.1279783695936203,0.12665335834026337,42.50515365600586,0.14534184336662292,0.0004907500115223229,0,0.00002300000051036477,0,-3.8900070190429688,1.1074905395507812
176,17,0,1,Night,Sun below height limit of 1 degrees.,89.58515167236328,0.41484543681144714,298.9267578125,0,0,0,0,9.190301895141602,3.5299999713897705,=NA(),0,32.35785675048828,1.4163999557495117,0.34380000829696655,0.08399999886751175,=NA(),20,1013.25,0,0,0,0,0,9.189996719360352,0,0,0,0,0,0,0,0,0,0,0,0,0,0
176,18,0,1,Night,,106.54817962646484,-16.54818344116211,287.32440185546875,0,0,0,0,7.699914455413818,3.319999933242798,=NA(),0,64.81599426269531,1.4163999557495117,0.34380000829696655,0.08399999886751175,=NA(),20,1013.25,0,0,0,0,0,7.700006008148193,0,0,0,0,0,0,0,0,0,0,0,0,0,0
176,19,0,1,Night,,118.44949340820312,-28.449493408203125,279.8742370605469,0,0,0,0,9.599786758422852,3.059999942779541,=NA(),0,64.81599426269531,1.4163999557495117,0.34380000829696655,0.08399999886751175,=NA(),20,1013.25,0,0,0,0,0,9.600000381469727,0,0,0,0,0,0,0,0,0,0,0,0,0,0
176,20,0,1,Night,,130.63787841796875,-40.637882232666016,272.11151123046875,0,0,0,0,9.970087051391602,3,=NA(),0,64.81599426269531,1.4163999557495117,0.34380000829696655,0.08399999886751175,=NA(),20,1013.25,0,0,0,0,0,9.969995498657227,0,0,0,0,0,0,0,0,0,0,0,0,0,0
176,21,0,1,Night,,142.88540649414062,-52.88541030883789,262.8941345214844,0,0,0,0,9.000207901000977,3.0100998878479004,=NA(),0,64.81599426269531,1.4163999557495117,0.34380000829696655,0.08399999886751175,=NA(),20,1013.25,0,0,0,0,0,8.999994277954102,0,0,0,0,0,0,0,0,0,0,0,0,0,0
176,22,0,1,Night,,154.80181884765625,-64.80182647705078,249.36460876464844,0,0,0,0,9.059991836547852,2.9200000762939453,=NA(),0,64.81599426269531,1.4163999557495117,0.34380000829696655,0.08399999886751175,=NA(),20,1013.25,0,0,0,0,0,9.059991836547852,0,0,0,0,0,0,0,0,0,0,0,0,0,0
176,23,0,1,Night,,165.05453491210938,-75.05453491210938,221.51744079589844,0,0,0,0,8.080194473266602,2.860100030899048,=NA(),0,64.81599426269531,1.4163999557495117,0.34380000829696655,0.08399999886751175,=NA(),20,1013.25,0,0,0,0,0,8.080011367797852,0,0,0,0,0,0,0,0,0,0,0,0,0,0
177,0,0,1,Night,,167.75164794921875,-77.75164031982422,161.25137329101562,0,0,0,0,8.600000381469727,2.9000000953674316,=NA(),0,64.81599426269531,1.4163999557495117,0.34380000829696655,0.08399999886751175,=NA(),20,1013.25,0,0,0,0,0,8.600000381469727,0,0,0,0,0,0,0,0,0,0,0,0,0,0
177,1,0,1,Night,,159.5997314453125,-69.5997314453125,119.73316192626953,0,0,0,0,8.530206680297852,3.1098999977111816,=NA(),0,64.81599426269531,1.4163999557495117,0.34380000829696655,0.08399999886751175,=NA(),20,1013.25,0,0,0,0,0,8.529993057250977,0,0,0,0,0,0,0,0,0,0,0,0,0,0
177,2,0,1,Night,,148.10581970214844,-58.10581588745117,102.124755859375,0,0,0,0,8.800104141235352,3.0799999237060547,=NA(),0,64.81599426269531,1.4163999557495117,0.34380000829696655,0.08399999886751175,=NA(),20,1013.25,0,0,0,0,0,8.800012588500977,0,0,0,0,0,0,0,0,0,0,0,0,0,0
177,3,0,1,Night,,135.93032836914062,-45.930328369140625,91.59789276123047,0,0,0,0,9.099908828735352,3.0799999237060547,=NA(),0,64.81599426269531,1.4163999557495117,0.34380000829696655,0.08399999886751175,=NA(),20,1013.25,0,0,0,0,0,9.100000381469727,0,0,0,0,0,0,0,0,0,0,0,0,0,0
177,4,0,1,Night,,123.6837387084961,-33.68374252319336,83.4012222290039,0,0,0,0,9.099908828735352,3.199899911880493,=NA(),0,64.81599426269531,1.4163999557495117,0.34380000829696655,0.08399999886751175,=NA(),20,1013.25,0,0,0,0,0,9.100000381469727,0,0,0,0,0,0,0,0,0,0,0,0,0,0
177,5,0,1,Night,,111.6303482055664,-21.630348205566406,75.91377258300781,0,0,0,0,9.099908828735352,2.95989990234375,=NA(),0,64.81599426269531,1.4163999557495117,0.34380000829696655,0.08399999886751175,=NA(),20,1013.25,0,0,0,0,0,9.100000381469727,0,0,0,0,0,0,0,0,0,0,0,0,0,0
177,6,0,1,Night,,99.98871612548828,-9.988714218139648,68.3351058959961,0,0,0,0,8.899805068969727,3.2600998878479004,=NA(),0,64.81599426269531,1.4163999557495117,0.34380000829696655,0.08399999886751175,=NA(),20,1013.25,0,0,0,0,0,8.899988174438477,0,0,0,0,0,0,0,0,0,0,0,0,0,0
177,7,0,1,Day,,86.83171081542969,3.1682920455932617,58.60353469848633,16.799999237060547,16.783241271972656,0.30320000648498535,0.9990025162696838,8.689813613891602,3.9899001121520996,=NA(),=NA(),14.592679977416992,1.4163999557495117,0.34380000829696655,0.08399999886751175,=NA(),20,1013.25,5.3416948318481445,82.27770233154297,17.94499969482422,16.795000076293945,1.149999976158142,9.447504043579102,86.76000213623047,92.06999969482422,90.30455780029297,38.2930793762207,0.1473916471004486,0.1458970010280609,43.10552978515625,0.16740579903125763,0.0005675000138580799,0,0.000025499999537714757,0,-5.30999755859375,1.76544189453125
177,8,0,1,Day,,78.662109375,11.337892532348633,50.69597244262695,86.10900115966797,84.80925750732422,6.611299991607666,0.9849058389663696,9.109888076782227,4.170000076293945,=NA(),=NA(),4.968787670135498,1.4163999557495117,0.34380000829696655,0.08399999886751175,=NA(),20,1013.25,23.051292419433594,61.447208404541016,100.87000274658203,93.81999969482422,7.039999961853027,13.219385147094727,550.72998046875,573.5299682617188,572.85205078125,39.99443817138672,0.895197868347168,0.8774752616882324,45.55887222290039,0.9481801390647888,0.0032091874163597822,0,0.00014781250501982868,0,-22.79998779296875,0.67791748046875
177,9,0,1,Day,,69.97962188720703,20.0203800201416,39.62379455566406,120.61000061035156,119.23904418945312,4.004499912261963,0.9886331558227539,9.730096817016602,4.159900188446045,=NA(),=NA(),2.901074171066284,1.4163999557495117,0.34380000829696655,0.08399999886751175,=NA(),20,1013.25,60,46.36161422729492,120.35000610351562,93.91999816894531,26.43000030517578,14.767511367797852,626.489990234375,648.6600341796875,639.2595825195312,40.45464324951172,0.9873465895652771,0.9076555371284485,45.54806900024414,1.0672447681427002,0.0032420000061392784,0,0.0005550624919123948,0,-22.1700439453125,9.40045166015625
177,10,0,1,Day,,63.2732048034668,26.72679328918457,26.526142120361328,85.09300231933594,84.60193634033203,1.0918999910354614,0.9942290782928467,9.799890518188477,4.510000228881836,=NA(),=NA(),2.215834856033325,1.4163999557495117,0.34380000829696655,0.08399999886751175,=NA(),20,1013.25,41.571224212646484,53.04792785644531,82.66500091552734,70.19999694824219,12.46500015258789,13.235620498657227,432.7799987792969,450.9700012207031,447.7646484375,39.9318962097168,0.7006531953811646,0.6581308841705322,45.159793853759766,0.752692461013794,0.0024139999877661467,0,0.0002548125048633665,0,-18.19000244140625,3.205352783203125
177,11,0,1,Day,,59.26036834716797,30.73963165283203,11.502598762512207,131.60000610351562,130.42234802246094,2.303999900817871,0.9910512566566467,10.439996719360352,5.160099983215332,=NA(),=NA(),1.9516184329986572,1.4163999557495117,0.34380000829696655,0.08399999886751175,=NA(),20,1013.25,18.537338256835938,57.37704849243164,137.41500854492188,126.75,10.670000076293945,16.0412540435791,760.239990234375,783.4600219726562,782.1566162109375,40.04841995239258,1.2206414937973022,1.1974976062774658,45.697479248046875,1.291373610496521,0.004342750180512667,0,0.00022575000184588134,0,-23.22003173828125,1.30340576171875
177,12,0,1,Day,,58.51253128051758,31.487468719482422,355.4407958984375,131.89999389648438,130.751953125,2.197999954223633,0.991296112537384,10.600000381469727,5.250100135803223,=NA(),=NA(),1.9101386070251465,1.4163999557495117,0.34380000829696655,0.08399999886751175,=NA(),20,1013.25,-7.394447326660156,58.21776580810547,140.20999145507812,131.09500122070312,9.119999885559082,16.30999183654785,775.3800048828125,798.27001953125,797.2418212890625,40.017478942871094,1.245147705078125,1.2367076873779297,45.69303894042969,1.3168607950210571,0.004455812741070986,0,0.0001999374944716692,0,-22.8900146484375,1.0281982421875
177,13,0,1,Day,,61.151851654052734,28.848146438598633,339.8066711425781,82.29900360107422,81.81690216064453,0.9991999864578247,0.9941420555114746,10.600000381469727,4.989999771118164,=NA(),=NA(),2.0666308403015137,1.4163999557495117,0.34380000829696655,0.08399999886751175,=NA(),20,1013.25,-32.07322311401367,55.29182052612305,82.33999633789062,73,9.34000015258789,13.991876602172852,438.5400085449219,455.7900085449219,454.46014404296875,39.665836334228516,0.715995192527771,0.6867280602455139,45.076412200927734,0.7636403441429138,0.0025109373964369297,0,0.0001916250039357692,0,-17.25,1.329864501953125
177,14,0,1,Day,,66.77043151855469,23.22956657409668,325.81463623046875,104.70999908447266,103.95812225341797,1.9062999486923218,0.9928194284439087,10.830011367797852,4.260000228881836,=NA(),=NA(),2.5231573581695557,1.4163999557495117,0.34380000829696655,0.08399999886751175,=NA(),20,1013.25,-52.62395477294922,49.47854232788086,100.57499694824219,80.75,19.829999923706055,15.029993057250977,523.1400146484375,541.4199829101562,536.0952758789062,40.03145217895508,0.8367050290107727,0.7740139961242676,45.215576171875,0.9008439779281616,0.0027824374847114086,0,0.00041418749606236815,0,-18.27996826171875,5.32470703125
177,15,0,1,Day,,74.67896270751953,15.321035385131836,313.8847351074219,107.5,105.83642578125,6.296000003814697,0.9845249056816101,12.100000381469727,2.5999999046325684,=NA(),=NA(),3.737974166870117,1.4163999557495117,0.34380000829696655,0.08399999886751175,=NA(),20,1013.25,-38.939090728759766,50.02906036376953,119.86499786376953,106.52000427246094,13.344999313354492,17.0574893951416,650.8800048828125,668.5999755859375,661.6861572265625,40.09904861450195,1.0312919616699219,0.9790665507316589,45.29774856567383,1.1066887378692627,0.003652312560006976,0,0.0002854999911505729,0,-17.719970703125,6.913818359375
177,16,0,1,Day,,84.16087341308594,5.839130401611328,303.8093566894531,1.6994999647140503,1.6994999647140503,0,1,10.820001602172852,2.4798998832702637,=NA(),=NA(),9.051961898803711,1.4163999557495117,0.34380000829696655,0.08399999886751175,=NA(),20,1013.25,-10.2605562210083,75.67962646484375,1.7999999523162842,1.6749999523162842,0.125,10.899988174438477,5.090000152587891,5.210000038146973,5.1777801513671875,31.51700210571289,0.010267740115523338,0.010114858858287334,38.096412658691406,0.016890298575162888,0.00005700000110664405,0,0.000002499999936844688,0,-0.11999988555908203,0.032219886779785156
177,17,0,1,Night,Sun below height limit of 1 degrees.,89.56546783447266,0.43453580141067505,298.9055480957031,0,0,0,0,9.900293350219727,2.5199999809265137,=NA(),0,32.12236785888672,1.4163999557495117,0.34380000829696655,0.08399999886751175,=NA(),20,1013.25,0,0,0,0,0,9.899988174438477,0,0,0,0,0,0,0,0,0,0,0,0,0,0
177,18,0,1,Night,,106.49028015136719,-16.490276336669922,287.3219299316406,0,0,0,0,9.000207901000977,2.5899999141693115,=NA(),0,64.81599426269531,1.4163999557495117,0.34380000829696655,0.08399999886751175,=NA(),20,1013.25,0,0,0,0,0,8.999994277954102,0,0,0,0,0,0,0,0,0,0,0,0,0,0
177,19,0,1,Night,,118.39202117919922,-28.392024993896484,279.8677062988281,0,0,0,0,7.969811916351318,2.9300999641418457,=NA(),0,64.81599426269531,1.4163999557495117,0.34380000829696655,0.08399999886751175,=NA(),20,1013.25,0,0,0,0,0,7.969995021820068,0,0,0,0,0,0,0,0,0,0,0,0,0,0
177,20,0,1,Night,,130.58041381835938,-40.580413818359375,272.10150146484375,0,0,0,0,7.890008449554443,3.1198999881744385,=NA(),0,64.81599426269531,1.4163999557495117,0.34380000829696655,0.08399999886751175,=NA(),20,1013.25,0,0,0,0,0,7.890008449554443,0,0,0,0,0,0,0,0,0,0,0,0,0,0
177,21,0,1,Night,,142.82763671875,-52.827632904052734,262.8824462890625,0,0,0,0,7.640100002288818,3.069999933242798,=NA(),0,64.81599426269531,1.4163999557495117,0.34380000829696655,0.08399999886751175,=NA(),20,1013.25,0,0,0,0,0,7.640008449554443,0,0,0,0,0,0,0,0,0,0,0,0,0,0
177,22,0,1,Night,,154.74343872070312,-64.74344635009766,249.36097717285156,0,0,0,0,8.510309219360352,2.9400999546051025,=NA(),0,64.81599426269531,1.4163999557495117,0.34380000829696655,0.08399999886751175,=NA(),20,1013.25,0,0,0,0,0,8.510004043579102,0,0,0,0,0,0,0,0,0,0,0,0,0,0
177,23,0,1,Night,,164.99900817871094,-74.99900817871094,221.58949279785156,0,0,0,0,7.570306301116943,2.5799999237060547,=NA(),0,64.81599426269531,1.4163999557495117,0.34380000829696655,0.08399999886751175,=NA(),20,1013.25,0,0,0,0,0,7.570001125335693,0,0,0,0,0,0,0,0,0,0,0,0,0,0
178,0,0,1,Night,,167.73263549804688,-77.7326431274414,161.51303100585938,0,0,0,0,6.250085353851318,2.6600000858306885,=NA(),0,64.81599426269531,1.4163999557495117,0.34380000829696655,0.08399999886751175,=NA(),20,1013.25,0,0,0,0,0,6.249993801116943,0,0,0,0,0,0,0,0,0,0,0,0,0,0
178,1,0,1,Night,,159.61508178710938,-69.6150894165039,119.89633178710938,0,0,0,0,3.6899962425231934,3.0100998878479004,=NA(),0,64.81599426269531,1.4163999557495117,0.34380000829696655,0.08399999886751175,=NA(),20,1013.25,0,0,0,0,0,3.6899962425231934,0,0,0,0,0,0,0,0,0,0,0,0,0,0
178,2,0,1,Night,,148.1306915283203,-58.13069534301758,102.22622680664062,0,0,0,0,4.140100002288818,3.0201001167297363,=NA(),0,64.81599426269531,1.4163999557495117,0.34380000829696655,0.08399999886751175,=NA(),20,1013.25,0,0,0,0,0,4.140008449554443,0,0,0,0,0,0,0,0,0,0,0,0,0,0
178,3,0,1,Night,,135.95729064941406,-45.95729446411133,91.67378234863281,0,0,0,0,5.359887599945068,3,=NA(),0,64.81599426269531,1.4163999557495117,0.34380000829696655,0.08399999886751175,=NA(),20,1013.25,0,0,0,0,0,5.360009670257568,0,0,0,0,0,0,0,0,0,0,0,0,0,0
178,4,0,1,Night,,123.71002960205078,-33.71002960205078,83.46530151367188,0,0,0,0,5.480187892913818,2.7701001167297363,=NA(),0,64.81599426269531,1.4163999557495117,0.34380000829696655,0.08399999886751175,=NA(),20,1013.25,0,0,0,0,0,5.480004787445068,0,0,0,0,0,0,0,0,0,0,0,0,0,0
178,5,0,1,Night,,111.65428161621094,-21.65428352355957,75.97254180908203,0,0,0,0,5.800012111663818,2.440000057220459,=NA(),0,64.81599426269531,1.4163999557495117,0.34380000829696655,0.08399999886751175,=NA(),20,1013.25,0,0,0,0,0,5.800012111663818,0,0,0,0,0,0,0,0,0,0,0,0,0,0
178,6,0,1,Night,,100.00896453857422,-10.008968353271484,68.39229583740234,0,0,0,0,6.160302639007568,2.0299999713897705,=NA(),0,64.81599426269531,1.4163999557495117,0.34380000829696655,0.08399999886751175,=NA(),20,1013.25,0,0,0,0,0,6.159997463226318,0,0,0,0,0,0,0,0,0,0,0,0,0,0
178,7,0,1,Day,,86.8392105102539,3.160792827606201,58.65953063964844,17.60099983215332,17.579021453857422,0.3986000120639801,0.9987512826919556,6.250085353851318,1.649999976158142,=NA(),=NA(),14.616766929626465,1.4163999557495117,0.34380000829696655,0.08399999886751175,=NA(),20,1013.25,5.325720310211182,82.29605102539062,18.849998474121094,17.654998779296875,1.2000000476837158,7.042504787445068,91.12999725341797,97.56999969482422,95.93383026123047,38.71390151977539,0.1548774391412735,0.15332934260368347,43.54476547241211,0.17496702075004578,0.0005939374677836895,0,0.00002662499900907278,0,-6.44000244140625,1.63616943359375
178,8,0,1,Day,,78.66815185546875,11.3318510055542,50.756710052490234,92.3010025024414,90.45447540283203,9.397500038146973,0.979994535446167,7.289788722991943,1.7899999618530273,=NA(),=NA(),4.97127628326416,1.4163999557495117,0.34380000829696655,0.08399999886751175,=NA(),20,1013.25,23.01258087158203,61.4636116027832,110.25,102.84500122070312,7.404999732971191,11.768762588500977,605.0700073242188,633.0599975585938,632.5767822265625,40.31752014160156,0.9806088805198669,0.9623443484306335,45.914588928222656,1.0368199348449707,0.003516812575981021,0,0.0001554375048726797,0,-27.989990234375,0.48321533203125
178,9,0,1,Day,,69.97640991210938,20.02358627319336,39.687652587890625,152.99000549316406,148.64418029785156,12.692000389099121,0.9715940356254578,8.399896621704102,2.3399999141693115,=NA(),=NA(),2.9006364345550537,1.4163999557495117,0.34380000829696655,0.08399999886751175,=NA(),20,1013.25,60,46.30507278442383,161.55999755859375,129.77999877929688,31.78499984741211,15.105615615844727,863.0800170898438,891.8699951171875,882.5629272460938,40.741512298583984,1.353590726852417,1.2612560987472534,46.031070709228516,1.4518303871154785,0.004492249805480242,0,0.0006680625374428928,0,-28.78997802734375,9.30706787109375
178,10,0,1,Day,,63.25834274291992,26.741655349731445,26.591501235961914,257.8999938964844,233.1526336669922,54.99800109863281,0.9040427803993225,9.500085830688477,2.9000000953674316,=NA(),=NA(),2.2147042751312256,1.4163999557495117,0.34380000829696655,0.08399999886751175,=NA(),20,1013.25,41.61777877807617,52.994598388671875,280.42999267578125,251.40499877929688,29.025001525878906,20.925622940063477,1590.0400390625,1610.050048828125,1607.827880859375,40.267303466796875,2.495466947555542,2.406285524368286,46.267974853515625,2.63334321975708,0.008701437152922153,0,0.0005991249927319586,0,-20.010009765625,2.22216796875
178,11,0,1,Day,,59.232322692871094,30.767677307128906,11.564801216125488,385.20001220703125,288.15740966796875,189.6999969482422,0.7480721473693848,10.679986953735352,3.240000009536743,=NA(),=NA(),1.9500244855880737,1.4163999557495117,0.34380000829696655,0.08399999886751175,=NA(),20,1013.25,18.610105514526367,57.331180572509766,412.375,387.20501708984375,25.170000076293945,27.3850040435791,2396.679931640625,2375.6201171875,2375.662109375,39.687339782714844,3.741222620010376,3.707948684692383,46.116146087646484,3.9386391639709473,0.013319937512278557,0,0.0005402499809861183,0,21.059814453125,-0.0419921875
178,12,0,1,Day,,58.47191619873047,31.5280818939209,355.49334716796875,248.7899932861328,234.88511657714844,26.590999603271484,0.9441099762916565,11.300012588500977,3.240000009536743,=NA(),=NA(),1.9079453945159912,1.4163999557495117,0.34380000829696655,0.08399999886751175,=NA(),20,1013.25,-7.298801422119141,58.18433380126953,264.3599853515625,247.77499389648438,16.579999923706055,22.03814125061035,1501.9599609375,1515.4100341796875,1514.430908203125,39.98689651489258,2.367074966430664,2.357121467590332,46.0227165222168,2.4952499866485596,0.008437625132501125,0,0.0003635000030044466,0,-13.4500732421875,0.9791259765625
178,13,0,1,Day,,61.101322174072266,28.898679733276367,339.8451232910156,111.08999633789062,110.27062225341797,1.6955000162124634,0.9926242232322693,10.140008926391602,3.069999933242798,=NA(),=NA(),2.0633535385131836,1.4163999557495117,0.34380000829696655,0.08399999886751175,=NA(),20,1013.25,-31.972497940063477,55.27198028564453,111.78999328613281,99.43000030517578,12.360000610351562,14.728754043579102,605.489990234375,627.1099853515625,625.4995727539062,40.00322341918945,0.9771621227264404,0.9392648935317993,45.50261306762695,1.0385125875473022,0.003421250032261014,0,0.00025362501037307084,0,-21.6199951171875,1.61041259765625
178,14,0,1,Day,,66.71372985839844,23.286272048950195,325.83868408203125,99.0989990234375,98.4263916015625,1.7014000415802002,0.9932127594947815,10.230005264282227,2.639899969100952,=NA(),=NA(),2.517423629760742,1.4163999557495117,0.34380000829696655,0.08399999886751175,=NA(),20,1013.25,-52.531429290771484,49.4691276550293,94.7300033569336,75.88499450683594,18.84000015258789,14.187494277954102,490.6199951171875,509.3299865722656,504.2801513671875,40.063514709472656,0.7864050269126892,0.7270344495773315,45.22811508178711,0.847295343875885,0.0026136874221265316,0,0.0003933749976567924,0,-18.709991455078125,5.049835205078125
178,15,0,1,Day,,74.61888885498047,15.381112098693848,313.89697265625,39.499000549316406,39.39322280883789,0.39879998564720154,0.9973220229148865,10.100000381469727,1.7100000381469727,=NA(),=NA(),3.724116086959839,1.4163999557495117,0.34380000829696655,0.08399999886751175,=NA(),20,1013.25,-39.22969055175781,49.84501647949219,38.665000915527344,33.21500015258789,5.449999809265137,11.725000381469727,193.5,203.1999969482422,200.00067138671875,39.216949462890625,0.31871339678764343,0.29798299074172974,44.066165924072266,0.35144415497779846,0.0011320000048726797,0,0.0001158125014626421,0,-9.699996948242188,3.1993255615234375
178,16,0,1,Day,,84.10063934326172,5.899357318878174,303.81268310546875,2.6958000659942627,2.6958000659942627,0,1,10.140008926391602,1.7899999618530273,=NA(),=NA(),8.972887992858887,1.4163999557495117,0.34380000829696655,0.08399999886751175,=NA(),20,1013.25,-10.371237754821777,75.52922058105469,2.8550000190734863,2.6600000858306885,0.19499999284744263,10.270013809204102,9.979999542236328,10.40999984741211,10.316299438476562,33.72108459472656,0.019120564684271812,0.018879583105444908,39.40302658081055,0.026786411181092262,0.00009068749932339415,0,0.000004499999704421498,0,-0.43000030517578125,0.09370040893554688
178,17,0,1,Night,Sun below height limit of 1 degrees.,89.54124450683594,0.45875293016433716,298.8786315917969,0,0,0,0,9.910303115844727,1.7401000261306763,=NA(),0,31.835994720458984,1.4163999557495117,0.34380000829696655,0.08399999886751175,=NA(),20,1013.25,0,0,0,0,0,9.909997940063477,0,0,0,0,0,0,0,0,0,0,0,0,0,0
178,18,0,1,Night,,106.42945098876953,-16.429447174072266,287.3131408691406,0,0,0,0,9.399713516235352,1.7000000476837158,=NA(),0,64.81599426269531,1.4163999557495117,0.34380000829696655,0.08399999886751175,=NA(),20,1013.25,0,0,0,0,0,9.399988174438477,0,0,0,0,0,0,0,0,0,0,0,0,0,0
178,19,0,1,Night,,118.33145904541016,-28.331457138061523,279.85406494140625,0,0,0,0,9.200311660766602,1.750100016593933,=NA(),0,64.81599426269531,1.4163999557495117,0.34380000829696655,0.08399999886751175,=NA(),20,1013.25,0,0,0,0,0,9.200006484985352,0,0,0,0,0,0,0,0,0,0,0,0,0,0
178,20,0,1,Night,,130.52011108398438,-40.52010726928711,272.083251953125,0,0,0,0,9.099908828735352,1.8499000072479248,=NA(),0,64.81599426269531,1.4163999557495117,0.34380000829696655,0.08399999886751175,=NA(),20,1013.25,0,0,0,0,0,9.100000381469727,0,0,0,0,0,0,0,0,0,0,0,0,0,0
178,21,0,1,Night,,142.76702880859375,-52.76703643798828,262.8604431152344,0,0,0,0,9.220209121704102,1.9198999404907227,=NA(),0,64.81599426269531,1.4163999557495117,0.34380000829696655,0.08399999886751175,=NA(),20,1013.25,0,0,0,0,0,9.219995498657227,0,0,0,0,0,0,0,0,0,0,0,0,0,0
178,22,0,1,Night,,154.68174743652344,-64.6817398071289,249.34335327148438,0,0,0,0,8.699701309204102,1.940000057220459,=NA(),0,64.81599426269531,1.4163999557495117,0.34380000829696655,0.08399999886751175,=NA(),20,1013.25,0,0,0,0,0,8.700006484985352,0,0,0,0,0,0,0,0,0,0,0,0,0,0
178,23,0,1,Night,,164.93829345703125,-74.93830108642578,221.64382934570312,0,0,0,0,8.290185928344727,1.820099949836731,=NA(),0,64.81599426269531,1.4163999557495117,0.34380000829696655,0.08399999886751175,=NA(),20,1013.25,0,0,0,0,0,8.290002822875977,0,0,0,0,0,0,0,0,0,0,0,0,0,0
179,0,0,1,Night,,167.7066650390625,-77.7066650390625,161.7802734375,0,0,0,0,7.999688625335693,1.5999000072479248,=NA(),0,64.81599426269531,1.4163999557495117,0.34380000829696655,0.08399999886751175,=NA(),20,1013.25,0,0,0,0,0,7.999993801116943,0,0,0,0,0,0,0,0,0,0,0,0,0,0
179,1,0,1,Night,,159.6253204345703,-69.62532043457031,120.07377624511719,0,0,0,0,7.699914455413818,1.4200999736785889,=NA(),0,64.81599426269531,1.4163999557495117,0.34380000829696655,0.08399999886751175,=NA(),20,1013.25,0,0,0,0,0,7.700006008148193,0,0,0,0,0,0,0,0,0,0,0,0,0,0
179,2,0,1,Night,,148.1513214111328,-58.151329040527344,102.33855438232422,0,0,0,0,7.999688625335693,1.7200000286102295,=NA(),0,64.81599426269531,1.4163999557495117,0.34380000829696655,0.08399999886751175,=NA(),20,1013.25,0,0,0,0,0,7.999993801116943,0,0,0,0,0,0,0,0,0,0,0,0,0,0
179,3,0,1,Night,,135.980224609375,-45.980228424072266,91.7580795288086,0,0,0,0,8.300195693969727,1.809999942779541,=NA(),0,64.81599426269531,1.4163999557495117,0.34380000829696655,0.08399999886751175,=NA(),20,1013.25,0,0,0,0,0,8.300012588500977,0,0,0,0,0,0,0,0,0,0,0,0,0,0
179,4,0,1,Night,,123.73204803466797,-33.73204803466797,83.53636169433594,0,0,0,0,8.199792861938477,2.130000114440918,=NA(),0,64.81599426269531,1.4163999557495117,0.34380000829696655,0.08399999886751175,=NA(),20,1013.25,0,0,0,0,0,8.200006484985352,0,0,0,0,0,0,0,0,0,0,0,0,0,0
179,5,0,1,Night,,111.6734619140625,-21.673460006713867,76.037353515625,0,0,0,0,8.159906387329102,2.180000066757202,=NA(),0,64.81599426269531,1.4163999557495117,0.34380000829696655,0.08399999886751175,=NA(),20,1013.25,0,0,0,0,0,8.159997940063477,0,0,0,0,0,0,0,0,0,0,0,0,0,0
179,6,0,1,Night,,100.02366638183594,-10.023665428161621,68.45489501953125,0,0,0,0,7.899987697601318,2.200000047683716,=NA(),0,64.81599426269531,1.4163999557495117,0.34380000829696655,0.08399999886751175,=NA(),20,1013.25,0,0,0,0,0,7.899987697601318,0,0,0,0,0,0,0,0,0,0,0,0,0,0
179,7,0,1,Day,,86.83951568603516,3.1604819297790527,58.715370178222656,19.398000717163086,19.370445251464844,0.4997999966144562,0.9985794425010681,7.400109767913818,2.2799999713897705,=NA(),=NA(),14.617778778076172,1.4163999557495117,0.34380000829696655,0.08399999886751175,=NA(),20,1013.25,5.322000026702881,82.29682159423828,20.885000228881836,19.575000762939453,1.3050000667572021,8.277490615844727,100.9800033569336,107.5999984741211,106.09485626220703,38.637935638427734,0.1716182380914688,0.17004936933517456,43.52626419067383,0.1923709362745285,0.0006528124795295298,0,0.0000289999989036005,0,-6.6199951171875,1.5051422119140625
179,8,0,1,Day,,78.66943359375,11.33056354522705,50.821815490722656,85.19000244140625,83.9538803100586,6.2916998863220215,0.9854898452758789,7.200006008148193,2.4798998832702637,=NA(),=NA(),4.971805095672607,1.4163999557495117,0.34380000829696655,0.08399999886751175,=NA(),20,1013.25,22.98407745361328,61.46709442138672,99.53999328613281,92.56500244140625,6.975000381469727,11.246240615844727,543.260009765625,569.6199951171875,569.243408203125,40.2427978515625,0.8840668201446533,0.8671268224716187,45.81112289428711,0.9355022311210632,0.0031672499608248472,0,0.00014618750719819218,0,-26.3599853515625,0.3765869140625
179,9,0,1,Day,,69.96739959716797,20.03260040283203,39.755130767822266,127.88999938964844,126.11176300048828,5.191100120544434,0.9860956072807312,7.499810695648193,2.6700000762939453,=NA(),=NA(),2.899404764175415,1.4163999557495117,0.34380000829696655,0.08399999886751175,=NA(),20,1013.25,60,46.243141174316406,129.19500732421875,101.47000122070312,27.724998474121094,12.885644912719727,676.4299926757812,704.7100219726562,695.5283203125,40.79714584350586,1.0652244091033936,0.9835319519042969,45.935142517089844,1.1482709646224976,0.003502937499433756,0,0.0005829375004395843,0,-28.280029296875,9.18170166015625
179,10,0,1,Day,,63.23686981201172,26.76312828063965,26.65932273864746,164.88999938964844,162.1029815673828,6.189199924468994,0.9830977320671082,7.650109767913818,2.5499000549316406,=NA(),=NA(),2.2130730152130127,1.4163999557495117,0.34380000829696655,0.08399999886751175,=NA(),20,1013.25,41.658424377441406,52.9351921081543,165.7449951171875,143.17999267578125,22.56999969482422,14.461877822875977,904.3499755859375,936.47998046875,932.5159301757812,40.66613006591797,1.4329341650009155,1.3616173267364502,46.198753356933594,1.5219597816467285,0.004934750031679869,0,0.00046212499728426337,0,-32.1300048828125,3.96405029296875
179,11,0,1,Day,,59.197288513183594,30.802709579467773,11.627791404724121,370.80999755859375,286.567138671875,164.50999450683594,0.7728139758110046,8.550104141235352,2.440000057220459,=NA(),=NA(),1.9480377435684204,1.4163999557495117,0.34380000829696655,0.08399999886751175,=NA(),20,1013.25,18.678956985473633,57.278526306152344,396.5849914550781,372.0950012207031,24.489999771118164,24.587488174438477,2301.68994140625,2302.5,2302.63916015625,40.03854751586914,3.5944156646728516,3.561927080154419,46.41563034057617,3.782397985458374,0.012798749841749668,0,0.0005250624963082373,0,-0.81005859375,-0.13916015625
179,12,0,1,Day,,58.424381256103516,31.575618743896484,355.5447082519531,299.989990234375,266.4283447265625,64.09500122070312,0.8881241083145142,9.849786758422852,2.3199000358581543,=NA(),=NA(),1.9053856134414673,1.4163999557495117,0.34380000829696655,0.08399999886751175,=NA(),20,1013.25,-7.203390598297119,58.143802642822266,318.58502197265625,299.44000244140625,19.145000457763672,22.7656192779541,1826.3299560546875,1838.050048828125,1837.605224609375,40.07984924316406,2.865537643432617,2.8576250076293945,46.25954818725586,3.017516613006592,0.010218624956905842,0,0.0004194999928586185,0,-11.7200927734375,0.44482421875
179,13,0,1,Day,,61.044654846191406,28.955347061157227,339.8805236816406,521.2000122070312,310.507568359375,435.20001220703125,0.5957551002502441,10.950006484985352,1.9600000381469727,=NA(),=NA(),2.0596923828125,1.4163999557495117,0.34380000829696655,0.08399999886751175,=NA(),20,1013.25,-31.86908531188965,55.245540618896484,590.135009765625,555.39501953125,34.744998931884766,34.891258239746094,3481.7900390625,3367.75,3369.172119140625,38.916954040527344,5.410877227783203,5.337039470672607,45.795616149902344,5.702220916748047,0.019250063225626945,0,0.0007376249996013939,0,114.0400390625,-1.422119140625
179,14,0,1,Day,,66.65185546875,23.348146438598633,325.8584899902344,372.79998779296875,258.18505859375,289.20001220703125,0.6925565004348755,12.600000381469727,1.3598999977111816,=NA(),=NA(),2.511199474334717,1.4163999557495117,0.34380000829696655,0.08399999886751175,=NA(),20,1013.25,-52.43510437011719,49.45365905761719,489.32501220703125,450.6549987792969,38.66999816894531,32.454368591308594,2881.81005859375,2809.2900390625,2809.6767578125,39.13710403442383,4.487028121948242,4.374390125274658,45.77439498901367,4.730175971984863,0.01577606238424778,0,0.0008227499783970416,0,72.52001953125,-0.38671875
179,15,0,1,Day,,74.55504608154297,15.444952964782715,313.9042053222656,188.89999389648438,167.4354705810547,80.5989990234375,0.8863709568977356,13.070001602172852,0.9800000190734863,=NA(),=NA(),3.7095046043395996,1.4163999557495117,0.34380000829696655,0.08399999886751175,=NA(),20,1013.25,-39.53624725341797,49.648963928222656,274.72998046875,257.07000732421875,17.65999984741211,24.237512588500977,1589.72998046875,1592.1400146484375,1588.977783203125,39.80751419067383,2.494764804840088,2.431426763534546,45.823951721191406,2.6323180198669434,0.00891837477684021,0,0.0003795624943450093,0,-2.4100341796875,3.1622314453125
179,16,0,1,Day,,84.03759765625,5.962401390075684,303.8105163574219,28.79400062561035,28.73202896118164,0.5965999960899353,0.9978477358818054,11.920007705688477,1.159999966621399,=NA(),=NA(),8.891524314880371,1.4163999557495117,0.34380000829696655,0.08399999886751175,=NA(),20,1013.25,-10.486523628234863,75.3717269897461,31.005001068115234,28.950000762939453,2.059999942779541,13.211236953735352,156.72999572753906,163.7899932861328,162.3704833984375,38.4317512512207,0.2640579640865326,0.26093608140945435,43.50970458984375,0.28960099816322327,0.0009799374965950847,0,0.00004450000051292591,0,-7.05999755859375,1.4195098876953125
179,17,0,1,Night,Sun below height limit of 1 degrees.,89.5094985961914,0.490498423576355,298.84844970703125,0,0,0,0,8.919794082641602,1.3698999881744385,=NA(),0,31.466278076171875,1.4163999557495117,0.34380000829696655,0.08399999886751175,=NA(),20,1013.25,0,0,0,0,0,8.920007705688477,0,0,0,0,0,0,0,0,0,0,0,0,0,0
179,18,0,1,Night,,106.36620330810547,-16.366199493408203,287.2980041503906,0,0,0,0,6.630303859710693,1.6200000047683716,=NA(),0,64.81599426269531,1.4163999557495117,0.34380000829696655,0.08399999886751175,=NA(),20,1013.25,0,0,0,0,0,6.629998683929443,0,0,0,0,0,0,0,0,0,0,0,0,0,0
179,19,0,1,Night,,118.2687759399414,-28.26877212524414,279.8333740234375,0,0,0,0,5.199700832366943,1.940000057220459,=NA(),0,64.81599426269531,1.4163999557495117,0.34380000829696655,0.08399999886751175,=NA(),20,1013.25,0,0,0,0,0,5.200006008148193,0,0,0,0,0,0,0,0,0,0,0,0,0,0
179,20,0,1,Night,,130.45770263671875,-40.45769500732422,272.05670166015625,0,0,0,0,4.170007228851318,2.3099000453948975,=NA(),0,64.81599426269531,1.4163999557495117,0.34380000829696655,0.08399999886751175,=NA(),20,1013.25,0,0,0,0,0,4.170007228851318,0,0,0,0,0,0,0,0,0,0,0,0,0,0
179,21,0,1,Night,,142.70407104492188,-52.70406723022461,262.8280944824219,0,0,0,0,4.669885158538818,2.6700000762939453,=NA(),0,64.81599426269531,1.4163999557495117,0.34380000829696655,0.08399999886751175,=NA(),20,1013.25,0,0,0,0,0,4.670007228851318,0,0,0,0,0,0,0,0,0,0,0,0,0,0
179,22,0,1,Night,,154.6168975830078,-64.61688995361328,249.31182861328125,0,0,0,0,5.899713039398193,3.049999952316284,=NA(),0,64.81599426269531,1.4163999557495117,0.34380000829696655,0.08399999886751175,=NA(),20,1013.25,0,0,0,0,0,5.899987697601318,0,0,0,0,0,0,0,0,0,0,0,0,0,0
179,23,0,1,Night,,164.87252807617188,-74.8725357055664,221.68038940429688,0,0,0,0,5.439691066741943,3.2600998878479004,=NA(),0,64.81599426269531,1.4163999557495117,0.34380000829696655,0.08399999886751175,=NA(),20,1013.25,0,0,0,0,0,5.439996242523193,0,0,0,0,0,0,0,0,0,0,0,0,0,0
180,0,0,1,Night,,167.67379760742188,-77.67378997802734,162.0523681640625,0,0,0,0,5.399804592132568,3.4600000381469727,=NA(),0,64.81599426269531,1.4163999557495117,0.34380000829696655,0.08399999886751175,=NA(),20,1013.25,0,0,0,0,0,5.399987697601318,0,0,0,0,0,0,0,0,0,0,0,0,0,0
180,1,0,1,Night,,159.63072204589844,-69.63072967529297,120.2652587890625,0,0,0,0,4.749688625335693,3.880000114440918,=NA(),0,64.81599426269531,1.4163999557495117,0.34380000829696655,0.08399999886751175,=NA(),20,1013.25,0,0,0,0,0,4.749993801116943,0,0,0,0,0,0,0,0,0,0,0,0,0,0
180,2,0,1,Night,,148.1681671142578,-58.16817092895508,102.46160888671875,0,0,0,0,6.690087795257568,4.429999828338623,=NA(),0,64.81599426269531,1.4163999557495117,0.34380000829696655,0.08399999886751175,=NA(),20,1013.25,0,0,0,0,0,6.689996242523193,0,0,0,0,0,0,0,0,0,0,0,0,0,0
180,3,0,1,Night,,135.99978637695312,-45.999794006347656,91.85073852539062,0,0,0,0,5.730187892913818,4.730000019073486,=NA(),0,64.81599426269531,1.4163999557495117,0.34380000829696655,0.08399999886751175,=NA(),20,1013.25,0,0,0,0,0,5.730004787445068,0,0,0,0,0,0,0,0,0,0,0,0,0,0
180,4,0,1,Night,,123.75081634521484,-33.750816345214844,83.61431884765625,0,0,0,0,5.409814357757568,4.75,=NA(),0,64.81599426269531,1.4163999557495117,0.34380000829696655,0.08399999886751175,=NA(),20,1013.25,0,0,0,0,0,5.409997463226318,0,0,0,0,0,0,0,0,0,0,0,0,0,0
180,5,0,1,Night,,111.68933868408203,-21.689342498779297,76.108154296875,0,0,0,0,5.899713039398193,4.659999847412109,=NA(),0,64.81599426269531,1.4163999557495117,0.34380000829696655,0.08399999886751175,=NA(),20,1013.25,0,0,0,0,0,5.899987697601318,0,0,0,0,0,0,0,0,0,0,0,0,0,0
180,6,0,1,Night,,100.03518676757812,-10.035185813903809,68.5228500366211,0,0,0,0,5.700311183929443,4.5,=NA(),0,64.81599426269531,1.4163999557495117,0.34380000829696655,0.08399999886751175,=NA(),20,1013.25,0,0,0,0,0,5.700006008148193,0,0,0,0,0,0,0,0,0,0,0,0,0,0
180,7,0,1,Day,,86.84072875976562,3.1592676639556885,58.783424377441406,38.698001861572266,37.937461853027344,13.800000190734863,0.9803467988967896,5.240289211273193,4.889999866485596,=NA(),=NA(),14.621694564819336,1.4163999557495117,0.34380000829696655,0.08399999886751175,=NA(),20,1013.25,5.316062927246094,82.2998046875,45.45500183105469,43.30999755859375,2.1449999809265137,7.169366359710693,203.67999267578125,217.41000366210938,215.66302490234375,39.759979248046875,0.3390094041824341,0.3368798494338989,44.81231689453125,0.3690440058708191,0.001262437435798347,0,0.00004749999789055437,0,-13.730010986328125,1.746978759765625
180,8,0,1,Day,,78.66556549072266,11.334434509277344,50.89121627807617,157.50999450683594,139.7021026611328,90.60900115966797,0.8869411945343018,7.600213527679443,5.389999866485596,=NA(),=NA(),4.970210075378418,1.4163999557495117,0.34380000829696655,0.08399999886751175,=NA(),20,1013.25,22.966751098632812,61.45658874511719,239.82000732421875,230.5449981689453,9.274999618530273,17.26250648498535,1369.56005859375,1403.9599609375,1404.434814453125,40.51732635498047,2.166411876678467,2.1421782970428467,46.50918960571289,2.279306411743164,0.007851812057197094,0,0.00019762500596698374,0,-34.39990234375,-0.474853515625
180,9,0,1,Day,,69.95308685302734,20.04691505432129,39.826171875,336.79998779296875,243.28701782226562,272.79998779296875,0.7223486304283142,10.260004043579102,5.150000095367432,=NA(),=NA(),2.897451639175415,1.4163999557495117,0.34380000829696655,0.08399999886751175,=NA(),20,1013.25,60,46.17606735229492,498.385009765625,456.375,42.01000213623047,30.4737491607666,2933.080078125,2878.14990234375,2878.00390625,39.43385314941406,4.561546325683594,4.44053316116333,46.065364837646484,4.8047261238098145,0.01600312441587448,0,0.0008853125036694109,0,54.93017578125,0.14599609375
180,10,0,1,Day,,63.20967102050781,26.790328979492188,26.72954559326172,453.5,284.92816162109375,374,0.6282870173454285,11.800012588500977,4.739999771118164,=NA(),=NA(),2.2110109329223633,1.4163999557495117,0.34380000829696655,0.08399999886751175,=NA(),20,1013.25,41.69419860839844,52.8703498840332,545.4200439453125,509.5950012207031,35.82500076293945,33.930015563964844,3213.580078125,3117.919921875,3119.023193359375,39.00385284423828,4.998017311096191,4.904499530792236,45.776588439941406,5.266050338745117,0.017720624804496765,0,0.0007525624823756516,0,95.66015625,-1.103271484375
180,11,0,1,Day,,59.15620040893555,30.843801498413086,11.691505432128906,512.9000244140625,296.7459716796875,421.6000061035156,0.5785649418830872,13.450006484985352,4.079899787902832,=NA(),=NA(),1.9457135200500488,1.4163999557495117,0.34380000829696655,0.08399999886751175,=NA(),20,1013.25,18.74439811706543,57.219970703125,553.7249755859375,522.8699951171875,30.854999542236328,35.966880798339844,3249.639892578125,3131.52001953125,3132.671630859375,38.73085021972656,5.055201053619385,5.024464130401611,45.530845642089844,5.328644275665283,0.018010687083005905,0,0.0006664374959655106,0,118.119873046875,-1.151611328125
180,12,0,1,Day,,58.37070846557617,31.62929344177246,355.5948181152344,513,295.6798400878906,414.3999938964844,0.5763739347457886,14.200006484985352,3.420099973678589,=NA(),=NA(),1.9025055170059204,1.4163999557495117,0.34380000829696655,0.08399999886751175,=NA(),20,1013.25,-7.1085920333862305,58.096946716308594,544.0399780273438,514.3200073242188,29.719999313354492,36.373130798339844,3179.39013671875,3059.639892578125,3060.339599609375,38.6670036315918,4.946627616882324,4.935408115386963,45.438438415527344,5.214471340179443,0.017629874870181084,0,0.000650812522508204,0,119.750244140625,-0.69970703125
180,13,0,1,Day,,60.98210144042969,29.017900466918945,339.9128723144531,455.8999938964844,284.8597717285156,352.6000061035156,0.6248295307159424,15.089990615844727,2.8798999786376953,=NA(),=NA(),2.055668592453003,1.4163999557495117,0.34380000829696655,0.08399999886751175,=NA(),20,1013.25,-31.763355255126953,55.21269607543945,513.5799560546875,482.3999938964844,31.18000030517578,35.96562957763672,3019.110107421875,2909.030029296875,2910.121337890625,38.67866516113281,4.702432155609131,4.63348388671875,45.398338317871094,4.9602227210998535,0.016714375466108322,0,0.000660250021610409,0,110.080078125,-1.09130859375
180,14,0,1,Day,,66.58448791503906,23.415512084960938,325.8739929199219,342.2099914550781,250.76512145996094,230.11000061035156,0.7327814102172852,15.300012588500977,2.23009991645813,=NA(),=NA(),2.504460573196411,1.4163999557495117,0.34380000829696655,0.08399999886751175,=NA(),20,1013.25,-52.33462142944336,49.431915283203125,440.31500244140625,402.8699951171875,37.44499969482422,33.20873260498047,2577.929931640625,2506.260009765625,2506.068359375,38.949031829833984,4.021483421325684,3.910033941268921,45.47608947753906,4.242461204528809,0.014088312163949013,0,0.0007946250261738896,0,71.669921875,0.191650390625
180,15,0,1,Day,,74.48622131347656,15.513781547546387,313.9064025878906,189.19000244140625,167.76724243164062,80.09400177001953,0.8867658972740173,14.990015029907227,1.809999942779541,=NA(),=NA(),3.693882942199707,1.4163999557495117,0.34380000829696655,0.08399999886751175,=NA(),20,1013.25,-39.8651008605957,49.43701934814453,274.79498291015625,256.92999267578125,17.864999771118164,26.16875648498535,1590.449951171875,1582.56005859375,1580.219482421875,39.507789611816406,2.4998419284820557,2.436049461364746,45.56646728515625,2.6375391483306885,0.008919499814510345,0,0.00038243751623667777,0,7.889892578125,2.340576171875
180,16,0,1,Day,,83.9704818725586,6.029515743255615,303.80291748046875,12.696999549865723,12.68662166595459,0.09880000352859497,0.9991826415061951,13.629999160766602,2.1698999404907227,=NA(),=NA(),8.806436538696289,1.4163999557495117,0.34380000829696655,0.08399999886751175,=NA(),20,1013.25,-10.608738899230957,75.20394897460938,13.454999923706055,12.53499984741211,0.9199999570846558,14.196863174438477,63.560001373291016,66.29000091552734,65.84484100341797,36.7164306640625,0.11208347231149673,0.11108715832233429,41.88557434082031,0.12658846378326416,0.0004268749908078462,0,0.000019875000361935236,0,-2.729999542236328,0.445159912109375
180,17,0,1,Night,Sun below height limit of 1 degrees.,89.48674011230469,0.5132584571838379,298.8053283691406,0,0,0,0,10.589990615844727,2.5999999046325684,=NA(),0,31.20494270324707,1.4163999557495117,0.34380000829696655,0.08399999886751175,=NA(),20,1013.25,0,0,0,0,0,10.589990615844727,0,0,0,0,0,0,0,0,0,0,0,0,0,0
180,18,0,1,Night,,106.29887390136719,-16.298871994018555,287.2764892578125,0,0,0,0,9.419702529907227,3.059999942779541,=NA(),0,64.81599426269531,1.4163999557495117,0.34380000829696655,0.08399999886751175,=NA(),20,1013.25,0,0,0,0,0,9.420007705688477,0,0,0,0,0,0,0,0,0,0,0,0,0,0
180,19,0,1,Night,,118.2025146484375,-28.202512741088867,279.8055725097656,0,0,0,0,9.210290908813477,3.369999885559082,=NA(),0,64.81599426269531,1.4163999557495117,0.34380000829696655,0.08399999886751175,=NA(),20,1013.25,0,0,0,0,0,9.209985733032227,0,0,0,0,0,0,0,0,0,0,0,0,0,0
180,20,0,1,Night,,130.39202880859375,-40.39202880859375,272.0218811035156,0,0,0,0,9.799890518188477,3.599900007247925,=NA(),0,64.81599426269531,1.4163999557495117,0.34380000829696655,0.08399999886751175,=NA(),20,1013.25,0,0,0,0,0,9.800012588500977,0,0,0,0,0,0,0,0,0,0,0,0,0,0
180,21,0,1,Night,,142.6380615234375,-52.6380615234375,262.78546142578125,0,0,0,0,10.330011367797852,4.140100002288818,=NA(),0,64.81599426269531,1.4163999557495117,0.34380000829696655,0.08399999886751175,=NA(),20,1013.25,0,0,0,0,0,10.330011367797852,0,0,0,0,0,0,0,0,0,0,0,0,0,0
180,22,0,1,Night,,154.5486297607422,-64.54862976074219,249.26644897460938,0,0,0,0,11.040002822875977,4.739999771118164,=NA(),0,64.81599426269531,1.4163999557495117,0.34380000829696655,0.08399999886751175,=NA(),20,1013.25,0,0,0,0,0,11.040002822875977,0,0,0,0,0,0,0,0,0,0,0,0,0,0
180,23,0,1,Night,,164.8015899658203,-74.80158233642578,221.6992645263672,0,0,0,0,10.200006484985352,5.029900074005127,=NA(),0,64.81599426269531,1.4163999557495117,0.34380000829696655,0.08399999886751175,=NA(),20,1013.25,0,0,0,0,0,10.200006484985352,0,0,0,0,0,0,0,0,0,0,0,0,0,0
181,0,0,1,Night,,167.6338653564453,-77.63386535644531,162.32843017578125,0,0,0,0,9.210290908813477,5.000100135803223,=NA(),0,64.81599426269531,1.4163999557495117,0.34380000829696655,0.08399999886751175,=NA(),20,1013.25,0,0,0,0,0,9.209985733032227,0,0,0,0,0,0,0,0,0,0,0,0,0,0
181,1,0,1,Night,,159.6309051513672,-69.63090515136719,120.47048950195312,0,0,0,0,8.909814834594727,4.510000228881836,=NA(),0,64.81599426269531,1.4163999557495117,0.34380000829696655,0.08399999886751175,=NA(),20,1013.25,0,0,0,0,0,8.909997940063477,0,0,0,0,0,0,0,0,0,0,0,0,0,0
181,2,0,1,Night,,148.1808624267578,-58.18085861206055,102.59528350830078,0,0,0,0,7.330285549163818,4.570000171661377,=NA(),0,64.81599426269531,1.4163999557495117,0.34380000829696655,0.08399999886751175,=NA(),20,1013.25,0,0,0,0,0,7.330010890960693,0,0,0,0,0,0,0,0,0,0,0,0,0,0
181,3,0,1,Night,,136.01527404785156,-46.01526641845703,91.95166778564453,0,0,0,0,8.110101699829102,4.659999847412109,=NA(),0,64.81599426269531,1.4163999557495117,0.34380000829696655,0.08399999886751175,=NA(),20,1013.25,0,0,0,0,0,8.110010147094727,0,0,0,0,0,0,0,0,0,0,0,0,0,0
181,4,0,1,Night,,123.76502227783203,-33.765018463134766,83.69913482666016,0,0,0,0,10.839990615844727,4.840099811553955,=NA(),0,64.81599426269531,1.4163999557495117,0.34380000829696655,0.08399999886751175,=NA(),20,1013.25,0,0,0,0,0,10.839990615844727,0,0,0,0,0,0,0,0,0,0,0,0,0,0
181,5,0,1,Night,,111.70050048828125,-21.700502395629883,76.18488311767578,0,0,0,0,8.330102920532227,5.029900074005127,=NA(),0,64.81599426269531,1.4163999557495117,0.34380000829696655,0.08399999886751175,=NA(),20,1013.25,0,0,0,0,0,8.330011367797852,0,0,0,0,0,0,0,0,0,0,0,0,0,0
181,6,0,1,Night,,100.04109191894531,-10.041091918945312,68.59609985351562,0,0,0,0,7.779687404632568,5.360000133514404,=NA(),0,64.81599426269531,1.4163999557495117,0.34380000829696655,0.08399999886751175,=NA(),20,1013.25,0,0,0,0,0,7.779992580413818,0,0,0,0,0,0,0,0,0,0,0,0,0,0
181,7,0,1,Day,,86.83794403076172,3.162055492401123,58.85369110107422,29.906999588012695,29.663698196411133,4.410799980163574,0.9918647408485413,7.200006008148193,5.330100059509277,=NA(),=NA(),14.61272144317627,1.4163999557495117,0.34380000829696655,0.08399999886751175,=NA(),20,1013.25,5.316821575164795,82.29297637939453,33.375,31.505001068115234,1.8700000047683716,8.603754043579102,158.38999938964844,168.33999633789062,167.0747833251953,39.13031005859375,0.2668576240539551,0.2650173008441925,44.2003059387207,0.29197344183921814,0.0009934999980032444,0,0.000041437499021412805,0,-9.949996948242188,1.2652130126953125
181,8,0,1,Day,,78.65727233886719,11.342730522155762,50.964866638183594,157,139.4164581298828,89.40299987792969,0.8880029320716858,11.170007705688477,5.509900093078613,=NA(),=NA(),4.966798782348633,1.4163999557495117,0.34380000829696655,0.08399999886751175,=NA(),20,1013.25,22.958768844604492,61.434078216552734,238.69500732421875,229.42999267578125,9.270000457763672,20.813135147094727,1363.0699462890625,1381.02001953125,1381.4649658203125,40.00722885131836,2.1581497192382812,2.1335647106170654,46.0230712890625,2.2727367877960205,0.007815062068402767,0,0.0001973750040633604,0,-17.9500732421875,-0.4449462890625
181,9,0,1,Day,,69.93263244628906,20.067367553710938,39.90071105957031,132.8000030517578,130.6739044189453,6.196300029754639,0.9839901924133301,11.700006484985352,5.259900093078613,=NA(),=NA(),2.8946664333343506,1.4163999557495117,0.34380000829696655,0.08399999886751175,=NA(),20,1013.25,60,46.103599548339844,135.27000427246094,106.69999694824219,28.56999969482422,17.3481388092041,710.9199829101562,729.3699951171875,720.8262329101562,40.17386245727539,1.121066689491272,1.0378820896148682,45.39995574951172,1.2067394256591797,0.0036836250219494104,0,0.0006014375248923898,0,-18.45001220703125,8.54376220703125
181,10,0,1,Day,,63.17582702636719,26.82417106628418,26.802104949951172,329.1000061035156,262.04364013671875,148.60000610351562,0.7962431907653809,14.300012588500977,5.119999885559082,=NA(),=NA(),2.20845103263855,1.4163999557495117,0.34380000829696655,0.08399999886751175,=NA(),20,1013.25,41.72389221191406,52.79951477050781,376.885009765625,345.29498291015625,31.594999313354492,29.63311195373535,2180.39990234375,2144.89990234375,2144.5478515625,39.295310974121094,3.4109818935394287,3.3172056674957275,45.652503967285156,3.59586238861084,0.01198237482458353,0,0.0006566874799318612,0,35.5,0.35205078125
181,11,0,1,Day,,59.108116149902344,30.89188575744629,11.755871772766113,243.5,230.30459594726562,25.701000213623047,0.9458094239234924,15.860010147094727,5.0100998878479,=NA(),=NA(),1.9430019855499268,1.4163999557495117,0.34380000829696655,0.08399999886751175,=NA(),20,1013.25,18.805641174316406,57.15467834472656,255.9949951171875,237.2550048828125,18.740001678466797,26.290613174438477,1455.47998046875,1447.679931640625,1446.75634765625,39.346534729003906,2.298099994659424,2.2648980617523193,45.397525787353516,2.4251890182495117,0.008139937184751034,0,0.0003974999999627471,0,7.800048828125,0.923583984375
181,12,0,1,Day,,58.31010437011719,31.68989372253418,355.6435852050781,193.50999450683594,189.56593322753906,7.507900238037109,0.9796183109283447,15.790002822875977,4.840099811553955,=NA(),=NA(),1.8992656469345093,1.4163999557495117,0.34380000829696655,0.08399999886751175,=NA(),20,1013.25,-7.014378547668457,58.042972564697266,205.72000122070312,192.60000610351562,13.119999885559082,24.186243057250977,1156.9599609375,1159.0400390625,1157.7384033203125,39.38935089111328,1.8370100259780884,1.827009677886963,45.28789520263672,1.9405057430267334,0.006552687380462885,0,0.0002876250073313713,0,-2.080078125,1.3016357421875
181,13,0,1,Day,,60.91301345825195,29.086986541748047,339.942138671875,468.5,287.0736999511719,373.20001220703125,0.6127507090568542,16.089990615844727,4.610099792480469,=NA(),=NA(),2.0512452125549316,1.4163999557495117,0.34380000829696655,0.08399999886751175,=NA(),20,1013.25,-31.65477752685547,55.17287063598633,528.3350219726562,496.635009765625,31.69499969482422,37.59313201904297,3108.429931640625,2978.85986328125,2979.70703125,38.48030090332031,4.839697360992432,4.769975662231445,45.23786926269531,5.106618404388428,0.017207687720656395,0,0.0006715625058859587,0,129.570068359375,-0.84716796875
181,14,0,1,Day,,66.51139068603516,23.488605499267578,325.8851623535156,298.2900085449219,240.2228240966797,145.69000244140625,0.805333137512207,16.149988174438477,3.630000114440918,=NA(),=NA(),2.4971930980682373,1.4163999557495117,0.34380000829696655,0.08399999886751175,=NA(),20,1013.25,-52.229774475097656,49.403709411621094,370.55499267578125,334.875,35.68000030517578,31.287500381469727,2145.830078125,2099.14013671875,2095.47509765625,39.13331985473633,3.346710681915283,3.2368364334106445,45.40528106689453,3.5353596210479736,0.011689562350511551,0,0.0007539999787695706,0,46.68994140625,3.6650390625
181,15,0,1,Day,,74.41254425048828,15.58745288848877,313.90350341796875,128.11000061035156,124.31932067871094,14.107000350952148,0.9704107642173767,16.219995498657227,2.6500000953674316,=NA(),=NA(),3.6773109436035156,1.4163999557495117,0.34380000829696655,0.08399999886751175,=NA(),20,1013.25,-40.216495513916016,49.209495544433594,149.60499572753906,133.85000610351562,15.75,22.379358291625977,825.9600219726562,832.7000122070312,829.467041015625,39.366737365722656,1.3167804479599,1.2614994049072266,44.9610595703125,1.3988747596740723,0.004614187404513359,0,0.0003326250007376075,0,-6.739990234375,3.23297119140625
181,16,0,1,Day,,83.89889526367188,6.101108551025391,303.78973388671875,18.402000427246094,18.380542755126953,0.20190000534057617,0.998833954334259,14.279993057250977,2.949899911880493,=NA(),=NA(),8.717363357543945,1.4163999557495117,0.34380000829696655,0.08399999886751175,=NA(),20,1013.25,-10.738633155822754,75.02484893798828,19.5049991607666,18.170000076293945,1.3350000381469727,15.094995498657227,95.55000305175781,99.25,98.76145935058594,37.197383880615234,0.1659417301416397,0.16442497074604034,42.420494079589844,0.18354669213294983,0.000618937483523041,0,0.000028937500246684067,0,-3.6999969482421875,0.4885406494140625
181,17,0,1,Night,Sun below height limit of 1 degrees.,89.4517822265625,0.5482192635536194,298.7636413574219,0,0,0,0,11.499994277954102,2.9800000190734863,=NA(),0,30.8098087310791,1.4163999557495117,0.34380000829696655,0.08399999886751175,=NA(),20,1013.25,0,0,0,0,0,11.499994277954102,0,0,0,0,0,0,0,0,0,0,0,0,0,0
181,18,0,1,Night,,106.22911834716797,-16.229114532470703,287.24859619140625,0,0,0,0,9.760004043579102,2.8698999881744385,=NA(),0,64.81599426269531,1.4163999557495117,0.34380000829696655,0.08399999886751175,=NA(),20,1013.25,0,0,0,0,0,9.760004043579102,0,0,0,0,0,0,0,0,0,0,0,0,0,0
181,19,0,1,Night,,118.13404083251953,-28.1340389251709,279.7706604003906,0,0,0,0,10.089990615844727,2.780100107192993,=NA(),0,64.81599426269531,1.4163999557495117,0.34380000829696655,0.08399999886751175,=NA(),20,1013.25,0,0,0,0,0,10.089990615844727,0,0,0,0,0,0,0,0,0,0,0,0,0,0
181,20,0,1,Night,,130.32432556152344,-40.32432174682617,271.97882080078125,0,0,0,0,10.170007705688477,2.75,=NA(),0,64.81599426269531,1.4163999557495117,0.34380000829696655,0.08399999886751175,=NA(),20,1013.25,0,0,0,0,0,10.170007705688477,0,0,0,0,0,0,0,0,0,0,0,0,0,0
181,21,0,1,Night,,142.56979370117188,-52.569801330566406,262.7325439453125,0,0,0,0,10.300012588500977,2.860100030899048,=NA(),0,64.81599426269531,1.4163999557495117,0.34380000829696655,0.08399999886751175,=NA(),20,1013.25,0,0,0,0,0,10.300012588500977,0,0,0,0,0,0,0,0,0,0,0,0,0,0
181,22,0,1,Night,,154.47738647460938,-64.47738647460938,249.20726013183594,0,0,0,0,11.059991836547852,3.1500000953674316,=NA(),0,64.81599426269531,1.4163999557495117,0.34380000829696655,0.08399999886751175,=NA(),20,1013.25,0,0,0,0,0,11.059991836547852,0,0,0,0,0,0,0,0,0,0,0,0,0,0
181,23,0,1,Night,,164.72572326660156,-74.72571563720703,221.70040893554688,0,0,0,0,10.999994277954102,3.599900007247925,=NA(),0,64.81599426269531,1.4163999557495117,0.34380000829696655,0.08399999886751175,=NA(),20,1013.25,0,0,0,0,0,10.999994277954102,0,0,0,0,0,0,0,0,0,0,0,0,0,0