Day of year,Hour,Minute,Period (h),Flag,Message,Solar zenith (degrees),Solar elevation (degrees),Solar azimuth (degrees),GHI (W/m2),DHI (W/m2),DNI (W/m2),Diffuse fraction,Ambient temperature (°C),Wind velocity (m/s),Wind direction,Opaque cloud fraction,Air mass,Precipitable water vapour (cm),Ozone (atm.cm),Aerosol optical density,Relative humidity (%),Far field albedo (%),Surface pressure (mb),Module tilt (degrees),Incident angle (degrees),VF power for Tmod [average] (W/m2),VF power for Tmod front [average] (W/m2),VF power for Tmod rear [average] (W/m2),Module temperature [average] (C),Power - no mismatch @25C [unit-system] (W),Power - no mismatch [unit-system] (W),Power [unit-system] (W),Vmp [average] (V),Imp [average] (A),Imp [minimum] (A),Voc [average] (V),Isc [average] (A),Jfront [average] (A/cm2),Ifront [average] (A),Jrear [average] (A/cm2),Irear [average] (A),Temperature loss (W),Cell-to-cell mismatch loss (W)
213,0,0,1,Night,,162.80902099609375,-72.80902099609375,169.1725311279297,0,0,0,0,9.349908828735352,3.2600998878479004,=NA(),0,64.81599426269531,1.4163999557495117,0.34380000829696655,0.08399999886751175,=NA(),20,1013.25,0,0,0,0,0,9.350000381469727,0,0,0,0,0,0,0,0,0,0,0,0,0,0
213,1,0,1,Night,,156.4996795654297,-66.49967956542969,131.39125061035156,0,0,0,0,10.999994277954102,3.7699999809265137,=NA(),0,64.81599426269531,1.4163999557495117,0.34380000829696655,0.08399999886751175,=NA(),20,1013.25,0,0,0,0,0,10.999994277954102,0,0,0,0,0,0,0,0,0,0,0,0,0,0
213,2,0,1,Night,,145.94342041015625,-55.94342041015625,111.1120834350586,0,0,0,0,12.309991836547852,4.269999980926514,=NA(),0,64.81599426269531,1.4163999557495117,0.34380000829696655,0.08399999886751175,=NA(),20,1013.25,0,0,0,0,0,12.309991836547852,0,0,0,0,0,0,0,0,0,0,0,0,0,0
213,3,0,1,Night,,134.07867431640625,-44.07867431640625,98.7024154663086,0,0,0,0,10.300012588500977,4.069900035858154,=NA(),0,64.81599426269531,1.4163999557495117,0.34380000829696655,0.08399999886751175,=NA(),20,1013.25,0,0,0,0,0,10.300012588500977,0,0,0,0,0,0,0,0,0,0,0,0,0,0
213,4,0,1,Night,,121.84432983398438,-31.844327926635742,89.3891830444336,0,0,0,0,10.640008926391602,3.3301000595092773,=NA(),0,64.81599426269531,1.4163999557495117,0.34380000829696655,0.08399999886751175,=NA(),20,1013.25,0,0,0,0,0,10.640008926391602,0,0,0,0,0,0,0,0,0,0,0,0,0,0
213,5,0,1,Night,,109.62973022460938,-19.629730224609375,81.2362289428711,0,0,0,0,10.820001602172852,2.220099925994873,=NA(),0,64.81599426269531,1.4163999557495117,0.34380000829696655,0.08399999886751175,=NA(),20,1013.25,0,0,0,0,0,10.820001602172852,0,0,0,0,0,0,0,0,0,0,0,0,0,0
213,6,0,1,Night,,97.69143676757812,-7.691439151763916,73.25550842285156,0,0,0,0,10.399988174438477,1.409999966621399,=NA(),0,64.81599426269531,1.4163999557495117,0.34380000829696655,0.08399999886751175,=NA(),20,1013.25,0,0,0,0,0,10.399988174438477,0,0,0,0,0,0,0,0,0,0,0,0,0,0
213,7,0,1,Day,,85.37510681152344,4.624893665313721,64.28153228759766,14.807000160217285,14.798420906066895,0.10639999806880951,0.9994205832481384,10.100000381469727,1.9500000476837158,=NA(),=NA(),10.981856346130371,1.4163999557495117,0.34380000829696655,0.08399999886751175,=NA(),20,1013.25,7.427099704742432,78.69477081298828,15.930000305175781,14.71500015258789,1.2149999141693115,10.765649795532227,75.87000274658203,80.06999969482422,80.07498168945312,37.35247802734375,0.13398528099060059,0.1332339644432068,42.692569732666016,0.14820237457752228,0.0004985625273548067,0,0.000025999999706982635,0,-4.1999969482421875,-0.00498199462890625
213,8,0,1,Day,,75.44257354736328,14.557424545288086,55.12492370605469,68.50800323486328,68.1787338256836,1.309999942779541,0.9951937198638916,10.510004043579102,2.8399999141693115,=NA(),=NA(),3.923771381378174,1.4163999557495117,0.34380000829696655,0.08399999886751175,=NA(),20,1013.25,29.632747650146484,52.331485748291016,72.71000671386719,64.89500427246094,7.815000057220459,13.516260147094727,378.7799987792969,394.05999755859375,393.33868408203125,39.51811981201172,0.6220363974571228,0.5985235571861267,44.90403366088867,0.6642298698425293,0.002179624978452921,0,0.0001720000000204891,0,-15.279998779296875,0.7213134765625
213,9,0,1,Day,,66.12492370605469,23.875080108642578,43.699188232421875,112.79000091552734,111.9437255859375,2.09089994430542,0.992496907711029,10.100000381469727,3.8499999046325684,=NA(),=NA(),2.4595186710357666,1.4163999557495117,0.34380000829696655,0.08399999886751175,=NA(),20,1013.25,57.35366439819336,41.38472366333008,109.875,85.10000610351562,24.770000457763672,14.714380264282227,563.5700073242188,583.1900024414062,574.4656982421875,40.306480407714844,0.8905094265937805,0.8209095597267151,45.381103515625,0.9647068977355957,0.0029241249430924654,0,0.0005080624832771719,0,-19.6199951171875,8.72430419921875
213,10,0,1,Day,,58.74969482421875,31.25030517578125,29.915945053100586,149.2100067138672,147.7044677734375,2.902100086212158,0.9899099469184875,10.399988174438477,4.489999771118164,=NA(),=NA(),1.9230667352676392,1.4163999557495117,0.34380000829696655,0.08399999886751175,=NA(),20,1013.25,39.41576385498047,47.81660842895508,150.25,129.010009765625,21.244998931884766,16.60125160217285,810.02001953125,832.1500244140625,829.1752319335938,40.20690155029297,1.2886922359466553,1.22620689868927,45.723121643066406,1.3703365325927734,0.004435687325894833,0,0.0004196250229142606,0,-22.1300048828125,2.97479248046875
213,11,0,1,Day,,54.161800384521484,35.838199615478516,13.692442893981934,304.6000061035156,278.42529296875,44.70500183105469,0.9140685796737671,11.379999160766602,5.499899864196777,=NA(),=NA(),1.7051082849502563,1.4163999557495117,0.34380000829696655,0.08399999886751175,=NA(),20,1013.25,18.146337509155273,51.96500778198242,325.95001220703125,300.85498046875,25.100000381469727,24.636865615844727,1867.5899658203125,1866.1099853515625,1866.90185546875,39.86045455932617,2.9272491931915283,2.8963451385498047,46.0484619140625,3.0850532054901123,0.010355374775826931,0,0.000516125001013279,0,1.47998046875,-0.7918701171875
213,12,0,1,Day,,53.10762023925781,36.89237976074219,356.00726318359375,220,215.13685607910156,8.10099983215332,0.9778947830200195,11.779993057250977,5.970099925994873,=NA(),=NA(),1.6632285118103027,1.4163999557495117,0.34380000829696655,0.08399999886751175,=NA(),20,1013.25,-5.299816608428955,52.922752380371094,236.72000122070312,219.42001342773438,17.299999237060547,21.425622940063477,1332.5,1345.969970703125,1346.0147705078125,39.94935607910156,2.1058146953582764,2.09895920753479,45.9029541015625,2.2196881771087646,0.007463687565177679,0,0.000375687493942678,0,-13.469970703125,-0.0447998046875
213,13,0,1,Day,,55.791568756103516,34.208431243896484,338.7672119140625,552.010009765625,301.8793640136719,444.9100036621094,0.5468729734420776,13.469995498657227,5.720099925994873,=NA(),=NA(),1.7753772735595703,1.4163999557495117,0.34380000829696655,0.08399999886751175,=NA(),20,1013.25,-28.045621871948242,50.43103790283203,622.22998046875,583.3250122070312,38.904998779296875,38.772483825683594,3684.699951171875,3514.830078125,3519.568359375,38.41954803466797,5.725573539733887,5.6721720695495605,45.39431381225586,6.0362653732299805,0.020328624173998833,0,0.000805750023573637,0,169.869873046875,-4.73828125
213,14,0,1,Day,,61.719173431396484,28.280826568603516,323.57183837890625,434.1000061035156,282.1070556640625,320.79998779296875,0.64986652135849,13.510004043579102,5.230000019073486,=NA(),=NA(),2.1042613983154297,1.4163999557495117,0.34380000829696655,0.08399999886751175,=NA(),20,1013.25,-47.822509765625,45.118003845214844,551.4849853515625,508.625,42.86000061035156,35.941856384277344,3259.830078125,3138.419921875,3141.7158203125,38.75327682495117,5.066944122314453,4.9538984298706055,45.53974914550781,5.340208530426025,0.017861561849713326,0,0.0008729374967515469,0,121.41015625,-3.2958984375
213,15,0,1,Day,,70.05078125,19.949214935302734,310.8769836425781,276.80999755859375,221.56838989257812,161.91000366210938,0.800434947013855,12.999994277954102,3.4398999214172363,=NA(),=NA(),2.910836696624756,1.4163999557495117,0.34380000829696655,0.08399999886751175,=NA(),20,1013.25,-60,38.175819396972656,422.375,382.2550048828125,40.12000274658203,30.18499183654785,2451.219970703125,2404.77001953125,2406.65869140625,39.330284118652344,3.824516773223877,3.7250704765319824,45.78584289550781,4.0307230949401855,0.013518687337636948,0,0.0006495625129900873,0,46.449951171875,-1.888671875
213,16,0,1,Day,,79.98949432373047,10.010501861572266,300.3125305175781,88.80400085449219,86.61271667480469,12.605999946594238,0.9753245115280151,12.100000381469727,2.9300999641418457,=NA(),=NA(),5.581965923309326,1.4163999557495117,0.34380000829696655,0.08399999886751175,=NA(),20,1013.25,-17.590133666992188,64.99996948242188,110.2750015258789,103.13999938964844,7.135000228881836,16.610620498657227,593.8800048828125,610.5,611.1187744140625,39.5543098449707,0.9656278491020203,0.953210711479187,45.21072006225586,1.0216070413589478,0.0034583124797791243,0,0.0001493125018896535,0,-16.6199951171875,-0.6187744140625
213,17,0,1,Night,Sun above horizon but GHI below 1,87.73164367675781,2.2683534622192383,293.6217956542969,0,0,0,0,9.690210342407227,2.9200000762939453,=NA(),0,18.095300674438477,1.4163999557495117,0.34380000829696655,0.08399999886751175,=NA(),20,1013.25,0,0,0,0,0,9.689996719360352,0,0,0,0,0,0,0,0,0,0,0,0,0,0
213,18,0,1,Night,,102.9195556640625,-12.91955852508545,283.0338439941406,0,0,0,0,7.049798488616943,2.8399999141693115,=NA(),0,64.81599426269531,1.4163999557495117,0.34380000829696655,0.08399999886751175,=NA(),20,1013.25,0,0,0,0,0,7.050012111663818,0,0,0,0,0,0,0,0,0,0,0,0,0,0
213,19,0,1,Night,,115.00019836425781,-25.000200271606445,275.03948974609375,0,0,0,0,4.600091457366943,2.70989990234375,=NA(),0,64.81599426269531,1.4163999557495117,0.34380000829696655,0.08399999886751175,=NA(),20,1013.25,0,0,0,0,0,4.599999904632568,0,0,0,0,0,0,0,0,0,0,0,0,0,0
213,20,0,1,Night,,127.24861907958984,-37.24862289428711,266.48004150390625,0,0,0,0,4.420007228851318,2.469899892807007,=NA(),0,64.81599426269531,1.4163999557495117,0.34380000829696655,0.08399999886751175,=NA(),20,1013.25,0,0,0,0,0,4.420007228851318,0,0,0,0,0,0,0,0,0,0,0,0,0,0
213,21,0,1,Night,,139.3643035888672,-49.36430358886719,256.0595397949219,0,0,0,0,2.9102110862731934,1.9600000381469727,=NA(),0,64.81599426269531,1.4163999557495117,0.34380000829696655,0.08399999886751175,=NA(),20,1013.25,0,0,0,0,0,2.9099974632263184,0,0,0,0,0,0,0,0,0,0,0,0,0,0
213,22,0,1,Night,,150.79127502441406,-60.79127502441406,240.93080139160156,0,0,0,0,2.0201048851013184,1.2300000190734863,=NA(),0,64.81599426269531,1.4163999557495117,0.34380000829696655,0.08399999886751175,=NA(),20,1013.25,0,0,0,0,0,2.0200133323669434,0,0,0,0,0,0,0,0,0,0,0,0,0,0
213,23,0,1,Night,,159.95419311523438,-69.95419311523438,214.04244995117188,0,0,0,0,1.669793725013733,1.0300999879837036,=NA(),0,64.81599426269531,1.4163999557495117,0.34380000829696655,0.08399999886751175,=NA(),20,1013.25,0,0,0,0,0,1.670007348060608,0,0,0,0,0,0,0,0,0,0,0,0,0,0
214,0,0,1,Night,,162.5580291748047,-72.55803680419922,169.2603759765625,0,0,0,0,1.199792504310608,1.649999976158142,=NA(),0,64.81599426269531,1.4163999557495117,0.34380000829696655,0.08399999886751175,=NA(),20,1013.25,0,0,0,0,0,1.200006127357483,0,0,0,0,0,0,0,0,0,0,0,0,0,0
214,1,0,1,Night,,156.29739379882812,-66.29740142822266,131.76876831054688,0,0,0,0,0.9698120355606079,2.300100088119507,=NA(),0,64.81599426269531,1.4163999557495117,0.34380000829696655,0.08399999886751175,=NA(),20,1013.25,0,0,0,0,0,0.9699951410293579,0,0,0,0,0,0,0,0,0,0,0,0,0,0
214,2,0,1,Night,,145.7811737060547,-55.78117752075195,111.45709228515625,0,0,0,0,0.5602966547012329,2.740000009536743,=NA(),0,64.81599426269531,1.4163999557495117,0.34380000829696655,0.08399999886751175,=NA(),20,1013.25,0,0,0,0,0,0.5599914789199829,0,0,0,0,0,0,0,0,0,0,0,0,0,0
214,3,0,1,Night,,133.9337158203125,-43.933712005615234,98.99022674560547,0,0,0,0,-0.3596862852573395,3.029900074005127,=NA(),0,64.81599426269531,1.4163999557495117,0.34380000829696655,0.08399999886751175,=NA(),20,1013.25,0,0,0,0,0,-0.3599914610385895,0,0,0,0,0,0,0,0,0,0,0,0,0,0
214,4,0,1,Night,,121.70372772216797,-31.70372772216797,89.63615417480469,0,0,0,0,-0.23010864853858948,3.1098999977111816,=NA(),0,64.81599426269531,1.4163999557495117,0.34380000829696655,0.08399999886751175,=NA(),20,1013.25,0,0,0,0,0,-0.22998657822608948,0,0,0,0,0,0,0,0,0,0,0,0,0,0
214,5,0,1,Night,,109.48588562011719,-19.485885620117188,81.45626831054688,0,0,0,0,0.2597900331020355,3.2300000190734863,=NA(),0,64.81599426269531,1.4163999557495117,0.34380000829696655,0.08399999886751175,=NA(),20,1013.25,0,0,0,0,0,0.2600036561489105,0,0,0,0,0,0,0,0,0,0,0,0,0,0
214,6,0,1,Night,,97.5379638671875,-7.537967205047607,73.45751190185547,0,0,0,0,-0.8801940679550171,3.829900026321411,=NA(),0,64.81599426269531,1.4163999557495117,0.34380000829696655,0.08399999886751175,=NA(),20,1013.25,0,0,0,0,0,-0.8800109624862671,0,0,0,0,0,0,0,0,0,0,0,0,0,0
214,7,0,1,Day,,85.29107666015625,4.708920478820801,64.54440307617188,89.29299926757812,83.16946411132812,74.59200286865234,0.9314219951629639,-0.4899963438510895,4.149899959564209,=NA(),=NA(),10.823944091796875,1.4163999557495117,0.34380000829696655,0.08399999886751175,=NA(),20,1013.25,7.548182487487793,78.48705291748047,140.16500854492188,135.7550048828125,4.40500020980835,5.454980373382568,606.010009765625,646.8499755859375,647.2147827148438,41.23095703125,0.9810811281204224,0.9782606363296509,46.792022705078125,1.036983609199524,0.0035853751469403505,0,0.00009693750325823203,0,-40.8399658203125,-0.36480712890625
214,8,0,1,Day,,75.25096130371094,14.749038696289062,55.298919677734375,267.4100036621094,210.55845642089844,223.30999755859375,0.7873993515968323,2.0599913597106934,4.25,=NA(),=NA(),3.8753981590270996,1.4163999557495117,0.34380000829696655,0.08399999886751175,=NA(),20,1013.25,30.097959518432617,51.759883880615234,450.7749938964844,434.010009765625,16.764999389648438,20.141260147094727,2650.179931640625,2686.429931640625,2690.29931640625,40.759212493896484,4.1253132820129395,4.072365760803223,47.241844177246094,4.333264350891113,0.01490974985063076,0,0.0003809375048149377,0,-36.25,-3.869384765625
214,9,0,1,Day,,65.91134643554688,24.088653564453125,43.850921630859375,434.20001220703125,286.2090148925781,362.5899963378906,0.6591640114784241,5.730187892913818,4.5,=NA(),=NA(),2.439225673675537,1.4163999557495117,0.34380000829696655,0.08399999886751175,=NA(),20,1013.25,57.16408157348633,41.17369079589844,630.8099975585938,582.3599853515625,48.45500183105469,31.238122940063477,3760.389892578125,3677.929931640625,3681.842529296875,39.475860595703125,5.829413414001465,5.703550815582275,46.40815353393555,6.136092185974121,0.02055712416768074,0,0.001004812540486455,0,82.4599609375,-3.91259765625
214,10,0,1,Day,,58.51366424560547,31.48633575439453,30.02730941772461,553.0999755859375,311.7995910644531,462,0.5637309551239014,9.930200576782227,4.5,=NA(),=NA(),1.9101998805999756,1.4163999557495117,0.34380000829696655,0.08399999886751175,=NA(),20,1013.25,39.250083923339844,47.58787536621094,667.22998046875,624.5,42.724998474121094,37.006858825683594,3967.2099609375,3807.3701171875,3812.059814453125,38.6994743347168,6.156582355499268,6.070903301239014,45.758216857910156,6.486652851104736,0.021851999685168266,0,0.0008808125276118517,0,159.83984375,-4.689697265625
214,11,0,1,Day,,53.90983581542969,36.09016418457031,13.737494468688965,619.4000244140625,314.62158203125,517.4000244140625,0.507945716381073,12.330011367797852,4.319900035858154,=NA(),=NA(),1.6948561668395996,1.4163999557495117,0.34380000829696655,0.08399999886751175,=NA(),20,1013.25,18.04433822631836,51.71833801269531,675.614990234375,633.85498046875,41.75499725341797,39.873741149902344,3994.169921875,3796.60009765625,3800.56201171875,38.32081604003906,6.198601245880127,6.168988227844238,45.39931869506836,6.536375522613525,0.022002937272191048,0,0.0008829375146888196,0,197.56982421875,-3.9619140625
214,12,0,1,Day,,52.854774475097656,37.145225524902344,355.9682922363281,625.2999877929688,310.70074462890625,521,0.49688270688056946,13.459985733032227,4.349999904632568,=NA(),=NA(),1.6535685062408447,1.4163999557495117,0.34380000829696655,0.08399999886751175,=NA(),20,1013.25,-5.302563190460205,52.668006896972656,668.14501953125,626.510009765625,41.63500213623047,40.730003356933594,3940.72998046875,3734.830078125,3738.98486328125,38.19514846801758,6.118224620819092,6.108046531677246,45.26327133178711,6.45084285736084,0.02167881280183792,0,0.000904187501873821,0,205.89990234375,-4.15478515625
214,13,0,1,Day,,55.554779052734375,34.445220947265625,338.65252685546875,563.010009765625,303.3291320800781,459.1099853515625,0.5387632846832275,14.369989395141602,4.409999847412109,=NA(),=NA(),1.7647225856781006,1.4163999557495117,0.34380000829696655,0.08399999886751175,=NA(),20,1013.25,-27.956796646118164,50.18241500854492,634.8900146484375,595.4450073242188,39.44499969482422,40.20311737060547,3767.090087890625,3576.199951171875,3580.755126953125,38.23879623413086,5.852644920349121,5.798355579376221,45.2486572265625,6.171433448791504,0.020782561972737312,0,0.0008177499985322356,0,190.89013671875,-4.55517578125
214,14,0,1,Day,,61.50871276855469,28.491287231445312,323.407958984375,442.69000244140625,283.6975402832031,333.29998779296875,0.640849232673645,15.040002822875977,4.199999809265137,=NA(),=NA(),2.0901198387145996,1.4163999557495117,0.34380000829696655,0.08399999886751175,=NA(),20,1013.25,-47.682273864746094,44.8829460144043,567.7550048828125,525.8499755859375,41.904998779296875,38.14311981201172,3365.93994140625,3216.820068359375,3220.88330078125,38.46305465698242,5.233819484710693,5.126014232635498,45.310333251953125,5.519060134887695,0.018478749319911003,0,0.0008545625023543835,0,149.119873046875,-4.063232421875
214,15,0,1,Day,,69.86827850341797,20.131717681884766,310.68707275390625,279.30999755859375,223.10546875,163.3000030517578,0.7987736463546753,14.570001602172852,2.639899969100952,=NA(),=NA(),2.8859384059906006,1.4163999557495117,0.34380000829696655,0.08399999886751175,=NA(),20,1013.25,-60,37.93959426879883,425.3900146484375,384.8399963378906,40.54999923706055,31.8906192779541,2470.2099609375,2409.60986328125,2411.8955078125,39.09334182739258,3.8560667037963867,3.7557082176208496,45.57448959350586,4.06568717956543,0.013614562340080738,0,0.0006608749972656369,0,60.60009765625,-2.28564453125
214,16,0,1,Day,,79.83222198486328,10.167778015136719,300.1087951660156,91.79299926757812,89.34062957763672,13.892000198364258,0.9732837080955505,12.969995498657227,2.8299999237060547,=NA(),=NA(),5.501591205596924,1.4163999557495117,0.34380000829696655,0.08399999886751175,=NA(),20,1013.25,-17.861555099487305,64.58386993408203,114.60499572753906,107.2449951171875,7.360000133514404,17.6668643951416,618.5800170898438,633.5499877929688,633.6410522460938,39.49080276489258,1.00282621383667,0.9894207119941711,45.130245208740234,1.06192147731781,0.0035968124866485596,0,0.00015412499487865716,0,-14.969970703125,-0.091064453125
214,17,0,1,Night,Sun above horizon but GHI below 1,87.67628479003906,2.323714017868042,293.3441467285156,0,0,0,0,10.279993057250977,3.049999952316284,=NA(),0,17.83824348449707,1.4163999557495117,0.34380000829696655,0.08399999886751175,=NA(),20,1013.25,0,0,0,0,0,10.279993057250977,0,0,0,0,0,0,0,0,0,0,0,0,0,0
214,18,0,1,Night,,102.79403686523438,-12.794034004211426,282.8048095703125,0,0,0,0,7.989800930023193,3.26990008354187,=NA(),0,64.81599426269531,1.4163999557495117,0.34380000829696655,0.08399999886751175,=NA(),20,1013.25,0,0,0,0,0,7.990014553070068,0,0,0,0,0,0,0,0,0,0,0,0,0,0
214,19,0,1,Night,,114.88191986083984,-24.881921768188477,274.7882995605469,0,0,0,0,8.449792861938477,3.4600000381469727,=NA(),0,64.81599426269531,1.4163999557495117,0.34380000829696655,0.08399999886751175,=NA(),20,1013.25,0,0,0,0,0,8.450006484985352,0,0,0,0,0,0,0,0,0,0,0,0,0,0
214,20,0,1,Night,,127.13105010986328,-37.13105392456055,266.1934509277344,0,0,0,0,8.149988174438477,3.660099983215332,=NA(),0,64.81599426269531,1.4163999557495117,0.34380000829696655,0.08399999886751175,=NA(),20,1013.25,0,0,0,0,0,8.149988174438477,0,0,0,0,0,0,0,0,0,0,0,0,0,0
214,21,0,1,Night,,139.23646545410156,-49.23646545410156,255.7176513671875,0,0,0,0,7.350213527679443,3.640000104904175,=NA(),0,64.81599426269531,1.4163999557495117,0.34380000829696655,0.08399999886751175,=NA(),20,1013.25,0,0,0,0,0,7.349999904632568,0,0,0,0,0,0,0,0,0,0,0,0,0,0
214,22,0,1,Night,,150.63394165039062,-60.63393783569336,240.5148468017578,0,0,0,0,8.110101699829102,3.1500000953674316,=NA(),0,64.81599426269531,1.4163999557495117,0.34380000829696655,0.08399999886751175,=NA(),20,1013.25,0,0,0,0,0,8.110010147094727,0,0,0,0,0,0,0,0,0,0,0,0,0,0
214,23,0,1,Night,,159.7366943359375,-69.73668670654297,213.64266967773438,0,0,0,0,9.599786758422852,2.8399999141693115,=NA(),0,64.81599426269531,1.4163999557495117,0.34380000829696655,0.08399999886751175,=NA(),20,1013.25,0,0,0,0,0,9.600000381469727,0,0,0,0,0,0,0,0,0,0,0,0,0,0
215,0,0,1,Night,,162.301513671875,-72.30150604248047,169.34056091308594,0,0,0,0,9.280115127563477,2.4798998832702637,=NA(),0,64.81599426269531,1.4163999557495117,0.34380000829696655,0.08399999886751175,=NA(),20,1013.25,0,0,0,0,0,9.279993057250977,0,0,0,0,0,0,0,0,0,0,0,0,0,0
215,1,0,1,Night,,156.08847045898438,-66.08847045898438,132.14332580566406,0,0,0,0,9.700189590454102,1.660099983215332,=NA(),0,64.81599426269531,1.4163999557495117,0.34380000829696655,0.08399999886751175,=NA(),20,1013.25,0,0,0,0,0,9.700006484985352,0,0,0,0,0,0,0,0,0,0,0,0,0,0
215,2,0,1,Night,,145.6123046875,-55.612308502197266,111.80352783203125,0,0,0,0,8.869897842407227,1.3300000429153442,=NA(),0,64.81599426269531,1.4163999557495117,0.34380000829696655,0.08399999886751175,=NA(),20,1013.25,0,0,0,0,0,8.869989395141602,0,0,0,0,0,0,0,0,0,0,0,0,0,0
215,3,0,1,Night,,133.78219604492188,-43.78219223022461,99.28057861328125,0,0,0,0,8.330102920532227,1.0800000429153442,=NA(),0,64.81599426269531,1.4163999557495117,0.34380000829696655,0.08399999886751175,=NA(),20,1013.25,0,0,0,0,0,8.330011367797852,0,0,0,0,0,0,0,0,0,0,0,0,0,0
215,4,0,1,Night,,121.55619049072266,-31.556190490722656,89.88581085205078,0,0,0,0,8.199792861938477,1.4300999641418457,=NA(),0,64.81599426269531,1.4163999557495117,0.34380000829696655,0.08399999886751175,=NA(),20,1013.25,0,0,0,0,0,8.200006484985352,0,0,0,0,0,0,0,0,0,0,0,0,0,0
215,5,0,1,Night,,109.33419036865234,-19.334190368652344,81.67894744873047,0,0,0,0,7.400109767913818,2.0299999713897705,=NA(),0,64.81599426269531,1.4163999557495117,0.34380000829696655,0.08399999886751175,=NA(),20,1013.25,0,0,0,0,0,7.399987697601318,0,0,0,0,0,0,0,0,0,0,0,0,0,0
215,6,0,1,Night,,97.37364196777344,-7.3736443519592285,73.66201782226562,0,0,0,0,6.999902248382568,2.6500000953674316,=NA(),0,64.81599426269531,1.4163999557495117,0.34380000829696655,0.08399999886751175,=NA(),20,1013.25,0,0,0,0,0,6.999993801116943,0,0,0,0,0,0,0,0,0,0,0,0,0,0
215,7,0,1,Day,,85.19367980957031,4.806323051452637,64.79219818115234,9.005499839782715,9.005047798156738,0.005400000140070915,0.9999498128890991,7.779687404632568,3.8201000690460205,=NA(),=NA(),10.64613151550293,1.4163999557495117,0.34380000829696655,0.08399999886751175,=NA(),20,1013.25,7.691908836364746,78.24612426757812,9.680000305175781,8.940000534057617,0.7400000095367432,8.189996719360352,43.59000015258789,46.44000244140625,46.38797378540039,36.888607025146484,0.07859458774328232,0.07818176597356796,42.1840705871582,0.08997194468975067,0.00030300000798888505,0,0.000015999999959603883,0,-2.8500022888183594,0.052028656005859375
215,8,0,1,Day,,75.05767822265625,14.9423189163208,55.475006103515625,63.60499954223633,63.34635543823242,1.003100037574768,0.9959335923194885,8.100091934204102,4.559999942779541,=NA(),=NA(),3.8278210163116455,1.4163999557495117,0.34380000829696655,0.08399999886751175,=NA(),20,1013.25,30.573062896728516,51.179237365722656,66.31500244140625,58.814998626708984,7.5,10.839990615844727,342.20001220703125,359.489990234375,359.0372009277344,39.74257278442383,0.5645705461502075,0.5421262979507446,45.11847686767578,0.602821409702301,0.0019695626106113195,0,0.0001662499998928979,0,-17.28997802734375,0.452789306640625
215,9,0,1,Day,,65.6936264038086,24.306373596191406,44.004215240478516,99.29399871826172,98.63648223876953,1.5973999500274658,0.9933781027793884,8.800104141235352,5.109899997711182,=NA(),=NA(),2.418912649154663,1.4163999557495117,0.34380000829696655,0.08399999886751175,=NA(),20,1013.25,56.97098159790039,40.959781646728516,95.22000122070312,73.27999877929688,21.935001373291016,12.804376602172852,483.3999938964844,503.7699890136719,496.2375793457031,40.364234924316406,0.7681221961975098,0.7062460780143738,45.396881103515625,0.8338697552680969,0.002515562577173114,0,0.0004496249894145876,0,-20.3699951171875,7.53240966796875
215,10,0,1,Day,,58.27230453491211,31.727697372436523,30.13914680480957,81.90899658203125,81.43160247802734,0.907800018787384,0.994171679019928,9.099908828735352,6.050099849700928,=NA(),=NA(),1.8972517251968384,1.4163999557495117,0.34380000829696655,0.08399999886751175,=NA(),20,1013.25,39.079830169677734,47.355316162109375,81.01000213623047,68.94000244140625,12.069999694824219,12.458734512329102,421.6099853515625,440.1400146484375,438.58203125,39.902801513671875,0.6867889761924744,0.6524274349212646,45.22655487060547,0.7345616221427917,0.002365624997764826,0,0.00023787499230820686,0,-18.530029296875,1.5579833984375
215,11,0,1,Day,,53.65241622924805,36.34758377075195,13.781157493591309,213.89999389648438,209.5137939453125,7.400599956512451,0.9794941544532776,10.100000381469727,6.750100135803223,=NA(),=NA(),1.6845414638519287,1.4163999557495117,0.34380000829696655,0.08399999886751175,=NA(),20,1013.25,17.938081741333008,51.467044830322266,226.80999755859375,207.68499755859375,19.119998931884766,19.331872940063477,1274.199951171875,1296.1199951171875,1296.214111328125,40.204132080078125,2.015043258666992,1.9879120588302612,46.10912322998047,2.125514030456543,0.00711806258186698,0,0.0003896249982062727,0,-21.9200439453125,-0.0941162109375
215,12,0,1,Day,,52.596988677978516,37.403011322021484,355.92572021484375,522.489990234375,313.42291259765625,344.19000244140625,0.5998639464378357,11.480005264282227,7.009900093078613,=NA(),=NA(),1.6438668966293335,1.4163999557495117,0.34380000829696655,0.08399999886751175,=NA(),20,1013.25,-5.308659076690674,52.408023834228516,558.72998046875,523.239990234375,35.4900016784668,34.20000457763672,3280.080078125,3176.5,3180.47021484375,38.9849967956543,5.098870277404785,5.090113639831543,45.77846908569336,5.37081241607666,0.018078062683343887,0,0.0007708750199526548,0,103.580078125,-3.97021484375
215,13,0,1,Day,,55.313846588134766,34.686153411865234,338.53265380859375,193.7100067138672,190.57528686523438,5.508399963378906,0.983817458152771,10.230005264282227,7.190000057220459,=NA(),=NA(),1.7540419101715088,1.4163999557495117,0.34380000829696655,0.08399999886751175,=NA(),20,1013.25,-27.869962692260742,49.928077697753906,201.27000427246094,180.52499389648438,20.755001068115234,18.448755264282227,1116.93994140625,1139.699951171875,1139.5015869140625,40.185333251953125,1.772203803062439,1.722139835357666,46.007080078125,1.870927333831787,0.0061990623362362385,0,0.0004131250025238842,0,-22.760009765625,0.1983642578125
215,14,0,1,Day,,61.29496383666992,28.705034255981445,323.23822021484375,415.5,282.3606872558594,277.20001220703125,0.6795684695243835,11.089990615844727,6.7600998878479,=NA(),=NA(),2.0759775638580322,1.4163999557495117,0.34380000829696655,0.08399999886751175,=NA(),20,1013.25,-47.54250717163086,44.64200973510742,521.3099975585938,479.06500244140625,42.25,32.24748992919922,3071.18994140625,2993.239990234375,2996.806396484375,39.2170524597168,4.776064395904541,4.6653523445129395,45.91529846191406,5.031752586364746,0.01681043766438961,0,0.0008581875008530915,0,77.949951171875,-3.56640625
215,15,0,1,Day,,69.68307495117188,20.316926956176758,310.4914855957031,92.2030029296875,91.6461410522461,1.6038000583648682,0.9939604997634888,10.909997940063477,5.440000057220459,=NA(),=NA(),2.8611276149749756,1.4163999557495117,0.34380000829696655,0.08399999886751175,=NA(),20,1013.25,-60,37.69789505004883,89.74000549316406,67.93000030517578,21.810001373291016,14.648736953735352,471.3800048828125,488.1600036621094,483.9939880371094,39.90596389770508,0.7577219605445862,0.7072988152503967,45.09926223754883,0.8160985112190247,0.0025330623611807823,0,0.0003618125047069043,0,-16.779998779296875,4.166015625
215,16,0,1,Day,,79.67241668701172,10.327583312988281,299.8995666503906,109.70999908447266,104.45649719238281,29.304000854492188,0.9521146416664124,9.999994277954102,5.029900074005127,=NA(),=NA(),5.422237873077393,1.4163999557495117,0.34380000829696655,0.08399999886751175,=NA(),20,1013.25,-18.137617111206055,64.15982818603516,152.08999633789062,144.29000854492188,7.799999713897705,16.196252822875977,831.1499633789062,855.030029296875,855.8010864257812,40.069705963134766,1.3348603248596191,1.3202977180480957,45.82328414916992,1.4084759950637817,0.004812437575310469,0,0.0001642499992158264,0,-23.88006591796875,-0.77105712890625
215,17,0,1,Night,Sun above horizon but GHI below 1,87.59156036376953,2.408439874649048,293.0830993652344,0,0,0,0,8.699701309204102,5.460000038146973,=NA(),0,17.45699119567871,1.4163999557495117,0.34380000829696655,0.08399999886751175,=NA(),20,1013.25,0,0,0,0,0,8.700006484985352,0,0,0,0,0,0,0,0,0,0,0,0,0,0
215,18,0,1,Night,,102.66783142089844,-12.667828559875488,282.5705261230469,0,0,0,0,8.399896621704102,5.170100212097168,=NA(),0,64.81599426269531,1.4163999557495117,0.34380000829696655,0.08399999886751175,=NA(),20,1013.25,0,0,0,0,0,8.399988174438477,0,0,0,0,0,0,0,0,0,0,0,0,0,0
215,19,0,1,Night,,114.76327514648438,-24.763275146484375,274.53173828125,0,0,0,0,8.699701309204102,5.080100059509277,=NA(),0,64.81599426269531,1.4163999557495117,0.34380000829696655,0.08399999886751175,=NA(),20,1013.25,0,0,0,0,0,8.700006484985352,0,0,0,0,0,0,0,0,0,0,0,0,0,0
215,20,0,1,Night,,127.01261138916016,-37.012611389160156,265.9010925292969,0,0,0,0,8.600000381469727,5.059999942779541,=NA(),0,64.81599426269531,1.4163999557495117,0.34380000829696655,0.08399999886751175,=NA(),20,1013.25,0,0,0,0,0,8.600000381469727,0,0,0,0,0,0,0,0,0,0,0,0,0,0
215,21,0,1,Night,,139.1071319580078,-49.10713195800781,255.36941528320312,0,0,0,0,8.300195693969727,4.989999771118164,=NA(),0,64.81599426269531,1.4163999557495117,0.34380000829696655,0.08399999886751175,=NA(),20,1013.25,0,0,0,0,0,8.300012588500977,0,0,0,0,0,0,0,0,0,0,0,0,0,0
215,22,0,1,Night,,150.47410583496094,-60.4741096496582,240.09243774414062,0,0,0,0,8.050195693969727,5.720099925994873,=NA(),0,64.81599426269531,1.4163999557495117,0.34380000829696655,0.08399999886751175,=NA(),20,1013.25,0,0,0,0,0,8.050012588500977,0,0,0,0,0,0,0,0,0,0,0,0,0,0
215,23,0,1,Night,,159.5154266357422,-69.51543426513672,213.23854064941406,0,0,0,0,7.509789943695068,5.979899883270264,=NA(),0,64.81599426269531,1.4163999557495117,0.34380000829696655,0.08399999886751175,=NA(),20,1013.25,0,0,0,0,0,7.510003566741943,0,0,0,0,0,0,0,0,0,0,0,0,0,0
216,0,0,1,Night,,162.04005432128906,-72.04005432128906,169.413330078125,0,0,0,0,7.200006008148193,5.630000114440918,=NA(),0,64.81599426269531,1.4163999557495117,0.34380000829696655,0.08399999886751175,=NA(),20,1013.25,0,0,0,0,0,7.200006008148193,0,0,0,0,0,0,0,0,0,0,0,0,0,0
216,1,0,1,Night,,155.87374877929688,-65.87374114990234,132.51461791992188,0,0,0,0,6.900201320648193,5.330100059509277,=NA(),0,64.81599426269531,1.4163999557495117,0.34380000829696655,0.08399999886751175,=NA(),20,1013.25,0,0,0,0,0,6.899987697601318,0,0,0,0,0,0,0,0,0,0,0,0,0,0
216,2,0,1,Night,,145.4381103515625,-55.43811798095703,112.15110778808594,0,0,0,0,6.599694728851318,5.369999885559082,=NA(),0,64.81599426269531,1.4163999557495117,0.34380000829696655,0.08399999886751175,=NA(),20,1013.25,0,0,0,0,0,6.599999904632568,0,0,0,0,0,0,0,0,0,0,0,0,0,0
216,3,0,1,Night,,133.62606811523438,-43.626068115234375,99.5732650756836,0,0,0,0,6.160302639007568,5.589900016784668,=NA(),0,64.81599426269531,1.4163999557495117,0.34380000829696655,0.08399999886751175,=NA(),20,1013.25,0,0,0,0,0,6.159997463226318,0,0,0,0,0,0,0,0,0,0,0,0,0,0
216,4,0,1,Night,,121.40476989746094,-31.404767990112305,90.1380386352539,0,0,0,0,5.700311183929443,5.690000057220459,=NA(),0,64.81599426269531,1.4163999557495117,0.34380000829696655,0.08399999886751175,=NA(),20,1013.25,0,0,0,0,0,5.700006008148193,0,0,0,0,0,0,0,0,0,0,0,0,0,0
216,5,0,1,Night,,109.1792984008789,-19.17930030822754,81.90415954589844,0,0,0,0,5.199700832366943,6.059899806976318,=NA(),0,64.81599426269531,1.4163999557495117,0.34380000829696655,0.08399999886751175,=NA(),20,1013.25,0,0,0,0,0,5.200006008148193,0,0,0,0,0,0,0,0,0,0,0,0,0,0
216,6,0,1,Night,,97.20716857910156,-7.207164764404297,73.86895751953125,0,0,0,0,4.899896144866943,6.210100173950195,=NA(),0,64.81599426269531,1.4163999557495117,0.34380000829696655,0.08399999886751175,=NA(),20,1013.25,0,0,0,0,0,4.899987697601318,0,0,0,0,0,0,0,0,0,0,0,0,0,0
216,7,0,1,Day,,85.10301208496094,4.896984577178955,65.05746459960938,44.402000427246094,43.90681838989258,5.80079984664917,0.9888477325439453,5.300103664398193,6.079999923706055,=NA(),=NA(),10.485461235046387,1.4163999557495117,0.34380000829696655,0.08399999886751175,=NA(),20,1013.25,7.823237419128418,78.02169036865234,54.005001068115234,50.75,3.259999990463257,7.546868801116943,261.3500061035156,278.0199890136719,278.10211181640625,39.75184631347656,0.43724679946899414,0.43555861711502075,45.15555191040039,0.46696165204048157,0.0015851875068619847,0,0.00007056249887682498,0,-16.66998291015625,-0.082122802734375
216,8,0,1,Day,,74.85772705078125,15.14227294921875,55.65314865112305,163.19000244140625,151.38482666015625,45.19300079345703,0.9276599287986755,6.460107326507568,5.929999828338623,=NA(),=NA(),3.7798399925231934,1.4163999557495117,0.34380000829696655,0.08399999886751175,=NA(),20,1013.25,31.073484420776367,50.574073791503906,229.07501220703125,214.69000244140625,14.385000228881836,15.715631484985352,1298.3599853515625,1336.510009765625,1337.9229736328125,40.68773651123047,2.0551600456237793,2.010206460952759,46.62830352783203,2.1624255180358887,0.007321312557905912,0,0.0003234999894630164,0,-38.1500244140625,-1.4129638671875
216,9,0,1,Day,,65.47029876708984,24.529705047607422,44.15904235839844,348.7900085449219,258.2466735839844,218.08999633789062,0.7404072880744934,7.959893703460693,5.840000152587891,=NA(),=NA(),2.3984570503234863,1.4163999557495117,0.34380000829696655,0.08399999886751175,=NA(),20,1013.25,56.7725944519043,40.74244689941406,479.2200012207031,435.2250061035156,43.98999786376953,27.365625381469727,2818.830078125,2791.510009765625,2793.906005859375,39.84981155395508,4.381993293762207,4.264527320861816,46.40212631225586,4.61643648147583,0.015332374721765518,0,0.0009108750382438302,0,27.320068359375,-2.39599609375
216,10,0,1,Day,,58.025753021240234,31.9742488861084,30.251436233520508,228.11000061035156,219.68557739257812,15.909000396728516,0.9630686044692993,8.500299453735352,6.079999923706055,=NA(),=NA(),1.8842380046844482,1.4163999557495117,0.34380000829696655,0.08399999886751175,=NA(),20,1013.25,38.905208587646484,47.11903381347656,236.17999267578125,206.125,30.05500030517578,18.1712589263916,1309.0899658203125,1336.6199951171875,1334.98046875,40.49070739746094,2.060427188873291,1.9778112173080444,46.30964660644531,2.1781978607177734,0.007110875099897385,0,0.000595812511164695,0,-27.530029296875,1.6395263671875
216,11,0,1,Day,,53.38999938964844,36.61000061035156,13.823395729064941,383.19000244140625,313.54052734375,116.79000091552734,0.8182377815246582,9.329889297485352,6.539899826049805,=NA(),=NA(),1.6741890907287598,1.4163999557495117,0.34380000829696655,0.08399999886751175,=NA(),20,1013.25,17.82790756225586,51.211551666259766,412.010009765625,381.94500732421875,30.064998626708984,26.0412540435791,2386.77001953125,2373.860107421875,2376.029541015625,39.8784294128418,3.723869800567627,3.691558837890625,46.286067962646484,3.9216465950012207,0.013181624934077263,0,0.0006228124839253724,0,12.909912109375,-2.16943359375
216,12,0,1,Day,,52.33469772338867,37.66530227661133,355.87939453125,354.1000061035156,307.29132080078125,76.60399627685547,0.8678094148635864,10.330011367797852,6.849899768829346,=NA(),=NA(),1.6341452598571777,1.4163999557495117,0.34380000829696655,0.08399999886751175,=NA(),20,1013.25,-5.318205833435059,52.14324188232422,379.93499755859375,353.82501220703125,26.110000610351562,25.7600040435791,2189.89013671875,2180.050048828125,2181.753662109375,39.841278076171875,3.422572374343872,3.4131603240966797,46.17359161376953,3.603276252746582,0.012125687673687935,0,0.0005671249818988144,0,9.840087890625,-1.70361328125
216,13,0,1,Day,,55.06962585449219,34.93037414550781,338.407470703125,557.9099731445312,302.6478271484375,445.80999755859375,0.5424671173095703,10.020013809204102,6.670100212097168,=NA(),=NA(),1.7433772087097168,1.4163999557495117,0.34380000829696655,0.08399999886751175,=NA(),20,1013.25,-27.785846710205078,49.668731689453125,628.4949951171875,589.375,39.125,35.495628356933594,3729.030029296875,3596.449951171875,3601.4716796875,38.87110900878906,5.790748119354248,5.738912105560303,45.84121322631836,6.099623680114746,0.020572874695062637,0,0.0008118124678730965,0,132.580078125,-5.021728515625
216,14,0,1,Day,,61.0789680480957,28.921031951904297,323.0626525878906,298.8999938964844,259.9205627441406,80.60199737548828,0.8695904016494751,10.559991836547852,6.190000057220459,=NA(),=NA(),2.0619075298309326,1.4163999557495117,0.34380000829696655,0.08399999886751175,=NA(),20,1013.25,-47.4044075012207,44.39579391479492,343.04998779296875,303.96002197265625,39.095001220703125,24.553125381469727,1957.9300537109375,1956.760009765625,1956.27197265625,39.9901123046875,3.0572755336761475,2.9510867595672607,46.139198303222656,3.228455066680908,0.010596937499940395,0,0.0007855625008232892,0,1.1700439453125,0.488037109375
216,15,0,1,Day,,69.4965591430664,20.503440856933594,310.29022216796875,129.10000610351562,127.41664123535156,4.806000232696533,0.986960768699646,10.379999160766602,4.610099792480469,=NA(),=NA(),2.836595058441162,1.4163999557495117,0.34380000829696655,0.08399999886751175,=NA(),20,1013.25,-60,37.45132827758789,134.22000122070312,105.11500549316406,29.100000381469727,15.932489395141602,723.030029296875,744.6400146484375,740.1099243164062,40.25603103637695,1.1486872434616089,1.0825445652008057,45.6259651184082,1.2280738353729248,0.0038676250260323286,0,0.00048693749704398215,0,-21.6099853515625,4.53009033203125
216,16,0,1,Day,,79.51249694824219,10.487505912780762,299.6849365234375,52.29399871826172,52.113014221191406,0.9943000078201294,0.9965391159057617,10.700006484985352,3.380000114440918,=NA(),=NA(),5.345064640045166,1.4163999557495117,0.34380000829696655,0.08399999886751175,=NA(),20,1013.25,-18.4135684967041,63.734161376953125,57.19499969482422,52.415000915527344,4.779999732971191,13.055627822875977,298.32000732421875,311.0400085449219,311.0541076660156,39.140621185302734,0.4966864287853241,0.4880628287792206,44.58091735839844,0.530232846736908,0.0017761250492185354,0,0.0000990624976111576,0,-12.720001220703125,-0.01409912109375
216,17,0,1,Night,Sun above horizon but GHI below 1,87.52330780029297,2.4766907691955566,292.804443359375,0,0,0,0,9.799890518188477,3.340100049972534,=NA(),0,17.16010856628418,1.4163999557495117,0.34380000829696655,0.08399999886751175,=NA(),20,1013.25,0,0,0,0,0,9.800012588500977,0,0,0,0,0,0,0,0,0,0,0,0,0,0
216,18,0,1,Night,,102.54069519042969,-12.540691375732422,282.33111572265625,0,0,0,0,9.500085830688477,3.7200000286102295,=NA(),0,64.81599426269531,1.4163999557495117,0.34380000829696655,0.08399999886751175,=NA(),20,1013.25,0,0,0,0,0,9.499994277954102,0,0,0,0,0,0,0,0,0,0,0,0,0,0
216,19,0,1,Night,,114.6436767578125,-24.643674850463867,274.2698059082031,0,0,0,0,9.799890518188477,4.119999885559082,=NA(),0,64.81599426269531,1.4163999557495117,0.34380000829696655,0.08399999886751175,=NA(),20,1013.25,0,0,0,0,0,9.800012588500977,0,0,0,0,0,0,0,0,0,0,0,0,0,0
216,20,0,1,Night,,126.89302062988281,-36.89302062988281,265.6030578613281,0,0,0,0,9.500085830688477,4.539899826049805,=NA(),0,64.81599426269531,1.4163999557495117,0.34380000829696655,0.08399999886751175,=NA(),20,1013.25,0,0,0,0,0,9.499994277954102,0,0,0,0,0,0,0,0,0,0,0,0,0,0
216,21,0,1,Night,,138.97610473632812,-48.97610092163086,255.01499938964844,0,0,0,0,9.399713516235352,4.420000076293945,=NA(),0,64.81599426269531,1.4163999557495117,0.34380000829696655,0.08399999886751175,=NA(),20,1013.25,0,0,0,0,0,9.399988174438477,0,0,0,0,0,0,0,0,0,0,0,0,0,0
216,22,0,1,Night,,150.31150817871094,-60.31150817871094,239.6639404296875,0,0,0,0,9.399713516235352,4.690100193023682,=NA(),0,64.81599426269531,1.4163999557495117,0.34380000829696655,0.08399999886751175,=NA(),20,1013.25,0,0,0,0,0,9.399988174438477,0,0,0,0,0,0,0,0,0,0,0,0,0,0
216,23,0,1,Night,,159.29013061523438,-69.29012298583984,212.83050537109375,0,0,0,0,9.540002822875977,5.029900074005127,=NA(),0,64.81599426269531,1.4163999557495117,0.34380000829696655,0.08399999886751175,=NA(),20,1013.25,0,0,0,0,0,9.540002822875977,0,0,0,0,0,0,0,0,0,0,0,0,0,0
217,0,0,1,Night,,161.77346801757812,-71.77346801757812,169.47882080078125,0,0,0,0,9.500085830688477,5.389999866485596,=NA(),0,64.81599426269531,1.4163999557495117,0.34380000829696655,0.08399999886751175,=NA(),20,1013.25,0,0,0,0,0,9.499994277954102,0,0,0,0,0,0,0,0,0,0,0,0,0,0
217,1,0,1,Night,,155.65281677246094,-65.65281677246094,132.88235473632812,0,0,0,0,9.399713516235352,5.179900169372559,=NA(),0,64.81599426269531,1.4163999557495117,0.34380000829696655,0.08399999886751175,=NA(),20,1013.25,0,0,0,0,0,9.399988174438477,0,0,0,0,0,0,0,0,0,0,0,0,0,0
217,2,0,1,Night,,145.25796508789062,-55.25796127319336,112.49957275390625,0,0,0,0,9.300012588500977,5.339900016784668,=NA(),0,64.81599426269531,1.4163999557495117,0.34380000829696655,0.08399999886751175,=NA(),20,1013.25,0,0,0,0,0,9.300012588500977,0,0,0,0,0,0,0,0,0,0,0,0,0,0
217,3,0,1,Night,,133.46434020996094,-43.46434020996094,99.86810302734375,0,0,0,0,9.099908828735352,4.989999771118164,=NA(),0,64.81599426269531,1.4163999557495117,0.34380000829696655,0.08399999886751175,=NA(),20,1013.25,0,0,0,0,0,9.100000381469727,0,0,0,0,0,0,0,0,0,0,0,0,0,0
217,4,0,1,Night,,121.2478256225586,-31.247827529907227,90.39269256591797,0,0,0,0,8.800104141235352,4.789899826049805,=NA(),0,64.81599426269531,1.4163999557495117,0.34380000829696655,0.08399999886751175,=NA(),20,1013.25,0,0,0,0,0,8.800012588500977,0,0,0,0,0,0,0,0,0,0,0,0,0,0
217,5,0,1,Night,,109.0186996459961,-19.01869773864746,82.13179779052734,0,0,0,0,8.399896621704102,4.800000190734863,=NA(),0,64.81599426269531,1.4163999557495117,0.34380000829696655,0.08399999886751175,=NA(),20,1013.25,0,0,0,0,0,8.399988174438477,0,0,0,0,0,0,0,0,0,0,0,0,0,0
217,6,0,1,Night,,97.03397369384766,-7.033973217010498,74.07826232910156,0,0,0,0,8.199792861938477,4.809999942779541,=NA(),0,64.81599426269531,1.4163999557495117,0.34380000829696655,0.08399999886751175,=NA(),20,1013.25,0,0,0,0,0,8.200006484985352,0,0,0,0,0,0,0,0,0,0,0,0,0,0
217,7,0,1,Day,,85.00231170654297,4.997689723968506,65.31758880615234,25.003999710083008,24.968673706054688,0.40549999475479126,0.9985871911048889,8.399896621704102,4.859899997711182,=NA(),=NA(),10.312248229980469,1.4163999557495117,0.34380000829696655,0.08399999886751175,=NA(),20,1013.25,7.971095085144043,77.77222442626953,27.279998779296875,25.240001678466797,2.0349998474121094,9.534387588500977,134.88999938964844,142.79000854492188,142.81427001953125,38.45942306518555,0.23208566009998322,0.23095126450061798,43.80635070800781,0.2515476644039154,0.0008471249602735043,0,0.00004400000034365803,0,-7.9000091552734375,-0.024261474609375
217,8,0,1,Day,,74.65375518798828,15.346248626708984,55.83330154418945,77.00499725341797,76.60648345947266,1.5058000087738037,0.9948248267173767,8.600000381469727,5.53000020980835,=NA(),=NA(),3.732144594192505,1.4163999557495117,0.34380000829696655,0.08399999886751175,=NA(),20,1013.25,31.592477798461914,49.951866149902344,82.2249984741211,73.11500549316406,9.110000610351562,11.991235733032227,429.95001220703125,449.5400085449219,449.2176208496094,39.87502670288086,0.7040314078330994,0.6762558817863464,45.32630157470703,0.7490118145942688,0.0024493751116096973,0,0.00020306250371504575,0,-19.589996337890625,0.3223876953125
217,9,0,1,Day,,65.24227905273438,24.75771713256836,44.31537628173828,209.10000610351562,198.21292114257812,25.996999740600586,0.9479336142539978,9.779993057250977,6.079999923706055,=NA(),=NA(),2.3779611587524414,1.4163999557495117,0.34380000829696655,0.08399999886751175,=NA(),20,1013.25,56.57011032104492,40.522071838378906,227.1699981689453,187.47500610351562,39.69999694824219,19.1606388092041,1242.0999755859375,1264.1300048828125,1256.651611328125,40.50458526611328,1.9386035203933716,1.8339890241622925,46.086849212646484,2.068376302719116,0.006510999985039234,0,0.0008149999775923789,0,-22.030029296875,7.4783935546875
217,10,0,1,Day,,57.77433395385742,32.22566604614258,30.364154815673828,215.6999969482422,209.5147705078125,11.598999977111816,0.9713248610496521,10.890008926391602,6.03000020980835,=NA(),=NA(),1.8711845874786377,1.4163999557495117,0.34380000829696655,0.08399999886751175,=NA(),20,1013.25,38.72661209106445,46.87925720214844,222.17498779296875,193.47999572753906,28.69499969482422,20.00750160217285,1226.969970703125,1245.300048828125,1243.6385498046875,40.1533088684082,1.9355659484863281,1.8560985326766968,45.952518463134766,2.047689914703369,0.0066711874678730965,0,0.0005683124763891101,0,-18.330078125,1.6614990234375
217,11,0,1,Day,,53.12277603149414,36.87722396850586,13.864175796508789,311.7900085449219,284.6083679199219,45.29499816894531,0.9128206968307495,11.480005264282227,5.940000057220459,=NA(),=NA(),1.6638119220733643,1.4163999557495117,0.34380000829696655,0.08399999886751175,=NA(),20,1013.25,17.7139835357666,50.952022552490234,333.7449951171875,308.19500732421875,25.549999237060547,25.042505264282227,1914.97998046875,1910.8499755859375,1912.080322265625,39.81786346435547,3.0012948513031006,2.970536231994629,46.03728103637695,3.162492513656616,0.01061281282454729,0,0.0005264375358819962,0,4.1300048828125,-1.2303466796875
217,12,0,1,Day,,52.06813430786133,37.93186569213867,355.829345703125,176.39999389648438,174.3096923828125,3.400399923324585,0.9881502389907837,11.830011367797852,5.920000076293945,=NA(),=NA(),1.624416470527649,1.4163999557495117,0.34380000829696655,0.08399999886751175,=NA(),20,1013.25,-5.331117630004883,51.873878479003906,189.88999938964844,175.875,14.020000457763672,19.578760147094727,1058.9200439453125,1076.5400390625,1076.268310546875,39.950191497802734,1.6837663650512695,1.6773377656936646,45.76519775390625,1.7774094343185425,0.005976437591016293,0,0.00030449999030679464,0,-17.6199951171875,0.271728515625
217,13,0,1,Day,,54.82206726074219,35.17793273925781,338.2769470214844,201.2100067138672,197.6355438232422,6.204400062561035,0.9822351336479187,11.999994277954102,5.929999828338623,=NA(),=NA(),1.7327296733856201,1.4163999557495117,0.34380000829696655,0.08399999886751175,=NA(),20,1013.25,-27.704347610473633,49.40433120727539,209.30499267578125,187.89498901367188,21.40999984741211,20.556238174438477,1163.8699951171875,1179.18994140625,1179.1478271484375,39.928829193115234,1.8456493616104126,1.79590904712677,45.790279388427734,1.949155569076538,0.006453437265008688,0,0.0004263749870005995,0,-15.3199462890625,0.0421142578125
217,14,0,1,Day,,60.860660552978516,29.139339447021484,322.8812561035156,175.7899932861328,172.822509765625,6.094200134277344,0.9831191301345825,11.999994277954102,5.519999980926514,=NA(),=NA(),2.047907829284668,1.4163999557495117,0.34380000829696655,0.08399999886751175,=NA(),20,1013.25,-47.26783752441406,44.14430618286133,178.135009765625,148.64999389648438,29.485000610351562,19.383752822875977,959.3200073242188,975.9700317382812,970.744384765625,40.095069885253906,1.5127496719360352,1.4324090480804443,45.62263488769531,1.6131303310394287,0.0051248748786747456,0,0.0005871875328011811,0,-16.6500244140625,5.22564697265625
217,15,0,1,Day,,69.30867004394531,20.691329956054688,310.0832214355469,108.19999694824219,107.38619995117188,2.3032000064849854,0.9924787878990173,11.999994277954102,4.300099849700928,=NA(),=NA(),2.812328338623047,1.4163999557495117,0.34380000829696655,0.08399999886751175,=NA(),20,1013.25,-60,37.19984817504883,107.97000122070312,82.83499908447266,25.135000228881836,16.491235733032227,571.9500122070312,588.22998046875,583.70068359375,39.88113021850586,0.9143893122673035,0.8567794561386108,45.16032028198242,0.9818673133850098,0.0030554374679923058,0,0.00042512500658631325,0,-16.27996826171875,4.529296875
217,16,0,1,Day,,79.35137939453125,10.6486177444458,299.4649353027344,17.990999221801758,17.97420310974121,0.0908999964594841,0.9990664124488831,11.429986953735352,3.8101000785827637,=NA(),=NA(),5.2694902420043945,1.4163999557495117,0.34380000829696655,0.08399999886751175,=NA(),20,1013.25,-18.69159507751465,63.30397033691406,18.96500015258789,17.264999389648438,1.6950000524520874,12.225000381469727,91.36000061035156,95.87999725341797,95.86659240722656,37.43617630004883,0.16004671156406403,0.1569499969482422,42.77610397338867,0.17580285668373108,0.0005866250139661133,0,0.00003537500015227124,0,-4.519996643066406,0.01340484619140625
217,17,0,1,Night,Sun above horizon but GHI below 1,87.44832611083984,2.551673412322998,292.5254211425781,0,0,0,0,10.879999160766602,3.98009991645813,=NA(),0,16.84405517578125,1.4163999557495117,0.34380000829696655,0.08399999886751175,=NA(),20,1013.25,0,0,0,0,0,10.879999160766602,0,0,0,0,0,0,0,0,0,0,0,0,0,0
217,18,0,1,Night,,102.41283416748047,-12.412835121154785,282.08660888671875,0,0,0,0,10.499994277954102,3.970099925994873,=NA(),0,64.81599426269531,1.4163999557495117,0.34380000829696655,0.08399999886751175,=NA(),20,1013.25,0,0,0,0,0,10.499994277954102,0,0,0,0,0,0,0,0,0,0,0,0,0,0
217,19,0,1,Night,,114.52330780029297,-24.52330780029297,274.002685546875,0,0,0,0,10.540002822875977,3.7799999713897705,=NA(),0,64.81599426269531,1.4163999557495117,0.34380000829696655,0.08399999886751175,=NA(),20,1013.25,0,0,0,0,0,10.540002822875977,0,0,0,0,0,0,0,0,0,0,0,0,0,0
217,20,0,1,Night,,126.77238464355469,-36.77238082885742,265.2994079589844,0,0,0,0,9.720087051391602,3.589900016784668,=NA(),0,64.81599426269531,1.4163999557495117,0.34380000829696655,0.08399999886751175,=NA(),20,1013.25,0,0,0,0,0,9.719995498657227,0,0,0,0,0,0,0,0,0,0,0,0,0,0
217,21,0,1,Night,,138.84341430664062,-48.843414306640625,254.6545867919922,0,0,0,0,9.000207901000977,3.349900007247925,=NA(),0,64.81599426269531,1.4163999557495117,0.34380000829696655,0.08399999886751175,=NA(),20,1013.25,0,0,0,0,0,8.999994277954102,0,0,0,0,0,0,0,0,0,0,0,0,0,0
217,22,0,1,Night,,150.14625549316406,-60.146263122558594,239.22955322265625,0,0,0,0,8.740289688110352,3.1898999214172363,=NA(),0,64.81599426269531,1.4163999557495117,0.34380000829696655,0.08399999886751175,=NA(),20,1013.25,0,0,0,0,0,8.740015029907227,0,0,0,0,0,0,0,0,0,0,0,0,0,0
217,23,0,1,Night,,159.06092834472656,-69.06092834472656,212.4189910888672,0,0,0,0,8.790094375610352,3.049999952316284,=NA(),0,64.81599426269531,1.4163999557495117,0.34380000829696655,0.08399999886751175,=NA(),20,1013.25,0,0,0,0,0,8.790002822875977,0,0,0,0,0,0,0,0,0,0,0,0,0,0
218,0,0,1,Night,,161.50198364257812,-71.50198364257812,169.53726196289062,0,0,0,0,8.699701309204102,2.9000000953674316,=NA(),0,64.81599426269531,1.4163999557495117,0.34380000829696655,0.08399999886751175,=NA(),20,1013.25,0,0,0,0,0,8.700006484985352,0,0,0,0,0,0,0,0,0,0,0,0,0,0
218,1,0,1,Night,,155.426025390625,-65.426025390625,133.24624633789062,0,0,0,0,7.810296535491943,2.819999933242798,=NA(),0,64.81599426269531,1.4163999557495117,0.34380000829696655,0.08399999886751175,=NA(),20,1013.25,0,0,0,0,0,7.809991359710693,0,0,0,0,0,0,0,0,0,0,0,0,0,0
218,2,0,1,Night,,145.0722198486328,-55.07221603393555,112.84862518310547,0,0,0,0,8.679803848266602,2.9400999546051025,=NA(),0,64.81599426269531,1.4163999557495117,0.34380000829696655,0.08399999886751175,=NA(),20,1013.25,0,0,0,0,0,8.679986953735352,0,0,0,0,0,0,0,0,0,0,0,0,0,0
218,3,0,1,Night,,133.2975616455078,-43.29755783081055,100.16490936279297,0,0,0,0,8.500299453735352,3.410099983215332,=NA(),0,64.81599426269531,1.4163999557495117,0.34380000829696655,0.08399999886751175,=NA(),20,1013.25,0,0,0,0,0,8.499994277954102,0,0,0,0,0,0,0,0,0,0,0,0,0,0
218,4,0,1,Night,,121.0863037109375,-31.086301803588867,90.64964294433594,0,0,0,0,8.100091934204102,3.609999895095825,=NA(),0,64.81599426269531,1.4163999557495117,0.34380000829696655,0.08399999886751175,=NA(),20,1013.25,0,0,0,0,0,8.100000381469727,0,0,0,0,0,0,0,0,0,0,0,0,0,0
218,5,0,1,Night,,108.85397338867188,-18.85397720336914,82.36177062988281,0,0,0,0,7.979791164398193,3.8901000022888184,=NA(),0,64.81599426269531,1.4163999557495117,0.34380000829696655,0.08399999886751175,=NA(),20,1013.25,0,0,0,0,0,7.980004787445068,0,0,0,0,0,0,0,0,0,0,0,0,0,0
218,6,0,1,Night,,96.85636138916016,-6.856361389160156,74.28984069824219,0,0,0,0,8.600000381469727,4.159900188446045,=NA(),0,64.81599426269531,1.4163999557495117,0.34380000829696655,0.08399999886751175,=NA(),20,1013.25,0,0,0,0,0,8.600000381469727,0,0,0,0,0,0,0,0,0,0,0,0,0,0
218,7,0,1,Day,,84.90775299072266,5.0922465324401855,65.59005737304688,27.993000030517578,27.94029426574707,0.5938000082969666,0.998117208480835,8.899805068969727,3.859999895095825,=NA(),=NA(),10.154433250427246,1.4163999557495117,0.34380000829696655,0.08399999886751175,=NA(),20,1013.25,8.107861518859863,77.53780364990234,30.985000610351562,28.729999542236328,2.255000114440918,10.184991836547852,153.36000061035156,161.91000366210938,161.98410034179688,38.543052673339844,0.26266711950302124,0.26138803362846375,43.91694259643555,0.283557653427124,0.000955562514718622,0,0.000048499998229090124,0,-8.550003051757812,-0.0740966796875
218,8,0,1,Day,,74.44459533691406,15.55540657043457,56.015411376953125,75.6969985961914,75.32311248779297,1.3941999673843384,0.9950607419013977,9.099908828735352,4.159900188446045,=NA(),=NA(),3.6845011711120605,1.4163999557495117,0.34380000829696655,0.08399999886751175,=NA(),20,1013.25,32.13462448120117,49.308555603027344,80.31500244140625,71.20500183105469,9.110000610351562,12.422510147094727,418.0299987792969,436.4599914550781,435.54937744140625,39.836448669433594,0.6832529902458191,0.6561614274978638,45.21912384033203,0.7290441989898682,0.0023755624424666166,0,0.00020681250316556543,0,-18.42999267578125,0.910614013671875
218,9,0,1,Day,,65.00904846191406,24.990951538085938,44.473175048828125,154.69000244140625,152.28286743164062,5.697700023651123,0.984438955783844,9.540002822875977,4.889999866485596,=NA(),=NA(),2.357391119003296,1.4163999557495117,0.34380000829696655,0.08399999886751175,=NA(),20,1013.25,56.36289596557617,40.29846954345703,156.79501342773438,125.05000305175781,31.7450008392334,16.0681095123291,829.9199829101562,854.02001953125,845.5780639648438,40.548805236816406,1.3029450178146362,1.2165924310684204,45.834449768066406,1.400062918663025,0.004319374915212393,0,0.0006504374905489385,0,-24.10003662109375,8.44195556640625
218,10,0,1,Day,,57.517520904541016,32.482479095458984,30.47727394104004,435.8999938964844,300.2486267089844,252.58999633789062,0.688801646232605,9.879693984985352,5.250100135803223,=NA(),=NA(),1.8580726385116577,1.4163999557495117,0.34380000829696655,0.08399999886751175,=NA(),20,1013.25,38.54351806640625,46.635643005371094,506.9049987792969,468.19500732421875,38.709999084472656,30.4262638092041,2976.719970703125,2918.64013671875,2922.36865234375,39.43582534790039,4.63158655166626,4.543964385986328,46.09804153442383,4.87803316116333,0.01634681224822998,0,0.0007881249766796827,0,58.079833984375,-3.728515625
218,11,0,1,Day,,52.85036849975586,37.14963150024414,13.903457641601562,305.70001220703125,281.42449951171875,40.198001861572266,0.9205904006958008,10.850000381469727,5.369999885559082,=NA(),=NA(),1.6534013748168945,1.4163999557495117,0.34380000829696655,0.08399999886751175,=NA(),20,1013.25,17.59613609313965,50.688114166259766,327.0950012207031,301.9700012207031,25.119998931884766,24.141870498657227,1875.260009765625,1876.8499755859375,1877.6785888671875,39.93061828613281,2.938972234725952,2.908170700073242,46.121028900146484,3.0962746143341064,0.010397062636911869,0,0.0005179374711588025,0,-1.5899658203125,-0.82861328125
218,12,0,1,Day,,51.79697799682617,38.20302200317383,355.7755126953125,228.3000030517578,222.9811553955078,8.600299835205078,0.9767023921012878,10.740015029907227,5.410099983215332,=NA(),=NA(),1.614673376083374,1.4163999557495117,0.34380000829696655,0.08399999886751175,=NA(),20,1013.25,-5.347344398498535,51.599613189697266,245.635009765625,227.6999969482422,17.940000534057617,20.743738174438477,1385.1700439453125,1402.280029296875,1402.028564453125,40.10588455200195,2.1848859786987305,2.176342010498047,46.06036376953125,2.3036201000213623,0.00774900009855628,0,0.00038949999725446105,0,-17.1099853515625,0.25146484375
218,13,0,1,Day,,54.570892333984375,35.429107666015625,338.1410217285156,198.49000549316406,195.1909637451172,5.690999984741211,0.9833793044090271,11.719995498657227,5.339900016784668,=NA(),=NA(),1.7220908403396606,1.4163999557495117,0.34380000829696655,0.08399999886751175,=NA(),20,1013.25,-27.625154495239258,49.13465881347656,206.39999389648438,185.27000427246094,21.134998321533203,20.15813636779785,1146.9599609375,1163.6400146484375,1163.340576171875,39.978031158447266,1.8186620473861694,1.7702597379684448,45.819522857666016,1.9211021661758423,0.006362624932080507,0,0.0004209374892525375,0,-16.6800537109375,0.2994384765625
218,14,0,1,Day,,60.639793395996094,29.36020851135254,322.6940002441406,247.60000610351562,231.71237182617188,32.40399932861328,0.9358334541320801,11.939996719360352,5.070000171661377,=NA(),=NA(),2.0339646339416504,1.4163999557495117,0.34380000829696655,0.08399999886751175,=NA(),20,1013.25,-47.13248825073242,43.887393951416016,263.2349853515625,225.28500366210938,37.95000076293945,22.779382705688477,1459.449951171875,1467.31005859375,1463.2015380859375,40.0510139465332,2.2829322814941406,2.1809043884277344,45.872615814208984,2.4227566719055176,0.007803437300026417,0,0.000757187488488853,0,-7.860107421875,4.1085205078125
218,15,0,1,Day,,69.11884307861328,20.88115692138672,309.8705749511719,120.29000091552734,119.1163101196289,3.2929000854492188,0.9902428388595581,11.550012588500977,3.630000114440918,=NA(),=NA(),2.7882561683654785,1.4163999557495117,0.34380000829696655,0.08399999886751175,=NA(),20,1013.25,-60,36.943294525146484,122.39500427246094,94.86500549316406,27.529998779296875,16.63250160217285,652.72998046875,670.8200073242188,665.9124755859375,40.038761138916016,1.039101243019104,0.9755331873893738,45.35908889770508,1.1138231754302979,0.003478500060737133,0,0.0004703124868683517,0,-18.09002685546875,4.90753173828125
218,16,0,1,Day,,79.18893432617188,10.811065673828125,299.2395935058594,31.392000198364258,31.31805992126465,0.39419999718666077,0.9976446032524109,11.399988174438477,2.809999942779541,=NA(),=NA(),5.195405960083008,1.4163999557495117,0.34380000829696655,0.08399999886751175,=NA(),20,1013.25,-18.9720458984375,62.86878967285156,33.130001068115234,30.149999618530273,2.9749999046325684,12.774988174438477,166.83999633789062,174.45999145507812,174.49049377441406,38.29172134399414,0.28479841351509094,0.2793797254562378,43.67557144165039,0.3071698248386383,0.0010247500613331795,0,0.00006150000263005495,0,-7.6199951171875,-0.0305023193359375
218,17,0,1,Night,Sun above horizon but GHI below 1,87.3775863647461,2.6224112510681152,292.23626708984375,0,0,0,0,10.899988174438477,2.6600000858306885,=NA(),0,16.55517578125,1.4163999557495117,0.34380000829696655,0.08399999886751175,=NA(),20,1013.25,0,0,0,0,0,10.899988174438477,0,0,0,0,0,0,0,0,0,0,0,0,0,0
218,18,0,1,Night,,102.28455352783203,-12.284551620483398,281.83709716796875,0,0,0,0,10.420007705688477,2.3701000213623047,=NA(),0,64.81599426269531,1.4163999557495117,0.34380000829696655,0.08399999886751175,=NA(),20,1013.25,0,0,0,0,0,10.420007705688477,0,0,0,0,0,0,0,0,0,0,0,0,0,0
218,19,0,1,Night,,114.40229034423828,-24.40229034423828,273.7304382324219,0,0,0,0,10.200006484985352,2.180000066757202,=NA(),0,64.81599426269531,1.4163999557495117,0.34380000829696655,0.08399999886751175,=NA(),20,1013.25,0,0,0,0,0,10.200006484985352,0,0,0,0,0,0,0,0,0,0,0,0,0,0
218,20,0,1,Night,,126.65062713623047,-36.65062713623047,264.9903564453125,0,0,0,0,9.999994277954102,2.0999999046325684,=NA(),0,64.81599426269531,1.4163999557495117,0.34380000829696655,0.08399999886751175,=NA(),20,1013.25,0,0,0,0,0,9.999994277954102,0,0,0,0,0,0,0,0,0,0,0,0,0,0
218,21,0,1,Night,,138.70896911621094,-48.7089729309082,254.288330078125,0,0,0,0,9.700189590454102,2.0701000690460205,=NA(),0,64.81599426269531,1.4163999557495117,0.34380000829696655,0.08399999886751175,=NA(),20,1013.25,0,0,0,0,0,9.700006484985352,0,0,0,0,0,0,0,0,0,0,0,0,0,0
218,22,0,1,Night,,149.97821044921875,-59.97821044921875,238.78964233398438,0,0,0,0,9.730096817016602,2.0601000785827637,=NA(),0,64.81599426269531,1.4163999557495117,0.34380000829696655,0.08399999886751175,=NA(),20,1013.25,0,0,0,0,0,9.730005264282227,0,0,0,0,0,0,0,0,0,0,0,0,0,0
218,23,0,1,Night,,158.82777404785156,-68.82777404785156,212.0043487548828,0,0,0,0,9.799890518188477,2.049999952316284,=NA(),0,64.81599426269531,1.4163999557495117,0.34380000829696655,0.08399999886751175,=NA(),20,1013.25,0,0,0,0,0,9.800012588500977,0,0,0,0,0,0,0,0,0,0,0,0,0,0
219,0,0,1,Night,,161.22560119628906,-71.2256088256836,169.5888214111328,0,0,0,0,9.670312881469727,2.089900016784668,=NA(),0,64.81599426269531,1.4163999557495117,0.34380000829696655,0.08399999886751175,=NA(),20,1013.25,0,0,0,0,0,9.670007705688477,0,0,0,0,0,0,0,0,0,0,0,0,0,0
219,1,0,1,Night,,155.19325256347656,-65.19325256347656,133.6060333251953,0,0,0,0,9.200311660766602,2.150099992752075,=NA(),0,64.81599426269531,1.4163999557495117,0.34380000829696655,0.08399999886751175,=NA(),20,1013.25,0,0,0,0,0,9.200006484985352,0,0,0,0,0,0,0,0,0,0,0,0,0,0
219,2,0,1,Night,,144.88076782226562,-54.88077163696289,113.1980209350586,0,0,0,0,8.899805068969727,2.220099925994873,=NA(),0,64.81599426269531,1.4163999557495117,0.34380000829696655,0.08399999886751175,=NA(),20,1013.25,0,0,0,0,0,8.899988174438477,0,0,0,0,0,0,0,0,0,0,0,0,0,0
219,3,0,1,Night,,133.12548828125,-43.125484466552734,100.46348571777344,0,0,0,0,9.020105361938477,2.2399001121520996,=NA(),0,64.81599426269531,1.4163999557495117,0.34380000829696655,0.08399999886751175,=NA(),20,1013.25,0,0,0,0,0,9.020013809204102,0,0,0,0,0,0,0,0,0,0,0,0,0,0
219,4,0,1,Night,,120.919677734375,-30.919677734375,90.90872192382812,0,0,0,0,9.399713516235352,2.23009991645813,=NA(),0,64.81599426269531,1.4163999557495117,0.34380000829696655,0.08399999886751175,=NA(),20,1013.25,0,0,0,0,0,9.399988174438477,0,0,0,0,0,0,0,0,0,0,0,0,0,0
219,5,0,1,Night,,108.68424987792969,-18.684253692626953,82.59395599365234,0,0,0,0,9.200311660766602,2.180000066757202,=NA(),0,64.81599426269531,1.4163999557495117,0.34380000829696655,0.08399999886751175,=NA(),20,1013.25,0,0,0,0,0,9.200006484985352,0,0,0,0,0,0,0,0,0,0,0,0,0,0
219,6,0,1,Night,,96.67347717285156,-6.67347526550293,74.50362396240234,0,0,0,0,8.800104141235352,2.719899892807007,=NA(),0,64.81599426269531,1.4163999557495117,0.34380000829696655,0.08399999886751175,=NA(),20,1013.25,0,0,0,0,0,8.800012588500977,0,0,0,0,0,0,0,0,0,0,0,0,0,0
219,7,0,1,Day,,84.80261993408203,5.197381496429443,65.85975646972656,29.790000915527344,29.736726760864258,0.588100016117096,0.998211681842804,9.000207901000977,3.0799999237060547,=NA(),=NA(),9.984212875366211,1.4163999557495117,0.34380000829696655,0.08399999886751175,=NA(),20,1013.25,8.261872291564941,77.27693939208984,33.20000076293945,30.810001373291016,2.384999990463257,10.375635147094727,164.55999755859375,173.57000732421875,173.67111206054688,38.618560791015625,0.28106775879859924,0.27967211604118347,44.00419235229492,0.3028521239757538,0.0010208749445155263,0,0.00005149999924469739,0,-9.010009765625,-0.101104736328125
219,8,0,1,Day,,74.23069763183594,15.76930046081543,56.19943618774414,96.69599914550781,95.82730102539062,3.196500062942505,0.9910162091255188,9.599786758422852,3.880000114440918,=NA(),=NA(),3.6370506286621094,1.4163999557495117,0.34380000829696655,0.08399999886751175,=NA(),20,1013.25,32.69990539550781,48.64485549926758,107.16000366210938,95.78500366210938,11.379999160766602,14.011865615844727,569.1699829101562,590.4700317382812,589.759033203125,39.9982795715332,0.9214433431625366,0.8870747685432434,45.50088119506836,0.9785897731781006,0.0032053750474005938,0,0.0002589999930933118,0,-21.300048828125,0.71099853515625
219,9,0,1,Day,,64.77102661132812,25.22896957397461,44.632415771484375,218.00999450683594,205.34649658203125,29.709999084472656,0.9419132471084595,9.999994277954102,4.989999771118164,=NA(),=NA(),2.336799383163452,1.4163999557495117,0.34380000829696655,0.08399999886751175,=NA(),20,1013.25,56.1514892578125,40.07183837890625,238.04000854492188,197.47999572753906,40.560001373291016,19.8174991607666,1308.8699951171875,1329.0999755859375,1322.136962890625,40.43779754638672,2.043020009994507,1.9344749450683594,46.086456298828125,2.176252841949463,0.0068703750148415565,0,0.0008353125303983688,0,-20.22998046875,6.9630126953125
219,10,0,1,Day,,57.25591278076172,32.74408721923828,30.59077262878418,294.79998779296875,267.2168884277344,50.99599838256836,0.9064345359802246,10.980005264282227,5.259900093078613,=NA(),=NA(),1.844939947128296,1.4163999557495117,0.34380000829696655,0.08399999886751175,=NA(),20,1013.25,38.356590270996094,46.38859939575195,320.625,287.30999755859375,33.31999969482422,24.048120498657227,1825.52001953125,1827.5799560546875,1827.822998046875,39.94390106201172,2.85994553565979,2.771360158920288,46.0869140625,3.0160412788391113,0.009967999532818794,0,0.000666062522213906,0,-2.0599365234375,-0.2430419921875
219,11,0,1,Day,,52.57319259643555,37.42680740356445,13.941206932067871,317.69000244140625,289.0104064941406,47.189998626708984,0.9097245931625366,11.610010147094727,5.330100059509277,=NA(),=NA(),1.6429786682128906,1.4163999557495117,0.34380000829696655,0.08399999886751175,=NA(),20,1013.25,17.474674224853516,50.42020797729492,340.1499938964844,314.22998046875,25.919998168945312,25.443750381469727,1953.8299560546875,1947.070068359375,1947.5548095703125,39.79766845703125,3.0585293769836426,3.026729106903076,46.018497467041016,3.222588539123535,0.010824187658727169,0,0.0005350625142455101,0,6.7598876953125,-0.4847412109375
219,12,0,1,Day,,51.52168655395508,38.47831344604492,355.71783447265625,196.69000244140625,193.89474487304688,4.492400169372559,0.9857885241508484,11.830011367797852,5.419899940490723,=NA(),=NA(),1.6049365997314453,1.4163999557495117,0.34380000829696655,0.08399999886751175,=NA(),20,1013.25,-5.3668365478515625,51.320892333984375,211.69500732421875,196.1199951171875,15.574999809265137,20.47063636779785,1186.18994140625,1202.1500244140625,1201.1417236328125,39.995323181152344,1.877004861831665,1.8686244487762451,45.83445739746094,1.9820443391799927,0.006668687332421541,0,0.00033824998536147177,0,-15.9600830078125,1.00830078125
219,13,0,1,Day,,54.31639862060547,35.68360137939453,337.9996643066406,92.2030029296875,91.61666107177734,1.0052000284194946,0.9936407804489136,11.499994277954102,5.550000190734863,=NA(),=NA(),1.7114765644073486,1.4163999557495117,0.34380000829696655,0.08399999886751175,=NA(),20,1013.25,-27.5484676361084,48.85995864868164,94.68499755859375,84.36499786376953,10.315000534057617,15.398126602172852,505.45001220703125,522.010009765625,521.3374633789062,39.62798309326172,0.8221813440322876,0.7978077530860901,45.112483978271484,0.8747476935386658,0.0028889374807476997,0,0.0002046250010607764,0,-16.55999755859375,0.67254638671875
219,14,0,1,Day,,60.41653823852539,29.58346176147461,322.5008850097656,106.20999908447266,105.46561431884766,1.5077999830245972,0.9929913878440857,11.270013809204102,5.380000114440918,=NA(),=NA(),2.020092010498047,1.4163999557495117,0.34380000829696655,0.08399999886751175,=NA(),20,1013.25,-46.99851989746094,43.62519073486328,103.68000030517578,84.86000061035156,18.815000534057617,15.600000381469727,538.8399658203125,555.97998046875,551.6016235351562,39.92266845703125,0.8632312417030334,0.8104507923126221,45.18609619140625,0.9271755218505859,0.0029147500172257423,0,0.0003733749908860773,0,-17.1400146484375,4.37835693359375
219,15,0,1,Day,,68.92749786376953,21.072500228881836,309.65228271484375,121.5999984741211,120.37591552734375,3.4045000076293945,0.9899335503578186,11.200006484985352,4.140100002288818,=NA(),=NA(),2.7644314765930176,1.4163999557495117,0.34380000829696655,0.08399999886751175,=NA(),20,1013.25,-60,36.6818962097168,123.75,95.94499969482422,27.80500030517578,16.334375381469727,663.27001953125,682.280029296875,677.2241821289062,40.11649703979492,1.0547415018081665,0.9889474511146545,45.427127838134766,1.1306850910186768,0.003543437458574772,0,0.0004660625127144158,0,-19.010009765625,5.05584716796875
219,16,0,1,Day,,79.02525329589844,10.974747657775879,299.0090026855469,55.49800109863281,55.2889289855957,1.0981999635696411,0.996232807636261,10.700006484985352,3.199899911880493,=NA(),=NA(),5.122825622558594,1.4163999557495117,0.34380000829696655,0.08399999886751175,=NA(),20,1013.25,-19.2547664642334,62.4288330078125,60.790000915527344,55.665000915527344,5.130000114440918,13.198114395141602,318.2200012207031,331.6199951171875,331.8091735839844,39.1903076171875,0.5291544198989868,0.5196665525436401,44.66661071777344,0.5638454556465149,0.0018877499969676137,0,0.0001062500014086254,0,-13.399993896484375,-0.189178466796875
219,17,0,1,Night,Sun above horizon but GHI below 1,87.30236053466797,2.697636604309082,291.94439697265625,0,0,0,0,9.940210342407227,3.069999933242798,=NA(),0,16.257482528686523,1.4163999557495117,0.34380000829696655,0.08399999886751175,=NA(),20,1013.25,0,0,0,0,0,9.939996719360352,0,0,0,0,0,0,0,0,0,0,0,0,0,0
219,18,0,1,Night,,102.15589904785156,-12.155898094177246,281.5826416015625,0,0,0,0,9.200311660766602,2.7701001167297363,=NA(),0,64.81599426269531,1.4163999557495117,0.34380000829696655,0.08399999886751175,=NA(),20,1013.25,0,0,0,0,0,9.200006484985352,0,0,0,0,0,0,0,0,0,0,0,0,0,0
219,19,0,1,Night,,114.28063201904297,-24.28063201904297,273.453125,0,0,0,0,8.980188369750977,2.6201000213623047,=NA(),0,64.81599426269531,1.4163999557495117,0.34380000829696655,0.08399999886751175,=NA(),20,1013.25,0,0,0,0,0,8.980005264282227,0,0,0,0,0,0,0,0,0,0,0,0,0,0
219,20,0,1,Night,,126.52790069580078,-36.527896881103516,264.67596435546875,0,0,0,0,8.899805068969727,2.569999933242798,=NA(),0,64.81599426269531,1.4163999557495117,0.34380000829696655,0.08399999886751175,=NA(),20,1013.25,0,0,0,0,0,8.899988174438477,0,0,0,0,0,0,0,0,0,0,0,0,0,0
219,21,0,1,Night,,138.572998046875,-48.57300567626953,253.91644287109375,0,0,0,0,6.579797267913818,2.430000066757202,=NA(),0,64.81599426269531,1.4163999557495117,0.34380000829696655,0.08399999886751175,=NA(),20,1013.25,0,0,0,0,0,6.580010890960693,0,0,0,0,0,0,0,0,0,0,0,0,0,0
219,22,0,1,Night,,149.8076171875,-59.807621002197266,238.34445190429688,0,0,0,0,4.600091457366943,2.2399001121520996,=NA(),0,64.81599426269531,1.4163999557495117,0.34380000829696655,0.08399999886751175,=NA(),20,1013.25,0,0,0,0,0,4.599999904632568,0,0,0,0,0,0,0,0,0,0,0,0,0,0
219,23,0,1,Night,,158.59091186523438,-68.5909194946289,211.58697509765625,0,0,0,0,3.5598082542419434,2.0399999618530273,=NA(),0,64.81599426269531,1.4163999557495117,0.34380000829696655,0.08399999886751175,=NA(),20,1013.25,0,0,0,0,0,3.5599913597106934,0,0,0,0,0,0,0,0,0,0,0,0,0,0
220,0,0,1,Night,,160.94461059570312,-70.94461059570312,169.63369750976562,0,0,0,0,2.4702086448669434,1.8899999856948853,=NA(),0,64.81599426269531,1.4163999557495117,0.34380000829696655,0.08399999886751175,=NA(),20,1013.25,0,0,0,0,0,2.4699950218200684,0,0,0,0,0,0,0,0,0,0,0,0,0,0
220,1,0,1,Night,,154.95486450195312,-64.95486450195312,133.96144104003906,0,0,0,0,2.3099913597106934,1.8700000047683716,=NA(),0,64.81599426269531,1.4163999557495117,0.34380000829696655,0.08399999886751175,=NA(),20,1013.25,0,0,0,0,0,2.3099913597106934,0,0,0,0,0,0,0,0,0,0,0,0,0,0
220,2,0,1,Night,,144.68397521972656,-54.68397521972656,113.5474853515625,0,0,0,0,2.0101866722106934,1.9000999927520752,=NA(),0,64.81599426269531,1.4163999557495117,0.34380000829696655,0.08399999886751175,=NA(),20,1013.25,0,0,0,0,0,2.0100035667419434,0,0,0,0,0,0,0,0,0,0,0,0,0,0
220,3,0,1,Night,,132.94869995117188,-42.948699951171875,100.76364135742188,0,0,0,0,1.439813256263733,2.8798999786376953,=NA(),0,64.81599426269531,1.4163999557495117,0.34380000829696655,0.08399999886751175,=NA(),20,1013.25,0,0,0,0,0,1.439996361732483,0,0,0,0,0,0,0,0,0,0,0,0,0,0
220,4,0,1,Night,,120.74906921386719,-30.749069213867188,91.16983795166016,0,0,0,0,1.820001244544983,3.390000104904175,=NA(),0,64.81599426269531,1.4163999557495117,0.34380000829696655,0.08399999886751175,=NA(),20,1013.25,0,0,0,0,0,1.820001244544983,0,0,0,0,0,0,0,0,0,0,0,0,0,0
220,5,0,1,Night,,108.5113525390625,-18.5113525390625,82.8282699584961,0,0,0,0,1.970300316810608,3.450000047683716,=NA(),0,64.81599426269531,1.4163999557495117,0.34380000829696655,0.08399999886751175,=NA(),20,1013.25,0,0,0,0,0,1.969995141029358,0,0,0,0,0,0,0,0,0,0,0,0,0,0
220,6,0,1,Night,Sun below height limit of 1 degrees.,89.98426818847656,0.015734098851680756,70.5412826538086,0,0,0,0,1.740289330482483,3.619999885559082,=NA(),0,37.69552230834961,1.4163999557495117,0.34380000829696655,0.08399999886751175,=NA(),20,1013.25,0,0,0,0,0,1.740014672279358,0,0,0,0,0,0,0,0,0,0,0,0,0,0
220,7,0,1,Day,,84.68280792236328,5.31719446182251,66.12663269042969,75.5989990234375,71.70687866210938,42,0.9485162496566772,1.600000023841858,3.7599000930786133,=NA(),=NA(),9.796669960021973,1.4163999557495117,0.34380000829696655,0.08399999886751175,=NA(),20,1013.25,8.439815521240234,76.9793930053711,111.55999755859375,107.14999389648438,4.40500020980835,6.270623683929443,515.2999877929688,548.9700317382812,549.7073974609375,40.86085510253906,0.8408221006393433,0.8379600644111633,46.42140197753906,0.8886120915412903,0.0030571874231100082,0,0.00009593750291969627,0,-33.6700439453125,-0.73736572265625
220,8,0,1,Day,,74.01091003417969,15.989089965820312,56.38534164428711,246.10000610351562,198.47396850585938,172.89999389648438,0.806476891040802,4.279687404632568,4.039999961853027,=NA(),=NA(),3.5895817279815674,1.4163999557495117,0.34380000829696655,0.08399999886751175,=NA(),20,1013.25,33.29345703125,47.95648193359375,399.93499755859375,382.05499267578125,17.875,20.350610733032227,2338.68994140625,2369.3701171875,2372.736083984375,40.627376556396484,3.6501715183258057,3.5893747806549072,47.000423431396484,3.8363687992095947,0.013116125017404556,0,0.0004162499972153455,0,-30.68017578125,-3.365966796875
220,9,0,1,Day,,64.52798461914062,25.472015380859375,44.79307174682617,454.7099914550781,291.322021484375,379.9100036621094,0.6406765580177307,8.800104141235352,4.530099868774414,=NA(),=NA(),2.316178798675537,1.4163999557495117,0.34380000829696655,0.08399999886751175,=NA(),20,1013.25,55.935646057128906,39.842105865478516,652.135009765625,604.0800170898438,48.05500030517578,35.19499969482422,3911.419921875,3776.31005859375,3781.236083984375,38.940223693847656,6.069149494171143,5.945414066314697,45.96666717529297,6.395405292510986,0.021411623805761337,0,0.0010049999691545963,0,135.10986328125,-4.926025390625
220,10,0,1,Day,,56.98941421508789,33.01058578491211,30.704622268676758,567.2999877929688,309.60699462890625,473.010009765625,0.5457553267478943,12.499994277954102,4.069900035858154,=NA(),=NA(),1.831789493560791,1.4163999557495117,0.34380000829696655,0.08399999886751175,=NA(),20,1013.25,38.165794372558594,46.13806915283203,681.030029296875,638.4849853515625,42.54499816894531,40.18187713623047,4061.820068359375,3857,3862.095947265625,38.274112701416016,6.306708812713623,6.22564172744751,45.39026641845703,6.651996612548828,0.02238824963569641,0,0.0008806249825283885,0,204.820068359375,-5.095947265625
220,11,0,1,Day,,52.291343688964844,37.708656311035156,13.977384567260742,632.2999877929688,310.4515686035156,526.2000122070312,0.49098777770996094,14.029993057250977,3.450000047683716,=NA(),=NA(),1.6325526237487793,1.4163999557495117,0.34380000829696655,0.08399999886751175,=NA(),20,1013.25,17.34970474243164,50.14839172363281,688.9349975585938,646.5849609375,42.35499954223633,42.16124725341797,4087.60009765625,3855.56005859375,3858.15185546875,38.034217834472656,6.339939117431641,6.31373929977417,45.145225524902344,6.685880661010742,0.02251812443137169,0,0.0008967500180006027,0,232.0400390625,-2.591796875
220,12,0,1,Day,,51.2423095703125,38.7576904296875,355.65625,638.9000244140625,307.85638427734375,528.7999877929688,0.48185375332832336,14.679986953735352,2.9400999546051025,=NA(),=NA(),1.5952116250991821,1.4163999557495117,0.34380000829696655,0.08399999886751175,=NA(),20,1013.25,-5.389571666717529,51.03776550292969,682.4849853515625,640.3349609375,42.150001525878906,42.579368591308594,4041.050048828125,3806.10009765625,3808.091552734375,37.979068756103516,6.2667622566223145,6.252718448638916,45.069976806640625,6.607295513153076,0.02223537489771843,0,0.000915749988052994,0,234.949951171875,-1.991455078125
220,13,0,1,Day,,54.05900573730469,35.94099426269531,337.85284423828125,593.2999877929688,306.6327209472656,488.3999938964844,0.516825795173645,15.200006484985352,2.5999999046325684,=NA(),=NA(),1.700906753540039,1.4163999557495117,0.34380000829696655,0.08399999886751175,=NA(),20,1013.25,-27.47458839416504,48.580570220947266,669.10498046875,628.27001953125,40.834999084472656,42.48125457763672,3978.739990234375,3748.5,3752.11328125,37.96724319458008,6.176589012145996,6.12638521194458,45.05401611328125,6.514619827270508,0.021946750581264496,0,0.00085131247760728,0,230.239990234375,-3.61328125
220,14,0,1,Day,,60.19156265258789,29.808439254760742,322.3018798828125,453.80999755859375,288.8666687011719,331.80999755859375,0.6365365982055664,15.219995498657227,2.3199000358581543,=NA(),=NA(),2.006331443786621,1.4163999557495117,0.34380000829696655,0.08399999886751175,=NA(),20,1013.25,-46.866615295410156,43.35811233520508,578.3099975585938,536.2249755859375,42.09000015258789,38.73998260498047,3437.280029296875,3278.5400390625,3283.369140625,38.38542175292969,5.346142768859863,5.243233680725098,45.27082443237305,5.640553951263428,0.01887737587094307,0,0.0008587500196881592,0,158.739990234375,-4.8291015625
220,15,0,1,Day,,68.73534393310547,21.264657974243164,309.42840576171875,308,236.4076690673828,197.39999389648438,0.7675573825836182,14.929986953735352,1.5399999618530273,=NA(),=NA(),2.7409377098083496,1.4163999557495117,0.34380000829696655,0.08399999886751175,=NA(),20,1013.25,-60,36.41596984863281,470.70501708984375,427.5400085449219,43.16999816894531,34.07811737060547,2757.429931640625,2670.610107421875,2673.79248046875,38.87702560424805,4.29856538772583,4.193061351776123,45.4822883605957,4.533761978149414,0.015174562111496925,0,0.0007220000261440873,0,86.81982421875,-3.182373046875
220,16,0,1,Day,,78.86174774169922,11.138254165649414,298.77313232421875,101.20999908447266,98.23275756835938,15.411999702453613,0.9705834984779358,13.929986953735352,1.4700000286102295,=NA(),=NA(),5.052308559417725,1.4163999557495117,0.34380000829696655,0.08399999886751175,=NA(),20,1013.25,-19.536972045898438,61.98780822753906,126.72000122070312,118.43000030517578,8.289999961853027,19.108118057250977,690.02001953125,703.02001953125,703.7471313476562,39.39348220825195,1.1165281534194946,1.1005327701568604,45.112098693847656,1.1804908514022827,0.003991687670350075,0,0.00017225000192411244,0,-13,-0.72711181640625
220,17,0,1,Night,Sun above horizon but GHI below 1,87.24058532714844,2.75941801071167,291.6376647949219,0,0,0,0,11.200006484985352,1.7000000476837158,=NA(),0,16.01998519897461,1.4163999557495117,0.34380000829696655,0.08399999886751175,=NA(),20,1013.25,0,0,0,0,0,11.200006484985352,0,0,0,0,0,0,0,0,0,0,0,0,0,0
220,18,0,1,Night,,102.0262222290039,-12.026226043701172,281.3233337402344,0,0,0,0,9.690210342407227,2.220099925994873,=NA(),0,64.81599426269531,1.4163999557495117,0.34380000829696655,0.08399999886751175,=NA(),20,1013.25,0,0,0,0,0,9.689996719360352,0,0,0,0,0,0,0,0,0,0,0,0,0,0
220,19,0,1,Night,,114.1579360961914,-24.157934188842773,273.1708679199219,0,0,0,0,10.080011367797852,2.6700000762939453,=NA(),0,64.81599426269531,1.4163999557495117,0.34380000829696655,0.08399999886751175,=NA(),20,1013.25,0,0,0,0,0,10.080011367797852,0,0,0,0,0,0,0,0,0,0,0,0,0,0
220,20,0,1,Night,,126.40404510498047,-36.40404510498047,264.35638427734375,0,0,0,0,8.439813613891602,3.029900074005127,=NA(),0,64.81599426269531,1.4163999557495117,0.34380000829696655,0.08399999886751175,=NA(),20,1013.25,0,0,0,0,0,8.439996719360352,0,0,0,0,0,0,0,0,0,0,0,0,0,0
220,21,0,1,Night,,138.43505859375,-48.435054779052734,253.53904724121094,0,0,0,0,8.580102920532227,3.3301000595092773,=NA(),0,64.81599426269531,1.4163999557495117,0.34380000829696655,0.08399999886751175,=NA(),20,1013.25,0,0,0,0,0,8.580011367797852,0,0,0,0,0,0,0,0,0,0,0,0,0,0
220,22,0,1,Night,,149.63394165039062,-59.633941650390625,237.89427185058594,0,0,0,0,8.830011367797852,3.630000114440918,=NA(),0,64.81599426269531,1.4163999557495117,0.34380000829696655,0.08399999886751175,=NA(),20,1013.25,0,0,0,0,0,8.830011367797852,0,0,0,0,0,0,0,0,0,0,0,0,0,0
220,23,0,1,Night,,158.3498992919922,-68.34989929199219,211.167236328125,0,0,0,0,9.129785537719727,4.110000133514404,=NA(),0,64.81599426269531,1.4163999557495117,0.34380000829696655,0.08399999886751175,=NA(),20,1013.25,0,0,0,0,0,9.129999160766602,0,0,0,0,0,0,0,0,0,0,0,0,0,0
221,0,0,1,Night,,160.65866088867188,-70.65866088867188,169.6720733642578,0,0,0,0,8.909814834594727,4.28000020980835,=NA(),0,64.81599426269531,1.4163999557495117,0.34380000829696655,0.08399999886751175,=NA(),20,1013.25,0,0,0,0,0,8.909997940063477,0,0,0,0,0,0,0,0,0,0,0,0,0,0
221,1,0,1,Night,,154.7103271484375,-64.7103271484375,134.31227111816406,0,0,0,0,9.149805068969727,4.25,=NA(),0,64.81599426269531,1.4163999557495117,0.34380000829696655,0.08399999886751175,=NA(),20,1013.25,0,0,0,0,0,9.149988174438477,0,0,0,0,0,0,0,0,0,0,0,0,0,0
221,2,0,1,Night,,144.4810333251953,-54.48102951049805,113.89675903320312,0,0,0,0,7.580193996429443,4.03000020980835,=NA(),0,64.81599426269531,1.4163999557495117,0.34380000829696655,0.08399999886751175,=NA(),20,1013.25,0,0,0,0,0,7.580010890960693,0,0,0,0,0,0,0,0,0,0,0,0,0,0
221,3,0,1,Night,,132.76593017578125,-42.76593017578125,101.0652084350586,0,0,0,0,6.180200099945068,3.880000114440918,=NA(),0,64.81599426269531,1.4163999557495117,0.34380000829696655,0.08399999886751175,=NA(),20,1013.25,0,0,0,0,0,6.179986476898193,0,0,0,0,0,0,0,0,0,0,0,0,0,0
221,4,0,1,Night,,120.57247924804688,-30.572477340698242,91.43282318115234,0,0,0,0,5.060113430023193,4.010000228881836,=NA(),0,64.81599426269531,1.4163999557495117,0.34380000829696655,0.08399999886751175,=NA(),20,1013.25,0,0,0,0,0,5.059991359710693,0,0,0,0,0,0,0,0,0,0,0,0,0,0
221,5,0,1,Night,,108.33207702636719,-18.33207893371582,83.06459045410156,0,0,0,0,4.499688625335693,4.190000057220459,=NA(),0,64.81599426269531,1.4163999557495117,0.34380000829696655,0.08399999886751175,=NA(),20,1013.25,0,0,0,0,0,4.499993801116943,0,0,0,0,0,0,0,0,0,0,0,0,0,0
221,6,0,1,Night,Sun below height limit of 1 degrees.,89.8995132446289,0.10048915445804596,70.81615447998047,0,0,0,0,4.179986476898193,4.690100193023682,=NA(),0,36.468841552734375,1.4163999557495117,0.34380000829696655,0.08399999886751175,=NA(),20,1013.25,0,0,0,0,0,4.179986476898193,0,0,0,0,0,0,0,0,0,0,0,0,0,0
221,7,0,1,Day,,84.48536682128906,5.514632701873779,66.3301773071289,70.79299926757812,67.90135192871094,30.09000015258789,0.9591534733772278,4.600091457366943,5.070000171661377,=NA(),=NA(),9.501745223999023,1.4163999557495117,0.34380000829696655,0.08399999886751175,=NA(),20,1013.25,8.748659133911133,76.4884262084961,101.09500122070312,96.75,4.34499979019165,8.823755264282227,476.7200012207031,503.7099914550781,504.31494140625,40.3830451965332,0.7805172801017761,0.7775329947471619,45.93909454345703,0.8260243535041809,0.002833249978721142,0,0.00009418749687029049,0,-26.989990234375,-0.604949951171875
221,8,0,1,Day,,73.78850555419922,16.211498260498047,56.57307052612305,277.1000061035156,214.3953094482422,224.60000610351562,0.7737109661102295,8.479700088500977,5.070000171661377,=NA(),=NA(),3.54282546043396,1.4163999557495117,0.34380000829696655,0.08399999886751175,=NA(),20,1013.25,33.906436920166016,47.25299835205078,464.47998046875,445.3699951171875,19.114999771118164,27.230615615844727,2733.280029296875,2708.080078125,2711.453857421875,39.81025695800781,4.256874084472656,4.188551902770996,46.36616134643555,4.480024814605713,0.015310312621295452,0,0.0004497499903663993,0,25.199951171875,-3.373779296875
221,9,0,1,Day,,64.28070831298828,25.71929168701172,44.95511245727539,269.3999938964844,237.76283264160156,72.90299987792969,0.8825643658638,11.629999160766602,5.230000019073486,=NA(),=NA(),2.2956085205078125,1.4163999557495117,0.34380000829696655,0.08399999886751175,=NA(),20,1013.25,55.716339111328125,39.609615325927734,327.17999267578125,285.44500732421875,41.73999786376953,24.992517471313477,1869.43994140625,1865.5899658203125,1863.9521484375,39.92009735107422,2.918063163757324,2.8058910369873047,46.000789642333984,3.08701229095459,0.010018874891102314,0,0.0008630624506622553,0,3.8499755859375,1.6378173828125
221,10,0,1,Day,,56.71809005737305,33.28190994262695,30.818803787231445,631.6900024414062,342.22515869140625,527.489990234375,0.5417612195014954,14.219995498657227,5.160099983215332,=NA(),=NA(),1.8186311721801758,1.4163999557495117,0.34380000829696655,0.08399999886751175,=NA(),20,1013.25,37.97121047973633,45.884117126464844,758.6650390625,711.8699951171875,46.79499816894531,45.167503356933594,4532.2001953125,4232.4501953125,4237.525390625,37.64236831665039,7.035919189453125,6.947142601013184,44.9498291015625,7.428036212921143,0.02496918849647045,0,0.0009696874767541885,0,299.75,-5.0751953125
221,11,0,1,Day,,52.004669189453125,37.995330810546875,14.01195240020752,482.79998779296875,324.28369140625,257.5,0.6716729402542114,14.999994277954102,4.850100040435791,=NA(),=NA(),1.6221222877502441,1.4163999557495117,0.34380000829696655,0.08399999886751175,=NA(),20,1013.25,17.221189498901367,49.87251281738281,522.5,487.5199890136719,34.97999954223633,36.285606384277344,3066.919921875,2949.090087890625,2952.123779296875,38.660888671875,4.7724738121032715,4.742513656616211,45.385040283203125,5.03274393081665,0.016911562532186508,0,0.0007331250235438347,0,117.829833984375,-3.03369140625
221,12,0,1,Day,,50.95872497558594,39.04127502441406,355.5907287597656,429.70001220703125,330.997802734375,156.6999969482422,0.7702997326850891,16.1299991607666,4.510000228881836,=NA(),=NA(),1.5854976177215576,1.4163999557495117,0.34380000829696655,0.08399999886751175,=NA(),20,1013.25,-5.41545295715332,50.750091552734375,460.32501220703125,429.82501220703125,30.494998931884766,34.91374969482422,2682.43994140625,2590.619873046875,2592.554443359375,38.75411605834961,4.181095123291016,4.171192169189453,45.32337188720703,4.408936500549316,0.014810937456786633,0,0.0006624999805353582,0,91.820068359375,-1.9345703125
221,13,0,1,Day,,53.798274993896484,36.201725006103516,337.700439453125,559.0999755859375,304.6565856933594,430.79998779296875,0.5449053645133972,16.2600040435791,4.170000076293945,=NA(),=NA(),1.6903663873672485,1.4163999557495117,0.34380000829696655,0.08399999886751175,=NA(),20,1013.25,-27.403051376342773,48.2961540222168,628.8300170898438,589.719970703125,39.11000061035156,41.87938690185547,3732.7900390625,3523.409912109375,3528.1806640625,38.00459671020508,5.802248477935791,5.751649856567383,45.01390838623047,6.123429775238037,0.020592499524354935,0,0.000813687511254102,0,209.380126953125,-4.770751953125
221,14,0,1,Day,,59.964202880859375,30.035795211791992,322.0970153808594,467.2099914550781,290.4639892578125,353.1099853515625,0.6216990351676941,16.600000381469727,3.369999885559082,=NA(),=NA(),1.9926445484161377,1.4163999557495117,0.34380000829696655,0.08399999886751175,=NA(),20,1013.25,-46.735992431640625,43.085784912109375,597.1650390625,554.64501953125,42.51499938964844,40.92125701904297,3554.3798828125,3365.449951171875,3370.21484375,38.10852813720703,5.527424335479736,5.425548076629639,45.047943115234375,5.834991455078125,0.01952962577342987,0,0.0008676249999552965,0,188.929931640625,-4.764892578125
221,15,0,1,Day,,68.54154205322266,21.458457946777344,309.1988830566406,300.30999755859375,234.93313598632812,178.7100067138672,0.7823020815849304,16.7700138092041,2.0999999046325684,=NA(),=NA(),2.7176713943481445,1.4163999557495117,0.34380000829696655,0.08399999886751175,=NA(),20,1013.25,-60,36.14519500732422,452.54998779296875,409.6099853515625,42.939998626708984,35.22063446044922,2649.9599609375,2556.449951171875,2558.45703125,38.702693939208984,4.131664276123047,4.027069091796875,45.26085662841797,4.3598432540893555,0.014573999680578709,0,0.0007158124935813248,0,93.510009765625,-2.007080078125
221,16,0,1,Day,,78.69679260253906,11.303203582763672,298.5320739746094,76.69300079345703,75.9688720703125,3.694499969482422,0.9905580878257751,15.300012588500977,2.2899999618530273,=NA(),=NA(),4.983102321624756,1.4163999557495117,0.34380000829696655,0.08399999886751175,=NA(),20,1013.25,-19.82198715209961,61.54131317138672,88.81500244140625,82,6.815000057220459,18.9475040435791,475.1199951171875,484.6400146484375,484.93304443359375,38.9128303527832,0.7788677215576172,0.7659354209899902,44.512847900390625,0.8268468379974365,0.0027757498901337385,0,0.0001408749958500266,0,-9.52001953125,-0.29302978515625
221,17,0,1,Night,Sun above horizon but GHI below 1,87.15677642822266,2.8432211875915527,291.343017578125,0,0,0,0,11.890008926391602,2.610100030899048,=NA(),0,15.70758056640625,1.4163999557495117,0.34380000829696655,0.08399999886751175,=NA(),20,1013.25,0,0,0,0,0,11.890008926391602,0,0,0,0,0,0,0,0,0,0,0,0,0,0
221,18,0,1,Night,,101.89651489257812,-11.896513938903809,281.05926513671875,0,0,0,0,8.090112686157227,2.990000009536743,=NA(),0,64.81599426269531,1.4163999557495117,0.34380000829696655,0.08399999886751175,=NA(),20,1013.25,0,0,0,0,0,8.089990615844727,0,0,0,0,0,0,0,0,0,0,0,0,0,0
221,19,0,1,Night,,114.03508758544922,-24.03508949279785,272.8837890625,0,0,0,0,6.880212306976318,3.410099983215332,=NA(),0,64.81599426269531,1.4163999557495117,0.34380000829696655,0.08399999886751175,=NA(),20,1013.25,0,0,0,0,0,6.879998683929443,0,0,0,0,0,0,0,0,0,0,0,0,0,0
221,20,0,1,Night,,126.27928924560547,-36.2792854309082,264.0317077636719,0,0,0,0,5.800012111663818,3.5000998973846436,=NA(),0,64.81599426269531,1.4163999557495117,0.34380000829696655,0.08399999886751175,=NA(),20,1013.25,0,0,0,0,0,5.800012111663818,0,0,0,0,0,0,0,0,0,0,0,0,0,0
221,21,0,1,Night,,138.29562377929688,-48.29561996459961,253.1563720703125,0,0,0,0,5.559991359710693,3.4600000381469727,=NA(),0,64.81599426269531,1.4163999557495117,0.34380000829696655,0.08399999886751175,=NA(),20,1013.25,0,0,0,0,0,5.559991359710693,0,0,0,0,0,0,0,0,0,0,0,0,0,0
221,22,0,1,Night,,149.4576873779297,-59.45769119262695,237.4393768310547,0,0,0,0,7.479913234710693,3.240000009536743,=NA(),0,64.81599426269531,1.4163999557495117,0.34380000829696655,0.08399999886751175,=NA(),20,1013.25,0,0,0,0,0,7.480004787445068,0,0,0,0,0,0,0,0,0,0,0,0,0,0
221,23,0,1,Night,,158.1053009033203,-68.10530090332031,210.74542236328125,0,0,0,0,5.530114650726318,3.170099973678589,=NA(),0,64.81599426269531,1.4163999557495117,0.34380000829696655,0.08399999886751175,=NA(),20,1013.25,0,0,0,0,0,5.529992580413818,0,0,0,0,0,0,0,0,0,0,0,0,0,0
222,0,0,1,Night,,160.3683319091797,-70.36833190917969,169.70416259765625,0,0,0,0,4.499688625335693,3.2899999618530273,=NA(),0,64.81599426269531,1.4163999557495117,0.34380000829696655,0.08399999886751175,=NA(),20,1013.25,0,0,0,0,0,4.499993801116943,0,0,0,0,0,0,0,0,0,0,0,0,0,0
222,1,0,1,Night,,154.46041870117188,-64.4604263305664,134.65830993652344,0,0,0,0,5.159814357757568,3.6798999309539795,=NA(),0,64.81599426269531,1.4163999557495117,0.34380000829696655,0.08399999886751175,=NA(),20,1013.25,0,0,0,0,0,5.159997463226318,0,0,0,0,0,0,0,0,0,0,0,0,0,0
222,2,0,1,Night,,144.27288818359375,-54.27288818359375,114.24561309814453,0,0,0,0,4.739709377288818,4.010000228881836,=NA(),0,64.81599426269531,1.4163999557495117,0.34380000829696655,0.08399999886751175,=NA(),20,1013.25,0,0,0,0,0,4.740014553070068,0,0,0,0,0,0,0,0,0,0,0,0,0,0
222,3,0,1,Night,,132.57850646972656,-42.57850646972656,101.36798095703125,0,0,0,0,3.1502013206481934,3.650099992752075,=NA(),0,64.81599426269531,1.4163999557495117,0.34380000829696655,0.08399999886751175,=NA(),20,1013.25,0,0,0,0,0,3.1499876976013184,0,0,0,0,0,0,0,0,0,0,0,0,0,0
222,4,0,1,Night,,120.39171600341797,-30.391719818115234,91.69757080078125,0,0,0,0,2.2301878929138184,3.4900999069213867,=NA(),0,64.81599426269531,1.4163999557495117,0.34380000829696655,0.08399999886751175,=NA(),20,1013.25,0,0,0,0,0,2.2300047874450684,0,0,0,0,0,0,0,0,0,0,0,0,0,0
222,5,0,1,Night,,108.1491928100586,-18.149192810058594,83.30282592773438,0,0,0,0,1.600000023841858,3.4398999214172363,=NA(),0,64.81599426269531,1.4163999557495117,0.34380000829696655,0.08399999886751175,=NA(),20,1013.25,0,0,0,0,0,1.600000023841858,0,0,0,0,0,0,0,0,0,0,0,0,0,0
222,6,0,1,Night,Sun below height limit of 1 degrees.,89.81268310546875,0.18731330335140228,71.10506439208984,0,0,0,0,1.020288109779358,3.4000000953674316,=NA(),0,35.26554489135742,1.4163999557495117,0.34380000829696655,0.08399999886751175,=NA(),20,1013.25,0,0,0,0,0,1.020013451576233,0,0,0,0,0,0,0,0,0,0,0,0,0,0
222,7,0,1,Day,,84.28031158447266,5.719686508178711,66.53565216064453,95.40699768066406,87.9019775390625,75.30500030517578,0.9213367700576782,2.3797850608825684,3.3598999977111816,=NA(),=NA(),9.212735176086426,1.4163999557495117,0.34380000829696655,0.08399999886751175,=NA(),20,1013.25,9.0700101852417,75.97760009765625,149.8699951171875,144.83999633789062,5.029999732971191,8.648767471313477,701.0399780273438,740.010009765625,740.901611328125,40.9261474609375,1.1314607858657837,1.1273088455200195,46.584999084472656,1.1935036182403564,0.0041209375485777855,0,0.00010974999895552173,0,-38.97003173828125,-0.8916015625
222,8,0,1,Day,,73.56021881103516,16.439777374267578,56.762577056884766,295.3999938964844,225.66697692871094,246.39999389648438,0.7639369964599609,6.319909572601318,3.4700000286102295,=NA(),=NA(),3.496122121810913,1.4163999557495117,0.34380000829696655,0.08399999886751175,=NA(),20,1013.25,34.55110549926758,46.52340316772461,501.29998779296875,481.20001220703125,20.099998474121094,26.53814125061035,2958.699951171875,2938.090087890625,2941.493408203125,39.9700927734375,4.599564552307129,4.525547504425049,46.59578323364258,4.838722229003906,0.016557812690734863,0,0.0004751250089611858,0,20.60986328125,-3.4033203125
222,9,0,1,Day,,64.02821350097656,25.971784591674805,45.11850357055664,450.8999938964844,286.9395751953125,374.3999938964844,0.6363707780838013,10.020013809204102,3.7400999069213867,=NA(),=NA(),2.2750191688537598,1.4163999557495117,0.34380000829696655,0.08399999886751175,=NA(),20,1013.25,55.4924201965332,39.374000549316406,642.6400146484375,595.6700439453125,46.96500015258789,36.050010681152344,3855.3798828125,3711.56005859375,3716.111328125,38.81962966918945,5.983144760131836,5.862441062927246,45.82953643798828,6.305623531341553,0.021115124225616455,0,0.0009842499857768416,0,143.81982421875,-4.55126953125
222,10,0,1,Day,,56.44178009033203,33.55821990966797,30.93329429626465,576.7000122070312,310.8108825683594,481,0.5389472246170044,13.399988174438477,4.840099811553955,=NA(),=NA(),1.805464267730713,1.4163999557495117,0.34380000829696655,0.08399999886751175,=NA(),20,1013.25,37.772727966308594,45.626625061035156,691.1650390625,648.4000244140625,42.77000045776367,41.517478942871094,4125.5400390625,3899.97998046875,3904.98388671875,38.10054016113281,6.405791282653809,6.325588703155518,45.246158599853516,6.7582173347473145,0.022743437439203262,0,0.0008862499962560833,0,225.56005859375,-5.00390625
222,11,0,1,Day,,51.71332931518555,38.28667068481445,14.044873237609863,645.2100219726562,311.8609313964844,538.010009765625,0.48334792256355286,15.469995498657227,5.21999979019165,=NA(),=NA(),1.6116983890533447,1.4163999557495117,0.34380000829696655,0.08399999886751175,=NA(),20,1013.25,17.08928108215332,49.592735290527344,703.1900024414062,660.4649658203125,42.724998474121094,44.186241149902344,4177.98974609375,3913.93994140625,3918.24853515625,37.750709533691406,6.487049102783203,6.461662769317627,44.92399597167969,6.84681510925293,0.023021187633275986,0,0.0009064375190064311,0,264.0498046875,-4.30859375
222,12,0,1,Day,,50.67103576660156,39.32896423339844,355.5211486816406,644.7000122070312,307.2798156738281,532.4000244140625,0.4766244888305664,16.4999942779541,5.139999866485596,=NA(),=NA(),1.5758020877838135,1.4163999557495117,0.34380000829696655,0.08399999886751175,=NA(),20,1013.25,-5.444461345672607,50.457969665527344,688.6650390625,646.2099609375,42.45500183105469,44.668113708496094,4080.530029296875,3815.969970703125,3819.70703125,37.68225860595703,6.335386276245117,6.322094440460205,44.81743621826172,6.686620235443115,0.02245243825018406,0,0.0009224375244230032,0,264.56005859375,-3.737060546875
222,13,0,1,Day,,53.5345458984375,36.4654541015625,337.54248046875,591,305.5394592285156,480.29998779296875,0.5169872641563416,17.42998695373535,4.920100212097168,=NA(),=NA(),1.6798713207244873,1.4163999557495117,0.34380000829696655,0.08399999886751175,=NA(),20,1013.25,-27.334104537963867,48.006961822509766,666.125,625.5,40.630001068115234,44.61937713623047,3964.4599609375,3707.7099609375,3712.275390625,37.66575622558594,6.159921169281006,6.110105514526367,44.76971435546875,6.503020763397217,0.021869875490665436,0,0.0008472499903291464,0,256.75,-4.5654296875
222,14,0,1,Day,,59.73480987548828,30.265188217163086,321.8862609863281,475.29998779296875,291.74212646484375,364.20001220703125,0.6138063073158264,17.600000381469727,4.389900207519531,=NA(),=NA(),1.9790534973144531,1.4163999557495117,0.34380000829696655,0.08399999886751175,=NA(),20,1013.25,-46.60698318481445,42.808433532714844,608.114990234375,565.3499755859375,42.76499938964844,42.39751434326172,3622.010009765625,3412.3701171875,3416.87841796875,37.922080993652344,5.631505489349365,5.5309576988220215,44.890289306640625,5.946775913238525,0.01990681327879429,0,0.000873062526807189,0,209.639892578125,-4.50830078125
222,15,0,1,Day,,68.34632873535156,21.653671264648438,308.96380615234375,305.30999755859375,237.1897735595703,184.61000061035156,0.776881754398346,17.4999942779541,2.7000999450683594,=NA(),=NA(),2.6946585178375244,1.4163999557495117,0.34380000829696655,0.08399999886751175,=NA(),20,1013.25,-60,35.8697624206543,460.39501953125,417.06500244140625,43.334999084472656,36.26500701904297,2694.77001953125,2590.570068359375,2593.524169921875,38.558319091796875,4.203983783721924,4.0955729484558105,45.153160095214844,4.437717437744141,0.01479481253772974,0,0.0007479999912902713,0,104.199951171875,-2.9541015625
222,16,0,1,Day,,78.5310287475586,11.468969345092773,298.285888671875,111.98999786376953,107.61737060546875,21.990999221801758,0.9609552025794983,16.649988174438477,3.029900074005127,=NA(),=NA(),4.915431499481201,1.4163999557495117,0.34380000829696655,0.08399999886751175,=NA(),20,1013.25,-20.108617782592773,61.0909538269043,143.51499938964844,134.5,9.024999618530273,22.52312660217285,787.3499755859375,792.6300048828125,793.2254638671875,39.08673095703125,1.2683675289154053,1.250786304473877,44.86188507080078,1.341413974761963,0.004537750035524368,0,0.0001871249987743795,0,-5.280029296875,-0.595458984375
222,17,0,1,Night,Sun above horizon but GHI below 1,87.08689880371094,2.9131040573120117,291.03118896484375,0,0,0,0,11.779993057250977,3.390000104904175,=NA(),0,15.455251693725586,1.4163999557495117,0.34380000829696655,0.08399999886751175,=NA(),20,1013.25,0,0,0,0,0,11.779993057250977,0,0,0,0,0,0,0,0,0,0,0,0,0,0
222,18,0,1,Night,,101.76585388183594,-11.765850067138672,280.79046630859375,0,0,0,0,8.119989395141602,3.650099992752075,=NA(),0,64.81599426269531,1.4163999557495117,0.34380000829696655,0.08399999886751175,=NA(),20,1013.25,0,0,0,0,0,8.119989395141602,0,0,0,0,0,0,0,0,0,0,0,0,0,0
222,19,0,1,Night,,113.91108703613281,-23.911090850830078,272.5919494628906,0,0,0,0,7.239892482757568,4.060100078582764,=NA(),0,64.81599426269531,1.4163999557495117,0.34380000829696655,0.08399999886751175,=NA(),20,1013.25,0,0,0,0,0,7.240014553070068,0,0,0,0,0,0,0,0,0,0,0,0,0,0
222,20,0,1,Night,,126.15316009521484,-36.153160095214844,263.70208740234375,0,0,0,0,6.839684963226318,4.840099811553955,=NA(),0,64.81599426269531,1.4163999557495117,0.34380000829696655,0.08399999886751175,=NA(),20,1013.25,0,0,0,0,0,6.839990139007568,0,0,0,0,0,0,0,0,0,0,0,0,0,0
222,21,0,1,Night,,138.1542205810547,-48.15422439575195,252.7685546875,0,0,0,0,6.609704494476318,5.460000038146973,=NA(),0,64.81599426269531,1.4163999557495117,0.34380000829696655,0.08399999886751175,=NA(),20,1013.25,0,0,0,0,0,6.610009670257568,0,0,0,0,0,0,0,0,0,0,0,0,0,0
222,22,0,1,Night,,149.27870178222656,-59.27870178222656,236.9800567626953,0,0,0,0,5.349999904632568,5.710000038146973,=NA(),0,64.81599426269531,1.4163999557495117,0.34380000829696655,0.08399999886751175,=NA(),20,1013.25,0,0,0,0,0,5.349999904632568,0,0,0,0,0,0,0,0,0,0,0,0,0,0
222,23,0,1,Night,,157.8568115234375,-67.85680389404297,210.32196044921875,0,0,0,0,6.410302639007568,6,=NA(),0,64.81599426269531,1.4163999557495117,0.34380000829696655,0.08399999886751175,=NA(),20,1013.25,0,0,0,0,0,6.409997463226318,0,0,0,0,0,0,0,0,0,0,0,0,0,0
223,0,0,1,Night,,160.0734100341797,-70.07340240478516,169.73016357421875,0,0,0,0,4.780206203460693,6.110000133514404,=NA(),0,64.81599426269531,1.4163999557495117,0.34380000829696655,0.08399999886751175,=NA(),20,1013.25,0,0,0,0,0,4.779992580413818,0,0,0,0,0,0,0,0,0,0,0,0,0,0
223,1,0,1,Night,,154.20474243164062,-64.20474243164062,134.99937438964844,0,0,0,0,7.640100002288818,6.139900207519531,=NA(),0,64.81599426269531,1.4163999557495117,0.34380000829696655,0.08399999886751175,=NA(),20,1013.25,0,0,0,0,0,7.640008449554443,0,0,0,0,0,0,0,0,0,0,0,0,0,0
223,2,0,1,Night,,144.0588836669922,-54.058876037597656,114.59381103515625,0,0,0,0,9.099908828735352,6.200099945068359,=NA(),0,64.81599426269531,1.4163999557495117,0.34380000829696655,0.08399999886751175,=NA(),20,1013.25,0,0,0,0,0,9.100000381469727,0,0,0,0,0,0,0,0,0,0,0,0,0,0
223,3,0,1,Night,,132.3853302001953,-42.38533401489258,101.67180633544922,0,0,0,0,9.320001602172852,6.229899883270264,=NA(),0,64.81599426269531,1.4163999557495117,0.34380000829696655,0.08399999886751175,=NA(),20,1013.25,0,0,0,0,0,9.320001602172852,0,0,0,0,0,0,0,0,0,0,0,0,0,0
223,4,0,1,Night,,120.20510864257812,-30.20511245727539,91.96392822265625,0,0,0,0,9.329889297485352,6.25,=NA(),0,64.81599426269531,1.4163999557495117,0.34380000829696655,0.08399999886751175,=NA(),20,1013.25,0,0,0,0,0,9.330011367797852,0,0,0,0,0,0,0,0,0,0,0,0,0,0
223,5,0,1,Night,,107.95977783203125,-17.959779739379883,83.54289245605469,0,0,0,0,9.500085830688477,6.299900054931641,=NA(),0,64.81599426269531,1.4163999557495117,0.34380000829696655,0.08399999886751175,=NA(),20,1013.25,0,0,0,0,0,9.499994277954102,0,0,0,0,0,0,0,0,0,0,0,0,0,0
223,6,0,1,Night,Sun below height limit of 1 degrees.,89.74185180664062,0.2581481337547302,71.39366149902344,0,0,0,0,9.320001602172852,6.820000171661377,=NA(),0,34.32277297973633,1.4163999557495117,0.34380000829696655,0.08399999886751175,=NA(),20,1013.25,0,0,0,0,0,9.320001602172852,0,0,0,0,0,0,0,0,0,0,0,0,0,0
223,7,0,1,Day,,84.0758056640625,5.924196243286133,66.74299621582031,107.69000244140625,98.41181182861328,89.89399719238281,0.9138435125350952,9.740106582641602,7.190000057220459,=NA(),=NA(),8.940667152404785,1.4163999557495117,0.34380000829696655,0.08399999886751175,=NA(),20,1013.25,9.39057731628418,75.46719360351562,174.63999938964844,169.27999877929688,5.360000133514404,17.0731143951416,824.6199951171875,845.8499755859375,846.8145141601562,39.917842864990234,1.3258705139160156,1.3209123611450195,45.69017028808594,1.3998169898986816,0.004825875163078308,0,0.00011725000513251871,0,-21.22998046875,-0.96453857421875
223,8,0,1,Day,,73.32894134521484,16.67105484008789,56.953834533691406,169.39999389648438,158.32455444335938,38.606998443603516,0.9346196055412292,11.570001602172852,7.249899864196777,=NA(),=NA(),3.450082302093506,1.4163999557495117,0.34380000829696655,0.08399999886751175,=NA(),20,1013.25,35.21998977661133,45.77600860595703,232.7949981689453,215.9499969482422,16.844999313354492,21.0362491607666,1314.9599609375,1329.9599609375,1330.992431640625,39.960323333740234,2.0817160606384277,2.0249056816101074,45.93211364746094,2.19423246383667,0.007353312335908413,0,0.0003860624856315553,0,-15,-1.032470703125
223,9,0,1,Day,,63.77175521850586,26.22824478149414,45.28322219848633,338.69000244140625,263.6516418457031,169.7899932861328,0.778445303440094,13.580011367797852,7.769999980926514,=NA(),=NA(),2.2545225620269775,1.4163999557495117,0.34380000829696655,0.08399999886751175,=NA(),20,1013.25,55.26539611816406,39.135780334472656,446.21002197265625,402.9750061035156,43.23999786376953,31.7293643951416,2620.530029296875,2557.85009765625,2559.29931640625,39.19392395019531,4.08121395111084,3.9636435508728027,45.70061111450195,4.305314064025879,0.01422400027513504,0,0.0008996875258162618,0,62.679931640625,-1.44921875
223,10,0,1,Day,,56.161014556884766,33.838985443115234,31.048065185546875,503.79998779296875,302.38336181640625,361.70001220703125,0.6002051830291748,15.219995498657227,8.739999771118164,=NA(),=NA(),1.7923204898834229,1.4163999557495117,0.34380000829696655,0.08399999886751175,=NA(),20,1013.25,37.570926666259766,45.36597442626953,596.47998046875,557.0450439453125,39.435001373291016,39.47124481201172,3542.77001953125,3371.10009765625,3376.12158203125,38.2999382019043,5.509406089782715,5.431457042694092,45.23128128051758,5.81279993057251,0.019519062712788582,0,0.0008128749905154109,0,171.669921875,-5.021484375
223,11,0,1,Day,,51.417625427246094,38.582374572753906,14.076108932495117,521.2000122070312,320.8185119628906,321.30999755859375,0.6155381798744202,18.4999942779541,9.430000305175781,=NA(),=NA(),1.601296067237854,1.4163999557495117,0.34380000829696655,0.08399999886751175,=NA(),20,1013.25,16.954206466674805,49.30931091308594,565.5650024414062,529.219970703125,36.349998474121094,41.58623504638672,3336.2099609375,3151.14990234375,3155.4375,37.98088073730469,5.192483901977539,5.166024684906006,44.84462356567383,5.482176303863525,0.018399624153971672,0,0.000765874981880188,0,185.06005859375,-4.28759765625
223,12,0,1,Day,,50.379581451416016,39.620418548583984,355.4474792480469,641.6900024414062,306.2031555175781,526.0900268554688,0.4771823585033417,18.9999942779541,9.449999809265137,=NA(),=NA(),1.5661392211914062,1.4163999557495117,0.34380000829696655,0.08399999886751175,=NA(),20,1013.25,-5.476547718048096,50.16172409057617,685.4599609375,643.219970703125,42.244998931884766,47.08373260498047,4062.300048828125,3767.2099609375,3771.23291015625,37.34934616088867,6.310742378234863,6.29805326461792,44.4954833984375,6.667116641998291,0.022353624925017357,0,0.0009178750333376229,0,295.090087890625,-4.02294921875
223,13,0,1,Day,,53.268028259277344,36.731971740722656,337.37890625,579.9000244140625,305.02593994140625,459.6000061035156,0.5259974598884583,20.219995498657227,9.100000381469727,=NA(),=NA(),1.6694321632385254,1.4163999557495117,0.34380000829696655,0.08399999886751175,=NA(),20,1013.25,-27.267803192138672,47.713199615478516,652.9549560546875,612.9000244140625,40.05000305175781,46.91124725341797,3884.27001953125,3603.669921875,3608.728515625,37.33913040161133,6.0404839515686035,5.990664005279541,44.43336868286133,6.383385181427002,0.021428249776363373,0,0.0008348125265911222,0,280.60009765625,-5.05859375
223,14,0,1,Day,,59.50368118286133,30.496318817138672,321.6695251464844,463.3999938964844,291.76922607421875,338.20001220703125,0.6296271681785583,20.300012588500977,8.350099563598633,=NA(),=NA(),1.9655760526657104,1.4163999557495117,0.34380000829696655,0.08399999886751175,=NA(),20,1013.25,-46.4798698425293,42.52623748779297,589.60498046875,547.280029296875,42.31999969482422,44.38811492919922,3505.909912109375,3280.030029296875,3284.647705078125,37.62920379638672,5.455709457397461,5.354864120483398,44.570289611816406,5.7657551765441895,0.019260749220848083,0,0.0008628125069662929,0,225.8798828125,-4.61767578125
223,15,0,1,Day,,68.15023803710938,21.849760055541992,308.72320556640625,292.8999938964844,234.28257751464844,157.5,0.7998722791671753,20.279993057250977,7.729899883270264,=NA(),=NA(),2.671959161758423,1.4163999557495117,0.34380000829696655,0.08399999886751175,=NA(),20,1013.25,-60,35.58988952636719,432.9949951171875,390.1300048828125,42.86499786376953,37.969993591308594,2528.81005859375,2416.4599609375,2418.855712890625,38.27426528930664,3.949946641921997,3.8424510955810547,44.81378936767578,4.172894477844238,0.013863500207662582,0,0.0007424374925903976,0,112.35009765625,-2.395751953125
223,16,0,1,Day,,78.3647689819336,11.63523006439209,298.0346374511719,73.7040023803711,73.15928649902344,2.700900077819824,0.992609441280365,18.969995498657227,7.720099925994873,=NA(),=NA(),4.84937858581543,1.4163999557495117,0.34380000829696655,0.08399999886751175,=NA(),20,1013.25,-20.396263122558594,60.63755798339844,84.04499816894531,77.3499984741211,6.699999809265137,22.4374942779541,448.54998779296875,451.8500061035156,451.75921630859375,38.34761428833008,0.7362790107727051,0.7233192920684814,43.92397689819336,0.7838155627250671,0.002623187378048897,0,0.0001379375025862828,0,-3.300018310546875,0.090789794921875
223,17,0,1,Night,Sun above horizon but GHI below 1,87.01509094238281,2.984910249710083,290.7193603515625,0,0,0,0,17.110010147094727,7.840000152587891,=NA(),0,15.203470230102539,1.4163999557495117,0.34380000829696655,0.08399999886751175,=NA(),20,1013.25,0,0,0,0,0,17.110010147094727,0,0,0,0,0,0,0,0,0,0,0,0,0,0
223,18,0,1,Night,,101.6325912475586,-11.632593154907227,280.51708984375,0,0,0,0,16.4999942779541,7.659900188446045,=NA(),0,64.81599426269531,1.4163999557495117,0.34380000829696655,0.08399999886751175,=NA(),20,1013.25,0,0,0,0,0,16.4999942779541,0,0,0,0,0,0,0,0,0,0,0,0,0,0
223,19,0,1,Night,,113.7854995727539,-23.785497665405273,272.29547119140625,0,0,0,0,14.540002822875977,6.689899921417236,=NA(),0,64.81599426269531,1.4163999557495117,0.34380000829696655,0.08399999886751175,=NA(),20,1013.25,0,0,0,0,0,14.540002822875977,0,0,0,0,0,0,0,0,0,0,0,0,0,0
223,20,0,1,Night,,126.02565002441406,-36.02565383911133,263.3676452636719,0,0,0,0,11.499994277954102,6.619900226593018,=NA(),0,64.81599426269531,1.4163999557495117,0.34380000829696655,0.08399999886751175,=NA(),20,1013.25,0,0,0,0,0,11.499994277954102,0,0,0,0,0,0,0,0,0,0,0,0,0,0
223,21,0,1,Night,,138.01089477539062,-48.010902404785156,252.37579345703125,0,0,0,0,11.100000381469727,6.840099811553955,=NA(),0,64.81599426269531,1.4163999557495117,0.34380000829696655,0.08399999886751175,=NA(),20,1013.25,0,0,0,0,0,11.100000381469727,0,0,0,0,0,0,0,0,0,0,0,0,0,0
223,22,0,1,Night,,149.0966796875,-59.0966796875,236.5165557861328,0,0,0,0,10.420007705688477,5.519999980926514,=NA(),0,64.81599426269531,1.4163999557495117,0.34380000829696655,0.08399999886751175,=NA(),20,1013.25,0,0,0,0,0,10.420007705688477,0,0,0,0,0,0,0,0,0,0,0,0,0,0
223,23,0,1,Night,,157.60447692871094,-67.60447692871094,209.8970947265625,0,0,0,0,10.700006484985352,3.599900007247925,=NA(),0,64.81599426269531,1.4163999557495117,0.34380000829696655,0.08399999886751175,=NA(),20,1013.25,0,0,0,0,0,10.700006484985352,0,0,0,0,0,0,0,0,0,0,0,0,0,0
224,0,0,1,Night,,159.7739715576172,-69.77397155761719,169.75027465820312,0,0,0,0,9.700189590454102,2.4500999450683594,=NA(),0,64.81599426269531,1.4163999557495117,0.34380000829696655,0.08399999886751175,=NA(),20,1013.25,0,0,0,0,0,9.700006484985352,0,0,0,0,0,0,0,0,0,0,0,0,0,0
224,1,0,1,Night,,153.94357299804688,-63.94356918334961,135.3352813720703,0,0,0,0,9.230188369750977,2.6500000953674316,=NA(),0,64.81599426269531,1.4163999557495117,0.34380000829696655,0.08399999886751175,=NA(),20,1013.25,0,0,0,0,0,9.230005264282227,0,0,0,0,0,0,0,0,0,0,0,0,0,0
224,2,0,1,Night,,143.839599609375,-53.839603424072266,114.94111633300781,0,0,0,0,9.309991836547852,4.170000076293945,=NA(),0,64.81599426269531,1.4163999557495117,0.34380000829696655,0.08399999886751175,=NA(),20,1013.25,0,0,0,0,0,9.309991836547852,0,0,0,0,0,0,0,0,0,0,0,0,0,0
224,3,0,1,Night,,132.18756103515625,-42.187564849853516,101.97650909423828,0,0,0,0,8.399896621704102,4.450099945068359,=NA(),0,64.81599426269531,1.4163999557495117,0.34380000829696655,0.08399999886751175,=NA(),20,1013.25,0,0,0,0,0,8.399988174438477,0,0,0,0,0,0,0,0,0,0,0,0,0,0
224,4,0,1,Night,,120.01465606689453,-30.014657974243164,92.23177337646484,0,0,0,0,7.699914455413818,3.8101000785827637,=NA(),0,64.81599426269531,1.4163999557495117,0.34380000829696655,0.08399999886751175,=NA(),20,1013.25,0,0,0,0,0,7.700006008148193,0,0,0,0,0,0,0,0,0,0,0,0,0,0
224,5,0,1,Night,,107.7677001953125,-17.767704010009766,83.78466033935547,0,0,0,0,7.200006008148193,3.420099973678589,=NA(),0,64.81599426269531,1.4163999557495117,0.34380000829696655,0.08399999886751175,=NA(),20,1013.25,0,0,0,0,0,7.200006008148193,0,0,0,0,0,0,0,0,0,0,0,0,0,0
224,6,0,1,Night,Sun below height limit of 1 degrees.,89.64988708496094,0.3501110076904297,71.68666076660156,0,0,0,0,7.400109767913818,3.7699999809265137,=NA(),0,33.15001678466797,1.4163999557495117,0.34380000829696655,0.08399999886751175,=NA(),20,1013.25,0,0,0,0,0,7.399987697601318,0,0,0,0,0,0,0,0,0,0,0,0,0,0
224,7,0,1,Day,,83.86164093017578,6.138361930847168,66.95215606689453,73.802001953125,70.76498413085938,28.402000427246094,0.9588491320610046,7.400109767913818,3.6798999309539795,=NA(),=NA(),8.671692848205566,1.4163999557495117,0.34380000829696655,0.08399999886751175,=NA(),20,1013.25,9.727189064025879,74.93161010742188,103.97999572753906,99.33000183105469,4.650000095367432,11.724390029907227,509.07000732421875,532.4500122070312,532.8018188476562,40.06842041015625,0.8310808539390564,0.8270055055618286,45.638729095458984,0.8800414800643921,0.003015687456354499,0,0.0001003124998533167,0,-23.3800048828125,-0.351806640625
224,8,0,1,Day,,73.09149169921875,16.908504486083984,57.14678955078125,188.89999389648438,171.79806518554688,58.80099868774414,0.9094656705856323,7.920007228851318,3.8201000690460205,=NA(),=NA(),3.4040980339050293,1.4163999557495117,0.34380000829696655,0.08399999886751175,=NA(),20,1013.25,35.92626190185547,44.99961853027344,269.5400085449219,251.41000366210938,18.130001068115234,18.834375381469727,1537.1800537109375,1565.8199462890625,1566.99072265625,40.45215606689453,2.4210433959960938,2.3583436012268066,46.49119186401367,2.5489046573638916,0.008583311922848225,0,0.0004175624926574528,0,-28.639892578125,-1.1707763671875
224,9,0,1,Day,,63.509830474853516,26.490169525146484,45.44924545288086,477.6000061035156,299.7175598144531,398.79998779296875,0.6275493502616882,9.200311660766602,4.229899883270264,=NA(),=NA(),2.2340102195739746,1.4163999557495117,0.34380000829696655,0.08399999886751175,=NA(),20,1013.25,55.03351974487305,38.89437484741211,678.8900146484375,630.4849853515625,48.404998779296875,36.68938446044922,4079.030029296875,3918.93994140625,3924.01953125,38.752620697021484,6.328829765319824,6.204503059387207,45.84971237182617,6.670057773590088,0.022348938509821892,0,0.001017062459141016,0,160.090087890625,-5.07958984375
224,10,0,1,Day,,55.87511444091797,34.12488555908203,31.16310691833496,649.5999755859375,345.3143310546875,542.4000244140625,0.5315799713134766,10.850000381469727,4.319900035858154,=NA(),=NA(),1.7791743278503418,1.4163999557495117,0.34380000829696655,0.08399999886751175,=NA(),20,1013.25,37.365150451660156,45.101707458496094,778.0849609375,730.77001953125,47.31999969482422,42.485618591308594,4652.60986328125,4385.16015625,4391.38916015625,38.00211715698242,7.222355842590332,7.137159824371338,45.344905853271484,7.6197896003723145,0.02564181201159954,0,0.000982312485575676,0,267.44970703125,-6.22900390625
224,11,0,1,Day,,51.11674118041992,38.88325881958008,14.105626106262207,249.1999969482422,241.47885131835938,12.300000190734863,0.9690162539482117,11.350000381469727,4.28000020980835,=NA(),=NA(),1.5908910036087036,1.4163999557495117,0.34380000829696655,0.08399999886751175,=NA(),20,1013.25,16.8155574798584,49.021484375,265.0199890136719,243.30499267578125,21.709999084472656,22.139368057250977,1498.820068359375,1510.219970703125,1510.7447509765625,39.98240661621094,2.361572265625,2.3335092067718506,46.00555419921875,2.4904024600982666,0.008337312377989292,0,0.00044624999281950295,0,-11.39990234375,-0.5247802734375
224,12,0,1,Day,,50.083736419677734,39.916263580322266,355.3696594238281,685.3900146484375,318.2343444824219,572.1900024414062,0.4643113315105438,13.270013809204102,4.29010009765625,=NA(),=NA(),1.5564916133880615,1.4163999557495117,0.34380000829696655,0.08399999886751175,=NA(),20,1013.25,-5.511544227600098,49.86073684692383,732.114990234375,687.0800170898438,45.03499984741211,43.176231384277344,4343.419921875,4083.4599609375,4087.37646484375,37.906654357910156,6.739213466644287,6.726374626159668,45.12713623046875,7.1098456382751465,0.02388756163418293,0,0.0009786875452846289,0,259.9599609375,-3.91650390625
224,13,0,1,Day,,52.99795150756836,37.00204849243164,337.20965576171875,513.7999877929688,314.5295715332031,331.1000061035156,0.6121634244918823,12.800012588500977,4.349999904632568,=NA(),=NA(),1.6590205430984497,1.4163999557495117,0.34380000829696655,0.08399999886751175,=NA(),20,1013.25,-27.203432083129883,47.414215087890625,574.3150024414062,537.0999755859375,37.21500015258789,36.110008239746094,3399.6298828125,3271.489990234375,3276.3759765625,38.734779357910156,5.2865753173828125,5.235052585601807,45.59401321411133,5.572720050811768,0.01875225082039833,0,0.000770999991800636,0,128.139892578125,-4.885986328125
224,14,0,1,Day,,59.269805908203125,30.730194091796875,321.44696044921875,479.010009765625,293.25787353515625,363.510009765625,0.612216591835022,12.999994277954102,4.269999980926514,=NA(),=NA(),1.952155590057373,1.4163999557495117,0.34380000829696655,0.08399999886751175,=NA(),20,1013.25,-46.35341262817383,42.23871612548828,611.6800537109375,568.8699951171875,42.810001373291016,37.844383239746094,3642.6298828125,3485.429931640625,3490.434814453125,38.540306091308594,5.660454750061035,5.55983304977417,45.49342727661133,5.970433235168457,0.020022999495267868,0,0.0008735000155866146,0,157.199951171875,-5.0048828125
224,15,0,1,Day,,67.95176696777344,22.048236846923828,308.4770812988281,117.79000091552734,116.81575775146484,2.5952999591827393,0.9917289614677429,13.520013809204102,3.140000104904175,=NA(),=NA(),2.6493968963623047,1.4163999557495117,0.34380000829696655,0.08399999886751175,=NA(),20,1013.25,-60,35.30509948730469,117.83999633789062,90.625,27.220001220703125,18.433740615844727,623.9400024414062,637.27001953125,631.344482421875,39.768531799316406,0.9918506741523743,0.9259716868400574,45.03327560424805,1.0669920444488525,0.0033052500803023577,0,0.00047681250725872815,0,-13.33001708984375,5.925537109375
224,16,0,1,Day,,78.19570922851562,11.804293632507324,297.7783508300781,112.5,108.3683090209961,20.19700050354004,0.9632738828659058,13.179986953735352,2.5599000453948975,=NA(),=NA(),4.784007549285889,1.4163999557495117,0.34380000829696655,0.08399999886751175,=NA(),20,1013.25,-20.68975067138672,60.17471694946289,143.0749969482422,133.85000610351562,9.219999313354492,19.0256290435791,786.0299682617188,800.9400024414062,800.9017944335938,39.625030517578125,1.2632436752319336,1.2444541454315186,45.341331481933594,1.3362351655960083,0.004526687785983086,0,0.00019062499632127583,0,-14.9100341796875,0.0382080078125
224,17,0,1,Night,Sun above horizon but GHI below 1,86.93296813964844,3.067032814025879,290.4026794433594,0,0,0,0,10.260004043579102,2.610100030899048,=NA(),0,14.924358367919922,1.4163999557495117,0.34380000829696655,0.08399999886751175,=NA(),20,1013.25,0,0,0,0,0,10.260004043579102,0,0,0,0,0,0,0,0,0,0,0,0,0,0
224,18,0,1,Night,,101.50311279296875,-11.503114700317383,280.2391662597656,0,0,0,0,8.179895401000977,2.5899999141693115,=NA(),0,64.81599426269531,1.4163999557495117,0.34380000829696655,0.08399999886751175,=NA(),20,1013.25,0,0,0,0,0,8.179986953735352,0,0,0,0,0,0,0,0,0,0,0,0,0,0
224,19,0,1,Night,,113.66133117675781,-23.661333084106445,271.9944152832031,0,0,0,0,6.170312404632568,2.469899892807007,=NA(),0,64.81599426269531,1.4163999557495117,0.34380000829696655,0.08399999886751175,=NA(),20,1013.25,0,0,0,0,0,6.170007228851318,0,0,0,0,0,0,0,0,0,0,0,0,0,0
224,20,0,1,Night,,125.8980484008789,-35.898048400878906,263.02850341796875,0,0,0,0,4.749688625335693,2.300100088119507,=NA(),0,64.81599426269531,1.4163999557495117,0.34380000829696655,0.08399999886751175,=NA(),20,1013.25,0,0,0,0,0,4.749993801116943,0,0,0,0,0,0,0,0,0,0,0,0,0,0
224,21,0,1,Night,,137.866455078125,-47.866455078125,251.978271484375,0,0,0,0,4.080193996429443,2.109999895095825,=NA(),0,64.81599426269531,1.4163999557495117,0.34380000829696655,0.08399999886751175,=NA(),20,1013.25,0,0,0,0,0,4.080010890960693,0,0,0,0,0,0,0,0,0,0,0,0,0,0
224,22,0,1,Night,,148.91224670410156,-58.91224670410156,236.04917907714844,0,0,0,0,5.119988918304443,1.9700000286102295,=NA(),0,64.81599426269531,1.4163999557495117,0.34380000829696655,0.08399999886751175,=NA(),20,1013.25,0,0,0,0,0,5.119988918304443,0,0,0,0,0,0,0,0,0,0,0,0,0,0
224,23,0,1,Night,,157.34861755371094,-67.34861755371094,209.47120666503906,0,0,0,0,7.219995021820068,1.929900050163269,=NA(),0,64.81599426269531,1.4163999557495117,0.34380000829696655,0.08399999886751175,=NA(),20,1013.25,0,0,0,0,0,7.219995021820068,0,0,0,0,0,0,0,0,0,0,0,0,0,0
225,0,0,1,Night,,159.47036743164062,-69.47036743164062,169.76470947265625,0,0,0,0,7.459893703460693,1.8799999952316284,=NA(),0,64.81599426269531,1.4163999557495117,0.34380000829696655,0.08399999886751175,=NA(),20,1013.25,0,0,0,0,0,7.459985256195068,0,0,0,0,0,0,0,0,0,0,0,0,0,0
225,1,0,1,Night,,153.67709350585938,-63.677093505859375,135.66590881347656,0,0,0,0,6.969995021820068,1.7999999523162842,=NA(),0,64.81599426269531,1.4163999557495117,0.34380000829696655,0.08399999886751175,=NA(),20,1013.25,0,0,0,0,0,6.969995021820068,0,0,0,0,0,0,0,0,0,0,0,0,0,0
225,2,0,1,Night,,143.61502075195312,-53.61502456665039,115.2873306274414,0,0,0,0,6.999902248382568,1.7100000381469727,=NA(),0,64.81599426269531,1.4163999557495117,0.34380000829696655,0.08399999886751175,=NA(),20,1013.25,0,0,0,0,0,6.999993801116943,0,0,0,0,0,0,0,0,0,0,0,0,0,0
225,3,0,1,Night,,131.98480224609375,-41.98480224609375,102.28189849853516,0,0,0,0,6.559808254241943,1.5801000595092773,=NA(),0,64.81599426269531,1.4163999557495117,0.34380000829696655,0.08399999886751175,=NA(),20,1013.25,0,0,0,0,0,6.559991359710693,0,0,0,0,0,0,0,0,0,0,0,0,0,0
225,4,0,1,Night,,119.81941986083984,-29.819416046142578,92.50098419189453,0,0,0,0,6.969995021820068,1.350100040435791,=NA(),0,64.81599426269531,1.4163999557495117,0.34380000829696655,0.08399999886751175,=NA(),20,1013.25,0,0,0,0,0,6.969995021820068,0,0,0,0,0,0,0,0,0,0,0,0,0,0
225,5,0,1,Night,,107.57076263427734,-17.57076072692871,84.02806854248047,0,0,0,0,7.100305080413818,0.9900000095367432,=NA(),0,64.81599426269531,1.4163999557495117,0.34380000829696655,0.08399999886751175,=NA(),20,1013.25,0,0,0,0,0,7.099999904632568,0,0,0,0,0,0,0,0,0,0,0,0,0,0
225,6,0,1,Night,Sun below height limit of 1 degrees.,89.5598373413086,0.44016024470329285,71.98399353027344,0,0,0,0,7.100305080413818,0.6600000262260437,=NA(),0,32.05549240112305,1.4163999557495117,0.34380000829696655,0.08399999886751175,=NA(),20,1013.25,0,0,0,0,0,7.099999904632568,0,0,0,0,0,0,0,0,0,0,0,0,0,0
225,7,0,1,Day,,83.64432525634766,6.355674743652344,67.16307830810547,48.19200134277344,47.794532775878906,3.5905001163482666,0.9917523860931396,7.600213527679443,0.6301000118255615,=NA(),=NA(),8.414124488830566,1.4163999557495117,0.34380000829696655,0.08399999886751175,=NA(),20,1013.25,10.069265365600586,74.38700866699219,57.025001525878906,53.29999923706055,3.7199997901916504,9.958124160766602,288.739990234375,304.4599914550781,304.15997314453125,39.60079574584961,0.48004141449928284,0.4764646291732788,44.97079849243164,0.5132103562355042,0.0017393125453963876,0,0.0000794375009718351,0,-15.720001220703125,0.300018310546875
225,8,0,1,Day,,72.85072326660156,17.149276733398438,57.34141159057617,114.70999908447266,113.17388153076172,5.20959997177124,0.9866086840629578,9.430292129516602,2.079900026321411,=NA(),=NA(),3.358747720718384,1.4163999557495117,0.34380000829696655,0.08399999886751175,=NA(),20,1013.25,36.66279220581055,44.202491760253906,128.85000610351562,114.27499389648438,14.574999809265137,14.738763809204102,688.6500244140625,712.260009765625,710.888427734375,40.19937515258789,1.1050950288772583,1.0595003366470337,45.712276458740234,1.1736716032028198,0.0038226875476539135,0,0.0003338750102557242,0,-23.6099853515625,1.37158203125
225,9,0,1,Day,,63.24431228637695,26.755687713623047,45.616546630859375,364.1099853515625,270.51611328125,207.89999389648438,0.7429516315460205,11.809991836547852,3.100100040435791,=NA(),=NA(),2.2136383056640625,1.4163999557495117,0.34380000829696655,0.08399999886751175,=NA(),20,1013.25,54.799015045166016,38.65056610107422,484.82501220703125,440.81500244140625,44.00499725341797,31.475610733032227,2862.2900390625,2796.469970703125,2799.301025390625,39.27700424194336,4.454536437988281,4.334191799163818,45.89042282104492,4.696044921875,0.015570749528706074,0,0.0009176874882541597,0,65.820068359375,-2.8310546875
225,10,0,1,Day,,55.585330963134766,34.414669036865234,31.278400421142578,594.1099853515625,313.72503662109375,496.1000061035156,0.5280588269233704,13.760004043579102,3.900099992752075,=NA(),=NA(),1.7660883665084839,1.4163999557495117,0.34380000829696655,0.08399999886751175,=NA(),20,1013.25,37.15673065185547,44.83466720581055,710.2050170898438,666.9199829101562,43.28499984741211,42.64562225341797,4243.5498046875,3996.47998046875,4002.10791015625,37.95354080200195,6.590536117553711,6.512975215911865,45.1522102355957,6.955616474151611,0.0234005618840456,0,0.0008986875182017684,0,247.06982421875,-5.6279296875
225,11,0,1,Day,,50.812259674072266,39.187740325927734,14.133393287658691,314.4100036621094,290.2052001953125,38.30699920654297,0.9230151772499084,14.820001602172852,4.570000171661377,=NA(),=NA(),1.580541729927063,1.4163999557495117,0.34380000829696655,0.08399999886751175,=NA(),20,1013.25,16.674291610717773,48.7307243347168,336.5350036621094,310.92999267578125,25.604999542236328,28.5256290435791,1932.3199462890625,1905.8900146484375,1907.2784423828125,39.334041595458984,3.0305819511413574,3.001681327819824,45.58907699584961,3.19581937789917,0.010707000270485878,0,0.0005305000231601298,0,26.429931640625,-1.388427734375
225,12,0,1,Day,,49.784751892089844,40.215248107910156,355.2876892089844,638.2899780273438,305.52276611328125,515.3900146484375,0.4786582589149475,16.050012588500977,5.0100998878479,=NA(),=NA(),1.5469030141830444,1.4163999557495117,0.34380000829696655,0.08399999886751175,=NA(),20,1013.25,-5.549577236175537,49.55622863769531,681.8599853515625,639.8599853515625,42,43.928733825683594,4042.639892578125,3790.0400390625,3793.55908203125,37.77919006347656,6.275875568389893,6.2648162841796875,44.89540481567383,6.623658657073975,0.02224762551486492,0,0.0009126249933615327,0,252.599853515625,-3.51904296875
225,13,0,1,Day,,52.72597122192383,37.27402877807617,337.03466796875,683.9099731445312,338.0299072265625,571.1099853515625,0.4942608177661896,15.770013809204102,5.189899921417236,=NA(),=NA(),1.648702621459961,1.4163999557495117,0.34380000829696655,0.08399999886751175,=NA(),20,1013.25,-27.142301559448242,47.11138153076172,772.125,725.9849853515625,46.13500213623047,47.30937957763672,4607.77001953125,4271.580078125,4277.142578125,37.35429763793945,7.156402111053467,7.102540969848633,44.704227447509766,7.560376167297363,0.025404438376426697,0,0.0009644374949857593,0,336.18994140625,-5.5625
225,14,0,1,Day,,59.03515625,30.964841842651367,321.21844482421875,120.69999694824219,119.71862030029297,1.9074000120162964,0.9918692708015442,15.089990615844727,5.029900074005127,=NA(),=NA(),1.9389045238494873,1.4163999557495117,0.34380000829696655,0.08399999886751175,=NA(),20,1013.25,-46.229801177978516,41.94694137573242,118.7249984741211,97.92500305175781,20.799999237060547,20.043115615844727,623.239990234375,633,629.6204833984375,39.42277908325195,0.9978688955307007,0.9362513422966003,44.808353424072266,1.067608118057251,0.003365312470123172,0,0.00041274999966844916,0,-9.760009765625,3.3795166015625
225,15,0,1,Day,,67.7535400390625,22.246456146240234,308.2254943847656,335.4100036621094,247.53515625,232.11000061035156,0.738007664680481,15.600000381469727,3.7100000381469727,=NA(),=NA(),2.6272692680358887,1.4163999557495117,0.34380000829696655,0.08399999886751175,=NA(),20,1013.25,-60,35.01637649536133,514.4949951171875,469.34002685546875,45.165000915527344,36.52812957763672,3034.179931640625,2915.050048828125,2918.859375,38.61072540283203,4.724931240081787,4.612707614898682,45.33313751220703,4.986040115356445,0.016675062477588654,0,0.0007844999781809747,0,119.1298828125,-3.809326171875
225,16,0,1,Day,,78.0279312133789,11.97206974029541,297.51708984375,118.01000213623047,113.07097625732422,23.809999465942383,0.958147406578064,14.399988174438477,2.7300000190734863,=NA(),=NA(),4.720853328704834,1.4163999557495117,0.34380000829696655,0.08399999886751175,=NA(),20,1013.25,-20.98072624206543,59.71355056762695,151.79000854492188,142.19000244140625,9.600000381469727,20.589380264282227,836.969970703125,848.22998046875,849.1573486328125,39.43451690673828,1.3458281755447388,1.326307773590088,45.232032775878906,1.4214917421340942,0.004811875056475401,0,0.00019818749569822103,0,-11.260009765625,-0.9273681640625
225,17,0,1,Night,Sun above horizon but GHI below 1,86.86054992675781,3.139451026916504,290.0788269042969,0,0,0,0,11.779993057250977,2.7701001167297363,=NA(),0,14.685776710510254,1.4163999557495117,0.34380000829696655,0.08399999886751175,=NA(),20,1013.25,0,0,0,0,0,11.779993057250977,0,0,0,0,0,0,0,0,0,0,0,0,0,0
225,18,0,1,Night,,101.37088012695312,-11.370877265930176,279.9567565917969,0,0,0,0,9.030115127563477,2.9000000953674316,=NA(),0,64.81599426269531,1.4163999557495117,0.34380000829696655,0.08399999886751175,=NA(),20,1013.25,0,0,0,0,0,9.029993057250977,0,0,0,0,0,0,0,0,0,0,0,0,0,0
225,19,0,1,Night,,113.53541564941406,-23.535419464111328,271.68890380859375,0,0,0,0,6.279992580413818,2.8798999786376953,=NA(),0,64.81599426269531,1.4163999557495117,0.34380000829696655,0.08399999886751175,=NA(),20,1013.25,0,0,0,0,0,6.279992580413818,0,0,0,0,0,0,0,0,0,0,0,0,0,0
225,20,0,1,Night,,125.76871490478516,-35.768714904785156,262.68475341796875,0,0,0,0,6.059899806976318,2.809999942779541,=NA(),0,64.81599426269531,1.4163999557495117,0.34380000829696655,0.08399999886751175,=NA(),20,1013.25,0,0,0,0,0,6.059991359710693,0,0,0,0,0,0,0,0,0,0,0,0,0,0
225,21,0,1,Night,,137.71983337402344,-47.71984100341797,251.5761260986328,0,0,0,0,4.479791164398193,2.719899892807007,=NA(),0,64.81599426269531,1.4163999557495117,0.34380000829696655,0.08399999886751175,=NA(),20,1013.25,0,0,0,0,0,4.480004787445068,0,0,0,0,0,0,0,0,0,0,0,0,0,0
225,22,0,1,Night,,148.72488403320312,-58.724884033203125,235.5782012939453,0,0,0,0,3.6401915550231934,2.5799999237060547,=NA(),0,64.81599426269531,1.4163999557495117,0.34380000829696655,0.08399999886751175,=NA(),20,1013.25,0,0,0,0,0,3.6400084495544434,0,0,0,0,0,0,0,0,0,0,0,0,0,0
225,23,0,1,Night,,157.08909606933594,-67.08909606933594,209.0445556640625,0,0,0,0,3.4002013206481934,2.3801000118255615,=NA(),0,64.81599426269531,1.4163999557495117,0.34380000829696655,0.08399999886751175,=NA(),20,1013.25,0,0,0,0,0,3.3999876976013184,0,0,0,0,0,0,0,0,0,0,0,0,0,0
226,0,0,1,Night,,159.16261291503906,-69.1626205444336,169.77366638183594,0,0,0,0,2.5400023460388184,2.130000114440918,=NA(),0,64.81599426269531,1.4163999557495117,0.34380000829696655,0.08399999886751175,=NA(),20,1013.25,0,0,0,0,0,2.5400023460388184,0,0,0,0,0,0,0,0,0,0,0,0,0,0
226,1,0,1,Night,,153.4053955078125,-63.405391693115234,135.9911346435547,0,0,0,0,2.3000121116638184,1.809999942779541,=NA(),0,64.81599426269531,1.4163999557495117,0.34380000829696655,0.08399999886751175,=NA(),20,1013.25,0,0,0,0,0,2.3000121116638184,0,0,0,0,0,0,0,0,0,0,0,0,0,0
226,2,0,1,Night,,143.38523864746094,-53.38523864746094,115.6322021484375,0,0,0,0,1.600000023841858,1.500100016593933,=NA(),0,64.81599426269531,1.4163999557495117,0.34380000829696655,0.08399999886751175,=NA(),20,1013.25,0,0,0,0,0,1.600000023841858,0,0,0,0,0,0,0,0,0,0,0,0,0,0
226,3,0,1,Night,,131.7772979736328,-41.77730178833008,102.58783721923828,0,0,0,0,1.239709496498108,1.350100040435791,=NA(),0,64.81599426269531,1.4163999557495117,0.34380000829696655,0.08399999886751175,=NA(),20,1013.25,0,0,0,0,0,1.240014672279358,0,0,0,0,0,0,0,0,0,0,0,0,0,0
226,4,0,1,Night,,119.62015533447266,-29.62015151977539,92.77143859863281,0,0,0,0,0.4299865663051605,1.51010000705719,=NA(),0,64.81599426269531,1.4163999557495117,0.34380000829696655,0.08399999886751175,=NA(),20,1013.25,0,0,0,0,0,0.4299865663051605,0,0,0,0,0,0,0,0,0,0,0,0,0,0
226,5,0,1,Night,,107.37065124511719,-17.370651245117188,84.27298736572266,0,0,0,0,0.6002136468887329,1.809999942779541,=NA(),0,64.81599426269531,1.4163999557495117,0.34380000829696655,0.08399999886751175,=NA(),20,1013.25,0,0,0,0,0,0.6000000238418579,0,0,0,0,0,0,0,0,0,0,0,0,0,0
226,6,0,1,Night,Sun below height limit of 1 degrees.,89.46064758300781,0.5393503904342651,72.28799438476562,0,0,0,0,0.6799865961074829,1.8301000595092773,=NA(),0,30.909320831298828,1.4163999557495117,0.34380000829696655,0.08399999886751175,=NA(),20,1013.25,0,0,0,0,0,0.6799865961074829,0,0,0,0,0,0,0,0,0,0,0,0,0,0
226,7,0,1,Day,,83.41932678222656,6.580671310424805,67.3757095336914,74.19200134277344,71.51134490966797,23.391000747680664,0.9638686776161194,0.9598022699356079,2.0999999046325684,=NA(),=NA(),8.16243839263916,1.4163999557495117,0.34380000829696655,0.08399999886751175,=NA(),20,1013.25,10.42442798614502,73.82185363769531,102.73500061035156,97.91500091552734,4.820000171661377,5.184991359710693,515.7799682617188,551.52001953125,552.10888671875,41.03297424316406,0.8409529328346252,0.8365830183029175,46.574337005615234,0.8884459733963013,0.0030514374375343323,0,0.00010343750182073563,0,-35.74005126953125,-0.5888671875
226,8,0,1,Day,,72.60436248779297,17.3956356048584,57.53767013549805,259.3999938964844,207.9475860595703,172.10000610351562,0.8016483783721924,4.070306301116943,1.2700999975204468,=NA(),=NA(),3.31362247467041,1.4163999557495117,0.34380000829696655,0.08399999886751175,=NA(),20,1013.25,37.44088363647461,43.37599182128906,419.89501953125,399.05999755859375,20.829999923706055,20.951257705688477,2461.6298828125,2489.030029296875,2492.5078125,40.59000015258789,3.837965965270996,3.762030601501465,47.00901412963867,4.034592628479004,0.01373937539756298,0,0.0004871874989476055,0,-27.400146484375,-3.477783203125
226,9,0,1,Day,,62.97360610961914,27.02639389038086,45.785118103027344,487.989990234375,302.826171875,407.489990234375,0.6205581426620483,7.259912014007568,1.8301000595092773,=NA(),=NA(),2.1932926177978516,1.4163999557495117,0.34380000829696655,0.08399999886751175,=NA(),20,1013.25,54.56004333496094,38.40371322631836,690.550048828125,642.0650024414062,48.48500061035156,35.181236267089844,4149.4501953125,4006.72998046875,4011.7705078125,38.96446228027344,6.435183048248291,6.310529708862305,46.0758171081543,6.777237892150879,0.022746000438928604,0,0.0010191875044256449,0,142.72021484375,-5.04052734375
226,10,0,1,Day,,55.29068374633789,34.70931625366211,31.393936157226562,573.8099975585938,305.95233154296875,470.4100036621094,0.5331944823265076,11.589990615844727,2.079900026321411,=NA(),=NA(),1.7530235052108765,1.4163999557495117,0.34380000829696655,0.08399999886751175,=NA(),20,1013.25,36.94469451904297,44.56420135498047,684.1500244140625,642.1949462890625,41.95500183105469,39.362510681152344,4085.1201171875,3889.949951171875,3894.946533203125,38.388912200927734,6.341315269470215,6.266671180725098,45.50684356689453,6.686822891235352,0.022530000656843185,0,0.0008706874796189368,0,195.170166015625,-4.99658203125
226,11,0,1,Day,,50.503173828125,39.496826171875,14.159385681152344,680,318.9226379394531,567.7000122070312,0.4690038859844208,13.689996719360352,2.2699999809265137,=NA(),=NA(),1.5702173709869385,1.4163999557495117,0.34380000829696655,0.08399999886751175,=NA(),20,1013.25,16.529911041259766,48.43607711791992,740.4150390625,695.6400146484375,44.775001525878906,43.925010681152344,4407.490234375,4133.25,4136.9931640625,37.81312942504883,6.837898254394531,6.809940338134766,45.05817794799805,7.21265172958374,0.024279499426484108,0,0.000950500019825995,0,274.240234375,-3.7431640625
226,12,0,1,Day,,49.48186492919922,40.51813507080078,355.201416015625,308.6099853515625,288.2045593261719,31.408000946044922,0.933879554271698,14.790002822875977,2.490000009536743,=NA(),=NA(),1.5373508930206299,1.4163999557495117,0.34380000829696655,0.08399999886751175,=NA(),20,1013.25,-5.5904459953308105,49.247440338134766,331.39501953125,308.1549987792969,23.239999771118164,28.3118839263916,1899.989990234375,1875.3299560546875,1875.5360107421875,39.37430191040039,2.9770944118499756,2.9656262397766113,45.58833312988281,3.141284704208374,0.010550124570727348,0,0.0005044999998062849,0,24.6600341796875,-0.2060546875
226,13,0,1,Day,,52.45111846923828,37.54888153076172,336.85400390625,666.3099975585938,327.21258544921875,556.4099731445312,0.4910815954208374,14.920007705688477,2.639899969100952,=NA(),=NA(),1.6384419202804565,1.4163999557495117,0.34380000829696655,0.08399999886751175,=NA(),20,1013.25,-27.083477020263672,46.803924560546875,752.1600341796875,707.27001953125,44.88999938964844,45.620628356933594,4488.68017578125,4185.14013671875,4189.92724609375,37.579734802246094,6.968418598175049,6.916328430175781,44.87287139892578,7.357290267944336,0.024752749130129814,0,0.0009384999866597354,0,303.5400390625,-4.787109375
226,14,0,1,Day,,58.79882049560547,31.201181411743164,320.98406982421875,537.7100219726562,305.7762451171875,447.7099914550781,0.5686638355255127,16.1199893951416,2.719899892807007,=NA(),=NA(),1.9257702827453613,1.4163999557495117,0.34380000829696655,0.08399999886751175,=NA(),20,1013.25,-46.10788345336914,41.65047836303711,693.4949951171875,648.0850219726562,45.40999984741211,44.391258239746094,4146.27978515625,3881.280029296875,3886.57177734375,37.711212158203125,6.441448211669922,6.338282585144043,44.88298416137695,6.802373886108398,0.02281862497329712,0,0.0009287500288337469,0,264.999755859375,-5.291748046875
226,15,0,1,Day,,67.55416870117188,22.44582748413086,307.9684753417969,100.29000091552734,99.60717010498047,1.7884000539779663,0.9931914210319519,15.740015029907227,2.130000114440918,=NA(),=NA(),2.60541033744812,1.4163999557495117,0.34380000829696655,0.08399999886751175,=NA(),20,1013.25,-60,34.72330093383789,97.41500091552734,73.73500061035156,23.684999465942383,19.821252822875977,508.33001708984375,516.8300170898438,511.4516906738281,39.290313720703125,0.8132272958755493,0.7570000290870667,44.49681854248047,0.8784967660903931,0.0026939373929053545,0,0.00041649999911896884,0,-8.5,5.378326416015625
226,16,0,1,Day,,77.85924530029297,12.140753746032715,297.25091552734375,27.700000762939453,27.65772819519043,0.20100000500679016,0.9984739422798157,14.129999160766602,2.0701000690460205,=NA(),=NA(),4.659018516540527,1.4163999557495117,0.34380000829696655,0.08399999886751175,=NA(),20,1013.25,-21.273794174194336,59.247982025146484,29.020000457763672,26.28499984741211,2.7350001335144043,15.337488174438477,144.66000366210938,149.83999633789062,149.82467651367188,37.69012451171875,0.24844080209732056,0.24299758672714233,43.06597137451172,0.2693217396736145,0.0008951874915510416,0,0.000055812499340390787,0,-5.17999267578125,0.01531982421875
226,17,0,1,Night,Sun above horizon but GHI below 1,86.78962707519531,3.2103731632232666,289.74786376953125,0,0,0,0,11.619989395141602,2.2100000381469727,=NA(),0,14.458701133728027,1.4163999557495117,0.34380000829696655,0.08399999886751175,=NA(),20,1013.25,0,0,0,0,0,11.619989395141602,0,0,0,0,0,0,0,0,0,0,0,0,0,0
226,18,0,1,Night,,101.23863220214844,-11.238630294799805,279.6700744628906,0,0,0,0,8.429803848266602,2.200000047683716,=NA(),0,64.81599426269531,1.4163999557495117,0.34380000829696655,0.08399999886751175,=NA(),20,1013.25,0,0,0,0,0,8.429986953735352,0,0,0,0,0,0,0,0,0,0,0,0,0,0
226,19,0,1,Night,,113.40904235839844,-23.409038543701172,271.3790588378906,0,0,0,0,5.310113430023193,2.1698999404907227,=NA(),0,64.81599426269531,1.4163999557495117,0.34380000829696655,0.08399999886751175,=NA(),20,1013.25,0,0,0,0,0,5.309991359710693,0,0,0,0,0,0,0,0,0,0,0,0,0,0
226,20,0,1,Night,,125.63858795166016,-35.638587951660156,262.3365783691406,0,0,0,0,4.340203762054443,2.1401000022888184,=NA(),0,64.81599426269531,1.4163999557495117,0.34380000829696655,0.08399999886751175,=NA(),20,1013.25,0,0,0,0,0,4.339990139007568,0,0,0,0,0,0,0,0,0,0,0,0,0,0
226,21,0,1,Night,,137.57151794433594,-47.57151794433594,251.1696014404297,0,0,0,0,3.3496947288513184,2.0601000785827637,=NA(),0,64.81599426269531,1.4163999557495117,0.34380000829696655,0.08399999886751175,=NA(),20,1013.25,0,0,0,0,0,3.3499999046325684,0,0,0,0,0,0,0,0,0,0,0,0,0,0
226,22,0,1,Night,,148.53469848632812,-58.534690856933594,235.10391235351562,0,0,0,0,3.4200987815856934,1.839900016784668,=NA(),0,64.81599426269531,1.4163999557495117,0.34380000829696655,0.08399999886751175,=NA(),20,1013.25,0,0,0,0,0,3.4200072288513184,0,0,0,0,0,0,0,0,0,0,0,0,0,0
226,23,0,1,Night,,156.8258514404297,-66.82585144042969,208.61749267578125,0,0,0,0,2.6397032737731934,1.5700000524520874,=NA(),0,64.81599426269531,1.4163999557495117,0.34380000829696655,0.08399999886751175,=NA(),20,1013.25,0,0,0,0,0,2.6400084495544434,0,0,0,0,0,0,0,0,0,0,0,0,0,0
227,0,0,1,Night,,158.85061645507812,-68.8506088256836,169.7773895263672,0,0,0,0,2.1198973655700684,1.4399000406265259,=NA(),0,64.81599426269531,1.4163999557495117,0.34380000829696655,0.08399999886751175,=NA(),20,1013.25,0,0,0,0,0,2.1199889183044434,0,0,0,0,0,0,0,0,0,0,0,0,0,0
227,1,0,1,Night,,153.12835693359375,-63.12835693359375,136.3108367919922,0,0,0,0,1.239709496498108,1.399999976158142,=NA(),0,64.81599426269531,1.4163999557495117,0.34380000829696655,0.08399999886751175,=NA(),20,1013.25,0,0,0,0,0,1.240014672279358,0,0,0,0,0,0,0,0,0,0,0,0,0,0
227,2,0,1,Night,,143.14996337890625,-53.14996337890625,115.97559356689453,0,0,0,0,0.9499145746231079,1.4800000190734863,=NA(),0,64.81599426269531,1.4163999557495117,0.34380000829696655,0.08399999886751175,=NA(),20,1013.25,0,0,0,0,0,0.9500061273574829,0,0,0,0,0,0,0,0,0,0,0,0,0,0
227,3,0,1,Night,,131.5645294189453,-41.56452560424805,102.89414978027344,0,0,0,0,0.7796875238418579,1.6200000047683716,=NA(),0,64.81599426269531,1.4163999557495117,0.34380000829696655,0.08399999886751175,=NA(),20,1013.25,0,0,0,0,0,0.7799926996231079,0,0,0,0,0,0,0,0,0,0,0,0,0,0
227,4,0,1,Night,,119.41560363769531,-29.415603637695312,93.04302215576172,0,0,0,0,0.10030517727136612,1.7799999713897705,=NA(),0,64.81599426269531,1.4163999557495117,0.34380000829696655,0.08399999886751175,=NA(),20,1013.25,0,0,0,0,0,0.10000000149011612,0,0,0,0,0,0,0,0,0,0,0,0,0,0
227,5,0,1,Night,,107.16515350341797,-17.165151596069336,84.51936340332031,0,0,0,0,-0.3696960508823395,1.9198999404907227,=NA(),0,64.81599426269531,1.4163999557495117,0.34380000829696655,0.08399999886751175,=NA(),20,1013.25,0,0,0,0,0,-0.3700012266635895,0,0,0,0,0,0,0,0,0,0,0,0,0,0
227,6,0,1,Night,Sun below height limit of 1 degrees.,89.36499786376953,0.6350045800209045,72.59143829345703,0.2930000126361847,0.2930000126361847,0,1,-0.18021240830421448,1.8799999952316284,=NA(),0,29.860231399536133,1.4163999557495117,0.34380000829696655,0.08399999886751175,=NA(),20,1013.25,0,0,0,0,0,-0.17999878525733948,0,0,0,0,0,0,0,0,0,0,0,0,0,0
227,7,0,1,Day,,83.1929702758789,6.807028293609619,67.5899887084961,84.29199981689453,80.13246154785156,35.09400177001953,0.9506532549858093,0.17009887099266052,2.6201000213623047,=NA(),=NA(),7.923414707183838,1.4163999557495117,0.34380000829696655,0.08399999886751175,=NA(),20,1013.25,10.782334327697754,73.25192260742188,120.74500274658203,115.5050048828125,5.244999885559082,5.124993801116943,612.4500122070312,654.4299926757812,655.2263793945312,41.26665115356445,0.9923660755157471,0.987346351146698,46.854408264160156,1.0465822219848633,0.0036038749385625124,0,0.00011249999806750566,0,-41.97998046875,-0.79638671875
227,8,0,1,Day,,72.35479736328125,17.645204544067383,57.735530853271484,318.29998779296875,237.76051330566406,265.70001220703125,0.7469699382781982,3.6700987815856934,2.6298999786376953,=NA(),=NA(),3.269174337387085,1.4163999557495117,0.34380000829696655,0.08399999886751175,=NA(),20,1013.25,38.25550842285156,42.52680587768555,543.5,520.3150024414062,23.185001373291016,25.518762588500977,3222.7900390625,3210.93994140625,3216.352294921875,40.14741516113281,5.007162570953369,4.920618534088135,46.8779411315918,5.265223503112793,0.01797918789088726,0,0.000545812479685992,0,11.85009765625,-5.412353515625
227,9,0,1,Day,,62.699073791503906,27.300928115844727,45.9549446105957,454.20001220703125,285.9162292480469,366.8999938964844,0.6294941306114197,6.339807033538818,3.5701000690460205,=NA(),=NA(),2.1730844974517822,1.4163999557495117,0.34380000829696655,0.08399999886751175,=NA(),20,1013.25,54.318214416503906,38.154396057128906,637.1199951171875,591.3349609375,45.78499984741211,32.06499481201172,3818.389892578125,3724.639892578125,3728.777587890625,39.36127853393555,5.920926094055176,5.802558898925781,46.32851028442383,6.230966567993164,0.020929938182234764,0,0.0009599375189282,0,93.75,-4.1376953125
227,10,0,1,Day,,54.99186325073242,35.00813674926758,31.509716033935547,599.2000122070312,312.5257263183594,499.70001220703125,0.5215716361999512,11.309991836547852,4.159900188446045,=NA(),=NA(),1.7400151491165161,1.4163999557495117,0.34380000829696655,0.08399999886751175,=NA(),20,1013.25,36.729793548583984,44.29076385498047,714.8049926757812,671.6099853515625,43.189998626708984,40.35875701904297,4272.6201171875,4055.25,4059.45703125,38.279579162597656,6.628030300140381,6.553335189819336,45.46067428588867,6.989257335662842,0.023566188290715218,0,0.0008978749974630773,0,217.3701171875,-4.20703125
227,11,0,1,Day,,50.1900520324707,39.8099479675293,14.18358325958252,665.0900268554688,310.4657897949219,553.8900146484375,0.4668026566505432,14.700006484985352,4.739999771118164,=NA(),=NA(),1.559940218925476,1.4163999557495117,0.34380000829696655,0.08399999886751175,=NA(),20,1013.25,16.382801055908203,48.13806915283203,724.0350341796875,680.3300170898438,43.70500183105469,44.290611267089844,4310.64990234375,4037.110107421875,4039.63232421875,37.76631164550781,6.6852498054504395,6.657205581665039,44.96913146972656,7.051732540130615,0.02375200018286705,0,0.0009279375080950558,0,273.539794921875,-2.522216796875
227,12,0,1,Day,,49.17561721801758,40.82438278198242,355.11090087890625,702.1900024414062,318.9072265625,586.2899780273438,0.4541608691215515,15.929986953735352,5.199999809265137,=NA(),=NA(),1.527854561805725,1.4163999557495117,0.34380000829696655,0.08399999886751175,=NA(),20,1013.25,-5.6341352462768555,48.93489456176758,750.0650024414062,704.0549926757812,46.01000213623047,46.67937469482422,4455.10986328125,4138.64990234375,4139.94921875,37.46880340576172,6.905662536621094,6.896129608154297,44.7219123840332,7.287345886230469,0.024500999599695206,0,0.0009998125024139881,0,316.4599609375,-1.29931640625
227,13,0,1,Day,,52.173946380615234,37.826053619384766,336.66748046875,202.80999755859375,199.61776733398438,5.2052998542785645,0.9842600226402283,16.1400089263916,5.230000019073486,=NA(),=NA(),1.6282602548599243,1.4163999557495117,0.34380000829696655,0.08399999886751175,=NA(),20,1013.25,-27.027328491210938,46.49228286743164,211.05499267578125,189.68499755859375,21.365001678466797,24.806238174438477,1174.93994140625,1173.3499755859375,1171.55810546875,39.40053939819336,1.858351230621338,1.8102189302444458,45.23000717163086,1.9686806201934814,0.006517437286674976,0,0.00042550000944174826,0,1.5899658203125,1.7918701171875
227,14,0,1,Day,,58.56081008911133,31.439189910888672,320.7437438964844,320.30999755859375,276.9097900390625,83.20700073242188,0.8645055890083313,15.279993057250977,4.71999979019165,=NA(),=NA(),1.9127538204193115,1.4163999557495117,0.34380000829696655,0.08399999886751175,=NA(),20,1013.25,-45.987648010253906,41.34934616088867,365.7449951171875,325.33001708984375,40.415000915527344,30.240625381469727,2095.31005859375,2054.830078125,2055.049560546875,39.21213150024414,3.2755181789398193,3.159914016723633,45.501705169677734,3.456498146057129,0.011349374428391457,0,0.0008096250239759684,0,40.47998046875,-0.219482421875
227,15,0,1,Day,,67.35395812988281,22.64604377746582,307.7060546875,173.10000610351562,167.6732940673828,14.093999862670898,0.9686498641967773,15.659997940063477,2.95989990234375,=NA(),=NA(),2.583850383758545,1.4163999557495117,0.34380000829696655,0.08399999886751175,=NA(),20,1013.25,-60,34.426021575927734,188.739990234375,151.65499877929688,37.09000015258789,23.472497940063477,1034.6500244140625,1037.9200439453125,1032.5037841796875,39.62688064575195,1.6280179023742676,1.5424914360046387,45.191978454589844,1.7383177280426025,0.005490187555551529,0,0.0006523749907501042,0,-3.27001953125,5.416259765625
227,16,0,1,Day,,77.6902084350586,12.30978775024414,296.9799499511719,44.30400085449219,44.1758918762207,0.6008999943733215,0.9971083998680115,14.279993057250977,2.8299999237060547,=NA(),=NA(),4.5986647605896,1.4163999557495117,0.34380000829696655,0.08399999886751175,=NA(),20,1013.25,-21.567874908447266,58.77947998046875,46.459999084472656,42.06500244140625,4.395000457763672,16.2031192779541,239.1300048828125,246.6999969482422,246.7017059326172,38.32468032836914,0.4023105800151825,0.3934931457042694,43.766361236572266,0.4313189685344696,0.0014329999685287476,0,0.00008943749708123505,0,-7.5699920654296875,-0.001708984375
227,17,0,1,Night,Sun above horizon but GHI below 1,86.71333312988281,3.2866673469543457,289.417236328125,0,0,0,0,12.580011367797852,3.0799999237060547,=NA(),0,14.221440315246582,1.4163999557495117,0.34380000829696655,0.08399999886751175,=NA(),20,1013.25,0,0,0,0,0,12.580011367797852,0,0,0,0,0,0,0,0,0,0,0,0,0,0
227,18,0,1,Night,,101.10572052001953,-11.105722427368164,279.37908935546875,0,0,0,0,8.949701309204102,3.170099973678589,=NA(),0,64.81599426269531,1.4163999557495117,0.34380000829696655,0.08399999886751175,=NA(),20,1013.25,0,0,0,0,0,8.950006484985352,0,0,0,0,0,0,0,0,0,0,0,0,0,0
227,19,0,1,Night,,113.28138732910156,-23.281387329101562,271.06500244140625,0,0,0,0,9.070001602172852,3.2899999618530273,=NA(),0,64.81599426269531,1.4163999557495117,0.34380000829696655,0.08399999886751175,=NA(),20,1013.25,0,0,0,0,0,9.070001602172852,0,0,0,0,0,0,0,0,0,0,0,0,0,0
227,20,0,1,Night,,125.50689697265625,-35.506893157958984,261.9841003417969,0,0,0,0,8.199792861938477,3.3598999977111816,=NA(),0,64.81599426269531,1.4163999557495117,0.34380000829696655,0.08399999886751175,=NA(),20,1013.25,0,0,0,0,0,8.200006484985352,0,0,0,0,0,0,0,0,0,0,0,0,0,0
227,21,0,1,Night,,137.4210968017578,-47.42109298706055,250.7588653564453,0,0,0,0,7.769708156585693,3.4800000190734863,=NA(),0,64.81599426269531,1.4163999557495117,0.34380000829696655,0.08399999886751175,=NA(),20,1013.25,0,0,0,0,0,7.770013332366943,0,0,0,0,0,0,0,0,0,0,0,0,0,0
227,22,0,1,Night,,148.3416290283203,-58.34162521362305,234.62657165527344,0,0,0,0,4.760308742523193,3.5399999618530273,=NA(),0,64.81599426269531,1.4163999557495117,0.34380000829696655,0.08399999886751175,=NA(),20,1013.25,0,0,0,0,0,4.760003566741943,0,0,0,0,0,0,0,0,0,0,0,0,0,0
227,23,0,1,Night,,156.5589599609375,-66.5589599609375,208.1903076171875,0,0,0,0,4.269708156585693,3.4000000953674316,=NA(),0,64.81599426269531,1.4163999557495117,0.34380000829696655,0.08399999886751175,=NA(),20,1013.25,0,0,0,0,0,4.270013332366943,0,0,0,0,0,0,0,0,0,0,0,0,0,0
228,0,0,1,Night,,158.53453063964844,-68.53453826904297,169.77610778808594,0,0,0,0,3.2997984886169434,3.349900007247925,=NA(),0,64.81599426269531,1.4163999557495117,0.34380000829696655,0.08399999886751175,=NA(),20,1013.25,0,0,0,0,0,3.3000121116638184,0,0,0,0,0,0,0,0,0,0,0,0,0,0
228,1,0,1,Night,,152.84613037109375,-62.846134185791016,136.62496948242188,0,0,0,0,2.2900023460388184,3.369999885559082,=NA(),0,64.81599426269531,1.4163999557495117,0.34380000829696655,0.08399999886751175,=NA(),20,1013.25,0,0,0,0,0,2.2900023460388184,0,0,0,0,0,0,0,0,0,0,0,0,0,0
228,2,0,1,Night,,142.9093780517578,-52.909385681152344,116.31732940673828,0,0,0,0,2.1598143577575684,3.059999942779541,=NA(),0,64.81599426269531,1.4163999557495117,0.34380000829696655,0.08399999886751175,=NA(),20,1013.25,0,0,0,0,0,2.1599974632263184,0,0,0,0,0,0,0,0,0,0,0,0,0,0
228,3,0,1,Night,,131.3467559814453,-41.34675598144531,103.20069122314453,0,0,0,0,2.2202086448669434,2.789900064468384,=NA(),0,64.81599426269531,1.4163999557495117,0.34380000829696655,0.08399999886751175,=NA(),20,1013.25,0,0,0,0,0,2.2199950218200684,0,0,0,0,0,0,0,0,0,0,0,0,0,0
228,4,0,1,Night,,119.20610046386719,-29.206100463867188,93.31561279296875,0,0,0,0,3.4999022483825684,2.639899969100952,=NA(),0,64.81599426269531,1.4163999557495117,0.34380000829696655,0.08399999886751175,=NA(),20,1013.25,0,0,0,0,0,3.4999938011169434,0,0,0,0,0,0,0,0,0,0,0,0,0,0
228,5,0,1,Night,,106.95486450195312,-16.95486068725586,84.76709747314453,0,0,0,0,1.260308861732483,2.680000066757202,=NA(),0,64.81599426269531,1.4163999557495117,0.34380000829696655,0.08399999886751175,=NA(),20,1013.25,0,0,0,0,0,1.260003685951233,0,0,0,0,0,0,0,0,0,0,0,0,0,0
228,6,0,1,Night,Sun below height limit of 1 degrees.,89.27046966552734,0.72953200340271,72.89665222167969,0.7031999826431274,0.7031375765800476,0,0.9999112486839294,1.879907250404358,3.380000114440918,=NA(),0,28.875198364257812,1.4163999557495117,0.34380000829696655,0.08399999886751175,=NA(),20,1013.25,0,0,0,0,0,1.879998803138733,0,0,0,0,0,0,0,0,0,0,0,0,0,0
228,7,0,1,Day,,82.96529388427734,7.034706115722656,67.80589294433594,42.40999984741211,42.24991989135742,1.3071000576019287,0.9962254166603088,5.500207424163818,3.7400999069213867,=NA(),=NA(),7.696207046508789,1.4163999557495117,0.34380000829696655,0.08399999886751175,=NA(),20,1013.25,11.14303207397461,72.67719268798828,48.01499938964844,44.56999969482422,3.444999933242798,7.474389553070068,246.1699981689453,261.9800109863281,262.0277404785156,39.686378479003906,0.41265326738357544,0.4094558656215668,45.07130432128906,0.44111767411231995,0.0014918125234544277,0,0.00007287500193342566,0,-15.810012817382812,-0.0477294921875
228,8,0,1,Day,,72.10189819335938,17.898103713989258,57.934967041015625,105,104.07882690429688,2.9974000453948975,0.9912269115447998,7.229913234710693,4.900000095367432,=NA(),=NA(),3.225379228591919,1.4163999557495117,0.34380000829696655,0.08399999886751175,=NA(),20,1013.25,39.11111068725586,41.65327072143555,113.72999572753906,99.20999908447266,14.519999504089355,11.929376602172852,598.6900024414062,625.4299926757812,623.2562866210938,40.48107147216797,0.9620459079742432,0.9173126816749573,45.87195587158203,1.025429606437683,0.003301937598735094,0,0.0003338750102557242,0,-26.739990234375,2.1737060546875
228,9,0,1,Day,,62.420654296875,27.579347610473633,46.12602615356445,164.6999969482422,162.2021026611328,5.395299911499023,0.9848336577415466,7.759789943695068,5.860000133514404,=NA(),=NA(),2.153014898300171,1.4163999557495117,0.34380000829696655,0.08399999886751175,=NA(),20,1013.25,54.073490142822266,37.902584075927734,166.02000427246094,133.9250030517578,32.095001220703125,14.653741836547852,885.4400024414062,915.3800048828125,906.7001953125,40.81892395019531,1.3878628015518188,1.296521782875061,46.135433197021484,1.4888323545455933,0.0046298750676214695,0,0.0006589374970644712,0,-29.94000244140625,8.6798095703125
228,10,0,1,Day,,54.6885986328125,35.3114013671875,31.62574005126953,213.1999969482422,208.63272094726562,7.901599884033203,0.9785774946212769,8.530206680297852,6.579999923706055,=NA(),=NA(),1.7270560264587402,1.4163999557495117,0.34380000829696655,0.08399999886751175,=NA(),20,1013.25,36.51179504394531,44.0141716003418,219.0449981689453,191.72000122070312,27.325000762939453,17.514368057250977,1210.4100341796875,1238.739990234375,1235.2642822265625,40.553314208984375,1.9035907983779907,1.831980586051941,46.267887115478516,2.0159451961517334,0.006605000235140324,0,0.0005402499809861183,0,-28.3299560546875,3.4757080078125
228,11,0,1,Day,,49.872432708740234,40.127567291259766,14.205976486206055,279.6000061035156,266.9673156738281,19.60099983215332,0.9548187255859375,9.690210342407227,7.019899845123291,=NA(),=NA(),1.5496983528137207,1.4163999557495117,0.34380000829696655,0.08399999886751175,=NA(),20,1013.25,16.232786178588867,47.836246490478516,297.8900146484375,273.9649963378906,23.924999237060547,21.8281192779541,1693.7900390625,1708.27001953125,1705.7445068359375,40.2545166015625,2.6483681201934814,2.618051290512085,46.2557487487793,2.7968313694000244,0.009394125081598759,0,0.0004940624930895865,0,-14.47998046875,2.5255126953125
228,12,0,1,Day,,48.86551284790039,41.13448715209961,355.01605224609375,258.30999755859375,250.2818603515625,12.204000473022461,0.9689205288887024,10.580011367797852,7.539999961853027,=NA(),=NA(),1.5184009075164795,1.4163999557495117,0.34380000829696655,0.08399999886751175,=NA(),20,1013.25,-5.680395603179932,48.61809539794922,277.81500244140625,257.58502197265625,20.235000610351562,21.89873695373535,1574.949951171875,1588.1600341796875,1587.3240966796875,40.104759216308594,2.47371768951416,2.4599289894104004,46.12217330932617,2.609428644180298,0.008776312693953514,0,0.0004389375098980963,0,-13.2100830078125,0.8359375
228,13,0,1,Day,,51.89399337768555,38.10600662231445,336.4752197265625,378.6000061035156,318.1835021972656,97.9010009765625,0.8404212594032288,11.809991836547852,7.720099925994873,=NA(),=NA(),1.6181416511535645,1.4163999557495117,0.34380000829696655,0.08399999886751175,=NA(),20,1013.25,-26.973329544067383,46.176109313964844,409.4649963378906,376.29998779296875,33.15999984741211,28.478113174438477,2372.409912109375,2340.669921875,2340.3095703125,39.59138488769531,3.6944730281829834,3.630842447280884,45.953697204589844,3.897150993347168,0.013051312416791916,0,0.0006719374796375632,0,31.739990234375,0.3603515625
228,14,0,1,Day,,58.32124328613281,31.678756713867188,320.4975891113281,237.60000610351562,227.20138549804688,19.801000595092773,0.9562347531318665,12.520013809204102,7.119999885559082,=NA(),=NA(),1.8998602628707886,1.4163999557495117,0.34380000829696655,0.08399999886751175,=NA(),20,1013.25,-45.86906814575195,41.04368209838867,248.1199951171875,211.61000061035156,36.505001068115234,22.74187660217285,1369.449951171875,1377.050048828125,1373.5118408203125,39.9668083190918,2.1475141048431396,2.044780969619751,45.76882553100586,2.278240442276001,0.007320187520235777,0,0.0007296249968931079,0,-7.60009765625,3.5382080078125
228,15,0,1,Day,,67.15251922607422,22.84747886657715,307.4383544921875,107.69000244140625,106.91546630859375,1.9947999715805054,0.9928077459335327,11.950006484985352,5.480100154876709,=NA(),=NA(),2.562544345855713,1.4163999557495117,0.34380000829696655,0.08399999886751175,=NA(),20,1013.25,-60,34.124515533447266,105.44999694824219,80.19000244140625,25.260000228881836,16.353113174438477,553.0599975585938,569.1300048828125,563.0086669921875,39.929691314697266,0.8808935284614563,0.8205903172492981,45.123741149902344,0.9503933191299438,0.002925062319263816,0,0.0004456249880604446,0,-16.07000732421875,6.121337890625
228,16,0,1,Day,,77.52001953125,12.47998332977295,296.70416259765625,32.895999908447266,32.832252502441406,0.29499998688697815,0.9980621337890625,11.420007705688477,3.9198999404907227,=NA(),=NA(),4.539461135864258,1.4163999557495117,0.34380000829696655,0.08399999886751175,=NA(),20,1013.25,-21.86474609375,58.30570983886719,34.41999816894531,31.139999389648438,3.2849998474121094,12.845605850219727,173.72000122070312,181.55999755859375,181.58692932128906,38.340938568115234,0.2959980070590973,0.2893434464931488,43.73005676269531,0.3190328776836395,0.001061312505044043,0,0.00006656249752268195,0,-7.839996337890625,-0.0269317626953125
228,17,0,1,Night,Sun above horizon but GHI below 1,86.63802337646484,3.361980438232422,289.0796203613281,0,0,0,0,10.980005264282227,3.839900016784668,=NA(),0,13.994017601013184,1.4163999557495117,0.34380000829696655,0.08399999886751175,=NA(),20,1013.25,0,0,0,0,0,10.980005264282227,0,0,0,0,0,0,0,0,0,0,0,0,0,0
228,18,0,1,Night,,100.9726333618164,-10.972630500793457,279.0839538574219,0,0,0,0,8.859888076782227,4.060100078582764,=NA(),0,64.81599426269531,1.4163999557495117,0.34380000829696655,0.08399999886751175,=NA(),20,1013.25,0,0,0,0,0,8.860010147094727,0,0,0,0,0,0,0,0,0,0,0,0,0,0
228,19,0,1,Night,,113.15379333496094,-23.153793334960938,270.7467956542969,0,0,0,0,8.009698867797852,4.319900035858154,=NA(),0,64.81599426269531,1.4163999557495117,0.34380000829696655,0.08399999886751175,=NA(),20,1013.25,0,0,0,0,0,8.010004043579102,0,0,0,0,0,0,0,0,0,0,0,0,0,0
228,20,0,1,Night,,125.37451934814453,-35.37451934814453,261.62744140625,0,0,0,0,7.600213527679443,4.559999942779541,=NA(),0,64.81599426269531,1.4163999557495117,0.34380000829696655,0.08399999886751175,=NA(),20,1013.25,0,0,0,0,0,7.599999904632568,0,0,0,0,0,0,0,0,0,0,0,0,0,0
228,21,0,1,Night,,137.26913452148438,-47.269126892089844,250.34410095214844,0,0,0,0,7.659997463226318,4.629899978637695,=NA(),0,64.81599426269531,1.4163999557495117,0.34380000829696655,0.08399999886751175,=NA(),20,1013.25,0,0,0,0,0,7.659997463226318,0,0,0,0,0,0,0,0,0,0,0,0,0,0
228,22,0,1,Night,,148.1457977294922,-58.145790100097656,234.14651489257812,0,0,0,0,5.359887599945068,4.479899883270264,=NA(),0,64.81599426269531,1.4163999557495117,0.34380000829696655,0.08399999886751175,=NA(),20,1013.25,0,0,0,0,0,5.360009670257568,0,0,0,0,0,0,0,0,0,0,0,0,0,0
228,23,0,1,Night,,156.28846740722656,-66.2884750366211,207.76329040527344,0,0,0,0,7.130212306976318,4.460100173950195,=NA(),0,64.81599426269531,1.4163999557495117,0.34380000829696655,0.08399999886751175,=NA(),20,1013.25,0,0,0,0,0,7.129998683929443,0,0,0,0,0,0,0,0,0,0,0,0,0,0
229,0,0,1,Night,,158.2145233154297,-68.21451568603516,169.77008056640625,0,0,0,0,5.020196437835693,4.319900035858154,=NA(),0,64.81599426269531,1.4163999557495117,0.34380000829696655,0.08399999886751175,=NA(),20,1013.25,0,0,0,0,0,5.020013332366943,0,0,0,0,0,0,0,0,0,0,0,0,0,0
229,1,0,1,Night,,152.55889892578125,-62.55889129638672,136.93350219726562,0,0,0,0,4.399987697601318,3.619999885559082,=NA(),0,64.81599426269531,1.4163999557495117,0.34380000829696655,0.08399999886751175,=NA(),20,1013.25,0,0,0,0,0,4.399987697601318,0,0,0,0,0,0,0,0,0,0,0,0,0,0
229,2,0,1,Night,,142.66371154785156,-52.66371536254883,116.65723419189453,0,0,0,0,3.0200133323669434,3.559999942779541,=NA(),0,64.81599426269531,1.4163999557495117,0.34380000829696655,0.08399999886751175,=NA(),20,1013.25,0,0,0,0,0,3.0200133323669434,0,0,0,0,0,0,0,0,0,0,0,0,0,0
229,3,0,1,Night,,131.124267578125,-41.124263763427734,103.50735473632812,0,0,0,0,2.3897948265075684,3.640000104904175,=NA(),0,64.81599426269531,1.4163999557495117,0.34380000829696655,0.08399999886751175,=NA(),20,1013.25,0,0,0,0,0,2.3900084495544434,0,0,0,0,0,0,0,0,0,0,0,0,0,0
229,4,0,1,Night,,118.99254608154297,-28.99254608154297,93.58911895751953,0,0,0,0,3.2499938011169434,3.090100049972534,=NA(),0,64.81599426269531,1.4163999557495117,0.34380000829696655,0.08399999886751175,=NA(),20,1013.25,0,0,0,0,0,3.2499938011169434,0,0,0,0,0,0,0,0,0,0,0,0,0,0
229,5,0,1,Night,,106.74047088623047,-16.7404727935791,85.01611328125,0,0,0,0,2.3597960472106934,2.819999933242798,=NA(),0,64.81599426269531,1.4163999557495117,0.34380000829696655,0.08399999886751175,=NA(),20,1013.25,0,0,0,0,0,2.3600096702575684,0,0,0,0,0,0,0,0,0,0,0,0,0,0
229,6,0,1,Night,Sun below height limit of 1 degrees.,89.16790008544922,0.8321025967597961,73.20360565185547,0.6055999994277954,0.6054983139038086,0,0.9998320937156677,1.530206322669983,3.0799999237060547,=NA(),0,27.861286163330078,1.4163999557495117,0.34380000829696655,0.08399999886751175,=NA(),20,1013.25,0,0,0,0,0,1.529992699623108,0,0,0,0,0,0,0,0,0,0,0,0,0,0
229,7,0,1,Day,,82.72965240478516,7.270349502563477,68.02336883544922,82.39700317382812,79.08211517333984,26.194000244140625,0.9597693085670471,2.5699095726013184,3.5299999713897705,=NA(),=NA(),7.473913192749023,1.4163999557495117,0.34380000829696655,0.08399999886751175,=NA(),20,1013.25,11.51771068572998,72.08074951171875,114.94000244140625,109.58000183105469,5.359999656677246,7.266870021820068,597.9299926757812,634.5399780273438,635.2506713867188,40.924095153808594,0.9701654314994812,0.9647414088249207,46.51939392089844,1.0238274335861206,0.0035180000122636557,0,0.00011406249541323632,0,-36.6099853515625,-0.710693359375
229,8,0,1,Day,,71.84407806396484,18.155920028686523,58.1359748840332,242.60000610351562,203.3690643310547,125.9000015258789,0.8382896184921265,5.899713039398193,3.4900999069213867,=NA(),=NA(),3.181973695755005,1.4163999557495117,0.34380000829696655,0.08399999886751175,=NA(),20,1013.25,40.01912307739258,40.74839782714844,373.125,350.45501708984375,22.665000915527344,20.95501136779785,2168.659912109375,2192.97998046875,2195.407470703125,40.49114990234375,3.388737916946411,3.306281805038452,46.79210662841797,3.56538462638855,0.012044187635183334,0,0.0005281874909996986,0,-24.320068359375,-2.427490234375
229,9,0,1,Day,,62.13811111450195,27.861888885498047,46.2983512878418,416.69000244140625,280.9318542480469,290.489990234375,0.6741986870765686,8.719690322875977,3.8499999046325684,=NA(),=NA(),2.1330718994140625,1.4163999557495117,0.34380000829696655,0.08399999886751175,=NA(),20,1013.25,53.82560729980469,37.648197174072266,564.5599975585938,518.969970703125,45.59000015258789,31.5512638092041,3363.4599609375,3285.909912109375,3290.068603515625,39.36461639404297,5.22386360168457,5.1020026206970215,46.1682243347168,5.501380443572998,0.01836875081062317,0,0.0009503749897703528,0,77.550048828125,-4.15869140625
229,10,0,1,Day,,54.381507873535156,35.618492126464844,31.742027282714844,205.5,201.77005004882812,6.404600143432617,0.9818493723869324,9.500085830688477,4.370100021362305,=NA(),=NA(),1.7141762971878052,1.4163999557495117,0.34380000829696655,0.08399999886751175,=NA(),20,1013.25,36.291385650634766,43.73482894897461,210.6750030517578,184.3000030517578,26.380001068115234,18.141260147094727,1161.25,1186.050048828125,1184.1744384765625,40.36603927612305,1.8332982063293457,1.7642316818237305,46.113311767578125,1.9399813413619995,0.0063406252302229404,0,0.0005243750056251884,0,-24.800048828125,1.8756103515625
229,11,0,1,Day,,49.55132293701172,40.44867706298828,14.226564407348633,284.5,270.9375305175781,20.905000686645508,0.9523287415504456,11.860010147094727,4.820000171661377,=NA(),=NA(),1.539527177810669,1.4163999557495117,0.34380000829696655,0.08399999886751175,=NA(),20,1013.25,16.080514907836914,47.53153991699219,303.2099914550781,278.95001220703125,24.259998321533203,24.194360733032227,1725.280029296875,1726.4599609375,1727.400146484375,39.82956314086914,2.710613965988159,2.6822891235351562,45.97054672241211,2.856879711151123,0.009564999490976334,0,0.0005015624919906259,0,-1.179931640625,-0.940185546875
229,12,0,1,Day,,48.55253601074219,41.44746398925781,354.9168395996094,182.49000549316406,180.2424774169922,3.395400047302246,0.9876841306686401,11.879999160766602,5.130000114440918,=NA(),=NA(),1.5090216398239136,1.4163999557495117,0.34380000829696655,0.08399999886751175,=NA(),20,1013.25,-5.72936487197876,48.29800796508789,196.39999389648438,181.8599853515625,14.539999961853027,19.89251136779785,1097.030029296875,1114.050048828125,1113.5950927734375,39.95608139038086,1.7419075965881348,1.7310435771942139,45.781341552734375,1.839760184288025,0.00618318747729063,0,0.000315249984851107,0,-17.02001953125,0.4549560546875
229,13,0,1,Day,,51.61210632324219,38.38789367675781,336.2771301269531,275.69000244140625,262.4661865234375,21.295000076293945,0.9520337581634521,12.029993057250977,5.289999961853027,=NA(),=NA(),1.6081175804138184,1.4163999557495117,0.34380000829696655,0.08399999886751175,=NA(),20,1013.25,-26.922073364257812,45.85612106323242,289.760009765625,261.989990234375,27.774999618530273,23.846887588500977,1639.2099609375,1642.18994140625,1642.5079345703125,39.8560791015625,2.575645923614502,2.517390489578247,45.929344177246094,2.718173027038574,0.009024562314152718,0,0.0005548750050365925,0,-2.97998046875,-0.3179931640625
229,14,0,1,Day,,58.08058166503906,31.919418334960938,320.2455749511719,464.29998779296875,297.8041687011719,314.8999938964844,0.6414046287536621,11.850000381469727,5.160099983215332,=NA(),=NA(),1.8871138095855713,1.4163999557495117,0.34380000829696655,0.08399999886751175,=NA(),20,1013.25,-45.752586364746094,40.73378372192383,585.219970703125,542.9550170898438,42.26499938964844,35.573753356933594,3484.22998046875,3359.06005859375,3363.74658203125,38.82664108276367,5.41477632522583,5.312335968017578,45.70840835571289,5.708233833312988,0.019138436764478683,0,0.0008628125069662929,0,125.169921875,-4.6865234375
229,15,0,1,Day,,66.95112609863281,23.04887580871582,307.16534423828125,349.3999938964844,253.8308868408203,244.10000610351562,0.7264764904975891,13.270013809204102,4.110000133514404,=NA(),=NA(),2.541619062423706,1.4163999557495117,0.34380000829696655,0.08399999886751175,=NA(),20,1013.25,-60,33.819271087646484,533,486.66998291015625,46.33000183105469,34.91124725341797,3157.389892578125,3050.14990234375,3053.96875,38.86460876464844,4.91134786605835,4.7952351570129395,45.616485595703125,5.179616451263428,0.017343124374747276,0,0.0008125000167638063,0,107.239990234375,-3.81884765625
229,16,0,1,Day,,77.35071563720703,12.649284362792969,296.42376708984375,156.1999969482422,142.09707641601562,64.4020004272461,0.9097124338150024,13.409997940063477,2.6201000213623047,=NA(),=NA(),4.482069969177246,1.4163999557495117,0.34380000829696655,0.08399999886751175,=NA(),20,1013.25,-22.160173416137695,57.83232879638672,230.67001342773438,219.8699951171875,10.800000190734863,22.75811195373535,1307.77001953125,1315.0799560546875,1316.995849609375,39.67782211303711,2.074514865875244,2.0512454509735107,45.69038391113281,2.186579704284668,0.007474625017493963,0,0.00022362500021699816,0,-7.3099365234375,-1.9158935546875
229,17,0,1,Night,Sun above horizon but GHI below 1,86.5569076538086,3.4430925846099854,288.7425537109375,0,0,0,0,9.900293350219727,2.6298999786376953,=NA(),0,13.756360054016113,1.4163999557495117,0.34380000829696655,0.08399999886751175,=NA(),20,1013.25,0,0,0,0,0,9.899988174438477,0,0,0,0,0,0,0,0,0,0,0,0,0,0
229,18,0,1,Night,,100.83919525146484,-10.839198112487793,278.7846984863281,0,0,0,0,8.750207901000977,2.5899999141693115,=NA(),0,64.81599426269531,1.4163999557495117,0.34380000829696655,0.08399999886751175,=NA(),20,1013.25,0,0,0,0,0,8.749994277954102,0,0,0,0,0,0,0,0,0,0,0,0,0,0
229,19,0,1,Night,,113.02564239501953,-23.025644302368164,270.4245910644531,0,0,0,0,6.640313625335693,2.530100107192993,=NA(),0,64.81599426269531,1.4163999557495117,0.34380000829696655,0.08399999886751175,=NA(),20,1013.25,0,0,0,0,0,6.640008449554443,0,0,0,0,0,0,0,0,0,0,0,0,0,0
229,20,0,1,Night,,125.2411880493164,-35.24118423461914,261.26678466796875,0,0,0,0,5.310113430023193,2.460099935531616,=NA(),0,64.81599426269531,1.4163999557495117,0.34380000829696655,0.08399999886751175,=NA(),20,1013.25,0,0,0,0,0,5.309991359710693,0,0,0,0,0,0,0,0,0,0,0,0,0,0
229,21,0,1,Night,,137.1155242919922,-47.11552810668945,249.92552185058594,0,0,0,0,3.6600890159606934,2.2899999618530273,=NA(),0,64.81599426269531,1.4163999557495117,0.34380000829696655,0.08399999886751175,=NA(),20,1013.25,0,0,0,0,0,3.6599974632263184,0,0,0,0,0,0,0,0,0,0,0,0,0,0
229,22,0,1,Night,,147.9471893310547,-57.94719696044922,233.66400146484375,0,0,0,0,3.7997069358825684,2.0099000930786133,=NA(),0,64.81599426269531,1.4163999557495117,0.34380000829696655,0.08399999886751175,=NA(),20,1013.25,0,0,0,0,0,3.8000121116638184,0,0,0,0,0,0,0,0,0,0,0,0,0,0
229,23,0,1,Night,,156.01466369628906,-66.01466369628906,207.3367919921875,0,0,0,0,2.8903136253356934,1.6899000406265259,=NA(),0,64.81599426269531,1.4163999557495117,0.34380000829696655,0.08399999886751175,=NA(),20,1013.25,0,0,0,0,0,2.8900084495544434,0,0,0,0,0,0,0,0,0,0,0,0,0,0
230,0,0,1,Night,,157.89076232910156,-67.8907699584961,169.7595977783203,0,0,0,0,2.3200011253356934,1.5700000524520874,=NA(),0,64.81599426269531,1.4163999557495117,0.34380000829696655,0.08399999886751175,=NA(),20,1013.25,0,0,0,0,0,2.3200011253356934,0,0,0,0,0,0,0,0,0,0,0,0,0,0
230,1,0,1,Night,,152.2668914794922,-62.26689529418945,137.23638916015625,0,0,0,0,2.3000121116638184,1.5499999523162842,=NA(),0,64.81599426269531,1.4163999557495117,0.34380000829696655,0.08399999886751175,=NA(),20,1013.25,0,0,0,0,0,2.3000121116638184,0,0,0,0,0,0,0,0,0,0,0,0,0,0
230,2,0,1,Night,,142.4131622314453,-52.41316223144531,116.99514770507812,0,0,0,0,1.020288109779358,2.3499999046325684,=NA(),0,64.81599426269531,1.4163999557495117,0.34380000829696655,0.08399999886751175,=NA(),20,1013.25,0,0,0,0,0,1.020013451576233,0,0,0,0,0,0,0,0,0,0,0,0,0,0
230,3,0,1,Night,,130.89715576171875,-40.89714813232422,103.8139877319336,0,0,0,0,1.369989037513733,2.6900999546051025,=NA(),0,64.81599426269531,1.4163999557495117,0.34380000829696655,0.08399999886751175,=NA(),20,1013.25,0,0,0,0,0,1.369989037513733,0,0,0,0,0,0,0,0,0,0,0,0,0,0
230,4,0,1,Night,,118.77474975585938,-28.774747848510742,93.86344146728516,0,0,0,0,1.800103783607483,2.719899892807007,=NA(),0,64.81599426269531,1.4163999557495117,0.34380000829696655,0.08399999886751175,=NA(),20,1013.25,0,0,0,0,0,1.800012230873108,0,0,0,0,0,0,0,0,0,0,0,0,0,0
230,5,0,1,Night,,106.52210235595703,-16.5221004486084,85.26632690429688,0,0,0,0,2.7799925804138184,2.890000104904175,=NA(),0,64.81599426269531,1.4163999557495117,0.34380000829696655,0.08399999886751175,=NA(),20,1013.25,0,0,0,0,0,2.7799925804138184,0,0,0,0,0,0,0,0,0,0,0,0,0,0
230,6,0,1,Night,Sun below height limit of 1 degrees.,89.06920623779297,0.9307973384857178,73.51703643798828,1.19159996509552,1.19159996509552,0,1,2.4403014183044434,3.0799999237060547,=NA(),0,26.936840057373047,1.4163999557495117,0.34380000829696655,0.08399999886751175,=NA(),20,1013.25,0,0,0,0,0,2.4399962425231934,0,0,0,0,0,0,0,0,0,0,0,0,0,0
230,7,0,1,Day,,82.4911880493164,7.508810043334961,68.24240112304688,79.40799713134766,76.76750946044922,20.20599937438965,0.9667478203773499,2.2500853538513184,3.660099983215332,=NA(),=NA(),7.261260986328125,1.4163999557495117,0.34380000829696655,0.08399999886751175,=NA(),20,1013.25,11.897936820983887,71.4754638671875,103.3550033569336,97.69999694824219,5.649999618530273,6.461877346038818,545.1400146484375,580.260009765625,580.7852172851562,40.92856979370117,0.886887788772583,0.881119966506958,46.48329544067383,0.9368362426757812,0.003205312415957451,0,0.00011956250091316178,0,-35.1199951171875,-0.52520751953125
230,8,0,1,Day,,71.58206176757812,18.417936325073242,58.338523864746094,182.7100067138672,170.57577514648438,38.40599822998047,0.9335874915122986,2.8398070335388184,3.619999885559082,=NA(),=NA(),3.1390907764434814,1.4163999557495117,0.34380000829696655,0.08399999886751175,=NA(),20,1013.25,40.98320388793945,39.81283950805664,248.45999145507812,227.5050048828125,20.954999923706055,12.905633926391602,1402.0400390625,1456.1500244140625,1456.1326904296875,41.252227783203125,2.206048011779785,2.1343648433685303,47.132789611816406,2.3250505924224854,0.007750812452286482,0,0.0004832499835174531,0,-54.1099853515625,0.017333984375
230,9,0,1,Day,,61.85116195678711,28.14883804321289,46.471946716308594,507.70001220703125,307.71942138671875,423.8999938964844,0.6061047911643982,5.710198879241943,3.2899999618530273,=NA(),=NA(),2.1132421493530273,1.4163999557495117,0.34380000829696655,0.08399999886751175,=NA(),20,1013.25,53.574275970458984,37.391109466552734,712.4100341796875,663.635009765625,48.779998779296875,34.47686004638672,4291.830078125,4154.080078125,4159.36865234375,39.069374084472656,6.654012680053711,6.530163764953613,46.22787857055664,7.0053253173828125,0.02355100028216839,0,0.0010220624972134829,0,137.75,-5.28857421875
230,10,0,1,Day,,54.07038116455078,35.92961883544922,31.858592987060547,604.1099853515625,310.0631408691406,501.1099853515625,0.5132561326026917,10.540002822875977,2.9400999546051025,=NA(),=NA(),1.7013704776763916,1.4163999557495117,0.34380000829696655,0.08399999886751175,=NA(),20,1013.25,36.06840133666992,43.45258331298828,718.135009765625,675.2249755859375,42.90999984741211,39.69310760498047,4303.9599609375,4094.260009765625,4098.49609375,38.37253952026367,6.675549507141113,6.604969501495361,45.56047058105469,7.036791801452637,0.023746125400066376,0,0.0008956874953582883,0,209.699951171875,-4.236083984375
230,11,0,1,Day,,49.226280212402344,40.773719787597656,14.245351791381836,681.7999877929688,310.5996398925781,568.3900146484375,0.45555830001831055,13.409997940063477,2.740000009536743,=NA(),=NA(),1.529414415359497,1.4163999557495117,0.34380000829696655,0.08399999886751175,=NA(),20,1013.25,15.925819396972656,47.22350311279297,741.635009765625,697.0350341796875,44.595001220703125,43.63561248779297,4420.97021484375,4150.0400390625,4155.0029296875,37.8414306640625,6.862524032592773,6.835870742797852,45.100765228271484,7.240289211273193,0.024358438327908516,0,0.0009481874876655638,0,270.93017578125,-4.962890625
230,12,0,1,Day,,48.236412048339844,41.763587951660156,354.81329345703125,686.1900024414062,306.9429016113281,569.3900146484375,0.4473147392272949,14.469995498657227,2.359999895095825,=NA(),=NA(),1.4997097253799438,1.4163999557495117,0.34380000829696655,0.08399999886751175,=NA(),20,1013.25,-5.780836582183838,47.9743537902832,733,688.1799926757812,44.81999969482422,44.431236267089844,4356.72021484375,4078.4599609375,4082.282470703125,37.738887786865234,6.760735988616943,6.754053592681885,44.97097396850586,7.132394313812256,0.023967625573277473,0,0.0009738749940879643,0,278.26025390625,-3.822509765625
230,13,0,1,Day,,51.32828140258789,38.67171859741211,336.07318115234375,456.989990234375,331.21246337890625,201.2899932861328,0.724769651889801,15.339990615844727,1.940000057220459,=NA(),=NA(),1.5981875658035278,1.4163999557495117,0.34380000829696655,0.08399999886751175,=NA(),20,1013.25,-26.87340545654297,45.532310485839844,503.239990234375,467.2049865722656,36.03499984741211,35.81810760498047,2955.860107421875,2846.510009765625,2850.2060546875,38.68667984008789,4.604656219482422,4.546885013580322,45.37941360473633,4.857554912567139,0.016277125105261803,0,0.000739812501706183,0,109.35009765625,-3.696044921875
230,14,0,1,Day,,57.83915328979492,32.16084671020508,319.9877624511719,483.6000061035156,298.3070983886719,348.1000061035156,0.6168467402458191,15.860010147094727,1.5198999643325806,=NA(),=NA(),1.8745296001434326,1.4163999557495117,0.34380000829696655,0.08399999886751175,=NA(),20,1013.25,-45.63846206665039,40.41987609863281,612.8599853515625,570.0700073242188,42.790000915527344,40.793113708496094,3656.510009765625,3463.89990234375,3468.432373046875,38.14360427856445,5.683272361755371,5.581419467926025,45.11663818359375,5.997762203216553,0.020100062713027,0,0.0008744375081732869,0,192.610107421875,-4.532470703125
230,15,0,1,Day,,66.74934387207031,23.250656127929688,306.8871765136719,325.79998779296875,249.17816162109375,194.10000610351562,0.7648194432258606,16.07000160217285,0.9599000215530396,=NA(),=NA(),2.5210213661193848,1.4163999557495117,0.34380000829696655,0.08399999886751175,=NA(),20,1013.25,-60,33.51022720336914,483.32501220703125,437.8399963378906,45.48500061035156,35.743736267089844,2851.6298828125,2746.56005859375,2749.107177734375,38.68699645996094,4.4413628578186035,4.326199054718018,45.32371139526367,4.687013149261475,0.015628375113010406,0,0.00079993752297014,0,105.06982421875,-2.547119140625
230,16,0,1,Day,,77.18102264404297,12.818979263305664,296.1387634277344,130.38999938964844,123.93553924560547,29.090999603271484,0.9504988193511963,15.029993057250977,0.6499000191688538,=NA(),=NA(),4.425990581512451,1.4163999557495117,0.34380000829696655,0.08399999886751175,=NA(),20,1013.25,-22.456954956054688,57.35567092895508,179.3699951171875,169.35000610351562,10.020000457763672,22.324365615844727,1005.030029296875,1012.3300170898438,1013.6182250976562,39.41826248168945,1.6071478128433228,1.5856101512908936,45.302154541015625,1.6960856914520264,0.005767062306404114,0,0.00020581249555107206,0,-7.29998779296875,-1.2882080078125
230,17,0,1,Night,Sun above horizon but GHI below 1,86.48409271240234,3.515909194946289,288.39630126953125,0,0,0,0,11.640008926391602,0.2800000011920929,=NA(),0,13.549206733703613,1.4163999557495117,0.34380000829696655,0.08399999886751175,=NA(),20,1013.25,0,0,0,0,0,11.640008926391602,0,0,0,0,0,0,0,0,0,0,0,0,0,0
230,18,0,1,Night,,100.70592498779297,-10.70592212677002,278.4815673828125,0,0,0,0,6.880212306976318,0.2498999983072281,=NA(),0,64.81599426269531,1.4163999557495117,0.34380000829696655,0.08399999886751175,=NA(),20,1013.25,0,0,0,0,0,6.879998683929443,0,0,0,0,0,0,0,0,0,0,0,0,0,0
230,19,0,1,Night,,112.89689636230469,-22.896894454956055,270.0985412597656,0,0,0,0,5.070092678070068,0.6301000118255615,=NA(),0,64.81599426269531,1.4163999557495117,0.34380000829696655,0.08399999886751175,=NA(),20,1013.25,0,0,0,0,0,5.070001125335693,0,0,0,0,0,0,0,0,0,0,0,0,0,0
230,20,0,1,Night,,125.1066665649414,-35.106666564941406,260.90228271484375,0,0,0,0,4.039697170257568,0.9900000095367432,=NA(),0,64.81599426269531,1.4163999557495117,0.34380000829696655,0.08399999886751175,=NA(),20,1013.25,0,0,0,0,0,4.040002346038818,0,0,0,0,0,0,0,0,0,0,0,0,0,0
230,21,0,1,Night,,136.9598846435547,-46.95988082885742,249.50335693359375,0,0,0,0,3.1202940940856934,1.3300000429153442,=NA(),0,64.81599426269531,1.4163999557495117,0.34380000829696655,0.08399999886751175,=NA(),20,1013.25,0,0,0,0,0,3.1199889183044434,0,0,0,0,0,0,0,0,0,0,0,0,0,0
230,22,0,1,Night,,147.7457733154297,-57.745765686035156,233.1793212890625,0,0,0,0,2.6497130393981934,1.7200000286102295,=NA(),0,64.81599426269531,1.4163999557495117,0.34380000829696655,0.08399999886751175,=NA(),20,1013.25,0,0,0,0,0,2.6499876976013184,0,0,0,0,0,0,0,0,0,0,0,0,0,0
230,23,0,1,Night,,155.7372589111328,-65.73725891113281,206.91110229492188,0,0,0,0,2.0301146507263184,2.119999885559082,=NA(),0,64.81599426269531,1.4163999557495117,0.34380000829696655,0.08399999886751175,=NA(),20,1013.25,0,0,0,0,0,2.0299925804138184,0,0,0,0,0,0,0,0,0,0,0,0,0,0
231,0,0,1,Night,,157.56321716308594,-67.56321716308594,169.744873046875,0,0,0,0,1.790094017982483,2.4798998832702637,=NA(),0,64.81599426269531,1.4163999557495117,0.34380000829696655,0.08399999886751175,=NA(),20,1013.25,0,0,0,0,0,1.790002465248108,0,0,0,0,0,0,0,0,0,0,0,0,0,0
231,1,0,1,Night,,151.97007751464844,-61.97008514404297,137.53366088867188,0,0,0,0,1.659814476966858,2.75,=NA(),0,64.81599426269531,1.4163999557495117,0.34380000829696655,0.08399999886751175,=NA(),20,1013.25,0,0,0,0,0,1.659997582435608,0,0,0,0,0,0,0,0,0,0,0,0,0,0
231,2,0,1,Night,,142.1575927734375,-52.15758514404297,117.33098602294922,0,0,0,0,0.9996887445449829,2.9200000762939453,=NA(),0,64.81599426269531,1.4163999557495117,0.34380000829696655,0.08399999886751175,=NA(),20,1013.25,0,0,0,0,0,0.9999939203262329,0,0,0,0,0,0,0,0,0,0,0,0,0,0
231,3,0,1,Night,,130.66537475585938,-40.665374755859375,104.1204833984375,0,0,0,0,0.7098938226699829,3.029900074005127,=NA(),0,64.81599426269531,1.4163999557495117,0.34380000829696655,0.08399999886751175,=NA(),20,1013.25,0,0,0,0,0,0.7099853754043579,0,0,0,0,0,0,0,0,0,0,0,0,0,0
231,4,0,1,Night,,118.55255126953125,-28.552549362182617,94.13849639892578,0,0,0,0,1.100091576576233,3.0799999237060547,=NA(),0,64.81599426269531,1.4163999557495117,0.34380000829696655,0.08399999886751175,=NA(),20,1013.25,0,0,0,0,0,1.100000023841858,0,0,0,0,0,0,0,0,0,0,0,0,0,0
231,5,0,1,Night,,106.30013275146484,-16.300134658813477,85.51769256591797,0,0,0,0,1.119989037513733,3.039900064468384,=NA(),0,64.81599426269531,1.4163999557495117,0.34380000829696655,0.08399999886751175,=NA(),20,1013.25,0,0,0,0,0,1.119989037513733,0,0,0,0,0,0,0,0,0,0,0,0,0,0
231,6,0,1,Night,Sun above horizon but GHI below 1,88.96345520019531,1.0365444421768188,73.83211517333984,0.19529999792575836,0.19529999792575836,0,1,1.229699730873108,2.8299999237060547,=NA(),0,25.998817443847656,1.4163999557495117,0.34380000829696655,0.08399999886751175,=NA(),20,1013.25,0,0,0,0,0,1.230004906654358,0,0,0,0,0,0,0,0,0,0,0,0,0,0
231,7,0,1,Day,,82.2487564086914,7.7512431144714355,68.46294403076172,97.49700164794922,91.8188705444336,42.099998474121094,0.9417609572410583,1.730310082435608,3.309999942779541,=NA(),=NA(),7.056750774383545,1.4163999557495117,0.34380000829696655,0.08399999886751175,=NA(),20,1013.25,12.28582763671875,70.85820770263672,141.510009765625,135.47000122070312,6.039999961853027,7.479363918304443,756.4000244140625,801.2999877929688,802.2526245117188,41.19964599609375,1.2170199155807495,1.21039879322052,46.867225646972656,1.281964898109436,0.004418749827891588,0,0.00012850000348407775,0,-44.89996337890625,-0.95263671875
231,8,0,1,Day,,71.31710815429688,18.682891845703125,58.54262924194336,269.69000244140625,216.00587463378906,167.58999633789062,0.8009413480758667,4.350091457366943,2.109999895095825,=NA(),=NA(),3.096938133239746,1.4163999557495117,0.34380000829696655,0.08399999886751175,=NA(),20,1013.25,42.00543212890625,38.849273681640625,433.7799987792969,409.42498779296875,24.354999542236328,21.8231143951416,2545.340087890625,2566.419921875,2569.332275390625,40.509586334228516,3.9641261100769043,3.8744957447052,46.95207214355469,4.169774055480957,0.01413543801754713,0,0.0005636250134557486,0,-21.079833984375,-2.912353515625
231,9,0,1,Day,,61.56087112426758,28.43912696838379,46.64682388305664,465.3900146484375,288.9486999511719,370.5,0.620874285697937,7.259912014007568,1.2200000286102295,=NA(),=NA(),2.09360408782959,1.4163999557495117,0.34380000829696655,0.08399999886751175,=NA(),20,1013.25,53.32074737548828,37.131752014160156,646.0350341796875,600.324951171875,45.71500015258789,33.349388122558594,3883.60009765625,3772.39990234375,3777.05419921875,39.18843460083008,6.024027347564697,5.906638145446777,46.192771911621094,6.342367172241211,0.021303312852978706,0,0.0009556249715387821,0,111.2001953125,-4.654296875
231,10,0,1,Day,,53.75530242919922,36.24469757080078,31.975481033325195,743.5999755859375,376.50213623046875,620.9000244140625,0.506323516368866,11.450006484985352,1.51010000705719,=NA(),=NA(),1.6886450052261353,1.4163999557495117,0.34380000829696655,0.08399999886751175,=NA(),20,1013.25,35.84298324584961,43.16746520996094,885.1099853515625,833.2900390625,51.81999969482422,47.54125213623047,5313.7001953125,4924.18994140625,4930.9228515625,37.34482955932617,8.25243091583252,8.1692533493042,44.94611740112305,8.715733528137207,0.029315313324332237,0,0.0010834999848157167,0,389.51025390625,-6.73291015625
231,11,0,1,Day,,48.89738464355469,41.10261535644531,14.262356758117676,471.6000061035156,342.3466796875,196.61000061035156,0.7259259223937988,14.050012588500977,1.8499000072479248,=NA(),=NA(),1.5193650722503662,1.4163999557495117,0.34380000829696655,0.08399999886751175,=NA(),20,1013.25,15.768851280212402,46.91220474243164,508.864990234375,474.385009765625,34.474998474121094,34.733116149902344,2985.860107421875,2886.030029296875,2889.866455078125,38.84202575683594,4.650038719177246,4.621840476989746,45.53997039794922,4.902596950531006,0.01646212488412857,0,0.0007247499888762832,0,99.830078125,-3.83642578125
231,12,0,1,Day,,47.91703796386719,42.08296203613281,354.705322265625,659.7999877929688,304.992919921875,529.4000244140625,0.46225056052207947,15.119989395141602,2.109999895095825,=NA(),=NA(),1.490463376045227,1.4163999557495117,0.34380000829696655,0.08399999886751175,=NA(),20,1013.25,-5.834667682647705,47.64702224731445,704.905029296875,661.7050170898438,43.19499969482422,43.923118591308594,4187.68994140625,3926.5400390625,3930.49169921875,37.79091262817383,6.500392913818359,6.493619441986084,44.96249008178711,6.8579888343811035,0.023043999448418617,0,0.0009383750148117542,0,261.14990234375,-3.95166015625
231,13,0,1,Day,,51.042198181152344,38.957801818847656,335.8634948730469,645.3099975585938,309.30712890625,534.4000244140625,0.4793155789375305,16.110010147094727,2.150099992752075,=NA(),=NA(),1.5883406400680542,1.4163999557495117,0.34380000829696655,0.08399999886751175,=NA(),20,1013.25,-26.826887130737305,45.20447540283203,729.9349975585938,687.530029296875,42.404998779296875,45.87749481201172,4366.02001953125,4066.8798828125,4072.3095703125,37.529693603515625,6.781827926635742,6.736175060272217,44.787845611572266,7.163218975067139,0.024104436859488487,0,0.0008900000248104334,0,299.14013671875,-5.4296875
231,14,0,1,Day,,57.596309661865234,32.403690338134766,319.7241516113281,554,307.387451171875,460.20001220703125,0.5548509955406189,16.70000648498535,1.8799999952316284,=NA(),=NA(),1.8620717525482178,1.4163999557495117,0.34380000829696655,0.08399999886751175,=NA(),20,1013.25,-45.52583694458008,40.10167694091797,712.9199829101562,667.3599853515625,45.564998626708984,45.776878356933594,4277.10986328125,3985.06005859375,3989.3125,37.545501708984375,6.640897274017334,6.53897762298584,44.76167297363281,7.011838912963867,0.023554688319563866,0,0.0009348124731332064,0,292.0498046875,-4.25244140625
231,15,0,1,Day,,66.54662322998047,23.453372955322266,306.6038513183594,377.4100036621094,262.14447021484375,289.6099853515625,0.6945880055427551,15.800012588500977,1.1800999641418457,=NA(),=NA(),2.5006906986236572,1.4163999557495117,0.34380000829696655,0.08399999886751175,=NA(),20,1013.25,-60,33.19728088378906,583.9450073242188,536.1199951171875,47.82499694824219,39.55126190185547,3473.699951171875,3304.2099609375,3308.852294921875,38.28249740600586,5.402177810668945,5.280491828918457,45.18428039550781,5.700799942016602,0.01908174902200699,0,0.0008599375141784549,0,169.489990234375,-4.642333984375
231,16,0,1,Day,,77.01063537597656,12.989363670349121,295.8492126464844,69.40599822998047,69.06814575195312,1.503100037574768,0.9951322078704834,14.929986953735352,1.0200999975204468,=NA(),=NA(),4.371088027954102,1.4163999557495117,0.34380000829696655,0.08399999886751175,=NA(),20,1013.25,-22.755807876586914,56.874839782714844,76.42500305175781,69.66999816894531,6.755000114440918,18.07500648498535,406.2900085449219,415.8399963378906,415.89874267578125,38.8400993347168,0.6692319512367249,0.6549565196037292,44.37517166137695,0.7122538685798645,0.0023766248486936092,0,0.0001366875076200813,0,-9.54998779296875,-0.058746337890625
231,17,0,1,Night,Sun above horizon but GHI below 1,86.4072036743164,3.5927958488464355,288.0483093261719,0,0,0,0,12.129999160766602,1.100100040435791,=NA(),0,13.336538314819336,1.4163999557495117,0.34380000829696655,0.08399999886751175,=NA(),20,1013.25,0,0,0,0,0,12.129999160766602,0,0,0,0,0,0,0,0,0,0,0,0,0,0
231,18,0,1,Night,,100.57124328613281,-10.571246147155762,278.174560546875,0,0,0,0,8.850000381469727,1.1399999856948853,=NA(),0,64.81599426269531,1.4163999557495117,0.34380000829696655,0.08399999886751175,=NA(),20,1013.25,0,0,0,0,0,8.850000381469727,0,0,0,0,0,0,0,0,0,0,0,0,0,0
231,19,0,1,Night,,112.76709747314453,-22.7670955657959,269.7686767578125,0,0,0,0,6.450097560882568,1.1699999570846558,=NA(),0,64.81599426269531,1.4163999557495117,0.34380000829696655,0.08399999886751175,=NA(),20,1013.25,0,0,0,0,0,6.450006008148193,0,0,0,0,0,0,0,0,0,0,0,0,0,0
231,20,0,1,Night,,124.97069549560547,-34.970699310302734,260.5340270996094,0,0,0,0,6.000085353851318,1.2798999547958374,=NA(),0,64.81599426269531,1.4163999557495117,0.34380000829696655,0.08399999886751175,=NA(),20,1013.25,0,0,0,0,0,5.999993801116943,0,0,0,0,0,0,0,0,0,0,0,0,0,0
231,21,0,1,Night,,136.8021697998047,-46.802162170410156,249.0777587890625,0,0,0,0,5.339990139007568,1.4499000310897827,=NA(),0,64.81599426269531,1.4163999557495117,0.34380000829696655,0.08399999886751175,=NA(),20,1013.25,0,0,0,0,0,5.339990139007568,0,0,0,0,0,0,0,0,0,0,0,0,0,0
231,22,0,1,Night,,147.54136657714844,-57.54136276245117,232.69281005859375,0,0,0,0,3.9399962425231934,1.5399999618530273,=NA(),0,64.81599426269531,1.4163999557495117,0.34380000829696655,0.08399999886751175,=NA(),20,1013.25,0,0,0,0,0,3.9399962425231934,0,0,0,0,0,0,0,0,0,0,0,0,0,0
231,23,0,1,Night,,155.45635986328125,-65.45635986328125,206.4865264892578,0,0,0,0,3.1502013206481934,1.7200000286102295,=NA(),0,64.81599426269531,1.4163999557495117,0.34380000829696655,0.08399999886751175,=NA(),20,1013.25,0,0,0,0,0,3.1499876976013184,0,0,0,0,0,0,0,0,0,0,0,0,0,0
232,0,0,1,Night,,157.23193359375,-67.23194122314453,169.7262420654297,0,0,0,0,3.9898924827575684,1.910099983215332,=NA(),0,64.81599426269531,1.4163999557495117,0.34380000829696655,0.08399999886751175,=NA(),20,1013.25,0,0,0,0,0,3.9900145530700684,0,0,0,0,0,0,0,0,0,0,0,0,0,0
232,1,0,1,Night,,151.66860961914062,-61.668609619140625,137.8253173828125,0,0,0,0,1.909814476966858,2.109999895095825,=NA(),0,64.81599426269531,1.4163999557495117,0.34380000829696655,0.08399999886751175,=NA(),20,1013.25,0,0,0,0,0,1.909997582435608,0,0,0,0,0,0,0,0,0,0,0,0,0,0
232,2,0,1,Night,,141.89718627929688,-51.89718246459961,117.66460418701172,0,0,0,0,1.589990258216858,2.300100088119507,=NA(),0,64.81599426269531,1.4163999557495117,0.34380000829696655,0.08399999886751175,=NA(),20,1013.25,0,0,0,0,0,1.589990258216858,0,0,0,0,0,0,0,0,0,0,0,0,0,0
232,3,0,1,Night,,130.42892456054688,-40.428924560546875,104.4267349243164,0,0,0,0,1.800103783607483,2.5499000549316406,=NA(),0,64.81599426269531,1.4163999557495117,0.34380000829696655,0.08399999886751175,=NA(),20,1013.25,0,0,0,0,0,1.800012230873108,0,0,0,0,0,0,0,0,0,0,0,0,0,0
232,4,0,1,Night,,118.32608795166016,-28.326086044311523,94.41419219970703,0,0,0,0,0.8601013422012329,2.819999933242798,=NA(),0,64.81599426269531,1.4163999557495117,0.34380000829696655,0.08399999886751175,=NA(),20,1013.25,0,0,0,0,0,0.8600097894668579,0,0,0,0,0,0,0,0,0,0,0,0,0,0
232,5,0,1,Night,,106.07402801513672,-16.07402992248535,85.77012634277344,0,0,0,0,0.4200073182582855,2.990000009536743,=NA(),0,64.81599426269531,1.4163999557495117,0.34380000829696655,0.08399999886751175,=NA(),20,1013.25,0,0,0,0,0,0.4200073182582855,0,0,0,0,0,0,0,0,0,0,0,0,0,0
232,6,0,1,Day,,88.85466766357422,1.1453319787979126,74.1488037109375,2.5004000663757324,2.5004000663757324,0,1,0.3800903260707855,3.100100040435791,=NA(),=NA(),25.086828231811523,1.4163999557495117,0.34380000829696655,0.08399999886751175,=NA(),20,1013.25,1.7050447463989258,87.21451568603516,2.700000047683716,2.5,0.20000000298023224,0.4999938905239105,9.119999885559082,9.760000228881836,9.760437965393066,35.05183410644531,0.017403574660420418,0.017377417534589767,40.81217956542969,0.02502547577023506,0.00008499999967170879,0,0.000003999999989900971,0,-0.6400003433227539,-0.00043773651123046875
232,7,0,1,Day,,82.00273132324219,7.9972710609436035,68.68498992919922,143.60000610351562,126.98836517333984,119.4000015258789,0.884320080280304,1.679803490638733,3.859999895095825,=NA(),=NA(),6.860337734222412,1.4163999557495117,0.34380000829696655,0.08399999886751175,=NA(),20,1013.25,12.68089771270752,70.22981262207031,232.02000427246094,224.57998657226562,7.440000057220459,11.068140029907227,1273.7900390625,1331.1900634765625,1333.0015869140625,41.31372833251953,2.0165839195251465,2.007739782333374,47.2232780456543,2.1197609901428223,0.007346500176936388,0,0.0001599374954821542,0,-57.4000244140625,-1.8115234375
232,8,0,1,Day,,71.04851531982422,18.951486587524414,58.74827194213867,336.0899963378906,245.3856964111328,279.2900085449219,0.730118989944458,6.149713039398193,3.2100000381469727,=NA(),=NA(),3.0554001331329346,1.4163999557495117,0.34380000829696655,0.08399999886751175,=NA(),20,1013.25,43.09828567504883,37.853084564208984,575.135009765625,547.864990234375,27.270000457763672,29.35686683654785,3420.010009765625,3365.3798828125,3369.916259765625,39.66905212402344,5.309515953063965,5.2074875831604,46.483131408691406,5.5890793800354,0.01900906302034855,0,0.0006296875071711838,0,54.630126953125,-4.536376953125
232,9,0,1,Day,,61.26700973510742,28.73299217224121,46.82300567626953,493.6000061035156,297.12628173828125,408.70001220703125,0.6019576191902161,10.409997940063477,3.950000047683716,=NA(),=NA(),2.074144124984741,1.4163999557495117,0.34380000829696655,0.08399999886751175,=NA(),20,1013.25,53.064781188964844,36.870025634765625,688.010009765625,640.989990234375,47.025001525878906,38.276878356933594,4146.1201171875,3962.469970703125,3967.40869140625,38.54375076293945,6.433460712432861,6.314436912536621,45.674285888671875,6.7810468673706055,0.02276293747127056,0,0.0009834375232458115,0,183.650146484375,-4.938720703125
232,10,0,1,Day,,53.43659591674805,36.56340408325195,32.09271240234375,615.5,310.97802734375,511.19000244140625,0.5052445530891418,14.980005264282227,3.9899001121520996,=NA(),=NA(),1.6760156154632568,1.4163999557495117,0.34380000829696655,0.08399999886751175,=NA(),20,1013.25,35.615509033203125,42.87968063354492,730.27001953125,687.0499877929688,43.220001220703125,44.704368591308594,4378.81005859375,4095.2900390625,4101.087890625,37.685970306396484,6.801466941833496,6.731909275054932,44.945098876953125,7.181532859802246,0.024164186790585518,0,0.000902687490452081,0,283.52001953125,-5.7978515625
232,11,0,1,Day,,48.56491470336914,41.43508529663086,14.27760124206543,682.2100219726562,307.6476135253906,566,0.450957328081131,16.659997940063477,3.7899999618530273,=NA(),=NA(),1.5093896389007568,1.4163999557495117,0.34380000829696655,0.08399999886751175,=NA(),20,1013.25,15.609865188598633,46.59788131713867,741.635009765625,697.1099853515625,44.525001525878906,46.956260681152344,4425.47998046875,4107.08984375,4112.13330078125,37.39220428466797,6.873314380645752,6.850343227386475,44.67367172241211,7.259096145629883,0.024385374039411545,0,0.0009469999931752682,0,318.39013671875,-5.04345703125
232,12,0,1,Day,,47.59474563598633,42.40525436401367,354.5929870605469,547.5,335.8893737792969,313.7900085449219,0.6134966015815735,17.600000381469727,3.660099983215332,=NA(),=NA(),1.4812933206558228,1.4163999557495117,0.34380000829696655,0.08399999886751175,=NA(),20,1013.25,-5.890717029571533,47.31633377075195,585.6749877929688,548.4949951171875,37.18000030517578,41.534385681152344,3454.81005859375,3264.1298828125,3267.911865234375,38.017024993896484,5.3724470138549805,5.365159511566162,44.915836334228516,5.669061660766602,0.01902812533080578,0,0.0008069999748840928,0,190.68017578125,-3.781982421875
232,13,0,1,Day,,50.75422286987305,39.24577713012695,335.64794921875,561.5,316.34881591796875,387.5,0.5633994936943054,18.159997940063477,3.4298999309539795,=NA(),=NA(),1.5785893201828003,1.4163999557495117,0.34380000829696655,0.08399999886751175,=NA(),20,1013.25,-26.782724380493164,44.87290573120117,629.4349975585938,590.114990234375,39.31999969482422,43.826866149902344,3743.409912109375,3509.889892578125,3514.99658203125,37.73643112182617,5.821644306182861,5.771302700042725,44.76556396484375,6.148649215698242,0.020647438243031502,0,0.0008186874911189079,0,233.52001953125,-5.106689453125
232,14,0,1,Day,,57.35245132446289,32.64754867553711,319.454833984375,195.6999969482422,192.08787536621094,6.695700168609619,0.9815425276756287,17.860010147094727,3.130000114440918,=NA(),=NA(),1.8497600555419922,1.4163999557495117,0.34380000829696655,0.08399999886751175,=NA(),20,1013.25,-45.415061950683594,39.77946472167969,199.04998779296875,167.78500366210938,31.264999389648438,26.12688636779785,1081.469970703125,1075,1070.98095703125,39.23013687133789,1.705838918685913,1.6178975105285645,44.90574264526367,1.8165810108184814,0.005788375157862902,0,0.000621812476310879,0,6.469970703125,4.01904296875
232,15,0,1,Day,,66.34355926513672,23.65644073486328,306.31549072265625,78.00199890136719,77.60134887695312,0.9984999895095825,0.9948635697364807,16.3799991607666,1.9901000261306763,=NA(),=NA(),2.4806787967681885,1.4163999557495117,0.34380000829696655,0.08399999886751175,=NA(),20,1013.25,-60,32.88072204589844,72.90499877929688,53.970001220703125,18.935001373291016,19.46062660217285,369.29998779296875,376.1199951171875,371.0924072265625,38.92699432373047,0.5955471992492676,0.5468323826789856,44.01321029663086,0.6479604244232178,0.0019519374473020434,0,0.0003436249971855432,0,-6.82000732421875,5.027587890625
232,16,0,1,Day,,76.84013366699219,13.15986442565918,295.5552673339844,18.597000122070312,18.574710845947266,0.09790000319480896,0.9988014698028564,15.249994277954102,2.3399999141693115,=NA(),=NA(),4.317505359649658,1.4163999557495117,0.34380000829696655,0.08399999886751175,=NA(),20,1013.25,-23.055620193481445,56.391357421875,19.375,17.475000381469727,1.899999976158142,16.061243057250977,93.43999481201172,96.59000396728516,96.52061462402344,36.8986930847168,0.1634828895330429,0.15936392545700073,42.238399505615234,0.17980016767978668,0.0005963125149719417,0,0.00003837500116787851,0,-3.1500091552734375,0.06938934326171875
232,17,0,1,Night,Sun above horizon but GHI below 1,86.33169555664062,3.6683030128479004,287.69622802734375,0,0,0,0,14.529993057250977,2.819999933242798,=NA(),0,13.133522033691406,1.4163999557495117,0.34380000829696655,0.08399999886751175,=NA(),20,1013.25,0,0,0,0,0,14.529993057250977,0,0,0,0,0,0,0,0,0,0,0,0,0,0
232,18,0,1,Night,,100.4356460571289,-10.435647964477539,277.86383056640625,0,0,0,0,12.999994277954102,2.6900999546051025,=NA(),0,64.81599426269531,1.4163999557495117,0.34380000829696655,0.08399999886751175,=NA(),20,1013.25,0,0,0,0,0,12.999994277954102,0,0,0,0,0,0,0,0,0,0,0,0,0,0
232,19,0,1,Night,,112.63612365722656,-22.63612174987793,269.4351806640625,0,0,0,0,11.580011367797852,2.0999999046325684,=NA(),0,64.81599426269531,1.4163999557495117,0.34380000829696655,0.08399999886751175,=NA(),20,1013.25,0,0,0,0,0,11.580011367797852,0,0,0,0,0,0,0,0,0,0,0,0,0,0
232,20,0,1,Night,,124.833251953125,-34.833251953125,260.1622009277344,0,0,0,0,11.700006484985352,1.7999999523162842,=NA(),0,64.81599426269531,1.4163999557495117,0.34380000829696655,0.08399999886751175,=NA(),20,1013.25,0,0,0,0,0,11.700006484985352,0,0,0,0,0,0,0,0,0,0,0,0,0,0
232,21,0,1,Night,,136.6422882080078,-46.64228820800781,248.64895629882812,0,0,0,0,11.580011367797852,1.1198999881744385,=NA(),0,64.81599426269531,1.4163999557495117,0.34380000829696655,0.08399999886751175,=NA(),20,1013.25,0,0,0,0,0,11.580011367797852,0,0,0,0,0,0,0,0,0,0,0,0,0,0
232,22,0,1,Night,,147.3338623046875,-57.3338623046875,232.2047119140625,0,0,0,0,10.890008926391602,1.6299999952316284,=NA(),0,64.81599426269531,1.4163999557495117,0.34380000829696655,0.08399999886751175,=NA(),20,1013.25,0,0,0,0,0,10.890008926391602,0,0,0,0,0,0,0,0,0,0,0,0,0,0
232,23,0,1,Night,,155.17185974121094,-65.1718521118164,206.06333923339844,0,0,0,0,11.399988174438477,2.389899969100952,=NA(),0,64.81599426269531,1.4163999557495117,0.34380000829696655,0.08399999886751175,=NA(),20,1013.25,0,0,0,0,0,11.399988174438477,0,0,0,0,0,0,0,0,0,0,0,0,0,0
233,0,0,1,Night,,156.89700317382812,-66.89700317382812,169.70391845703125,0,0,0,0,10.559991836547852,2.5899999141693115,=NA(),0,64.81599426269531,1.4163999557495117,0.34380000829696655,0.08399999886751175,=NA(),20,1013.25,0,0,0,0,0,10.559991836547852,0,0,0,0,0,0,0,0,0,0,0,0,0,0
233,1,0,1,Night,,151.36233520507812,-61.362335205078125,138.11143493652344,0,0,0,0,11.360010147094727,2.54010009765625,=NA(),0,64.81599426269531,1.4163999557495117,0.34380000829696655,0.08399999886751175,=NA(),20,1013.25,0,0,0,0,0,11.360010147094727,0,0,0,0,0,0,0,0,0,0,0,0,0,0
233,2,0,1,Night,,141.631591796875,-51.63159942626953,117.99595642089844,0,0,0,0,11.529993057250977,2.5899999141693115,=NA(),0,64.81599426269531,1.4163999557495117,0.34380000829696655,0.08399999886751175,=NA(),20,1013.25,0,0,0,0,0,11.529993057250977,0,0,0,0,0,0,0,0,0,0,0,0,0,0
233,3,0,1,Night,,130.18739318847656,-40.18739318847656,104.73265838623047,0,0,0,0,11.929986953735352,2.990000009536743,=NA(),0,64.81599426269531,1.4163999557495117,0.34380000829696655,0.08399999886751175,=NA(),20,1013.25,0,0,0,0,0,11.929986953735352,0,0,0,0,0,0,0,0,0,0,0,0,0,0
233,4,0,1,Night,,118.09429931640625,-28.09429931640625,94.6904525756836,0,0,0,0,11.300012588500977,3.559999942779541,=NA(),0,64.81599426269531,1.4163999557495117,0.34380000829696655,0.08399999886751175,=NA(),20,1013.25,0,0,0,0,0,11.300012588500977,0,0,0,0,0,0,0,0,0,0,0,0,0,0
233,5,0,1,Night,,105.84170532226562,-15.84170913696289,86.02360534667969,0,0,0,0,11.279993057250977,3.7200000286102295,=NA(),0,64.81599426269531,1.4163999557495117,0.34380000829696655,0.08399999886751175,=NA(),20,1013.25,0,0,0,0,0,11.279993057250977,0,0,0,0,0,0,0,0,0,0,0,0,0,0
233,6,0,1,Night,Sun above horizon but GHI below 1,88.74703979492188,1.252963662147522,74.45985412597656,0.5078999996185303,0.50770103931427,0,0.9996082782745361,9.309991836547852,4.25,=NA(),0,24.234161376953125,1.4163999557495117,0.34380000829696655,0.08399999886751175,=NA(),20,1013.25,0,0,0,0,0,9.309991836547852,0,0,0,0,0,0,0,0,0,0,0,0,0,0
233,7,0,1,Day,,81.75630950927734,8.243687629699707,68.90852355957031,135.8000030517578,120.81498718261719,104.51000213623047,0.8896538019180298,9.990015029907227,4.96999979019165,=NA(),=NA(),6.6740031242370605,1.4163999557495117,0.34380000829696655,0.08399999886751175,=NA(),20,1013.25,13.077873229980469,69.59832000732422,217.5800018310547,210.39500427246094,7.185000419616699,18.820642471313477,1209.9000244140625,1232.9000244140625,1234.53271484375,40.14900588989258,1.921798825263977,1.9131056070327759,46.091827392578125,2.0243008136749268,0.0069883125834167,0,0.0001536250056233257,0,-23,-1.6326904296875
233,8,0,1,Day,,70.77706909179688,19.222930908203125,58.955474853515625,223.3000030517578,197.38845825195312,78.69999694824219,0.8839608430862427,12.279993057250977,5.189899921417236,=NA(),=NA(),3.014591693878174,1.4163999557495117,0.34380000829696655,0.08399999886751175,=NA(),20,1013.25,44.270084381103516,36.82482147216797,324.05999755859375,298.70501708984375,25.354999542236328,25.475610733032227,1861.6600341796875,1854.9100341796875,1855.174072265625,39.766357421875,2.9156932830810547,2.8267111778259277,45.930328369140625,3.0770604610443115,0.010264812968671322,0,0.0005729999975301325,0,6.75,-0.2640380859375
233,9,0,1,Day,,60.969573974609375,29.030426025390625,47.00053024291992,501.6099853515625,299.4884948730469,416.510009765625,0.5970544815063477,14.240015029907227,5.490099906921387,=NA(),=NA(),2.0548648834228516,1.4163999557495117,0.34380000829696655,0.08399999886751175,=NA(),20,1013.25,52.80641174316406,36.60590744018555,698.0450439453125,650.760009765625,47.28499984741211,42.599388122558594,4209.2197265625,3964.570068359375,3969.896484375,37.96029281616211,6.536439895629883,6.417665481567383,45.14314651489258,6.8988261222839355,0.023115750402212143,0,0.0009882500162348151,0,244.649658203125,-5.326416015625
233,10,0,1,Day,,53.114017486572266,36.885982513427734,32.210350036621094,668.9000244140625,333.67462158203125,558.5,0.4988408088684082,16.719995498657227,5.309999942779541,=NA(),=NA(),1.663474678993225,1.4163999557495117,0.34380000829696655,0.08399999886751175,=NA(),20,1013.25,35.38580322265625,42.589027404785156,793.5750122070312,747.1300048828125,46.44499969482422,49.11937713623047,4762.7001953125,4388.009765625,4394.09814453125,37.115421295166016,7.399439334869385,7.327003002166748,44.533512115478516,7.820566654205322,0.026280000805854797,0,0.0009711250313557684,0,374.6904296875,-6.08837890625
233,11,0,1,Day,,48.22873306274414,41.77126693725586,14.291117668151855,409.8900146484375,339.0840148925781,106.29000091552734,0.8272560834884644,17.480005264282227,5.019899845123291,=NA(),=NA(),1.4994854927062988,1.4163999557495117,0.34380000829696655,0.08399999886751175,=NA(),20,1013.25,15.448888778686523,46.28036117553711,440.3599853515625,408.7200012207031,31.64000129699707,35.43999481201172,2560.5,2468.159912109375,2470.890625,38.62590789794922,3.9981184005737305,3.9685146808624268,45.17042922973633,4.218255043029785,0.01412262488156557,0,0.000662375008687377,0,92.340087890625,-2.730712890625
233,12,0,1,Day,,47.269432067871094,42.730567932128906,354.47625732421875,543.3900146484375,338.9424133300781,301.29998779296875,0.6237553358078003,18.7600040435791,4.75,=NA(),=NA(),1.4721975326538086,1.4163999557495117,0.34380000829696655,0.08399999886751175,=NA(),20,1013.25,-5.948903560638428,46.98219299316406,581.3350219726562,544.375,36.96500015258789,42.53874969482422,3428.47998046875,3228.02001953125,3231.51806640625,37.877471923828125,5.332189559936523,5.32464599609375,44.77063751220703,5.628012180328369,0.01888437569141388,0,0.0008022499969229102,0,200.4599609375,-3.498046875
233,13,0,1,Day,,50.46428298950195,39.53571701049805,335.4266052246094,637.6099853515625,307.10211181640625,519.2100219726562,0.48164570331573486,19.07000160217285,4.349999904632568,=NA(),=NA(),1.568930983543396,1.4163999557495117,0.34380000829696655,0.08399999886751175,=NA(),20,1013.25,-26.740636825561523,44.537601470947266,721.06494140625,679.2349853515625,41.83000183105469,48.53685760498047,4312.89013671875,3980.260009765625,3985.458740234375,37.16701126098633,6.70196008682251,6.657080173492432,44.42005157470703,7.082913875579834,0.02381412498652935,0,0.0008783125085756183,0,332.630126953125,-5.19873046875
233,14,0,1,Day,,57.107666015625,32.892333984375,319.17987060546875,506,300.6084899902344,378.2099914550781,0.5940878987312317,19.45000648498535,3.7599000930786133,=NA(),=NA(),1.8375966548919678,1.4163999557495117,0.34380000829696655,0.08399999886751175,=NA(),20,1013.25,-45.30609893798828,39.45337677001953,643.125,599.7550048828125,43.36499786376953,45.68498992919922,3842.0400390625,3579.530029296875,3584.67041015625,37.498783111572266,5.974740505218506,5.8787922859191895,44.5721435546875,6.314568042755127,0.021137375384569168,0,0.0008865625131875277,0,262.510009765625,-5.140380859375
233,15,0,1,Day,,66.14034271240234,23.85965347290039,306.0221862792969,215.89999389648438,202.18792724609375,33.89899826049805,0.9364888072013855,19.0200138092041,2.2100000381469727,=NA(),=NA(),2.460999011993408,1.4163999557495117,0.34380000829696655,0.08399999886751175,=NA(),20,1013.25,-60,32.560733795166016,248.02999877929688,204.5150146484375,43.51499938964844,29.2700138092041,1383.1700439453125,1360.25,1356.2772216796875,39.07210159301758,2.169119119644165,2.062189817428589,44.90407943725586,2.305727005004883,0.007338500116020441,0,0.0007889374974183738,0,22.9200439453125,3.9727783203125
233,16,0,1,Day,,76.67012786865234,13.329874992370605,295.2569885253906,134.00999450683594,127.41444396972656,28.60700035095215,0.9507831335067749,18.4999942779541,1.910099983215332,=NA(),=NA(),4.265381336212158,1.4163999557495117,0.34380000829696655,0.08399999886751175,=NA(),20,1013.25,-23.355161666870117,55.906898498535156,173.76499938964844,162.52499389648438,11.239999771118164,25.603113174438477,971.9199829101562,967.9400024414062,968.421875,38.93639373779297,1.5544849634170532,1.529457449913025,44.79740905761719,1.6432985067367554,0.005555124953389168,0,0.00022837499273009598,0,3.97998046875,-0.48187255859375
233,17,0,1,Night,Sun above horizon but GHI below 1,86.24221801757812,3.757779121398926,287.3500061035156,0,0,0,0,14.980005264282227,1.5700000524520874,=NA(),0,12.900177001953125,1.4163999557495117,0.34380000829696655,0.08399999886751175,=NA(),20,1013.25,0,0,0,0,0,14.980005264282227,0,0,0,0,0,0,0,0,0,0,0,0,0,0
233,18,0,1,Night,,100.30171966552734,-10.30172061920166,277.5494689941406,0,0,0,0,9.750085830688477,1.1800999641418457,=NA(),0,64.81599426269531,1.4163999557495117,0.34380000829696655,0.08399999886751175,=NA(),20,1013.25,0,0,0,0,0,9.749994277954102,0,0,0,0,0,0,0,0,0,0,0,0,0,0
233,19,0,1,Night,,112.50566864013672,-22.50567054748535,269.09820556640625,0,0,0,0,8.080194473266602,0.7998999953269958,=NA(),0,64.81599426269531,1.4163999557495117,0.34380000829696655,0.08399999886751175,=NA(),20,1013.25,0,0,0,0,0,8.080011367797852,0,0,0,0,0,0,0,0,0,0,0,0,0,0
233,20,0,1,Night,,124.69541931152344,-34.69541931152344,259.7870178222656,0,0,0,0,7.709893703460693,0.460099995136261,=NA(),0,64.81599426269531,1.4163999557495117,0.34380000829696655,0.08399999886751175,=NA(),20,1013.25,0,0,0,0,0,7.709985256195068,0,0,0,0,0,0,0,0,0,0,0,0,0,0
233,21,0,1,Night,,136.48104858398438,-46.48104476928711,248.2172088623047,0,0,0,0,7.120202541351318,0.5,=NA(),0,64.81599426269531,1.4163999557495117,0.34380000829696655,0.08399999886751175,=NA(),20,1013.25,0,0,0,0,0,7.119988918304443,0,0,0,0,0,0,0,0,0,0,0,0,0,0
233,22,0,1,Night,,147.1239013671875,-57.1239013671875,231.71533203125,0,0,0,0,6.520013332366943,1.0300999879837036,=NA(),0,64.81599426269531,1.4163999557495117,0.34380000829696655,0.08399999886751175,=NA(),20,1013.25,0,0,0,0,0,6.520013332366943,0,0,0,0,0,0,0,0,0,0,0,0,0,0
233,23,0,1,Night,,154.88436889648438,-64.8843765258789,205.641845703125,0,0,0,0,5.020196437835693,1.5801000595092773,=NA(),0,64.81599426269531,1.4163999557495117,0.34380000829696655,0.08399999886751175,=NA(),20,1013.25,0,0,0,0,0,5.020013332366943,0,0,0,0,0,0,0,0,0,0,0,0,0,0
234,0,0,1,Night,,156.55892944335938,-66.55892181396484,169.67822265625,0,0,0,0,4.520287990570068,2.0999999046325684,=NA(),0,64.81599426269531,1.4163999557495117,0.34380000829696655,0.08399999886751175,=NA(),20,1013.25,0,0,0,0,0,4.520013332366943,0,0,0,0,0,0,0,0,0,0,0,0,0,0
234,1,0,1,Night,,151.05218505859375,-61.05218505859375,138.39208984375,0,0,0,0,4.540307521820068,2.490000009536743,=NA(),0,64.81599426269531,1.4163999557495117,0.34380000829696655,0.08399999886751175,=NA(),20,1013.25,0,0,0,0,0,4.540002346038818,0,0,0,0,0,0,0,0,0,0,0,0,0,0
234,2,0,1,Night,,141.3622589111328,-51.36225891113281,118.32493591308594,0,0,0,0,4.120110988616943,2.8798999786376953,=NA(),0,64.81599426269531,1.4163999557495117,0.34380000829696655,0.08399999886751175,=NA(),20,1013.25,0,0,0,0,0,4.119988918304443,0,0,0,0,0,0,0,0,0,0,0,0,0,0
234,3,0,1,Night,,129.9428253173828,-39.942832946777344,105.03814697265625,0,0,0,0,3.6700987815856934,3.2100000381469727,=NA(),0,64.81599426269531,1.4163999557495117,0.34380000829696655,0.08399999886751175,=NA(),20,1013.25,0,0,0,0,0,3.6700072288513184,0,0,0,0,0,0,0,0,0,0,0,0,0,0
234,4,0,1,Night,,117.86062622070312,-27.860628128051758,94.96720886230469,0,0,0,0,2.8697142601013184,3.410099983215332,=NA(),0,64.81599426269531,1.4163999557495117,0.34380000829696655,0.08399999886751175,=NA(),20,1013.25,0,0,0,0,0,2.8699889183044434,0,0,0,0,0,0,0,0,0,0,0,0,0,0
234,5,0,1,Night,,105.60969543457031,-15.609698295593262,86.2780532836914,0,0,0,0,2.3997130393981934,3.640000104904175,=NA(),0,64.81599426269531,1.4163999557495117,0.34380000829696655,0.08399999886751175,=NA(),20,1013.25,0,0,0,0,0,2.3999876976013184,0,0,0,0,0,0,0,0,0,0,0,0,0,0
234,6,0,1,Day,,88.63167572021484,1.3683277368545532,74.78689575195312,4.0046000480651855,4.004435062408447,0.006899999920278788,0.9999588131904602,2.4501891136169434,4.479899883270264,=NA(),=NA(),23.371505737304688,1.4163999557495117,0.34380000829696655,0.08399999886751175,=NA(),20,1013.25,2.0312302112579346,86.67170715332031,4.324999809265137,4,0.3199999928474426,2.6400084495544434,16.84000015258789,18.239999771118164,18.173524856567383,36.0787467956543,0.03148239105939865,0.031418707221746445,41.500892639160156,0.04010744020342827,0.0001356249995296821,0,0.000007000000096013537,0,-1.3999996185302734,0.06647491455078125
234,7,0,1,Day,,81.50069427490234,8.499302864074707,69.13352966308594,144.69000244140625,127.5913314819336,115.69000244140625,0.8818255066871643,4.100213527679443,4.75,=NA(),=NA(),6.490863800048828,1.4163999557495117,0.34380000829696655,0.08399999886751175,=NA(),20,1013.25,13.491910934448242,68.94091796875,234.8300018310547,227.3300018310547,7.5,13.627496719360352,1284.8900146484375,1331.7099609375,1333.5234375,40.958892822265625,2.0348503589630127,2.025270700454712,46.89302062988281,2.1404802799224854,0.007407687604427338,0,0.0001621249975869432,0,-46.8199462890625,-1.8134765625
234,8,0,1,Day,,70.50048828125,19.499513626098633,59.16424560546875,335.79998779296875,244.27235412597656,274.20001220703125,0.7274340987205505,8.540185928344727,4.789899826049805,=NA(),=NA(),2.974172830581665,1.4163999557495117,0.34380000829696655,0.08399999886751175,=NA(),20,1013.25,45.549156188964844,35.75291061401367,572.0800170898438,542.9299926757812,29.149999618530273,31.675012588500977,3404.699951171875,3324.989990234375,3329.07861328125,39.355045318603516,5.287031650543213,5.1789655685424805,46.173702239990234,5.569079875946045,0.018896562978625298,0,0.0006555625004693866,0,79.7099609375,-4.088623046875
234,9,0,1,Day,,60.66811752319336,29.33188247680664,47.1794319152832,501.3900146484375,298.4917297363281,414.19000244140625,0.5953284502029419,13.459985733032227,5.610000133514404,=NA(),=NA(),2.035740613937378,1.4163999557495117,0.34380000829696655,0.08399999886751175,=NA(),20,1013.25,52.54515075683594,36.339195251464844,695.5999755859375,648.594970703125,47.01000213623047,41.70000457763672,4194.7900390625,3963.070068359375,3968.512939453125,38.080108642578125,6.513597011566162,6.396538734436035,45.25319290161133,6.873784065246582,0.023040875792503357,0,0.0009815625380724669,0,231.719970703125,-5.44287109375
234,10,0,1,Day,,52.787757873535156,37.212242126464844,32.32844161987305,508.70001220703125,318.2581481933594,314.8999938964844,0.6256303191184998,17.70000648498535,6.219900131225586,=NA(),=NA(),1.6510320901870728,1.4163999557495117,0.34380000829696655,0.08399999886751175,=NA(),20,1013.25,35.15410232543945,42.29560470581055,591.3900146484375,552.1950073242188,39.19499969482422,41.78313446044922,3516.530029296875,3319.719970703125,3324.3779296875,37.98371124267578,5.470122814178467,5.399462699890137,44.916015625,5.774533748626709,0.019373875111341476,0,0.0008097499958239496,0,196.81005859375,-4.657958984375
234,11,0,1,Day,,47.88908386230469,42.11091613769531,14.302939414978027,713.0900268554688,313.639404296875,595.6900024414062,0.4398314356803894,18.95000648498535,6.5,=NA(),=NA(),1.489661693572998,1.4163999557495117,0.34380000829696655,0.08399999886751175,=NA(),20,1013.25,15.286166191101074,45.959869384765625,774.760009765625,728.375,46.38999938964844,50.70061492919922,4627.89013671875,4239.89013671875,4244.14794921875,36.909664154052734,7.186715602874756,7.163969993591309,44.27442169189453,7.594491481781006,0.02549625001847744,0,0.0009873750386759639,0,388,-4.2578125
234,12,0,1,Day,,46.94130325317383,43.05869674682617,354.3551330566406,732.7999877929688,315.0269470214844,611.9000244140625,0.4298948645591736,20.5200138092041,6.559999942779541,=NA(),=NA(),1.4631826877593994,1.4163999557495117,0.34380000829696655,0.08399999886751175,=NA(),20,1013.25,-6.009063243865967,46.64478302001953,782.8699951171875,735.1950073242188,47.67499923706055,52.724388122558594,4660.33984375,4239.35009765625,4242.25048828125,36.65106964111328,7.23418664932251,7.222755432128906,44.026397705078125,7.646380424499512,0.02563256211578846,0,0.0010356875136494637,0,420.98974609375,-2.900390625
234,13,0,1,Day,,50.17262268066406,39.82737731933594,335.199462890625,540.8900146484375,324.60101318359375,337.70001220703125,0.6001238822937012,21.20000648498535,6.329999923706055,=NA(),=NA(),1.5593734979629517,1.4163999557495117,0.34380000829696655,0.08399999886751175,=NA(),20,1013.25,-26.700725555419922,44.198768615722656,604.5349731445312,565.97998046875,38.55500030517578,45.91625213623047,3588.780029296875,3340.1201171875,3344.484130859375,37.43468475341797,5.583889007568359,5.532317161560059,44.4142951965332,5.899867534637451,0.01979093812406063,0,0.0008009374723769724,0,248.659912109375,-4.364013671875
234,14,0,1,Day,,56.86201477050781,33.13798522949219,318.89923095703125,504.8900146484375,301.48431396484375,372.0899963378906,0.597128689289093,21.399988174438477,5.28000020980835,=NA(),=NA(),1.8255822658538818,1.4163999557495117,0.34380000829696655,0.08399999886751175,=NA(),20,1013.25,-45.198890686035156,39.12348556518555,640.625,597.3099975585938,43.31500244140625,47.57750701904297,3825.130126953125,3540.27001953125,3545.12451171875,37.242191314697266,5.949535846710205,5.853100776672363,44.317569732666016,6.290825366973877,0.02104337513446808,0,0.0008849374717101455,0,284.860107421875,-4.8544921875
234,15,0,1,Day,,65.93672180175781,24.06328010559082,305.72393798828125,370.3999938964844,262.1069030761719,265.5899963378906,0.7076320648193359,21.33001136779785,3.909899950027466,=NA(),=NA(),2.441617488861084,1.4163999557495117,0.34380000829696655,0.08399999886751175,=NA(),20,1013.25,-60,32.23727798461914,562.9500122070312,515.0650024414062,47.88999938964844,44.308128356933594,3348.93994140625,3133.52001953125,3138.193359375,37.60687255859375,5.215604782104492,5.094715118408203,44.49541473388672,5.512312412261963,0.018371812999248505,0,0.0008651874959468842,0,215.419921875,-4.67333984375
234,16,0,1,Day,,76.49948120117188,13.500516891479492,294.9544982910156,136,129.18243408203125,29.202999114990234,0.9498708248138428,19.8699893951416,4.329999923706055,=NA(),=NA(),4.214328289031982,1.4163999557495117,0.34380000829696655,0.08399999886751175,=NA(),20,1013.25,-23.65695571899414,55.41818618774414,186.75,176.05499267578125,10.690000534057617,27.493127822875977,1052.5799560546875,1041.4200439453125,1042.40673828125,38.74932861328125,1.6813256740570068,1.656595230102539,44.67552185058594,1.776726245880127,0.006026562303304672,0,0.0002175624977098778,0,11.159912109375,-0.9866943359375
234,17,0,1,Night,Sun above horizon but GHI below 1,86.17570495605469,3.824291229248047,286.9826965332031,0,0,0,0,16.92998695373535,5.970099925994873,=NA(),0,12.731603622436523,1.4163999557495117,0.34380000829696655,0.08399999886751175,=NA(),20,1013.25,0,0,0,0,0,16.92998695373535,0,0,0,0,0,0,0,0,0,0,0,0,0,0
234,18,0,1,Night,,100.16490936279297,-10.164907455444336,277.2315979003906,0,0,0,0,15.700006484985352,6.960000038146973,=NA(),0,64.81599426269531,1.4163999557495117,0.34380000829696655,0.08399999886751175,=NA(),20,1013.25,0,0,0,0,0,15.700006484985352,0,0,0,0,0,0,0,0,0,0,0,0,0,0
234,19,0,1,Night,,112.37327575683594,-22.373279571533203,268.7578430175781,0,0,0,0,13.339990615844727,6.539899826049805,=NA(),0,64.81599426269531,1.4163999557495117,0.34380000829696655,0.08399999886751175,=NA(),20,1013.25,0,0,0,0,0,13.339990615844727,0,0,0,0,0,0,0,0,0,0,0,0,0,0
234,20,0,1,Night,,124.5555419921875,-34.555538177490234,259.4085388183594,0,0,0,0,13.100000381469727,5.000100135803223,=NA(),0,64.81599426269531,1.4163999557495117,0.34380000829696655,0.08399999886751175,=NA(),20,1013.25,0,0,0,0,0,13.100000381469727,0,0,0,0,0,0,0,0,0,0,0,0,0,0
234,21,0,1,Night,,136.31724548339844,-46.317237854003906,247.78268432617188,0,0,0,0,12.300012588500977,4.420000076293945,=NA(),0,64.81599426269531,1.4163999557495117,0.34380000829696655,0.08399999886751175,=NA(),20,1013.25,0,0,0,0,0,12.300012588500977,0,0,0,0,0,0,0,0,0,0,0,0,0,0
234,22,0,1,Night,,146.91065979003906,-56.91065979003906,231.22500610351562,0,0,0,0,11.399988174438477,4.930099964141846,=NA(),0,64.81599426269531,1.4163999557495117,0.34380000829696655,0.08399999886751175,=NA(),20,1013.25,0,0,0,0,0,11.399988174438477,0,0,0,0,0,0,0,0,0,0,0,0,0,0
234,23,0,1,Night,,154.5931854248047,-64.59317779541016,205.22232055664062,0,0,0,0,11.529993057250977,5.560100078582764,=NA(),0,64.81599426269531,1.4163999557495117,0.34380000829696655,0.08399999886751175,=NA(),20,1013.25,0,0,0,0,0,11.529993057250977,0,0,0,0,0,0,0,0,0,0,0,0,0,0
235,0,0,1,Night,,156.21713256835938,-66.21713256835938,169.6494140625,0,0,0,0,10.929986953735352,5.789999961853027,=NA(),0,64.81599426269531,1.4163999557495117,0.34380000829696655,0.08399999886751175,=NA(),20,1013.25,0,0,0,0,0,10.929986953735352,0,0,0,0,0,0,0,0,0,0,0,0,0,0
235,1,0,1,Night,,150.73731994628906,-60.73731231689453,138.66734313964844,0,0,0,0,11.379999160766602,5.819900035858154,=NA(),0,64.81599426269531,1.4163999557495117,0.34380000829696655,0.08399999886751175,=NA(),20,1013.25,0,0,0,0,0,11.379999160766602,0,0,0,0,0,0,0,0,0,0,0,0,0,0
235,2,0,1,Night,,141.0876922607422,-51.08768844604492,118.65149688720703,0,0,0,0,11.629999160766602,4.650000095367432,=NA(),0,64.81599426269531,1.4163999557495117,0.34380000829696655,0.08399999886751175,=NA(),20,1013.25,0,0,0,0,0,11.629999160766602,0,0,0,0,0,0,0,0,0,0,0,0,0,0
235,3,0,1,Night,,129.69288635253906,-39.69289016723633,105.34314727783203,0,0,0,0,11.300012588500977,3.420099973678589,=NA(),0,64.81599426269531,1.4163999557495117,0.34380000829696655,0.08399999886751175,=NA(),20,1013.25,0,0,0,0,0,11.300012588500977,0,0,0,0,0,0,0,0,0,0,0,0,0,0
235,4,0,1,Night,,117.62110137939453,-27.621097564697266,95.24443054199219,0,0,0,0,11.279993057250977,2.70989990234375,=NA(),0,64.81599426269531,1.4163999557495117,0.34380000829696655,0.08399999886751175,=NA(),20,1013.25,0,0,0,0,0,11.279993057250977,0,0,0,0,0,0,0,0,0,0,0,0,0,0
235,5,0,1,Night,,105.3707046508789,-15.37070369720459,86.53345489501953,0,0,0,0,9.680200576782227,2.389899969100952,=NA(),0,64.81599426269531,1.4163999557495117,0.34380000829696655,0.08399999886751175,=NA(),20,1013.25,0,0,0,0,0,9.679986953735352,0,0,0,0,0,0,0,0,0,0,0,0,0,0
235,6,0,1,Night,Sun above horizon but GHI below 1,88.5240249633789,1.4759787321090698,75.10824584960938,0.2930000126361847,0.2930000126361847,0,1,10.830011367797852,3.039900064468384,=NA(),0,22.611173629760742,1.4163999557495117,0.34380000829696655,0.08399999886751175,=NA(),20,1013.25,0,0,0,0,0,10.830011367797852,0,0,0,0,0,0,0,0,0,0,0,0,0,0
235,7,0,1,Day,,81.24693298339844,8.753067970275879,69.3600082397461,65.4020004272461,64.73188018798828,4.403600215911865,0.9897538423538208,12.260004043579102,4.079899787902832,=NA(),=NA(),6.31851053237915,1.4163999557495117,0.34380000829696655,0.08399999886751175,=NA(),20,1013.25,13.904412269592285,68.28581237792969,77.61500549316406,72.375,5.244999885559082,15.446863174438477,411.25,424.8800048828125,424.982421875,39.23955535888672,0.6769024133682251,0.6699442267417908,44.76734924316406,0.7194902896881104,0.002432249952107668,0,0.00011037499643862247,0,-13.6300048828125,-0.1024169921875
235,8,0,1,Day,,70.22211456298828,19.777889251708984,59.374610900878906,197.3000030517578,182.95223999023438,42.402000427246094,0.9272794723510742,14.159997940063477,4.149899959564209,=NA(),=NA(),2.9346280097961426,1.4163999557495117,0.34380000829696655,0.08399999886751175,=NA(),20,1013.25,46.9400520324707,34.64707565307617,268.27001953125,242.25,26.020000457763672,25.1350040435791,1518.6700439453125,1514.8800048828125,1513.9876708984375,39.64486312866211,2.3866498470306396,2.2994115352630615,45.62431716918945,2.524667978286743,0.008325125090777874,0,0.0005711250123567879,0,3.7900390625,0.892333984375
235,9,0,1,Day,,60.36345291137695,29.63654899597168,47.3597526550293,189.89999389648438,185.89541625976562,8.098299980163574,0.9789121747016907,14.629999160766602,4.539899826049805,=NA(),=NA(),2.016824960708618,1.4163999557495117,0.34380000829696655,0.08399999886751175,=NA(),20,1013.25,52.28194808959961,36.07020568847656,193.99000549316406,158.94000244140625,35.04999923706055,22.691858291625977,1046.72998046875,1052.8499755859375,1046.05908203125,39.781333923339844,1.642926812171936,1.5473805665969849,45.31719970703125,1.755855917930603,0.005499562714248896,0,0.0007123749819584191,0,-6.1199951171875,6.7908935546875
235,10,0,1,Day,,52.457740783691406,37.542259216308594,32.44704818725586,414.79998779296875,324.8604431152344,147.60000610351562,0.783173680305481,15.540002822875977,4.460100173950195,=NA(),=NA(),1.6386871337890625,1.4163999557495117,0.34380000829696655,0.08399999886751175,=NA(),20,1013.25,34.9204216003418,41.99933624267578,466.2749938964844,428.9599914550781,37.31999969482422,34.52312469482422,2729.780029296875,2639.889892578125,2642.370849609375,38.81520462036133,4.25477409362793,4.172577381134033,45.40634536743164,4.487305641174316,0.014982562512159348,0,0.0007580000092275441,0,89.89013671875,-2.48095703125
235,11,0,1,Day,,47.54570388793945,42.45429611206055,14.3131103515625,336.4100036621094,309.0002136230469,40.606998443603516,0.9185226559638977,15.179986953735352,5.109899997711182,=NA(),=NA(),1.4799119234085083,1.4163999557495117,0.34380000829696655,0.08399999886751175,=NA(),20,1013.25,15.12166976928711,45.63611602783203,360.41497802734375,333.5350036621094,26.885000228881836,29.871240615844727,2075.889892578125,2038.4200439453125,2039.083251953125,39.236724853515625,3.248046636581421,3.2217211723327637,45.53568649291992,3.4253711700439453,0.011486687697470188,0,0.0005621250020340085,0,37.4698486328125,-0.6632080078125
235,12,0,1,Day,,46.60994338989258,43.39005661010742,354.2296447753906,251.2899932861328,245.17857360839844,8.896300315856934,0.9756798148155212,14.339990615844727,6.699900150299072,=NA(),=NA(),1.4542380571365356,1.4163999557495117,0.34380000829696655,0.08399999886751175,=NA(),20,1013.25,-6.070962429046631,46.30369567871094,270.2449951171875,250.44500732421875,19.799999237060547,25.38750648498535,1530.68994140625,1525.6400146484375,1523.972412109375,39.611289978027344,2.4045767784118652,2.395862579345703,45.60512161254883,2.538909673690796,0.008536250330507755,0,0.00042806248529814184,0,5.0499267578125,1.6676025390625
235,13,0,1,Day,,49.87850570678711,40.12149429321289,334.966552734375,145.39999389648438,143.98699951171875,2.192699909210205,0.9902819991111755,12.399988174438477,7.640100002288818,=NA(),=NA(),1.5498926639556885,1.4163999557495117,0.34380000829696655,0.08399999886751175,=NA(),20,1013.25,-26.66219711303711,43.8558464050293,150.46499633789062,134.83999633789062,15.625,18.57500648498535,823.8499755859375,840.719970703125,839.403564453125,39.84857940673828,1.3164900541305542,1.2792134284973145,45.481021881103516,1.3949768543243408,0.004623999819159508,0,0.00031075000879354775,0,-16.8699951171875,1.31640625
235,14,0,1,Day,,56.614356994628906,33.385643005371094,318.6130676269531,15.901000022888184,15.899293899536133,0.003100000089034438,0.9998927116394043,9.790002822875977,7.649899959564209,=NA(),=NA(),1.813660979270935,1.4163999557495117,0.34380000829696655,0.08399999886751175,=NA(),20,1013.25,-45.09209442138672,38.789268493652344,15.399999618530273,12.655000686645508,2.744999885559082,10.449365615844727,70.11000061035156,74.0999984741211,73.60147094726562,37.45626449584961,0.12277297675609589,0.11451388895511627,42.60853576660156,0.13799870014190674,0.0004342499887570739,0,0.00005424999835668132,0,-3.9899978637695312,0.49852752685546875
235,15,0,1,Day,,65.73090362548828,24.26909637451172,305.4208679199219,33.20899963378906,33.1233024597168,0.2084999978542328,0.9974194765090942,8.899805068969727,6.730000019073486,=NA(),=NA(),2.4223644733428955,1.4163999557495117,0.34380000829696655,0.08399999886751175,=NA(),20,1013.25,-60,31.90989875793457,30.81999969482422,22.719999313354492,8.100000381469727,10.206262588500977,147.47999572753906,155.67999267578125,153.8292236328125,38.83053207397461,0.24748654663562775,0.22678789496421814,43.843711853027344,0.27320215106010437,0.0008206249913200736,0,0.00014718750026077032,0,-8.199996948242188,1.85076904296875
235,16,0,1,Day,,76.32575988769531,13.67424201965332,294.64788818359375,9.904000282287598,9.878989219665527,0.10580000281333923,0.9974746704101562,8.500299453735352,5.240099906921387,=NA(),=NA(),4.1636061668396,1.4163999557495117,0.34380000829696655,0.08399999886751175,=NA(),20,1013.25,-23.966535568237305,54.91802215576172,10.3100004196167,9.279999732971191,1.0299999713897705,8.938135147094727,46.5,49.42000198364258,49.35098648071289,36.879058837890625,0.08363272994756699,0.08133399486541748,42.174560546875,0.09532084316015244,0.0003171874850522727,0,0.00002049999966402538,0,-2.920001983642578,0.0690155029296875
235,17,0,1,Night,Sun above horizon but GHI below 1,86.08289337158203,3.9171090126037598,286.6263732910156,0,0,0,0,8.090112686157227,4.380099773406982,=NA(),0,12.502996444702148,1.4163999557495117,0.34380000829696655,0.08399999886751175,=NA(),20,1013.25,0,0,0,0,0,8.089990615844727,0,0,0,0,0,0,0,0,0,0,0,0,0,0
235,18,0,1,Night,,100.03144836425781,-10.03144645690918,276.9102783203125,0,0,0,0,8.050195693969727,3.73009991645813,=NA(),0,64.81599426269531,1.4163999557495117,0.34380000829696655,0.08399999886751175,=NA(),20,1013.25,0,0,0,0,0,8.050012588500977,0,0,0,0,0,0,0,0,0,0,0,0,0,0
235,19,0,1,Night,,112.24164581298828,-22.24164390563965,268.4141845703125,0,0,0,0,8.040307998657227,3.140000104904175,=NA(),0,64.81599426269531,1.4163999557495117,0.34380000829696655,0.08399999886751175,=NA(),20,1013.25,0,0,0,0,0,8.040002822875977,0,0,0,0,0,0,0,0,0,0,0,0,0,0
235,20,0,1,Night,,124.41523742675781,-34.41523742675781,259.0269470214844,0,0,0,0,8.090112686157227,2.6500000953674316,=NA(),0,64.81599426269531,1.4163999557495117,0.34380000829696655,0.08399999886751175,=NA(),20,1013.25,0,0,0,0,0,8.089990615844727,0,0,0,0,0,0,0,0,0,0,0,0,0,0
235,21,0,1,Night,,136.15191650390625,-46.15191650390625,247.34555053710938,0,0,0,0,7.999688625335693,2.5199999809265137,=NA(),0,64.81599426269531,1.4163999557495117,0.34380000829696655,0.08399999886751175,=NA(),20,1013.25,0,0,0,0,0,7.999993801116943,0,0,0,0,0,0,0,0,0,0,0,0,0,0
235,22,0,1,Night,,146.69483947753906,-56.69483184814453,230.73397827148438,0,0,0,0,7.640100002288818,2.789900064468384,=NA(),0,64.81599426269531,1.4163999557495117,0.34380000829696655,0.08399999886751175,=NA(),20,1013.25,0,0,0,0,0,7.640008449554443,0,0,0,0,0,0,0,0,0,0,0,0,0,0
235,23,0,1,Night,,154.29896545410156,-64.29896545410156,204.80503845214844,0,0,0,0,7.600213527679443,3.0100998878479004,=NA(),0,64.81599426269531,1.4163999557495117,0.34380000829696655,0.08399999886751175,=NA(),20,1013.25,0,0,0,0,0,7.599999904632568,0,0,0,0,0,0,0,0,0,0,0,0,0,0
236,0,0,1,Night,,155.87232971191406,-65.8723373413086,169.61776733398438,0,0,0,0,7.499810695648193,3.26990008354187,=NA(),0,64.81599426269531,1.4163999557495117,0.34380000829696655,0.08399999886751175,=NA(),20,1013.25,0,0,0,0,0,7.499993801116943,0,0,0,0,0,0,0,0,0,0,0,0,0,0
236,1,0,1,Night,,150.41867065429688,-60.41867446899414,138.93731689453125,0,0,0,0,7.499810695648193,3.7499001026153564,=NA(),0,64.81599426269531,1.4163999557495117,0.34380000829696655,0.08399999886751175,=NA(),20,1013.25,0,0,0,0,0,7.499993801116943,0,0,0,0,0,0,0,0,0,0,0,0,0,0
236,2,0,1,Night,,140.80931091308594,-50.809303283691406,118.9755859375,0,0,0,0,7.600213527679443,4.010000228881836,=NA(),0,64.81599426269531,1.4163999557495117,0.34380000829696655,0.08399999886751175,=NA(),20,1013.25,0,0,0,0,0,7.599999904632568,0,0,0,0,0,0,0,0,0,0,0,0,0,0
236,3,0,1,Night,,129.4396209716797,-39.43961715698242,105.64757537841797,0,0,0,0,7.600213527679443,4.119999885559082,=NA(),0,64.81599426269531,1.4163999557495117,0.34380000829696655,0.08399999886751175,=NA(),20,1013.25,0,0,0,0,0,7.599999904632568,0,0,0,0,0,0,0,0,0,0,0,0,0,0
236,4,0,1,Night,,117.37914276123047,-27.379140853881836,95.52204132080078,0,0,0,0,7.499810695648193,4.409999847412109,=NA(),0,64.81599426269531,1.4163999557495117,0.34380000829696655,0.08399999886751175,=NA(),20,1013.25,0,0,0,0,0,7.499993801116943,0,0,0,0,0,0,0,0,0,0,0,0,0,0
236,5,0,1,Night,,105.13017272949219,-15.13017463684082,86.78975677490234,0,0,0,0,7.299706935882568,4.859899997711182,=NA(),0,64.81599426269531,1.4163999557495117,0.34380000829696655,0.08399999886751175,=NA(),20,1013.25,0,0,0,0,0,7.300012111663818,0,0,0,0,0,0,0,0,0,0,0,0,0,0
236,6,0,1,Night,Sun above horizon but GHI below 1,88.40660095214844,1.5934021472930908,75.4383316040039,0.19529999792575836,0.19529999792575836,0,1,7.200006008148193,5.480100154876709,=NA(),0,21.82750701904297,1.4163999557495117,0.34380000829696655,0.08399999886751175,=NA(),20,1013.25,0,0,0,0,0,7.200006008148193,0,0,0,0,0,0,0,0,0,0,0,0,0,0
236,7,0,1,Day,,80.98493957519531,9.015060424804688,69.58795166015625,26.000999450683594,25.954429626464844,0.2971999943256378,0.9982089400291443,7.219995021820068,5.880099773406982,=NA(),=NA(),6.1497297286987305,1.4163999557495117,0.34380000829696655,0.08399999886751175,=NA(),20,1013.25,14.332815170288086,67.60680389404297,27.720001220703125,25.420000076293945,2.3000001907348633,8.369379043579102,138.38999938964844,147.1300048828125,146.9674835205078,38.746124267578125,0.23706698417663574,0.23348648846149445,44.0191650390625,0.2575497329235077,0.0008643749752081931,0,0.00004818749948753975,0,-8.740005493164062,0.1625213623046875
236,8,0,1,Day,,69.93852996826172,20.061466217041016,59.586570739746094,123.19999694824219,121.79309844970703,4.101399898529053,0.9885803461074829,7.699914455413818,6.179999828338623,=NA(),=NA(),2.8954696655273438,1.4163999557495117,0.34380000829696655,0.08399999886751175,=NA(),20,1013.25,48.49576950073242,33.48994827270508,132.2449951171875,110.95500183105469,21.290000915527344,13.186243057250977,697.4400024414062,725.0900268554688,719.899658203125,40.638301849365234,1.106833577156067,1.041752576828003,45.94597625732422,1.185262680053711,0.0037488124798983335,0,0.0004583125119097531,0,-27.6500244140625,5.19036865234375
236,9,0,1,Day,,60.0546760559082,29.945323944091797,47.541542053222656,108.4000015258789,107.6009750366211,1.6007000207901,0.9926289319992065,7.899987697601318,6.730000019073486,=NA(),=NA(),1.9980648756027222,1.4163999557495117,0.34380000829696655,0.08399999886751175,=NA(),20,1013.25,52.01582717895508,35.79854202270508,104.51000213623047,83.03500366210938,21.474998474121094,12.269372940063477,538.6699829101562,562.239990234375,556.1565551757812,40.501007080078125,0.8578994274139404,0.79633629322052,45.650638580322266,0.9249342679977417,0.002852187491953373,0,0.0004353749973233789,0,-23.57000732421875,6.08343505859375
236,10,0,1,Day,,52.123966217041016,37.876033782958984,32.56623077392578,286.8999938964844,270.44171142578125,26.80699920654297,0.942634105682373,8.909814834594727,7.419899940490723,=NA(),=NA(),1.6264417171478271,1.4163999557495117,0.34380000829696655,0.08399999886751175,=NA(),20,1013.25,34.684810638427734,41.70018005371094,300.55999755859375,267.1000061035156,33.45500183105469,21.188135147094727,1694.93994140625,1712.97998046875,1710.7899169921875,40.34495544433594,2.6501259803771973,2.562994956970215,46.34088897705078,2.7980313301086426,0.009231749922037125,0,0.0006635625031776726,0,-18.0400390625,2.1900634765625
236,11,0,1,Day,,47.19889831542969,42.80110168457031,14.321669578552246,285.9100036621094,274.013427734375,17.509000778198242,0.958390474319458,9.829797744750977,8.020000457763672,=NA(),=NA(),1.4702463150024414,1.4163999557495117,0.34380000829696655,0.08399999886751175,=NA(),20,1013.25,14.955668449401855,45.30936813354492,305.04498291015625,280.8999938964844,24.145000457763672,22.228113174438477,1735.3299560546875,1747.8599853515625,1748.6971435546875,40.119476318359375,2.724200963973999,2.6988213062286377,46.24400329589844,2.87029767036438,0.009620562195777893,0,0.0005029999883845448,0,-12.530029296875,-0.837158203125
236,12,0,1,Day,,46.27602767944336,43.72397232055664,354.0997619628906,341.8900146484375,314.2453918457031,39.99599838256836,0.9191417694091797,10.050012588500977,8.40999984741211,=NA(),=NA(),1.4453824758529663,1.4163999557495117,0.34380000829696655,0.08399999886751175,=NA(),20,1013.25,-6.134626388549805,45.95957946777344,367.0050048828125,341.3699951171875,25.634998321533203,24.958765029907227,2114.419921875,2110.47998046875,2111.052734375,39.942352294921875,3.303281307220459,3.2950093746185303,46.2194938659668,3.478144645690918,0.011711562052369118,0,0.0005549375200644135,0,3.93994140625,-0.57275390625
236,13,0,1,Day,,49.583251953125,40.416748046875,334.7278747558594,292,276.696533203125,23.604000091552734,0.9475908875465393,10.839990615844727,8.590100288391113,=NA(),=NA(),1.5405304431915283,1.4163999557495117,0.34380000829696655,0.08399999886751175,=NA(),20,1013.25,-26.6259822845459,43.50994110107422,307.32501220703125,278.21002197265625,29.114999771118164,23.355005264282227,1743.3499755859375,1749.3299560546875,1749.89306640625,39.97288513183594,2.7360472679138184,2.6720757484436035,46.100433349609375,2.88348388671875,0.009586437605321407,0,0.0005824374966323376,0,-5.97998046875,-0.5631103515625
236,14,0,1,Day,,56.36714172363281,33.63285827636719,318.32135009765625,190.5,187.4513397216797,5.504300117492676,0.9839965105056763,11.749994277954102,8.399999618530273,=NA(),=NA(),1.8019473552703857,1.4163999557495117,0.34380000829696655,0.08399999886751175,=NA(),20,1013.25,-44.98822784423828,38.452091217041016,192.9949951171875,162.63999938964844,30.354999542236328,19.735010147094727,1046.239990234375,1063.02001953125,1058.171875,40.12779998779297,1.6477125883102417,1.5652618408203125,45.7205696105957,1.7547543048858643,0.005604499951004982,0,0.0006046874914318323,0,-16.780029296875,4.84814453125
236,15,0,1,Day,,65.52679443359375,24.473201751708984,305.11309814453125,162,158.9333038330078,7.402699947357178,0.981069803237915,11.869989395141602,7.860000133514404,=NA(),=NA(),2.4035966396331787,1.4163999557495117,0.34380000829696655,0.08399999886751175,=NA(),20,1013.25,-60,31.579973220825195,169.0749969482422,133.22500610351562,35.84000015258789,18.878747940063477,912.719970703125,930.2100219726562,924.0947265625,40.151580810546875,1.4379892349243164,1.3504292964935303,45.60772705078125,1.535735011100769,0.004793250001966953,0,0.0006516875000670552,0,-17.49005126953125,6.11529541015625
236,16,0,1,Day,,76.15523529052734,13.844762802124023,294.3371887207031,62.999000549316406,62.736785888671875,1.0958000421524048,0.9958378076553345,11.300012588500977,7.160099983215332,=NA(),=NA(),4.115007400512695,1.4163999557495117,0.34380000829696655,0.08399999886751175,=NA(),20,1013.25,-24.270214080810547,54.424442291259766,67.45500183105469,61.019996643066406,6.434999942779541,14.073755264282227,355.8299865722656,369.5299987792969,369.3716125488281,39.271121978759766,0.5878317356109619,0.574024498462677,44.72344970703125,0.6268702745437622,0.0020874375477433205,0,0.00012881250586360693,0,-13.70001220703125,0.15838623046875
236,17,0,1,Day,,86.01417541503906,3.985826253890991,286.25408935546875,3.301300048828125,3.301161050796509,0.0020000000949949026,0.9999579191207886,11.100000381469727,6.769899845123291,=NA(),=NA(),12.33853530883789,1.4163999557495117,0.34380000829696655,0.08399999886751175,=NA(),20,1013.25,-5.985332489013672,80.27062225341797,3.554999828338623,3.2849998474121094,0.26499998569488525,11.260004043579102,13.139999389648438,13.75,13.749823570251465,34.146392822265625,0.02516702003777027,0.025013407692313194,39.72368621826172,0.03306109458208084,0.0001111250021494925,0,0.000006000000212225132,0,-0.6100006103515625,0.00017642974853515625
236,18,0,1,Night,,99.89498138427734,-9.894983291625977,276.585693359375,0,0,0,0,9.779993057250977,6.370100021362305,=NA(),0,64.81599426269531,1.4163999557495117,0.34380000829696655,0.08399999886751175,=NA(),20,1013.25,0,0,0,0,0,9.779993057250977,0,0,0,0,0,0,0,0,0,0,0,0,0,0
236,19,0,1,Night,,112.10846710205078,-22.108463287353516,268.0674133300781,0,0,0,0,8.179895401000977,6.170000076293945,=NA(),0,64.81599426269531,1.4163999557495117,0.34380000829696655,0.08399999886751175,=NA(),20,1013.25,0,0,0,0,0,8.179986953735352,0,0,0,0,0,0,0,0,0,0,0,0,0,0
236,20,0,1,Night,,124.27323150634766,-34.27322769165039,258.64239501953125,0,0,0,0,7.699914455413818,6.099999904632568,=NA(),0,64.81599426269531,1.4163999557495117,0.34380000829696655,0.08399999886751175,=NA(),20,1013.25,0,0,0,0,0,7.700006008148193,0,0,0,0,0,0,0,0,0,0,0,0,0,0
236,21,0,1,Night,,135.9843292236328,-45.98432922363281,246.90606689453125,0,0,0,0,6.730004787445068,6.219900131225586,=NA(),0,64.81599426269531,1.4163999557495117,0.34380000829696655,0.08399999886751175,=NA(),20,1013.25,0,0,0,0,0,6.730004787445068,0,0,0,0,0,0,0,0,0,0,0,0,0,0
236,22,0,1,Night,,146.47596740722656,-56.4759635925293,230.24253845214844,0,0,0,0,5.530114650726318,6.179999828338623,=NA(),0,64.81599426269531,1.4163999557495117,0.34380000829696655,0.08399999886751175,=NA(),20,1013.25,0,0,0,0,0,5.529992580413818,0,0,0,0,0,0,0,0,0,0,0,0,0,0
236,23,0,1,Night,,154.00144958496094,-64.00144958496094,204.39022827148438,0,0,0,0,5.000298976898193,5.949999809265137,=NA(),0,64.81599426269531,1.4163999557495117,0.34380000829696655,0.08399999886751175,=NA(),20,1013.25,0,0,0,0,0,4.999993801116943,0,0,0,0,0,0,0,0,0,0,0,0,0,0
237,0,0,1,Night,,155.5243377685547,-65.52433776855469,169.5835418701172,0,0,0,0,3.9598937034606934,5.710000038146973,=NA(),0,64.81599426269531,1.4163999557495117,0.34380000829696655,0.08399999886751175,=NA(),20,1013.25,0,0,0,0,0,3.9599852561950684,0,0,0,0,0,0,0,0,0,0,0,0,0,0
237,1,0,1,Night,,150.09600830078125,-60.09600067138672,139.2020721435547,0,0,0,0,3.5198912620544434,5.429900169372559,=NA(),0,64.81599426269531,1.4163999557495117,0.34380000829696655,0.08399999886751175,=NA(),20,1013.25,0,0,0,0,0,3.5200133323669434,0,0,0,0,0,0,0,0,0,0,0,0,0,0
237,2,0,1,Night,,140.52670288085938,-50.526702880859375,119.2971420288086,0,0,0,0,3.0996947288513184,5.360000133514404,=NA(),0,64.81599426269531,1.4163999557495117,0.34380000829696655,0.08399999886751175,=NA(),20,1013.25,0,0,0,0,0,3.0999999046325684,0,0,0,0,0,0,0,0,0,0,0,0,0,0
237,3,0,1,Night,,129.1824493408203,-39.18244552612305,105.9513931274414,0,0,0,0,2.3000121116638184,5.509900093078613,=NA(),0,64.81599426269531,1.4163999557495117,0.34380000829696655,0.08399999886751175,=NA(),20,1013.25,0,0,0,0,0,2.3000121116638184,0,0,0,0,0,0,0,0,0,0,0,0,0,0
237,4,0,1,Night,,117.1336898803711,-27.133686065673828,95.79998016357422,0,0,0,0,2.0201048851013184,5.810100078582764,=NA(),0,64.81599426269531,1.4163999557495117,0.34380000829696655,0.08399999886751175,=NA(),20,1013.25,0,0,0,0,0,2.0200133323669434,0,0,0,0,0,0,0,0,0,0,0,0,0,0
237,5,0,1,Night,,104.88700103759766,-14.887002944946289,87.04691314697266,0,0,0,0,1.500299096107483,5.130000114440918,=NA(),0,64.81599426269531,1.4163999557495117,0.34380000829696655,0.08399999886751175,=NA(),20,1013.25,0,0,0,0,0,1.499993920326233,0,0,0,0,0,0,0,0,0,0,0,0,0,0
237,6,0,1,Day,,88.28215026855469,1.717848777770996,75.7699203491211,3.4967000484466553,3.4967000484466553,0,1,0.3203063905239105,5.599999904632568,=NA(),=NA(),21.045433044433594,1.4163999557495117,0.34380000829696655,0.08399999886751175,=NA(),20,1013.25,2.5398056507110596,85.8204345703125,3.7750000953674316,3.490000009536743,0.2800000011920929,0.4800048768520355,14.239999771118164,15.369999885559082,15.384349822998047,36.061744689941406,0.02666321210563183,0.026593700051307678,41.5587043762207,0.03496377915143967,0.00011806250404333696,0,0.000006000000212225132,0,-1.130000114440918,-0.014349937438964844
237,7,0,1,Day,,80.71977233886719,9.280229568481445,69.8173599243164,169.60000610351562,146.76512145996094,141.60000610351562,0.8653603792190552,2.2500853538513184,6.050099849700928,=NA(),=NA(),5.987680435180664,1.4163999557495117,0.34380000829696655,0.08399999886751175,=NA(),20,1013.25,14.768728256225586,66.91667175292969,278.0950012207031,269.3550109863281,8.739999771118164,13.494989395141602,1542.77001953125,1598.9000244140625,1601.123291015625,41.18206787109375,2.4299471378326416,2.4166712760925293,47.21234130859375,2.55440616607666,0.008844374679028988,0,0.00018956250278279185,0,-56.1300048828125,-2.2232666015625
237,8,0,1,Day,,69.65254211425781,20.347457885742188,59.80016326904297,368.7900085449219,261.6632995605469,308.0899963378906,0.7095184326171875,5.580010890960693,6.639999866485596,=NA(),=NA(),2.8570809364318848,1.4163999557495117,0.34380000829696655,0.08399999886751175,=NA(),20,1013.25,50.25054168701172,32.28824234008789,636.27001953125,601.9199829101562,34.349998474121094,31.25689125061035,3807.570068359375,3723.89990234375,3728.776611328125,39.46397399902344,5.905506134033203,5.7811689376831055,46.428001403808594,6.216822624206543,0.021086936816573143,0,0.0007418749737553298,0,83.670166015625,-4.876708984375
237,9,0,1,Day,,59.743473052978516,30.256528854370117,47.72484588623047,539.9000244140625,312.7090148925781,450.8900146484375,0.5791980028152466,8.600000381469727,6.820000171661377,=NA(),=NA(),1.9795626401901245,1.4163999557495117,0.34380000829696655,0.08399999886751175,=NA(),20,1013.25,51.74869918823242,35.52487564086914,745.969970703125,697.1400146484375,48.83000183105469,38.813743591308594,4505.18017578125,4298.66015625,4303.92138671875,38.498046875,6.987412929534912,6.869962215423584,45.758052825927734,7.364120960235596,0.024767249822616577,0,0.0010177500080317259,0,206.52001953125,-5.26123046875
237,10,0,1,Day,,51.78757858276367,38.21242141723633,32.686058044433594,662.6900024414062,320.3747253417969,553.3900146484375,0.4834458529949188,11.399988174438477,6.659999847412109,=NA(),=NA(),1.6143383979797363,1.4163999557495117,0.34380000829696655,0.08399999886751175,=NA(),20,1013.25,34.44843673706055,41.398902893066406,784.7049560546875,740.2550048828125,44.45500183105469,43.28124237060547,4726.06005859375,4442.58984375,4448.42919921875,37.90190124511719,7.3354716300964355,7.26807165145874,45.27162170410156,7.737733364105225,0.02610868774354458,0,0.0009338125237263739,0,283.47021484375,-5.83935546875
237,11,0,1,Day,,46.849395751953125,43.150604248046875,14.328664779663086,727.9000244140625,312.0092468261719,608.0999755859375,0.42864298820495605,12.740015029907227,6.420000076293945,=NA(),=NA(),1.4606858491897583,1.4163999557495117,0.34380000829696655,0.08399999886751175,=NA(),20,1013.25,14.788633346557617,44.98028564453125,790.0999755859375,742.9450073242188,47.15999984741211,44.946861267089844,4723.58984375,4415.1201171875,4420.57763671875,37.68056869506836,7.3323235511779785,7.312779426574707,45.05626678466797,7.737344741821289,0.026023250073194504,0,0.0010050624841824174,0,308.4697265625,-5.45751953125
237,12,0,1,Day,,45.94001388549805,44.05998611450195,353.96551513671875,743.2899780273438,311.5161437988281,620.8900146484375,0.4191044569015503,13.629999160766602,6.469900131225586,=NA(),=NA(),1.436627984046936,1.4163999557495117,0.34380000829696655,0.08399999886751175,=NA(),20,1013.25,-6.199954509735107,45.61289978027344,794.1650390625,745.9599609375,48.20500183105469,46.11437225341797,4733.14990234375,4406.41015625,4410.0869140625,37.54073715209961,7.342166900634766,7.330050468444824,44.90962219238281,7.74738073348999,0.026036063209176064,0,0.001046812511049211,0,326.73974609375,-3.6767578125
237,13,0,1,Day,,49.28672790527344,40.71327209472656,334.48345947265625,438.5899963378906,340.8206481933594,149.88999938964844,0.7770825624465942,13.300012588500977,6.619900226593018,=NA(),=NA(),1.5312813520431519,1.4163999557495117,0.34380000829696655,0.08399999886751175,=NA(),20,1013.25,-26.591794967651367,43.16096878051758,480.64501953125,445.30499267578125,35.34000015258789,32.82750701904297,2816.85986328125,2739.81005859375,2742.942626953125,39.06642150878906,4.3882927894592285,4.328347206115723,45.68510818481445,4.624896049499512,0.015508187934756279,0,0.0007241250132210553,0,77.0498046875,-3.132568359375
237,14,0,1,Day,,56.11918640136719,33.88081359863281,318.024169921875,223.10000610351562,216.90821838378906,11.107000350952148,0.9722465872764587,13.200006484985352,6.590000152587891,=NA(),=NA(),1.7903823852539062,1.4163999557495117,0.34380000829696655,0.08399999886751175,=NA(),20,1013.25,-44.88589096069336,38.11140441894531,229.510009765625,195.05999755859375,34.45000076293945,22.685632705688477,1259.0999755859375,1266.3800048828125,1261.4444580078125,39.91938781738281,1.974570870399475,1.8823751211166382,45.633155822753906,2.100619316101074,0.00673631252720952,0,0.000686312501784414,0,-7.280029296875,4.935546875
237,15,0,1,Day,,65.32233428955078,24.677669525146484,304.8006591796875,289.79998779296875,244.4163360595703,108.69999694824219,0.8433966636657715,13.879999160766602,5.890100002288818,=NA(),=NA(),2.385112762451172,1.4163999557495117,0.34380000829696655,0.08399999886751175,=NA(),20,1013.25,-60,31.24689292907715,389.91497802734375,343.19000244140625,46.724998474121094,29.756860733032227,2267.4599609375,2227.4599609375,2228.224609375,39.34591293334961,3.539515972137451,3.419421911239624,45.70522689819336,3.7336151599884033,0.012281687930226326,0,0.0008488124585710466,0,40,-0.7646484375
237,16,0,1,Day,,75.98443603515625,14.015564918518066,294.0225830078125,98.49299621582031,97.23527526855469,5.19320011138916,0.9872303605079651,13.439996719360352,4.800000190734863,=NA(),=NA(),4.067468166351318,1.4163999557495117,0.34380000829696655,0.08399999886751175,=NA(),20,1013.25,-24.575727462768555,53.9273567199707,114.56500244140625,105.13500213623047,9.434999465942383,18.1243839263916,625.9299926757812,640.0399780273438,640.3029174804688,39.436805725097656,1.0147401094436646,0.993406355381012,45.08659744262695,1.0748165845870972,0.0036045624874532223,0,0.00018868749612011015,0,-14.1099853515625,-0.262939453125
237,17,0,1,Night,Sun above horizon but GHI below 1,85.94091033935547,4.059089660644531,285.8807067871094,0.39070001244544983,0.39070001244544983,0,1,12.119989395141602,4.889999866485596,=NA(),0,12.167556762695312,1.4163999557495117,0.34380000829696655,0.08399999886751175,=NA(),20,1013.25,0,0,0,0,0,12.119989395141602,0,0,0,0,0,0,0,0,0,0,0,0,0,0
237,18,0,1,Night,,99.75824737548828,-9.758248329162598,276.2579040527344,0,0,0,0,10.920007705688477,5.300000190734863,=NA(),0,64.81599426269531,1.4163999557495117,0.34380000829696655,0.08399999886751175,=NA(),20,1013.25,0,0,0,0,0,10.920007705688477,0,0,0,0,0,0,0,0,0,0,0,0,0,0
237,19,0,1,Night,,111.97442626953125,-21.974430084228516,267.7176208496094,0,0,0,0,8.760187149047852,5.170100212097168,=NA(),0,64.81599426269531,1.4163999557495117,0.34380000829696655,0.08399999886751175,=NA(),20,1013.25,0,0,0,0,0,8.760004043579102,0,0,0,0,0,0,0,0,0,0,0,0,0,0
237,20,0,1,Night,,124.12979125976562,-34.129791259765625,258.2550354003906,0,0,0,0,7.969811916351318,4.429999828338623,=NA(),0,64.81599426269531,1.4163999557495117,0.34380000829696655,0.08399999886751175,=NA(),20,1013.25,0,0,0,0,0,7.969995021820068,0,0,0,0,0,0,0,0,0,0,0,0,0,0
237,21,0,1,Night,,135.81468200683594,-45.81468200683594,246.4644317626953,0,0,0,0,4.189904689788818,3.930000066757202,=NA(),0,64.81599426269531,1.4163999557495117,0.34380000829696655,0.08399999886751175,=NA(),20,1013.25,0,0,0,0,0,4.189996242523193,0,0,0,0,0,0,0,0,0,0,0,0,0,0
237,22,0,1,Night,,146.2541046142578,-56.25410461425781,229.75096130371094,0,0,0,0,3.7099852561950684,3.5801000595092773,=NA(),0,64.81599426269531,1.4163999557495117,0.34380000829696655,0.08399999886751175,=NA(),20,1013.25,0,0,0,0,0,3.7099852561950684,0,0,0,0,0,0,0,0,0,0,0,0,0,0
237,23,0,1,Night,,153.70065307617188,-63.700653076171875,203.97811889648438,0,0,0,0,3.8800902366638184,3.390000104904175,=NA(),0,64.81599426269531,1.4163999557495117,0.34380000829696655,0.08399999886751175,=NA(),20,1013.25,0,0,0,0,0,3.8799986839294434,0,0,0,0,0,0,0,0,0,0,0,0,0,0
238,0,0,1,Night,,155.17318725585938,-65.17318725585938,169.5469970703125,0,0,0,0,2.7700133323669434,3.199899911880493,=NA(),0,64.81599426269531,1.4163999557495117,0.34380000829696655,0.08399999886751175,=NA(),20,1013.25,0,0,0,0,0,2.7700133323669434,0,0,0,0,0,0,0,0,0,0,0,0,0,0
238,1,0,1,Night,,149.7693634033203,-59.76936721801758,139.4617462158203,0,0,0,0,1.859887719154358,3.029900074005127,=NA(),0,64.81599426269531,1.4163999557495117,0.34380000829696655,0.08399999886751175,=NA(),20,1013.25,0,0,0,0,0,1.860009789466858,0,0,0,0,0,0,0,0,0,0,0,0,0,0
238,2,0,1,Night,,140.23983764648438,-50.239837646484375,119.61614990234375,0,0,0,0,0.7597900629043579,2.890000104904175,=NA(),0,64.81599426269531,1.4163999557495117,0.34380000829696655,0.08399999886751175,=NA(),20,1013.25,0,0,0,0,0,0.7600036859512329,0,0,0,0,0,0,0,0,0,0,0,0,0,0
238,3,0,1,Night,,128.92105102539062,-38.921051025390625,106.2545166015625,0,0,0,0,0.7796875238418579,2.719899892807007,=NA(),0,64.81599426269531,1.4163999557495117,0.34380000829696655,0.08399999886751175,=NA(),20,1013.25,0,0,0,0,0,0.7799926996231079,0,0,0,0,0,0,0,0,0,0,0,0,0,0
238,4,0,1,Night,,116.88421630859375,-26.884220123291016,96.07820892333984,0,0,0,0,-0.13968506455421448,2.469899892807007,=NA(),0,64.81599426269531,1.4163999557495117,0.34380000829696655,0.08399999886751175,=NA(),20,1013.25,0,0,0,0,0,-0.13999024033546448,0,0,0,0,0,0,0,0,0,0,0,0,0,0
238,5,0,1,Night,,104.63972473144531,-14.639721870422363,87.3049087524414,0,0,0,0,-0.5997070074081421,2.5,=NA(),0,64.81599426269531,1.4163999557495117,0.34380000829696655,0.08399999886751175,=NA(),20,1013.25,0,0,0,0,0,-0.6000121831893921,0,0,0,0,0,0,0,0,0,0,0,0,0,0
238,6,0,1,Day,,88.16515350341797,1.8348448276519775,76.10539245605469,8.009200096130371,8.00898551940918,0.0066999997943639755,0.9999732375144958,-0.5997070074081421,2.3701000213623047,=NA(),=NA(),20.35235023498535,1.4163999557495117,0.34380000829696655,0.08399999886751175,=NA(),20,1013.25,2.7093071937561035,85.5353012084961,8.639999389648438,8,0.6399999856948853,-0.23749390244483948,38.34000015258789,42.11000061035156,42.08938980102539,37.995750427246094,0.0692337229847908,0.06903918087482452,43.26881408691406,0.08005301654338837,0.00027106248307973146,0,0.000014000000192027073,0,-3.770000457763672,0.020610809326171875
238,7,0,1,Day,,80.45325469970703,9.546744346618652,70.04823303222656,161.1999969482422,140.05384826660156,127.5,0.8688204288482666,2.1297850608825684,1.750100016593933,=NA(),=NA(),5.833055019378662,1.4163999557495117,0.34380000829696655,0.08399999886751175,=NA(),20,1013.25,15.209196090698242,66.21997833251953,259.68499755859375,251.02999877929688,8.655000686645508,12.618127822875977,1441.75,1498.68994140625,1500.90478515625,41.229774475097656,2.2752132415771484,2.2620108127593994,47.21807098388672,2.3915042877197266,0.008273249492049217,0,0.00018718749925028533,0,-56.93994140625,-2.21484375
238,8,0,1,Day,,69.36402893066406,20.635974884033203,60.01539993286133,365.8999938964844,258.72625732421875,304.1000061035156,0.7070955634117126,6.390313625335693,1.5700000524520874,=NA(),=NA(),2.819432020187378,1.4163999557495117,0.34380000829696655,0.08399999886751175,=NA(),20,1013.25,52.29072189331055,31.036462783813477,628.8200073242188,593.0250244140625,35.79500198364258,31.77373695373535,3766.14990234375,3677.1201171875,3681.8837890625,39.3886833190918,5.842397212982178,5.715397834777832,46.341209411621094,6.151083469390869,0.020838312804698944,0,0.0007560625090263784,0,89.02978515625,-4.763671875
238,9,0,1,Day,,59.429168701171875,30.570831298828125,47.90971374511719,537.9000244140625,309.430419921875,449.2099914550781,0.5752564072608948,9.000207901000977,0.9501000046730042,=NA(),=NA(),1.961276888847351,1.4163999557495117,0.34380000829696655,0.08399999886751175,=NA(),20,1013.25,51.47982406616211,35.24891662597656,741.3200073242188,693.0250244140625,48.29999923706055,39.039390563964844,4463.31982421875,4255.4501953125,4261.1650390625,38.46080780029297,6.924689292907715,6.812979698181152,45.71177291870117,7.299759387969971,0.024543873965740204,0,0.0010032500140368938,0,207.86962890625,-5.71484375
238,10,0,1,Day,,51.44778823852539,38.55221176147461,32.80658721923828,660.989990234375,316.8499450683594,552.1900024414062,0.47935664653778076,11.290002822875977,0.8299999833106995,=NA(),=NA(),1.6023489236831665,1.4163999557495117,0.34380000829696655,0.08399999886751175,=NA(),20,1013.25,34.2105827331543,41.09492111206055,782.114990234375,738.0850219726562,44.029998779296875,43.068138122558594,4711.169921875,4431.72021484375,4436.876953125,37.935768127441406,7.30988883972168,7.2418742179870605,45.292930603027344,7.708184719085693,0.026032250374555588,0,0.000925187487155199,0,279.44970703125,-5.15673828125
238,11,0,1,Day,,46.49659729003906,43.50340270996094,14.334136962890625,725.2000122070312,308.512939453125,605.2999877929688,0.4254177212715149,13.140008926391602,1.090000033378601,=NA(),=NA(),1.4512144327163696,1.4163999557495117,0.34380000829696655,0.08399999886751175,=NA(),20,1013.25,14.620359420776367,44.64827346801758,786.9199829101562,740,46.915000915527344,45.230003356933594,4705.52001953125,4393.91015625,4399.25341796875,37.64298629760742,7.304242134094238,7.285338401794434,45.01242446899414,7.708827018737793,0.025924937799572945,0,0.0010005624499171972,0,311.60986328125,-5.34326171875
238,12,0,1,Day,,45.60133361816406,44.39866638183594,353.8269348144531,746.5,310.2073059082031,623.5900268554688,0.41554898023605347,14.409997940063477,1.26010000705719,=NA(),=NA(),1.4279597997665405,1.4163999557495117,0.34380000829696655,0.08399999886751175,=NA(),20,1013.25,-6.266716957092285,45.26308059692383,797.6300048828125,749.27001953125,48.36000061035156,47.042503356933594,4755.97998046875,4413.56005859375,4417.6796875,37.412109375,7.380095958709717,7.3696417808532715,44.79909133911133,7.789294242858887,0.02616293728351593,0,0.0010501875076442957,0,342.419921875,-4.11962890625
238,13,0,1,Day,,48.98870086669922,41.01129913330078,334.2332763671875,696.510009765625,314.72174072265625,581.8099975585938,0.45185530185699463,15.320001602172852,1.309999942779541,=NA(),=NA(),1.5221370458602905,1.4163999557495117,0.34380000829696655,0.08399999886751175,=NA(),20,1013.25,-26.55933380126953,42.808753967285156,789.094970703125,744.3499755859375,44.73999786376953,47.52562713623047,4732.990234375,4384.7900390625,4390.3681640625,37.33317565917969,7.34999418258667,7.304756164550781,44.72732162475586,7.7631940841674805,0.0261400006711483,0,0.00094181252643466,0,348.2001953125,-5.578125
238,14,0,1,Day,,55.870628356933594,34.129371643066406,317.72161865234375,615.1099853515625,326.94781494140625,513.5999755859375,0.5315274000167847,14.999994277954102,1.2300000190734863,=NA(),=NA(),1.7789698839187622,1.4163999557495117,0.34380000829696655,0.08399999886751175,=NA(),20,1013.25,-44.78511047363281,37.767337799072266,791.0750122070312,742.7099609375,48.36000061035156,47.253135681152344,4762.9697265625,4416.759765625,4422.1923828125,37.37303161621094,7.395472049713135,7.295778751373291,44.77458953857422,7.811126708984375,0.02625756338238716,0,0.0009951875545084476,0,346.2099609375,-5.4326171875
238,15,0,1,Day,,65.1175308227539,24.882469177246094,304.483642578125,367.70001220703125,264.7404479980469,244.6999969482422,0.7199903130531311,14.820001602172852,1.0499000549316406,=NA(),=NA(),2.3669092655181885,1.4163999557495117,0.34380000829696655,0.08399999886751175,=NA(),20,1013.25,-60,30.91079330444336,548.3599853515625,500.0050048828125,48.35499954223633,37.09624481201172,3263.22998046875,3129.530029296875,3133.2080078125,38.58812713623047,5.07489538192749,4.955183982849121,45.3908576965332,5.351619243621826,0.017874624580144882,0,0.0008784999954514205,0,133.699951171875,-3.677978515625
238,16,0,1,Day,,75.81327056884766,14.186731338500977,293.7041015625,157.38999938964844,146.02084350585938,46.388999938964844,0.9277644157409668,14.420007705688477,1.149999976158142,=NA(),=NA(),4.020933628082275,1.4163999557495117,0.34380000829696655,0.08399999886751175,=NA(),20,1013.25,-24.883390426635742,53.42641830444336,224.260009765625,212.23500061035156,12.030000686645508,23.503747940063477,1282.429931640625,1286.3599853515625,1288.03515625,39.55488586425781,2.0352001190185547,2.005817413330078,45.556983947753906,2.1460683345794678,0.007310687564313412,0,0.0002433749905321747,0,-3.9300537109375,-1.6751708984375
238,17,0,1,Night,Sun above horizon but GHI below 1,85.8669662475586,4.13303279876709,285.5038757324219,0,0,0,0,12.070001602172852,1.4600000381469727,=NA(),0,11.999363899230957,1.4163999557495117,0.34380000829696655,0.08399999886751175,=NA(),20,1013.25,0,0,0,0,0,12.070001602172852,0,0,0,0,0,0,0,0,0,0,0,0,0,0
238,18,0,1,Night,,99.62248229980469,-9.622485160827637,275.927001953125,0,0,0,0,7.189996242523193,1.649999976158142,=NA(),0,64.81599426269531,1.4163999557495117,0.34380000829696655,0.08399999886751175,=NA(),20,1013.25,0,0,0,0,0,7.189996242523193,0,0,0,0,0,0,0,0,0,0,0,0,0,0
238,19,0,1,Night,,111.8399887084961,-21.83998680114746,267.36492919921875,0,0,0,0,6.490014553070068,1.7200000286102295,=NA(),0,64.81599426269531,1.4163999557495117,0.34380000829696655,0.08399999886751175,=NA(),20,1013.25,0,0,0,0,0,6.490014553070068,0,0,0,0,0,0,0,0,0,0,0,0,0,0
238,20,0,1,Night,,123.98521423339844,-33.9852180480957,257.8650817871094,0,0,0,0,5.270196437835693,1.6700999736785889,=NA(),0,64.81599426269531,1.4163999557495117,0.34380000829696655,0.08399999886751175,=NA(),20,1013.25,0,0,0,0,0,5.270013332366943,0,0,0,0,0,0,0,0,0,0,0,0,0,0
238,21,0,1,Night,,135.64273071289062,-45.642723083496094,246.02078247070312,0,0,0,0,3.8302855491638184,1.5198999643325806,=NA(),0,64.81599426269531,1.4163999557495117,0.34380000829696655,0.08399999886751175,=NA(),20,1013.25,0,0,0,0,0,3.8300108909606934,0,0,0,0,0,0,0,0,0,0,0,0,0,0
238,22,0,1,Night,,146.0292205810547,-56.02921676635742,229.2594757080078,0,0,0,0,3.4699950218200684,1.2999999523162842,=NA(),0,64.81599426269531,1.4163999557495117,0.34380000829696655,0.08399999886751175,=NA(),20,1013.25,0,0,0,0,0,3.4699950218200684,0,0,0,0,0,0,0,0,0,0,0,0,0,0
238,23,0,1,Night,,153.3966522216797,-63.39665222167969,203.56893920898438,0,0,0,0,3.0598082542419434,1.0800000429153442,=NA(),0,64.81599426269531,1.4163999557495117,0.34380000829696655,0.08399999886751175,=NA(),20,1013.25,0,0,0,0,0,3.0599913597106934,0,0,0,0,0,0,0,0,0,0,0,0,0,0
239,0,0,1,Night,,154.81898498535156,-64.81897735595703,169.50831604003906,0,0,0,0,2.0599913597106934,0.9401000142097473,=NA(),0,64.81599426269531,1.4163999557495117,0.34380000829696655,0.08399999886751175,=NA(),20,1013.25,0,0,0,0,0,2.0599913597106934,0,0,0,0,0,0,0,0,0,0,0,0,0,0
239,1,0,1,Night,,149.4388885498047,-59.43888473510742,139.7164306640625,0,0,0,0,1.980188012123108,0.7599999904632568,=NA(),0,64.81599426269531,1.4163999557495117,0.34380000829696655,0.08399999886751175,=NA(),20,1013.25,0,0,0,0,0,1.980004906654358,0,0,0,0,0,0,0,0,0,0,0,0,0,0
239,2,0,1,Night,,139.94879150390625,-49.948795318603516,119.93254852294922,0,0,0,0,1.199792504310608,0.5899999737739563,=NA(),0,64.81599426269531,1.4163999557495117,0.34380000829696655,0.08399999886751175,=NA(),20,1013.25,0,0,0,0,0,1.200006127357483,0,0,0,0,0,0,0,0,0,0,0,0,0,0
239,3,0,1,Night,,128.65557861328125,-38.65558624267578,106.556884765625,0,0,0,0,2.2600951194763184,0.41999998688697815,=NA(),0,64.81599426269531,1.4163999557495117,0.34380000829696655,0.08399999886751175,=NA(),20,1013.25,0,0,0,0,0,2.2600035667419434,0,0,0,0,0,0,0,0,0,0,0,0,0,0
239,4,0,1,Night,,116.63082122802734,-26.63081932067871,96.35668182373047,0,0,0,0,0.9996887445449829,0.23010000586509705,=NA(),0,64.81599426269531,1.4163999557495117,0.34380000829696655,0.08399999886751175,=NA(),20,1013.25,0,0,0,0,0,0.9999939203262329,0,0,0,0,0,0,0,0,0,0,0,0,0,0
239,5,0,1,Night,,104.3885726928711,-14.388575553894043,87.56369018554688,0,0,0,0,0.10030517727136612,0.18000000715255737,=NA(),0,64.81599426269531,1.4163999557495117,0.34380000829696655,0.08399999886751175,=NA(),20,1013.25,0,0,0,0,0,0.10000000149011612,0,0,0,0,0,0,0,0,0,0,0,0,0,0
239,6,0,1,Day,,88.04139709472656,1.958601713180542,76.43749237060547,12.795000076293945,12.795000076293945,0,1,0.4299865663051605,0.2498999983072281,=NA(),=NA(),19.6605281829834,1.4163999557495117,0.34380000829696655,0.08399999886751175,=NA(),20,1013.25,2.8885443210601807,85.23360443115234,13.795000076293945,12.779999732971191,1.0199999809265137,1.005639672279358,64.5999984741211,70.68000030517578,70.68772888183594,38.6466064453125,0.11431749910116196,0.11399724334478378,43.90404510498047,0.12753631174564362,0.0004313749959692359,0,0.000022500000341096893,0,-6.0800018310546875,-0.00772857666015625
239,7,0,1,Day,,80.18388366699219,9.816119194030762,70.28056335449219,157.8000030517578,137.88714599609375,116.80000305175781,0.8738095164299011,2.4302916526794434,0.48989999294281006,=NA(),=NA(),5.684564113616943,1.4163999557495117,0.34380000829696655,0.08399999886751175,=NA(),20,1013.25,15.657078742980957,65.51255798339844,253.28500366210938,244.7050018310547,8.585000038146973,12.651880264282227,1408.760009765625,1464.3199462890625,1466.583740234375,41.19597244262695,2.2250113487243652,2.2116966247558594,47.17509841918945,2.338557720184326,0.00808781199157238,0,0.0001853124995250255,0,-55.5599365234375,-2.2637939453125
239,8,0,1,Day,,69.07240295410156,20.927595138549805,60.2323112487793,414.8999938964844,291.1736755371094,346.3900146484375,0.7017924189567566,5.829888820648193,1.7300000190734863,=NA(),=NA(),2.7824337482452393,1.4163999557495117,0.34380000829696655,0.08399999886751175,=NA(),20,1013.25,54.79574966430664,29.72576332092285,726.4550170898438,685.85498046875,40.599998474121094,35.183738708496094,4375.490234375,4225.2900390625,4230.625,38.98003387451172,6.783563137054443,6.641973972320557,46.171958923339844,7.14382791519165,0.02421487495303154,0,0.0008333750301972032,0,150.2001953125,-5.3349609375
239,9,0,1,Day,,59.111942291259766,30.888057708740234,48.096187591552734,539.5999755859375,308.5355529785156,450.1000061035156,0.5717856884002686,9.859796524047852,2.9300999641418457,=NA(),=NA(),1.943217396736145,1.4163999557495117,0.34380000829696655,0.08399999886751175,=NA(),20,1013.25,51.20942306518555,34.97071075439453,741.7999877929688,693.7050170898438,48.095001220703125,39.946250915527344,4466.419921875,4245.47021484375,4250.86474609375,38.34086990356445,6.929555416107178,6.819293022155762,45.596275329589844,7.3057332038879395,0.02456674911081791,0,0.0009981249459087849,0,220.94970703125,-5.39453125
239,10,0,1,Day,,51.10493469238281,38.89506530761719,32.927886962890625,667.010009765625,317.1400451660156,557.2100219726562,0.47546520829200745,11.809991836547852,3.4800000190734863,=NA(),=NA(),1.5904861688613892,1.4163999557495117,0.34380000829696655,0.08399999886751175,=NA(),20,1013.25,33.97163772583008,40.788448333740234,788.4849853515625,744.2949829101562,44.185001373291016,43.875633239746094,4752.98974609375,4458.93994140625,4463.48876953125,37.83523941040039,7.373269081115723,7.30445671081543,45.205997467041016,7.775266647338867,0.02626662515103817,0,0.0009290624875575304,0,294.0498046875,-4.548828125
239,11,0,1,Day,,46.14072799682617,43.85927200317383,14.338130950927734,735.2999877929688,309.7272644042969,614.2000122070312,0.42122572660446167,12.909997940063477,3.799999952316284,=NA(),=NA(),1.4418386220932007,1.4163999557495117,0.34380000829696655,0.08399999886751175,=NA(),20,1013.25,14.451056480407715,44.31351852416992,797.6099853515625,750.0999755859375,47.51499938964844,45.423728942871094,4774.27001953125,4455.33984375,4460.87353515625,37.61885452270508,7.4113030433654785,7.387151718139648,45.01495361328125,7.82168436050415,0.02630462497472763,0,0.0010124375112354755,0,318.93017578125,-5.53369140625
239,12,0,1,Day,,45.260154724121094,44.739845275878906,353.6839904785156,445.2900085449219,357.0997619628906,125.29000091552734,0.8019487261772156,13.529993057250977,4.090000152587891,=NA(),=NA(),1.4193822145462036,1.4163999557495117,0.34380000829696655,0.08399999886751175,=NA(),20,1013.25,-6.334807395935059,44.910282135009766,477.2200012207031,445.43499755859375,31.78499984741211,32.946861267089844,2788.449951171875,2711.1201171875,2713.892822265625,39.0466423034668,4.343991279602051,4.335363388061523,45.65121841430664,4.577813148498535,0.015383312478661537,0,0.0006888749776408076,0,77.329833984375,-2.772705078125
239,13,0,1,Day,,48.68903732299805,41.31096267700195,333.9774475097656,227.60000610351562,223.3087921142578,6.500400066375732,0.9811457991600037,13.499994277954102,4.28000020980835,=NA(),=NA(),1.5130925178527832,1.4163999557495117,0.34380000829696655,0.08399999886751175,=NA(),20,1013.25,-26.52826690673828,42.453250885009766,237.47000122070312,213.89999389648438,23.575000762939453,23.203760147094727,1329.4200439453125,1334.8699951171875,1335.1199951171875,39.694915771484375,2.102123498916626,2.0476138591766357,45.657379150390625,2.2189815044403076,0.007351437583565712,0,0.00047050000284798443,0,-5.449951171875,-0.25
239,14,0,1,Day,,55.621253967285156,34.378746032714844,317.4136962890625,220.19000244140625,214.60403442382812,9.892600059509277,0.974631130695343,13.700006484985352,4.099999904632568,=NA(),=NA(),1.7676976919174194,1.4163999557495117,0.34380000829696655,0.08399999886751175,=NA(),20,1013.25,-44.68551254272461,37.41987991333008,225.94000244140625,191.94000244140625,34.00499725341797,23.04436683654785,1238.22998046875,1243.9100341796875,1238.8939208984375,39.85736083984375,1.9422717094421387,1.8517003059387207,45.556583404541016,2.067491292953491,0.0066276248544454575,0,0.0006759375100955367,0,-5.6800537109375,5.01611328125
239,15,0,1,Day,,64.9122314453125,25.087766647338867,304.1621398925781,61.689998626708984,61.43885803222656,0.5922999978065491,0.9959290027618408,12.899988174438477,3.2100000381469727,=NA(),=NA(),2.3489668369293213,1.4163999557495117,0.34380000829696655,0.08399999886751175,=NA(),20,1013.25,-60,30.57170867919922,57.349998474121094,42.31999969482422,15.030000686645508,15.326868057250977,284.07000732421875,293.82000732421875,289.8279113769531,39.13728713989258,0.46261778473854065,0.42408713698387146,44.16849899291992,0.5052908658981323,0.0015105624916031957,0,0.0002802500093821436,0,-9.75,3.992095947265625
239,16,0,1,Day,,75.6414566040039,14.358543395996094,293.3818359375,121.69999694824219,118.30279541015625,13.699000358581543,0.9720854163169861,12.800012588500977,2.430000066757202,=NA(),=NA(),3.9752981662750244,1.4163999557495117,0.34380000829696655,0.08399999886751175,=NA(),20,1013.25,-25.19397735595703,52.92066955566406,149.08999633789062,137.8800048828125,11.210000038146973,18.870630264282227,829.1400146484375,845.260009765625,845.7980346679688,39.69696044921875,1.3316313028335571,1.3051397800445557,45.451663970947266,1.4070134162902832,0.004741187207400799,0,0.000223687500692904,0,-16.1199951171875,-0.53802490234375
239,17,0,1,Night,Sun above horizon but GHI below 1,85.7864761352539,4.2135233879089355,285.12860107421875,0.09769999980926514,0.09052162617444992,0,0.9265263676643372,11.670007705688477,2.5,=NA(),0,11.821094512939453,1.4163999557495117,0.34380000829696655,0.08399999886751175,=NA(),20,1013.25,0,0,0,0,0,11.670007705688477,0,0,0,0,0,0,0,0,0,0,0,0,0,0
239,18,0,1,Night,,99.4845199584961,-9.484516143798828,275.5931701660156,0,0,0,0,9.460199356079102,2.3399999141693115,=NA(),0,64.81599426269531,1.4163999557495117,0.34380000829696655,0.08399999886751175,=NA(),20,1013.25,0,0,0,0,0,9.459985733032227,0,0,0,0,0,0,0,0,0,0,0,0,0,0
239,19,0,1,Night,,111.70415496826172,-21.70415496826172,267.0094299316406,0,0,0,0,7.820214748382568,2.1698999404907227,=NA(),0,64.81599426269531,1.4163999557495117,0.34380000829696655,0.08399999886751175,=NA(),20,1013.25,0,0,0,0,0,7.820001125335693,0,0,0,0,0,0,0,0,0,0,0,0,0,0
239,20,0,1,Night,,123.83895111083984,-33.838951110839844,257.4725646972656,0,0,0,0,5.270196437835693,2.0601000785827637,=NA(),0,64.81599426269531,1.4163999557495117,0.34380000829696655,0.08399999886751175,=NA(),20,1013.25,0,0,0,0,0,5.270013332366943,0,0,0,0,0,0,0,0,0,0,0,0,0,0
239,21,0,1,Night,,135.468505859375,-45.46851348876953,245.575439453125,0,0,0,0,4.739709377288818,2.0299999713897705,=NA(),0,64.81599426269531,1.4163999557495117,0.34380000829696655,0.08399999886751175,=NA(),20,1013.25,0,0,0,0,0,4.740014553070068,0,0,0,0,0,0,0,0,0,0,0,0,0,0
239,22,0,1,Night,,145.8013153076172,-55.80131530761719,228.76837158203125,0,0,0,0,3.4699950218200684,2.0099000930786133,=NA(),0,64.81599426269531,1.4163999557495117,0.34380000829696655,0.08399999886751175,=NA(),20,1013.25,0,0,0,0,0,3.4699950218200684,0,0,0,0,0,0,0,0,0,0,0,0,0,0
239,23,0,1,Night,,153.0894775390625,-63.089481353759766,203.1629180908203,0,0,0,0,2.6703124046325684,1.910099983215332,=NA(),0,64.81599426269531,1.4163999557495117,0.34380000829696655,0.08399999886751175,=NA(),20,1013.25,0,0,0,0,0,2.6700072288513184,0,0,0,0,0,0,0,0,0,0,0,0,0,0
240,0,0,1,Night,,154.4618377685547,-64.46184539794922,169.46774291992188,0,0,0,0,1.879907250404358,1.750100016593933,=NA(),0,64.81599426269531,1.4163999557495117,0.34380000829696655,0.08399999886751175,=NA(),20,1013.25,0,0,0,0,0,1.879998803138733,0,0,0,0,0,0,0,0,0,0,0,0,0,0
240,1,0,1,Night,,149.10479736328125,-59.10478973388672,139.96621704101562,0,0,0,0,1.070214867591858,1.6700999736785889,=NA(),0,64.81599426269531,1.4163999557495117,0.34380000829696655,0.08399999886751175,=NA(),20,1013.25,0,0,0,0,0,1.070001244544983,0,0,0,0,0,0,0,0,0,0,0,0,0,0
240,2,0,1,Night,,139.6538848876953,-49.65387725830078,120.246337890625,0,0,0,0,0.9898010492324829,1.6098999977111816,=NA(),0,64.81599426269531,1.4163999557495117,0.34380000829696655,0.08399999886751175,=NA(),20,1013.25,0,0,0,0,0,0.9900146722793579,0,0,0,0,0,0,0,0,0,0,0,0,0,0
240,3,0,1,Night,,128.38665771484375,-38.38665008544922,106.85846710205078,0,0,0,0,0.7597900629043579,1.5499999523162842,=NA(),0,64.81599426269531,1.4163999557495117,0.34380000829696655,0.08399999886751175,=NA(),20,1013.25,0,0,0,0,0,0.7600036859512329,0,0,0,0,0,0,0,0,0,0,0,0,0,0
240,4,0,1,Night,,116.37428283691406,-26.37428092956543,96.63533782958984,0,0,0,0,0.03978881984949112,1.3799999952316284,=NA(),0,64.81599426269531,1.4163999557495117,0.34380000829696655,0.08399999886751175,=NA(),20,1013.25,0,0,0,0,0,0.04000244289636612,0,0,0,0,0,0,0,0,0,0,0,0,0,0
240,5,0,1,Night,,104.134521484375,-14.134523391723633,87.82322692871094,0,0,0,0,-0.13968506455421448,1.2798999547958374,=NA(),0,64.81599426269531,1.4163999557495117,0.34380000829696655,0.08399999886751175,=NA(),20,1013.25,0,0,0,0,0,-0.13999024033546448,0,0,0,0,0,0,0,0,0,0,0,0,0,0
240,6,0,1,Day,,87.91834259033203,2.0816593170166016,76.77584838867188,11.505999565124512,11.49858570098877,0.20409999787807465,0.999355673789978,-0.6601928472518921,1.0499000549316406,=NA(),=NA(),19.011682510375977,1.4163999557495117,0.34380000829696655,0.08399999886751175,=NA(),20,1013.25,3.066373348236084,84.93351745605469,12.424999237060547,11.505000114440918,0.9200000166893005,-0.13999024033546448,57.64999771118164,63.31999969482422,63.29275894165039,38.65092849731445,0.1023467630147934,0.10203912854194641,43.89710998535156,0.11496829986572266,0.00038899999344721437,0,0.00002006249997066334,0,-5.670001983642578,0.027240753173828125
240,7,0,1,Day,,79.91145324707031,10.088549613952637,70.51435089111328,165.91000366210938,143.67918395996094,126.91000366210938,0.8660067319869995,2.2701048851013184,0.7001000046730042,=NA(),=NA(),5.541792392730713,1.4163999557495117,0.34380000829696655,0.08399999886751175,=NA(),20,1013.25,16.112972259521484,64.79363250732422,266.46002197265625,257.3949890136719,9.0649995803833,13.016260147094727,1488.530029296875,1545.1700439453125,1547.574951171875,41.20539474487305,2.3473498821258545,2.332942485809326,47.21743392944336,2.466651439666748,0.008529812097549438,0,0.000195624990737997,0,-56.6400146484375,-2.4049072265625
240,8,0,1,Day,,68.77843475341797,21.221567153930664,60.45090103149414,375.1000061035156,262.380859375,311.3999938964844,0.6994957327842712,8.060205459594727,0.5400999784469604,=NA(),=NA(),2.746168851852417,1.4163999557495117,0.34380000829696655,0.08399999886751175,=NA(),20,1013.25,58.243385314941406,28.35179328918457,644.385009765625,602.6400146484375,41.74500274658203,34.10936737060547,3872.43994140625,3752.10009765625,3756.599853515625,39.08740234375,6.00693416595459,5.870948314666748,46.08918762207031,6.326680660247803,0.021393250674009323,0,0.0008027500007301569,0,120.33984375,-4.499755859375
240,9,0,1,Day,,58.7918586730957,31.208141326904297,48.28432083129883,539.510009765625,307.0115661621094,448.7099914550781,0.5690562725067139,10.629999160766602,1.2700999975204468,=NA(),=NA(),1.925386667251587,1.4163999557495117,0.34380000829696655,0.08399999886751175,=NA(),20,1013.25,50.93758773803711,34.69028091430664,739.6099853515625,691.824951171875,47.78499984741211,40.65312957763672,4452.72021484375,4222.31982421875,4227.11865234375,38.25009536743164,6.907194137573242,6.798318386077881,45.499168395996094,7.281979084014893,0.02449612505733967,0,0.0009905624901875854,0,230.400390625,-4.798828125
240,10,0,1,Day,,50.759090423583984,39.240909576416016,33.050025939941406,665.5,314.29022216796875,555.2000122070312,0.47226178646087646,12.350000381469727,1.1699999570846558,=NA(),=NA(),1.5787527561187744,1.4163999557495117,0.34380000829696655,0.08399999886751175,=NA(),20,1013.25,33.731712341308594,40.47949981689453,785.9749755859375,742.1400146484375,43.83000183105469,44.34123992919922,4741.47998046875,4441.0498046875,4444.4296875,37.78204345703125,7.352123260498047,7.281881332397461,45.1411018371582,7.751952648162842,0.0262079369276762,0,0.0009224375244230032,0,300.43017578125,-3.3798828125
240,11,0,1,Day,,45.781982421875,44.218017578125,14.340689659118652,731.8099975585938,306.25531005859375,610.2100219726562,0.4184902012348175,13.800012588500977,1.4900000095367432,=NA(),=NA(),1.43256413936615,1.4163999557495117,0.34380000829696655,0.08399999886751175,=NA(),20,1013.25,14.280911445617676,43.9761848449707,793.5549926757812,746.3250122070312,47.230003356933594,46.178733825683594,4751.0400390625,4422.080078125,4427.43408203125,37.518394470214844,7.375441074371338,7.351617336273193,44.90827560424805,7.786480903625488,0.026177624240517616,0,0.0010071875294670463,0,328.9599609375,-5.35400390625
240,12,0,1,Day,,44.91680145263672,45.08319854736328,353.53662109375,735.7899780273438,302.7738342285156,611.489990234375,0.4114949107170105,14.969995498657227,1.750100016593933,=NA(),=NA(),1.4109032154083252,1.4163999557495117,0.34380000829696655,0.08399999886751175,=NA(),20,1013.25,-6.404162883758545,44.5548210144043,786.27001953125,738.6900024414062,47.58000183105469,47.14562225341797,4692.02978515625,4352.47021484375,4355.92431640625,37.40062713623047,7.27916145324707,7.268329620361328,44.759925842285156,7.679739475250244,0.025815749540925026,0,0.0010329375509172678,0,339.5595703125,-3.4541015625
240,13,0,1,Day,,48.38833236694336,41.61166763305664,333.7158508300781,679.6099853515625,307.3873596191406,560.510009765625,0.45229965448379517,15.469995498657227,1.5801000595092773,=NA(),=NA(),1.5041648149490356,1.4163999557495117,0.34380000829696655,0.08399999886751175,=NA(),20,1013.25,-26.49896812438965,42.09495544433594,770.0449829101562,726.5399780273438,43.5,46.886863708496094,4619.18017578125,4288.4501953125,4293.72509765625,37.41410446166992,7.17264986038208,7.127686023712158,44.7635383605957,7.574308395385742,0.025517936795949936,0,0.0009155625011771917,0,330.72998046875,-5.27490234375
240,14,0,1,Day,,55.371681213378906,34.628318786621094,317.1004638671875,545.7999877929688,305.1515808105469,423.489990234375,0.5590904951095581,15.830011367797852,1.2798999547958374,=NA(),=NA(),1.7565910816192627,1.4163999557495117,0.34380000829696655,0.08399999886751175,=NA(),20,1013.25,-44.58767318725586,37.069374084472656,695.27001953125,650.9400024414062,44.33000183105469,44.13249969482422,4172.2001953125,3909.110107421875,3914.647216796875,37.7470817565918,6.481796741485596,6.387906074523926,44.92831039428711,6.8458380699157715,0.02298506163060665,0,0.000909249996766448,0,263.090087890625,-5.537109375
240,15,0,1,Day,,64.7074203491211,25.292577743530273,303.8362731933594,359.5,265.1225280761719,220.89999389648438,0.7374757528305054,15.740015029907227,1.1101000308990479,=NA(),=NA(),2.3313634395599365,1.4163999557495117,0.34380000829696655,0.08399999886751175,=NA(),20,1013.25,-60,30.230070114135742,527.8699951171875,479.4949951171875,48.375,37.206871032714844,3133.280029296875,3003.530029296875,3006.810546875,38.548927307128906,4.875116348266602,4.754313945770264,45.30219650268555,5.141502857208252,0.01711956225335598,0,0.0008996874676086009,0,129.75,-3.280517578125
240,16,0,1,Day,,75.47050476074219,14.529496192932129,293.0559387207031,152.99000549316406,143.4827117919922,37.895999908447266,0.9378567934036255,15.200006484985352,1.4900000095367432,=NA(),=NA(),3.930925130844116,1.4163999557495117,0.34380000829696655,0.08399999886751175,=NA(),20,1013.25,-25.504222869873047,52.41447067260742,213.95999145507812,201.82501220703125,12.135000228881836,23.87749671936035,1222.3399658203125,1224.570068359375,1225.9031982421875,39.449344635009766,1.9422086477279663,1.912109136581421,45.42376708984375,2.0485951900482178,0.0069681876339018345,0,0.0002436875074636191,0,-2.2301025390625,-1.3331298828125
240,17,0,1,Night,Sun above horizon but GHI below 1,85.71275329589844,4.287243366241455,284.74517822265625,0,0,0,0,11.830011367797852,2.2699999809265137,=NA(),0,11.66209602355957,1.4163999557495117,0.34380000829696655,0.08399999886751175,=NA(),20,1013.25,0,0,0,0,0,11.830011367797852,0,0,0,0,0,0,0,0,0,0,0,0,0,0
240,18,0,1,Night,,99.34758758544922,-9.347586631774902,275.2564392089844,0,0,0,0,6.529901027679443,2.9100000858306885,=NA(),0,64.81599426269531,1.4163999557495117,0.34380000829696655,0.08399999886751175,=NA(),20,1013.25,0,0,0,0,0,6.529992580413818,0,0,0,0,0,0,0,0,0,0,0,0,0,0
240,19,0,1,Night,,111.56802368164062,-21.568023681640625,266.6513366699219,0,0,0,0,5.290093898773193,3.3301000595092773,=NA(),0,64.81599426269531,1.4163999557495117,0.34380000829696655,0.08399999886751175,=NA(),20,1013.25,0,0,0,0,0,5.290002346038818,0,0,0,0,0,0,0,0,0,0,0,0,0,0
240,20,0,1,Night,,123.69121551513672,-33.69121170043945,257.0777282714844,0,0,0,0,5.369897365570068,3.369999885559082,=NA(),0,64.81599426269531,1.4163999557495117,0.34380000829696655,0.08399999886751175,=NA(),20,1013.25,0,0,0,0,0,5.369988918304443,0,0,0,0,0,0,0,0,0,0,0,0,0,0
240,21,0,1,Night,,135.2921142578125,-45.2921142578125,245.12847900390625,0,0,0,0,4.649987697601318,3.0799999237060547,=NA(),0,64.81599426269531,1.4163999557495117,0.34380000829696655,0.08399999886751175,=NA(),20,1013.25,0,0,0,0,0,4.649987697601318,0,0,0,0,0,0,0,0,0,0,0,0,0,0
240,22,0,1,Night,,145.5703582763672,-55.57036209106445,228.2779083251953,0,0,0,0,5.260186672210693,2.6900999546051025,=NA(),0,64.81599426269531,1.4163999557495117,0.34380000829696655,0.08399999886751175,=NA(),20,1013.25,0,0,0,0,0,5.260003566741943,0,0,0,0,0,0,0,0,0,0,0,0,0,0
240,23,0,1,Night,,152.77914428710938,-62.77914810180664,202.76022338867188,0,0,0,0,4.560204982757568,2.54010009765625,=NA(),0,64.81599426269531,1.4163999557495117,0.34380000829696655,0.08399999886751175,=NA(),20,1013.25,0,0,0,0,0,4.559991359710693,0,0,0,0,0,0,0,0,0,0,0,0,0,0
241,0,0,1,Night,,154.10169982910156,-64.1017074584961,169.4254913330078,0,0,0,0,6.980004787445068,2.490000009536743,=NA(),0,64.81599426269531,1.4163999557495117,0.34380000829696655,0.08399999886751175,=NA(),20,1013.25,0,0,0,0,0,6.980004787445068,0,0,0,0,0,0,0,0,0,0,0,0,0,0
241,1,0,1,Night,,148.76690673828125,-58.76690673828125,140.2112274169922,0,0,0,0,6.969995021820068,2.23009991645813,=NA(),0,64.81599426269531,1.4163999557495117,0.34380000829696655,0.08399999886751175,=NA(),20,1013.25,0,0,0,0,0,6.969995021820068,0,0,0,0,0,0,0,0,0,0,0,0,0,0
241,2,0,1,Night,,139.35482788085938,-49.354820251464844,120.55747985839844,0,0,0,0,6.640313625335693,2.159899950027466,=NA(),0,64.81599426269531,1.4163999557495117,0.34380000829696655,0.08399999886751175,=NA(),20,1013.25,0,0,0,0,0,6.640008449554443,0,0,0,0,0,0,0,0,0,0,0,0,0,0
241,3,0,1,Night,,128.113525390625,-38.11353302001953,107.1591796875,0,0,0,0,6.400292873382568,4.079899787902832,=NA(),0,64.81599426269531,1.4163999557495117,0.34380000829696655,0.08399999886751175,=NA(),20,1013.25,0,0,0,0,0,6.399987697601318,0,0,0,0,0,0,0,0,0,0,0,0,0,0
241,4,0,1,Night,,116.11336517333984,-26.113361358642578,96.91413116455078,0,0,0,0,7.429986476898193,5.539999961853027,=NA(),0,64.81599426269531,1.4163999557495117,0.34380000829696655,0.08399999886751175,=NA(),20,1013.25,0,0,0,0,0,7.429986476898193,0,0,0,0,0,0,0,0,0,0,0,0,0,0
241,5,0,1,Night,,103.87548065185547,-13.875478744506836,88.08348846435547,0,0,0,0,8.060205459594727,5.210000038146973,=NA(),0,64.81599426269531,1.4163999557495117,0.34380000829696655,0.08399999886751175,=NA(),20,1013.25,0,0,0,0,0,8.059991836547852,0,0,0,0,0,0,0,0,0,0,0,0,0,0
241,6,0,1,Day,,87.7970962524414,2.2029004096984863,77.11077117919922,2.8910999298095703,2.8910999298095703,0,1,8.270288467407227,5.269899845123291,=NA(),=NA(),18.407672882080078,1.4163999557495117,0.34380000829696655,0.08399999886751175,=NA(),20,1013.25,3.241316080093384,84.63771057128906,3.119999885559082,2.890000104904175,0.23000000417232513,8.409997940063477,11.050000190734863,11.680000305175781,11.66479206085205,34.245548248291016,0.021288881078362465,0.021199341863393784,39.886661529541016,0.02899869717657566,0.000097999996796716,0,0.000004999999873689376,0,-0.630000114440918,0.015208244323730469
241,7,0,1,Day,,79.63864135742188,10.361358642578125,70.74959564208984,9.005499839782715,9.004528999328613,0.005400000140070915,0.9998921751976013,9.569910049438477,5.760000228881836,=NA(),=NA(),5.405755519866943,1.4163999557495117,0.34380000829696655,0.08399999886751175,=NA(),20,1013.25,16.57240104675293,64.07003784179688,9.529999732971191,8.704999923706055,0.824999988079071,9.975000381469727,42.650001525878906,45.15999984741211,45.14167785644531,36.53562545776367,0.07722093164920807,0.0759245976805687,41.876426696777344,0.08833492547273636,0.00029562501003965735,0,0.000016999998479150236,0,-2.509998321533203,0.018321990966796875
241,8,0,1,Day,,68.4814682006836,21.51853370666504,60.671207427978516,19.9060001373291,19.904935836791992,0.002899999963119626,0.9999465346336365,8.100091934204102,4.920100212097168,=NA(),=NA(),2.7105443477630615,1.4163999557495117,0.34380000829696655,0.08399999886751175,=NA(),20,1013.25,60,27.65031623840332,18.415000915527344,13.545000076293945,4.869999885559082,8.887506484985352,84.38999938964844,89.63999938964844,88.50466918945312,38.14364242553711,0.14495322108268738,0.13168689608573914,43.137725830078125,0.1632624864578247,0.0004902500077150762,0,0.0000880625011632219,0,-5.25,1.1353302001953125
241,9,0,1,Day,,58.468875885009766,31.5311222076416,48.474151611328125,125.80000305175781,124.75225067138672,2.003499984741211,0.9916712641716003,9.799890518188477,4.909999847412109,=NA(),=NA(),1.9077814817428589,1.4163999557495117,0.34380000829696655,0.08399999886751175,=NA(),20,1013.25,50.66428756713867,34.40758514404297,122.7750015258789,98.83499908447266,23.935001373291016,14.929376602172852,640.72998046875,662.3499755859375,655.0479736328125,40.38507843017578,1.0134305953979492,0.943510115146637,45.5634651184082,1.0910615921020508,0.0033984999172389507,0,0.00048099999548867345,0,-21.6199951171875,7.302001953125
241,10,0,1,Day,,50.41008377075195,39.58991622924805,33.17306137084961,28.695999145507812,28.63239860534668,0.0997999981045723,0.9977836608886719,9.099908828735352,5.619999885559082,=NA(),=NA(),1.5671430826187134,1.4163999557495117,0.34380000829696655,0.08399999886751175,=NA(),20,1013.25,33.49068069458008,40.16794204711914,28.885000228881836,25.190000534057617,3.694999933242798,10.309991836547852,142.11000061035156,150.02999877929688,149.27145385742188,38.61039733886719,0.24160124361515045,0.23116233944892883,43.775047302246094,0.26415058970451355,0.0008618124993517995,0,0.0000733124979888089,0,-7.9199981689453125,0.758544921875
241,11,0,1,Day,,45.42012405395508,44.57987594604492,14.341851234436035,233.00999450683594,228.8607635498047,5.911399841308594,0.9821929335594177,10.140008926391602,5.230000019073486,=NA(),=NA(),1.4233849048614502,1.4163999557495117,0.34380000829696655,0.08399999886751175,=NA(),20,1013.25,14.109898567199707,43.636016845703125,248.5449981689453,228.68499755859375,19.860000610351562,20.254358291625977,1400.5400390625,1420.1300048828125,1420.2567138671875,40.180885314941406,2.2091588973999023,2.1864657402038574,46.143760681152344,2.3301424980163574,0.0078099374659359455,0,0.0004157499934080988,0,-19.5899658203125,-0.126708984375
241,12,0,1,Day,,44.571014404296875,45.428985595703125,353.38494873046875,783.489990234375,317.45733642578125,654.1900024414062,0.4051836431026459,12.679986953735352,4.309899806976318,=NA(),=NA(),1.4025161266326904,1.4163999557495117,0.34380000829696655,0.08399999886751175,=NA(),20,1013.25,-6.474564075469971,44.196441650390625,837.300048828125,786.6700439453125,50.62999725341797,46.946861267089844,4999.64990234375,4641.91015625,4644.4130859375,37.4499397277832,7.751035690307617,7.737405300140381,44.906192779541016,8.171016693115234,0.02750387415289879,0,0.001098937471397221,0,357.73974609375,-2.5029296875
241,13,0,1,Day,,48.08625030517578,41.91374969482422,333.4486083984375,397.1000061035156,336.713134765625,90.39800262451172,0.8479303121566772,14.700006484985352,3.0201001167297363,=NA(),=NA(),1.4953423738479614,1.4163999557495117,0.34380000829696655,0.08399999886751175,=NA(),20,1013.25,-26.470991134643555,41.73362350463867,429.08001708984375,394.4949951171875,34.59000015258789,32.17375946044922,2491.35009765625,2428.030029296875,2430.16064453125,39.06418228149414,3.888110399246216,3.819429874420166,45.55283737182617,4.099409103393555,0.01369362510740757,0,0.0007013124995864928,0,63.320068359375,-2.130615234375
241,14,0,1,Day,,55.121402740478516,34.878597259521484,316.7820129394531,587.1900024414062,309.85357666015625,484.989990234375,0.5276888012886047,14.459985733032227,2.2399001121520996,=NA(),=NA(),1.7456247806549072,1.4163999557495117,0.34380000829696655,0.08399999886751175,=NA(),20,1013.25,-44.49089813232422,36.71567153930664,753.0899658203125,707.1849975585938,45.90999984741211,45.12438201904297,4529.41015625,4230.43994140625,4236.126953125,37.64374923706055,7.033346652984619,6.939184665679932,44.95412826538086,7.428208827972412,0.024979250505566597,0,0.0009436249965801835,0,298.97021484375,-5.68701171875
241,15,0,1,Day,,64.5020980834961,25.49789810180664,303.50604248046875,174.5,170.5818328857422,9.101900100708008,0.9775463342666626,14.800012588500977,1.7799999713897705,=NA(),=NA(),2.3140063285827637,1.4163999557495117,0.34380000829696655,0.08399999886751175,=NA(),20,1013.25,-60,29.88564682006836,183.2550048828125,145.03500366210938,38.230003356933594,22.418115615844727,990.469970703125,997.1900024414062,989.6397094726562,39.7884635925293,1.5540809631347656,1.456995964050293,45.26070022583008,1.6617497205734253,0.005177999846637249,0,0.0007120000082068145,0,-6.72003173828125,7.55029296875
241,16,0,1,Day,,75.29859161376953,14.701410293579102,292.7264404296875,33.50199890136719,33.425357818603516,0.3019999861717224,0.9977123141288757,13.290002822875977,1.7799999713897705,=NA(),=NA(),3.88730788230896,1.4163999557495117,0.34380000829696655,0.08399999886751175,=NA(),20,1013.25,-25.818376541137695,51.9023323059082,34.65999984741211,31.045000076293945,3.615000009536743,14.732507705688477,174.9199981689453,181.52999877929688,181.22987365722656,38.14204406738281,0.2969501316547394,0.2885943055152893,43.465721130371094,0.3213138282299042,0.0010639999527484179,0,0.00007124999683583155,0,-6.6100006103515625,0.3001251220703125
241,17,0,1,Day,,85.62641906738281,4.373581886291504,284.36846923828125,1.3087999820709229,1.3002817630767822,0.11169999837875366,0.9934915900230408,12.179986953735352,1.910099983215332,=NA(),=NA(),11.480815887451172,1.4163999557495117,0.34380000829696655,0.08399999886751175,=NA(),20,1013.25,-6.517630100250244,79.31526947021484,1.4199999570846558,1.315000057220459,0.10500000417232513,12.249994277954102,3.359999895095825,3.359999895095825,3.3653182983398438,29.49808692932129,0.007130322977900505,0.007078966591507196,37.0544319152832,0.013135337270796299,0.00004400000034365803,0,0.0000019999999949504854,0,0,-0.005318403244018555
241,18,0,1,Night,,99.20834350585938,-9.208346366882324,274.9169616699219,0,0,0,0,9.779993057250977,1.839900016784668,=NA(),0,64.81599426269531,1.4163999557495117,0.34380000829696655,0.08399999886751175,=NA(),20,1013.25,0,0,0,0,0,9.779993057250977,0,0,0,0,0,0,0,0,0,0,0,0,0,0
241,19,0,1,Night,,111.43025970458984,-21.43025779724121,266.2906799316406,0,0,0,0,7.709893703460693,1.7799999713897705,=NA(),0,64.81599426269531,1.4163999557495117,0.34380000829696655,0.08399999886751175,=NA(),20,1013.25,0,0,0,0,0,7.709985256195068,0,0,0,0,0,0,0,0,0,0,0,0,0,0
241,20,0,1,Night,,123.54190826416016,-33.541908264160156,256.6806640625,0,0,0,0,6.289910793304443,1.8301000595092773,=NA(),0,64.81599426269531,1.4163999557495117,0.34380000829696655,0.08399999886751175,=NA(),20,1013.25,0,0,0,0,0,6.290002346038818,0,0,0,0,0,0,0,0,0,0,0,0,0,0
241,21,0,1,Night,,135.1134796142578,-45.11347198486328,244.68019104003906,0,0,0,0,4.729699611663818,1.940000057220459,=NA(),0,64.81599426269531,1.4163999557495117,0.34380000829696655,0.08399999886751175,=NA(),20,1013.25,0,0,0,0,0,4.730004787445068,0,0,0,0,0,0,0,0,0,0,0,0,0,0
241,22,0,1,Night,,145.33653259277344,-55.3365364074707,227.78829956054688,0,0,0,0,4.330193996429443,1.9000999927520752,=NA(),0,64.81599426269531,1.4163999557495117,0.34380000829696655,0.08399999886751175,=NA(),20,1013.25,0,0,0,0,0,4.330010890960693,0,0,0,0,0,0,0,0,0,0,0,0,0,0
241,23,0,1,Night,,152.4658660888672,-62.46586990356445,202.3610382080078,0,0,0,0,3.6003050804138184,1.6899000406265259,=NA(),0,64.81599426269531,1.4163999557495117,0.34380000829696655,0.08399999886751175,=NA(),20,1013.25,0,0,0,0,0,3.5999999046325684,0,0,0,0,0,0,0,0,0,0,0,0,0,0
242,0,0,1,Night,,153.73910522460938,-63.73910140991211,169.3817596435547,0,0,0,0,2.8297972679138184,1.409999966621399,=NA(),0,64.81599426269531,1.4163999557495117,0.34380000829696655,0.08399999886751175,=NA(),20,1013.25,0,0,0,0,0,2.8300108909606934,0,0,0,0,0,0,0,0,0,0,0,0,0,0
242,1,0,1,Night,,148.42596435546875,-58.42596435546875,140.4515838623047,0,0,0,0,3.2997984886169434,0.7800999879837036,=NA(),0,64.81599426269531,1.4163999557495117,0.34380000829696655,0.08399999886751175,=NA(),20,1013.25,0,0,0,0,0,3.3000121116638184,0,0,0,0,0,0,0,0,0,0,0,0,0,0
242,2,0,1,Night,,139.05259704589844,-49.05259704589844,120.86595153808594,0,0,0,0,2.7600035667419434,0.23010000586509705,=NA(),0,64.81599426269531,1.4163999557495117,0.34380000829696655,0.08399999886751175,=NA(),20,1013.25,0,0,0,0,0,2.7600035667419434,0,0,0,0,0,0,0,0,0,0,0,0,0,0
242,3,0,1,Night,,127.83773040771484,-37.837730407714844,107.45899200439453,0,0,0,0,1.580102562904358,0.5799999833106995,=NA(),0,64.81599426269531,1.4163999557495117,0.34380000829696655,0.08399999886751175,=NA(),20,1013.25,0,0,0,0,0,1.580011010169983,0,0,0,0,0,0,0,0,0,0,0,0,0,0
242,4,0,1,Night,,115.8509750366211,-25.850975036621094,97.19300842285156,0,0,0,0,1.040307641029358,1.4300999641418457,=NA(),0,64.81599426269531,1.4163999557495117,0.34380000829696655,0.08399999886751175,=NA(),20,1013.25,0,0,0,0,0,1.040002465248108,0,0,0,0,0,0,0,0,0,0,0,0,0,0
242,5,0,1,Night,,103.61699676513672,-13.616997718811035,88.34443664550781,0,0,0,0,1.399896264076233,2.130000114440918,=NA(),0,64.81599426269531,1.4163999557495117,0.34380000829696655,0.08399999886751175,=NA(),20,1013.25,0,0,0,0,0,1.399987816810608,0,0,0,0,0,0,0,0,0,0,0,0,0,0
242,6,0,1,Day,,87.6620864868164,2.3379158973693848,77.451904296875,12.208999633789062,12.20047378540039,0.20900000631809235,0.9993016719818115,1.050195336341858,2.6900999546051025,=NA(),=NA(),17.773330688476562,1.4163999557495117,0.34380000829696655,0.08399999886751175,=NA(),20,1013.25,3.436267614364624,84.30818176269531,13.180000305175781,12.204999923706055,0.9800000190734863,1.600000023841858,61.529998779296875,67.19000244140625,67.0779800415039,38.520118713378906,0.10883593559265137,0.1084328293800354,43.73701477050781,0.1220683678984642,0.0004126249987166375,0,0.000021500000002561137,0,-5.660003662109375,0.11202239990234375
242,7,0,1,Day,,79.3584976196289,10.641502380371094,70.98628234863281,105.51000213623047,101.63078308105469,21.006999969482422,0.9632336497306824,2.3099913597106934,2.6900999546051025,=NA(),=NA(),5.2727837562561035,1.4163999557495117,0.34380000829696655,0.08399999886751175,=NA(),20,1013.25,17.048051834106445,63.32300567626953,135.94000244140625,127.86000061035156,8.085000038146973,7.813134670257568,742.6900024414062,785.989990234375,786.5333251953125,41.14744567871094,1.1946841478347778,1.1811540126800537,46.792022705078125,1.2594552040100098,0.004297437611967325,0,0.00017068750457838178,0,-43.29998779296875,-0.5433349609375
242,8,0,1,Day,,68.1812744140625,21.818727493286133,60.89322280883789,200.08999633789062,188.19985961914062,31.990999221801758,0.9405760765075684,3.6801085472106934,2.460099935531616,=NA(),=NA(),2.6755237579345703,1.4163999557495117,0.34380000829696655,0.08399999886751175,=NA(),20,1013.25,60,27.340723037719727,239.8300018310547,199.8350067138672,39.99500274658203,13.491876602172852,1336.7900390625,1385.8399658203125,1379.64599609375,41.34368896484375,2.085298538208008,1.977900505065918,46.973724365234375,2.214017629623413,0.007130125071853399,0,0.0007338125142268836,0,-49.0499267578125,6.1939697265625
242,9,0,1,Day,,58.14295959472656,31.857038497924805,48.665733337402344,354.8999938964844,291.2998962402344,120.5,0.8207942843437195,5.679711818695068,2.049999952316284,=NA(),=NA(),1.8903981447219849,1.4163999557495117,0.34380000829696655,0.08399999886751175,=NA(),20,1013.25,50.38948059082031,34.12260437011719,426.8450012207031,380.83001708984375,46.019996643066406,23.0206241607666,2473.60009765625,2484.39013671875,2482.436767578125,40.44278335571289,3.8362843990325928,3.715949296951294,46.74494934082031,4.044399261474609,0.01335968729108572,0,0.0009347500163130462,0,-10.7900390625,1.953369140625
242,10,0,1,Day,,50.05842971801758,39.94157028198242,33.297061920166016,460.6099853515625,339.00762939453125,189.41000366210938,0.7359971404075623,7.560296535491943,1.999899983406067,=NA(),=NA(),1.5556739568710327,1.4163999557495117,0.34380000829696655,0.08399999886751175,=NA(),20,1013.25,33.24906921386719,39.85409164428711,518.3800048828125,479.3699951171875,39.02000045776367,28.565637588500977,3059.97998046875,3018.7099609375,3018.261474609375,39.778778076171875,4.742302894592285,4.656417369842529,46.390052795410156,4.991422176361084,0.01680431328713894,0,0.0008008125005289912,0,41.27001953125,0.448486328125
242,11,0,1,Day,,45.05574035644531,44.94425964355469,14.341662406921387,501.1000061035156,360.16949462890625,199.5,0.718757688999176,10.140008926391602,2.049999952316284,=NA(),=NA(),1.414315938949585,1.4163999557495117,0.34380000829696655,0.08399999886751175,=NA(),20,1013.25,13.938380241394043,43.29356002807617,539.85498046875,503.70001220703125,36.165000915527344,32.060630798339844,3176.830078125,3098.3701171875,3101.45947265625,39.2708854675293,4.936008930206299,4.912173271179199,46.00007247924805,5.19926643371582,0.017500312998890877,0,0.0007655625231564045,0,78.4599609375,-3.08935546875
242,12,0,1,Day,,44.2232666015625,45.7767333984375,353.2288513183594,642.2999877929688,321.60919189453125,447.5,0.500714898109436,13.119989395141602,2.150099992752075,=NA(),=NA(),1.394231915473938,1.4163999557495117,0.34380000829696655,0.08399999886751175,=NA(),20,1013.25,-6.546036243438721,43.835594177246094,686.9749755859375,644.3250122070312,42.650001525878906,41.16124725341797,4082.739990234375,3864.10986328125,3865.6328125,38.180809020996094,6.327838897705078,6.316133975982666,45.272682189941406,6.66683292388916,0.022462062537670135,0,0.0009253125172108412,0,218.630126953125,-1.52294921875
242,13,0,1,Day,,47.783084869384766,42.216915130615234,333.1756896972656,361,322.56640625,57.198001861572266,0.8935357332229614,14.429986953735352,2.2699999809265137,=NA(),=NA(),1.4866327047348022,1.4163999557495117,0.34380000829696655,0.08399999886751175,=NA(),20,1013.25,-26.444440841674805,41.36952209472656,387.8550109863281,355.45001220703125,32.40999984741211,30.240015029907227,2239.969970703125,2196.9599609375,2197.75537109375,39.25849533081055,3.49885892868042,3.4319698810577393,45.619937896728516,3.689135789871216,0.012321124784648418,0,0.0006544999778270721,0,43.010009765625,-0.79541015625
242,14,0,1,Day,,54.87091064453125,35.12908935546875,316.4583740234375,325.19000244140625,289.6313171386719,61.79600143432617,0.890652596950531,14.640008926391602,2.3299999237060547,=NA(),=NA(),1.7348177433013916,1.4163999557495117,0.34380000829696655,0.08399999886751175,=NA(),20,1013.25,-44.39560317993164,36.35907745361328,364.5,323.7250061035156,40.775001525878906,29.55938148498535,2086.64990234375,2051.030029296875,2050.246826171875,39.34857940673828,3.2564382553100586,3.149573564529419,45.585140228271484,3.4425148963928223,0.011294937692582607,0,0.000815125007648021,0,35.619873046875,0.783203125
242,15,0,1,Day,,64.29686737060547,25.70313262939453,303.1716003417969,224.8000030517578,211.35244750976562,31.006000518798828,0.9401798844337463,14.619989395141602,1.3300000429153442,=NA(),=NA(),2.296940565109253,1.4163999557495117,0.34380000829696655,0.08399999886751175,=NA(),20,1013.25,-60,29.53876304626465,253.5,207.8699951171875,45.630001068115234,25.089380264282227,1409.0400390625,1405.6400146484375,1398.8685302734375,39.763675689697266,2.198319911956787,2.082336664199829,45.50020217895508,2.337944269180298,0.007424999959766865,0,0.0008493749774061143,0,3.4000244140625,6.771484375
242,16,0,1,Day,,75.12735748291016,14.872640609741211,292.39349365234375,99.99800109863281,98.8697509765625,4.395699977874756,0.988717257976532,14.510004043579102,1.059999942779541,=NA(),=NA(),3.8448355197906494,1.4163999557495117,0.34380000829696655,0.08399999886751175,=NA(),20,1013.25,-26.132835388183594,51.3890495300293,114.88999938964844,104.91999816894531,9.970000267028809,19.22124671936035,628.489990234375,640.2100219726562,639.6000366210938,39.34862518310547,1.0158929824829102,0.9927918910980225,44.940773010253906,1.0779309272766113,0.0036114375106990337,0,0.0001964999974006787,0,-11.72003173828125,0.6099853515625
242,17,0,1,Day,,85.55294036865234,4.44705867767334,283.9789123535156,3.301300048828125,3.2934067249298096,0.10180000215768814,0.99760901927948,12.589990615844727,1.2898999452590942,=NA(),=NA(),11.330638885498047,1.4163999557495117,0.34380000829696655,0.08399999886751175,=NA(),20,1013.25,-6.6175456047058105,79.13397979736328,3.559999942779541,3.2950000762939453,0.26999998092651367,12.749994277954102,13.170000076293945,13.680000305175781,13.677918434143066,33.912841796875,0.025207819417119026,0.025060968473553658,39.48713684082031,0.03308766707777977,0.00011118750262539834,0,0.000006000000212225132,0,-0.5100002288818359,0.0020818710327148438
242,18,0,1,Night,,99.06988525390625,-9.069881439208984,274.5748291015625,0,0,0,0,8.629907608032227,1.929900050163269,=NA(),0,64.81599426269531,1.4163999557495117,0.34380000829696655,0.08399999886751175,=NA(),20,1013.25,0,0,0,0,0,8.629999160766602,0,0,0,0,0,0,0,0,0,0,0,0,0,0
242,19,0,1,Night,,111.29197692871094,-21.29197883605957,265.9276428222656,0,0,0,0,7.370202541351318,2.5,=NA(),0,64.81599426269531,1.4163999557495117,0.34380000829696655,0.08399999886751175,=NA(),20,1013.25,0,0,0,0,0,7.369988918304443,0,0,0,0,0,0,0,0,0,0,0,0,0,0
242,20,0,1,Night,,123.39119720458984,-33.39119338989258,256.2815856933594,0,0,0,0,5.930291652679443,2.8399999141693115,=NA(),0,64.81599426269531,1.4163999557495117,0.34380000829696655,0.08399999886751175,=NA(),20,1013.25,0,0,0,0,0,5.929986476898193,0,0,0,0,0,0,0,0,0,0,0,0,0,0
242,21,0,1,Night,,134.9325714111328,-44.93256759643555,244.23069763183594,0,0,0,0,4.699792385101318,3.029900074005127,=NA(),0,64.81599426269531,1.4163999557495117,0.34380000829696655,0.08399999886751175,=NA(),20,1013.25,0,0,0,0,0,4.700006008148193,0,0,0,0,0,0,0,0,0,0,0,0,0,0
242,22,0,1,Night,,145.09971618652344,-55.09971618652344,227.29981994628906,0,0,0,0,3.6101927757263184,3.1098999977111816,=NA(),0,64.81599426269531,1.4163999557495117,0.34380000829696655,0.08399999886751175,=NA(),20,1013.25,0,0,0,0,0,3.6100096702575684,0,0,0,0,0,0,0,0,0,0,0,0,0,0
242,23,0,1,Night,,152.14959716796875,-62.14958953857422,201.9655303955078,0,0,0,0,3.3197875022888184,3.170099973678589,=NA(),0,64.81599426269531,1.4163999557495117,0.34380000829696655,0.08399999886751175,=NA(),20,1013.25,0,0,0,0,0,3.3200011253356934,0,0,0,0,0,0,0,0,0,0,0,0,0,0
243,0,0,1,Night,,153.3737030029297,-63.37370681762695,169.33670043945312,0,0,0,0,3.8800902366638184,3.1898999214172363,=NA(),0,64.81599426269531,1.4163999557495117,0.34380000829696655,0.08399999886751175,=NA(),20,1013.25,0,0,0,0,0,3.8799986839294434,0,0,0,0,0,0,0,0,0,0,0,0,0,0
243,1,0,1,Night,,148.08163452148438,-58.08163070678711,140.68736267089844,0,0,0,0,2.7799925804138184,3.1800999641418457,=NA(),0,64.81599426269531,1.4163999557495117,0.34380000829696655,0.08399999886751175,=NA(),20,1013.25,0,0,0,0,0,2.7799925804138184,0,0,0,0,0,0,0,0,0,0,0,0,0,0
243,2,0,1,Night,,138.74661254882812,-48.74661636352539,121.17171478271484,0,0,0,0,2.4601988792419434,3.1898999214172363,=NA(),0,64.81599426269531,1.4163999557495117,0.34380000829696655,0.08399999886751175,=NA(),20,1013.25,0,0,0,0,0,2.4599852561950684,0,0,0,0,0,0,0,0,0,0,0,0,0,0
243,3,0,1,Night,,127.55811309814453,-37.55811309814453,107.7578353881836,0,0,0,0,2.0400938987731934,3.240000009536743,=NA(),0,64.81599426269531,1.4163999557495117,0.34380000829696655,0.08399999886751175,=NA(),20,1013.25,0,0,0,0,0,2.0400023460388184,0,0,0,0,0,0,0,0,0,0,0,0,0,0
243,4,0,1,Night,,115.58465576171875,-25.58465576171875,97.47193145751953,0,0,0,0,1.300195336341858,3.279900074005127,=NA(),0,64.81599426269531,1.4163999557495117,0.34380000829696655,0.08399999886751175,=NA(),20,1013.25,0,0,0,0,0,1.300012230873108,0,0,0,0,0,0,0,0,0,0,0,0,0,0
243,5,0,1,Night,,103.3542251586914,-13.354223251342773,88.60601806640625,0,0,0,0,1.100091576576233,3.26990008354187,=NA(),0,64.81599426269531,1.4163999557495117,0.34380000829696655,0.08399999886751175,=NA(),20,1013.25,0,0,0,0,0,1.100000023841858,0,0,0,0,0,0,0,0,0,0,0,0,0,0
243,6,0,1,Day,,87.5348892211914,2.465111494064331,77.79679870605469,23.108999252319336,22.98824119567871,2.8076000213623047,0.9947744011878967,0.6999145746231079,3.970099925994873,=NA(),=NA(),17.209867477416992,1.4163999557495117,0.34380000829696655,0.08399999886751175,=NA(),20,1013.25,3.6193900108337402,83.99761199951172,25.279998779296875,23.559999465942383,1.7200000286102295,1.755639672279358,118.79000091552734,129.41000366210938,129.09671020507812,39.570045471191406,0.20390553772449493,0.2029513567686081,44.748687744140625,0.2228287309408188,0.0007543750107288361,0,0.000037500001781154424,0,-10.620002746582031,0.31329345703125
243,7,0,1,Day,,79.07868194580078,10.921320915222168,71.22440338134766,210.08999633789062,176.86045837402344,175.38999938964844,0.8418318629264832,4.029687404632568,3.9899001121520996,=NA(),=NA(),5.146293640136719,1.4163999557495117,0.34380000829696655,0.08399999886751175,=NA(),20,1013.25,17.52656364440918,62.572601318359375,352.46502685546875,341.7850036621094,10.680000305175781,18.2549991607666,2003.3299560546875,2043.7099609375,2046.318603515625,40.782745361328125,3.136007785797119,3.115476608276367,47.01498031616211,3.2960681915283203,0.011407624930143356,0,0.00023200000578071922,0,-40.3800048828125,-2.608642578125
243,8,0,1,Day,,67.88002014160156,22.119979858398438,61.116973876953125,368.0899963378906,258.36785888671875,291.3900146484375,0.70191490650177,8.270288467407227,3.4900999069213867,=NA(),=NA(),2.6413416862487793,1.4163999557495117,0.34380000829696655,0.08399999886751175,=NA(),20,1013.25,60,27.031171798706055,615.780029296875,570.9199829101562,44.85499954223633,33.20000457763672,3680.02001953125,3576.090087890625,3578.9462890625,39.205055236816406,5.705665588378906,5.571225166320801,46.11505889892578,6.008319854736328,0.020276250317692757,0,0.0008309374679811299,0,103.929931640625,-2.856201171875
243,9,0,1,Day,,57.81559371948242,32.18440628051758,48.859100341796875,547.5,306.5362854003906,452.3900146484375,0.5598836541175842,12.339990615844727,3.900099992752075,=NA(),=NA(),1.873311996459961,1.4163999557495117,0.34380000829696655,0.08399999886751175,=NA(),20,1013.25,50.114810943603516,33.83594512939453,744.8049926757812,697.3399658203125,47.46500015258789,42.67125701904297,4481.14013671875,4220.4501953125,4221.75634765625,38.01137924194336,6.94174337387085,6.830977439880371,45.25051498413086,7.3144330978393555,0.024667562916874886,0,0.000980874989181757,0,260.68994140625,-1.30615234375
243,10,0,1,Day,,49.70476531982422,40.29523468017578,33.42209243774414,344.1000061035156,310.1468811035156,52.5,0.9013277292251587,15.369989395141602,4.079899787902832,=NA(),=NA(),1.5443649291992188,1.4163999557495117,0.34380000829696655,0.08399999886751175,=NA(),20,1013.25,33.00749969482422,39.53838348388672,371.7349853515625,337.0899963378906,34.63999938964844,30.553125381469727,2139.93994140625,2096.5,2096.304443359375,39.20180892944336,3.3421525955200195,3.2608678340911865,45.497779846191406,3.5266165733337402,0.011713312938809395,0,0.0006973749841563404,0,43.43994140625,0.195556640625
243,11,0,1,Day,,44.6890869140625,45.3109130859375,14.340163230895996,559.9000244140625,350.387939453125,294.70001220703125,0.6258044838905334,16.70000648498535,4.119999885559082,=NA(),=NA(),1.4053632020950317,1.4163999557495117,0.34380000829696655,0.08399999886751175,=NA(),20,1013.25,13.76655387878418,42.949031829833984,604.4650268554688,565.8399658203125,38.625,41.39501190185547,3583.18994140625,3387.3798828125,3389.6494140625,38.07963562011719,5.563426971435547,5.543061256408691,45.001182556152344,5.870481014251709,0.01973968744277954,0,0.0008206249913200736,0,195.81005859375,-2.26953125
243,12,0,1,Day,,43.873687744140625,46.126312255859375,353.06842041015625,422.7099914550781,356.6725769042969,91.60800170898438,0.8437760472297668,17.08001136779785,4.269999980926514,=NA(),=NA(),1.3860530853271484,1.4163999557495117,0.34380000829696655,0.08399999886751175,=NA(),20,1013.25,-6.618427276611328,43.472408294677734,453.41998291015625,422.3800048828125,31.03499984741211,35.62938690185547,2637.1298828125,2540.570068359375,2539.94677734375,38.68504333496094,4.1035685539245605,4.092423915863037,45.19871520996094,4.3278889656066895,0.014545374549925327,0,0.0006720625096932054,0,96.559814453125,0.623291015625
243,13,0,1,Day,,47.47914123535156,42.52085876464844,332.8970947265625,757.7100219726562,330.0875549316406,632.7100219726562,0.4356383681297302,18.100000381469727,4.520100116729736,=NA(),=NA(),1.4780429601669312,1.4163999557495117,0.34380000829696655,0.08399999886751175,=NA(),20,1013.25,-26.419395446777344,41.002933502197266,859.094970703125,810.9949951171875,48.095001220703125,53.386253356933594,5157.85009765625,4682.83984375,4684.326171875,36.602012634277344,7.99876070022583,7.948117733001709,44.13740539550781,8.448321342468262,0.02849474921822548,0,0.0010123124811798334,0,475.01025390625,-1.486328125
243,14,0,1,Day,,54.62049102783203,35.37950897216797,316.129638671875,541.2999877929688,307.6197814941406,403.6000061035156,0.5682981610298157,19.05999183654785,4.549900054931641,=NA(),=NA(),1.724178671836853,1.4163999557495117,0.34380000829696655,0.08399999886751175,=NA(),20,1013.25,-44.30195617675781,35.999820709228516,686.3399658203125,642.1950073242188,44.13999938964844,47.11186981201172,4112.77001953125,3813.739990234375,3817.438720703125,37.357269287109375,6.3867902755737305,6.293266296386719,44.51477813720703,6.750133037567139,0.02265356294810772,0,0.0009036874980665743,0,299.030029296875,-3.69873046875
243,15,0,1,Day,,64.09220123291016,25.90779685974121,302.8330078125,356,267.4354553222656,202.6999969482422,0.7512232065200806,18.899988174438477,3.309999942779541,=NA(),=NA(),2.280197858810425,1.4163999557495117,0.34380000829696655,0.08399999886751175,=NA(),20,1013.25,-59.9682502746582,29.189605712890625,514.7650146484375,466.07501220703125,48.69000244140625,39.915000915527344,3054.159912109375,2900.6298828125,2901.431884765625,38.189781188964844,4.748506546020508,4.625314712524414,44.900753021240234,5.01011848449707,0.016665438190102577,0,0.0009066875209100544,0,153.530029296875,-0.802001953125
243,16,0,1,Day,,74.95660400390625,15.043394088745117,292.05718994140625,206.3000030517578,177.59371948242188,110.5999984741211,0.8608517646789551,17.899988174438477,2.9700000286102295,=NA(),=NA(),3.803412914276123,1.4163999557495117,0.34380000829696655,0.08399999886751175,=NA(),20,1013.25,-26.44819450378418,50.87391662597656,319.78497314453125,305.57000732421875,14.21500015258789,30.871240615844727,1873.77001953125,1833.469970703125,1834.8695068359375,38.967002868652344,2.942995548248291,2.906303644180298,45.22304153442383,3.104100465774536,0.010619312524795532,0,0.00028606250998564065,0,40.300048828125,-1.3995361328125
243,17,0,1,Night,Sun above horizon but GHI below 1,85.4773941040039,4.522604942321777,283.5888977050781,0,0,0,0,14.779993057250977,3.4398999214172363,=NA(),0,11.179997444152832,1.4163999557495117,0.34380000829696655,0.08399999886751175,=NA(),20,1013.25,0,0,0,0,0,14.779993057250977,0,0,0,0,0,0,0,0,0,0,0,0,0,0
243,18,0,1,Night,,98.92992401123047,-8.929922103881836,274.2301940917969,0,0,0,0,10.830011367797852,3.5399999618530273,=NA(),0,64.81599426269531,1.4163999557495117,0.34380000829696655,0.08399999886751175,=NA(),20,1013.25,0,0,0,0,0,10.830011367797852,0,0,0,0,0,0,0,0,0,0,0,0,0,0
243,19,0,1,Night,,111.15243530273438,-21.152437210083008,265.5623474121094,0,0,0,0,9.200311660766602,3.5701000690460205,=NA(),0,64.81599426269531,1.4163999557495117,0.34380000829696655,0.08399999886751175,=NA(),20,1013.25,0,0,0,0,0,9.200006484985352,0,0,0,0,0,0,0,0,0,0,0,0,0,0
243,20,0,1,Night,,123.23847961425781,-33.23847961425781,255.88059997558594,0,0,0,0,10.529993057250977,3.599900007247925,=NA(),0,64.81599426269531,1.4163999557495117,0.34380000829696655,0.08399999886751175,=NA(),20,1013.25,0,0,0,0,0,10.529993057250977,0,0,0,0,0,0,0,0,0,0,0,0,0,0
243,21,0,1,Night,,134.74900817871094,-44.74900436401367,243.78025817871094,0,0,0,0,10.800012588500977,3.640000104904175,=NA(),0,64.81599426269531,1.4163999557495117,0.34380000829696655,0.08399999886751175,=NA(),20,1013.25,0,0,0,0,0,10.800012588500977,0,0,0,0,0,0,0,0,0,0,0,0,0,0
243,22,0,1,Night,,144.85975646972656,-54.85976028442383,226.8126983642578,0,0,0,0,7.570306301116943,3.700000047683716,=NA(),0,64.81599426269531,1.4163999557495117,0.34380000829696655,0.08399999886751175,=NA(),20,1013.25,0,0,0,0,0,7.570001125335693,0,0,0,0,0,0,0,0,0,0,0,0,0,0
243,23,0,1,Night,,151.83026123046875,-61.83026123046875,201.5738525390625,0,0,0,0,7.390100002288818,3.7599000930786133,=NA(),0,64.81599426269531,1.4163999557495117,0.34380000829696655,0.08399999886751175,=NA(),20,1013.25,0,0,0,0,0,7.390008449554443,0,0,0,0,0,0,0,0,0,0,0,0,0,0