Day of year,Hour,Minute,Period (h),Flag,Message,Solar zenith (degrees),Solar elevation (degrees),Solar azimuth (degrees),GHI (W/m2),DHI (W/m2),DNI (W/m2),Diffuse fraction,Ambient temperature (°C),Wind velocity (m/s),Wind direction,Opaque cloud fraction,Air mass,Precipitable water vapour (cm),Ozone (atm.cm),Aerosol optical density,Relative humidity (%),Far field albedo (%),Surface pressure (mb),Module tilt (degrees),Incident angle (degrees),VF power for Tmod [average] (W/m2),VF power for Tmod front [average] (W/m2),VF power for Tmod rear [average] (W/m2),Module temperature [average] (C),Power - no mismatch @25C [unit-system] (W),Power - no mismatch [unit-system] (W),Power [unit-system] (W),Vmp [average] (V),Imp [average] (A),Imp [minimum] (A),Voc [average] (V),Isc [average] (A),Jfront [average] (A/cm2),Ifront [average] (A),Jrear [average] (A/cm2),Irear [average] (A),Temperature loss (W),Cell-to-cell mismatch loss (W)
32,0,0,1,Night,,127.7419662475586,-37.74197006225586,178.0959930419922,0,0,0,0,20.1400089263916,7.7399001121521,=NA(),0,64.81599426269531,1.4163999557495117,0.34380000829696655,0.08399999886751175,=NA(),20,1013.25,0,0,0,0,0,20.1400089263916,0,0,0,0,0,0,0,0,0,0,0,0,0,0
32,1,0,1,Night,,125.45789337158203,-35.4578971862793,160.4602508544922,0,0,0,0,19.800012588500977,7.230100154876709,=NA(),0,64.81599426269531,1.4163999557495117,0.34380000829696655,0.08399999886751175,=NA(),20,1013.25,0,0,0,0,0,19.800012588500977,0,0,0,0,0,0,0,0,0,0,0,0,0,0
32,2,0,1,Night,,119.80812072753906,-29.80811882019043,144.80859375,0,0,0,0,19.17998695373535,6.340000152587891,=NA(),0,64.81599426269531,1.4163999557495117,0.34380000829696655,0.08399999886751175,=NA(),20,1013.25,0,0,0,0,0,19.17998695373535,0,0,0,0,0,0,0,0,0,0,0,0,0,0
32,3,0,1,Night,,111.64155578613281,-21.641557693481445,131.73300170898438,0,0,0,0,18.83001136779785,5.860000133514404,=NA(),0,64.81599426269531,1.4163999557495117,0.34380000829696655,0.08399999886751175,=NA(),20,1013.25,0,0,0,0,0,18.83001136779785,0,0,0,0,0,0,0,0,0,0,0,0,0,0
32,4,0,1,Night,,101.78054809570312,-11.780548095703125,120.89639282226562,0,0,0,0,18.149988174438477,6.03000020980835,=NA(),0,64.81599426269531,1.4163999557495117,0.34380000829696655,0.08399999886751175,=NA(),20,1013.25,0,0,0,0,0,18.149988174438477,0,0,0,0,0,0,0,0,0,0,0,0,0,0
32,5,0,1,Day,,87.49726867675781,2.5027341842651367,109.4465560913086,21.702999114990234,21.593585968017578,2.5055999755859375,0.9949586391448975,18.2499942779541,6.370100021362305,=NA(),=NA(),17.049158096313477,1.4163999557495117,0.34380000829696655,0.08399999886751175,=NA(),20,1013.25,3.8098111152648926,83.90570068359375,24.080001831054688,22.084999084472656,1.9950000047683716,19.269372940063477,113.1300048828125,115.47999572753906,115.42906951904297,36.71002960205078,0.19652190804481506,0.19569556415081024,42.078189849853516,0.2148398756980896,0.0007135625346563756,0,0.00004387499939184636,0,-2.3499908447265625,0.05092620849609375
32,6,0,1,Day,,78.93221282958984,11.067784309387207,103.32451629638672,169.60000610351562,148.56007385253906,109.5999984741211,0.8759437799453735,19.909997940063477,6.329999923706055,=NA(),=NA(),5.082460880279541,1.4163999557495117,0.34380000829696655,0.08399999886751175,=NA(),20,1013.25,17.26327133178711,62.178070068359375,270.989990234375,259.6199951171875,11.369999885559082,30.9837589263916,1526.8800048828125,1493.070068359375,1495.0489501953125,38.70016860961914,2.4144747257232666,2.396872043609619,44.84819412231445,2.5492355823516846,0.008696249686181545,0,0.0002467499871272594,0,33.8099365234375,-1.9788818359375
32,7,0,1,Day,,66.87361907958984,23.126384735107422,95.27748107910156,332.9100036621094,257.6924133300781,191.50999450683594,0.7740603089332581,22.170007705688477,6.050099849700928,=NA(),=NA(),2.5336639881134033,1.4163999557495117,0.34380000829696655,0.08399999886751175,=NA(),20,1013.25,50.18687438964844,17.274232864379883,547.3199462890625,509.92999267578125,37.38999938964844,44.72063446044922,3143.239990234375,2936.27001953125,2939.267822265625,37.523948669433594,4.89576530456543,4.796079635620117,44.32358169555664,5.174516201019287,0.017280500382184982,0,0.0007961874944157898,0,206.969970703125,-2.997802734375
32,8,0,1,Day,,54.62936019897461,35.37063980102539,86.74055480957031,597.5,319.35614013671875,480.5,0.534487247467041,24.93999671936035,5.429900169372559,=NA(),=NA(),1.724552869796753,1.4163999557495117,0.34380000829696655,0.08399999886751175,=NA(),20,1013.25,54.58556365966797,2.65735125541687,886.7750244140625,831.5899658203125,55.18000030517578,61.495628356933594,5345.75,4714.47021484375,4719.56298828125,35.49259567260742,8.311030387878418,8.204222679138184,43.162654876708984,8.812255859375,0.029398063197731972,0,0.0011846249690279365,0,631.27978515625,-5.0927734375
32,9,0,1,Day,,42.505069732666016,47.494930267333984,76.49722290039062,458.69000244140625,380.55230712890625,105.98999786376953,0.829650342464447,26.7600040435791,4.829999923706055,=NA(),=NA(),1.3554089069366455,1.4163999557495117,0.34380000829696655,0.08399999886751175,=NA(),20,1013.25,41.706172943115234,9.076930046081543,528.8800048828125,473.739990234375,55.13999938964844,48.58873748779297,3081.110107421875,2839.010009765625,2841.229736328125,37.004913330078125,4.798813819885254,4.674529075622559,43.77771759033203,5.084292411804199,0.01659931242465973,0,0.0011259375605732203,0,242.10009765625,-2.2197265625
32,10,0,1,Day,,31.025426864624023,58.974571228027344,61.99404525756836,742.489990234375,361.9320983886719,444.0899963378906,0.4874572157859802,27.4999942779541,4.170000076293945,=NA(),=NA(),1.1664903163909912,1.4163999557495117,0.34380000829696655,0.08399999886751175,=NA(),20,1013.25,27.969757080078125,14.00588607788086,861.8399658203125,807.7349853515625,54.10499954223633,63.131858825683594,5199.89013671875,4557.83984375,4560.93212890625,35.287776947021484,8.078110694885254,8.037827491760254,42.89628982543945,8.564810752868652,0.028586937114596367,0,0.0011605625040829182,0,642.05029296875,-3.09228515625
32,11,0,1,Day,,21.59218406677246,68.4078140258789,37.125213623046875,538.7100219726562,448.97802734375,96.50399780273438,0.8334317207336426,28.969995498657227,3.390000104904175,=NA(),=NA(),1.0752294063568115,1.4163999557495117,0.34380000829696655,0.08399999886751175,=NA(),20,1013.25,13.434535026550293,17.062299728393555,587.2850341796875,538.77001953125,48.51000213623047,53.24999237060547,3438.550048828125,3117.47998046875,3120.119873046875,36.42939376831055,5.353035926818848,5.321128845214844,43.374229431152344,5.670059680938721,0.018709061667323112,0,0.0010344375623390079,0,321.070068359375,-2.639892578125
32,12,0,1,Day,,18.03083038330078,71.96916961669922,355.1792907714844,635.5999755859375,459.1147766113281,185.60000610351562,0.7223328948020935,29.740015029907227,2.7000999450683594,=NA(),=NA(),1.0514581203460693,1.4163999557495117,0.34380000829696655,0.08399999886751175,=NA(),20,1013.25,-1.5669792890548706,17.96486473083496,688.3049926757812,635.6600341796875,52.64500045776367,58.22936248779297,4076.239990234375,3632.85009765625,3635.604248046875,35.8551139831543,6.337320327758789,6.32306432723999,43.05152893066406,6.711734771728516,0.022189687937498093,0,0.0011608749628067017,0,443.389892578125,-2.754150390625
32,13,0,1,Day,,23.26668930053711,66.73331451416016,316.4031066894531,285.69000244140625,280.3682861328125,5.792799949645996,0.9813724160194397,29.7600040435791,3.4700000286102295,=NA(),=NA(),1.0882542133331299,1.4163999557495117,0.34380000829696655,0.08399999886751175,=NA(),20,1013.25,-16.515356063842773,16.622875213623047,308.5249938964844,278.92498779296875,29.604999542236328,42.540611267089844,1746.2099609375,1639.989990234375,1638.7117919921875,37.32325744628906,2.7441232204437256,2.7046947479248047,43.53268814086914,2.907198190689087,0.009568000212311745,0,0.0006173750152811408,0,106.219970703125,1.2781982421875
32,14,0,1,Day,,33.34537887573242,56.65462112426758,294.4887390136719,58.70100021362305,58.44688034057617,0.3041999936103821,0.9956709742546082,21.7600040435791,4.409999847412109,=NA(),=NA(),1.1965376138687134,1.4163999557495117,0.34380000829696655,0.08399999886751175,=NA(),20,1013.25,-30.913963317871094,13.170655250549316,60.56999969482422,52.57499694824219,7.994999885559082,24.300622940063477,312.55999755859375,312.75,311.177490234375,37.742305755615234,0.515242874622345,0.49503156542778015,43.047821044921875,0.5564383864402771,0.0017988125327974558,0,0.00016143750690389425,0,-0.19000244140625,1.572509765625
32,15,0,1,Day,,45.03681945800781,44.96318054199219,281.2266540527344,68.60600280761719,68.3212890625,0.40290001034736633,0.9958500266075134,20.219995498657227,4.510000228881836,=NA(),=NA(),1.4138497114181519,1.4163999557495117,0.34380000829696655,0.08399999886751175,=NA(),20,1013.25,-44.48334503173828,7.917983531951904,67.88500213623047,55.275001525878906,12.609999656677246,23.084375381469727,343.8699951171875,345.6300048828125,343.0630798339844,38.13470458984375,0.5620661973953247,0.5284870266914368,43.38023376464844,0.6079599857330322,0.0018946250202134252,0,0.0002510625054128468,0,-1.760009765625,2.566925048828125
32,16,0,1,Day,,57.227237701416016,32.772762298583984,271.4942932128906,103.48999786376953,102.78970336914062,1.2936999797821045,0.9932332038879395,20.07000160217285,5.230000019073486,=NA(),=NA(),1.8435139656066895,1.4163999557495117,0.34380000829696655,0.08399999886751175,=NA(),20,1013.25,-57.21836853027344,1.2563865184783936,99.84500122070312,75.29499816894531,24.549999237060547,24.30498695373535,507.07000732421875,507.260009765625,498.80810546875,38.7956657409668,0.8033161163330078,0.7378414869308472,43.861331939697266,0.8747166395187378,0.0026094999630004168,0,0.000493750034365803,0,-0.19000244140625,8.451904296875
32,17,0,1,Day,,69.46974182128906,20.530256271362305,263.1475524902344,14.397000312805176,14.397000312805176,0,1,20.0100040435791,6.480000019073486,=NA(),=NA(),2.8331046104431152,1.4163999557495117,0.34380000829696655,0.08399999886751175,=NA(),20,1013.25,-38.428646087646484,31.50004005432129,14.484999656677246,12.170000076293945,2.309999942779541,20.6299991607666,65.83000183105469,66.86000061035156,66.62847900390625,35.696693420410156,0.11662771552801132,0.11061982065439224,40.96635055541992,0.13097836077213287,0.00041193750803358853,0,0.000049375001253793016,0,-1.029998779296875,0.2315216064453125
32,18,0,1,Night,Sun above horizon but GHI below 1,81.46632385253906,8.533676147460938,255.1103515625,0.8008999824523926,0.8004844784736633,0,0.999481201171875,19.3900089263916,7.190000057220459,=NA(),0,6.46697998046875,1.4163999557495117,0.34380000829696655,0.08399999886751175,=NA(),20,1013.25,0,0,0,0,0,19.3900089263916,0,0,0,0,0,0,0,0,0,0,0,0,0,0
32,19,0,1,Night,Sun above horizon but GHI below 1,88.65034484863281,1.3496572971343994,249.8348388671875,0,0,0,0,19.100000381469727,5.560100078582764,=NA(),0,23.507699966430664,1.4163999557495117,0.34380000829696655,0.08399999886751175,=NA(),20,1013.25,0,0,0,0,0,19.100000381469727,0,0,0,0,0,0,0,0,0,0,0,0,0,0
32,20,0,1,Night,,104.07040405273438,-14.070401191711426,237.1456298828125,0,0,0,0,18.899988174438477,3.170099973678589,=NA(),0,64.81599426269531,1.4163999557495117,0.34380000829696655,0.08399999886751175,=NA(),20,1013.25,0,0,0,0,0,18.899988174438477,0,0,0,0,0,0,0,0,0,0,0,0,0,0
32,21,0,1,Night,,113.67478942871094,-23.674785614013672,225.8956756591797,0,0,0,0,18.409997940063477,2.0299999713897705,=NA(),0,64.81599426269531,1.4163999557495117,0.34380000829696655,0.08399999886751175,=NA(),20,1013.25,0,0,0,0,0,18.409997940063477,0,0,0,0,0,0,0,0,0,0,0,0,0,0
32,22,0,1,Night,,121.4338607788086,-31.433860778808594,212.27476501464844,0,0,0,0,18.050012588500977,2.150099992752075,=NA(),0,64.81599426269531,1.4163999557495117,0.34380000829696655,0.08399999886751175,=NA(),20,1013.25,0,0,0,0,0,18.050012588500977,0,0,0,0,0,0,0,0,0,0,0,0,0,0
32,23,0,1,Night,,126.49048614501953,-36.4904899597168,196.0684051513672,0,0,0,0,17.649988174438477,2.2799999713897705,=NA(),0,64.81599426269531,1.4163999557495117,0.34380000829696655,0.08399999886751175,=NA(),20,1013.25,0,0,0,0,0,17.649988174438477,0,0,0,0,0,0,0,0,0,0,0,0,0,0
33,0,0,1,Night,,128.02769470214844,-38.027687072753906,178.1259765625,0,0,0,0,16.9999942779541,2.389899969100952,=NA(),0,64.81599426269531,1.4163999557495117,0.34380000829696655,0.08399999886751175,=NA(),20,1013.25,0,0,0,0,0,16.9999942779541,0,0,0,0,0,0,0,0,0,0,0,0,0,0
33,1,0,1,Night,,125.74015045166016,-35.74014663696289,160.3968963623047,0,0,0,0,16.2499942779541,2.490000009536743,=NA(),0,64.81599426269531,1.4163999557495117,0.34380000829696655,0.08399999886751175,=NA(),20,1013.25,0,0,0,0,0,16.2499942779541,0,0,0,0,0,0,0,0,0,0,0,0,0,0
33,2,0,1,Night,,120.07177734375,-30.07177734375,144.6774444580078,0,0,0,0,15.499994277954102,2.490000009536743,=NA(),0,64.81599426269531,1.4163999557495117,0.34380000829696655,0.08399999886751175,=NA(),20,1013.25,0,0,0,0,0,15.499994277954102,0,0,0,0,0,0,0,0,0,0,0,0,0,0
33,3,0,1,Night,,111.8809585571289,-21.88096046447754,131.562255859375,0,0,0,0,16.20000648498535,2.4100000858306885,=NA(),0,64.81599426269531,1.4163999557495117,0.34380000829696655,0.08399999886751175,=NA(),20,1013.25,0,0,0,0,0,16.20000648498535,0,0,0,0,0,0,0,0,0,0,0,0,0,0
33,4,0,1,Night,,101.9966049194336,-11.996607780456543,120.70330047607422,0,0,0,0,16.4999942779541,2.2399001121520996,=NA(),0,64.81599426269531,1.4163999557495117,0.34380000829696655,0.08399999886751175,=NA(),20,1013.25,0,0,0,0,0,16.4999942779541,0,0,0,0,0,0,0,0,0,0,0,0,0,0
33,5,0,1,Day,,87.58697509765625,2.41302490234375,109.16303253173828,12.600000381469727,12.591554641723633,0.20059999823570251,0.999329686164856,16.459985733032227,2.949899911880493,=NA(),=NA(),17.43677520751953,1.4163999557495117,0.34380000829696655,0.08399999886751175,=NA(),20,1013.25,3.6660985946655273,84.12482452392578,13.819999694824219,12.595000267028809,1.2300000190734863,17.043115615844727,64.4800033569336,66.43000030517578,66.38720703125,36.12816619873047,0.11484678089618683,0.11439836770296097,41.47755813598633,0.12825201451778412,0.0004257500113453716,0,0.000026875000912696123,0,-1.9499969482421875,0.04279327392578125
33,6,0,1,Day,,79.11396789550781,10.886029243469238,103.09905242919922,153.99000549316406,138.2405548095703,83.39399719238281,0.8977242112159729,16.670007705688477,3.140000104904175,=NA(),=NA(),5.1619133949279785,1.4163999557495117,0.34380000829696655,0.08399999886751175,=NA(),20,1013.25,16.927371978759766,62.66748046875,238.97000122070312,228.114990234375,10.854999542236328,26.41375160217285,1338.97998046875,1329.8599853515625,1331.6685791015625,39.19159698486328,2.123650550842285,2.10789155960083,45.23711013793945,2.2406694889068604,0.0076419999822974205,0,0.00023437499476131052,0,9.1199951171875,-1.80859375
33,7,0,1,Day,,67.04886627197266,22.951133728027344,95.02975463867188,448.5899963378906,302.5201721191406,374.5899963378906,0.6743801236152649,19.33001136779785,3.1500000953674316,=NA(),=NA(),2.5517280101776123,1.4163999557495117,0.34380000829696655,0.08399999886751175,=NA(),20,1013.25,48.98783493041992,18.54913330078125,802.2650146484375,762.010009765625,40.2599983215332,52.42626190185547,4657.7099609375,4241.31982421875,4246.64892578125,36.671146392822266,7.237908363342285,7.127509593963623,44.06361770629883,7.656550407409668,0.02576100081205368,0,0.0008929375326260924,0,416.39013671875,-5.3291015625
33,8,0,1,Day,,54.80397033691406,35.19602966308594,86.46019744873047,276.7099914550781,262.6429748535156,24.4060001373291,0.9491633176803589,20.45000648498535,3.410099983215332,=NA(),=NA(),1.7319576740264893,1.4163999557495117,0.34380000829696655,0.08399999886751175,=NA(),20,1013.25,54.752418518066406,2.8920626640319824,302.2200012207031,249.010009765625,53.20500183105469,33.022483825683594,1670.02001953125,1621.5799560546875,1612.770751953125,38.86722183227539,2.592865228652954,2.4563753604888916,44.728450775146484,2.7707977294921875,0.008655499666929245,0,0.0010993125615641475,0,48.4400634765625,8.8092041015625
33,9,0,1,Day,,42.68937301635742,47.31062698364258,76.16999816894531,776.2999877929688,308.7408447265625,636.0999755859375,0.3977081775665283,21.80999183654785,3.880000114440918,=NA(),=NA(),1.3594117164611816,1.4163999557495117,0.34380000829696655,0.08399999886751175,=NA(),20,1013.25,41.85042953491211,9.327418327331543,1018.030029296875,965.114990234375,52.915000915527344,63.724388122558594,6188.68994140625,5417.009765625,5424.46484375,35.185157775878906,9.63559341430664,9.584163665771484,43.17018508911133,10.227544784545898,0.03429843857884407,0,0.0011341874487698078,0,771.68017578125,-7.455078125
33,10,0,1,Day,,31.23653221130371,58.763465881347656,61.614070892333984,893.2000122070312,273.1294860839844,725.2000122070312,0.305787593126297,22.1299991607666,4.2399001121521,=NA(),=NA(),1.1690834760665894,1.4163999557495117,0.34380000829696655,0.08399999886751175,=NA(),20,1013.25,28.0831241607666,14.272477149963379,1051.219970703125,992.5999755859375,58.619998931884766,65.57500457763672,6377.31982421875,5544.830078125,5549.5126953125,34.95806884765625,9.921728134155273,9.900602340698242,42.9940185546875,10.522693634033203,0.035247061401605606,0,0.0012771249748766422,0,832.48974609375,-4.6826171875
33,11,0,1,Day,,21.853818893432617,68.14617919921875,36.79618453979492,500.80999755859375,436.75836181640625,69.01100158691406,0.8721039295196533,23.360010147094727,4.559999942779541,=NA(),=NA(),1.077183485031128,1.4163999557495117,0.34380000829696655,0.08399999886751175,=NA(),20,1013.25,13.507863998413086,17.342256546020508,545.699951171875,500.0350036621094,45.665000915527344,45.808738708496094,3184.669921875,2964.010009765625,2966.791748046875,37.38718032836914,4.959582805633545,4.928774833679199,44.20549392700195,5.244357109069824,0.017337936908006668,0,0.0009726249845698476,0,220.659912109375,-2.78173828125
33,12,0,1,Day,,18.315196990966797,71.68479919433594,355.3407897949219,938.7899780273438,259.1654052734375,715.8900146484375,0.2760632336139679,24.350000381469727,5.0100998878479,=NA(),=NA(),1.0531692504882812,1.4163999557495117,0.34380000829696655,0.08399999886751175,=NA(),20,1013.25,-1.5401806831359863,18.252538681030273,1008.989990234375,939.094970703125,69.89500427246094,66.14311981201172,6099.5400390625,5291.18994140625,5294.98828125,34.89085388183594,9.484916687011719,9.462740898132324,42.83028030395508,10.052002906799316,0.03337368741631508,0,0.0015443749725818634,0,808.35009765625,-3.79833984375
33,13,0,1,Day,,23.481666564941406,66.5183334350586,316.8900451660156,532.2999877929688,444.2527160644531,95.99700164794922,0.8345908522605896,26.360010147094727,5.410099983215332,=NA(),=NA(),1.0900169610977173,1.4163999557495117,0.34380000829696655,0.08399999886751175,=NA(),20,1013.25,-16.53568458557129,16.91124153137207,581,532.3900146484375,48.61000061035156,50.329368591308594,3401.679931640625,3116.39990234375,3119.115234375,36.819820404052734,5.294579029083252,5.246572017669678,43.73645782470703,5.602187156677246,0.018508249893784523,0,0.00102718744892627,0,285.280029296875,-2.71533203125
33,14,0,1,Day,,33.50334548950195,56.49665451049805,294.9288635253906,839.9099731445312,292.8936767578125,656.010009765625,0.3487203121185303,26.779993057250977,5.589900016784668,=NA(),=NA(),1.19871187210083,1.4163999557495117,0.34380000829696655,0.08399999886751175,=NA(),20,1013.25,-30.976181030273438,13.45361328125,1004.6300048828125,949.22998046875,55.404998779296875,68.3706283569336,6112.60009765625,5258.66015625,5261.697265625,34.59942626953125,9.504668235778809,9.464388847351074,42.54876708984375,10.083528518676758,0.03378643840551376,0,0.0012069374788552523,0,853.93994140625,-3.037109375
33,15,0,1,Day,,45.16904067993164,44.83095932006836,281.59039306640625,721,316.8839416503906,573.2000122070312,0.4395061731338501,27.1199893951416,5.519999980926514,=NA(),=NA(),1.4171173572540283,1.4163999557495117,0.34380000829696655,0.08399999886751175,=NA(),20,1013.25,-44.578853607177734,8.191722869873047,967.9199829101562,915.449951171875,52.474998474121094,67.14000701904297,5850.2001953125,5055.0498046875,5061.529296875,34.74022674560547,9.106077194213867,9.03674030303955,42.617183685302734,9.671917915344238,0.03237093612551689,0,0.001108999946154654,0,795.150390625,-6.4794921875
33,16,0,1,Day,,57.35179901123047,32.64820098876953,271.8053894042969,506.3999938964844,314.3993225097656,355.8999938964844,0.6208517551422119,27.230005264282227,4.930099964141846,=NA(),=NA(),1.8497276306152344,1.4163999557495117,0.34380000829696655,0.08399999886751175,=NA(),20,1013.25,-57.33887481689453,1.5200576782226562,764.1849975585938,708.3200073242188,55.869998931884766,58.64562225341797,4629.85986328125,4122.7998046875,4127.4609375,35.8381233215332,7.198291301727295,7.073513507843018,43.24639129638672,7.62929630279541,0.025341438129544258,0,0.0011529375333338976,0,507.06005859375,-4.6611328125
33,17,0,1,Day,,69.59746551513672,20.402536392211914,263.4256896972656,276.5899963378906,229.80953979492188,134.19000244140625,0.8308671712875366,26.399988174438477,3.240000009536743,=NA(),=NA(),2.849811315536499,1.4163999557495117,0.34380000829696655,0.08399999886751175,=NA(),20,1013.25,-37.956626892089844,32.05247497558594,434.8450012207031,408.3499755859375,26.494998931884766,44.24126434326172,2525.89990234375,2361.5400390625,2364.908203125,37.385169982910156,3.9536664485931396,3.8804056644439697,43.982120513916016,4.183189868927002,0.014000250026583672,0,0.0005895000067539513,0,164.35986328125,-3.3681640625
33,18,0,1,Day,,81.60462188720703,8.395381927490234,255.36834716796875,57.9010009765625,57.5355110168457,2.5032999515533447,0.9936876893043518,24.7499942779541,3.240000009536743,=NA(),=NA(),6.5641188621521,1.4163999557495117,0.34380000829696655,0.08399999886751175,=NA(),20,1013.25,-12.83353042602539,69.20846557617188,68.38499450683594,62.79999923706055,5.585000038146973,27.6037540435791,353.80999755859375,349.67999267578125,349.4599609375,37.24146270751953,0.5864750742912292,0.580469012260437,42.78774642944336,0.6273595690727234,0.0020857499912381172,0,0.00011875000200234354,0,4.1300048828125,0.22003173828125
33,19,0,1,Night,Sun above horizon but GHI below 1,88.72075653076172,1.2792401313781738,250.13890075683594,0,0,0,0,21.6299991607666,3.4000000953674316,=NA(),0,24.0331974029541,1.4163999557495117,0.34380000829696655,0.08399999886751175,=NA(),20,1013.25,0,0,0,0,0,21.6299991607666,0,0,0,0,0,0,0,0,0,0,0,0,0,0
33,20,0,1,Night,,104.24951171875,-14.24950885772705,237.38087463378906,0,0,0,0,19.230005264282227,3.340100049972534,=NA(),0,64.81599426269531,1.4163999557495117,0.34380000829696655,0.08399999886751175,=NA(),20,1013.25,0,0,0,0,0,19.230005264282227,0,0,0,0,0,0,0,0,0,0,0,0,0,0
33,21,0,1,Night,,113.88493347167969,-23.884929656982422,226.1150665283203,0,0,0,0,16.2600040435791,3.1198999881744385,=NA(),0,64.81599426269531,1.4163999557495117,0.34380000829696655,0.08399999886751175,=NA(),20,1013.25,0,0,0,0,0,16.2600040435791,0,0,0,0,0,0,0,0,0,0,0,0,0,0
33,22,0,1,Night,,121.67791748046875,-31.67791748046875,212.4603271484375,0,0,0,0,16.33001136779785,3.2100000381469727,=NA(),0,64.81599426269531,1.4163999557495117,0.34380000829696655,0.08399999886751175,=NA(),20,1013.25,0,0,0,0,0,16.33001136779785,0,0,0,0,0,0,0,0,0,0,0,0,0,0
33,23,0,1,Night,,126.76495361328125,-36.764949798583984,196.18885803222656,0,0,0,0,16.100000381469727,3.799999952316284,=NA(),0,64.81599426269531,1.4163999557495117,0.34380000829696655,0.08399999886751175,=NA(),20,1013.25,0,0,0,0,0,16.100000381469727,0,0,0,0,0,0,0,0,0,0,0,0,0,0
34,0,0,1,Night,,128.318115234375,-38.31810760498047,178.15206909179688,0,0,0,0,16.040002822875977,3.7899999618530273,=NA(),0,64.81599426269531,1.4163999557495117,0.34380000829696655,0.08399999886751175,=NA(),20,1013.25,0,0,0,0,0,16.040002822875977,0,0,0,0,0,0,0,0,0,0,0,0,0,0
34,1,0,1,Night,,126.0260009765625,-36.0260009765625,160.32766723632812,0,0,0,0,15.480005264282227,3.390000104904175,=NA(),0,64.81599426269531,1.4163999557495117,0.34380000829696655,0.08399999886751175,=NA(),20,1013.25,0,0,0,0,0,15.480005264282227,0,0,0,0,0,0,0,0,0,0,0,0,0,0
34,2,0,1,Night,,120.33790588378906,-30.33790397644043,144.53961181640625,0,0,0,0,13.499994277954102,3.240000009536743,=NA(),0,64.81599426269531,1.4163999557495117,0.34380000829696655,0.08399999886751175,=NA(),20,1013.25,0,0,0,0,0,13.499994277954102,0,0,0,0,0,0,0,0,0,0,0,0,0,0
34,3,0,1,Night,,112.1221694946289,-22.12217140197754,131.3849639892578,0,0,0,0,12.300012588500977,3.1600000858306885,=NA(),0,64.81599426269531,1.4163999557495117,0.34380000829696655,0.08399999886751175,=NA(),20,1013.25,0,0,0,0,0,12.300012588500977,0,0,0,0,0,0,0,0,0,0,0,0,0,0
34,4,0,1,Night,,102.21421813964844,-12.214221954345703,120.50403594970703,0,0,0,0,12.279993057250977,3.2100000381469727,=NA(),0,64.81599426269531,1.4163999557495117,0.34380000829696655,0.08399999886751175,=NA(),20,1013.25,0,0,0,0,0,12.279993057250977,0,0,0,0,0,0,0,0,0,0,0,0,0,0
34,5,0,1,Day,,87.67359161376953,2.3264048099517822,108.87354278564453,17.503000259399414,17.466487884521484,0.8995000123977661,0.9979139566421509,11.640008926391602,4.229899883270264,=NA(),=NA(),17.825908660888672,1.4163999557495117,0.34380000829696655,0.08399999886751175,=NA(),20,1013.25,3.5276575088500977,84.33628845214844,19.255001068115234,17.600000381469727,1.649999976158142,12.450006484985352,90.72000122070312,95.08999633789062,95.06580352783203,37.403194427490234,0.15885327756404877,0.15825140476226807,42.73160171508789,0.1746709644794464,0.0005816874909214675,0,0.000036375000490807,0,-4.3699951171875,0.02419281005859375
34,6,0,1,Day,,79.2963638305664,10.703633308410645,102.86795806884766,194.99000549316406,165.06907653808594,161.10000610351562,0.8465514779090881,14.830011367797852,4.770100116729736,=NA(),=NA(),5.244165897369385,1.4163999557495117,0.34380000829696655,0.08399999886751175,=NA(),20,1013.25,16.593063354492188,63.15674591064453,324.66998291015625,312.7349853515625,11.930000305175781,28.04436683654785,1838.030029296875,1815.7900390625,1818.54296875,39.31460952758789,2.891012191772461,2.8737947940826416,45.56686782836914,3.0478322505950928,0.010444937273859978,0,0.00026006248663179576,0,22.239990234375,-2.7529296875
34,7,0,1,Day,,67.22467803955078,22.77532386779785,94.7763442993164,422.29998779296875,285.9181213378906,352.29998779296875,0.6770498156547546,18.2700138092041,4.199999809265137,=NA(),=NA(),2.570132255554199,1.4163999557495117,0.34380000829696655,0.08399999886751175,=NA(),20,1013.25,47.88160705566406,19.749801635742188,749.0999755859375,711.1400146484375,37.96500015258789,49.089988708496094,4351.08984375,4007.81005859375,4013.30419921875,37.09432601928711,6.762153625488281,6.6577558517456055,44.36519241333008,7.149262428283691,0.024061625823378563,0,0.0008487500017508864,0,343.27978515625,-5.494140625
34,8,0,1,Day,,54.97953796386719,35.02046203613281,86.17394256591797,640.3099975585938,333.399169921875,534.8099975585938,0.520684003829956,20.969995498657227,3.1600000858306885,=NA(),=NA(),1.7394838333129883,1.4163999557495117,0.34380000829696655,0.08399999886751175,=NA(),20,1013.25,54.91943359375,3.132571220397949,961.280029296875,903.22998046875,58.05500030517578,60.51250457763672,5808.66015625,5142.93994140625,5149.5703125,35.61915588378906,9.03604507446289,8.925225257873535,43.454795837402344,9.57895565032959,0.03199487552046776,0,0.0012457499979063869,0,665.72021484375,-6.63037109375
34,9,0,1,Day,,42.87508773803711,47.12491226196289,75.83651733398438,864.989990234375,335.6678771972656,722.2899780273438,0.3880598545074463,22.70000648498535,2.119999885559082,=NA(),=NA(),1.3634834289550781,1.4163999557495117,0.34380000829696655,0.08399999886751175,=NA(),20,1013.25,41.994300842285156,9.583647727966309,1136.4300537109375,1077.4949951171875,58.93000030517578,69.69750213623047,6899.64013671875,5909.16015625,5917.70654296875,34.37078857421875,10.760815620422363,10.703364372253418,42.62812042236328,11.447427749633789,0.03829675167798996,0,0.0012621249770745635,0,990.47998046875,-8.54638671875
34,10,0,1,Day,,31.449899673461914,58.55010223388672,61.22771453857422,1025.0999755859375,294.84918212890625,856,0.2876296937465668,23.409997940063477,1.559999942779541,=NA(),=NA(),1.1717321872711182,1.4163999557495117,0.34380000829696655,0.08399999886751175,=NA(),20,1013.25,28.19533348083496,14.544695854187012,1207.35009765625,1140.135009765625,67.22000122070312,73.5743637084961,7308.7099609375,6169.47998046875,6176.38427734375,33.85328674316406,11.402848243713379,11.380902290344238,42.25324630737305,12.133737564086914,0.04048456251621246,0,0.0014646250056102872,0,1139.22998046875,-6.904296875
34,11,0,1,Day,,22.118886947631836,67.88111114501953,36.46088409423828,1051.5,238.10752868652344,878.010009765625,0.22644558548927307,24.2700138092041,1.5298999547958374,=NA(),=NA(),1.0791934728622437,1.4163999557495117,0.34380000829696655,0.08399999886751175,=NA(),20,1013.25,13.57901668548584,17.627586364746094,1156.050048828125,1079.72998046875,76.31999969482422,72.31438446044922,6978.5400390625,5918.1201171875,5924.1171875,34.038475036621094,10.877610206604004,10.857207298278809,42.31710433959961,11.561819076538086,0.03836493939161301,0,0.001654125051572919,0,1060.419921875,-5.9970703125
34,12,0,1,Day,,18.604909896850586,71.39508819580078,355.4889221191406,1145.699951171875,238.99606323242188,956.7000122070312,0.2086026668548584,25.540002822875977,1.649999976158142,=NA(),=NA(),1.0549448728561401,1.4163999557495117,0.34380000829696655,0.08399999886751175,=NA(),20,1013.25,-1.5166552066802979,18.545169830322266,1231.5048828125,1146.050048828125,85.44999694824219,76.93999481201172,7420.7900390625,6183.77001953125,6190.11279296875,33.40918731689453,11.580107688903809,11.5587739944458,41.85552215576172,12.325098991394043,0.04071918874979019,0,0.0018875624518841505,0,1237.02001953125,-6.3427734375
34,13,0,1,Day,,23.7039737701416,66.29602813720703,317.369384765625,744.4000244140625,393.97747802734375,382.7099914550781,0.5292550325393677,25.719995498657227,1.7200000286102295,=NA(),=NA(),1.0918619632720947,1.4163999557495117,0.34380000829696655,0.08399999886751175,=NA(),20,1013.25,-16.560184478759766,17.203950881958008,821.3099975585938,762.635009765625,58.67499923706055,59.63561248779297,4913.35986328125,4360.97998046875,4365.09130859375,35.729248046875,7.635716915130615,7.600441932678223,43.23546600341797,8.08812141418457,0.02684868685901165,0,0.0012619375484064221,0,552.3798828125,-4.111328125
34,14,0,1,Day,,33.66814422607422,56.33185577392578,295.3686218261719,634.7000122070312,405.4117126464844,275.5,0.6387454271316528,25.850000381469727,1.6098999977111816,=NA(),=NA(),1.200998306274414,1.4163999557495117,0.34380000829696655,0.08399999886751175,=NA(),20,1013.25,-31.04292869567871,13.740179061889648,735.3399658203125,683.1699829101562,52.17500305175781,56.11626434326172,4408.81005859375,3961.159912109375,3964.7744140625,36.16790771484375,6.851374626159668,6.78095817565918,43.479156494140625,7.255576133728027,0.02413293719291687,0,0.0011045000283047557,0,447.650146484375,-3.614501953125
34,15,0,1,Day,,45.30726623535156,44.69273376464844,281.95587158203125,393.79998779296875,349.9151916503906,62.39799880981445,0.8885607123374939,26.360010147094727,1.4200999736785889,=NA(),=NA(),1.4205574989318848,1.4163999557495117,0.34380000829696655,0.08399999886751175,=NA(),20,1013.25,-44.67898941040039,8.468542098999023,451.69500732421875,398.58502197265625,53.10499954223633,45.02873992919922,2594.47998046875,2419.06005859375,2419.739990234375,37.37005615234375,4.046919345855713,3.9167442321777344,43.92619323730469,4.287960529327393,0.013904562219977379,0,0.0010729375062510371,0,175.419921875,-0.679931640625
34,16,0,1,Day,,57.481727600097656,32.518272399902344,272.11865234375,503.5,313.8995361328125,352.70001220703125,0.6234350204467773,27.420007705688477,1.2200000286102295,=NA(),=NA(),1.8562623262405396,1.4163999557495117,0.34380000829696655,0.08399999886751175,=NA(),20,1013.25,-57.463958740234375,1.7863647937774658,760.699951171875,704.7999877929688,55.90999984741211,58.711875915527344,4614.4599609375,4108.02001953125,4111.8701171875,35.8353157043457,7.171656131744385,7.046199321746826,43.23125457763672,7.599671363830566,0.025256000459194183,0,0.00115099991671741,0,506.43994140625,-3.85009765625
34,17,0,1,Day,,69.72998809814453,20.27001190185547,263.70599365234375,294.989990234375,235.9592742919922,170.38999938964844,0.799889087677002,27.040002822875977,0.7699999809265137,=NA(),=NA(),2.8673698902130127,1.4163999557495117,0.34380000829696655,0.08399999886751175,=NA(),20,1013.25,-37.480228424072266,32.6173210144043,483,457.125,25.880001068115234,46.85063934326172,2824.929931640625,2618.14013671875,2622.328369140625,37.11977005004883,4.415371417999268,4.342813968658447,43.84500503540039,4.673626899719238,0.01569831185042858,0,0.0005794999888166785,0,206.789794921875,-4.188232421875
34,18,0,1,Day,,81.74656677246094,8.253430366516113,255.62847900390625,67.1989974975586,66.39479064941406,5.602200031280518,0.9880324602127075,25.1400089263916,0.5,=NA(),=NA(),6.666835308074951,1.4163999557495117,0.34380000829696655,0.08399999886751175,=NA(),20,1013.25,-12.586441040039062,69.57328796386719,82.36000061035156,76.125,6.235000133514404,28.574365615844727,426.44000244140625,419.97998046875,420.0327453613281,37.35193634033203,0.7028281092643738,0.6962696313858032,42.96989440917969,0.7494151592254639,0.002498999936506152,0,0.00013306249456945807,0,6.46002197265625,-0.052764892578125
34,19,0,1,Night,Sun above horizon but GHI below 1,88.79024505615234,1.209755539894104,250.447509765625,0,0,0,0,22.100000381469727,1.090000033378601,=NA(),0,24.570770263671875,1.4163999557495117,0.34380000829696655,0.08399999886751175,=NA(),20,1013.25,0,0,0,0,0,22.100000381469727,0,0,0,0,0,0,0,0,0,0,0,0,0,0
34,20,0,1,Night,,104.43396759033203,-14.433968544006348,237.61793518066406,0,0,0,0,19.600000381469727,1.7899999618530273,=NA(),0,64.81599426269531,1.4163999557495117,0.34380000829696655,0.08399999886751175,=NA(),20,1013.25,0,0,0,0,0,19.600000381469727,0,0,0,0,0,0,0,0,0,0,0,0,0,0
34,21,0,1,Night,,114.09979248046875,-24.099794387817383,226.3357696533203,0,0,0,0,19.6199893951416,2.3399999141693115,=NA(),0,64.81599426269531,1.4163999557495117,0.34380000829696655,0.08399999886751175,=NA(),20,1013.25,0,0,0,0,0,19.6199893951416,0,0,0,0,0,0,0,0,0,0,0,0,0,0
34,22,0,1,Night,,121.92693328857422,-31.926937103271484,212.64627075195312,0,0,0,0,20.159997940063477,2.759999990463257,=NA(),0,64.81599426269531,1.4163999557495117,0.34380000829696655,0.08399999886751175,=NA(),20,1013.25,0,0,0,0,0,20.159997940063477,0,0,0,0,0,0,0,0,0,0,0,0,0,0
34,23,0,1,Night,,127.0443344116211,-37.044334411621094,196.30787658691406,0,0,0,0,20.05999183654785,3.0799999237060547,=NA(),0,64.81599426269531,1.4163999557495117,0.34380000829696655,0.08399999886751175,=NA(),20,1013.25,0,0,0,0,0,20.05999183654785,0,0,0,0,0,0,0,0,0,0,0,0,0,0
35,0,0,1,Night,,128.61306762695312,-38.613067626953125,178.17422485351562,0,0,0,0,18.089990615844727,3.26990008354187,=NA(),0,64.81599426269531,1.4163999557495117,0.34380000829696655,0.08399999886751175,=NA(),20,1013.25,0,0,0,0,0,18.089990615844727,0,0,0,0,0,0,0,0,0,0,0,0,0,0
35,1,0,1,Night,,126.3154067993164,-36.31540298461914,160.2525177001953,0,0,0,0,16.800012588500977,3.51990008354187,=NA(),0,64.81599426269531,1.4163999557495117,0.34380000829696655,0.08399999886751175,=NA(),20,1013.25,0,0,0,0,0,16.800012588500977,0,0,0,0,0,0,0,0,0,0,0,0,0,0
35,2,0,1,Night,,120.60589599609375,-30.605894088745117,144.39512634277344,0,0,0,0,18.279993057250977,4.179999828338623,=NA(),0,64.81599426269531,1.4163999557495117,0.34380000829696655,0.08399999886751175,=NA(),20,1013.25,0,0,0,0,0,18.279993057250977,0,0,0,0,0,0,0,0,0,0,0,0,0,0
35,3,0,1,Night,,112.36370086669922,-22.36370086669922,131.20114135742188,0,0,0,0,17.149988174438477,5.039999961853027,=NA(),0,64.81599426269531,1.4163999557495117,0.34380000829696655,0.08399999886751175,=NA(),20,1013.25,0,0,0,0,0,17.149988174438477,0,0,0,0,0,0,0,0,0,0,0,0,0,0
35,4,0,1,Night,,102.4305419921875,-12.430543899536133,120.29865264892578,0,0,0,0,16.990015029907227,5.640100002288818,=NA(),0,64.81599426269531,1.4163999557495117,0.34380000829696655,0.08399999886751175,=NA(),20,1013.25,0,0,0,0,0,16.990015029907227,0,0,0,0,0,0,0,0,0,0,0,0,0,0
35,5,0,1,Day,,87.76376342773438,2.236238956451416,108.5734634399414,13.204999923706055,13.18911075592041,0.40720000863075256,0.9987967014312744,16.990015029907227,6.099999904632568,=NA(),=NA(),18.247440338134766,1.4163999557495117,0.34380000829696655,0.08399999886751175,=NA(),20,1013.25,3.384242534637451,84.5563735961914,14.5,13.204999923706055,1.284999966621399,17.600610733032227,67.90999603271484,69.80000305175781,69.7725830078125,36.12263107299805,0.12072185426950455,0.12030059099197388,41.47893524169922,0.1344287246465683,0.0004461249918676913,0,0.000028500000553322025,0,-1.8900070190429688,0.0274200439453125
35,6,0,1,Day,,79.4810562133789,10.518945693969727,102.63131713867188,186.11000061035156,158.61636352539062,150.60000610351562,0.852272093296051,20.110010147094727,6.739999771118164,=NA(),=NA(),5.330148696899414,1.4163999557495117,0.34380000829696655,0.08399999886751175,=NA(),20,1013.25,16.257471084594727,63.65032196044922,307.30999755859375,295.7550048828125,11.555000305175781,32.66936492919922,1735.1700439453125,1687.260009765625,1689.84228515625,38.6026725769043,2.7359557151794434,2.7202937602996826,44.8466682434082,2.888535261154175,0.009871937334537506,0,0.0002510625054128468,0,47.9100341796875,-2.582275390625
35,7,0,1,Day,,67.40156555175781,22.598434448242188,94.51739501953125,410.7900085449219,280.02288818359375,340.29998779296875,0.6816691756248474,23.100000381469727,7.059999942779541,=NA(),=NA(),2.588942050933838,1.4163999557495117,0.34380000829696655,0.08399999886751175,=NA(),20,1013.25,46.847991943359375,20.892364501953125,725.7650146484375,689.1799926757812,36.59000015258789,53.076866149902344,4211.14990234375,3824.070068359375,3828.068603515625,36.55412292480469,6.545351028442383,6.439273834228516,43.784934997558594,6.925991058349609,0.02329431287944317,0,0.000821687513962388,0,387.079833984375,-3.99853515625
35,8,0,1,Day,,55.15599060058594,34.84400939941406,85.8819580078125,563.4000244140625,317.7220153808594,430,0.5639368295669556,25.339990615844727,7.289999961853027,=NA(),=NA(),1.747130036354065,1.4163999557495117,0.34380000829696655,0.08399999886751175,=NA(),20,1013.25,55.08650588989258,3.378774642944336,834.5549926757812,779.824951171875,54.724998474121094,59.678123474121094,5032.7099609375,4466.6201171875,4472.47314453125,35.716312408447266,7.826593399047852,7.716887474060059,43.2773551940918,8.298476219177246,0.027625124901533127,0,0.0011666874634101987,0,566.08984375,-5.85302734375
35,9,0,1,Day,,43.06209945678711,46.93790054321289,75.49698638916016,741.8099975585938,313.4509582519531,586.2999877929688,0.4225488603115082,26.959985733032227,7.21999979019165,=NA(),=NA(),1.3676226139068604,1.4163999557495117,0.34380000829696655,0.08399999886751175,=NA(),20,1013.25,42.137657165527344,9.845491409301758,971.719970703125,919.6600341796875,52.060001373291016,67.1474838256836,5904.52001953125,5102.080078125,5106.4287109375,34.75425338745117,9.183133125305176,9.119230270385742,42.63486099243164,9.742764472961426,0.032682936638593674,0,0.001109875040128827,0,802.43994140625,-4.3486328125
35,10,0,1,Day,,31.66546058654785,58.334537506103516,60.83530807495117,890.7000122070312,273.8026428222656,724.7999877929688,0.3074016273021698,29.0100040435791,7.03000020980835,=NA(),=NA(),1.1744370460510254,1.4163999557495117,0.34380000829696655,0.08399999886751175,=NA(),20,1013.25,28.306297302246094,14.822400093078613,1049.614990234375,991.1600341796875,58.45500183105469,72.56438446044922,6367.22998046875,5392.4501953125,5399.05810546875,34.020591735839844,9.918728828430176,9.900341987609863,42.094078063964844,10.555132865905762,0.035191938281059265,0,0.0012736249482259154,0,974.77978515625,-6.60791015625
35,11,0,1,Day,,22.38730239868164,67.6126937866211,36.11979675292969,588.2100219726562,452.6591796875,146.60000610351562,0.7695536613464355,28.779993057250977,6.769899845123291,=NA(),=NA(),1.081260085105896,1.4163999557495117,0.34380000829696655,0.08399999886751175,=NA(),20,1013.25,13.64794635772705,17.918140411376953,642.6400146484375,592.1199951171875,50.52000045776367,55.30998992919922,3795.260009765625,3417.219970703125,3421.57275390625,36.19293975830078,5.908572196960449,5.8820881843566895,43.293846130371094,6.259961128234863,0.020679688081145287,0,0.001080124988220632,0,378.0400390625,-4.352783203125
35,12,0,1,Day,,18.8997802734375,71.1002197265625,355.6241149902344,548.9000244140625,455.13812255859375,99.1050033569336,0.8291822075843811,29.83001136779785,6.579999923706055,=NA(),=NA(),1.056786060333252,1.4163999557495117,0.34380000829696655,0.08399999886751175,=NA(),20,1013.25,-1.4963908195495605,18.842605590820312,596.4150390625,548.89501953125,47.525001525878906,54.524986267089844,3493.300048828125,3152.85009765625,3154.997802734375,36.27374267578125,5.43609094619751,5.420986175537109,43.237144470214844,5.755992889404297,0.019006062299013138,0,0.0010471874848008156,0,340.449951171875,-2.147705078125
35,13,0,1,Day,,23.933557510375977,66.06644439697266,317.8407897949219,513.9000244140625,438.31268310546875,82.697998046875,0.8529143333435059,30.45000648498535,6.45989990234375,=NA(),=NA(),1.0937912464141846,1.4163999557495117,0.34380000829696655,0.08399999886751175,=NA(),20,1013.25,-16.588909149169922,17.50093650817871,560.625,513.3599853515625,47.26499938964844,53.63561248779297,3277.330078125,2966.60009765625,2969.951904296875,36.33128356933594,5.10916805267334,5.066648483276367,43.2318000793457,5.41510009765625,0.017835749313235283,0,0.0009976874571293592,0,310.72998046875,-3.351806640625
35,14,0,1,Day,,33.840126037597656,56.159873962402344,295.8075866699219,468.5,405.1256103515625,76.30000305175781,0.8647291660308838,30.730005264282227,6.170000076293945,=NA(),=NA(),1.203404426574707,1.4163999557495117,0.34380000829696655,0.08399999886751175,=NA(),20,1013.25,-31.114582061767578,14.030411720275879,517.7249755859375,468.45001220703125,49.279998779296875,52.139366149902344,3018.2099609375,2745.64013671875,2747.854736328125,36.48884201049805,4.706723690032959,4.614541530609131,43.271305084228516,4.989304542541504,0.016354499384760857,0,0.0010154375340789557,0,272.56982421875,-2.214599609375
35,15,0,1,Day,,45.45210647583008,44.54789352416992,282.32275390625,279.3999938964844,271.26043701171875,11.602999687194824,0.9708677530288696,30.1199893951416,5.0100998878479,=NA(),=NA(),1.4241892099380493,1.4163999557495117,0.34380000829696655,0.08399999886751175,=NA(),20,1013.25,-44.78438186645508,8.748394012451172,293.44000244140625,247.13999938964844,46.29999923706055,42.391258239746094,1618.989990234375,1520.699951171875,1516.55859375,37.38901901245117,2.534654378890991,2.417673110961914,43.412322998046875,2.702186107635498,0.00853981263935566,0,0.0009260625229217112,0,98.2900390625,4.141357421875
35,16,0,1,Day,,57.617733001708984,32.382266998291016,272.43389892578125,198.38999938964844,195.0203857421875,6.2916998863220215,0.9830151796340942,29.83001136779785,3.9600000381469727,=NA(),=NA(),1.8631629943847656,1.4163999557495117,0.34380000829696655,0.08399999886751175,=NA(),20,1013.25,-57.59434127807617,2.0552337169647217,207.05999755859375,163.239990234375,43.81999969482422,38.56249237060547,1113.0699462890625,1058.5400390625,1048.698486328125,37.694908142089844,1.7383381128311157,1.6265689134597778,43.255165100097656,1.870120882987976,0.00571162486448884,0,0.0008791250293143094,0,54.5299072265625,9.841552734375
35,17,0,1,Day,,69.86829376220703,20.1317081451416,263.9883728027344,30.10300064086914,30.03337287902832,0.20229999721050262,0.997687041759491,29.100000381469727,4.329999923706055,=NA(),=NA(),2.8859403133392334,1.4163999557495117,0.34380000829696655,0.08399999886751175,=NA(),20,1013.25,-36.99668502807617,33.19817352294922,30.53499984741211,25.864999771118164,4.670000076293945,30.3956241607666,148.5800018310547,145.1199951171875,144.74891662597656,35.53120803833008,0.2545524835586548,0.242938831448555,40.88930130004883,0.27810102701187134,0.0008754999726079404,0,0.00009956250141840428,0,3.4600067138671875,0.3710784912109375
35,18,0,1,Night,Sun above horizon but GHI below 1,81.89202117919922,8.10798168182373,255.8906707763672,0,0,0,0,20.45000648498535,5.160099983215332,=NA(),0,6.775382041931152,1.4163999557495117,0.34380000829696655,0.08399999886751175,=NA(),20,1013.25,0,0,0,0,0,20.45000648498535,0,0,0,0,0,0,0,0,0,0,0,0,0,0
35,19,0,1,Night,Sun above horizon but GHI below 1,88.85871887207031,1.141281247138977,250.7606201171875,0,0,0,0,20.6400089263916,6.869999885559082,=NA(),0,25.119855880737305,1.4163999557495117,0.34380000829696655,0.08399999886751175,=NA(),20,1013.25,0,0,0,0,0,20.6400089263916,0,0,0,0,0,0,0,0,0,0,0,0,0,0
35,20,0,1,Night,,104.62337493896484,-14.623373031616211,237.856689453125,0,0,0,0,21.730005264282227,7.360000133514404,=NA(),0,64.81599426269531,1.4163999557495117,0.34380000829696655,0.08399999886751175,=NA(),20,1013.25,0,0,0,0,0,21.730005264282227,0,0,0,0,0,0,0,0,0,0,0,0,0,0
35,21,0,1,Night,,114.32022857666016,-24.320226669311523,226.5578155517578,0,0,0,0,21.07000160217285,7.139999866485596,=NA(),0,64.81599426269531,1.4163999557495117,0.34380000829696655,0.08399999886751175,=NA(),20,1013.25,0,0,0,0,0,21.07000160217285,0,0,0,0,0,0,0,0,0,0,0,0,0,0
35,22,0,1,Night,,122.18175506591797,-32.18175506591797,212.8325653076172,0,0,0,0,19.290002822875977,7.720099925994873,=NA(),0,64.81599426269531,1.4163999557495117,0.34380000829696655,0.08399999886751175,=NA(),20,1013.25,0,0,0,0,0,19.290002822875977,0,0,0,0,0,0,0,0,0,0,0,0,0,0
35,23,0,1,Night,,127.32926177978516,-37.32925796508789,196.42543029785156,0,0,0,0,19.8799991607666,8.61989974975586,=NA(),0,64.81599426269531,1.4163999557495117,0.34380000829696655,0.08399999886751175,=NA(),20,1013.25,0,0,0,0,0,19.8799991607666,0,0,0,0,0,0,0,0,0,0,0,0,0,0
36,0,0,1,Night,,128.91270446777344,-38.91270446777344,178.1924591064453,0,0,0,0,19.95000648498535,8.800000190734863,=NA(),0,64.81599426269531,1.4163999557495117,0.34380000829696655,0.08399999886751175,=NA(),20,1013.25,0,0,0,0,0,19.95000648498535,0,0,0,0,0,0,0,0,0,0,0,0,0,0
36,1,0,1,Night,,126.60826110839844,-36.60826110839844,160.1714324951172,0,0,0,0,19.899988174438477,8.539899826049805,=NA(),0,64.81599426269531,1.4163999557495117,0.34380000829696655,0.08399999886751175,=NA(),20,1013.25,0,0,0,0,0,19.899988174438477,0,0,0,0,0,0,0,0,0,0,0,0,0,0
36,2,0,1,Night,,120.8765869140625,-30.8765869140625,144.24398803710938,0,0,0,0,20.100000381469727,7.849999904632568,=NA(),0,64.81599426269531,1.4163999557495117,0.34380000829696655,0.08399999886751175,=NA(),20,1013.25,0,0,0,0,0,20.100000381469727,0,0,0,0,0,0,0,0,0,0,0,0,0,0
36,3,0,1,Night,,112.60691833496094,-22.60692024230957,131.0108184814453,0,0,0,0,20.43999671936035,7.179900169372559,=NA(),0,64.81599426269531,1.4163999557495117,0.34380000829696655,0.08399999886751175,=NA(),20,1013.25,0,0,0,0,0,20.43999671936035,0,0,0,0,0,0,0,0,0,0,0,0,0,0
36,4,0,1,Night,,102.64785766601562,-12.647856712341309,120.08721160888672,0,0,0,0,20.980005264282227,7.130000114440918,=NA(),0,64.81599426269531,1.4163999557495117,0.34380000829696655,0.08399999886751175,=NA(),20,1013.25,0,0,0,0,0,20.980005264282227,0,0,0,0,0,0,0,0,0,0,0,0,0,0
36,5,0,1,Day,,87.8558578491211,2.1441400051116943,108.26995086669922,5.000899791717529,4.997225761413574,0.0982000008225441,0.9992653131484985,21.3699893951416,7.75,=NA(),=NA(),18.6961727142334,1.4163999557495117,0.34380000829696655,0.08399999886751175,=NA(),20,1013.25,3.2385306358337402,84.78107452392578,5.484999656677246,5,0.48500001430511475,21.610010147094727,22.3799991607666,22.60999870300293,22.61715316772461,33.542030334472656,0.04214330017566681,0.042013444006443024,38.99521255493164,0.05102447792887688,0.00016900000628083944,0,0.000010750000001280569,0,-0.22999954223632812,-0.0071544647216796875
36,6,0,1,Day,,79.664794921875,10.335208892822266,102.38921356201172,65.30400085449219,64.92652893066406,2.1040000915527344,0.9942197799682617,21.43999671936035,9.369999885559082,=NA(),=NA(),5.418509483337402,1.4163999557495117,0.34380000829696655,0.08399999886751175,=NA(),20,1013.25,15.926172256469727,64.13957214355469,75.8699951171875,69.29000091552734,6.579999923706055,24.581872940063477,401.989990234375,401.7900085449219,401.9281921386719,37.85547637939453,0.6635856628417969,0.6556649804115295,43.43547058105469,0.7074493169784546,0.00234987516887486,0,0.00013818750448990613,0,0.199981689453125,-0.13818359375
36,7,0,1,Day,,67.57808685302734,22.421916961669922,94.25301361083984,164.88999938964844,161.19473266601562,9.68809986114502,0.97758948802948,22.959985733032227,11.4399995803833,=NA(),=NA(),2.608011245727539,1.4163999557495117,0.34380000829696655,0.08399999886751175,=NA(),20,1013.25,45.88231658935547,21.977264404296875,190.739990234375,163.114990234375,27.635000228881836,30.8956241607666,1033.6600341796875,1010.4400024414062,1008.0896606445312,38.43271255493164,1.6391055583953857,1.5683891773223877,44.17680740356445,1.7445998191833496,0.005551437381654978,0,0.000585687521379441,0,23.22003173828125,2.350341796875
36,8,0,1,Day,,55.332496643066406,34.667503356933594,85.58436584472656,221.6999969482422,216.81036376953125,8.596199989318848,0.9779447913169861,23.409997940063477,12.65999984741211,=NA(),=NA(),1.7548630237579346,1.4163999557495117,0.34380000829696655,0.08399999886751175,=NA(),20,1013.25,55.25278091430664,3.6305463314056396,232.27499389648438,186.52999877929688,45.744998931884766,33.13311004638672,1256.77001953125,1219.1500244140625,1210.257568359375,38.56871032714844,1.960627555847168,1.832038164138794,44.21163558959961,2.10412859916687,0.006470187567174435,0,0.0009392499923706055,0,37.6199951171875,8.8924560546875
36,9,0,1,Day,,43.25000762939453,46.74999237060547,75.1516342163086,346.989990234375,325.4331359863281,29.59600067138672,0.9378747344017029,26.670007705688477,12.4399995803833,=NA(),=NA(),1.3718217611312866,1.4163999557495117,0.34380000829696655,0.08399999886751175,=NA(),20,1013.25,42.28004455566406,10.112774848937988,371.9049987792969,320.04498291015625,51.86000061035156,42.141868591308594,2092.2099609375,1969.030029296875,1965.256103515625,37.68662643432617,3.2589073181152344,3.130155563354492,43.91362380981445,3.4659740924835205,0.011097749695181847,0,0.0010444375220686197,0,123.179931640625,3.77392578125
36,10,0,1,Day,,31.882875442504883,58.117122650146484,60.437156677246094,944.4000244140625,274.52166748046875,788.9000244140625,0.29068368673324585,28.300012588500977,11.800000190734863,=NA(),=NA(),1.177194595336914,1.4163999557495117,0.34380000829696655,0.08399999886751175,=NA(),20,1013.25,28.415672302246094,15.105347633361816,1114.590087890625,1053.070068359375,61.519996643066406,74.6100082397461,6758.81005859375,5680.97998046875,5688.34814453125,33.737274169921875,10.537949562072754,10.52188777923584,41.956321716308594,11.223919868469238,0.03739693760871887,0,0.0013419999741017818,0,1077.830078125,-7.3681640625
36,11,0,1,Day,,22.65886688232422,67.34113311767578,35.77336883544922,669.0999755859375,436.3660583496094,252.1999969482422,0.6521686911582947,29.420007705688477,11.050000190734863,=NA(),=NA(),1.0833830833435059,1.4163999557495117,0.34380000829696655,0.08399999886751175,=NA(),20,1013.25,13.714529037475586,18.21368980407715,732.7249755859375,678.2900390625,54.435001373291016,59.693138122558594,4366.7998046875,3872.550048828125,3877.19677734375,35.67170715332031,6.793196678161621,6.771676540374756,42.99555587768555,7.200922966003418,0.02383049950003624,0,0.0011682499898597598,0,494.249755859375,-4.646728515625
36,12,0,1,Day,,19.199552536010742,70.80044555664062,355.746826171875,1096.300048828125,231.8155517578125,915.4000244140625,0.2114526480436325,30.550012588500977,10.09000015258789,=NA(),=NA(),1.0586931705474854,1.4163999557495117,0.34380000829696655,0.08399999886751175,=NA(),20,1013.25,-1.4793866872787476,19.144615173339844,1178.39501953125,1096.6199951171875,81.7750015258789,79.85436248779297,7107.64990234375,5854.83984375,5859.78076171875,33.0518798828125,11.08065128326416,11.05313491821289,41.3907470703125,11.798827171325684,0.03896762430667877,0,0.001805437495931983,0,1252.81005859375,-4.94091796875
36,13,0,1,Day,,24.170063018798828,65.8299331665039,318.3040466308594,532.9000244140625,442.84808349609375,98.70500183105469,0.8310152888298035,31.08001136779785,8.800000190734863,=NA(),=NA(),1.0958040952682495,1.4163999557495117,0.34380000829696655,0.08399999886751175,=NA(),20,1013.25,-16.621679306030273,17.801944732666016,581.7049560546875,533.050048828125,48.654998779296875,55.152488708496094,3406.27001953125,3066.830078125,3070.54052734375,36.150447845458984,5.308631896972656,5.266978740692139,43.106178283691406,5.629385948181152,0.018533311784267426,0,0.001028062542900443,0,339.43994140625,-3.71044921875
36,14,0,1,Day,,34.01877212524414,55.98122787475586,296.2454528808594,13.595999717712402,13.595999717712402,0,1,28.290002822875977,7.599999904632568,=NA(),=NA(),1.2059253454208374,1.4163999557495117,0.34380000829696655,0.08399999886751175,=NA(),20,1013.25,-31.19069480895996,14.324012756347656,14,12.139999389648438,1.869999885559082,28.8906192779541,64.52999877929688,63.38999938964844,63.31511306762695,34.29310607910156,0.11537811160087585,0.110822394490242,39.68094253540039,0.12912431359291077,0.00041562499245628715,0,0.00003737500082934275,0,1.1399993896484375,0.07488632202148438
36,15,0,1,Day,,45.602577209472656,44.397422790527344,282.69085693359375,121.29000091552734,120.38810729980469,1.2891000509262085,0.9925641417503357,20.8900089263916,7.089900016784668,=NA(),=NA(),1.4279913902282715,1.4163999557495117,0.34380000829696655,0.08399999886751175,=NA(),20,1013.25,-44.8940544128418,9.031048774719238,121.00499725341797,98.85499572753906,22.145000457763672,25.9681339263916,633.1599731445312,629.6699829101562,625.3176879882812,38.608558654785156,1.011906385421753,0.9549704790115356,44.009700775146484,1.087325930595398,0.00339456251822412,0,0.00044118749792687595,0,3.489990234375,4.352294921875
36,16,0,1,Day,,57.75873565673828,32.24126434326172,272.7509765625,171.00999450683594,169.03475952148438,3.702500104904175,0.9884495735168457,21.8799991607666,6.069900035858154,=NA(),=NA(),1.8703821897506714,1.4163999557495117,0.34380000829696655,0.08399999886751175,=NA(),20,1013.25,-57.72891616821289,2.3265514373779297,174.43499755859375,135.58999633789062,38.845001220703125,29.2181339263916,924.6599731445312,909.0700073242188,898.7675170898438,38.826515197753906,1.4463471174240112,1.3466161489486694,44.210182189941406,1.5586754083633423,0.00473543768748641,0,0.0007781875319778919,0,15.5899658203125,10.302490234375
36,17,0,1,Day,,70.0108642578125,19.9891357421875,264.272705078125,29.302000045776367,29.233802795410156,0.19949999451637268,0.9976726174354553,22.459985733032227,6.179999828338623,=NA(),=NA(),2.9053523540496826,1.4163999557495117,0.34380000829696655,0.08399999886751175,=NA(),20,1013.25,-36.511314392089844,33.788204193115234,29.770000457763672,25.274999618530273,4.494999885559082,23.721887588500977,144.77000427246094,145.1699981689453,144.44091796875,36.58156967163086,0.2467312514781952,0.23468323051929474,41.829463958740234,0.27044886350631714,0.0008559374837204814,0,0.00009556250006426126,0,-0.399993896484375,0.7290802001953125
36,18,0,1,Day,,82.045166015625,7.954830169677734,256.15478515625,2.598099946975708,2.5846896171569824,0.09690000116825104,0.9948384165763855,22.719995498657227,6.990099906921387,=NA(),=NA(),6.893458843231201,1.4163999557495117,0.34380000829696655,0.08399999886751175,=NA(),20,1013.25,-12.073419570922852,70.3383560180664,2.8350000381469727,2.569999933242798,0.26499998569488525,22.850000381469727,9.670000076293945,9.690000534057617,9.711419105529785,31.616474151611328,0.01919751986861229,0.018934234976768494,37.34400939941406,0.026357410475611687,0.00008731250272830948,0,0.000005500000042957254,0,-0.020000457763671875,-0.02141857147216797
36,19,0,1,Night,Sun above horizon but GHI below 1,88.92945861816406,1.070543646812439,251.0804901123047,0,0,0,0,22.209985733032227,6.200099945068359,=NA(),0,25.708110809326172,1.4163999557495117,0.34380000829696655,0.08399999886751175,=NA(),20,1013.25,0,0,0,0,0,22.209985733032227,0,0,0,0,0,0,0,0,0,0,0,0,0,0
36,20,0,1,Night,,104.81859588623047,-14.818596839904785,238.09716796875,0,0,0,0,20.70000648498535,4.960000038146973,=NA(),0,64.81599426269531,1.4163999557495117,0.34380000829696655,0.08399999886751175,=NA(),20,1013.25,0,0,0,0,0,20.70000648498535,0,0,0,0,0,0,0,0,0,0,0,0,0,0
36,21,0,1,Night,,114.54608917236328,-24.54608726501465,226.7811279296875,0,0,0,0,21.0100040435791,4.570000171661377,=NA(),0,64.81599426269531,1.4163999557495117,0.34380000829696655,0.08399999886751175,=NA(),20,1013.25,0,0,0,0,0,21.0100040435791,0,0,0,0,0,0,0,0,0,0,0,0,0,0
36,22,0,1,Night,,122.4415512084961,-32.44154739379883,213.0192413330078,0,0,0,0,21.68999671936035,4.619900226593018,=NA(),0,64.81599426269531,1.4163999557495117,0.34380000829696655,0.08399999886751175,=NA(),20,1013.25,0,0,0,0,0,21.68999671936035,0,0,0,0,0,0,0,0,0,0,0,0,0,0
36,23,0,1,Night,,127.61920166015625,-37.61920166015625,196.5415496826172,0,0,0,0,21.300012588500977,4.199999809265137,=NA(),0,64.81599426269531,1.4163999557495117,0.34380000829696655,0.08399999886751175,=NA(),20,1013.25,0,0,0,0,0,21.300012588500977,0,0,0,0,0,0,0,0,0,0,0,0,0,0
37,0,0,1,Night,,129.2169189453125,-39.21691131591797,178.2067108154297,0,0,0,0,21.4999942779541,2.530100107192993,=NA(),0,64.81599426269531,1.4163999557495117,0.34380000829696655,0.08399999886751175,=NA(),20,1013.25,0,0,0,0,0,21.4999942779541,0,0,0,0,0,0,0,0,0,0,0,0,0,0
37,1,0,1,Night,,126.90473175048828,-36.90473556518555,160.08436584472656,0,0,0,0,21.360010147094727,1.3300000429153442,=NA(),0,64.81599426269531,1.4163999557495117,0.34380000829696655,0.08399999886751175,=NA(),20,1013.25,0,0,0,0,0,21.360010147094727,0,0,0,0,0,0,0,0,0,0,0,0,0,0
37,2,0,1,Night,,121.14965057373047,-31.149648666381836,144.08616638183594,0,0,0,0,21.339990615844727,1.2200000286102295,=NA(),0,64.81599426269531,1.4163999557495117,0.34380000829696655,0.08399999886751175,=NA(),20,1013.25,0,0,0,0,0,21.339990615844727,0,0,0,0,0,0,0,0,0,0,0,0,0,0
37,3,0,1,Night,,112.85224914550781,-22.852249145507812,130.8140411376953,0,0,0,0,17.7600040435791,1.9600000381469727,=NA(),0,64.81599426269531,1.4163999557495117,0.34380000829696655,0.08399999886751175,=NA(),20,1013.25,0,0,0,0,0,17.7600040435791,0,0,0,0,0,0,0,0,0,0,0,0,0,0
37,4,0,1,Night,,102.86756896972656,-12.867568969726562,119.86979675292969,0,0,0,0,17.43999671936035,3.170099973678589,=NA(),0,64.81599426269531,1.4163999557495117,0.34380000829696655,0.08399999886751175,=NA(),20,1013.25,0,0,0,0,0,17.43999671936035,0,0,0,0,0,0,0,0,0,0,0,0,0,0
37,5,0,1,Day,,87.93716430664062,2.062833547592163,107.95838928222656,3.4967000484466553,3.4967000484466553,0,1,17.9999942779541,4.5,=NA(),=NA(),19.10853385925293,1.4163999557495117,0.34380000829696655,0.08399999886751175,=NA(),20,1013.25,3.1096692085266113,84.97943115234375,3.8350000381469727,3.490000009536743,0.3400000035762787,18.170007705688477,14.399999618530273,14.720000267028809,14.713455200195312,33.238834381103516,0.027666160836815834,0.027581581845879555,38.784523010253906,0.03562380373477936,0.00011800000356743112,0,0.000007499999810534064,0,-0.32000064849853516,0.006545066833496094
37,6,0,1,Day,,79.84764862060547,10.152351379394531,102.14177703857422,92.80899810791016,90.5517349243164,12.805999755859375,0.9756783843040466,19.279993057250977,4.680099964141846,=NA(),=NA(),5.509374618530273,1.4163999557495117,0.34380000829696655,0.08399999886751175,=NA(),20,1013.25,15.59897518157959,64.62474060058594,117.82000732421875,109.28500366210938,8.524999618530273,24.118127822875977,645.0800170898438,645.8200073242188,645.9183959960938,38.61009216308594,1.0455776453018188,1.0354446172714233,44.30364990234375,1.1091177463531494,0.003726187627762556,0,0.00017818750347942114,0,-0.739990234375,-0.098388671875
37,7,0,1,Day,,67.7545394897461,22.245460510253906,93.98333740234375,338.3999938964844,255.1512908935547,219.89999389648438,0.7539932131767273,20.58001136779785,5.050000190734863,=NA(),=NA(),2.6273796558380127,1.4163999557495117,0.34380000829696655,0.08399999886751175,=NA(),20,1013.25,44.97282028198242,23.014423370361328,567.35498046875,534.39501953125,32.959999084472656,43.85936737060547,3282.050048828125,3075.60009765625,3080.58056640625,37.64979553222656,5.113976955413818,5.020852565765381,44.51692581176758,5.405839920043945,0.01811862550675869,0,0.0007421249756589532,0,206.449951171875,-4.98046875
37,8,0,1,Day,,55.509613037109375,34.490386962890625,85.2813491821289,630.7899780273438,332.4856872558594,526.7899780273438,0.5270941257476807,22.18999671936035,5.610000133514404,=NA(),=NA(),1.762708067893982,1.4163999557495117,0.34380000829696655,0.08399999886751175,=NA(),20,1013.25,55.41876983642578,3.8878026008605957,953.47998046875,895.1099853515625,58.380001068115234,61.418113708496094,5770.0498046875,5091.830078125,5098.748046875,35.497108459472656,8.977627754211426,8.864970207214355,43.32516860961914,9.522462844848633,0.03177481144666672,0,0.0012440000427886844,0,678.2197265625,-6.91796875
37,9,0,1,Day,,43.438873291015625,46.561126708984375,74.8006362915039,814.2000122070312,320.5188903808594,679.9000244140625,0.39366111159324646,23.110010147094727,6.349999904632568,=NA(),=NA(),1.3760833740234375,1.4163999557495117,0.34380000829696655,0.08399999886751175,=NA(),20,1013.25,42.421512603759766,10.385411262512207,1074.47998046875,1018.7149658203125,55.76499938964844,67.48375701904297,6529.490234375,5637.52978515625,5644.875,34.68202209472656,10.17258071899414,10.11575698852539,42.79758834838867,10.80532169342041,0.036215439438819885,0,0.0011911250185221434,0,891.96044921875,-7.34521484375
37,10,0,1,Day,,32.10221481323242,57.89778518676758,60.033565521240234,959.3099975585938,280.7817687988281,801,0.2926913797855377,23.800012588500977,6.949999809265137,=NA(),=NA(),1.1800068616867065,1.4163999557495117,0.34380000829696655,0.08399999886751175,=NA(),20,1013.25,28.52350616455078,15.393455505371094,1132.534912109375,1069.8800048828125,62.650001525878906,70.72249603271484,6868.7802734375,5859.97021484375,5867.5849609375,34.242855072021484,10.709505081176758,10.686517715454102,42.48784637451172,11.391386985778809,0.0380139984190464,0,0.00136524997651577,0,1008.81005859375,-7.61474609375
37,11,0,1,Day,,22.933494567871094,67.0665054321289,35.422054290771484,1033.5,238.72267150878906,862.989990234375,0.23098468780517578,24.490015029907227,7.160099983215332,=NA(),=NA(),1.0855635404586792,1.4163999557495117,0.34380000829696655,0.08399999886751175,=NA(),20,1013.25,13.778724670410156,18.514083862304688,1136.93505859375,1061.9150390625,75.01499938964844,71.70751190185547,6860.31005859375,5830.93017578125,5837.3369140625,34.120296478271484,10.692569732666016,10.67807388305664,42.359153747558594,11.364580154418945,0.03770306333899498,0,0.0016268750187009573,0,1029.3798828125,-6.40673828125
37,12,0,1,Day,,19.504047393798828,70.4959487915039,355.8575134277344,1059.800048828125,225.68687438964844,884.8900146484375,0.21295231580734253,25.279993057250977,7.089900016784668,=NA(),=NA(),1.0606671571731567,1.4163999557495117,0.34380000829696655,0.08399999886751175,=NA(),20,1013.25,-1.465667724609375,19.45103645324707,1139.14501953125,1060.10498046875,79.03999328613281,72.66500091552734,6875.31005859375,5822.43994140625,5828.10009765625,33.999427795410156,10.71359634399414,10.69200325012207,42.24104309082031,11.382402420043945,0.0376725010573864,0,0.0017448749858886003,0,1052.8701171875,-5.66015625
37,13,0,1,Day,,24.413326263427734,65.58667755126953,318.7588195800781,860.9099731445312,302.4375305175781,613.3099975585938,0.35129982233047485,26.2600040435791,6.910099983215332,=NA(),=NA(),1.0979018211364746,1.4163999557495117,0.34380000829696655,0.08399999886751175,=NA(),20,1013.25,-16.658496856689453,18.106815338134766,954.760009765625,891.8049926757812,62.95500183105469,65.76937103271484,5754.72998046875,4997.64990234375,5002.43408203125,34.93353271484375,8.949914932250977,8.930575370788574,42.76010513305664,9.497267723083496,0.031562939286231995,0,0.0013676874805241823,0,757.080078125,-4.7841796875
37,14,0,1,Day,,34.20426940917969,55.79573059082031,296.6819152832031,599.5900268554688,412.8446960449219,225.8000030517578,0.6885449886322021,25.9999942779541,6.650000095367432,=NA(),=NA(),1.208566665649414,1.4163999557495117,0.34380000829696655,0.08399999886751175,=NA(),20,1013.25,-31.27149200439453,14.620993614196777,685.3150024414062,631.6900024414062,53.625,54.19499969482422,4077.719970703125,3687.60009765625,3692.546630859375,36.37934875488281,6.343894958496094,6.26438570022583,43.577579498291016,6.719675540924072,0.02223462425172329,0,0.001124312519095838,0,390.119873046875,-4.946533203125
37,15,0,1,Day,,45.76005935668945,44.23994064331055,283.0599060058594,426.69000244140625,361.81207275390625,92.99299621582031,0.8479506969451904,24.790002822875977,6.299900054931641,=NA(),=NA(),1.4320030212402344,1.4163999557495117,0.34380000829696655,0.08399999886751175,=NA(),20,1013.25,-45.0093994140625,9.316619873046875,498.0199890136719,442.55499267578125,55.459999084472656,45.34313201904297,2879.1298828125,2682.669921875,2683.547607421875,37.41917037963867,4.482257843017578,4.349649429321289,44.07784652709961,4.748184680938721,0.015461812727153301,0,0.0011230000527575612,0,196.4599609375,-0.877685546875
37,16,0,1,Day,,57.90644836425781,32.09355163574219,273.0697021484375,158,156.4066162109375,2.999000072479248,0.9899153113365173,24.5100040435791,5.46999979019165,=NA(),=NA(),1.8780169486999512,1.4163999557495117,0.34380000829696655,0.08399999886751175,=NA(),20,1013.25,-57.86940383911133,2.600247621536255,159.52499389648438,123.125,36.39500045776367,31.242517471313477,839.5899658203125,819.4000244140625,810.0394897460938,38.39591979980469,1.3181250095367432,1.224180817604065,43.763694763183594,1.4226356744766235,0.0042976876720786095,0,0.00072825001552701,0,20.18994140625,9.36053466796875
37,17,0,1,Day,,70.16017150878906,19.83983039855957,264.5588684082031,280.9100036621094,229.3869171142578,151.80999755859375,0.8165850639343262,24.3900089263916,3.7499001026153564,=NA(),=NA(),2.9259791374206543,1.4163999557495117,0.34380000829696655,0.08399999886751175,=NA(),20,1013.25,-36.016700744628906,34.39706039428711,449.06500244140625,423.93499755859375,25.130001068115234,42.771263122558594,2624.909912109375,2467.219970703125,2470.142578125,37.63169479370117,4.102538585662842,4.031457901000977,44.247074127197266,4.337423801422119,0.014593061991035938,0,0.0005554999806918204,0,157.68994140625,-2.922607421875
37,18,0,1,Day,,82.2028579711914,7.797142028808594,256.4207458496094,46.707000732421875,46.54311752319336,1.2079999446868896,0.9964912533760071,23.279993057250977,2.9300999641418457,=NA(),=NA(),7.019284248352051,1.4163999557495117,0.34380000829696655,0.08399999886751175,=NA(),20,1013.25,-11.80599594116211,70.74113464355469,53.67499923706055,49.09000015258789,4.579999923706055,25.519983291625977,274.0299987792969,272.9599914550781,273.0606994628906,37.11833190917969,0.4597793519496918,0.4555667042732239,42.6505241394043,0.49243998527526855,0.001633250038139522,0,0.00009800000407267362,0,1.07000732421875,-0.1007080078125
37,19,0,1,Night,Sun below height limit of 1 degrees.,89.00040435791016,0.9995921850204468,251.4022979736328,0,0,0,0,20.779993057250977,2.7000999450683594,=NA(),0,26.32060432434082,1.4163999557495117,0.34380000829696655,0.08399999886751175,=NA(),20,1013.25,0,0,0,0,0,20.779993057250977,0,0,0,0,0,0,0,0,0,0,0,0,0,0
37,20,0,1,Night,,105.01918029785156,-15.019182205200195,238.3392333984375,0,0,0,0,18.399988174438477,2.6298999786376953,=NA(),0,64.81599426269531,1.4163999557495117,0.34380000829696655,0.08399999886751175,=NA(),20,1013.25,0,0,0,0,0,18.399988174438477,0,0,0,0,0,0,0,0,0,0,0,0,0,0
37,21,0,1,Night,,114.7774887084961,-24.77748680114746,227.00567626953125,0,0,0,0,17.42998695373535,2.6201000213623047,=NA(),0,64.81599426269531,1.4163999557495117,0.34380000829696655,0.08399999886751175,=NA(),20,1013.25,0,0,0,0,0,17.42998695373535,0,0,0,0,0,0,0,0,0,0,0,0,0,0
37,22,0,1,Night,,122.70719146728516,-32.70718765258789,213.20623779296875,0,0,0,0,16.33001136779785,2.610100030899048,=NA(),0,64.81599426269531,1.4163999557495117,0.34380000829696655,0.08399999886751175,=NA(),20,1013.25,0,0,0,0,0,16.33001136779785,0,0,0,0,0,0,0,0,0,0,0,0,0,0
37,23,0,1,Night,,127.91468811035156,-37.9146842956543,196.65615844726562,0,0,0,0,15.300012588500977,2.5999999046325684,=NA(),0,64.81599426269531,1.4163999557495117,0.34380000829696655,0.08399999886751175,=NA(),20,1013.25,0,0,0,0,0,15.300012588500977,0,0,0,0,0,0,0,0,0,0,0,0,0,0
38,0,0,1,Night,,129.52610778808594,-39.52610778808594,178.21693420410156,0,0,0,0,14.809991836547852,2.6700000762939453,=NA(),0,64.81599426269531,1.4163999557495117,0.34380000829696655,0.08399999886751175,=NA(),20,1013.25,0,0,0,0,0,14.809991836547852,0,0,0,0,0,0,0,0,0,0,0,0,0,0
38,1,0,1,Night,,127.20523834228516,-37.205238342285156,159.9912567138672,0,0,0,0,13.999994277954102,2.8299999237060547,=NA(),0,64.81599426269531,1.4163999557495117,0.34380000829696655,0.08399999886751175,=NA(),20,1013.25,0,0,0,0,0,13.999994277954102,0,0,0,0,0,0,0,0,0,0,0,0,0,0
38,2,0,1,Night,,121.42567443847656,-31.42567253112793,143.92166137695312,0,0,0,0,13.950006484985352,3.090100049972534,=NA(),0,64.81599426269531,1.4163999557495117,0.34380000829696655,0.08399999886751175,=NA(),20,1013.25,0,0,0,0,0,13.950006484985352,0,0,0,0,0,0,0,0,0,0,0,0,0,0
38,3,0,1,Night,,113.0990219116211,-23.09902572631836,130.61083984375,0,0,0,0,13.379999160766602,3.4298999309539795,=NA(),0,64.81599426269531,1.4163999557495117,0.34380000829696655,0.08399999886751175,=NA(),20,1013.25,0,0,0,0,0,13.379999160766602,0,0,0,0,0,0,0,0,0,0,0,0,0,0
38,4,0,1,Night,,103.08808898925781,-13.088088035583496,119.64645385742188,0,0,0,0,12.999994277954102,3.619999885559082,=NA(),0,64.81599426269531,1.4163999557495117,0.34380000829696655,0.08399999886751175,=NA(),20,1013.25,0,0,0,0,0,12.999994277954102,0,0,0,0,0,0,0,0,0,0,0,0,0,0
38,5,0,1,Day,,88.02806854248047,1.9719294309616089,107.65066528320312,13.107999801635742,13.107648849487305,0.010200000368058681,0.9999732375144958,12.860010147094727,4.559999942779541,=NA(),=NA(),19.588436126708984,1.4163999557495117,0.34380000829696655,0.08399999886751175,=NA(),20,1013.25,2.9669978618621826,85.20111083984375,14.360000610351562,13.09000015258789,1.2699999809265137,13.469385147094727,67.08999633789062,70.04000091552734,69.80885314941406,36.857975006103516,0.11837518215179443,0.11765974760055542,42.08348083496094,0.13270798325538635,0.00044112501200288534,0,0.00002750000021478627,0,-2.9500045776367188,0.23114776611328125
38,6,0,1,Day,,80.03050231933594,9.969499588012695,101.88908386230469,176.5,151.67404174804688,143.39999389648438,0.8593429923057556,16.969995498657227,4.800000190734863,=NA(),=NA(),5.603301525115967,1.4163999557495117,0.34380000829696655,0.08399999886751175,=NA(),20,1013.25,15.27432632446289,65.10823822021484,290.44000244140625,279.5050048828125,10.934999465942383,28.81438636779785,1650.3199462890625,1625.9599609375,1627.284912109375,39.116329193115234,2.600074529647827,2.586144208908081,45.27558898925781,2.743891954421997,0.009407187812030315,0,0.0002350624999962747,0,24.3599853515625,-1.324951171875
38,7,0,1,Day,,67.93142700195312,22.068572998046875,93.70846557617188,486.70001220703125,334.009033203125,406.3999938964844,0.686272919178009,19.920007705688477,5.210000038146973,=NA(),=NA(),2.647108554840088,1.4163999557495117,0.34380000829696655,0.08399999886751175,=NA(),20,1013.25,44.10955047607422,24.01276206970215,885.9349975585938,848.25,37.68499755859375,56.462486267089844,5182.97998046875,4654.35986328125,4661.66015625,36.14228057861328,8.06148624420166,7.951513767242432,43.75032043457031,8.544532775878906,0.02877231314778328,0,0.000878875027410686,0,528.6201171875,-7.30029296875
38,8,0,1,Day,,55.68719482421875,34.31280517578125,84.97303009033203,366.6099853515625,310.46270751953125,99.60299682617188,0.846847414970398,20.300012588500977,5.139999866485596,=NA(),=NA(),1.7706612348556519,1.4163999557495117,0.34380000829696655,0.08399999886751175,=NA(),20,1013.25,55.58430862426758,4.1504411697387695,464.53997802734375,408,56.53499984741211,39.38750457763672,2693.77001953125,2561.969970703125,2561.971435546875,38.196537017822266,4.1921210289001465,4.05121374130249,44.740726470947266,4.437610626220703,0.014367625117301941,0,0.0011700624600052834,0,131.800048828125,-0.00146484375
38,9,0,1,Day,,43.629005432128906,46.370994567871094,74.4442138671875,685.7000122070312,329.572021484375,492.010009765625,0.4806358814239502,22.58001136779785,4.909999847412109,=NA(),=NA(),1.380415439605713,1.4163999557495117,0.34380000829696655,0.08399999886751175,=NA(),20,1013.25,42.562347412109375,10.663351058959961,892.6950073242188,841.2099609375,51.47999954223633,59.245628356933594,5409.73974609375,4810.51025390625,4817.0927734375,35.782936096191406,8.413789749145508,8.350177764892578,43.47631072998047,8.917826652526855,0.02985999919474125,0,0.0010891874553635716,0,599.2294921875,-6.58251953125
38,10,0,1,Day,,32.32374954223633,57.67625045776367,59.624839782714844,901.0900268554688,272.6419982910156,743.6900024414062,0.30256909132003784,23.67998695373535,4.770100116729736,=NA(),=NA(),1.1828786134719849,1.4163999557495117,0.34380000829696655,0.08399999886751175,=NA(),20,1013.25,28.630027770996094,15.686738014221191,1064.31494140625,1005.405029296875,58.90999984741211,67.66625213623047,6460.41015625,5573.7900390625,5581.0869140625,34.660484313964844,10.063846588134766,10.04263973236084,42.75239181518555,10.693445205688477,0.03572218865156174,0,0.001283499994315207,0,886.6201171875,-7.296875
38,11,0,1,Day,,23.211383819580078,66.78861236572266,35.06626510620117,940.2999877929688,251.46673583984375,749.5,0.26743245124816895,24.540002822875977,4.800000190734863,=NA(),=NA(),1.0878041982650757,1.4163999557495117,0.34380000829696655,0.08399999886751175,=NA(),20,1013.25,13.840662956237793,18.81940460205078,1034.3599853515625,965.6950073242188,68.66999816894531,67.5168685913086,6243.56005859375,5388.97021484375,5386.3173828125,34.752281188964844,9.68698787689209,9.668946266174316,42.7014045715332,10.263071060180664,0.03426281362771988,0,0.0014873750042170286,0,854.58984375,2.65283203125
38,12,0,1,Day,,19.81334114074707,70.18666076660156,355.9566345214844,1041.699951171875,223.01416015625,870.2000122070312,0.21408675611019135,25.43999671936035,4.809999942779541,=NA(),=NA(),1.0627105236053467,1.4163999557495117,0.34380000829696655,0.08399999886751175,=NA(),20,1013.25,-1.4552481174468994,19.7619686126709,1119.68994140625,1041.9949951171875,77.69499969482422,72.09813690185547,6762.2900390625,5738.75,5736.85693359375,34.12442398071289,10.507243156433105,10.46445083618164,42.278953552246094,11.136293411254883,0.037044938653707504,0,0.0017145000165328383,0,1023.5400390625,1.89306640625
38,13,0,1,Day,,24.6634578704834,65.33654022216797,319.20489501953125,995.4099731445312,240.85450744628906,830.2999877929688,0.2419651299715042,26.339990615844727,4.779900074005127,=NA(),=NA(),1.1000878810882568,1.4163999557495117,0.34380000829696655,0.08399999886751175,=NA(),20,1013.25,-16.699527740478516,18.415632247924805,1106.074951171875,1035.385009765625,70.69000244140625,72.31438446044922,6677.240234375,5661.60986328125,5666.7353515625,34.05525588989258,10.39989185333252,10.382054328918457,42.225040435791016,11.054802894592285,0.036723438650369644,0,0.001541187521070242,0,1015.63037109375,-5.12548828125
38,14,0,1,Day,,34.39665603637695,55.60334396362305,297.1165466308594,878.7100219726562,281.2132263183594,724.1099853515625,0.320029616355896,26.839990615844727,4.730000019073486,=NA(),=NA(),1.2113317251205444,1.4163999557495117,0.34380000829696655,0.08399999886751175,=NA(),20,1013.25,-31.357088088989258,14.921239852905273,1056.449951171875,999.699951171875,56.75499725341797,70.56685638427734,6429.27978515625,5486.72021484375,5493.65869140625,34.27997970581055,10.016156196594238,9.988309860229492,42.37051773071289,10.648516654968262,0.03558474779129028,0,0.0012403749860823154,0,942.5595703125,-6.9384765625
38,15,0,1,Day,,45.92369079589844,44.07630920410156,283.4296569824219,709.010009765625,317.7887268066406,562.4099731445312,0.44821473956108093,27.2499942779541,4.570000171661377,=NA(),=NA(),1.4362066984176636,1.4163999557495117,0.34380000829696655,0.08399999886751175,=NA(),20,1013.25,-45.129581451416016,9.604874610900879,955.9550170898438,903.4749755859375,52.47999954223633,66.8556137084961,5772.919921875,4993.2802734375,4996.322265625,34.80271530151367,8.972630500793457,8.8909273147583,42.62667465209961,9.517171859741211,0.03192906454205513,0,0.0011060000397264957,0,779.6396484375,-3.0419921875
38,16,0,1,Day,,58.05992126464844,31.940078735351562,273.389892578125,495.29998779296875,311.62005615234375,347.20001220703125,0.6291542053222656,27.219995498657227,4.179999828338623,=NA(),=NA(),1.8860288858413696,1.4163999557495117,0.34380000829696655,0.08399999886751175,=NA(),20,1013.25,-58.01485824584961,2.8762099742889404,753.9500122070312,697.7900390625,56.165000915527344,58.18688201904297,4569.7998046875,4075.830078125,4081.35400390625,35.88743209838867,7.10809850692749,6.986027717590332,43.280338287353516,7.536993980407715,0.025003938004374504,0,0.0011485625291243196,0,493.9697265625,-5.52392578125
38,17,0,1,Day,,70.3149185180664,19.685081481933594,264.84674072265625,261.3900146484375,221.0387420654297,119.79000091552734,0.8456280827522278,26.589990615844727,2.759999990463257,=NA(),=NA(),2.947687864303589,1.4163999557495117,0.34380000829696655,0.08399999886751175,=NA(),20,1013.25,-35.517372131347656,35.01891326904297,407.18499755859375,382.8900146484375,24.295000076293945,43.28124237060547,2371.449951171875,2224.14990234375,2226.91943359375,37.46261978149414,3.715268135070801,3.6474602222442627,43.99352264404297,3.9303338527679443,0.01318500004708767,0,0.0005328124971129,0,147.300048828125,-2.76953125
38,18,0,1,Day,,82.36607360839844,7.633926868438721,256.68841552734375,46.707000732421875,46.53328323364258,1.3077000379562378,0.9962806701660156,25.0100040435791,2.75,=NA(),=NA(),7.154305458068848,1.4163999557495117,0.34380000829696655,0.08399999886751175,=NA(),20,1013.25,-11.531512260437012,71.15715789794922,53.8650016784668,49.30500030517578,4.555000305175781,27.26250648498535,274.3399963378906,271.42999267578125,271.5066833496094,36.858802795410156,0.4603815972805023,0.4560856819152832,42.40231704711914,0.49344274401664734,0.0016352500533685088,0,0.0000974374997895211,0,2.910003662109375,-0.076690673828125
38,19,0,1,Night,Sun below height limit of 1 degrees.,89.0840835571289,0.9159153699874878,251.72122192382812,0,0,0,0,21.649988174438477,2.850100040435791,=NA(),0,27.07314682006836,1.4163999557495117,0.34380000829696655,0.08399999886751175,=NA(),20,1013.25,0,0,0,0,0,21.649988174438477,0,0,0,0,0,0,0,0,0,0,0,0,0,0
38,20,0,1,Night,,105.2238540649414,-15.223856925964355,238.58287048339844,0,0,0,0,20.860010147094727,2.8798999786376953,=NA(),0,64.81599426269531,1.4163999557495117,0.34380000829696655,0.08399999886751175,=NA(),20,1013.25,0,0,0,0,0,20.860010147094727,0,0,0,0,0,0,0,0,0,0,0,0,0,0
38,21,0,1,Night,,115.01324462890625,-25.013246536254883,227.23141479492188,0,0,0,0,19.68999671936035,2.809999942779541,=NA(),0,64.81599426269531,1.4163999557495117,0.34380000829696655,0.08399999886751175,=NA(),20,1013.25,0,0,0,0,0,19.68999671936035,0,0,0,0,0,0,0,0,0,0,0,0,0,0
38,22,0,1,Night,,122.97728729248047,-32.97728729248047,213.3935546875,0,0,0,0,17.93999671936035,2.469899892807007,=NA(),0,64.81599426269531,1.4163999557495117,0.34380000829696655,0.08399999886751175,=NA(),20,1013.25,0,0,0,0,0,17.93999671936035,0,0,0,0,0,0,0,0,0,0,0,0,0,0
38,23,0,1,Night,,128.21458435058594,-38.214576721191406,196.76927185058594,0,0,0,0,16.600000381469727,1.9700000286102295,=NA(),0,64.81599426269531,1.4163999557495117,0.34380000829696655,0.08399999886751175,=NA(),20,1013.25,0,0,0,0,0,16.600000381469727,0,0,0,0,0,0,0,0,0,0,0,0,0,0
39,0,0,1,Night,,129.8390655517578,-39.83906555175781,178.22305297851562,0,0,0,0,16.1400089263916,1.8799999952316284,=NA(),0,64.81599426269531,1.4163999557495117,0.34380000829696655,0.08399999886751175,=NA(),20,1013.25,0,0,0,0,0,16.1400089263916,0,0,0,0,0,0,0,0,0,0,0,0,0,0
39,1,0,1,Night,,127.50831604003906,-37.50831604003906,159.89205932617188,0,0,0,0,15.059991836547852,2.2699999809265137,=NA(),0,64.81599426269531,1.4163999557495117,0.34380000829696655,0.08399999886751175,=NA(),20,1013.25,0,0,0,0,0,15.059991836547852,0,0,0,0,0,0,0,0,0,0,0,0,0,0
39,2,0,1,Night,,121.70304107666016,-31.70303726196289,143.75047302246094,0,0,0,0,13.950006484985352,2.9300999641418457,=NA(),0,64.81599426269531,1.4163999557495117,0.34380000829696655,0.08399999886751175,=NA(),20,1013.25,0,0,0,0,0,13.950006484985352,0,0,0,0,0,0,0,0,0,0,0,0,0,0
39,3,0,1,Night,,113.34630584716797,-23.34630584716797,130.4012451171875,0,0,0,0,13.480005264282227,3.650099992752075,=NA(),0,64.81599426269531,1.4163999557495117,0.34380000829696655,0.08399999886751175,=NA(),20,1013.25,0,0,0,0,0,13.480005264282227,0,0,0,0,0,0,0,0,0,0,0,0,0,0
39,4,0,1,Night,,103.3081283569336,-13.308130264282227,119.41725158691406,0,0,0,0,12.749994277954102,4.039999961853027,=NA(),0,64.81599426269531,1.4163999557495117,0.34380000829696655,0.08399999886751175,=NA(),20,1013.25,0,0,0,0,0,12.749994277954102,0,0,0,0,0,0,0,0,0,0,0,0,0,0
39,5,0,1,Day,,88.1142349243164,1.885765790939331,107.33036804199219,8.009200096130371,8.008979797363281,0.0066999997943639755,0.9999725222587585,12.429986953735352,5.300000190734863,=NA(),=NA(),20.062742233276367,1.4163999557495117,0.34380000829696655,0.08399999886751175,=NA(),20,1013.25,2.8319175243377686,85.41118621826172,8.780000686645508,8,0.7799999713897705,12.803125381469727,38.790000915527344,40.630001068115234,40.545894622802734,35.990020751953125,0.07041174918413162,0.07018623501062393,41.28669357299805,0.08142901957035065,0.00027099999715574086,0,0.00001700000029813964,0,-1.8400001525878906,0.0841064453125
39,6,0,1,Day,,80.2135009765625,9.78649616241455,101.63125610351562,173.8000030517578,149.71421813964844,141.6999969482422,0.8614166378974915,15.219995498657227,6.090000152587891,=NA(),=NA(),5.700527191162109,1.4163999557495117,0.34380000829696655,0.08399999886751175,=NA(),20,1013.25,14.951919555664062,65.59051513671875,285.85498046875,275.1099853515625,10.75,26.878137588500977,1608.800048828125,1595.5,1597.1236572265625,39.35271072387695,2.5365540981292725,2.5235354900360107,45.49095153808594,2.67562198638916,0.009175875224173069,0,0.00023150000197347254,0,13.300048828125,-1.6236572265625
39,7,0,1,Day,,68.10830688476562,21.89168930053711,93.42853546142578,401.5899963378906,277.0197448730469,334.1000061035156,0.6898073554039001,17.990015029907227,5.429900169372559,=NA(),=NA(),2.667158365249634,1.4163999557495117,0.34380000829696655,0.08399999886751175,=NA(),20,1013.25,43.28865432739258,24.974639892578125,709.2349853515625,675.9649658203125,33.27000045776367,47.078758239746094,4140.85009765625,3840.260009765625,3846.003173828125,37.34154510498047,6.437333106994629,6.339415073394775,44.53192138671875,6.805603981018066,0.022946374490857124,0,0.0007706874748691916,0,300.590087890625,-5.7431640625
39,8,0,1,Day,,55.86562728881836,34.13437271118164,84.6595687866211,622.510009765625,330.7138671875,520.010009765625,0.5312587022781372,22.779993057250977,4.140100002288818,=NA(),=NA(),1.7787423133850098,1.4163999557495117,0.34380000829696655,0.08399999886751175,=NA(),20,1013.25,55.74977111816406,4.418378829956055,945.219970703125,886.8099975585938,58.40999984741211,61.66875457763672,5728.27001953125,5050.2099609375,5056.84033203125,35.46502685546875,8.911888122558594,8.798974990844727,43.27849197387695,9.452585220336914,0.03153900057077408,0,0.0012391875497996807,0,678.06005859375,-6.63037109375
39,9,0,1,Day,,43.82038116455078,46.17961883544922,74.08255767822266,831.0999755859375,330.3692932128906,694,0.3975084722042084,24.610010147094727,2.990000009536743,=NA(),=NA(),1.3848187923431396,1.4163999557495117,0.34380000829696655,0.08399999886751175,=NA(),20,1013.25,42.702484130859375,10.946486473083496,1098.905029296875,1041.419921875,57.48500061035156,70.0631332397461,6673.31982421875,5706.7099609375,5714.91455078125,34.333396911621094,10.403377532958984,10.346967697143555,42.51233673095703,11.06691837310791,0.03701593726873398,0,0.0012256249319761992,0,966.60986328125,-8.20458984375
39,10,0,1,Day,,32.547401428222656,57.452598571777344,59.211273193359375,944.9099731445312,279.816650390625,789.010009765625,0.2961304783821106,26.07000160217285,2.159899950027466,=NA(),=NA(),1.1858100891113281,1.4163999557495117,0.34380000829696655,0.08399999886751175,=NA(),20,1013.25,28.735151290893555,15.985060691833496,1116.8399658203125,1055.1099853515625,61.72999954223633,72.3962631225586,6775.240234375,5743.2802734375,5750.69775390625,34.027099609375,10.562713623046875,10.54173469543457,42.24494934082031,11.241750717163086,0.037489376962184906,0,0.001345062511973083,0,1031.9599609375,-7.41748046875
39,11,0,1,Day,,23.492420196533203,66.50758361816406,34.706398010253906,681.989990234375,427.5003662109375,277.489990234375,0.6268425583839417,26.550012588500977,1.5700000524520874,=NA(),=NA(),1.090105652809143,1.4163999557495117,0.34380000829696655,0.08399999886751175,=NA(),20,1013.25,13.90027904510498,19.12948226928711,747.2149658203125,691.9549560546875,55.25499725341797,57.408103942871094,4454.68994140625,3983.989990234375,3985.755859375,36.014442443847656,6.916944980621338,6.888529300689697,43.331626892089844,7.320967197418213,0.024312438443303108,0,0.001185812521725893,0,470.699951171875,-1.765869140625
39,12,0,1,Day,,20.127227783203125,69.87277221679688,356.04461669921875,813.1099853515625,355.09014892578125,487.80999755859375,0.43670618534088135,26.7600040435791,0.9699000120162964,=NA(),=NA(),1.0648239850997925,1.4163999557495117,0.34380000829696655,0.08399999886751175,=NA(),20,1013.25,-1.4481456279754639,20.077220916748047,875.635009765625,813.2999877929688,62.345001220703125,63.011253356933594,5271.2998046875,4622.81982421875,4624.03173828125,35.31671905517578,8.183147430419922,8.157347679138184,42.93895721435547,8.665337562561035,0.02878112532198429,0,0.0013752500526607037,0,648.47998046875,-1.2119140625
39,13,0,1,Day,,24.920236587524414,65.07976531982422,319.64208984375,911.3099975585938,266.13568115234375,711.4099731445312,0.29203638434410095,28.100000381469727,0.39989998936653137,=NA(),=NA(),1.102362871170044,1.4163999557495117,0.34380000829696655,0.08399999886751175,=NA(),20,1013.25,-16.74472999572754,18.728214263916016,1012.010009765625,946.5,65.50999450683594,70.1781234741211,6109.02978515625,5219.85986328125,5220.59912109375,34.37857437133789,9.491011619567871,9.466418266296387,42.31483459472656,10.073066711425781,0.03354737535119057,0,0.001425312482751906,0,889.169921875,-0.7392578125
39,14,0,1,Day,,34.595787048339844,55.404212951660156,297.549072265625,901.0900268554688,282.4798889160156,751.489990234375,0.31348687410354614,28.95000648498535,0.6800000071525574,=NA(),=NA(),1.214221477508545,1.4163999557495117,0.34380000829696655,0.08399999886751175,=NA(),20,1013.25,-31.447391510009766,15.224654197692871,1084.4599609375,1026.43505859375,58.025001525878906,74.0174789428711,6590.85986328125,5551.77978515625,5556.89794921875,33.833919525146484,10.265022277832031,10.228224754333496,41.97949981689453,10.917132377624512,0.03649306297302246,0,0.0012696250341832638,0,1039.080078125,-5.1181640625
39,15,0,1,Day,,46.093448638916016,43.906551361083984,283.79986572265625,762.7100219726562,321.16168212890625,636.7100219726562,0.4210796654224396,28.7700138092041,1.25,=NA(),=NA(),1.4406063556671143,1.4163999557495117,0.34380000829696655,0.08399999886751175,=NA(),20,1013.25,-45.254615783691406,9.895679473876953,1035.074951171875,980.1649780273438,54.90999984741211,71.76561737060547,6252.1201171875,5310.6201171875,5315.671875,34.13772201538086,9.732084274291992,9.652665138244629,42.1589469909668,10.344690322875977,0.034639935940504074,0,0.0011594999814406037,0,941.5,-5.0517578125
39,16,0,1,Day,,58.21895217895508,31.78104591369629,273.7113952636719,528.6099853515625,311.62005615234375,412,0.5895084738731384,28.050012588500977,1.500100016593933,=NA(),=NA(),1.894417643547058,1.4163999557495117,0.34380000829696655,0.08399999886751175,=NA(),20,1013.25,-58.16508102416992,3.1543164253234863,820.3099975585938,763.2249755859375,57.08000183105469,61.79186248779297,4987.9501953125,4392.6298828125,4398.845703125,35.427364349365234,7.760517120361328,7.639095306396484,42.98615646362305,8.237592697143555,0.02736756205558777,0,0.0011681874748319387,0,595.3203125,-6.2158203125
39,17,0,1,Day,,70.4749755859375,19.525022506713867,265.1361389160156,257.6000061035156,218.83065795898438,116,0.8494978547096252,28.399988174438477,1.3300000429153442,=NA(),=NA(),2.9705021381378174,1.4163999557495117,0.34380000829696655,0.08399999886751175,=NA(),20,1013.25,-35.01411437988281,35.65273666381836,400.1549987792969,376.33001708984375,23.829999923706055,44.81999969482422,2331.530029296875,2174.590087890625,2177.600341796875,37.22890090942383,3.6557915210723877,3.589933156967163,43.75733184814453,3.869614362716675,0.012971875257790089,0,0.0005203125183470547,0,156.93994140625,-3.01025390625
39,18,0,1,Day,,82.53427124023438,7.465727806091309,256.957763671875,15.003000259399414,14.989721298217773,0.10220000147819519,0.9991149306297302,26.6199893951416,1.4700000286102295,=NA(),=NA(),7.298806190490723,1.4163999557495117,0.34380000829696655,0.08399999886751175,=NA(),20,1013.25,-11.250946998596191,71.58494567871094,16.325000762939453,14.789999961853027,1.5350000858306885,27.31499671936035,77.37000274658203,76.5,76.51701354980469,34.80229949951172,0.13741308450698853,0.13602948188781738,40.23202896118164,0.1521337628364563,0.0005013750051148236,0,0.00003293749978183769,0,0.8700027465820312,-0.0170135498046875
39,19,0,1,Night,Sun below height limit of 1 degrees.,89.1623306274414,0.8376687169075012,252.0490264892578,0,0,0,0,21.9999942779541,1.6299999952316284,=NA(),0,27.807838439941406,1.4163999557495117,0.34380000829696655,0.08399999886751175,=NA(),20,1013.25,0,0,0,0,0,21.9999942779541,0,0,0,0,0,0,0,0,0,0,0,0,0,0
39,20,0,1,Night,,105.43408966064453,-15.434088706970215,238.82801818847656,0,0,0,0,20.100000381469727,1.8700000047683716,=NA(),0,64.81599426269531,1.4163999557495117,0.34380000829696655,0.08399999886751175,=NA(),20,1013.25,0,0,0,0,0,20.100000381469727,0,0,0,0,0,0,0,0,0,0,0,0,0,0
39,21,0,1,Night,,115.25411224365234,-25.25411605834961,227.45834350585938,0,0,0,0,20.480005264282227,2.2499001026153564,=NA(),0,64.81599426269531,1.4163999557495117,0.34380000829696655,0.08399999886751175,=NA(),20,1013.25,0,0,0,0,0,20.480005264282227,0,0,0,0,0,0,0,0,0,0,0,0,0,0
39,22,0,1,Night,,123.25231170654297,-33.25231170654297,213.58116149902344,0,0,0,0,19.730005264282227,2.4200000762939453,=NA(),0,64.81599426269531,1.4163999557495117,0.34380000829696655,0.08399999886751175,=NA(),20,1013.25,0,0,0,0,0,19.730005264282227,0,0,0,0,0,0,0,0,0,0,0,0,0,0
39,23,0,1,Night,,128.51905822753906,-38.51906204223633,196.88082885742188,0,0,0,0,20.790002822875977,2.5899999141693115,=NA(),0,64.81599426269531,1.4163999557495117,0.34380000829696655,0.08399999886751175,=NA(),20,1013.25,0,0,0,0,0,20.790002822875977,0,0,0,0,0,0,0,0,0,0,0,0,0,0
40,0,0,1,Night,,130.1560821533203,-40.15608596801758,178.22509765625,0,0,0,0,19.7600040435791,3.2500998973846436,=NA(),0,64.81599426269531,1.4163999557495117,0.34380000829696655,0.08399999886751175,=NA(),20,1013.25,0,0,0,0,0,19.7600040435791,0,0,0,0,0,0,0,0,0,0,0,0,0,0
40,1,0,1,Night,,127.8143081665039,-37.814308166503906,159.78675842285156,0,0,0,0,18.9999942779541,4.229899883270264,=NA(),0,64.81599426269531,1.4163999557495117,0.34380000829696655,0.08399999886751175,=NA(),20,1013.25,0,0,0,0,0,18.9999942779541,0,0,0,0,0,0,0,0,0,0,0,0,0,0
40,2,0,1,Night,,121.9819564819336,-31.981956481933594,143.57257080078125,0,0,0,0,17.969995498657227,4.75,=NA(),0,64.81599426269531,1.4163999557495117,0.34380000829696655,0.08399999886751175,=NA(),20,1013.25,0,0,0,0,0,17.969995498657227,0,0,0,0,0,0,0,0,0,0,0,0,0,0
40,3,0,1,Night,,113.59410858154297,-23.5941104888916,130.18527221679688,0,0,0,0,17.1199893951416,4.869900226593018,=NA(),0,64.81599426269531,1.4163999557495117,0.34380000829696655,0.08399999886751175,=NA(),20,1013.25,0,0,0,0,0,17.1199893951416,0,0,0,0,0,0,0,0,0,0,0,0,0,0
40,4,0,1,Night,,103.52749633789062,-13.52749252319336,119.1822509765625,0,0,0,0,17.300012588500977,4.880000114440918,=NA(),0,64.81599426269531,1.4163999557495117,0.34380000829696655,0.08399999886751175,=NA(),20,1013.25,0,0,0,0,0,17.300012588500977,0,0,0,0,0,0,0,0,0,0,0,0,0,0
40,5,0,1,Day,,88.20240020751953,1.7976011037826538,107.0022964477539,8.90779972076416,8.907567977905273,0.007400000002235174,0.9999740123748779,17.07000160217285,5.7399001121521,=NA(),=NA(),20.568727493286133,1.4163999557495117,0.34380000829696655,0.08399999886751175,=NA(),20,1013.25,2.6943376064300537,85.62606811523438,9.770000457763672,8.899999618530273,0.8700000047683716,17.490015029907227,43.810001373291016,45.05999755859375,44.989803314208984,35.42902755737305,0.07936612516641617,0.0791202262043953,40.767913818359375,0.0907869040966034,0.00030124999466352165,0,0.000018999999156221747,0,-1.2499961853027344,0.07019424438476562
40,6,0,1,Day,,80.39826202392578,9.60173511505127,101.36837768554688,169.7899932861328,146.75677490234375,138.08999633789062,0.8643429279327393,19.18999671936035,6.379899978637695,=NA(),=NA(),5.802124500274658,1.4163999557495117,0.34380000829696655,0.08399999886751175,=NA(),20,1013.25,14.629034042358398,66.07584381103516,278.5999755859375,268.08502197265625,10.520000457763672,30.6043643951416,1552.3299560546875,1519.969970703125,1521.871826171875,38.777000427246094,2.4529242515563965,2.4407706260681152,44.928470611572266,2.589928150177002,0.008860750123858452,0,0.000226937496336177,0,32.3599853515625,-1.90185546875
40,7,0,1,Day,,68.28602600097656,21.71397590637207,93.1436538696289,394.7900085449219,273.6977233886719,327.29998779296875,0.693274199962616,21.17998695373535,5.619999885559082,=NA(),=NA(),2.687633752822876,1.4163999557495117,0.34380000829696655,0.08399999886751175,=NA(),20,1013.25,42.50169372558594,25.90846824645996,695.5900268554688,663.2349853515625,32.36000061035156,49.755638122558594,4064.6298828125,3734.2099609375,3740.093017578125,36.96875762939453,6.323186874389648,6.2283406257629395,44.14916229248047,6.691682815551758,0.022532813251018524,0,0.0007526249974034727,0,330.419921875,-5.883056640625
40,8,0,1,Day,,56.044368743896484,33.955631256103516,84.34113311767578,611.7100219726562,326.5140075683594,510.6000061035156,0.5337725281715393,23.089990615844727,4.460100173950195,=NA(),=NA(),1.786928415298462,1.4163999557495117,0.34380000829696655,0.08399999886751175,=NA(),20,1013.25,55.91456985473633,4.691478252410889,930.5350341796875,872.655029296875,57.87999725341797,61.389366149902344,5642.4697265625,4979.31982421875,4984.2783203125,35.51393127441406,8.771909713745117,8.65492057800293,43.28427505493164,9.296307563781738,0.031059876084327698,0,0.0012253124732524157,0,663.14990234375,-4.95849609375
40,9,0,1,Day,,44.012733459472656,45.987266540527344,73.71587371826172,801.9000244140625,320.26873779296875,669.6900024414062,0.3993873596191406,24.350000381469727,3.2500998973846436,=NA(),=NA(),1.3892885446548462,1.4163999557495117,0.34380000829696655,0.08399999886751175,=NA(),20,1013.25,42.84162139892578,11.234654426574707,1062.10498046875,1006.635009765625,55.474998474121094,68.22811126708984,6452.75,5555.5498046875,5563.08349609375,34.584556579589844,10.053441047668457,9.997992515563965,42.67807388305664,10.684849739074707,0.03577887639403343,0,0.0011823124950751662,0,897.2001953125,-7.53369140625
40,10,0,1,Day,,32.772987365722656,57.227012634277344,58.793148040771484,945.5900268554688,281.6854248046875,789.5900268554688,0.29789382219314575,25.719995498657227,2.220099925994873,=NA(),=NA(),1.1887998580932617,1.4163999557495117,0.34380000829696655,0.08399999886751175,=NA(),20,1013.25,28.838680267333984,16.28822898864746,1118.159912109375,1056.31005859375,61.849998474121094,72.1412582397461,6784.31005859375,5756.56982421875,5760.4599609375,34.08121871948242,10.563843727111816,10.537303924560547,42.28036117553711,11.221166610717773,0.03754018619656563,0,0.00134718744084239,0,1027.740234375,-3.89013671875
40,11,0,1,Day,,23.776443481445312,66.22355651855469,34.342838287353516,1033.9000244140625,243.86302185058594,863.3099975585938,0.23586712777614594,26.1199893951416,1.5499999523162842,=NA(),=NA(),1.09246826171875,1.4163999557495117,0.34380000829696655,0.08399999886751175,=NA(),20,1013.25,13.957481384277344,19.44411849975586,1137.9449462890625,1062.8399658203125,75.10499572753906,73.51436614990234,6864.93994140625,5794.83984375,5798.67138671875,33.89870071411133,10.691176414489746,10.672935485839844,42.12932586669922,11.362055778503418,0.03772975131869316,0,0.001627312507480383,0,1070.10009765625,-3.83154296875
40,12,0,1,Day,,20.445514678955078,69.55448913574219,356.1218566894531,794.7999877929688,368.18170166015625,455.29998779296875,0.4632381796836853,26.420007705688477,1.3401000499725342,=NA(),=NA(),1.0670084953308105,1.4163999557495117,0.34380000829696655,0.08399999886751175,=NA(),20,1013.25,-1.4443669319152832,20.396610260009766,856.155029296875,794.9749755859375,61.185001373291016,61.816246032714844,5149.64990234375,4535.509765625,4538.482421875,35.45839309692383,7.999659538269043,7.980350017547607,43.046993255615234,8.473053932189941,0.02811068668961525,0,0.00134937500115484,0,614.14013671875,-2.97265625
40,13,0,1,Day,,25.18343162536621,64.81656646728516,320.0701599121094,1048.5999755859375,256.22564697265625,875.5999755859375,0.24435022473335266,27.6199893951416,1.3698999881744385,=NA(),=NA(),1.1047276258468628,1.4163999557495117,0.34380000829696655,0.08399999886751175,=NA(),20,1013.25,-16.79404640197754,19.044363021850586,1165.364990234375,1090.7349853515625,74.6300048828125,76.24938201904297,7028.330078125,5871.22021484375,5874.8662109375,33.53529739379883,10.949033737182617,10.92857837677002,41.828651428222656,11.651006698608398,0.03868362307548523,0,0.0016260624397546053,0,1157.10986328125,-3.64599609375
40,14,0,1,Day,,34.80142593383789,55.19857406616211,297.9791564941406,994.7999877929688,312.6831359863281,830.7000122070312,0.31431758403778076,28.089990615844727,1.3401000499725342,=NA(),=NA(),1.2172355651855469,1.4163999557495117,0.34380000829696655,0.08399999886751175,=NA(),20,1013.25,-31.542261123657227,15.531022071838379,1195.860107421875,1130.8699951171875,64.98500061035156,77.89937591552734,7251.81005859375,6019.9599609375,6027.39404296875,33.28615951538086,11.317375183105469,11.280714988708496,41.683998107910156,12.066274642944336,0.040197812020778656,0,0.001418250030837953,0,1231.85009765625,-7.43408203125
40,15,0,1,Day,,46.26921463012695,43.73078536987305,284.1702880859375,727.3900146484375,316.2981872558594,594.6900024414062,0.4348398745059967,28.0200138092041,1.3899999856948853,=NA(),=NA(),1.445203423500061,1.4163999557495117,0.34380000829696655,0.08399999886751175,=NA(),20,1013.25,-45.384395599365234,10.188946723937988,986.219970703125,933.030029296875,53.19000244140625,68.87749481201172,5954.14990234375,5111.8798828125,5117.7099609375,34.515350341796875,9.267136573791504,9.190302848815918,42.429595947265625,9.846040725708008,0.03295787423849106,0,0.0011211249511688948,0,842.27001953125,-5.830078125
40,16,0,1,Day,,58.38361740112305,31.616382598876953,274.0339660644531,474.010009765625,310.7597351074219,311.4100036621094,0.6555973887443542,28.58001136779785,1.51010000705719,=NA(),=NA(),1.9031972885131836,1.4163999557495117,0.34380000829696655,0.08399999886751175,=NA(),20,1013.25,-58.32013702392578,3.434451103210449,707.364990234375,649.0700073242188,58.30000305175781,57.67687225341797,4264.830078125,3809.429931640625,3814.41943359375,35.931148529052734,6.635158061981201,6.503244876861572,43.211402893066406,7.035696029663086,0.02323518693447113,0,0.0011845624540001154,0,455.400146484375,-4.989501953125
40,17,0,1,Day,,70.64012908935547,19.3598690032959,265.4269714355469,248.3000030517578,214.05270385742188,103.30999755859375,0.8620728850364685,28.82000160217285,1.4900000095367432,=NA(),=NA(),2.994436264038086,1.4163999557495117,0.34380000829696655,0.08399999886751175,=NA(),20,1013.25,-34.50784683227539,36.29729080200195,381.25,358.0350036621094,23.21500015258789,44.464988708496094,2218.68994140625,2071.5400390625,2074.44482421875,37.226768493652344,3.4828085899353027,3.4194650650024414,43.713356018066406,3.6867141723632812,0.0123516246676445,0,0.0005036249640397727,0,147.14990234375,-2.90478515625
40,18,0,1,Day,,82.70680236816406,7.293196678161621,257.22857666015625,37.50600051879883,37.41612243652344,0.7080000042915344,0.9976036548614502,26.600000381469727,1.9801000356674194,=NA(),=NA(),7.453018665313721,1.4163999557495117,0.34380000829696655,0.08399999886751175,=NA(),20,1013.25,-10.965373992919922,72.0228271484375,42.040000915527344,38.29999923706055,3.740000009536743,28.363733291625977,212.39999389648438,209.2100067138672,209.3141632080078,36.28462219238281,0.3605409264564514,0.3573426604270935,41.80423355102539,0.38803333044052124,0.0012817500391975045,0,0.00008006249845493585,0,3.1899871826171875,-0.104156494140625
40,19,0,1,Night,Sun below height limit of 1 degrees.,89.23839569091797,0.7616077661514282,252.38333129882812,0,0,0,0,22.18999671936035,2.5999999046325684,=NA(),0,28.552078247070312,1.4163999557495117,0.34380000829696655,0.08399999886751175,=NA(),20,1013.25,0,0,0,0,0,22.18999671936035,0,0,0,0,0,0,0,0,0,0,0,0,0,0
40,20,0,1,Night,,105.64872741699219,-15.648730278015137,239.07460021972656,0,0,0,0,21.70000648498535,3.909899950027466,=NA(),0,64.81599426269531,1.4163999557495117,0.34380000829696655,0.08399999886751175,=NA(),20,1013.25,0,0,0,0,0,21.70000648498535,0,0,0,0,0,0,0,0,0,0,0,0,0,0
40,21,0,1,Night,,115.49983978271484,-25.499841690063477,227.6864013671875,0,0,0,0,21.300012588500977,5.360000133514404,=NA(),0,64.81599426269531,1.4163999557495117,0.34380000829696655,0.08399999886751175,=NA(),20,1013.25,0,0,0,0,0,21.300012588500977,0,0,0,0,0,0,0,0,0,0,0,0,0,0
40,22,0,1,Night,,123.53231811523438,-33.532318115234375,213.76904296875,0,0,0,0,20.159997940063477,6.840099811553955,=NA(),0,64.81599426269531,1.4163999557495117,0.34380000829696655,0.08399999886751175,=NA(),20,1013.25,0,0,0,0,0,20.159997940063477,0,0,0,0,0,0,0,0,0,0,0,0,0,0
40,23,0,1,Night,,128.82864379882812,-38.828651428222656,196.99082946777344,0,0,0,0,19.300012588500977,7.28000020980835,=NA(),0,64.81599426269531,1.4163999557495117,0.34380000829696655,0.08399999886751175,=NA(),20,1013.25,0,0,0,0,0,19.300012588500977,0,0,0,0,0,0,0,0,0,0,0,0,0,0
41,0,0,1,Night,,130.47752380371094,-40.47752380371094,178.22291564941406,0,0,0,0,18.360010147094727,6.889999866485596,=NA(),0,64.81599426269531,1.4163999557495117,0.34380000829696655,0.08399999886751175,=NA(),20,1013.25,0,0,0,0,0,18.360010147094727,0,0,0,0,0,0,0,0,0,0,0,0,0,0
41,1,0,1,Night,,128.1236572265625,-38.12366485595703,159.6752471923828,0,0,0,0,17.70000648498535,6.670100212097168,=NA(),0,64.81599426269531,1.4163999557495117,0.34380000829696655,0.08399999886751175,=NA(),20,1013.25,0,0,0,0,0,17.70000648498535,0,0,0,0,0,0,0,0,0,0,0,0,0,0
41,2,0,1,Night,,122.26309204101562,-32.263092041015625,143.38795471191406,0,0,0,0,17.240015029907227,6.600100040435791,=NA(),0,64.81599426269531,1.4163999557495117,0.34380000829696655,0.08399999886751175,=NA(),20,1013.25,0,0,0,0,0,17.240015029907227,0,0,0,0,0,0,0,0,0,0,0,0,0,0
41,3,0,1,Night,,113.84335327148438,-23.843353271484375,129.9629669189453,0,0,0,0,16.399988174438477,6.429999828338623,=NA(),0,64.81599426269531,1.4163999557495117,0.34380000829696655,0.08399999886751175,=NA(),20,1013.25,0,0,0,0,0,16.399988174438477,0,0,0,0,0,0,0,0,0,0,0,0,0,0
41,4,0,1,Night,,103.74846649169922,-13.748468399047852,118.9415283203125,0,0,0,0,15.980005264282227,6.079999923706055,=NA(),0,64.81599426269531,1.4163999557495117,0.34380000829696655,0.08399999886751175,=NA(),20,1013.25,0,0,0,0,0,15.980005264282227,0,0,0,0,0,0,0,0,0,0,0,0,0,0
41,5,0,1,Day,,88.28919219970703,1.710806131362915,106.67365264892578,7.3059000968933105,7.305631637573242,0.008999999612569809,0.9999632835388184,15.450006484985352,6.239999771118164,=NA(),=NA(),21.088420867919922,1.4163999557495117,0.34380000829696655,0.08399999886751175,=NA(),20,1013.25,2.5594282150268555,85.83759307861328,8.010000228881836,7.300000190734863,0.7150000333786011,15.790002822875977,34.95000076293945,36.15999984741211,36.13788604736328,35.290733337402344,0.06400032341480255,0.06381327658891678,40.65339660644531,0.07440418750047684,0.00024724999093450606,0,0.000015499999790336005,0,-1.2099990844726562,0.022113800048828125
41,6,0,1,Day,,80.58118438720703,9.418814659118652,101.1005630493164,170.7899932861328,147.6515350341797,141.38999938964844,0.8645209670066833,17.670007705688477,6.340000152587891,=NA(),=NA(),5.906283855438232,1.4163999557495117,0.34380000829696655,0.08399999886751175,=NA(),20,1013.25,14.311635971069336,66.55479431152344,281.6050109863281,271.1600036621094,10.444999694824219,29.2131290435791,1555.0999755859375,1529.97998046875,1532.1048583984375,38.9692268371582,2.4572362899780273,2.4454336166381836,45.11827850341797,2.593169927597046,0.008877875283360481,0,0.00022600000374950469,0,25.1199951171875,-2.1248779296875
41,7,0,1,Day,,68.46318054199219,21.536821365356445,92.85395050048828,397.8999938964844,276.0965270996094,331.79998779296875,0.6938841938972473,19.7499942779541,5.730100154876709,=NA(),=NA(),2.708383083343506,1.4163999557495117,0.34380000829696655,0.08399999886751175,=NA(),20,1013.25,41.750675201416016,26.81025505065918,702.6749877929688,670.7850341796875,31.88500213623047,48.571250915527344,4112.259765625,3793.880126953125,3800.030029296875,37.13238525390625,6.396206855773926,6.303470611572266,44.32504653930664,6.766569137573242,0.022809874266386032,0,0.0007451875135302544,0,318.379638671875,-6.14990234375
41,8,0,1,Day,,56.22341537475586,33.77658462524414,84.01783752441406,615.5,329.63299560546875,514.1900024414062,0.5355532169342041,21.649988174438477,4.539899826049805,=NA(),=NA(),1.7952216863632202,1.4163999557495117,0.34380000829696655,0.08399999886751175,=NA(),20,1013.25,56.07868576049805,4.969644546508789,938.780029296875,880.239990234375,58.54499816894531,60.22936248779297,5694.259765625,5046.419921875,5052.41748046875,35.66105270385742,8.855146408081055,8.740354537963867,43.45134353637695,9.385663986206055,0.031346000730991364,0,0.0012368749594315886,0,647.83984375,-5.99755859375
41,9,0,1,Day,,44.20613098144531,45.79386901855469,73.34434509277344,804.9000244140625,323.11456298828125,672.0999755859375,0.40143439173698425,23.58001136779785,3.039900064468384,=NA(),=NA(),1.3938276767730713,1.4163999557495117,0.34380000829696655,0.08399999886751175,=NA(),20,1013.25,42.979835510253906,11.527767181396484,1067.159912109375,1011.2249755859375,55.92500305175781,67.67562103271484,6482,5592.330078125,5599.09130859375,34.662254333496094,10.095830917358398,10.035429000854492,42.758052825927734,10.72264289855957,0.03593956306576729,0,0.0011913749622181058,0,889.669921875,-6.76123046875
41,10,0,1,Day,,33.00054931640625,56.99945068359375,58.370750427246094,942.989990234375,282.6332702636719,787.3900146484375,0.29972031712532043,24.83001136779785,1.4700000286102295,=NA(),=NA(),1.191849946975708,1.4163999557495117,0.34380000829696655,0.08399999886751175,=NA(),20,1013.25,28.940650939941406,16.596162796020508,1115.6199951171875,1053.8900146484375,61.730003356933594,71.08126068115234,6767.93017578125,5765.77978515625,5771.50537109375,34.21023178100586,10.544182777404785,10.52140998840332,42.411197662353516,11.20428466796875,0.037447623908519745,0,0.0013444999931380153,0,1002.150390625,-5.7255859375
41,11,0,1,Day,,24.063474655151367,65.9365234375,33.9759407043457,1014.4000244140625,240.64389038085938,847.4000244140625,0.23722779750823975,26.219995498657227,0.36000001430511475,=NA(),=NA(),1.0948936939239502,1.4163999557495117,0.34380000829696655,0.08399999886751175,=NA(),20,1013.25,14.01229190826416,19.76325798034668,1116.675048828125,1043.0050048828125,73.66499328613281,72.67125701904297,6739.10009765625,5706.52978515625,5711.87890625,34.00519943237305,10.498170852661133,10.482297897338867,42.19855880737305,11.161441802978516,0.03702849894762039,0,0.0015959375305101275,0,1032.5703125,-5.34912109375
41,12,0,1,Day,,20.76812744140625,69.23187255859375,356.1887512207031,1023.9000244140625,225.19393920898438,854.2100219726562,0.21993742883205414,27.240015029907227,0.7998999953269958,=NA(),=NA(),1.0692654848098755,1.4163999557495117,0.34380000829696655,0.08399999886751175,=NA(),20,1013.25,-1.4439555406570435,20.720081329345703,1100.659912109375,1024.18505859375,76.4749984741211,73.04625701904297,6644.8798828125,5618.33984375,5623.53173828125,33.959835052490234,10.349602699279785,10.329911231994629,42.12105178833008,10.999663352966309,0.036389563232660294,0,0.0016871874686330557,0,1026.5400390625,-5.19189453125
41,13,0,1,Day,,25.452970504760742,64.54702758789062,320.4890441894531,976.9099731445312,243.72402954101562,812,0.24948464334011078,28.100000381469727,1.309999942779541,=NA(),=NA(),1.1071840524673462,1.4163999557495117,0.34380000829696655,0.08399999886751175,=NA(),20,1013.25,-16.84754180908203,19.364025115966797,1085.949951171875,1016.4949951171875,69.45500183105469,73.28313446044922,6557.0400390625,5538.7197265625,5543.4716796875,33.93337631225586,10.210213661193848,10.193375587463379,42.06282043457031,10.859251976013184,0.03605281189084053,0,0.0015136250294744968,0,1018.3203125,-4.751953125
41,14,0,1,Day,,35.01363754272461,54.98636245727539,298.406494140625,882.6900024414062,282.76934814453125,732.489990234375,0.3203495442867279,28.30999183654785,1.6299999952316284,=NA(),=NA(),1.2203781604766846,1.4163999557495117,0.34380000829696655,0.08399999886751175,=NA(),20,1013.25,-31.641822814941406,15.840296745300293,1063.215087890625,1006.1300048828125,57.084999084472656,72.37374114990234,6463.93994140625,5478.7197265625,5485.92626953125,34.039390563964844,10.072750091552734,10.04753303527832,42.14992904663086,10.71953010559082,0.035778939723968506,0,0.0012471874943003058,0,985.22021484375,-7.20654296875
41,15,0,1,Day,,46.451114654541016,43.548885345458984,284.54071044921875,701.0999755859375,318.2375183105469,555.7000122070312,0.45391175150871277,28.4999942779541,1.7799999713897705,=NA(),=NA(),1.450006127357483,1.4163999557495117,0.34380000829696655,0.08399999886751175,=NA(),20,1013.25,-45.519081115722656,10.484563827514648,948.2750244140625,895.760009765625,52.51499938964844,67.74813079833984,5719.18017578125,4930.06005859375,4936.23388671875,34.66051483154297,8.901095390319824,8.824249267578125,42.49277877807617,9.457453727722168,0.03162181377410889,0,0.0011041250545531511,0,789.1201171875,-6.173828125
41,16,0,1,Day,,58.55382537841797,31.44617462158203,274.35748291015625,475.20001220703125,309.8741149902344,316.8999938964844,0.6520919799804688,28.339990615844727,1.7100000381469727,=NA(),=NA(),1.9123748540878296,1.4163999557495117,0.34380000829696655,0.08399999886751175,=NA(),20,1013.25,-58.479957580566406,3.7165379524230957,712.375,653.9849853515625,58.38500213623047,57.64311981201172,4296.27001953125,3838.14013671875,3843.004638671875,35.940399169921875,6.6831583976745605,6.550938129425049,43.23015213012695,7.085587024688721,0.02341349981725216,0,0.0011846249690279365,0,458.1298828125,-4.864501953125
41,17,0,1,Day,,70.81037139892578,19.189624786376953,265.7190856933594,240.3000030517578,209.63467407226562,93.29399871826172,0.8723872900009155,28.170007705688477,1.309999942779541,=NA(),=NA(),3.0195367336273193,1.4163999557495117,0.34380000829696655,0.08399999886751175,=NA(),20,1013.25,-33.99882507324219,36.952205657958984,365.3399963378906,342.7149963378906,22.619998931884766,43.15123748779297,2124.260009765625,1992.300048828125,1995.031982421875,37.36509704589844,3.3370795249938965,3.276193618774414,43.80851745605469,3.5314109325408936,0.011834249831736088,0,0.0004873750149272382,0,131.9599609375,-2.73193359375
41,18,0,1,Day,,82.88479614257812,7.115206241607666,257.5008239746094,30.90399932861328,30.841522216796875,0.5044000148773193,0.9979783296585083,28.170007705688477,1.3300000429153442,=NA(),=NA(),7.61884880065918,1.4163999557495117,0.34380000829696655,0.08399999886751175,=NA(),20,1013.25,-10.673070907592773,72.47362518310547,33.849998474121094,30.720001220703125,3.130000114440918,29.59124183654785,169.97000122070312,166.55999755859375,166.6267547607422,35.74406051635742,0.29135292768478394,0.28883668780326843,41.24213409423828,0.3150860667228699,0.0010379999876022339,0,0.00006737500370945781,0,3.410003662109375,-0.0667572021484375
41,19,0,1,Night,Sun below height limit of 1 degrees.,89.32084655761719,0.6791549324989319,252.71681213378906,0,0,0,0,22.30999183654785,1.309999942779541,=NA(),0,29.393980026245117,1.4163999557495117,0.34380000829696655,0.08399999886751175,=NA(),20,1013.25,0,0,0,0,0,22.30999183654785,0,0,0,0,0,0,0,0,0,0,0,0,0,0
41,20,0,1,Night,,105.86882781982422,-15.868830680847168,239.3225555419922,0,0,0,0,19.589990615844727,1.2898999452590942,=NA(),0,64.81599426269531,1.4163999557495117,0.34380000829696655,0.08399999886751175,=NA(),20,1013.25,0,0,0,0,0,19.589990615844727,0,0,0,0,0,0,0,0,0,0,0,0,0,0
41,21,0,1,Night,,115.75065612792969,-25.75065803527832,227.91551208496094,0,0,0,0,18.9999942779541,1.4300999641418457,=NA(),0,64.81599426269531,1.4163999557495117,0.34380000829696655,0.08399999886751175,=NA(),20,1013.25,0,0,0,0,0,18.9999942779541,0,0,0,0,0,0,0,0,0,0,0,0,0,0
41,22,0,1,Night,,123.81724548339844,-33.81724166870117,213.9571533203125,0,0,0,0,18.4999942779541,1.7698999643325806,=NA(),0,64.81599426269531,1.4163999557495117,0.34380000829696655,0.08399999886751175,=NA(),20,1013.25,0,0,0,0,0,18.4999942779541,0,0,0,0,0,0,0,0,0,0,0,0,0,0
41,23,0,1,Night,,129.1427764892578,-39.142784118652344,197.09921264648438,0,0,0,0,18.33001136779785,2.23009991645813,=NA(),0,64.81599426269531,1.4163999557495117,0.34380000829696655,0.08399999886751175,=NA(),20,1013.25,0,0,0,0,0,18.33001136779785,0,0,0,0,0,0,0,0,0,0,0,0,0,0
42,0,0,1,Night,,130.80287170410156,-40.80287551879883,178.2165069580078,0,0,0,0,17.649988174438477,2.6600000858306885,=NA(),0,64.81599426269531,1.4163999557495117,0.34380000829696655,0.08399999886751175,=NA(),20,1013.25,0,0,0,0,0,17.649988174438477,0,0,0,0,0,0,0,0,0,0,0,0,0,0
42,1,0,1,Night,,128.4358367919922,-38.43584442138672,159.55751037597656,0,0,0,0,16.420007705688477,2.9200000762939453,=NA(),0,64.81599426269531,1.4163999557495117,0.34380000829696655,0.08399999886751175,=NA(),20,1013.25,0,0,0,0,0,16.420007705688477,0,0,0,0,0,0,0,0,0,0,0,0,0,0
42,2,0,1,Night,,122.54586029052734,-32.54585647583008,143.19659423828125,0,0,0,0,16.730005264282227,3.029900074005127,=NA(),0,64.81599426269531,1.4163999557495117,0.34380000829696655,0.08399999886751175,=NA(),20,1013.25,0,0,0,0,0,16.730005264282227,0,0,0,0,0,0,0,0,0,0,0,0,0,0
42,3,0,1,Night,,114.0931396484375,-24.093141555786133,129.734375,0,0,0,0,17.230005264282227,3.2600998878479004,=NA(),0,64.81599426269531,1.4163999557495117,0.34380000829696655,0.08399999886751175,=NA(),20,1013.25,0,0,0,0,0,17.230005264282227,0,0,0,0,0,0,0,0,0,0,0,0,0,0
42,4,0,1,Night,,103.96919250488281,-13.96919059753418,118.69514465332031,0,0,0,0,16.70000648498535,3.8901000022888184,=NA(),0,64.81599426269531,1.4163999557495117,0.34380000829696655,0.08399999886751175,=NA(),20,1013.25,0,0,0,0,0,16.70000648498535,0,0,0,0,0,0,0,0,0,0,0,0,0,0
42,5,0,1,Day,,88.37896728515625,1.6210289001464844,106.33980560302734,6.700399875640869,6.700343132019043,0.0020000000949949026,0.9999915361404419,17.1299991607666,5.029900074005127,=NA(),=NA(),21.649660110473633,1.4163999557495117,0.34380000829696655,0.08399999886751175,=NA(),20,1013.25,2.420609712600708,86.0562973022461,7.350000381469727,6.694999694824219,0.6549999713897705,17.446252822875977,31.639999389648438,32.52000045776367,32.50303268432617,34.84349060058594,0.05830184370279312,0.058102335780858994,40.23018264770508,0.06830397993326187,0.00022674999490845948,0,0.000014000000192027073,0,-0.8800010681152344,0.0169677734375
42,6,0,1,Day,,80.76476287841797,9.235234260559082,100.82791137695312,163,141.70321655273438,132.6999969482422,0.8693448901176453,18.7600040435791,5.189899921417236,=NA(),=NA(),6.014585494995117,1.4163999557495117,0.34380000829696655,0.08399999886751175,=NA(),20,1013.25,13.995505332946777,67.03399658203125,266.635009765625,256.5299987792969,10.104999542236328,29.719385147094727,1456.3900146484375,1430.260009765625,1432.3043212890625,38.82025909423828,2.3059871196746826,2.2949817180633545,44.93638610839844,2.434525489807129,0.008325562812387943,0,0.00021893750817980617,0,26.1300048828125,-2.0443115234375
42,7,0,1,Day,,68.64087677001953,21.359127044677734,92.55953979492188,387.2900085449219,270.4906921386719,320.69000244140625,0.6984189748764038,21.850000381469727,5.730100154876709,=NA(),=NA(),2.729543447494507,1.4163999557495117,0.34380000829696655,0.08399999886751175,=NA(),20,1013.25,41.0276985168457,27.68846893310547,681.0350341796875,650.1500244140625,30.884998321533203,49.805015563964844,3988.14990234375,3663.0400390625,3669.0830078125,36.950321197509766,6.206221103668213,6.117438793182373,44.10655212402344,6.568660259246826,0.02212856151163578,0,0.0007233750075101852,0,325.10986328125,-6.04296875
42,8,0,1,Day,,56.40319061279297,33.59680938720703,83.6898422241211,604.6900024414062,325.4222106933594,504.69000244140625,0.5381637215614319,23.92998695373535,5.599999904632568,=NA(),=NA(),1.8036439418792725,1.4163999557495117,0.34380000829696655,0.08399999886751175,=NA(),20,1013.25,56.24251937866211,5.25279426574707,923.9449462890625,865.9349975585938,58.01000213623047,61.93749237060547,5605.64013671875,4936.75,4943.32958984375,35.428016662597656,8.72093677520752,8.609455108642578,43.200443267822266,9.252827644348145,0.030850687995553017,0,0.0012226250255480409,0,668.89013671875,-6.57958984375
42,9,0,1,Day,,44.4007453918457,45.5992546081543,72.96817779541016,788.2999877929688,317.82574462890625,658.5,0.4031786620616913,25.67998695373535,4.909999847412109,=NA(),=NA(),1.3984413146972656,1.4163999557495117,0.34380000829696655,0.08399999886751175,=NA(),20,1013.25,43.117244720458984,11.825754165649414,1046.68505859375,991.8250122070312,54.86000061035156,68.95748138427734,6352.169921875,5453.6298828125,5461.30517578125,34.48979949951172,9.896627426147461,9.836678504943848,42.55242156982422,10.519898414611816,0.035211000591516495,0,0.0011674375273287296,0,898.5400390625,-7.67529296875
42,10,0,1,Day,,33.23023223876953,56.76976776123047,57.9443473815918,922.8900146484375,278.05120849609375,770.9000244140625,0.3012831509113312,27.600000381469727,4.440000057220459,=NA(),=NA(),1.1949633359909058,1.4163999557495117,0.34380000829696655,0.08399999886751175,=NA(),20,1013.25,29.041179656982422,16.90882110595703,1092.64501953125,1032.31005859375,60.334999084472656,72.94686126708984,6630.27978515625,5608.08984375,5614.89111328125,33.963645935058594,10.332536697387695,10.311617851257324,42.129520416259766,10.994610786437988,0.03667731210589409,0,0.0013142500538378954,0,1022.18994140625,-6.80126953125
42,11,0,1,Day,,24.35349464416504,65.6465072631836,33.60605239868164,1054,252.20338439941406,880.1099853515625,0.23928214609622955,28.649988174438477,4.319900035858154,=NA(),=NA(),1.0973833799362183,1.4163999557495117,0.34380000829696655,0.08399999886751175,=NA(),20,1013.25,14.064709663391113,20.086814880371094,1160.3800048828125,1083.719970703125,76.66000366210938,77.06188201904297,6997.759765625,5827.2001953125,5833.5849609375,33.41316223144531,10.911837577819824,10.898221015930176,41.71538543701172,11.626193046569824,0.03847125172615051,0,0.0016602500109001994,0,1170.5595703125,-6.384765625
42,12,0,1,Day,,21.09494400024414,68.90505981445312,356.2457580566406,1017.7999877929688,226.17129516601562,848.489990234375,0.22221586108207703,29.80999183654785,4.460100173950195,=NA(),=NA(),1.071596384048462,1.4163999557495117,0.34380000829696655,0.08399999886751175,=NA(),20,1013.25,-1.4469074010849,21.047521591186523,1094.1400146484375,1018.0800170898438,76.06500244140625,75.47374725341797,6606.01025390625,5533.47998046875,5536.875,33.653297424316406,10.282936096191406,10.24976921081543,41.797210693359375,10.934598922729492,0.036173123866319656,0,0.0016775624826550484,0,1072.5302734375,-3.39501953125
42,13,0,1,Day,,25.72873306274414,64.2712631225586,320.8985290527344,962.510009765625,245.95742797851562,795.4099731445312,0.2555375397205353,30.3900089263916,4.559999942779541,=NA(),=NA(),1.109734058380127,1.4163999557495117,0.34380000829696655,0.08399999886751175,=NA(),20,1013.25,-16.905237197875977,19.687089920043945,1070.06005859375,1001.550048828125,68.51000213623047,74.94811248779297,6461.7001953125,5423.009765625,5428.54931640625,33.71125030517578,10.064422607421875,10.049567222595215,41.81849670410156,10.7133150100708,0.035520751029253006,0,0.001492687501013279,0,1038.6904296875,-5.53955078125
42,14,0,1,Day,,35.23240280151367,54.76759719848633,298.8308410644531,888.7100219726562,284.0925598144531,740.2100219726562,0.3196684420108795,31.670007705688477,4.429999828338623,=NA(),=NA(),1.2236524820327759,1.4163999557495117,0.34380000829696655,0.08399999886751175,=NA(),20,1013.25,-31.74614143371582,16.15238380432129,1071.2149658203125,1013.7249755859375,57.48999786376953,76.22374725341797,6513.740234375,5440,5445.07958984375,33.545204162597656,10.145035743713379,10.121740341186523,41.671409606933594,10.7943696975708,0.0360591858625412,0,0.0012556874426081777,0,1073.740234375,-5.07958984375
42,15,0,1,Day,,46.6391487121582,43.3608512878418,284.9108581542969,700.6099853515625,318.1033630371094,557.1099853515625,0.45403772592544556,31.459985733032227,4.170000076293945,=NA(),=NA(),1.4550200700759888,1.4163999557495117,0.34380000829696655,0.08399999886751175,=NA(),20,1013.25,-45.658721923828125,10.782419204711914,949.0650024414062,896.4849853515625,52.59000015258789,70.83187103271484,5717.5498046875,4871.5302734375,4877.77783203125,34.250465393066406,8.900991439819336,8.825638771057129,42.09434127807617,9.468513488769531,0.03161187469959259,0,0.0011046250583603978,0,846.01953125,-6.24755859375
42,16,0,1,Day,,58.7298583984375,31.270139694213867,274.6817932128906,446.989990234375,309.38873291015625,265.0899963378906,0.6921603083610535,31.399988174438477,3.549999952316284,=NA(),=NA(),1.9219775199890137,1.4163999557495117,0.34380000829696655,0.08399999886751175,=NA(),20,1013.25,-58.64483642578125,4.0004658699035645,659.85498046875,601.9600219726562,57.88999938964844,58.586265563964844,3969.60009765625,3532.5,3537.169921875,35.773887634277344,6.179938793182373,6.047612190246582,42.952720642089844,6.556909084320068,0.021576812490820885,0,0.0011691874824464321,0,437.10009765625,-4.669921875
42,17,0,1,Day,,70.98625183105469,19.013748168945312,266.0123596191406,132.19000244140625,130.2710418701172,5.890100002288818,0.9854832887649536,30.529993057250977,2.8798999786376953,=NA(),=NA(),3.0459372997283936,1.4163999557495117,0.34380000829696655,0.08399999886751175,=NA(),20,1013.25,-33.485748291015625,37.61919403076172,153.63999938964844,136.47500610351562,17.165000915527344,36.923728942871094,840.5700073242188,803.5599975585938,803.2706298828125,37.168006896972656,1.3506525754928589,1.3074758052825928,42.984344482421875,1.4362837076187134,0.004672124981880188,0,0.00035881251096725464,0,37.010009765625,0.28936767578125
42,18,0,1,Day,,83.06694030761719,6.933058261871338,257.7743835449219,14.298999786376953,14.287254333496094,0.09730000048875809,0.9991785883903503,28.110010147094727,3.170099973678589,=NA(),=NA(),7.796074390411377,1.4163999557495117,0.34380000829696655,0.08399999886751175,=NA(),20,1013.25,-10.37615966796875,72.9339599609375,15.579999923706055,14.130000114440918,1.4549999237060547,28.774988174438477,73.52000427246094,72.25,72.2468032836914,34.48596954345703,0.13093462586402893,0.12980864942073822,39.923336029052734,0.14525923132896423,0.0004785624914802611,0,0.00003099999958067201,0,1.2700042724609375,0.00319671630859375
42,19,0,1,Night,Sun below height limit of 1 degrees.,89.40972900390625,0.5902714133262634,253.05178833007812,0,0,0,0,24.3799991607666,3.4298999309539795,=NA(),0,30.344100952148438,1.4163999557495117,0.34380000829696655,0.08399999886751175,=NA(),20,1013.25,0,0,0,0,0,24.3799991607666,0,0,0,0,0,0,0,0,0,0,0,0,0,0
42,20,0,1,Night,,106.09272003173828,-16.09272003173828,239.57186889648438,0,0,0,0,22.230005264282227,3.799999952316284,=NA(),0,64.81599426269531,1.4163999557495117,0.34380000829696655,0.08399999886751175,=NA(),20,1013.25,0,0,0,0,0,22.230005264282227,0,0,0,0,0,0,0,0,0,0,0,0,0,0
42,21,0,1,Night,,116.00547790527344,-26.005477905273438,228.14569091796875,0,0,0,0,22.399988174438477,4.28000020980835,=NA(),0,64.81599426269531,1.4163999557495117,0.34380000829696655,0.08399999886751175,=NA(),20,1013.25,0,0,0,0,0,22.399988174438477,0,0,0,0,0,0,0,0,0,0,0,0,0,0
42,22,0,1,Night,,124.10626983642578,-34.10627365112305,214.14547729492188,0,0,0,0,23.360010147094727,5.039999961853027,=NA(),0,64.81599426269531,1.4163999557495117,0.34380000829696655,0.08399999886751175,=NA(),20,1013.25,0,0,0,0,0,23.360010147094727,0,0,0,0,0,0,0,0,0,0,0,0,0,0
42,23,0,1,Night,,129.46104431152344,-39.46104431152344,197.2059783935547,0,0,0,0,22.399988174438477,5.650100231170654,=NA(),0,64.81599426269531,1.4163999557495117,0.34380000829696655,0.08399999886751175,=NA(),20,1013.25,0,0,0,0,0,22.399988174438477,0,0,0,0,0,0,0,0,0,0,0,0,0,0
43,0,0,1,Night,,131.13169860839844,-41.13170623779297,178.20578002929688,0,0,0,0,22.4999942779541,6.29010009765625,=NA(),0,64.81599426269531,1.4163999557495117,0.34380000829696655,0.08399999886751175,=NA(),20,1013.25,0,0,0,0,0,22.4999942779541,0,0,0,0,0,0,0,0,0,0,0,0,0,0
43,1,0,1,Night,,128.75022888183594,-38.75022888183594,159.43348693847656,0,0,0,0,22.55999183654785,6.830100059509277,=NA(),0,64.81599426269531,1.4163999557495117,0.34380000829696655,0.08399999886751175,=NA(),20,1013.25,0,0,0,0,0,22.55999183654785,0,0,0,0,0,0,0,0,0,0,0,0,0,0
43,2,0,1,Night,,122.82965087890625,-32.829654693603516,142.99851989746094,0,0,0,0,21.899988174438477,7.269999980926514,=NA(),0,64.81599426269531,1.4163999557495117,0.34380000829696655,0.08399999886751175,=NA(),20,1013.25,0,0,0,0,0,21.899988174438477,0,0,0,0,0,0,0,0,0,0,0,0,0,0
43,3,0,1,Night,,114.34309387207031,-24.343093872070312,129.49952697753906,0,0,0,0,21.899988174438477,7.240099906921387,=NA(),0,64.81599426269531,1.4163999557495117,0.34380000829696655,0.08399999886751175,=NA(),20,1013.25,0,0,0,0,0,21.899988174438477,0,0,0,0,0,0,0,0,0,0,0,0,0,0
43,4,0,1,Night,,104.18896484375,-14.188961029052734,118.4431381225586,0,0,0,0,22.540002822875977,6.429999828338623,=NA(),0,64.81599426269531,1.4163999557495117,0.34380000829696655,0.08399999886751175,=NA(),20,1013.25,0,0,0,0,0,22.540002822875977,0,0,0,0,0,0,0,0,0,0,0,0,0,0
43,5,0,1,Night,Sun above horizon but GHI below 1,88.46597290039062,1.5340299606323242,105.99610137939453,0,0,0,0,22.2700138092041,5.070000171661377,=NA(),0,22.217954635620117,1.4163999557495117,0.34380000829696655,0.08399999886751175,=NA(),20,1013.25,0,0,0,0,0,22.2700138092041,0,0,0,0,0,0,0,0,0,0,0,0,0,0
43,6,0,1,Day,,80.94889831542969,9.051104545593262,100.55052947998047,10.510000228881836,10.507939338684082,0.013100000098347664,0.999803900718689,22.17998695373535,3.799999952316284,=NA(),=NA(),6.127199649810791,1.4163999557495117,0.34380000829696655,0.08399999886751175,=NA(),20,1013.25,13.680807113647461,67.51316833496094,11.380000114440918,10.280000686645508,1.0999999046325684,22.665002822875977,52,52.40999984741211,52.38301086425781,34.86946105957031,0.09389085322618484,0.09270421415567398,40.262176513671875,0.10600467026233673,0.0003499375015962869,0,0.00002300000051036477,0,-0.4099998474121094,0.026988983154296875
43,7,0,1,Day,,68.81841278076172,21.18158721923828,92.26053619384766,68.39099884033203,68.10421752929688,0.7936999797821045,0.9958067536354065,22.800012588500977,3.2899999618530273,=NA(),=NA(),2.7510411739349365,1.4163999557495117,0.34380000829696655,0.08399999886751175,=NA(),20,1013.25,40.3327522277832,28.54202651977539,68.7449951171875,57.36499786376953,11.380000114440918,25.693750381469727,350.3599853515625,348.75,347.04364013671875,37.706748962402344,0.5750570893287659,0.5462238788604736,43.040645599365234,0.6205496191978455,0.0019353749230504036,0,0.0002487500023562461,0,1.6099853515625,1.70635986328125
43,8,0,1,Day,,56.58319091796875,33.41680908203125,83.35729217529297,117.79000091552734,116.91401672363281,1.5906000137329102,0.9925631880760193,24.100000381469727,3.6698999404907227,=NA(),=NA(),1.8121740818023682,1.4163999557495117,0.34380000829696655,0.08399999886751175,=NA(),20,1013.25,56.40555191040039,5.5407938957214355,114.85499572753906,87.70500183105469,27.145000457763672,28.967493057250977,589.3900146484375,579.72998046875,572.572021484375,38.20925521850586,0.9361475110054016,0.8614825010299683,43.465660095214844,1.0145691633224487,0.0030314999166876078,0,0.0005506250308826566,0,9.6600341796875,7.157958984375
43,9,0,1,Day,,44.59617233276367,45.40382766723633,72.58757019042969,62.198001861572266,61.91694641113281,0.39469999074935913,0.9954812526702881,23.30999183654785,4.889999866485596,=NA(),=NA(),1.4031212329864502,1.4163999557495117,0.34380000829696655,0.08399999886751175,=NA(),20,1013.25,43.25343704223633,12.128419876098633,61.77000045776367,50.65999984741211,11.109999656677246,25.9218692779541,312.17999267578125,310.45001220703125,308.43585205078125,37.5206413269043,0.5135998129844666,0.4828474521636963,42.811946868896484,0.5558626651763916,0.0017360624624416232,0,0.0002220625028712675,0,1.72998046875,2.01416015625
43,10,0,1,Day,,33.46162033081055,56.53837966918945,57.514225006103516,148.30999755859375,146.8882598876953,1.704200029373169,0.9904137253761292,23.100000381469727,5.710000038146973,=NA(),=NA(),1.1981358528137207,1.4163999557495117,0.34380000829696655,0.08399999886751175,=NA(),20,1013.25,29.139867782592773,17.225902557373047,154.83499145507812,135.72000122070312,19.104999542236328,29.518762588500977,842.5900268554688,827.52001953125,826.100830078125,38.314640045166016,1.3474451303482056,1.3066365718841553,44.011905670166016,1.4339598417282104,0.004656687378883362,0,0.0003861250006593764,0,15.07000732421875,1.419189453125
43,11,0,1,Day,,24.646223068237305,65.35377502441406,33.23350524902344,647.489990234375,435.2618408203125,233.5,0.6722294688224792,23.7700138092041,5.829899787902832,=NA(),=NA(),1.0999362468719482,1.4163999557495117,0.34380000829696655,0.08399999886751175,=NA(),20,1013.25,14.114570617675781,20.41448402404785,708.4299926757812,653.8699951171875,54.55999755859375,52.94188690185547,4200.18017578125,3816.0400390625,3820.253173828125,36.57086181640625,6.528862953186035,6.493465423583984,43.797733306884766,6.907684803009033,0.02288687415421009,0,0.001166249974630773,0,384.14013671875,-4.213134765625
43,12,0,1,Day,,21.425643920898438,68.57435607910156,356.29327392578125,452.1099853515625,413.0962829589844,41.90999984741211,0.9137074947357178,24.57000160217285,5.300000190734863,=NA(),=NA(),1.0740008354187012,1.4163999557495117,0.34380000829696655,0.08399999886751175,=NA(),20,1013.25,-1.4532411098480225,21.378616333007812,492.1199951171875,452.08001708984375,40.029998779296875,44.824363708496094,2858.60986328125,2668.550048828125,2670.842529296875,37.43691635131836,4.458905220031738,4.451093673706055,44.13410568237305,4.713016033172607,0.01558700017631054,0,0.0008815000182949007,0,190.059814453125,-2.29248046875
43,13,0,1,Day,,26.01028823852539,63.98971176147461,321.2985534667969,183.61000061035156,181.3573760986328,2.506500005722046,0.9877314567565918,23.600000381469727,4.809999942779541,=NA(),=NA(),1.11237633228302,1.4163999557495117,0.34380000829696655,0.08399999886751175,=NA(),20,1013.25,-16.966941833496094,20.013233184814453,197.75,178.2449951171875,19.510000228881836,31.755640029907227,1098.5799560546875,1070.7900390625,1070.6837158203125,38.25249481201172,1.7493585348129272,1.7252929210662842,44.167999267578125,1.8533250093460083,0.006101937498897314,0,0.0004056250036228448,0,27.7899169921875,0.1063232421875
43,14,0,1,Day,,35.45707321166992,54.54292678833008,299.2518310546875,159.3000030517578,157.6658477783203,2.006200075149536,0.9897416234016418,23.300012588500977,4.319900035858154,=NA(),=NA(),1.227052092552185,1.4163999557495117,0.34380000829696655,0.08399999886751175,=NA(),20,1013.25,-31.85468292236328,16.466936111450195,165.29000854492188,143.760009765625,21.53499984741211,30.163110733032227,899.2900390625,881.25,879.6618041992188,38.312095642089844,1.4348784685134888,1.3852155208587646,44.035911560058594,1.5258619785308838,0.004934125114232302,0,0.00043399998685345054,0,18.0400390625,1.58819580078125
43,15,0,1,Day,,46.832489013671875,43.167510986328125,285.2805480957031,151.7100067138672,150.20286560058594,2.203000068664551,0.9900656342506409,23.1299991607666,3.640000104904175,=NA(),=NA(),1.4602278470993042,1.4163999557495117,0.34380000829696655,0.08399999886751175,=NA(),20,1013.25,-45.80250930786133,11.08229923248291,152.635009765625,124.85499572753906,27.775001525878906,29.531885147094727,808.3900146484375,793.780029296875,788.7263793945312,38.443180084228516,1.2818944454193115,1.2075679302215576,43.93571853637695,1.3745108842849731,0.004292687401175499,0,0.0005536249955184758,0,14.6099853515625,5.05364990234375
43,16,0,1,Day,,58.910545349121094,31.089454650878906,275.0066833496094,190.2100067138672,187.10690307617188,6.009399890899658,0.9836859107017517,24.800012588500977,2.54010009765625,=NA(),=NA(),1.9319533109664917,1.4163999557495117,0.34380000829696655,0.08399999886751175,=NA(),20,1013.25,-58.813602447509766,4.2860846519470215,198.84500122070312,155.52999877929688,43.31500244140625,33.149375915527344,1066.25,1033.9300537109375,1025.5908203125,38.371910095214844,1.6699059009552002,1.558042287826538,43.91993713378906,1.7927895784378052,0.005464312620460987,0,0.000859249965287745,0,32.3199462890625,8.3392333984375
43,17,0,1,Day,,71.1658706665039,18.834125518798828,266.306640625,121.5999984741211,120.27545928955078,4.10290002822876,0.9891074299812317,23.909997940063477,1.7000000476837158,=NA(),=NA(),3.0734050273895264,1.4163999557495117,0.34380000829696655,0.08399999886751175,=NA(),20,1013.25,-32.97404479980469,38.290855407714844,138.94000244140625,123.05999755859375,15.880000114440918,29.66936683654785,755.97998046875,741.9400024414062,741.1954956054688,38.10396957397461,1.2156481742858887,1.1768890619277954,43.80329132080078,1.2925176620483398,0.00421475013718009,0,0.00032950000604614615,0,14.03997802734375,0.7445068359375
43,18,0,1,Day,,83.25163269042969,6.7483649253845215,258.0491638183594,11.291000366210938,11.291000366210938,0,1,22.850000381469727,1.7100000381469727,=NA(),=NA(),7.984055519104004,1.4163999557495117,0.34380000829696655,0.08399999886751175,=NA(),20,1013.25,-10.077187538146973,73.39974212646484,12.295000076293945,11.154999732971191,1.1449999809265137,23.3749942779541,56.59000015258789,56.86000061035156,56.84746170043945,34.89837646484375,0.10180854052305222,0.10093110054731369,40.2972526550293,0.11437918990850449,0.000377874996047467,0,0.000024500001018168405,0,-0.2700004577636719,0.012538909912109375
43,19,0,1,Night,Sun below height limit of 1 degrees.,89.48417663574219,0.5158229470252991,253.3977508544922,0,0,0,0,22.100000381469727,2.089900016784668,=NA(),0,31.175661087036133,1.4163999557495117,0.34380000829696655,0.08399999886751175,=NA(),20,1013.25,0,0,0,0,0,22.100000381469727,0,0,0,0,0,0,0,0,0,0,0,0,0,0
43,20,0,1,Night,,106.32184600830078,-16.32184600830078,239.8223876953125,0,0,0,0,21.279993057250977,2.5899999141693115,=NA(),0,64.81599426269531,1.4163999557495117,0.34380000829696655,0.08399999886751175,=NA(),20,1013.25,0,0,0,0,0,21.279993057250977,0,0,0,0,0,0,0,0,0,0,0,0,0,0
43,21,0,1,Night,,116.26539611816406,-26.265396118164062,228.37689208984375,0,0,0,0,20.839990615844727,2.6700000762939453,=NA(),0,64.81599426269531,1.4163999557495117,0.34380000829696655,0.08399999886751175,=NA(),20,1013.25,0,0,0,0,0,20.839990615844727,0,0,0,0,0,0,0,0,0,0,0,0,0,0
43,22,0,1,Night,,124.40044403076172,-34.40044403076172,214.33401489257812,0,0,0,0,20.800012588500977,2.0199999809265137,=NA(),0,64.81599426269531,1.4163999557495117,0.34380000829696655,0.08399999886751175,=NA(),20,1013.25,0,0,0,0,0,20.800012588500977,0,0,0,0,0,0,0,0,0,0,0,0,0,0
43,23,0,1,Night,,129.78408813476562,-39.78408432006836,197.31106567382812,0,0,0,0,20.339990615844727,1.4600000381469727,=NA(),0,64.81599426269531,1.4163999557495117,0.34380000829696655,0.08399999886751175,=NA(),20,1013.25,0,0,0,0,0,20.339990615844727,0,0,0,0,0,0,0,0,0,0,0,0,0,0
44,0,0,1,Night,,131.4647674560547,-41.464759826660156,178.19070434570312,0,0,0,0,19.600000381469727,1.3598999977111816,=NA(),0,64.81599426269531,1.4163999557495117,0.34380000829696655,0.08399999886751175,=NA(),20,1013.25,0,0,0,0,0,19.600000381469727,0,0,0,0,0,0,0,0,0,0,0,0,0,0
44,1,0,1,Night,,129.0678253173828,-39.06782150268555,159.30311584472656,0,0,0,0,19.67998695373535,1.4499000310897827,=NA(),0,64.81599426269531,1.4163999557495117,0.34380000829696655,0.08399999886751175,=NA(),20,1013.25,0,0,0,0,0,19.67998695373535,0,0,0,0,0,0,0,0,0,0,0,0,0,0
44,2,0,1,Night,,123.11553955078125,-33.11553955078125,142.79368591308594,0,0,0,0,18.839990615844727,1.5499999523162842,=NA(),0,64.81599426269531,1.4163999557495117,0.34380000829696655,0.08399999886751175,=NA(),20,1013.25,0,0,0,0,0,18.839990615844727,0,0,0,0,0,0,0,0,0,0,0,0,0,0
44,3,0,1,Night,,114.59465026855469,-24.594648361206055,129.25845336914062,0,0,0,0,17.5100040435791,1.7000000476837158,=NA(),0,64.81599426269531,1.4163999557495117,0.34380000829696655,0.08399999886751175,=NA(),20,1013.25,0,0,0,0,0,17.5100040435791,0,0,0,0,0,0,0,0,0,0,0,0,0,0
44,4,0,1,Night,,104.41092681884766,-14.410926818847656,118.18563079833984,0,0,0,0,17.790002822875977,1.8301000595092773,=NA(),0,64.81599426269531,1.4163999557495117,0.34380000829696655,0.08399999886751175,=NA(),20,1013.25,0,0,0,0,0,17.790002822875977,0,0,0,0,0,0,0,0,0,0,0,0,0,0
44,5,0,1,Day,,88.54913330078125,1.4508678913116455,105.654541015625,6.309700012207031,6.309439182281494,0.010300000198185444,0.9999586343765259,16.8900089263916,2.2399001121520996,=NA(),=NA(),22.78482437133789,1.4163999557495117,0.34380000829696655,0.08399999886751175,=NA(),20,1013.25,2.1585693359375,86.47074127197266,6.925000190734863,6.309999942779541,0.6150000095367432,17.18999671936035,29.489999771118164,30.369998931884766,30.33241844177246,34.77055740356445,0.05452246591448784,0.05427083373069763,40.15336990356445,0.06433922052383423,0.0002136249968316406,0,0.000013500000022759195,0,-0.8799991607666016,0.03758049011230469
44,6,0,1,Day,,81.13011932373047,8.869878768920898,100.26851654052734,167.89999389648438,146.2824249267578,140.1999969482422,0.8712473511695862,17.68999671936035,2.6900999546051025,=NA(),=NA(),6.242151737213135,1.4163999557495117,0.34380000829696655,0.08399999886751175,=NA(),20,1013.25,13.373100280761719,67.98341369628906,278.4849853515625,268.42999267578125,10.055000305175781,29.1724796295166,1493.469970703125,1469.52001953125,1471.72265625,38.92272186279297,2.363212823867798,2.3530185222625732,45.0543098449707,2.494277238845825,0.008536750450730324,0,0.00021881249267607927,0,23.949951171875,-2.20263671875
44,7,0,1,Day,,68.99520874023438,21.00478744506836,91.95709228515625,390.5,273.6107482910156,326.1000061035156,0.7006677389144897,18.800012588500977,3.619999885559082,=NA(),=NA(),2.7728121280670166,1.4163999557495117,0.34380000829696655,0.08399999886751175,=NA(),20,1013.25,39.66545867919922,29.370386123657227,688.9150390625,658.9000244140625,30.014999389648438,46.993736267089844,4053.179931640625,3759.8701171875,3766.029052734375,37.33856964111328,6.303959369659424,6.217306137084961,44.50279235839844,6.665985107421875,0.022512124851346016,0,0.000708000035956502,0,293.309814453125,-6.158935546875
44,8,0,1,Day,,56.763187408447266,33.236812591552734,83.02035522460938,612.9000244140625,332.3875427246094,511.7900085449219,0.5423193573951721,19.610010147094727,4.319900035858154,=NA(),=NA(),1.8208023309707642,1.4163999557495117,0.34380000829696655,0.08399999886751175,=NA(),20,1013.25,56.56752395629883,5.833506107330322,941.3050537109375,881.864990234375,59.44499969482422,58.21562957763672,5713.75,5100.77001953125,5107.9638671875,35.92081832885742,8.887754440307617,8.772993087768555,43.717140197753906,9.419995307922363,0.03144681081175804,0,0.0012478125281631947,0,612.97998046875,-7.19384765625
44,9,0,1,Day,,44.79271697998047,45.20728302001953,72.20270538330078,770,314.7600402832031,641.489990234375,0.4087792634963989,22.490015029907227,4.739999771118164,=NA(),=NA(),1.4078762531280518,1.4163999557495117,0.34380000829696655,0.08399999886751175,=NA(),20,1013.25,43.38869857788086,12.43571949005127,1024.574951171875,970.5750122070312,54.005001068115234,64.7400131225586,6218.26025390625,5422.6298828125,5429.1591796875,35.056488037109375,9.679338455200195,9.614895820617676,43.04960250854492,10.266448974609375,0.03445593640208244,0,0.0011478124652057886,0,795.63037109375,-6.529296875
44,10,0,1,Day,,33.69515609741211,56.30484390258789,57.08062744140625,938.2100219726562,286.4121398925781,783.4099731445312,0.3052750825881958,24.219995498657227,5.080100059509277,=NA(),=NA(),1.201374888420105,1.4163999557495117,0.34380000829696655,0.08399999886751175,=NA(),20,1013.25,29.23712730407715,17.547513961791992,1111.4150390625,1049.7900390625,61.630001068115234,70.2406234741211,6743.93017578125,5763.5,5770.779296875,34.31315994262695,10.511232376098633,10.488863945007324,42.51133346557617,11.173162460327148,0.03731168806552887,0,0.001340624992735684,0,980.43017578125,-7.279296875
44,11,0,1,Day,,24.94193458557129,65.05806732177734,32.85862731933594,1025.800048828125,249.18099975585938,856.5,0.24291381239891052,25.399988174438477,5.380000114440918,=NA(),=NA(),1.102556586265564,1.4163999557495117,0.34380000829696655,0.08399999886751175,=NA(),20,1013.25,14.162063598632812,20.746423721313477,1129.655029296875,1055.0400390625,74.61500549316406,72.36687469482422,6812.759765625,5775.830078125,5781.9521484375,34.03743362426758,10.616898536682129,10.598682403564453,42.260093688964844,11.28768253326416,0.03743656352162361,0,0.001616499968804419,0,1036.9296875,-6.1220703125
44,12,0,1,Day,,21.76041030883789,68.23959350585938,356.33160400390625,1036,232.4522247314453,865.2000122070312,0.22437474131584167,26.42998695373535,5.619999885559082,=NA(),=NA(),1.0764824151992798,1.4163999557495117,0.34380000829696655,0.08399999886751175,=NA(),20,1013.25,-1.462998628616333,21.71355628967285,1113.804931640625,1036.2900390625,77.52000427246094,72.76561737060547,6719.759765625,5688,5694.15576171875,33.98887634277344,10.470620155334473,10.455063819885254,42.18037414550781,11.135279655456543,0.03680243715643883,0,0.0017093750648200512,0,1031.759765625,-6.15576171875
44,13,0,1,Day,,26.297996520996094,63.702003479003906,321.6890869140625,984.3099975585938,247.64537048339844,821.7100219726562,0.25159287452697754,27.529993057250977,5.810100078582764,=NA(),=NA(),1.115117073059082,1.4163999557495117,0.34380000829696655,0.08399999886751175,=NA(),20,1013.25,-17.033016204833984,20.342716217041016,1094.804931640625,1024.81005859375,69.99000549316406,73.0631332397461,6611.91015625,5590.0400390625,5595.68798828125,33.95549774169922,10.299674987792969,10.2824068069458,42.10861587524414,10.95295238494873,0.03636106103658676,0,0.0015240624779835343,0,1021.8701171875,-5.64794921875
44,14,0,1,Day,,35.688472747802734,54.311527252197266,299.6693115234375,874.7000122070312,285.12335205078125,725.9000244140625,0.325967013835907,27.8699893951416,5.920000076293945,=NA(),=NA(),1.2305930852890015,1.4163999557495117,0.34380000829696655,0.08399999886751175,=NA(),20,1013.25,-31.968313217163086,16.784215927124023,1055.409912109375,998.5700073242188,56.84000015258789,71.57500457763672,6418.240234375,5456.3798828125,5463.5205078125,34.14641571044922,10.000166893005371,9.974326133728027,42.237545013427734,10.639510154724121,0.03552218899130821,0,0.001239374978467822,0,961.8603515625,-7.140625
44,15,0,1,Day,,47.03242111206055,42.96757888793945,285.6495361328125,692.4000244140625,318.68731689453125,548.2999877929688,0.46026474237442017,27.779993057250977,5.840000152587891,=NA(),=NA(),1.4656702280044556,1.4163999557495117,0.34380000829696655,0.08399999886751175,=NA(),20,1013.25,-45.9517822265625,11.384297370910645,939.77001953125,887.2049560546875,52.55999755859375,66.64812469482422,5665.2001953125,4903.39013671875,4908.89453125,34.80977249145508,8.813846588134766,8.740324974060059,42.61500549316406,9.358014106750488,0.031312499195337296,0,0.0011029375018551946,0,761.81005859375,-5.50439453125
44,16,0,1,Day,,59.09747314453125,30.90252685546875,275.33203125,472.0899963378906,307.28759765625,320.8900146484375,0.6509089469909668,27.70000648498535,5.28000020980835,=NA(),=NA(),1.9424030780792236,1.4163999557495117,0.34380000829696655,0.08399999886751175,=NA(),20,1013.25,-58.98786926269531,4.573359966278076,714.9450073242188,656.405029296875,58.540000915527344,57.09874725341797,4320.25,3867.300048828125,3871.515625,36.02395248413086,6.7171125411987305,6.582458972930908,43.3118782043457,7.118800640106201,0.02355368807911873,0,0.001180749968625605,0,452.949951171875,-4.215576171875
44,17,0,1,Day,,71.35201263427734,18.64798927307129,266.601806640625,240,207.80087280273438,100.69999694824219,0.8658369779586792,26.8900089263916,3.4800000190734863,=NA(),=NA(),3.1024229526519775,1.4163999557495117,0.34380000829696655,0.08399999886751175,=NA(),20,1013.25,-32.456260681152344,38.977256774902344,368.57501220703125,347.010009765625,21.56999969482422,41.980613708496094,2154.64990234375,2029.3199462890625,2031.5072021484375,37.55267333984375,3.3811161518096924,3.325208902359009,43.99108123779297,3.57517147064209,0.012037063017487526,0,0.00045581249287351966,0,125.3299560546875,-2.187255859375
44,18,0,1,Day,,83.444091796875,6.555910587310791,258.3250427246094,31.392000198364258,31.335609436035156,0.49390000104904175,0.9982036352157593,25.3699893951416,3.199899911880493,=NA(),=NA(),8.189425468444824,1.4163999557495117,0.34380000829696655,0.08399999886751175,=NA(),20,1013.25,-9.768054962158203,73.88410949707031,34.785003662109375,31.654998779296875,3.130000114440918,26.829980850219727,174.07000732421875,172.4600067138672,172.46670532226562,36.21501541137695,0.29764291644096375,0.2951347529888153,41.688507080078125,0.32172828912734985,0.0010625000577419996,0,0.00006762499833712354,0,1.6100006103515625,-0.0066986083984375
44,19,0,1,Night,Sun below height limit of 1 degrees.,89.57469177246094,0.4253074526786804,253.73785400390625,0,0,0,0,22.670007705688477,3.090100049972534,=NA(),0,32.23244857788086,1.4163999557495117,0.34380000829696655,0.08399999886751175,=NA(),20,1013.25,0,0,0,0,0,22.670007705688477,0,0,0,0,0,0,0,0,0,0,0,0,0,0
44,20,0,1,Night,,106.55557250976562,-16.555574417114258,240.07411193847656,0,0,0,0,19.6400089263916,2.5899999141693115,=NA(),0,64.81599426269531,1.4163999557495117,0.34380000829696655,0.08399999886751175,=NA(),20,1013.25,0,0,0,0,0,19.6400089263916,0,0,0,0,0,0,0,0,0,0,0,0,0,0
44,21,0,1,Night,,116.52960205078125,-26.529598236083984,228.60903930664062,0,0,0,0,20.589990615844727,2.180000066757202,=NA(),0,64.81599426269531,1.4163999557495117,0.34380000829696655,0.08399999886751175,=NA(),20,1013.25,0,0,0,0,0,20.589990615844727,0,0,0,0,0,0,0,0,0,0,0,0,0,0
44,22,0,1,Night,,124.69898223876953,-34.6989860534668,214.52273559570312,0,0,0,0,18.899988174438477,3.410099983215332,=NA(),0,64.81599426269531,1.4163999557495117,0.34380000829696655,0.08399999886751175,=NA(),20,1013.25,0,0,0,0,0,18.899988174438477,0,0,0,0,0,0,0,0,0,0,0,0,0,0
44,23,0,1,Night,,130.1114044189453,-40.11140060424805,197.4144744873047,0,0,0,0,17.95000648498535,4.5,=NA(),0,64.81599426269531,1.4163999557495117,0.34380000829696655,0.08399999886751175,=NA(),20,1013.25,0,0,0,0,0,17.95000648498535,0,0,0,0,0,0,0,0,0,0,0,0,0,0
45,0,0,1,Night,,131.80137634277344,-41.80138397216797,178.1712646484375,0,0,0,0,17.170007705688477,4.530099868774414,=NA(),0,64.81599426269531,1.4163999557495117,0.34380000829696655,0.08399999886751175,=NA(),20,1013.25,0,0,0,0,0,17.170007705688477,0,0,0,0,0,0,0,0,0,0,0,0,0,0
45,1,0,1,Night,,129.38787841796875,-39.38787841796875,159.16635131835938,0,0,0,0,16.30999183654785,4.349999904632568,=NA(),0,64.81599426269531,1.4163999557495117,0.34380000829696655,0.08399999886751175,=NA(),20,1013.25,0,0,0,0,0,16.30999183654785,0,0,0,0,0,0,0,0,0,0,0,0,0,0
45,2,0,1,Night,,123.40270233154297,-33.402706146240234,142.5821075439453,0,0,0,0,15.499994277954102,4.140100002288818,=NA(),0,64.81599426269531,1.4163999557495117,0.34380000829696655,0.08399999886751175,=NA(),20,1013.25,0,0,0,0,0,15.499994277954102,0,0,0,0,0,0,0,0,0,0,0,0,0,0
45,3,0,1,Night,,114.84628295898438,-24.846281051635742,129.01123046875,0,0,0,0,15.740015029907227,4.130099773406982,=NA(),0,64.81599426269531,1.4163999557495117,0.34380000829696655,0.08399999886751175,=NA(),20,1013.25,0,0,0,0,0,15.740015029907227,0,0,0,0,0,0,0,0,0,0,0,0,0,0
45,4,0,1,Night,,104.63261413574219,-14.632611274719238,117.92268371582031,0,0,0,0,13.980005264282227,3.940000057220459,=NA(),0,64.81599426269531,1.4163999557495117,0.34380000829696655,0.08399999886751175,=NA(),20,1013.25,0,0,0,0,0,13.980005264282227,0,0,0,0,0,0,0,0,0,0,0,0,0,0
45,5,0,1,Day,,88.63353729248047,1.3664625883102417,105.30807495117188,3.691999912261963,3.691999912261963,0,1,13.670007705688477,4.510000228881836,=NA(),=NA(),23.385095596313477,1.4163999557495117,0.34380000829696655,0.08399999886751175,=NA(),20,1013.25,2.0293662548065186,86.67626190185547,4.050000190734863,3.690000057220459,0.36000001430511475,13.850000381469727,15.460000038146973,16.020000457763672,16.018245697021484,34.091434478759766,0.02936634048819542,0.029213091358542442,39.588321685791016,0.037588898092508316,0.0001250000059371814,0,0.000007999999979801942,0,-0.5600004196166992,0.0017547607421875
45,6,0,1,Day,,81.31207275390625,8.687925338745117,99.98197937011719,151.61000061035156,133.07435607910156,122.70999908447266,0.877741277217865,16.4999942779541,5.380000114440918,=NA(),=NA(),6.36189603805542,1.4163999557495117,0.34380000829696655,0.08399999886751175,=NA(),20,1013.25,13.066398620605469,68.4542236328125,246.27499389648438,236.82000732421875,9.454999923706055,26.66436195373535,1305.3800048828125,1295.3800048828125,1297.2470703125,39.119564056396484,2.072567939758301,2.063337564468384,45.158809661865234,2.1873300075531006,0.007481812499463558,0,0.00020543749269563705,0,10,-1.8670654296875
45,7,0,1,Day,,69.17259216308594,20.827404022216797,91.6492919921875,375.1000061035156,265.0204772949219,309.6000061035156,0.7065328359603882,19.360010147094727,4.549900054931641,=NA(),=NA(),2.7950282096862793,1.4163999557495117,0.34380000829696655,0.08399999886751175,=NA(),20,1013.25,39.018795013427734,30.181594848632812,657.3800048828125,628.4099731445312,28.970001220703125,46.245628356933594,3867.6201171875,3596.449951171875,3602.56298828125,37.41649627685547,6.017766952514648,5.935850620269775,44.51187515258789,6.3628058433532715,0.021487874910235405,0,0.0006814374937675893,0,271.170166015625,-6.113037109375
45,8,0,1,Day,,56.94404220581055,33.05595779418945,82.67914581298828,596.0999755859375,324.6256103515625,497.70001220703125,0.5445824861526489,21.20000648498535,3.26990008354187,=NA(),=NA(),1.8295732736587524,1.4163999557495117,0.34380000829696655,0.08399999886751175,=NA(),20,1013.25,56.729286193847656,6.130898475646973,916.969970703125,858.635009765625,58.34000015258789,58.837486267089844,5567.08984375,4958.2099609375,4964.970703125,35.84030532836914,8.658349990844727,8.543323516845703,43.585548400878906,9.177688598632812,0.03062981180846691,0,0.0012222500517964363,0,608.8798828125,-6.7607421875
45,9,0,1,Day,,44.990360260009766,45.009639739990234,71.81377410888672,784.7000122070312,321.1135559082031,655.5,0.4092182517051697,22.990015029907227,2.460099935531616,=NA(),=NA(),1.412706971168518,1.4163999557495117,0.34380000829696655,0.08399999886751175,=NA(),20,1013.25,43.52299118041992,12.747539520263672,1045.2149658203125,989.9600219726562,55.255001068115234,66.11687469482422,6341.419921875,5502.419921875,5509.92041015625,34.866092681884766,9.87696647644043,9.81842041015625,42.91313552856445,10.487053871154785,0.03514256328344345,0,0.0011736250016838312,0,839,-7.50048828125
45,10,0,1,Day,,33.93056869506836,56.06943130493164,56.643836975097656,922.8900146484375,283.34600830078125,770.7999877929688,0.3070203363895416,23.68999671936035,2.0399999618530273,=NA(),=NA(),1.204677939414978,1.4163999557495117,0.34380000829696655,0.08399999886751175,=NA(),20,1013.25,29.332698822021484,17.873414993286133,1093.945068359375,1033.35498046875,60.59000015258789,68.93563079833984,6639.2099609375,5701.58984375,5709.1044921875,34.487205505371094,10.346413612365723,10.32168197631836,42.64606475830078,10.995455741882324,0.03672556206583977,0,0.0013178749941289425,0,937.6201171875,-7.5146484375
45,11,0,1,Day,,25.240371704101562,64.75962829589844,32.48173904418945,1017.5999755859375,249.0325927734375,849.6900024414062,0.24472543597221375,25.08001136779785,1.660099983215332,=NA(),=NA(),1.1052436828613281,1.4163999557495117,0.34380000829696655,0.08399999886751175,=NA(),20,1013.25,14.207051277160645,21.08234214782715,1120.760009765625,1046.7249755859375,74.03500366210938,71.7456283569336,6761.22998046875,5745.56005859375,5746.65966796875,34.153167724609375,10.516337394714355,10.482477188110352,42.323856353759766,11.15375804901123,0.037149813026189804,0,0.001603437471203506,0,1015.669921875,-1.099609375
45,12,0,1,Day,,22.098905563354492,67.90109252929688,356.3612365722656,1050.800048828125,237.8574981689453,877.4000244140625,0.22635847330093384,25.42998695373535,1.3401000499725342,=NA(),=NA(),1.0790408849716187,1.4163999557495117,0.34380000829696655,0.08399999886751175,=NA(),20,1013.25,-1.4761464595794678,22.052013397216797,1129.114990234375,1051.114990234375,78.0050048828125,72.46562957763672,6817.52978515625,5777.7001953125,5779.0771484375,34.05374526977539,10.606536865234375,10.578941345214844,42.248775482177734,11.256978034973145,0.03736118599772453,0,0.0017198125133290887,0,1039.82958984375,-1.376953125
45,13,0,1,Day,,26.591285705566406,63.408714294433594,322.07000732421875,430.4100036621094,395.8876647949219,38.60599899291992,0.9197919964790344,26.360010147094727,1.5901000499725342,=NA(),=NA(),1.1179540157318115,1.4163999557495117,0.34380000829696655,0.08399999886751175,=NA(),20,1013.25,-17.10318374633789,20.675098419189453,468.3900146484375,427.4750061035156,40.90999984741211,45.66124725341797,2717.760009765625,2529.02001953125,2530.811767578125,37.286216735839844,4.242215633392334,4.202488899230957,43.92964172363281,4.4895100593566895,0.014812625013291836,0,0.0008604999748058617,0,188.739990234375,-1.791748046875
45,14,0,1,Day,,35.92582702636719,54.07417297363281,300.0830078125,924.4000244140625,299.3410339355469,771.8900146484375,0.3238219618797302,27.610010147094727,2.2499001026153564,=NA(),=NA(),1.2342673540115356,1.4163999557495117,0.34380000829696655,0.08399999886751175,=NA(),20,1013.25,-32.08637237548828,17.103843688964844,1115.47998046875,1055.070068359375,60.40999984741211,73.89376068115234,6777.16015625,5712.1298828125,5719.84228515625,33.82927703857422,10.567474365234375,10.53746509552002,42.053714752197266,11.257264137268066,0.03753006085753441,0,0.0013154374901205301,0,1065.0302734375,-7.71240234375
45,15,0,1,Day,,47.23786544799805,42.76213455200195,286.0176696777344,721.9000244140625,317.8531799316406,595.0999755859375,0.4403008222579956,27.779993057250977,2.809999942779541,=NA(),=NA(),1.4713233709335327,1.4163999557495117,0.34380000829696655,0.08399999886751175,=NA(),20,1013.25,-46.105499267578125,11.688146591186523,985.64501953125,932,53.64500045776367,68.61687469482422,5948.6201171875,5112.14013671875,5116.927734375,34.555908203125,9.25485610961914,9.1791410446167,42.46107864379883,9.827255249023438,0.032919250428676605,0,0.0011276875156909227,0,836.47998046875,-4.78759765625
45,16,0,1,Day,,59.28948974609375,30.71051025390625,275.65765380859375,459.80999755859375,306.44659423828125,300.29998779296875,0.6664635539054871,27.7700138092041,3.0100998878479004,=NA(),=NA(),1.9532768726348877,1.4163999557495117,0.34380000829696655,0.08399999886751175,=NA(),20,1013.25,-59.166500091552734,4.862135410308838,693.6699829101562,635.3150024414062,58.35499954223633,56.282493591308594,4184.02001953125,3755.81005859375,3760.31787109375,36.115264892578125,6.507690906524658,6.374675750732422,43.35552215576172,6.897207736968994,0.022787561640143394,0,0.0011738125467672944,0,428.2099609375,-4.5078125
45,17,0,1,Day,,71.54276275634766,18.457239151000977,266.8977966308594,221.99000549316406,197.8355712890625,76.29399871826172,0.8911913633346558,27.6299991607666,2.3299999237060547,=NA(),=NA(),3.1327624320983887,1.4163999557495117,0.34380000829696655,0.08399999886751175,=NA(),20,1013.25,-31.937744140625,39.671058654785156,331.7349853515625,311.07000732421875,20.665000915527344,41.22124481201172,1931.02001953125,1822.8499755859375,1824.82421875,37.540931701660156,3.0380704402923584,2.985342264175415,43.89237594604492,3.2132568359375,0.010797875002026558,0,0.00043168748379684985,0,108.1700439453125,-1.9742431640625
45,18,0,1,Day,,83.64068603515625,6.359317302703857,258.6019592285156,27.5049991607666,27.44913101196289,0.5044000148773193,0.9979687929153442,26.9999942779541,2.469899892807007,=NA(),=NA(),8.409934043884277,1.4163999557495117,0.34380000829696655,0.08399999886751175,=NA(),20,1013.25,-9.454450607299805,74.37787628173828,30.084999084472656,27.314998626708984,2.7649998664855957,28.2650089263916,149.89999389648438,147.6699981689453,147.71438598632812,35.7450065612793,0.25827738642692566,0.2562427520751953,41.22161865234375,0.28006988763809204,0.0009233750170096755,0,0.000059875001170439646,0,2.2299957275390625,-0.0443878173828125
45,19,0,1,Night,Sun below height limit of 1 degrees.,89.66905212402344,0.3309451937675476,254.07925415039062,0,0,0,0,23.6400089263916,2.3499999046325684,=NA(),0,33.3897819519043,1.4163999557495117,0.34380000829696655,0.08399999886751175,=NA(),20,1013.25,0,0,0,0,0,23.6400089263916,0,0,0,0,0,0,0,0,0,0,0,0,0,0
45,20,0,1,Night,,106.79295349121094,-16.792957305908203,240.3270263671875,0,0,0,0,22.110010147094727,1.7598999738693237,=NA(),0,64.81599426269531,1.4163999557495117,0.34380000829696655,0.08399999886751175,=NA(),20,1013.25,0,0,0,0,0,22.110010147094727,0,0,0,0,0,0,0,0,0,0,0,0,0,0
45,21,0,1,Night,,116.79823303222656,-26.79823112487793,228.84214782714844,0,0,0,0,19.600000381469727,1.9000999927520752,=NA(),0,64.81599426269531,1.4163999557495117,0.34380000829696655,0.08399999886751175,=NA(),20,1013.25,0,0,0,0,0,19.600000381469727,0,0,0,0,0,0,0,0,0,0,0,0,0,0
45,22,0,1,Night,,125.00166320800781,-35.00166702270508,214.71163940429688,0,0,0,0,18.9999942779541,3.059999942779541,=NA(),0,64.81599426269531,1.4163999557495117,0.34380000829696655,0.08399999886751175,=NA(),20,1013.25,0,0,0,0,0,18.9999942779541,0,0,0,0,0,0,0,0,0,0,0,0,0,0
45,23,0,1,Night,,130.44264221191406,-40.4426383972168,197.51617431640625,0,0,0,0,18.740015029907227,4.269999980926514,=NA(),0,64.81599426269531,1.4163999557495117,0.34380000829696655,0.08399999886751175,=NA(),20,1013.25,0,0,0,0,0,18.740015029907227,0,0,0,0,0,0,0,0,0,0,0,0,0,0
46,0,0,1,Night,,132.1412811279297,-42.14127731323242,178.14732360839844,0,0,0,0,17.8900089263916,4.610099792480469,=NA(),0,64.81599426269531,1.4163999557495117,0.34380000829696655,0.08399999886751175,=NA(),20,1013.25,0,0,0,0,0,17.8900089263916,0,0,0,0,0,0,0,0,0,0,0,0,0,0
46,1,0,1,Night,,129.7099609375,-39.70996856689453,159.0231475830078,0,0,0,0,17.350000381469727,4.329999923706055,=NA(),0,64.81599426269531,1.4163999557495117,0.34380000829696655,0.08399999886751175,=NA(),20,1013.25,0,0,0,0,0,17.350000381469727,0,0,0,0,0,0,0,0,0,0,0,0,0,0
46,2,0,1,Night,,123.69061279296875,-33.690608978271484,142.36380004882812,0,0,0,0,16.70000648498535,3.8499999046325684,=NA(),0,64.81599426269531,1.4163999557495117,0.34380000829696655,0.08399999886751175,=NA(),20,1013.25,0,0,0,0,0,16.70000648498535,0,0,0,0,0,0,0,0,0,0,0,0,0,0
46,3,0,1,Night,,115.09796142578125,-25.09796142578125,128.7578582763672,0,0,0,0,16.050012588500977,3.3301000595092773,=NA(),0,64.81599426269531,1.4163999557495117,0.34380000829696655,0.08399999886751175,=NA(),20,1013.25,0,0,0,0,0,16.050012588500977,0,0,0,0,0,0,0,0,0,0,0,0,0,0
46,4,0,1,Night,,104.85308837890625,-14.8530912399292,117.65435028076172,0,0,0,0,15.070001602172852,2.8798999786376953,=NA(),0,64.81599426269531,1.4163999557495117,0.34380000829696655,0.08399999886751175,=NA(),20,1013.25,0,0,0,0,0,15.070001602172852,0,0,0,0,0,0,0,0,0,0,0,0,0,0
46,5,0,1,Day,,88.71773529052734,1.2822612524032593,104.9544677734375,2.8910999298095703,2.8910999298095703,0,1,13.559991836547852,3.340100049972534,=NA(),=NA(),24.010225296020508,1.4163999557495117,0.34380000829696655,0.08399999886751175,=NA(),20,1013.25,1.9009556770324707,86.88124084472656,3.1700000762939453,2.890000104904175,0.2800000011920929,13.700006484985352,11.260000228881836,11.680000305175781,11.653501510620117,33.44631576538086,0.021776501089334488,0.021665701642632484,39.07182693481445,0.0294367503374815,0.000097999996796716,0,0.000006000000212225132,0,-0.4200000762939453,0.026498794555664062
46,6,0,1,Day,,81.4937744140625,8.50622844696045,99.6910400390625,153.88999938964844,134.98768615722656,127.79000091552734,0.8771699666976929,15.719995498657227,3.9198999404907227,=NA(),=NA(),6.4860334396362305,1.4163999557495117,0.34380000829696655,0.08399999886751175,=NA(),20,1013.25,12.762275695800781,68.92305755615234,251.86500549316406,242.43499755859375,9.430000305175781,26.13250160217285,1322.4599609375,1314.719970703125,1316.528564453125,39.21409606933594,2.098301887512207,2.0891060829162598,45.25331497192383,2.2143301963806152,0.007579312659800053,0,0.0002055000077234581,0,7.739990234375,-1.80859375
46,7,0,1,Day,,69.34978485107422,20.65021514892578,91.33728790283203,378.989990234375,267.69342041015625,315.5899963378906,0.7063337564468384,19.2700138092041,3.2600998878479004,=NA(),=NA(),2.817600965499878,1.4163999557495117,0.34380000829696655,0.08399999886751175,=NA(),20,1013.25,38.39384841918945,30.973560333251953,666.2449951171875,637.550048828125,28.69499969482422,46.51250457763672,3925.669921875,3647.239990234375,3653.31982421875,37.388057708740234,6.107191562652588,6.027320384979248,44.50504684448242,6.456943511962891,0.021823063492774963,0,0.00067468750057742,0,278.429931640625,-6.079833984375
46,8,0,1,Day,,57.12512969970703,32.87487030029297,82.3338394165039,600.7100219726562,328.324462890625,501.80999755859375,0.5465606451034546,21.279993057250977,2.6500000953674316,=NA(),=NA(),1.8384579420089722,1.4163999557495117,0.34380000829696655,0.08399999886751175,=NA(),20,1013.25,56.890193939208984,6.432798862457275,926.47998046875,867.3800048828125,59.10499954223633,59.33562469482422,5626.02001953125,5001.8701171875,5008.1396484375,35.77741622924805,8.748984336853027,8.630453109741211,43.54232406616211,9.271961212158203,0.030954750254750252,0,0.0012354999780654907,0,624.14990234375,-6.26953125
46,9,0,1,Day,,45.18894958496094,44.81105041503906,71.42097473144531,790.1900024414062,325.1820983886719,659.7999877929688,0.4115239381790161,22.159997940063477,2.4798998832702637,=NA(),=NA(),1.4176113605499268,1.4163999557495117,0.34380000829696655,0.08399999886751175,=NA(),20,1013.25,43.65615463256836,13.063730239868164,1053.375,997.4299926757812,55.939998626708984,65.5993881225586,6389.259765625,5554.7099609375,5562.61279296875,34.93135070800781,9.952798843383789,9.889508247375488,42.99463653564453,10.569233894348145,0.035406000912189484,0,0.0011869375593960285,0,834.5498046875,-7.90283203125
46,10,0,1,Day,,34.167911529541016,55.832088470458984,56.20411682128906,929.9099731445312,287.43756103515625,776.5,0.3091025650501251,23.469995498657227,2.509999990463257,=NA(),=NA(),1.2080470323562622,1.4163999557495117,0.34380000829696655,0.08399999886751175,=NA(),20,1013.25,29.4266300201416,18.20351791381836,1102.52001953125,1041.3199462890625,61.20500183105469,69.08248138427734,6689.31005859375,5741.6201171875,5748.90478515625,34.46742248535156,10.424524307250977,10.395493507385254,42.64262390136719,11.07718276977539,0.037004124373197556,0,0.0013307499466463923,0,947.68994140625,-7.28466796875
46,11,0,1,Day,,25.541522979736328,64.45848083496094,32.10314178466797,1011.4000244140625,249.42138671875,844.510009765625,0.24661003053188324,24.3900089263916,2.5799999237060547,=NA(),=NA(),1.1079988479614258,1.4163999557495117,0.34380000829696655,0.08399999886751175,=NA(),20,1013.25,14.249545097351074,21.422157287597656,1114.054931640625,1040.445068359375,73.61000061035156,70.6881332397461,6721.06982421875,5734.14990234375,5737.81396484375,34.27659606933594,10.4623384475708,10.434713363647461,42.446807861328125,11.100505828857422,0.036925625056028366,0,0.0015939375152811408,0,986.919921875,-3.6640625
46,12,0,1,Day,,22.441091537475586,67.55890655517578,356.3825378417969,1019.5,232.3987579345703,851.5900268554688,0.22795365750789642,25.540002822875977,2.54010009765625,=NA(),=NA(),1.081678032875061,1.4163999557495117,0.34380000829696655,0.08399999886751175,=NA(),20,1013.25,-1.492710828781128,22.393953323364258,1095.4849853515625,1019.8150024414062,75.66999816894531,71.08562469482422,6617.7001953125,5637.14990234375,5640.80859375,34.22764205932617,10.300168991088867,10.277485847473145,42.36381912231445,10.936383247375488,0.03625006228685379,0,0.0016685000155121088,0,980.55029296875,-3.65869140625
46,13,0,1,Day,,26.890169143676758,63.10982894897461,322.4414367675781,961.7100219726562,249.1820831298828,798.9099731445312,0.2591031491756439,26.610010147094727,2.3701000213623047,=NA(),=NA(),1.1208902597427368,1.4163999557495117,0.34380000829696655,0.08399999886751175,=NA(),20,1013.25,-17.177534103393555,21.010406494140625,1070.094970703125,1001.64501953125,68.44999694824219,71.1106185913086,6465.56005859375,5506.4501953125,5509.08642578125,34.23521423339844,10.057417869567871,10.037285804748535,42.31229782104492,10.673456192016602,0.03554612398147583,0,0.0014895624481141567,0,959.10986328125,-2.63623046875
46,14,0,1,Day,,36.169193267822266,53.830806732177734,300.49267578125,848,288.0721740722656,693.5999755859375,0.33970776200294495,27.529993057250977,2.159899950027466,=NA(),=NA(),1.2380797863006592,1.4163999557495117,0.34380000829696655,0.08399999886751175,=NA(),20,1013.25,-32.209022521972656,17.425758361816406,1023.6099853515625,967.9549560546875,55.660003662109375,69.91374969482422,6217.64013671875,5318.4599609375,5324.66357421875,34.3740348815918,9.681475639343262,9.649872779846191,42.38549041748047,10.289552688598633,0.034388501197099686,0,0.001211749971844256,0,899.18017578125,-6.20361328125
46,15,0,1,Day,,47.44898986816406,42.55101013183594,286.3847351074219,675.5999755859375,320.63824462890625,524.9000244140625,0.4745977818965912,27.670007705688477,1.8600000143051147,=NA(),=NA(),1.4771983623504639,1.4163999557495117,0.34380000829696655,0.08399999886751175,=NA(),20,1013.25,-46.26387023925781,11.993786811828613,917.2449951171875,864.8499755859375,52.39500045776367,65.5999984741211,5531.93994140625,4806.27001953125,4811.1181640625,34.95158386230469,8.603249549865723,8.52380084991455,42.70232009887695,9.129589080810547,0.03055262565612793,0,0.0010978749487549067,0,725.669921875,-4.84814453125
46,16,0,1,Day,,59.486785888671875,30.513212203979492,275.9833679199219,454.8999938964844,305.4729919433594,294.29998779296875,0.6715168356895447,27.9999942779541,1.3300000429153442,=NA(),=NA(),1.9645994901657104,1.4163999557495117,0.34380000829696655,0.08399999886751175,=NA(),20,1013.25,-59.34969711303711,5.152334213256836,687.02001953125,628.6900024414062,58.31999969482422,56.24938201904297,4143.2998046875,3719.489990234375,3723.530029296875,36.119903564453125,6.443197250366211,6.310297966003418,43.340919494628906,6.827117919921875,0.0225598756223917,0,0.0011703750351443887,0,423.809814453125,-4.0400390625
46,17,0,1,Day,,71.73823547363281,18.261764526367188,267.1944274902344,221.5,197.02667236328125,78.0999984741211,0.8895109295845032,27.32000160217285,0.8999999761581421,=NA(),=NA(),3.164503812789917,1.4163999557495117,0.34380000829696655,0.08399999886751175,=NA(),20,1013.25,-31.41828727722168,40.372459411621094,332.0050048828125,311.69000244140625,20.31999969482422,40.907493591308594,1936.1300048828125,1829.739990234375,1831.9346923828125,37.58226013183594,3.0465548038482666,2.995002269744873,43.93901062011719,3.221900224685669,0.010837499983608723,0,0.0004208125174045563,0,106.3900146484375,-2.1947021484375
46,18,0,1,Day,,83.84024810791016,6.159752368927002,258.8797607421875,15.491000175476074,15.481161117553711,0.0917000025510788,0.9993648529052734,25.339990615844727,1.7999999523162842,=NA(),=NA(),8.64568042755127,1.4163999557495117,0.34380000829696655,0.08399999886751175,=NA(),20,1013.25,-9.138209342956543,74.87806701660156,16.904998779296875,15.350000381469727,1.559999942779541,26.055017471313477,80.38999938964844,79.8499984741211,79.89453125,35.05733108520508,0.14243508875370026,0.1414312720298767,40.48701477050781,0.15738098323345184,0.0005193749675527215,0,0.00003393750012037344,0,0.5400009155273438,-0.04453277587890625
46,19,0,1,Night,Sun below height limit of 1 degrees.,89.75414276123047,0.24585986137390137,254.42897033691406,0,0,0,0,22.219995498657227,3.799999952316284,=NA(),0,34.48381423950195,1.4163999557495117,0.34380000829696655,0.08399999886751175,=NA(),20,1013.25,0,0,0,0,0,22.219995498657227,0,0,0,0,0,0,0,0,0,0,0,0,0,0
46,20,0,1,Night,,107.03527069091797,-17.035274505615234,240.5810546875,0,0,0,0,20.899988174438477,4.570000171661377,=NA(),0,64.81599426269531,1.4163999557495117,0.34380000829696655,0.08399999886751175,=NA(),20,1013.25,0,0,0,0,0,20.899988174438477,0,0,0,0,0,0,0,0,0,0,0,0,0,0
46,21,0,1,Night,,117.07093048095703,-27.070934295654297,229.07620239257812,0,0,0,0,19.8799991607666,4.71999979019165,=NA(),0,64.81599426269531,1.4163999557495117,0.34380000829696655,0.08399999886751175,=NA(),20,1013.25,0,0,0,0,0,19.8799991607666,0,0,0,0,0,0,0,0,0,0,0,0,0,0
46,22,0,1,Night,,125.30855560302734,-35.30855178833008,214.90069580078125,0,0,0,0,19.0200138092041,4.530099868774414,=NA(),0,64.81599426269531,1.4163999557495117,0.34380000829696655,0.08399999886751175,=NA(),20,1013.25,0,0,0,0,0,19.0200138092041,0,0,0,0,0,0,0,0,0,0,0,0,0,0
46,23,0,1,Night,,130.77798461914062,-40.77798843383789,197.61619567871094,0,0,0,0,18.1400089263916,4.140100002288818,=NA(),0,64.81599426269531,1.4163999557495117,0.34380000829696655,0.08399999886751175,=NA(),20,1013.25,0,0,0,0,0,18.1400089263916,0,0,0,0,0,0,0,0,0,0,0,0,0,0
47,0,0,1,Night,,132.48468017578125,-42.484676361083984,178.118896484375,0,0,0,0,16.6199893951416,3.839900016784668,=NA(),0,64.81599426269531,1.4163999557495117,0.34380000829696655,0.08399999886751175,=NA(),20,1013.25,0,0,0,0,0,16.6199893951416,0,0,0,0,0,0,0,0,0,0,0,0,0,0
47,1,0,1,Night,,130.03436279296875,-40.034358978271484,158.87347412109375,0,0,0,0,16.670007705688477,3.630000114440918,=NA(),0,64.81599426269531,1.4163999557495117,0.34380000829696655,0.08399999886751175,=NA(),20,1013.25,0,0,0,0,0,16.670007705688477,0,0,0,0,0,0,0,0,0,0,0,0,0,0
47,2,0,1,Night,,123.97959899902344,-33.9796028137207,142.1387481689453,0,0,0,0,17.08001136779785,3.450000047683716,=NA(),0,64.81599426269531,1.4163999557495117,0.34380000829696655,0.08399999886751175,=NA(),20,1013.25,0,0,0,0,0,17.08001136779785,0,0,0,0,0,0,0,0,0,0,0,0,0,0
47,3,0,1,Night,,115.34980773925781,-25.349807739257812,128.49844360351562,0,0,0,0,16.45000648498535,3.340100049972534,=NA(),0,64.81599426269531,1.4163999557495117,0.34380000829696655,0.08399999886751175,=NA(),20,1013.25,0,0,0,0,0,16.45000648498535,0,0,0,0,0,0,0,0,0,0,0,0,0,0
47,4,0,1,Night,,105.07356262207031,-15.07356071472168,117.38075256347656,0,0,0,0,15.040002822875977,3.309999942779541,=NA(),0,64.81599426269531,1.4163999557495117,0.34380000829696655,0.08399999886751175,=NA(),20,1013.25,0,0,0,0,0,15.040002822875977,0,0,0,0,0,0,0,0,0,0,0,0,0,0
47,5,0,1,Day,,88.80155944824219,1.1984387636184692,104.59617614746094,1.6994999647140503,1.6994999647140503,0,1,13.950006484985352,4.090000152587891,=NA(),=NA(),24.660181045532227,1.4163999557495117,0.34380000829696655,0.08399999886751175,=NA(),20,1013.25,1.773586392402649,87.08527374267578,1.8650000095367432,1.7000000476837158,0.16499999165534973,14.031244277954102,5.28000020980835,5.430000305175781,5.378065586090088,31.316591262817383,0.01073325052857399,0.010691222734749317,37.664363861083984,0.01730818673968315,0.00005775000317953527,0,0.000003999999989900971,0,-0.15000009536743164,0.05193471908569336
47,6,0,1,Day,,81.67548370361328,8.324518203735352,99.39579010009766,153.99000549316406,135.372802734375,128.58999633789062,0.8791012167930603,16.240015029907227,5.899899959564209,=NA(),=NA(),6.615011692047119,1.4163999557495117,0.34380000829696655,0.08399999886751175,=NA(),20,1013.25,12.460208892822266,69.39070129394531,252.98001098632812,243.6400146484375,9.335000038146973,26.7293643951416,1315.27001953125,1304.9000244140625,1306.5155029296875,39.12702178955078,2.086977958679199,2.0778748989105225,45.16298294067383,2.2030677795410156,0.007540499791502953,0,0.00020393749582581222,0,10.3699951171875,-1.615478515625
47,7,0,1,Day,,69.52680206298828,20.473201751708984,91.02119445800781,370.489990234375,263.18426513671875,306.7900085449219,0.7103680968284607,18.7499942779541,6.590000152587891,=NA(),=NA(),2.8405418395996094,1.4163999557495117,0.34380000829696655,0.08399999886751175,=NA(),20,1013.25,37.788902282714844,31.747821807861328,649.10498046875,621.135009765625,27.969999313354492,45.274986267089844,3826.580078125,3570.2099609375,3575.923583984375,37.54623794555664,5.952620983123779,5.874505519866943,44.61832046508789,6.2904462814331055,0.021281437948346138,0,0.0006558125023730099,0,256.3701171875,-5.713623046875
47,8,0,1,Day,,57.306602478027344,32.693397521972656,81.98458099365234,598.7899780273438,328.669677734375,500.0899963378906,0.5488897562026978,21.9999942779541,5.579899787902832,=NA(),=NA(),1.8474669456481934,1.4163999557495117,0.34380000829696655,0.08399999886751175,=NA(),20,1013.25,57.050384521484375,6.739104270935059,925.5450439453125,866.2249755859375,59.31999969482422,60.00188446044922,5629.10986328125,4992.60009765625,4999.44091796875,35.685028076171875,8.756403923034668,8.636697769165039,43.457740783691406,9.286079406738281,0.030971374362707138,0,0.0012369374744594097,0,636.509765625,-6.8408203125
47,9,0,1,Day,,45.388736724853516,44.611263275146484,71.02450561523438,810.6099853515625,335.29107666015625,676.8099975585938,0.41362810134887695,24.529993057250977,4.300099849700928,=NA(),=NA(),1.4225969314575195,1.4163999557495117,0.34380000829696655,0.08399999886751175,=NA(),20,1013.25,43.788421630859375,13.38422966003418,1081.1099853515625,1023.3099975585938,57.80000305175781,69.2462387084961,6553.7900390625,5621.39013671875,5629.28271484375,34.446102142333984,10.213979721069336,10.144152641296387,42.579776763916016,10.860992431640625,0.03632212430238724,0,0.0012254375033080578,0,932.39990234375,-7.892578125
47,10,0,1,Day,,34.407257080078125,55.592742919921875,55.76172637939453,946.9000244140625,294.53936767578125,790.7000122070312,0.3110564649105072,25.8699893951416,3.340100049972534,=NA(),=NA(),1.2114849090576172,1.4163999557495117,0.34380000829696655,0.08399999886751175,=NA(),20,1013.25,29.51899528503418,18.537752151489258,1122.7449951171875,1060.18994140625,62.55500030517578,72.48876190185547,6808.85986328125,5769.89990234375,5775.5341796875,34.02529525756836,10.608891487121582,10.570667266845703,42.243675231933594,11.277122497558594,0.03767131268978119,0,0.0013589374721050262,0,1038.9599609375,-5.63427734375
47,11,0,1,Day,,25.845436096191406,64.1545639038086,31.723155975341797,1005.7999877929688,250.00238037109375,839.7999877929688,0.24856072664260864,27.5200138092041,2.809999942779541,=NA(),=NA(),1.110824465751648,1.4163999557495117,0.34380000829696655,0.08399999886751175,=NA(),20,1013.25,14.28961181640625,21.765840530395508,1107.9949951171875,1034.764892578125,73.2300033569336,73.63936614990234,6684.77001953125,5639.4599609375,5644.734375,33.879478454589844,10.413259506225586,10.392110824584961,42.05763244628906,11.067511558532715,0.03672318905591965,0,0.0015853125369176269,0,1045.31005859375,-5.2744140625
47,12,0,1,Day,,22.78687286376953,67.21312713623047,356.3959045410156,1091.300048828125,251.21746826171875,911.2000122070312,0.23020018637180328,27.8900089263916,2.509999990463257,=NA(),=NA(),1.0843952894210815,1.4163999557495117,0.34380000829696655,0.08399999886751175,=NA(),20,1013.25,-1.5126984119415283,22.73927879333496,1172.7900390625,1091.635009765625,81.14500427246094,76.8293685913086,7075.080078125,5897.14013671875,5902.9609375,33.44343948364258,11.031610488891602,11.012039184570312,41.76819610595703,11.745796203613281,0.03879356384277344,0,0.0017892499454319477,0,1177.93994140625,-5.82080078125
47,13,0,1,Day,,27.19448471069336,62.80551528930664,322.8033142089844,1067.800048828125,274.7572021484375,891.5999755859375,0.25731146335601807,28.07000160217285,2.3299999237060547,=NA(),=NA(),1.123927116394043,1.4163999557495117,0.34380000829696655,0.08399999886751175,=NA(),20,1013.25,-17.256071090698242,21.348512649536133,1188.179931640625,1111.945068359375,76.24000549316406,77.67998504638672,7164.2998046875,5952.1201171875,5957.4140625,33.330936431884766,11.170955657958984,11.152615547180176,41.68611145019531,11.89413833618164,0.039445750415325165,0,0.0016583125106990337,0,1212.1796875,-5.2939453125
47,14,0,1,Day,,36.418521881103516,53.581478118896484,300.8981628417969,899.510009765625,295.2513122558594,750.9099731445312,0.3282357156276703,28.92998695373535,2.2399001121520996,=NA(),=NA(),1.2420331239700317,1.4163999557495117,0.34380000829696655,0.08399999886751175,=NA(),20,1013.25,-32.336280822753906,17.7498836517334,1087.239990234375,1028.389892578125,58.849998474121094,74.07186126708984,6601.6201171875,5559.72998046875,5567.0458984375,33.812923431396484,10.290159225463867,10.257746696472168,41.97592544555664,10.95956039428711,0.03654399886727333,0,0.0012809374602511525,0,1041.89013671875,-7.31591796875
47,15,0,1,Day,,47.665775299072266,42.334224700927734,286.7505187988281,266.79998779296875,259.3899841308594,11.003000259399414,0.9722263813018799,28.719995498657227,2.259999990463257,=NA(),=NA(),1.4833005666732788,1.4163999557495117,0.34380000829696655,0.08399999886751175,=NA(),20,1013.25,-46.42693328857422,12.301116943359375,279.905029296875,233.97000122070312,45.93499755859375,40.42937469482422,1537.5899658203125,1454.199951171875,1449.16943359375,37.62329864501953,2.4069747924804688,2.286531448364258,43.58348846435547,2.5654828548431396,0.008084437809884548,0,0.0009201875072903931,0,83.3900146484375,5.030517578125
47,16,0,1,Day,,59.68928146362305,30.310718536376953,276.3091125488281,222.11000061035156,215.0902862548828,13.909000396728516,0.9683953523635864,28.459985733032227,2.079900026321411,=NA(),=NA(),1.976381540298462,1.4163999557495117,0.34380000829696655,0.08399999886751175,=NA(),20,1013.25,-59.53740692138672,5.443840980529785,242.16000366210938,192.80499267578125,49.355003356933594,38.608116149902344,1322.6199951171875,1258.3900146484375,1251.1195068359375,37.80199432373047,2.0679683685302734,1.9468119144439697,43.55848693847656,2.214057683944702,0.006811125203967094,0,0.0009728125296533108,0,64.22998046875,7.2705078125
47,17,0,1,Day,,71.93871307373047,18.0612850189209,267.49163818359375,114.19999694824219,113.0847396850586,3.5971999168395996,0.9902341961860657,28.350000381469727,1.7401000261306763,=NA(),=NA(),3.1977639198303223,1.4163999557495117,0.34380000829696655,0.08399999886751175,=NA(),20,1013.25,-30.897228240966797,41.0822868347168,130.3350067138672,115.9749984741211,14.360000610351562,33.76000213623047,711.5900268554688,687.9199829101562,687.692138671875,37.37626647949219,1.1498873233795166,1.1157163381576538,43.12934494018555,1.2224289178848267,0.004002375062555075,0,0.00028612499590963125,0,23.6700439453125,0.22784423828125
47,18,0,1,Day,,84.04512786865234,5.954873085021973,259.1584777832031,8.204500198364258,8.204240798950195,0.0024999999441206455,0.999968409538269,26.07000160217285,2.9400999546051025,=NA(),=NA(),8.901165008544922,1.4163999557495117,0.34380000829696655,0.08399999886751175,=NA(),20,1013.25,-8.815743446350098,75.39053344726562,8.949999809265137,8.129999160766602,0.8250000476837158,26.454980850219727,39.56999969482422,39.25,39.24690628051758,33.78659439086914,0.07260054349899292,0.07209493964910507,39.21539306640625,0.08335419744253159,0.00027506251353770494,0,0.00001799999881768599,0,0.31999969482421875,0.003093719482421875
47,19,0,1,Night,Sun below height limit of 1 degrees.,89.8470458984375,0.15295472741127014,254.7798309326172,0,0,0,0,23.659997940063477,4.920100212097168,=NA(),0,35.7353401184082,1.4163999557495117,0.34380000829696655,0.08399999886751175,=NA(),20,1013.25,0,0,0,0,0,23.659997940063477,0,0,0,0,0,0,0,0,0,0,0,0,0,0
47,20,0,1,Night,,107.28125,-17.281253814697266,240.83616638183594,0,0,0,0,22.6199893951416,6.110000133514404,=NA(),0,64.81599426269531,1.4163999557495117,0.34380000829696655,0.08399999886751175,=NA(),20,1013.25,0,0,0,0,0,22.6199893951416,0,0,0,0,0,0,0,0,0,0,0,0,0,0
47,21,0,1,Night,,117.34754943847656,-27.347551345825195,229.31117248535156,0,0,0,0,21.8699893951416,6.670100212097168,=NA(),0,64.81599426269531,1.4163999557495117,0.34380000829696655,0.08399999886751175,=NA(),20,1013.25,0,0,0,0,0,21.8699893951416,0,0,0,0,0,0,0,0,0,0,0,0,0,0
47,22,0,1,Night,,125.61939239501953,-35.61939239501953,215.08993530273438,0,0,0,0,20.730005264282227,6.689899921417236,=NA(),0,64.81599426269531,1.4163999557495117,0.34380000829696655,0.08399999886751175,=NA(),20,1013.25,0,0,0,0,0,20.730005264282227,0,0,0,0,0,0,0,0,0,0,0,0,0,0
47,23,0,1,Night,,131.1171112060547,-41.117103576660156,197.71450805664062,0,0,0,0,19.600000381469727,6.349999904632568,=NA(),0,64.81599426269531,1.4163999557495117,0.34380000829696655,0.08399999886751175,=NA(),20,1013.25,0,0,0,0,0,19.600000381469727,0,0,0,0,0,0,0,0,0,0,0,0,0,0
48,0,0,1,Night,,132.8310546875,-42.83106231689453,178.08595275878906,0,0,0,0,19.07000160217285,5.659900188446045,=NA(),0,64.81599426269531,1.4163999557495117,0.34380000829696655,0.08399999886751175,=NA(),20,1013.25,0,0,0,0,0,19.07000160217285,0,0,0,0,0,0,0,0,0,0,0,0,0,0
48,1,0,1,Night,,130.36065673828125,-40.36066436767578,158.71728515625,0,0,0,0,18.209985733032227,5.230000019073486,=NA(),0,64.81599426269531,1.4163999557495117,0.34380000829696655,0.08399999886751175,=NA(),20,1013.25,0,0,0,0,0,18.209985733032227,0,0,0,0,0,0,0,0,0,0,0,0,0,0
48,2,0,1,Night,,124.26942443847656,-34.2694206237793,141.90699768066406,0,0,0,0,18.100000381469727,5.150000095367432,=NA(),0,64.81599426269531,1.4163999557495117,0.34380000829696655,0.08399999886751175,=NA(),20,1013.25,0,0,0,0,0,18.100000381469727,0,0,0,0,0,0,0,0,0,0,0,0,0,0
48,3,0,1,Night,,115.60157775878906,-25.601577758789062,128.23301696777344,0,0,0,0,17.9999942779541,5.130000114440918,=NA(),0,64.81599426269531,1.4163999557495117,0.34380000829696655,0.08399999886751175,=NA(),20,1013.25,0,0,0,0,0,17.9999942779541,0,0,0,0,0,0,0,0,0,0,0,0,0,0
48,4,0,1,Night,,105.29313659667969,-15.293137550354004,117.10194396972656,0,0,0,0,17.7499942779541,5.28000020980835,=NA(),0,64.81599426269531,1.4163999557495117,0.34380000829696655,0.08399999886751175,=NA(),20,1013.25,0,0,0,0,0,17.7499942779541,0,0,0,0,0,0,0,0,0,0,0,0,0,0
48,5,0,1,Day,,88.8915023803711,1.1084964275360107,104.23572540283203,1.3087999820709229,1.3085697889328003,0.011900000274181366,0.9998241066932678,17.4999942779541,5.940000057220459,=NA(),=NA(),25.38979721069336,1.4163999557495117,0.34380000829696655,0.08399999886751175,=NA(),20,1013.25,1.6376781463623047,87.30415344238281,1.440000057220459,1.309999942779541,0.12999999523162842,17.57000160217285,3.379999876022339,3.419999837875366,3.4419543743133545,28.980215072631836,0.007423060480505228,0.007401830516755581,36.257476806640625,0.013353295624256134,0.00004400000034365803,0,0.000003000000106112566,0,-0.039999961853027344,-0.02195453643798828
48,6,0,1,Day,,81.85755157470703,8.142447471618652,99.09635925292969,88.2959976196289,84.93925476074219,23.700000762939453,0.9619830846786499,18.980005264282227,6.370100021362305,=NA(),=NA(),6.749356269836426,1.4163999557495117,0.34380000829696655,0.08399999886751175,=NA(),20,1013.25,12.159631729125977,69.85803985595703,123.29000091552734,116.27999877929688,7.010000228881836,24.1037540435791,634.2000122070312,634.9500122070312,635.5446166992188,38.55064392089844,1.0303720235824585,1.023939847946167,44.27642822265625,1.0918810367584229,0.003691375022754073,0,0.00015100000018719584,0,-0.75,-0.5946044921875
48,7,0,1,Day,,69.70409393310547,20.2959041595459,90.70114135742188,385.69000244140625,273.96710205078125,322.0899963378906,0.7103297710418701,21.08001136779785,6.099999904632568,=NA(),=NA(),2.8639211654663086,1.4163999557495117,0.34380000829696655,0.08399999886751175,=NA(),20,1013.25,37.201011657714844,32.50761413574219,681,652.780029296875,28.21500015258789,48.983116149902344,4024.010009765625,3706.85009765625,3712.246826171875,37.072837829589844,6.258458614349365,6.178318023681641,44.23061752319336,6.6181535720825195,0.022393250837922096,0,0.000661625002976507,0,317.159912109375,-5.396728515625
48,8,0,1,Day,,57.48841857910156,32.51158142089844,81.63152313232422,588.9099731445312,324.5230712890625,491.9100036621094,0.5510571599006653,22.980005264282227,5.309999942779541,=NA(),=NA(),1.8566005229949951,1.4163999557495117,0.34380000829696655,0.08399999886751175,=NA(),20,1013.25,57.209808349609375,7.04970121383667,911.9749755859375,853.1599731445312,58.814998626708984,60.464378356933594,5548.2998046875,4912.3798828125,4918.12451171875,35.62971878051758,8.627347946166992,8.505401611328125,43.369606018066406,9.146443367004395,0.03052075020968914,0,0.001223437488079071,0,635.919921875,-5.74462890625
48,9,0,1,Day,,45.589378356933594,44.410621643066406,70.62456512451172,700.7100219726562,316.5851135253906,548.9099731445312,0.4518061876296997,23.969995498657227,4.469900131225586,=NA(),=NA(),1.4276565313339233,1.4163999557495117,0.34380000829696655,0.08399999886751175,=NA(),20,1013.25,43.91944122314453,13.708840370178223,930.3099975585938,878.4949951171875,51.80999755859375,62.25688934326172,5633.75,4955.9501953125,4962.9619140625,35.3827018737793,8.766620635986328,8.697588920593262,43.169498443603516,9.303179740905762,0.031140999868512154,0,0.0010939999483525753,0,677.7998046875,-7.01171875
48,10,0,1,Day,,34.64837646484375,55.35162353515625,55.316932678222656,912.1099853515625,285.3197021484375,761.9099731445312,0.31281283497810364,24.990015029907227,3.7100000381469727,=NA(),=NA(),1.214989423751831,1.4163999557495117,0.34380000829696655,0.08399999886751175,=NA(),20,1013.25,29.609594345092773,18.875886917114258,1082.445068359375,1022.3599853515625,60.08000183105469,69.81124114990234,6568.080078125,5621.75,5628.39208984375,34.37866973876953,10.232342720031738,10.202024459838867,42.511722564697266,10.872912406921387,0.03632437437772751,0,0.001305937534198165,0,946.330078125,-6.64208984375
48,11,0,1,Day,,26.15185546875,63.84814453125,31.34207534790039,1012.0999755859375,253.5047149658203,845.1099853515625,0.2504739761352539,26.3699893951416,3.299999952316284,=NA(),=NA(),1.1137197017669678,1.4163999557495117,0.34380000829696655,0.08399999886751175,=NA(),20,1013.25,14.327127456665039,22.11309242248535,1115.0250244140625,1041.27490234375,73.75,72.7400131225586,6726.06982421875,5693.93994140625,5699.9267578125,33.992740631103516,10.48004150390625,10.461352348327637,42.185691833496094,11.138916015625,0.03695249930024147,0,0.0015960000455379486,0,1032.1298828125,-5.98681640625
48,12,0,1,Day,,23.135995864868164,66.86400604248047,356.4017639160156,1094.800048828125,254.12474060058594,914.2000122070312,0.23211976885795593,26.67998695373535,3.1898999214172363,=NA(),=NA(),1.0871928930282593,1.4163999557495117,0.34380000829696655,0.08399999886751175,=NA(),20,1013.25,-1.5360747575759888,23.087743759155273,1176.60498046875,1095.1500244140625,81.45999908447266,75.76250457763672,7095.6201171875,5938.830078125,5942.8203125,33.593082427978516,11.056629180908203,11.036728858947754,41.91094207763672,11.76020622253418,0.03890649974346161,0,0.0017964999424293637,0,1156.7900390625,-3.990234375
48,13,0,1,Day,,27.503942489624023,62.49605941772461,323.1557312011719,598.8900146484375,435.87213134765625,183.7899932861328,0.7277999520301819,26.469995498657227,3.090100049972534,=NA(),=NA(),1.1270649433135986,1.4163999557495117,0.34380000829696655,0.08399999886751175,=NA(),20,1013.25,-17.33869743347168,21.689197540283203,657.5350341796875,606.1099853515625,51.43000030517578,53.569358825683594,3889.840087890625,3524.880126953125,3528.984619140625,36.4465217590332,6.051662445068359,6.016088485717773,43.568603515625,6.408966541290283,0.02120162546634674,0,0.001093124970793724,0,364.9599609375,-4.1044921875
48,14,0,1,Day,,36.67347717285156,53.32652282714844,301.29931640625,857.6099853515625,288.3053283691406,709.8099975585938,0.33617299795150757,27.029993057250977,2.9300999641418457,=NA(),=NA(),1.2461262941360474,1.4163999557495117,0.34380000829696655,0.08399999886751175,=NA(),20,1013.25,-32.467926025390625,18.07602882385254,1037.35498046875,981.1600341796875,56.20000076293945,69.97313690185547,6302.72021484375,5390.330078125,5397.31005859375,34.36043930053711,9.817445755004883,9.785118103027344,42.4058837890625,10.440924644470215,0.03486987575888634,0,0.0012222499353811145,0,912.39013671875,-6.97998046875
48,15,0,1,Day,,47.887908935546875,42.112091064453125,287.1148986816406,660.7000122070312,322.4578552246094,504.3999938964844,0.48805487155914307,27.399988174438477,2.759999990463257,=NA(),=NA(),1.4896279573440552,1.4163999557495117,0.34380000829696655,0.08399999886751175,=NA(),20,1013.25,-46.59440994262695,12.609999656677246,897.5350341796875,845.2149658203125,52.31500244140625,64.45500946044922,5414.39013671875,4723.6201171875,4729.79150390625,35.09111785888672,8.424199104309082,8.339381217956543,42.80624771118164,8.944696426391602,0.029881061986088753,0,0.0010949374409392476,0,690.77001953125,-6.17138671875
48,16,0,1,Day,,59.89670944213867,30.103288650512695,276.63470458984375,437.3999938964844,303.0821228027344,267.79998779296875,0.69291752576828,27.33001136779785,2.469899892807007,=NA(),=NA(),1.988623023033142,1.4163999557495117,0.34380000829696655,0.08399999886751175,=NA(),20,1013.25,-59.72937774658203,5.736598014831543,658.4749755859375,600.4300537109375,58.04499816894531,54.396873474121094,3955.760009765625,3574.10009765625,3578.286376953125,36.345420837402344,6.153456211090088,6.020679473876953,43.49277114868164,6.518832683563232,0.021508874371647835,0,0.001158999977633357,0,381.659912109375,-4.186279296875
48,17,0,1,Day,,72.1434555053711,17.856542587280273,267.7892761230469,216.6999969482422,193.27493286132812,76.39399719238281,0.8919009566307068,26.6299991607666,2.399899959564209,=NA(),=NA(),3.232492446899414,1.4163999557495117,0.34380000829696655,0.08399999886751175,=NA(),20,1013.25,-30.376501083374023,41.797760009765625,324.66497802734375,305.135009765625,19.53499984741211,39.89873504638672,1895.199951171875,1797.330078125,1799.6710205078125,37.69674301147461,2.98380708694458,2.9352264404296875,44.03562545776367,3.1549429893493652,0.01062768790870905,0,0.00039906249730847776,0,97.869873046875,-2.3409423828125
48,18,0,1,Day,,84.25305938720703,5.746943950653076,259.4378967285156,16.194000244140625,16.174333572387695,0.1964000016450882,0.9987855553627014,24.469995498657227,4.03000020980835,=NA(),=NA(),9.175566673278809,1.4163999557495117,0.34380000829696655,0.08399999886751175,=NA(),20,1013.25,-8.490508079528809,75.90962982177734,17.700000762939453,16.080001831054688,1.6200000047683716,25.2187442779541,84.45999908447266,84.20999908447266,84.15669250488281,35.30832290649414,0.1489669680595398,0.14773841202259064,40.69664764404297,0.16463316977024078,0.0005435625207610428,0,0.00003506250141072087,0,0.25,0.05330657958984375
48,19,0,1,Night,Sun below height limit of 1 degrees.,89.93529510498047,0.064702607691288,255.13409423828125,0,0,0,0,22.350000381469727,5.380000114440918,=NA(),0,36.98052215576172,1.4163999557495117,0.34380000829696655,0.08399999886751175,=NA(),20,1013.25,0,0,0,0,0,22.350000381469727,0,0,0,0,0,0,0,0,0,0,0,0,0,0
48,20,0,1,Night,,107.53174591064453,-17.531749725341797,241.09228515625,0,0,0,0,21.70000648498535,6.900000095367432,=NA(),0,64.81599426269531,1.4163999557495117,0.34380000829696655,0.08399999886751175,=NA(),20,1013.25,0,0,0,0,0,21.70000648498535,0,0,0,0,0,0,0,0,0,0,0,0,0,0
48,21,0,1,Night,,117.6285400390625,-27.6285400390625,229.54705810546875,0,0,0,0,20.4999942779541,7.199999809265137,=NA(),0,64.81599426269531,1.4163999557495117,0.34380000829696655,0.08399999886751175,=NA(),20,1013.25,0,0,0,0,0,20.4999942779541,0,0,0,0,0,0,0,0,0,0,0,0,0,0
48,22,0,1,Night,,125.93440246582031,-35.93439865112305,215.2793426513672,0,0,0,0,19.610010147094727,7.099899768829346,=NA(),0,64.81599426269531,1.4163999557495117,0.34380000829696655,0.08399999886751175,=NA(),20,1013.25,0,0,0,0,0,19.610010147094727,0,0,0,0,0,0,0,0,0,0,0,0,0,0
48,23,0,1,Night,,131.46014404296875,-41.460147857666016,197.8110809326172,0,0,0,0,18.800012588500977,6.549900054931641,=NA(),0,64.81599426269531,1.4163999557495117,0.34380000829696655,0.08399999886751175,=NA(),20,1013.25,0,0,0,0,0,18.800012588500977,0,0,0,0,0,0,0,0,0,0,0,0,0,0
49,0,0,1,Night,,133.18080139160156,-43.18080520629883,178.04843139648438,0,0,0,0,17.70000648498535,5.979899883270264,=NA(),0,64.81599426269531,1.4163999557495117,0.34380000829696655,0.08399999886751175,=NA(),20,1013.25,0,0,0,0,0,17.70000648498535,0,0,0,0,0,0,0,0,0,0,0,0,0,0
49,1,0,1,Night,,130.68910217285156,-40.68909454345703,158.5545654296875,0,0,0,0,16.740015029907227,5.380000114440918,=NA(),0,64.81599426269531,1.4163999557495117,0.34380000829696655,0.08399999886751175,=NA(),20,1013.25,0,0,0,0,0,16.740015029907227,0,0,0,0,0,0,0,0,0,0,0,0,0,0
49,2,0,1,Night,,124.56038665771484,-34.560386657714844,141.66851806640625,0,0,0,0,14.439996719360352,4.880000114440918,=NA(),0,64.81599426269531,1.4163999557495117,0.34380000829696655,0.08399999886751175,=NA(),20,1013.25,0,0,0,0,0,14.439996719360352,0,0,0,0,0,0,0,0,0,0,0,0,0,0
49,3,0,1,Night,,115.85413360595703,-25.8541316986084,127.96165466308594,0,0,0,0,12.820001602172852,4.380099773406982,=NA(),0,64.81599426269531,1.4163999557495117,0.34380000829696655,0.08399999886751175,=NA(),20,1013.25,0,0,0,0,0,12.820001602172852,0,0,0,0,0,0,0,0,0,0,0,0,0,0
49,4,0,1,Night,,105.51399230957031,-15.513996124267578,116.81803894042969,0,0,0,0,11.929986953735352,4.079899787902832,=NA(),0,64.81599426269531,1.4163999557495117,0.34380000829696655,0.08399999886751175,=NA(),20,1013.25,0,0,0,0,0,11.929986953735352,0,0,0,0,0,0,0,0,0,0,0,0,0,0
49,5,0,1,Night,Sun above horizon but GHI below 1,88.96691131591797,1.0330861806869507,103.87084197998047,0.7031999826431274,0.7031116485595703,0,0.9998743534088135,11.100000381469727,4.779900074005127,=NA(),0,26.028654098510742,1.4163999557495117,0.34380000829696655,0.08399999886751175,=NA(),20,1013.25,0,0,0,0,0,11.100000381469727,0,0,0,0,0,0,0,0,0,0,0,0,0,0
49,6,0,1,Day,,82.03675842285156,7.963242530822754,98.7928695678711,142.99000549316406,126.56079864501953,118.58999633789062,0.885102391242981,15.330011367797852,7.110000133514404,=NA(),=NA(),6.886867523193359,1.4163999557495117,0.34380000829696655,0.08399999886751175,=NA(),20,1013.25,11.865605354309082,70.31684875488281,232.54998779296875,223.73500061035156,8.809999465942383,24.99688148498535,1184.8499755859375,1182.5,1184.162353515625,39.23859405517578,1.8861565589904785,1.8779702186584473,45.219573974609375,1.9908417463302612,0.006810124963521957,0,0.00019268749747425318,0,2.3499755859375,-1.662353515625
49,7,0,1,Day,,69.88060760498047,20.1193904876709,90.37726593017578,371.70001220703125,265.0291442871094,310.1099853515625,0.7130189538002014,19.18999671936035,8.289899826049805,=NA(),=NA(),2.887606143951416,1.4163999557495117,0.34380000829696655,0.08399999886751175,=NA(),20,1013.25,36.63240051269531,33.249481201171875,652.8599853515625,625.5899658203125,27.270000457763672,45.858116149902344,3858.169921875,3592.449951171875,3598.33837890625,37.4698486328125,6.002140998840332,5.925682544708252,44.55754089355469,6.34397029876709,0.021478749811649323,0,0.0006368749891407788,0,265.719970703125,-5.888427734375
49,8,0,1,Day,,57.670387268066406,32.329612731933594,81.27482604980469,597.5,330.6936950683594,498.8999938964844,0.5534622669219971,21.92998695373535,8.059900283813477,=NA(),=NA(),1.8658510446548462,1.4163999557495117,0.34380000829696655,0.08399999886751175,=NA(),20,1013.25,57.36825942993164,7.36444616317749,927.7099609375,867.72998046875,59.980003356933594,60.03063201904297,5644.0498046875,5005.35986328125,5011.95654296875,35.683353424072266,8.778738021850586,8.655182838439941,43.459312438964844,9.307940483093262,0.031049000099301338,0,0.0012452499940991402,0,638.68994140625,-6.5966796875
49,9,0,1,Day,,45.791019439697266,44.208980560302734,70.22135162353516,792.4000244140625,331.081298828125,661.5999755859375,0.41782090067863464,23.300012588500977,7.550099849700928,=NA(),=NA(),1.4327956438064575,1.4163999557495117,0.34380000829696655,0.08399999886751175,=NA(),20,1013.25,44.04936981201172,14.03747272491455,1059.215087890625,1002.35498046875,56.849998474121094,67.04375457763672,6416.9599609375,5549.06005859375,5556.58203125,34.74189376831055,9.99622917175293,9.922282218933105,42.818382263183594,10.621520042419434,0.035550251603126526,0,0.0012036875123158097,0,867.89990234375,-7.52197265625
49,10,0,1,Day,,34.89142990112305,55.10857009887695,54.869998931884766,947.7000122070312,298.6461181640625,791.2999877929688,0.31512728333473206,25.33001136779785,7.119999885559082,=NA(),=NA(),1.2185643911361694,1.4163999557495117,0.34380000829696655,0.08399999886751175,=NA(),20,1013.25,29.698579788208008,19.217878341674805,1124.324951171875,1061.4849853515625,62.845001220703125,71.94811248779297,6815.169921875,5787.16015625,5794.748046875,34.083560943603516,10.625991821289062,10.59782600402832,42.314598083496094,11.304675102233887,0.03770224750041962,0,0.0013648750027641654,0,1028.009765625,-7.587890625
49,11,0,1,Day,,26.460844039916992,63.539154052734375,30.96019172668457,1040.9000244140625,262.7582092285156,869.2000122070312,0.2524336576461792,25.800012588500977,6.809999942779541,=NA(),=NA(),1.1166869401931763,1.4163999557495117,0.34380000829696655,0.08399999886751175,=NA(),20,1013.25,14.36217212677002,22.463897705078125,1146.794921875,1070.8299560546875,75.96499633789062,73.5218734741211,6913.7099609375,5835.990234375,5841.92138671875,33.88325119018555,10.775827407836914,10.755927085876465,42.14319610595703,11.455663681030273,0.03799787536263466,0,0.0016431874828413129,0,1077.7197265625,-5.93115234375
49,12,0,1,Day,,23.488441467285156,66.51155853271484,356.4004821777344,835.489990234375,320.6164855957031,561.3900146484375,0.3837466537952423,26.45000648498535,6.469900131225586,=NA(),=NA(),1.0900728702545166,1.4163999557495117,0.34380000829696655,0.08399999886751175,=NA(),20,1013.25,-1.562839150428772,23.4393310546875,899.4849853515625,835.719970703125,63.76499938964844,63.64873504638672,5414.6201171875,4737.9697265625,4742.40966796875,35.211280822753906,8.417774200439453,8.403913497924805,42.9106559753418,8.92768383026123,0.02957131341099739,0,0.0014061250258237123,0,676.650390625,-4.43994140625
49,13,0,1,Day,,27.818510055541992,62.18149185180664,323.4988098144531,1018.4000244140625,266.280517578125,850.4000244140625,0.2614694833755493,26.490015029907227,6.159999847412109,=NA(),=NA(),1.1303062438964844,1.4163999557495117,0.34380000829696655,0.08399999886751175,=NA(),20,1013.25,-17.425457000732422,22.032468795776367,1133.9100341796875,1061.2900390625,72.6199951171875,73.65123748779297,6841.7900390625,5772.2099609375,5778.69091796875,33.86544418334961,10.66479778289795,10.653010368347168,42.10454177856445,11.348727226257324,0.03764287382364273,0,0.0015793750062584877,0,1069.580078125,-6.48095703125
49,14,0,1,Day,,36.93416213989258,53.06583786010742,301.6959533691406,948.5999755859375,315.4534606933594,792.0999755859375,0.3325463533401489,27.480005264282227,6.019999980926514,=NA(),=NA(),1.2503650188446045,1.4163999557495117,0.34380000829696655,0.08399999886751175,=NA(),20,1013.25,-32.60414505004883,18.404178619384766,1146.739990234375,1083.8349609375,62.894996643066406,75.15813446044922,6954.51025390625,5833.85986328125,5840.86669921875,33.66104507446289,10.84500503540039,10.806013107299805,41.945953369140625,11.552666664123535,0.03851399943232536,0,0.0013650000328198075,0,1120.650390625,-7.0068359375
49,15,0,1,Day,,48.11551284790039,41.88448715209961,287.4776611328125,694.7100219726562,317.95916748046875,564.3099975585938,0.4576861560344696,27.6199893951416,5.949999809265137,=NA(),=NA(),1.4961906671524048,1.4163999557495117,0.34380000829696655,0.08399999886751175,=NA(),20,1013.25,-46.76649475097656,12.920351028442383,952.1599731445312,899.0150146484375,53.14500045776367,66.9749984741211,5754.5302734375,4975.080078125,4981.84521484375,34.75923538208008,8.957840919494629,8.873763084411621,42.60491180419922,9.520515441894531,0.03181356191635132,0,0.0011157500557601452,0,779.4501953125,-6.76513671875
49,16,0,1,Day,,60.109214782714844,29.890785217285156,276.9600524902344,458.5,302.4671630859375,313.1000061035156,0.6596884727478027,27.339990615844727,5.389999866485596,=NA(),=NA(),2.0013489723205566,1.4163999557495117,0.34380000829696655,0.08399999886751175,=NA(),20,1013.25,-59.92578125,6.030497074127197,704.2900390625,645.675048828125,58.61499786376953,56.284996032714844,4247.490234375,3813.050048828125,3818.026123046875,36.11790084838867,6.607079029083252,6.476803302764893,43.384708404541016,7.002636909484863,0.023152437061071396,0,0.00116906245239079,0,434.440185546875,-4.97607421875
49,17,0,1,Day,,72.35311126708984,17.646888732910156,268.0872802734375,213.80999755859375,191.07164001464844,75.00700378417969,0.89365154504776,26.860010147094727,3.8901000022888184,=NA(),=NA(),3.2688779830932617,1.4163999557495117,0.34380000829696655,0.08399999886751175,=NA(),20,1013.25,-29.85449981689453,42.521018981933594,320.0350036621094,300.9049987792969,19.135000228881836,39.94561004638672,1865.06005859375,1768.3299560546875,1770.6402587890625,37.67287826538086,2.9375345706939697,2.89017915725708,44.001102447509766,3.1063170433044434,0.010463625192642212,0,0.00039256250602193177,0,96.7301025390625,-2.310302734375
49,18,0,1,Day,,84.43968963623047,5.56030797958374,259.7366943359375,16.70199966430664,16.68208885192871,0.20550000667572021,0.9988079071044922,25.040002822875977,4.989999771118164,=NA(),=NA(),9.435896873474121,1.4163999557495117,0.34380000829696655,0.08399999886751175,=NA(),20,1013.25,-8.198898315429688,76.3747329711914,18.260000228881836,16.594999313354492,1.6700000762939453,25.81499671936035,87.37999725341797,86.91999816894531,86.93611145019531,35.23938751220703,0.1541881561279297,0.1532256305217743,40.665889739990234,0.16987240314483643,0.0005606875056400895,0,0.000036375000490807,0,0.45999908447265625,-0.01611328125
49,19,0,1,Night,,96.5601806640625,-6.560180187225342,251.0523681640625,0,0,0,0,23.600000381469727,6.349999904632568,=NA(),0,64.81599426269531,1.4163999557495117,0.34380000829696655,0.08399999886751175,=NA(),20,1013.25,0,0,0,0,0,23.600000381469727,0,0,0,0,0,0,0,0,0,0,0,0,0,0
49,20,0,1,Night,,107.78585815429688,-17.785858154296875,241.3494415283203,0,0,0,0,22.719995498657227,6.689899921417236,=NA(),0,64.81599426269531,1.4163999557495117,0.34380000829696655,0.08399999886751175,=NA(),20,1013.25,0,0,0,0,0,22.719995498657227,0,0,0,0,0,0,0,0,0,0,0,0,0,0
49,21,0,1,Night,,117.91309356689453,-27.91309356689453,229.7838134765625,0,0,0,0,21.790002822875977,6.7600998878479,=NA(),0,64.81599426269531,1.4163999557495117,0.34380000829696655,0.08399999886751175,=NA(),20,1013.25,0,0,0,0,0,21.790002822875977,0,0,0,0,0,0,0,0,0,0,0,0,0,0
49,22,0,1,Night,,126.25309753417969,-36.25309753417969,215.46897888183594,0,0,0,0,20.33001136779785,6.789999961853027,=NA(),0,64.81599426269531,1.4163999557495117,0.34380000829696655,0.08399999886751175,=NA(),20,1013.25,0,0,0,0,0,20.33001136779785,0,0,0,0,0,0,0,0,0,0,0,0,0,0
49,23,0,1,Night,,131.80674743652344,-41.80675506591797,197.90594482421875,0,0,0,0,19.779993057250977,6.379899978637695,=NA(),0,64.81599426269531,1.4163999557495117,0.34380000829696655,0.08399999886751175,=NA(),20,1013.25,0,0,0,0,0,19.779993057250977,0,0,0,0,0,0,0,0,0,0,0,0,0,0
50,0,0,1,Night,,133.5333709716797,-43.53336715698242,178.00631713867188,0,0,0,0,19.20000648498535,5.960100173950195,=NA(),0,64.81599426269531,1.4163999557495117,0.34380000829696655,0.08399999886751175,=NA(),20,1013.25,0,0,0,0,0,19.20000648498535,0,0,0,0,0,0,0,0,0,0,0,0,0,0
50,1,0,1,Night,,131.01914978027344,-41.01914978027344,158.38528442382812,0,0,0,0,18.32000160217285,5.760000228881836,=NA(),0,64.81599426269531,1.4163999557495117,0.34380000829696655,0.08399999886751175,=NA(),20,1013.25,0,0,0,0,0,18.32000160217285,0,0,0,0,0,0,0,0,0,0,0,0,0,0
50,2,0,1,Night,,124.85144805908203,-34.85144805908203,141.42340087890625,0,0,0,0,17.43999671936035,5.929999828338623,=NA(),0,64.81599426269531,1.4163999557495117,0.34380000829696655,0.08399999886751175,=NA(),20,1013.25,0,0,0,0,0,17.43999671936035,0,0,0,0,0,0,0,0,0,0,0,0,0,0
50,3,0,1,Night,,116.10538482666016,-26.10538673400879,127.68443298339844,0,0,0,0,17.589990615844727,6.110000133514404,=NA(),0,64.81599426269531,1.4163999557495117,0.34380000829696655,0.08399999886751175,=NA(),20,1013.25,0,0,0,0,0,17.589990615844727,0,0,0,0,0,0,0,0,0,0,0,0,0,0
50,4,0,1,Night,,105.73213195800781,-15.732134819030762,116.52912902832031,0,0,0,0,17.399988174438477,6.019999980926514,=NA(),0,64.81599426269531,1.4163999557495117,0.34380000829696655,0.08399999886751175,=NA(),20,1013.25,0,0,0,0,0,17.399988174438477,0,0,0,0,0,0,0,0,0,0,0,0,0,0
50,5,0,1,Night,Sun below height limit of 1 degrees.,89.05509185791016,0.9449118375778198,103.49927520751953,0.19529999792575836,0.19529999792575836,0,1,16.920007705688477,6.910099983215332,=NA(),0,26.80859375,1.4163999557495117,0.34380000829696655,0.08399999886751175,=NA(),20,1013.25,0,0,0,0,0,16.920007705688477,0,0,0,0,0,0,0,0,0,0,0,0,0,0
50,6,0,1,Day,,82.2181396484375,7.781861782073975,98.48542785644531,136.89999389648438,121.6808090209961,112.4000015258789,0.8888298869132996,18.920007705688477,7.569900035858154,=NA(),=NA(),7.031713485717773,1.4163999557495117,0.34380000829696655,0.08399999886751175,=NA(),20,1013.25,11.570064544677734,70.78011322021484,224.95999145507812,216.71499633789062,8.239999771118164,28.31438636779785,1131.6500244140625,1116.530029296875,1118.18994140625,38.7034797668457,1.8056997060775757,1.7981775999069214,44.6883544921875,1.9078668355941772,0.006519250106066465,0,0.0001806250074878335,0,15.1199951171875,-1.659912109375
50,7,0,1,Day,,70.05757904052734,19.942420959472656,90.04969787597656,360.3900146484375,258.616455078125,298.3900146484375,0.7176015973091125,21.469995498657227,7.369999885559082,=NA(),=NA(),2.9117727279663086,1.4163999557495117,0.34380000829696655,0.08399999886751175,=NA(),20,1013.25,36.07793426513672,33.97966384887695,629.905029296875,603.4100341796875,26.489999771118164,47.22063446044922,3723.239990234375,3449.9599609375,3455.869140625,37.26338577270508,5.7964301109313965,5.722628116607666,44.313316345214844,6.130238056182861,0.02073637582361698,0,0.0006158124888315797,0,273.280029296875,-5.9091796875
50,8,0,1,Day,,57.85293960571289,32.14706039428711,80.91464233398438,580.3900146484375,322.54248046875,484.5899963378906,0.5557340383529663,23.860010147094727,6.239999771118164,=NA(),=NA(),1.8752425909042358,1.4163999557495117,0.34380000829696655,0.08399999886751175,=NA(),20,1013.25,57.526161193847656,7.683248043060303,902.4449462890625,843.6300048828125,58.80999755859375,60.94499969482422,5490.0400390625,4852.080078125,4858.89501953125,35.55678939819336,8.540932655334473,8.420138359069824,43.28666305541992,9.059995651245117,0.03019162453711033,0,0.0012181875063106418,0,637.9599609375,-6.81494140625
50,9,0,1,Day,,45.99388122558594,44.00611877441406,69.8150634765625,766.1099853515625,321.4725036621094,640.010009765625,0.4196166396141052,26.050012588500977,4.989999771118164,=NA(),=NA(),1.438020944595337,1.4163999557495117,0.34380000829696655,0.08399999886751175,=NA(),20,1013.25,44.17839813232422,14.370054244995117,1025.7149658203125,970.739990234375,54.974998474121094,68.4850082397461,6216.8798828125,5346.419921875,5352.666015625,34.56271743774414,9.679305076599121,9.604690551757812,42.56863784790039,10.283541679382324,0.0344320610165596,0,0.0011637499555945396,0,870.4599609375,-6.24609375
50,10,0,1,Day,,35.136409759521484,54.863590240478516,54.421180725097656,920.510009765625,291.95294189453125,768.6099853515625,0.3171643316745758,27.339990615844727,3.869999885559082,=NA(),=NA(),1.2222113609313965,1.4163999557495117,0.34380000829696655,0.08399999886751175,=NA(),20,1013.25,29.785978317260742,19.56361961364746,1092.844970703125,1031.905029296875,60.94499969482422,72.68187713623047,6627.08984375,5611.06005859375,5618.45556640625,33.994667053222656,10.329658508300781,10.29837417602539,42.162296295166016,10.992767333984375,0.036649126559495926,0,0.0013238125247880816,0,1016.02978515625,-7.3955078125
50,11,0,1,Day,,26.772415161132812,63.22758483886719,30.577804565429688,966.489990234375,247.97125244140625,804.7899780273438,0.25656887888908386,27.850000381469727,3,=NA(),=NA(),1.1197279691696167,1.4163999557495117,0.34380000829696655,0.08399999886751175,=NA(),20,1013.25,14.394796371459961,22.81818389892578,1064.965087890625,994.510009765625,70.45999908447266,72.12248992919922,6425.02001953125,5450.7900390625,5456.1923828125,34.08514404296875,10.004712104797363,9.98396110534668,42.1695556640625,10.632291793823242,0.035275187343358994,0,0.0015254374593496323,0,974.22998046875,-5.40234375
50,12,0,1,Day,,23.844114303588867,66.1558837890625,356.39239501953125,435,400.704345703125,37.49599838256836,0.9211593866348267,28.300012588500977,2.3499999046325684,=NA(),=NA(),1.0930366516113281,1.4163999557495117,0.34380000829696655,0.08399999886751175,=NA(),20,1013.25,-1.5929903984069824,23.793943405151367,473.635009765625,434.9649963378906,38.66999816894531,47.842491149902344,2745.9599609375,2535.7099609375,2538.25537109375,36.981266021728516,4.289766311645508,4.281379699707031,43.66118621826172,4.540145397186279,0.014980750158429146,0,0.0008515624795109034,0,210.25,-2.54541015625
50,13,0,1,Day,,28.138042449951172,61.86195755004883,323.83258056640625,918.2999877929688,259.496826171875,747.0999755859375,0.28258395195007324,29.100000381469727,1.809999942779541,=NA(),=NA(),1.133652925491333,1.4163999557495117,0.34380000829696655,0.08399999886751175,=NA(),20,1013.25,-17.5163631439209,22.378210067749023,1022.5599975585938,956.9100341796875,65.6500015258789,71.5737533569336,6175.83984375,5249.3701171875,5254.83349609375,34.16022491455078,9.614310264587402,9.604500770568848,42.15815353393555,10.221681594848633,0.03393150120973587,0,0.0014271249528974295,0,926.4697265625,-5.46337890625
50,14,0,1,Day,,37.20039749145508,52.79960250854492,302.0879211425781,837.510009765625,290.846435546875,686.3099975585938,0.34727516770362854,29.459985733032227,1.3698999881744385,=NA(),=NA(),1.2547507286071777,1.4163999557495117,0.34380000829696655,0.08399999886751175,=NA(),20,1013.25,-32.74485778808594,18.734188079833984,1013.8800048828125,958.5150146484375,55.36499786376953,71.48625946044922,6159.759765625,5237.3798828125,5243.8056640625,34.16545867919922,9.592663764953613,9.558544158935547,42.16388702392578,10.206823348999023,0.03406437486410141,0,0.0012013125233352184,0,922.3798828125,-6.42578125
50,15,0,1,Day,,48.3485221862793,41.6514778137207,287.8387145996094,699.8099975585938,318.39068603515625,573.9099731445312,0.45496731996536255,30.149988174438477,1.0099999904632568,=NA(),=NA(),1.5029938220977783,1.4163999557495117,0.34380000829696655,0.08399999886751175,=NA(),20,1013.25,-46.94314956665039,13.232131004333496,961.6300048828125,908.135009765625,53.49500274658203,69.98125457763672,5815.06005859375,4971.0498046875,4977.7744140625,34.361209869384766,9.05419921875,8.967344284057617,42.23860549926758,9.633051872253418,0.032154060900211334,0,0.0011236249702051282,0,844.01025390625,-6.724609375
50,16,0,1,Day,,60.32686996459961,29.673131942749023,277.28497314453125,435.79998779296875,300.89849853515625,272.5,0.69045090675354,30.18999671936035,0.7001000046730042,=NA(),=NA(),2.0145809650421143,1.4163999557495117,0.34380000829696655,0.08399999886751175,=NA(),20,1013.25,-60,6.326712131500244,661.9349975585938,603.9450073242188,57.98999786376953,57.444358825683594,3979.77001953125,3556.43994140625,3561.19482421875,35.928985595703125,6.19504451751709,6.063288688659668,43.10686111450195,6.570305347442627,0.021648500114679337,0,0.00115537503734231,0,423.330078125,-4.7548828125
50,17,0,1,Day,,72.56769561767578,17.43230628967285,268.3855285644531,206.3000030517578,186.1365509033203,67.30599975585938,0.90226149559021,29.70000648498535,0.3100999891757965,=NA(),=NA(),3.3070127964019775,1.4163999557495117,0.34380000829696655,0.08399999886751175,=NA(),20,1013.25,-29.33123016357422,43.251983642578125,305.8699951171875,287.29498291015625,18.579999923706055,42.241233825683594,1776.27001953125,1670.1400146484375,1672.210693359375,37.29726791381836,2.802172899246216,2.756398916244507,43.603553771972656,2.9655838012695312,0.00997187476605177,0,0.00038268748903647065,0,106.1300048828125,-2.0706787109375
50,18,0,1,Day,,84.54228973388672,5.457708358764648,260.0992431640625,12.600000381469727,12.59040355682373,0.10090000182390213,0.9992383718490601,27.469995498657227,0.4099000096321106,=NA(),=NA(),9.585039138793945,1.4163999557495117,0.34380000829696655,0.08399999886751175,=NA(),20,1013.25,-8.034286499023438,76.63006591796875,13.770000457763672,12.514999389648438,1.2549999952316284,28.055627822875977,64.12000274658203,63.18000030517578,63.18714141845703,34.364784240722656,0.11491963267326355,0.114171102643013,39.796363830566406,0.12826007604599,0.00042287498945370317,0,0.00002750000021478627,0,0.94000244140625,-0.00714111328125
50,19,0,1,Night,,96.80054473876953,-6.800544738769531,251.321533203125,0,0,0,0,24.1199893951416,0.8299999833106995,=NA(),0,64.81599426269531,1.4163999557495117,0.34380000829696655,0.08399999886751175,=NA(),20,1013.25,0,0,0,0,0,24.1199893951416,0,0,0,0,0,0,0,0,0,0,0,0,0,0
50,20,0,1,Night,,108.0440673828125,-18.0440673828125,241.6075439453125,0,0,0,0,22.110010147094727,1.3899999856948853,=NA(),0,64.81599426269531,1.4163999557495117,0.34380000829696655,0.08399999886751175,=NA(),20,1013.25,0,0,0,0,0,22.110010147094727,0,0,0,0,0,0,0,0,0,0,0,0,0,0
50,21,0,1,Night,,118.2015380859375,-28.201541900634766,230.021484375,0,0,0,0,21.57000160217285,2.119999885559082,=NA(),0,64.81599426269531,1.4163999557495117,0.34380000829696655,0.08399999886751175,=NA(),20,1013.25,0,0,0,0,0,21.57000160217285,0,0,0,0,0,0,0,0,0,0,0,0,0,0
50,22,0,1,Night,,126.57550811767578,-36.57550811767578,215.65882873535156,0,0,0,0,21.149988174438477,2.740000009536743,=NA(),0,64.81599426269531,1.4163999557495117,0.34380000829696655,0.08399999886751175,=NA(),20,1013.25,0,0,0,0,0,21.149988174438477,0,0,0,0,0,0,0,0,0,0,0,0,0,0
50,23,0,1,Night,,132.15679931640625,-42.15679931640625,197.99913024902344,0,0,0,0,22.409997940063477,2.9300999641418457,=NA(),0,64.81599426269531,1.4163999557495117,0.34380000829696655,0.08399999886751175,=NA(),20,1013.25,0,0,0,0,0,22.409997940063477,0,0,0,0,0,0,0,0,0,0,0,0,0,0
51,0,0,1,Night,,133.8887481689453,-43.88874435424805,177.9595947265625,0,0,0,0,22.0200138092041,2.9000000953674316,=NA(),0,64.81599426269531,1.4163999557495117,0.34380000829696655,0.08399999886751175,=NA(),20,1013.25,0,0,0,0,0,22.0200138092041,0,0,0,0,0,0,0,0,0,0,0,0,0,0
51,1,0,1,Night,,131.3507537841797,-41.35075759887695,158.20944213867188,0,0,0,0,22.0200138092041,2.890000104904175,=NA(),0,64.81599426269531,1.4163999557495117,0.34380000829696655,0.08399999886751175,=NA(),20,1013.25,0,0,0,0,0,22.0200138092041,0,0,0,0,0,0,0,0,0,0,0,0,0,0
51,2,0,1,Night,,125.14298248291016,-35.14298629760742,141.17161560058594,0,0,0,0,21.20000648498535,2.9700000286102295,=NA(),0,64.81599426269531,1.4163999557495117,0.34380000829696655,0.08399999886751175,=NA(),20,1013.25,0,0,0,0,0,21.20000648498535,0,0,0,0,0,0,0,0,0,0,0,0,0,0
51,3,0,1,Night,,116.35679626464844,-26.356796264648438,127.40141296386719,0,0,0,0,19.33001136779785,3.069999933242798,=NA(),0,64.81599426269531,1.4163999557495117,0.34380000829696655,0.08399999886751175,=NA(),20,1013.25,0,0,0,0,0,19.33001136779785,0,0,0,0,0,0,0,0,0,0,0,0,0,0
51,4,0,1,Night,,105.95069885253906,-15.950700759887695,116.23531341552734,0,0,0,0,17.860010147094727,3.059999942779541,=NA(),0,64.81599426269531,1.4163999557495117,0.34380000829696655,0.08399999886751175,=NA(),20,1013.25,0,0,0,0,0,17.860010147094727,0,0,0,0,0,0,0,0,0,0,0,0,0,0
51,5,0,1,Night,Sun below height limit of 1 degrees.,89.13656616210938,0.863430380821228,103.12591552734375,0.2930000126361847,0.2930000126361847,0,1,16.6299991607666,4.079899787902832,=NA(),0,27.562602996826172,1.4163999557495117,0.34380000829696655,0.08399999886751175,=NA(),20,1013.25,0,0,0,0,0,16.6299991607666,0,0,0,0,0,0,0,0,0,0,0,0,0,0
51,6,0,1,Day,,82.39799499511719,7.602006435394287,98.17415618896484,131.19000244140625,117.1274642944336,106.30000305175781,0.8928078413009644,19.969995498657227,3.9600000381469727,=NA(),=NA(),7.181298732757568,1.4163999557495117,0.34380000829696655,0.08399999886751175,=NA(),20,1013.25,11.278809547424316,71.23841094970703,213.93499755859375,205.94000244140625,8.005000114440918,28.925622940063477,1065.719970703125,1049.1600341796875,1050.70458984375,38.538856506347656,1.7039692401885986,1.696853518486023,44.50138854980469,1.8012150526046753,0.006148062646389008,0,0.00017537499661557376,0,16.5599365234375,-1.5445556640625
51,7,0,1,Day,,70.23426818847656,19.765731811523438,89.71858978271484,357.6000061035156,257.3987121582031,296.29998779296875,0.7197950482368469,23.1400089263916,3.51990008354187,=NA(),=NA(),2.9363317489624023,1.4163999557495117,0.34380000829696655,0.08399999886751175,=NA(),20,1013.25,35.53896713256836,34.69596481323242,624.7049560546875,598.655029296875,26.049999237060547,48.696861267089844,3699.719970703125,3410.320068359375,3416.108154296875,37.06015396118164,5.761157989501953,5.6873602867126465,44.1086540222168,6.095545768737793,0.02061418816447258,0,0.0006050000083632767,0,289.39990234375,-5.7880859375
51,8,0,1,Day,,58.035884857177734,31.9641170501709,80.55113220214844,576.0900268554688,321.5126037597656,480.8900146484375,0.5580943822860718,26.67998695373535,2.54010009765625,=NA(),=NA(),1.8847687244415283,1.4163999557495117,0.34380000829696655,0.08399999886751175,=NA(),20,1013.25,57.68331527709961,8.005969047546387,897.5599975585938,838.760009765625,58.79999923706055,63.63811492919922,5460.0400390625,4777.97998046875,4784.89599609375,35.19691467285156,8.496859550476074,8.376703262329102,42.92876434326172,9.0220308303833,0.030022062361240387,0,0.001215437543578446,0,682.06005859375,-6.916015625
51,9,0,1,Day,,46.197757720947266,43.802242279052734,69.40589904785156,757.9000244140625,319.7485656738281,633.010009765625,0.42188751697540283,28.850000381469727,1.7100000381469727,=NA(),=NA(),1.4433292150497437,1.4163999557495117,0.34380000829696655,0.08399999886751175,=NA(),20,1013.25,44.306339263916016,14.706411361694336,1015.7850341796875,961.2099609375,54.56999969482422,70.9331283569336,6155.68994140625,5244.8701171875,5251.8408203125,34.235260009765625,9.587822914123535,9.515352249145508,42.2335205078125,10.200029373168945,0.03408731147646904,0,0.0011544375447556376,0,910.81982421875,-6.970703125
51,10,0,1,Day,,35.38328170776367,54.61671829223633,53.97074508666992,893,285.0331726074219,745.7000122070312,0.31918609142303467,30.339990615844727,1.3598999977111816,=NA(),=NA(),1.2259314060211182,1.4163999557495117,0.34380000829696655,0.08399999886751175,=NA(),20,1013.25,29.871767044067383,19.912961959838867,1060.949951171875,1001.9349975585938,59.019996643066406,74.3918685913086,6443.66015625,5419.419921875,5426.45849609375,33.775390625,10.041441917419434,10.013509750366211,41.88429260253906,10.694169998168945,0.035626623779535294,0,0.0012818125542253256,0,1024.240234375,-7.03857421875
51,11,0,1,Day,,27.08648109436035,62.91352081298828,30.1951847076416,1062,272.4639892578125,886.7999877929688,0.256557434797287,31.610010147094727,1.5198999643325806,=NA(),=NA(),1.122843861579895,1.4163999557495117,0.34380000829696655,0.08399999886751175,=NA(),20,1013.25,14.424994468688965,23.175800323486328,1170.1500244140625,1092.4749755859375,77.67500305175781,80.5787582397461,7047.759765625,5788.759765625,5793.75732421875,32.95901870727539,10.98666763305664,10.964046478271484,41.27970504760742,11.705402374267578,0.03874268755316734,0,0.0016806875355541706,0,1259,-4.99755859375
51,12,0,1,Day,,24.202884674072266,65.79711151123047,356.37799072265625,654.1900024414062,432.650146484375,242.88999938964844,0.6613524556159973,31.8699893951416,1.750100016593933,=NA(),=NA(),1.096085548400879,1.4163999557495117,0.34380000829696655,0.08399999886751175,=NA(),20,1013.25,-1.6264946460723877,24.15145492553711,707.1300048828125,654.300048828125,52.834999084472656,61.141258239746094,4208.330078125,3711.3798828125,3715.716064453125,35.462711334228516,6.548630237579346,6.5397138595581055,42.73453140258789,6.949050426483154,0.02293512411415577,0,0.0011643749894574285,0,496.9501953125,-4.336181640625
51,13,0,1,Day,,28.462312698364258,61.537689208984375,324.15716552734375,932.5,256.43963623046875,769.010009765625,0.27500230073928833,32.08000946044922,1.929900050163269,=NA(),=NA(),1.1371058225631714,1.4163999557495117,0.34380000829696655,0.08399999886751175,=NA(),20,1013.25,-17.611345291137695,22.72625732421875,1038.85009765625,972.35498046875,66.5,75.3399887084961,6277.5400390625,5259.7099609375,5265.42236328125,33.661006927490234,9.776561737060547,9.76697063446045,41.70763397216797,10.409214973449707,0.03450162336230278,0,0.0014451249735429883,0,1017.830078125,-5.71240234375
51,14,0,1,Day,,37.47203063964844,52.52796936035156,302.47515869140625,861.8099975585938,291.8817138671875,718.1099853515625,0.3386845290660858,32.80998992919922,2.089900016784668,=NA(),=NA(),1.2592850923538208,1.4163999557495117,0.34380000829696655,0.08399999886751175,=NA(),20,1013.25,-32.890010833740234,19.06596565246582,1045.044921875,988.344970703125,56.70500183105469,76.26750946044922,6348.68017578125,5300.58984375,5307.7041015625,33.52988815307617,9.89360237121582,9.859162330627441,41.61200714111328,10.549073219299316,0.03512806072831154,0,0.0012301249662414193,0,1048.09033203125,-7.1142578125
51,15,0,1,Day,,48.58671569824219,41.41328430175781,288.1979064941406,598.5999755859375,336.1885681152344,396.70001220703125,0.5616247653961182,33.230003356933594,2.1698999404907227,=NA(),=NA(),1.510038137435913,1.4163999557495117,0.34380000829696655,0.08399999886751175,=NA(),20,1013.25,-47.124229431152344,13.545164108276367,797.2449951171875,743.2950439453125,53.95000076293945,66.2518539428711,4787.009765625,4145.4501953125,4150.54736328125,34.82558059692383,7.448931694030762,7.340735912322998,42.32576370239258,7.916778564453125,0.02626975066959858,0,0.0011200625449419022,0,641.5595703125,-5.09716796875
51,16,0,1,Day,,60.54930114746094,29.450698852539062,277.6094055175781,434.70001220703125,299.6861877441406,274.6000061035156,0.6894091963768005,33.18999481201172,2.0099000930786133,=NA(),=NA(),2.0283150672912598,1.4163999557495117,0.34380000829696655,0.08399999886751175,=NA(),20,1013.25,-60,6.629650115966797,663.2850341796875,605.5050048828125,57.78499984741211,60.563743591308594,3988.97998046875,3524.10009765625,3528.92626953125,35.508235931396484,6.211650371551514,6.0804290771484375,42.70412826538086,6.594771385192871,0.021702749654650688,0,0.0011529375333338976,0,464.8798828125,-4.826171875
51,17,0,1,Day,,72.78665161132812,17.21335220336914,268.6839904785156,201.60000610351562,182.75070190429688,63.69499969482422,0.9065014719963074,32.45000457763672,1.5801000595092773,=NA(),=NA(),3.346889019012451,1.4163999557495117,0.34380000829696655,0.08399999886751175,=NA(),20,1013.25,-28.80804443359375,43.988624572753906,297.6099853515625,279.4849853515625,18.125,44.68688201904297,1724.1400146484375,1606.6300048828125,1608.43896484375,36.92391586303711,2.7225587368011475,2.6781933307647705,43.220550537109375,2.8836586475372314,0.009684812277555466,0,0.000374625000404194,0,117.510009765625,-1.8089599609375
51,18,0,1,Night,Sun above horizon but GHI below 1,84.64563751220703,5.354360580444336,260.46490478515625,0,0,0,0,30.5100040435791,1.5700000524520874,=NA(),0,9.739843368530273,1.4163999557495117,0.34380000829696655,0.08399999886751175,=NA(),20,1013.25,0,0,0,0,0,30.5100040435791,0,0,0,0,0,0,0,0,0,0,0,0,0,0
51,19,0,1,Night,,97.04370880126953,-7.04370641708374,251.5915069580078,0,0,0,0,24.70000648498535,1.4900000095367432,=NA(),0,64.81599426269531,1.4163999557495117,0.34380000829696655,0.08399999886751175,=NA(),20,1013.25,0,0,0,0,0,24.70000648498535,0,0,0,0,0,0,0,0,0,0,0,0,0,0
51,20,0,1,Night,,108.30525970458984,-18.305259704589844,241.86660766601562,0,0,0,0,25.959985733032227,1.3598999977111816,=NA(),0,64.81599426269531,1.4163999557495117,0.34380000829696655,0.08399999886751175,=NA(),20,1013.25,0,0,0,0,0,25.959985733032227,0,0,0,0,0,0,0,0,0,0,0,0,0,0
51,21,0,1,Night,,118.49356842041016,-28.49356460571289,230.2600555419922,0,0,0,0,21.93999671936035,1.309999942779541,=NA(),0,64.81599426269531,1.4163999557495117,0.34380000829696655,0.08399999886751175,=NA(),20,1013.25,0,0,0,0,0,21.93999671936035,0,0,0,0,0,0,0,0,0,0,0,0,0,0
51,22,0,1,Night,,126.90162658691406,-36.90162658691406,215.84889221191406,0,0,0,0,20.459985733032227,1.4600000381469727,=NA(),0,64.81599426269531,1.4163999557495117,0.34380000829696655,0.08399999886751175,=NA(),20,1013.25,0,0,0,0,0,20.459985733032227,0,0,0,0,0,0,0,0,0,0,0,0,0,0
51,23,0,1,Night,,132.5105743408203,-42.51057434082031,198.09063720703125,0,0,0,0,19.82000160217285,1.7598999738693237,=NA(),0,64.81599426269531,1.4163999557495117,0.34380000829696655,0.08399999886751175,=NA(),20,1013.25,0,0,0,0,0,19.82000160217285,0,0,0,0,0,0,0,0,0,0,0,0,0,0
52,0,0,1,Night,,134.24717712402344,-44.24717330932617,177.908203125,0,0,0,0,19.100000381469727,2.089900016784668,=NA(),0,64.81599426269531,1.4163999557495117,0.34380000829696655,0.08399999886751175,=NA(),20,1013.25,0,0,0,0,0,19.100000381469727,0,0,0,0,0,0,0,0,0,0,0,0,0,0
52,1,0,1,Night,,131.6843719482422,-41.68436813354492,158.02696228027344,0,0,0,0,18.300012588500977,2.389899969100952,=NA(),0,64.81599426269531,1.4163999557495117,0.34380000829696655,0.08399999886751175,=NA(),20,1013.25,0,0,0,0,0,18.300012588500977,0,0,0,0,0,0,0,0,0,0,0,0,0,0
52,2,0,1,Night,,125.4355239868164,-35.435523986816406,140.91323852539062,0,0,0,0,17.480005264282227,2.639899969100952,=NA(),0,64.81599426269531,1.4163999557495117,0.34380000829696655,0.08399999886751175,=NA(),20,1013.25,0,0,0,0,0,17.480005264282227,0,0,0,0,0,0,0,0,0,0,0,0,0,0
52,3,0,1,Night,,116.60838317871094,-26.608379364013672,127.11270141601562,0,0,0,0,16.600000381469727,2.759999990463257,=NA(),0,64.81599426269531,1.4163999557495117,0.34380000829696655,0.08399999886751175,=NA(),20,1013.25,0,0,0,0,0,16.600000381469727,0,0,0,0,0,0,0,0,0,0,0,0,0,0
52,4,0,1,Night,,106.16886138916016,-16.168859481811523,115.93669128417969,0,0,0,0,17.20000648498535,2.819999933242798,=NA(),0,64.81599426269531,1.4163999557495117,0.34380000829696655,0.08399999886751175,=NA(),20,1013.25,0,0,0,0,0,17.20000648498535,0,0,0,0,0,0,0,0,0,0,0,0,0,0
52,5,0,1,Night,Sun below height limit of 1 degrees.,89.22361755371094,0.7763828039169312,102.75328063964844,3.594399929046631,3.5931057929992676,0,0.9996399283409119,16.9999942779541,3.9198999404907227,=NA(),0,28.40513801574707,1.4163999557495117,0.34380000829696655,0.08399999886751175,=NA(),20,1013.25,0,0,0,0,0,16.9999942779541,0,0,0,0,0,0,0,0,0,0,0,0,0,0
52,6,0,1,Day,,82.57694244384766,7.423054218292236,97.85919952392578,88.00299835205078,83.8687744140625,32,0.953021764755249,20.17998695373535,3.7400999069213867,=NA(),=NA(),7.3363728523254395,1.4163999557495117,0.34380000829696655,0.08399999886751175,=NA(),20,1013.25,10.990805625915527,71.69334411621094,126.02000427246094,119.33499908447266,6.690000057220459,25.45061683654785,628.9299926757812,626.6900024414062,627.4073486328125,38.33388137817383,1.0229312181472778,1.0174424648284912,44.07439422607422,1.0841776132583618,0.0036674998700618744,0,0.0001448124967282638,0,2.239990234375,-0.71734619140625
52,7,0,1,Day,,70.41034698486328,19.58965492248535,89.38404846191406,179.5,170.848388671875,25.804000854492188,0.951801598072052,21.93999671936035,3.4298999309539795,=NA(),=NA(),2.961244821548462,1.4163999557495117,0.34380000829696655,0.08399999886751175,=NA(),20,1013.25,35.015533447265625,35.39789962768555,227.114990234375,205.05499267578125,22.059999465942383,31.28814125061035,1268.0899658203125,1238.2900390625,1238.657470703125,38.48786544799805,2.0113816261291504,1.9526910781860352,44.481651306152344,2.127962350845337,0.006988062523305416,0,0.0004852499987464398,0,29.7999267578125,-0.367431640625
52,8,0,1,Day,,58.21879959106445,31.78120231628418,80.18445587158203,373.6000061035156,301.65594482421875,136.60000610351562,0.8074302673339844,25.3799991607666,2.949899911880493,=NA(),=NA(),1.8944092988967896,1.4163999557495117,0.34380000829696655,0.08399999886751175,=NA(),20,1013.25,57.839290618896484,8.332439422607422,499.44500732421875,441.67999267578125,57.7599983215332,45.930015563964844,2929.8798828125,2724.52001953125,2726.091064453125,37.331703186035156,4.56408166885376,4.4196343421936035,44.03334426879883,4.832136631011963,0.015699688345193863,0,0.0011709999525919557,0,205.35986328125,-1.571044921875
52,9,0,1,Day,,46.40245056152344,43.59754943847656,68.99407958984375,753.2000122070312,319.51776123046875,628.9000244140625,0.424213707447052,28.0100040435791,2.530100107192993,=NA(),=NA(),1.4487168788909912,1.4163999557495117,0.34380000829696655,0.08399999886751175,=NA(),20,1013.25,44.43299865722656,15.046357154846191,1010.4200439453125,955.9599609375,54.45500183105469,69.82561492919922,6121.7900390625,5237.759765625,5245.16357421875,34.378746032714844,9.535663604736328,9.464557647705078,42.364601135253906,10.143411636352539,0.03389481082558632,0,0.0011513750068843365,0,884.0302734375,-7.40380859375
52,10,0,1,Day,,35.63191223144531,54.36808776855469,53.51894760131836,876.1099853515625,283.5878601074219,729.010009765625,0.3236897885799408,30.709985733032227,2.23009991645813,=NA(),=NA(),1.2297238111495972,1.4163999557495117,0.34380000829696655,0.08399999886751175,=NA(),20,1013.25,29.955854415893555,20.265718460083008,1041.1500244140625,983.1400146484375,58.01000213623047,73.9281234741211,6323.7998046875,5327.64990234375,5334.68310546875,33.838661193847656,9.853154182434082,9.823680877685547,41.90462875366211,10.4937105178833,0.034954436123371124,0,0.0012596874730661511,0,996.14990234375,-7.033203125
52,11,0,1,Day,,27.402856826782227,62.59714126586914,29.812604904174805,958.989990234375,250.27418518066406,798.2899780273438,0.2609768509864807,32.27001190185547,2.2699999809265137,=NA(),=NA(),1.1260343790054321,1.4163999557495117,0.34380000829696655,0.08399999886751175,=NA(),20,1013.25,14.45271110534668,23.536523818969727,1056.824951171875,986.8199462890625,70,76.36998748779297,6376.2900390625,5321.66015625,5325.2578125,33.53833770751953,9.923824310302734,9.904779434204102,41.60772705078125,10.553895950317383,0.035003937780857086,0,0.001514500007033348,0,1054.6298828125,-3.59765625
52,12,0,1,Day,,24.564544677734375,65.43545532226562,356.35760498046875,973.4099731445312,239.43959045410156,807.010009765625,0.24598021805286407,33.300010681152344,2.7000999450683594,=NA(),=NA(),1.0992199182510376,1.4163999557495117,0.34380000829696655,0.08399999886751175,=NA(),20,1013.25,-1.663316011428833,24.511653900146484,1046.304931640625,973.7750244140625,72.53500366210938,76.98812103271484,6319.9599609375,5261.7001953125,5266.03173828125,33.45213317871094,9.838744163513184,9.817955017089844,41.50967025756836,10.477415084838867,0.0345931239426136,0,0.001599124982021749,0,1058.259765625,-4.33154296875
52,13,0,1,Day,,28.791093826293945,61.20890426635742,324.4727783203125,922.0900268554688,258.9408874511719,756.6900024414062,0.28081953525543213,33.62999725341797,3.3301000595092773,=NA(),=NA(),1.1406655311584473,1.4163999557495117,0.34380000829696655,0.08399999886751175,=NA(),20,1013.25,-17.710315704345703,23.07647132873535,1027.489990234375,961.6650390625,65.83000183105469,76.4749984741211,6208.72998046875,5178.8798828125,5183.69140625,33.51778030395508,9.665935516357422,9.653910636901855,41.53831481933594,10.290048599243164,0.03411862626671791,0,0.0014299375470727682,0,1029.85009765625,-4.8115234375
52,14,0,1,Day,,37.74882125854492,52.25117874145508,302.8575134277344,814.4000244140625,295.3830871582031,656.4000244140625,0.3627002537250519,34.969993591308594,3.8201000690460205,=NA(),=NA(),1.2639687061309814,1.4163999557495117,0.34380000829696655,0.08399999886751175,=NA(),20,1013.25,-33.03946304321289,19.39935874938965,986.5449829101562,932.1199951171875,54.42499923706055,76.02999114990234,5985.89990234375,5000.60986328125,5006.6240234375,33.568084716796875,9.321771621704102,9.28445816040039,41.519107818603516,9.936023712158203,0.033082813024520874,0,0.001179249957203865,0,985.2900390625,-6.01416015625
52,15,0,1,Day,,48.82985305786133,41.17014694213867,288.5550537109375,626.0999755859375,327.101318359375,454.20001220703125,0.522442638874054,34.93999481201172,4.050099849700928,=NA(),=NA(),1.5173240900039673,1.4163999557495117,0.34380000829696655,0.08399999886751175,=NA(),20,1013.25,-47.309539794921875,13.859360694885254,843.4349975585938,789.219970703125,54.209999084472656,69.95812225341797,5078.7900390625,4338.580078125,4343.357421875,34.35304641723633,7.902172088623047,7.795932769775391,41.96491622924805,8.404353141784668,0.027925686910748482,0,0.0011291250120848417,0,740.2099609375,-4.77734375
52,16,0,1,Day,,60.77622604370117,29.223773956298828,277.9332275390625,67.00399780273438,66.70911407470703,0.6039999723434448,0.9955990314483643,34.349998474121094,3.5299999713897705,=NA(),=NA(),2.0425515174865723,1.4163999557495117,0.34380000829696655,0.08399999886751175,=NA(),20,1013.25,-60,6.939174175262451,63.48999786376953,46.33000183105469,17.15999984741211,37.08312225341797,311.6099853515625,296.7300109863281,292.51263427734375,36.047908782958984,0.5068743228912354,0.4626496434211731,41.199676513671875,0.5566425919532776,0.0016167500289157033,0,0.0003380624984856695,0,14.879974365234375,4.217376708984375
52,17,0,1,Day,,73.00918579101562,16.99081802368164,268.9825134277344,83.197998046875,82.73088836669922,1.5985000133514404,0.9943855404853821,30.909997940063477,2.460099935531616,=NA(),=NA(),3.3884525299072266,1.4163999557495117,0.34380000829696655,0.08399999886751175,=NA(),20,1013.25,-28.2867431640625,44.7282600402832,91.03500366210938,80.66000366210938,10.380000114440918,34.71874237060547,484.4200134277344,466.1499938964844,465.5386962890625,36.71472930908203,0.7924367189407349,0.7688295245170593,42.32065200805664,0.8468872308731079,0.002759687602519989,0,0.00021112500689923763,0,18.27001953125,0.611297607421875
52,18,0,1,Day,,84.75735473632812,5.242649078369141,260.82659912109375,36.608001708984375,36.470455169677734,1.5053000450134277,0.9962427020072937,29.719995498657227,2.4500999450683594,=NA(),=NA(),9.91257381439209,1.4163999557495117,0.34380000829696655,0.08399999886751175,=NA(),20,1013.25,-7.692990779876709,77.1645736694336,42.89500045776367,39.46500015258789,3.429999828338623,31.535608291625977,209.22999572753906,203.54000854492188,203.58590698242188,35.78879165649414,0.3555331528186798,0.35330644249916077,41.31561279296875,0.3832283616065979,0.001268312451429665,0,0.00007468750118277967,0,5.6899871826171875,-0.0458984375
52,19,0,1,Night,,97.28942108154297,-7.28942346572876,251.86221313476562,0,0,0,0,26.480005264282227,2.5499000549316406,=NA(),0,64.81599426269531,1.4163999557495117,0.34380000829696655,0.08399999886751175,=NA(),20,1013.25,0,0,0,0,0,26.480005264282227,0,0,0,0,0,0,0,0,0,0,0,0,0,0
52,20,0,1,Night,,108.57087707519531,-18.570880889892578,242.12660217285156,0,0,0,0,24.540002822875977,2.75,=NA(),0,64.81599426269531,1.4163999557495117,0.34380000829696655,0.08399999886751175,=NA(),20,1013.25,0,0,0,0,0,24.540002822875977,0,0,0,0,0,0,0,0,0,0,0,0,0,0
52,21,0,1,Night,,118.78893280029297,-28.788930892944336,230.49948120117188,0,0,0,0,23.600000381469727,2.9400999546051025,=NA(),0,64.81599426269531,1.4163999557495117,0.34380000829696655,0.08399999886751175,=NA(),20,1013.25,0,0,0,0,0,23.600000381469727,0,0,0,0,0,0,0,0,0,0,0,0,0,0
52,22,0,1,Night,,127.23080444335938,-37.23080825805664,216.0392303466797,0,0,0,0,24.800012588500977,2.680000066757202,=NA(),0,64.81599426269531,1.4163999557495117,0.34380000829696655,0.08399999886751175,=NA(),20,1013.25,0,0,0,0,0,24.800012588500977,0,0,0,0,0,0,0,0,0,0,0,0,0,0
52,23,0,1,Night,,132.86724853515625,-42.867244720458984,198.1804656982422,0,0,0,0,24.100000381469727,2.2799999713897705,=NA(),0,64.81599426269531,1.4163999557495117,0.34380000829696655,0.08399999886751175,=NA(),20,1013.25,0,0,0,0,0,24.100000381469727,0,0,0,0,0,0,0,0,0,0,0,0,0,0
53,0,0,1,Night,,134.60784912109375,-44.60784912109375,177.85218811035156,0,0,0,0,23.110010147094727,2.0701000690460205,=NA(),0,64.81599426269531,1.4163999557495117,0.34380000829696655,0.08399999886751175,=NA(),20,1013.25,0,0,0,0,0,23.110010147094727,0,0,0,0,0,0,0,0,0,0,0,0,0,0
53,1,0,1,Night,,132.0189971923828,-42.01899719238281,157.83790588378906,0,0,0,0,21.300012588500977,2.0099000930786133,=NA(),0,64.81599426269531,1.4163999557495117,0.34380000829696655,0.08399999886751175,=NA(),20,1013.25,0,0,0,0,0,21.300012588500977,0,0,0,0,0,0,0,0,0,0,0,0,0,0
53,2,0,1,Night,,125.72793579101562,-35.727935791015625,140.64833068847656,0,0,0,0,19.279993057250977,1.9901000261306763,=NA(),0,64.81599426269531,1.4163999557495117,0.34380000829696655,0.08399999886751175,=NA(),20,1013.25,0,0,0,0,0,19.279993057250977,0,0,0,0,0,0,0,0,0,0,0,0,0,0
53,3,0,1,Night,,116.85909271240234,-26.859088897705078,126.818359375,0,0,0,0,18.300012588500977,1.9801000356674194,=NA(),0,64.81599426269531,1.4163999557495117,0.34380000829696655,0.08399999886751175,=NA(),20,1013.25,0,0,0,0,0,18.300012588500977,0,0,0,0,0,0,0,0,0,0,0,0,0,0
53,4,0,1,Night,,106.3860855102539,-16.386083602905273,115.63337707519531,0,0,0,0,17.8699893951416,1.9500000476837158,=NA(),0,64.81599426269531,1.4163999557495117,0.34380000829696655,0.08399999886751175,=NA(),20,1013.25,0,0,0,0,0,17.8699893951416,0,0,0,0,0,0,0,0,0,0,0,0,0,0
53,5,0,1,Night,Sun below height limit of 1 degrees.,89.30073547363281,0.6992629766464233,102.36956024169922,0,0,0,0,17.3699893951416,2.7701001167297363,=NA(),0,29.185163497924805,1.4163999557495117,0.34380000829696655,0.08399999886751175,=NA(),20,1013.25,0,0,0,0,0,17.3699893951416,0,0,0,0,0,0,0,0,0,0,0,0,0,0
53,6,0,1,Day,,82.75464630126953,7.245355129241943,97.54065704345703,123.19999694824219,110.73884582519531,98.80500030517578,0.8988543152809143,18.82000160217285,3.4600000381469727,=NA(),=NA(),7.496898651123047,1.4163999557495117,0.34380000829696655,0.08399999886751175,=NA(),20,1013.25,10.706520080566406,72.14408111572266,199.3599853515625,191.760009765625,7.600000381469727,27.19500160217285,973.780029296875,964.4400024414062,965.5875854492188,38.67887878417969,1.5602624416351318,1.5534852743148804,44.58200454711914,1.6499539613723755,0.005631562322378159,0,0.00016656250227242708,0,9.34002685546875,-1.1475830078125
53,7,0,1,Day,,70.58605194091797,19.41394805908203,89.0462417602539,350.3900146484375,253.96678161621094,290.0899963378906,0.7248116731643677,19.659997940063477,4.559999942779541,=NA(),=NA(),2.9865541458129883,1.4163999557495117,0.34380000829696655,0.08399999886751175,=NA(),20,1013.25,34.50600051879883,36.087249755859375,610.885009765625,585.72998046875,25.149999618530273,44.55937957763672,3623.530029296875,3388.510009765625,3394.417236328125,37.609230041503906,5.640994071960449,5.570181369781494,44.60963439941406,5.961672306060791,0.020209938287734985,0,0.000578437524382025,0,235.02001953125,-5.9072265625
53,8,0,1,Day,,58.40171813964844,31.598281860351562,79.81478881835938,557.9099731445312,315.46826171875,462.7099914550781,0.5654465556144714,20.43999671936035,5.400100231170654,=NA(),=NA(),1.9041682481765747,1.4163999557495117,0.34380000829696655,0.08399999886751175,=NA(),20,1013.25,57.99411392211914,8.662528991699219,871.4299926757812,813.364990234375,58.060001373291016,56.13249969482422,5299.009765625,4764.58984375,4770.84228515625,36.19841003417969,8.237505912780762,8.117287635803223,43.836181640625,8.72170639038086,0.029119687154889107,0,0.0011950625339522958,0,534.419921875,-6.25244140625
53,9,0,1,Day,,46.60789489746094,43.39210510253906,68.57977294921875,762.489990234375,325.16064453125,636.5900268554688,0.42644578218460083,22.07000160217285,6.110000133514404,=NA(),=NA(),1.4541831016540527,1.4163999557495117,0.34380000829696655,0.08399999886751175,=NA(),20,1013.25,44.55830001831055,15.38974380493164,1023.4549560546875,967.989990234375,55.459999084472656,64.24999237060547,6197.89013671875,5414.60009765625,5422.27099609375,35.11471176147461,9.651042938232422,9.578864097595215,43.10582733154297,10.247234344482422,0.034314125776290894,0,0.0011717500165104866,0,783.2900390625,-7.6708984375
53,10,0,1,Day,,35.88207244873047,54.11792755126953,53.0660400390625,909.2999877929688,294.0960998535156,759.2999877929688,0.3234313130378723,23.219995498657227,6.680099964141846,=NA(),=NA(),1.2335867881774902,1.4163999557495117,0.34380000829696655,0.08399999886751175,=NA(),20,1013.25,30.038063049316406,20.62165069580078,1080.47998046875,1020,60.48500061035156,67.8868637084961,6557.93994140625,5653.68017578125,5660.634765625,34.63118362426758,10.21592903137207,10.180106163024902,42.754878997802734,10.852738380432129,0.036259062588214874,0,0.0013125624973326921,0,904.259765625,-6.95458984375
53,11,0,1,Day,,27.72134780883789,62.27865219116211,29.430339813232422,990.989990234375,258.47900390625,827.489990234375,0.2608290910720825,24.649988174438477,7.019899845123291,=NA(),=NA(),1.129299521446228,1.4163999557495117,0.34380000829696655,0.08399999886751175,=NA(),20,1013.25,14.47789192199707,23.900100708007812,1092.1099853515625,1019.6799926757812,72.43000030517578,69.98937225341797,6585.7802734375,5633.1298828125,5638.1416015625,34.364898681640625,10.254178047180176,10.235755920410156,42.49422073364258,10.887046813964844,0.036166563630104065,0,0.0015667499974370003,0,952.650390625,-5.01171875
53,12,0,1,Day,,24.9288330078125,65.0711669921875,356.3315124511719,999.1900024414062,242.26637268066406,834.6900024414062,0.24246276915073395,26.740015029907227,7.119999885559082,=NA(),=NA(),1.1024396419525146,1.4163999557495117,0.34380000829696655,0.08399999886751175,=NA(),20,1013.25,-1.7034313678741455,24.874277114868164,1074.06005859375,999.5800170898438,74.4749984741211,71.3756332397461,6485.10009765625,5517.64990234375,5523.07666015625,34.182071685791016,10.098633766174316,10.079471588134766,42.28456115722656,10.734295845031738,0.035507623106241226,0,0.0016413750126957893,0,967.4501953125,-5.4267578125
53,13,0,1,Day,,29.124052047729492,60.875946044921875,324.7795104980469,945.489990234375,257.7386779785156,787.2899780273438,0.272597998380661,28.040002822875977,7.199999809265137,=NA(),=NA(),1.144331693649292,1.4163999557495117,0.34380000829696655,0.08399999886751175,=NA(),20,1013.25,-17.813142776489258,23.428592681884766,1054.080078125,986.75,67.33000183105469,71.84813690185547,6369.02001953125,5408.68994140625,5413.2607421875,34.12800216674805,9.913522720336914,9.900809288024902,42.18644714355469,10.532576560974121,0.03501312434673309,0,0.001463062479160726,0,960.330078125,-4.57080078125
53,14,0,1,Day,,38.03032302856445,51.96967697143555,303.23492431640625,820.7100219726562,294.1427307128906,668.5,0.3584003150463104,28.860010147094727,7.380000114440918,=NA(),=NA(),1.2687982320785522,1.4163999557495117,0.34380000829696655,0.08399999886751175,=NA(),20,1013.25,-33.19288635253906,19.73412322998047,995.719970703125,941.0499877929688,54.66999816894531,70.0949935913086,6042.31005859375,5164.22998046875,5170.98974609375,34.347938537597656,9.40920639038086,9.37360668182373,42.30311584472656,10.00850772857666,0.033403124660253525,0,0.001184249995276332,0,878.080078125,-6.759765625
53,15,0,1,Day,,49.077423095703125,40.922576904296875,288.91009521484375,646.2999877929688,321.59735107421875,495.70001220703125,0.4975976347923279,28.790002822875977,7.449999809265137,=NA(),=NA(),1.5248435735702515,1.4163999557495117,0.34380000829696655,0.08399999886751175,=NA(),20,1013.25,-47.49861526489258,14.174549102783203,877.800048828125,823.2899780273438,54.5099983215332,65.06685638427734,5294.89990234375,4608.33984375,4614.1328125,35.008514404296875,8.23762035369873,8.135091781616211,42.682491302490234,8.74860954284668,0.0291532501578331,0,0.0011381249641999602,0,686.56005859375,-5.79296875
53,16,0,1,Day,,61.00703048706055,28.992969512939453,278.2563171386719,438.1000061035156,297.63330078125,289.79998779296875,0.6793729662895203,28.43999671936035,7.03000020980835,=NA(),=NA(),2.057270050048828,1.4163999557495117,0.34380000829696655,0.08399999886751175,=NA(),20,1013.25,-60,7.254714488983154,677.675048828125,620.1600341796875,57.51000213623047,56.31188201904297,4080.869873046875,3662.3701171875,3666.862060546875,36.09891891479492,6.348821640014648,6.219412803649902,43.30326461791992,6.728281497955322,0.022224562242627144,0,0.0011520000407472253,0,418.499755859375,-4.491943359375
53,17,0,1,Day,,73.23545837402344,16.764537811279297,269.281005859375,207.5,185.1465301513672,77.49800109863281,0.892272412776947,27.040002822875977,5.189899921417236,=NA(),=NA(),3.431825876235962,1.4163999557495117,0.34380000829696655,0.08399999886751175,=NA(),20,1013.25,-27.76681900024414,45.47146224975586,312.6600036621094,294.91497802734375,17.75,39.849388122558594,1813.6500244140625,1720.010009765625,1721.3101806640625,37.67550277709961,2.8554890155792236,2.8129804134368896,43.96261215209961,3.019991159439087,0.010195312090218067,0,0.00037068751407787204,0,93.6400146484375,-1.3001708984375
53,18,0,1,Day,,84.860595703125,5.139408111572266,261.19598388671875,9.005499839782715,9.005016326904297,0.005400000140070915,0.9999462962150574,24.83001136779785,4.960000038146973,=NA(),=NA(),10.077404975891113,1.4163999557495117,0.34380000829696655,0.08399999886751175,=NA(),20,1013.25,-7.530071258544922,77.42081451416016,9.84000015258789,8.944999694824219,0.8949999809265137,25.2499942779541,44.04999923706055,43.900001525878906,43.86805725097656,34.18860626220703,0.08019478619098663,0.07958474010229111,39.58390808105469,0.09155811369419098,0.0003023750032298267,0,0.000019499999325489625,0,0.14999771118164062,0.03194427490234375
53,19,0,1,Night,,97.5395278930664,-7.5395307540893555,252.13363647460938,0,0,0,0,22.45000648498535,5.499899864196777,=NA(),0,64.81599426269531,1.4163999557495117,0.34380000829696655,0.08399999886751175,=NA(),20,1013.25,0,0,0,0,0,22.45000648498535,0,0,0,0,0,0,0,0,0,0,0,0,0,0
53,20,0,1,Night,,108.84027099609375,-18.84027099609375,242.38748168945312,0,0,0,0,20.980005264282227,5.659900188446045,=NA(),0,64.81599426269531,1.4163999557495117,0.34380000829696655,0.08399999886751175,=NA(),20,1013.25,0,0,0,0,0,20.980005264282227,0,0,0,0,0,0,0,0,0,0,0,0,0,0
53,21,0,1,Night,,119.08820343017578,-29.08820152282715,230.73985290527344,0,0,0,0,19.600000381469727,5.599999904632568,=NA(),0,64.81599426269531,1.4163999557495117,0.34380000829696655,0.08399999886751175,=NA(),20,1013.25,0,0,0,0,0,19.600000381469727,0,0,0,0,0,0,0,0,0,0,0,0,0,0
53,22,0,1,Night,,127.56416320800781,-37.56416320800781,216.22988891601562,0,0,0,0,17.610010147094727,5.289999961853027,=NA(),0,64.81599426269531,1.4163999557495117,0.34380000829696655,0.08399999886751175,=NA(),20,1013.25,0,0,0,0,0,17.610010147094727,0,0,0,0,0,0,0,0,0,0,0,0,0,0
53,23,0,1,Night,,133.22779846191406,-43.22780227661133,198.2686767578125,0,0,0,0,16.399988174438477,5.019899845123291,=NA(),0,64.81599426269531,1.4163999557495117,0.34380000829696655,0.08399999886751175,=NA(),20,1013.25,0,0,0,0,0,16.399988174438477,0,0,0,0,0,0,0,0,0,0,0,0,0,0
54,0,0,1,Night,,134.9716796875,-44.9716796875,177.79147338867188,0,0,0,0,15.469995498657227,4.739999771118164,=NA(),0,64.81599426269531,1.4163999557495117,0.34380000829696655,0.08399999886751175,=NA(),20,1013.25,0,0,0,0,0,15.469995498657227,0,0,0,0,0,0,0,0,0,0,0,0,0,0
54,1,0,1,Night,,132.3555908203125,-42.355587005615234,157.64222717285156,0,0,0,0,13.879999160766602,4.130099773406982,=NA(),0,64.81599426269531,1.4163999557495117,0.34380000829696655,0.08399999886751175,=NA(),20,1013.25,0,0,0,0,0,13.879999160766602,0,0,0,0,0,0,0,0,0,0,0,0,0,0
54,2,0,1,Night,,126.0212631225586,-36.021263122558594,140.37689208984375,0,0,0,0,11.700006484985352,3.549999952316284,=NA(),0,64.81599426269531,1.4163999557495117,0.34380000829696655,0.08399999886751175,=NA(),20,1013.25,0,0,0,0,0,11.700006484985352,0,0,0,0,0,0,0,0,0,0,0,0,0,0
54,3,0,1,Night,,117.11027526855469,-27.110275268554688,126.51847839355469,0,0,0,0,11.200006484985352,3.1198999881744385,=NA(),0,64.81599426269531,1.4163999557495117,0.34380000829696655,0.08399999886751175,=NA(),20,1013.25,0,0,0,0,0,11.200006484985352,0,0,0,0,0,0,0,0,0,0,0,0,0,0
54,4,0,1,Night,,106.60397338867188,-16.60396957397461,115.32549285888672,0,0,0,0,10.980005264282227,3.029900074005127,=NA(),0,64.81599426269531,1.4163999557495117,0.34380000829696655,0.08399999886751175,=NA(),20,1013.25,0,0,0,0,0,10.980005264282227,0,0,0,0,0,0,0,0,0,0,0,0,0,0
54,5,0,1,Night,Sun below height limit of 1 degrees.,89.37692260742188,0.6230757236480713,101.99162292480469,0,0,0,0,10.600000381469727,3.8499999046325684,=NA(),0,29.98817253112793,1.4163999557495117,0.34380000829696655,0.08399999886751175,=NA(),20,1013.25,0,0,0,0,0,10.600000381469727,0,0,0,0,0,0,0,0,0,0,0,0,0,0
54,6,0,1,Day,,82.92932891845703,7.070667266845703,97.21868896484375,132.88999938964844,119.22662353515625,111,0.897182822227478,11.990015029907227,3.380000114440918,=NA(),=NA(),7.661457061767578,1.4163999557495117,0.34380000829696655,0.08399999886751175,=NA(),20,1013.25,10.428582191467285,72.58626556396484,221.86000061035156,214.20001220703125,7.664999961853027,21.3012638092041,1068.5599365234375,1080,1081.05029296875,39.654136657714844,1.7038739919662476,1.6967288255691528,45.54609680175781,1.7989953756332397,0.006172187626361847,0,0.00016868750390131027,0,-11.4400634765625,-1.05029296875
54,7,0,1,Day,,70.76103973388672,19.23895835876465,88.70529174804688,367.70001220703125,266.54083251953125,307,0.7248866558074951,14.300012588500977,2.6700000762939453,=NA(),=NA(),3.0122175216674805,1.4163999557495117,0.34380000829696655,0.08399999886751175,=NA(),20,1013.25,34.01056671142578,36.76338195800781,647.02001953125,621.489990234375,25.530000686645508,40.57500457763672,3848.050048828125,3648.669921875,3654.68212890625,38.18490219116211,5.981947422027588,5.910094261169434,45.23967361450195,6.313457489013672,0.021472187712788582,0,0.0005859375232830644,0,199.380126953125,-6.01220703125
54,8,0,1,Day,,58.585052490234375,31.414947509765625,79.44226837158203,603.989990234375,341.13775634765625,504.2900085449219,0.5648069977760315,16.70000648498535,2.5799999237060547,=NA(),=NA(),1.9140700101852417,1.4163999557495117,0.34380000829696655,0.08399999886751175,=NA(),20,1013.25,58.1482048034668,8.996137619018555,948.739990234375,886.22998046875,62.5099983215332,55.547508239746094,5770.52978515625,5201.02978515625,5207.15673828125,36.2840461730957,8.969657897949219,8.840065002441406,44.07884979248047,9.490331649780273,0.03173643723130226,0,0.001284874975681305,0,569.5,-6.126953125
54,9,0,1,Day,,46.814517974853516,43.185482025146484,68.1632080078125,677.6900024414062,317.9891357421875,525.5999755859375,0.46922507882118225,18.920007705688477,2.949899911880493,=NA(),=NA(),1.459741473197937,1.4163999557495117,0.34380000829696655,0.08399999886751175,=NA(),20,1013.25,44.68269729614258,15.736555099487305,903.6749877929688,852.0549926757812,51.625,55.962486267089844,5461.6201171875,4914.4599609375,4921.201171875,36.22174835205078,8.491499900817871,8.415799140930176,43.91770553588867,8.991310119628906,0.030160624533891678,0,0.001085937488824129,0,547.16015625,-6.7412109375
54,10,0,1,Day,,36.13426208496094,53.86573791503906,52.612274169921875,933.4000244140625,303.9273986816406,779.4000244140625,0.32561323046684265,21.230005264282227,3.2600998878479004,=NA(),=NA(),1.2375297546386719,1.4163999557495117,0.34380000829696655,0.08399999886751175,=NA(),20,1013.25,30.118881225585938,20.98089599609375,1108.830078125,1046.3900146484375,62.44499969482422,67.06688690185547,6725.1201171875,5816.1201171875,5822.60302734375,34.73616027832031,10.476479530334473,10.43497371673584,42.91175842285156,11.121753692626953,0.0371890626847744,0,0.0013538750354200602,0,909,-6.48291015625
54,11,0,1,Day,,28.04227066040039,61.95772933959961,29.048641204833984,1090.699951171875,286.9240417480469,910.6900024414062,0.2630641460418701,22.529993057250977,3.4398999214172363,=NA(),=NA(),1.1326440572738647,1.4163999557495117,0.34380000829696655,0.08399999886751175,=NA(),20,1013.25,14.500785827636719,24.266727447509766,1201.844970703125,1121.780029296875,80.05999755859375,72.50875091552734,7232.919921875,6130.10009765625,6136.63623046875,33.99858856201172,11.281048774719238,11.26126766204834,42.36726760864258,11.993339538574219,0.039774999022483826,0,0.001730812480673194,0,1102.81982421875,-6.5361328125
54,12,0,1,Day,,25.295900344848633,64.7041015625,356.3001708984375,916.5999755859375,258.03497314453125,728.4099731445312,0.28151318430900574,23.540002822875977,3.4900999069213867,=NA(),=NA(),1.1057482957839966,1.4163999557495117,0.34380000829696655,0.08399999886751175,=NA(),20,1013.25,-1.7468175888061523,25.23947525024414,985.6650390625,916.9649658203125,68.70500183105469,64.28936004638672,5950.330078125,5196.72998046875,5202.10595703125,35.12702941894531,9.255879402160645,9.240251541137695,43.01824951171875,9.816254615783691,0.03254343569278717,0,0.0015136250294744968,0,753.60009765625,-5.3759765625
54,13,0,1,Day,,29.461275100708008,60.53872299194336,325.07757568359375,618.9000244140625,423.61334228515625,224.2899932861328,0.6844616532325745,24.4999942779541,3.549999952316284,=NA(),=NA(),1.1481083631515503,1.4163999557495117,0.34380000829696655,0.08399999886751175,=NA(),20,1013.25,-17.919939041137695,23.782726287841797,680.6700439453125,628.030029296875,52.63999938964844,52.506248474121094,4034.18994140625,3670.219970703125,3674.530517578125,36.60771560668945,6.273505210876465,6.236700534820557,43.77686309814453,6.639390468597412,0.021992500871419907,0,0.0011195625411346555,0,363.969970703125,-4.310546875
54,14,0,1,Day,,38.31681442260742,51.68318557739258,303.6072998046875,891.7000122070312,307.4988098144531,744.5900268554688,0.34484559297561646,25.3699893951416,3.640000104904175,=NA(),=NA(),1.2737828493118286,1.4163999557495117,0.34380000829696655,0.08399999886751175,=NA(),20,1013.25,-33.35063171386719,20.07034683227539,1082.925048828125,1023.4600219726562,59.46500015258789,70.20626068115234,6565.5400390625,5611.14990234375,5618.8408203125,34.32099533081055,10.23215103149414,10.19383430480957,42.46017074584961,10.883939743041992,0.03632856160402298,0,0.0012870000209659338,0,954.39013671875,-7.69091796875
54,15,0,1,Day,,49.32986831665039,40.67013168334961,289.262939453125,258.2099914550781,251.23089599609375,10.708999633789062,0.9729712605476379,24.7499942779541,3.630000114440918,=NA(),=NA(),1.532617449760437,1.4163999557495117,0.34380000829696655,0.08399999886751175,=NA(),20,1013.25,-47.69196701049805,14.490737915039062,270.7749938964844,225.06500244140625,45.709999084472656,36.04875946044922,1484.52001953125,1425.9300537109375,1420.407958984375,38.22596740722656,2.3218517303466797,2.205808401107788,44.11222457885742,2.4760313034057617,0.007784374989569187,0,0.0009190625278279185,0,58.5899658203125,5.5220947265625
54,16,0,1,Day,,61.242454528808594,28.757543563842773,278.57861328125,422.489990234375,295.5794982910156,263.7900085449219,0.6996130347251892,24.93999671936035,3.4298999309539795,=NA(),=NA(),2.0725367069244385,1.4163999557495117,0.34380000829696655,0.08399999886751175,=NA(),20,1013.25,-60,7.575968265533447,649.52001953125,592.6099853515625,56.90999984741211,51.586875915527344,3902.2099609375,3561.1201171875,3564.88916015625,36.72393798828125,6.067214488983154,5.937807083129883,43.83285903930664,6.420174598693848,0.021223749965429306,0,0.0011409374419599771,0,341.08984375,-3.76904296875
54,17,0,1,Day,,73.46598052978516,16.534019470214844,269.5794372558594,182.1999969482422,168.76817321777344,47.198001861572266,0.9262797832489014,24.480005264282227,2.5799999237060547,=NA(),=NA(),3.4772090911865234,1.4163999557495117,0.34380000829696655,0.08399999886751175,=NA(),20,1013.25,-27.247051239013672,46.21986770629883,262.510009765625,245.9550018310547,16.560001373291016,35.21373748779297,1506.1500244140625,1451.1800537109375,1452.97900390625,38.0909309387207,2.384060859680176,2.3456077575683594,44.25357437133789,2.5197536945343018,0.008479062467813492,0,0.0003454374964348972,0,54.969970703125,-1.7989501953125
54,18,0,1,Day,,84.9815673828125,5.018429279327393,261.5565490722656,5.293900012969971,5.293900012969971,0,1,22.43999671936035,2.719899892807007,=NA(),=NA(),10.27723503112793,1.4163999557495117,0.34380000829696655,0.08399999886751175,=NA(),20,1013.25,-7.341670036315918,77.72080993652344,5.784999847412109,5.260000228881836,0.5249999761581421,22.68999671936035,23.809999465942383,23.989999771118164,23.931726455688477,33.505592346191406,0.044641196727752686,0.0442696213722229,38.93156051635742,0.05375910922884941,0.00017768749967217445,0,0.000011500000255182385,0,-0.18000030517578125,0.0582733154296875
54,19,0,1,Night,,97.79209899902344,-7.792096138000488,252.40574645996094,0,0,0,0,20.300012588500977,2.460099935531616,=NA(),0,64.81599426269531,1.4163999557495117,0.34380000829696655,0.08399999886751175,=NA(),20,1013.25,0,0,0,0,0,20.300012588500977,0,0,0,0,0,0,0,0,0,0,0,0,0,0
54,20,0,1,Night,,109.11283874511719,-19.112836837768555,242.64927673339844,0,0,0,0,18.300012588500977,1.500100016593933,=NA(),0,64.81599426269531,1.4163999557495117,0.34380000829696655,0.08399999886751175,=NA(),20,1013.25,0,0,0,0,0,18.300012588500977,0,0,0,0,0,0,0,0,0,0,0,0,0,0
54,21,0,1,Night,,119.39058685302734,-29.390588760375977,230.9811248779297,0,0,0,0,16.83001136779785,2.130000114440918,=NA(),0,64.81599426269531,1.4163999557495117,0.34380000829696655,0.08399999886751175,=NA(),20,1013.25,0,0,0,0,0,16.83001136779785,0,0,0,0,0,0,0,0,0,0,0,0,0,0
54,22,0,1,Night,,127.90025329589844,-37.90024948120117,216.42086791992188,0,0,0,0,16.7499942779541,4.179999828338623,=NA(),0,64.81599426269531,1.4163999557495117,0.34380000829696655,0.08399999886751175,=NA(),20,1013.25,0,0,0,0,0,16.7499942779541,0,0,0,0,0,0,0,0,0,0,0,0,0,0
54,23,0,1,Night,,133.59097290039062,-43.590972900390625,198.35528564453125,0,0,0,0,15.869989395141602,5.250100135803223,=NA(),0,64.81599426269531,1.4163999557495117,0.34380000829696655,0.08399999886751175,=NA(),20,1013.25,0,0,0,0,0,15.869989395141602,0,0,0,0,0,0,0,0,0,0,0,0,0,0
55,0,0,1,Night,,135.33741760253906,-45.33740997314453,177.72610473632812,0,0,0,0,16.300012588500977,5.380000114440918,=NA(),0,64.81599426269531,1.4163999557495117,0.34380000829696655,0.08399999886751175,=NA(),20,1013.25,0,0,0,0,0,16.300012588500977,0,0,0,0,0,0,0,0,0,0,0,0,0,0
55,1,0,1,Night,,132.6927947998047,-42.69279098510742,157.43992614746094,0,0,0,0,15.309991836547852,5.000100135803223,=NA(),0,64.81599426269531,1.4163999557495117,0.34380000829696655,0.08399999886751175,=NA(),20,1013.25,0,0,0,0,0,15.309991836547852,0,0,0,0,0,0,0,0,0,0,0,0,0,0
55,2,0,1,Night,,126.31382751464844,-36.3138313293457,140.09898376464844,0,0,0,0,14.700006484985352,4.889999866485596,=NA(),0,64.81599426269531,1.4163999557495117,0.34380000829696655,0.08399999886751175,=NA(),20,1013.25,0,0,0,0,0,14.700006484985352,0,0,0,0,0,0,0,0,0,0,0,0,0,0
55,3,0,1,Night,,117.35969543457031,-27.35969352722168,126.21316528320312,0,0,0,0,14.890008926391602,4.930099964141846,=NA(),0,64.81599426269531,1.4163999557495117,0.34380000829696655,0.08399999886751175,=NA(),20,1013.25,0,0,0,0,0,14.890008926391602,0,0,0,0,0,0,0,0,0,0,0,0,0,0
55,4,0,1,Night,,106.81903839111328,-16.81903839111328,115.01312255859375,0,0,0,0,14.899988174438477,4.920100212097168,=NA(),0,64.81599426269531,1.4163999557495117,0.34380000829696655,0.08399999886751175,=NA(),20,1013.25,0,0,0,0,0,14.899988174438477,0,0,0,0,0,0,0,0,0,0,0,0,0,0
55,5,0,1,Night,Sun below height limit of 1 degrees.,89.459716796875,0.5402829051017761,101.60285186767578,0,0,0,0,14.300012588500977,5.970099925994873,=NA(),0,30.898794174194336,1.4163999557495117,0.34380000829696655,0.08399999886751175,=NA(),20,1013.25,0,0,0,0,0,14.300012588500977,0,0,0,0,0,0,0,0,0,0,0,0,0,0
55,6,0,1,Day,,83.10779571533203,6.892200946807861,96.89339447021484,131.60000610351562,118.4106216430664,109.91000366210938,0.8997766971588135,15.679986953735352,7.009900093078613,=NA(),=NA(),7.836923599243164,1.4163999557495117,0.34380000829696655,0.08399999886751175,=NA(),20,1013.25,10.146455764770508,73.03709411621094,220.52999877929688,213.01998901367188,7.510000228881836,24.985620498657227,1049.97998046875,1047.9599609375,1048.57666015625,39.116912841796875,1.6753889322280884,1.668198823928833,45.013587951660156,1.771405577659607,0.006069312337785959,0,0.0001658749970374629,0,2.02001953125,-0.61669921875
55,7,0,1,Day,,70.93733978271484,19.062658309936523,88.3613510131836,323.8999938964844,240.71446228027344,254.6999969482422,0.7431752681732178,18.2600040435791,6.680099964141846,=NA(),=NA(),3.0385468006134033,1.4163999557495117,0.34380000829696655,0.08399999886751175,=NA(),20,1013.25,33.52280807495117,37.43465805053711,555.8499755859375,532.125,23.720001220703125,40.87187957763672,3294.419921875,3119.239990234375,3124.45849609375,38.05809783935547,5.131114959716797,5.064701557159424,44.91514587402344,5.418430805206299,0.018391937017440796,0,0.0005374375032261014,0,175.179931640625,-5.218505859375
55,8,0,1,Day,,58.769287109375,31.230710983276367,79.06707763671875,191.3000030517578,188.0825958251953,6.205399990081787,0.983181357383728,18.93999671936035,5.749899864196777,=NA(),=NA(),1.9241441488265991,1.4163999557495117,0.34380000829696655,0.08399999886751175,=NA(),20,1013.25,58.30205154418945,9.333182334899902,199.77999877929688,156.75,43.025001525878906,27.295007705688477,1070.1900634765625,1059.4300537109375,1050.0494384765625,39.22827911376953,1.6724226474761963,1.563313364982605,44.72639465332031,1.7953487634658813,0.005486625246703625,0,0.0008593749953433871,0,10.760009765625,9.380615234375
55,9,0,1,Day,,47.022525787353516,42.977474212646484,67.74457550048828,772.4000244140625,332.6965637207031,645,0.4307309091091156,21.5200138092041,4.639999866485596,=NA(),=NA(),1.4653993844985962,1.4163999557495117,0.34380000829696655,0.08399999886751175,=NA(),20,1013.25,44.80640411376953,16.08670425415039,1038.10498046875,981.300048828125,56.80500030517578,64.3187484741211,6277.990234375,5483.43994140625,5490.9560546875,35.10496520996094,9.776016235351562,9.69841480255127,43.122703552246094,10.379456520080566,0.03475074842572212,0,0.0011983750155195594,0,794.55029296875,-7.51611328125
55,10,0,1,Day,,36.388431549072266,53.611568450927734,52.157901763916016,887.4000244140625,290.6434326171875,741.2999877929688,0.3275224566459656,23.30999183654785,3.390000104904175,=NA(),=NA(),1.2415534257888794,1.4163999557495117,0.34380000829696655,0.08399999886751175,=NA(),20,1013.25,30.19830322265625,21.343305587768555,1055.2850341796875,996.1849975585938,59.099998474121094,66.9074935913086,6404.2900390625,5540.89990234375,5547.7392578125,34.764705657958984,9.973727226257324,9.936897277832031,42.83184814453125,10.591816902160645,0.035399001091718674,0,0.001281312434002757,0,863.39013671875,-6.83935546875
55,11,0,1,Day,,28.365550994873047,61.63444900512695,28.66776466369629,1120.699951171875,297.2573547363281,935.7999877929688,0.2652425765991211,24.95000648498535,2.2899999618530273,=NA(),=NA(),1.136069416999817,1.4163999557495117,0.34380000829696655,0.08399999886751175,=NA(),20,1013.25,14.521414756774902,24.636268615722656,1234.8599853515625,1152.429931640625,82.43000030517578,76.44750213623047,7426.2001953125,6200.1201171875,6206.9931640625,33.47001266479492,11.59058666229248,11.571133613586426,41.91993713378906,12.342667579650879,0.04085693880915642,0,0.001781499944627285,0,1226.080078125,-6.873046875
55,12,0,1,Day,,25.665679931640625,64.33432006835938,356.263916015625,766.4000244140625,362.5110778808594,448.1000061035156,0.4730050563812256,25.30999183654785,1.5198999643325806,=NA(),=NA(),1.1091476678848267,1.4163999557495117,0.34380000829696655,0.08399999886751175,=NA(),20,1013.25,-1.7934385538101196,25.6071834564209,826.0650024414062,766.64501953125,59.40999984741211,59.38249969482422,4959.35986328125,4406.10009765625,4410.29638671875,35.765045166015625,7.7070631980896,7.695576190948486,43.286624908447266,8.164514541625977,0.027064688503742218,0,0.0013081874931231141,0,553.259765625,-4.1962890625
55,13,0,1,Day,,29.802663803100586,60.19733428955078,325.36712646484375,793.5,325.52655029296875,539.2999877929688,0.41024139523506165,25.20000648498535,1.100100040435791,=NA(),=NA(),1.1519979238510132,1.4163999557495117,0.34380000829696655,0.08399999886751175,=NA(),20,1013.25,-18.030725479125977,24.1387996673584,882.300048828125,823.1950073242188,59.10499954223633,61.59563446044922,5313.419921875,4684.22998046875,4689.552734375,35.4753532409668,8.26198959350586,8.243001937866211,43.13761520385742,8.759415626525879,0.029119936749339104,0,0.0012773750349879265,0,629.18994140625,-5.32275390625
55,14,0,1,Day,,38.60818862915039,51.39181137084961,303.974609375,505.010009765625,398.96197509765625,135.7100067138672,0.7900080680847168,25.5100040435791,1.1198999881744385,=NA(),=NA(),1.2789256572723389,1.4163999557495117,0.34380000829696655,0.08399999886751175,=NA(),20,1013.25,-33.51268005371094,20.4079647064209,575.02001953125,525.6849975585938,49.33000183105469,49.136863708496094,3388.39013671875,3117.300048828125,3121.65283203125,36.95966720581055,5.278890132904053,5.187751770019531,43.88513946533203,5.587660312652588,0.01843981258571148,0,0.0010203125420957804,0,271.090087890625,-4.352783203125
55,15,0,1,Day,,49.587257385253906,40.412742614746094,289.6134338378906,203.61000061035156,200.8804473876953,4.210400104522705,0.9865942001342773,25.83001136779785,1.2099000215530396,=NA(),=NA(),1.540656328201294,1.4163999557495117,0.34380000829696655,0.08399999886751175,=NA(),20,1013.25,-47.88971710205078,14.807897567749023,208.4550018310547,170.77000427246094,37.68000030517578,34.56438446044922,1123.02001953125,1083.6600341796875,1077.874267578125,38.132415771484375,1.766078233718872,1.6709294319152832,43.81871795654297,1.8899354934692383,0.005890499800443649,0,0.0007570625166408718,0,39.3599853515625,5.7857666015625
55,16,0,1,Day,,61.482479095458984,28.517518997192383,278.8999938964844,278.70001220703125,253.5873260498047,52.599998474121094,0.9098935127258301,24.70000648498535,1.2200000286102295,=NA(),=NA(),2.088372230529785,1.4163999557495117,0.34380000829696655,0.08399999886751175,=NA(),20,1013.25,-60,7.902544021606445,360.2799987792969,308.46002197265625,51.81999969482422,39.576255798339844,2062.93994140625,1959.0699462890625,1957.31689453125,37.96656036376953,3.221975088119507,3.0955731868743896,44.2307243347168,3.4175095558166504,0.010941499844193459,0,0.001034437445923686,0,103.8699951171875,1.7530517578125
55,17,0,1,Day,,73.7008285522461,16.299171447753906,269.87774658203125,183.50999450683594,169.1944580078125,51.007999420166016,0.9219904541969299,24.350000381469727,1.2700999975204468,=NA(),=NA(),3.5247373580932617,1.4163999557495117,0.34380000829696655,0.08399999886751175,=NA(),20,1013.25,-26.727184295654297,46.973716735839844,266.43499755859375,250.0800018310547,16.354999542236328,35.238731384277344,1528.8900146484375,1473.010009765625,1474.96240234375,38.10227584838867,2.419412136077881,2.3817262649536133,44.276885986328125,2.556915760040283,0.008610624819993973,0,0.0003427499905228615,0,55.8800048828125,-1.952392578125
55,18,0,1,Day,,85.09061431884766,4.909389019012451,261.9293518066406,6.700399875640869,6.700228691101074,0.0020000000949949026,0.9999744296073914,22.5100040435791,2.119999885559082,=NA(),=NA(),10.46383285522461,1.4163999557495117,0.34380000829696655,0.08399999886751175,=NA(),20,1013.25,-7.171810150146484,77.99098205566406,7.324999809265137,6.659999847412109,0.6649999618530273,22.8275089263916,31.400001525878906,31.6200008392334,31.535539627075195,34.01578140258789,0.05794273316860199,0.05744555592536926,39.38189697265625,0.06807295978069305,0.00022506249661091715,0,0.00001449999945180025,0,-0.2199993133544922,0.08446121215820312
55,19,0,1,Night,,98.0467758178711,-8.046778678894043,252.67849731445312,0,0,0,0,21.0100040435791,3.98009991645813,=NA(),0,64.81599426269531,1.4163999557495117,0.34380000829696655,0.08399999886751175,=NA(),20,1013.25,0,0,0,0,0,21.0100040435791,0,0,0,0,0,0,0,0,0,0,0,0,0,0
55,20,0,1,Night,,109.38790130615234,-19.38789939880371,242.9119415283203,0,0,0,0,20.05999183654785,5.429900169372559,=NA(),0,64.81599426269531,1.4163999557495117,0.34380000829696655,0.08399999886751175,=NA(),20,1013.25,0,0,0,0,0,20.05999183654785,0,0,0,0,0,0,0,0,0,0,0,0,0,0
55,21,0,1,Night,,119.69548797607422,-29.695484161376953,231.22335815429688,0,0,0,0,19.600000381469727,6.29010009765625,=NA(),0,64.81599426269531,1.4163999557495117,0.34380000829696655,0.08399999886751175,=NA(),20,1013.25,0,0,0,0,0,19.600000381469727,0,0,0,0,0,0,0,0,0,0,0,0,0,0
55,22,0,1,Night,,128.2391815185547,-38.23918151855469,216.6122283935547,0,0,0,0,19.110010147094727,6.469900131225586,=NA(),0,64.81599426269531,1.4163999557495117,0.34380000829696655,0.08399999886751175,=NA(),20,1013.25,0,0,0,0,0,19.110010147094727,0,0,0,0,0,0,0,0,0,0,0,0,0,0
55,23,0,1,Night,,133.9568634033203,-43.956871032714844,198.44033813476562,0,0,0,0,18.8900089263916,6,=NA(),0,64.81599426269531,1.4163999557495117,0.34380000829696655,0.08399999886751175,=NA(),20,1013.25,0,0,0,0,0,18.8900089263916,0,0,0,0,0,0,0,0,0,0,0,0,0,0
56,0,0,1,Night,,135.7053680419922,-45.70537185668945,177.6560516357422,0,0,0,0,18.089990615844727,5.349899768829346,=NA(),0,64.81599426269531,1.4163999557495117,0.34380000829696655,0.08399999886751175,=NA(),20,1013.25,0,0,0,0,0,18.089990615844727,0,0,0,0,0,0,0,0,0,0,0,0,0,0
56,1,0,1,Night,,133.03106689453125,-43.03107452392578,157.2310333251953,0,0,0,0,16.899988174438477,4.829999923706055,=NA(),0,64.81599426269531,1.4163999557495117,0.34380000829696655,0.08399999886751175,=NA(),20,1013.25,0,0,0,0,0,16.899988174438477,0,0,0,0,0,0,0,0,0,0,0,0,0,0
56,2,0,1,Night,,126.60643768310547,-36.60643768310547,139.81468200683594,0,0,0,0,16.990015029907227,4.329999923706055,=NA(),0,64.81599426269531,1.4163999557495117,0.34380000829696655,0.08399999886751175,=NA(),20,1013.25,0,0,0,0,0,16.990015029907227,0,0,0,0,0,0,0,0,0,0,0,0,0,0
56,3,0,1,Night,,117.60863494873047,-27.60863494873047,125.90251922607422,0,0,0,0,17.2499942779541,3.8101000785827637,=NA(),0,64.81599426269531,1.4163999557495117,0.34380000829696655,0.08399999886751175,=NA(),20,1013.25,0,0,0,0,0,17.2499942779541,0,0,0,0,0,0,0,0,0,0,0,0,0,0
56,4,0,1,Night,,107.03363037109375,-17.033632278442383,114.69640350341797,0,0,0,0,16.860010147094727,3.4700000286102295,=NA(),0,64.81599426269531,1.4163999557495117,0.34380000829696655,0.08399999886751175,=NA(),20,1013.25,0,0,0,0,0,16.860010147094727,0,0,0,0,0,0,0,0,0,0,0,0,0,0
56,5,0,1,Night,Sun below height limit of 1 degrees.,89.54422760009766,0.45577070116996765,101.2153549194336,0,0,0,0,16.20000648498535,3.51990008354187,=NA(),0,31.8710880279541,1.4163999557495117,0.34380000829696655,0.08399999886751175,=NA(),20,1013.25,0,0,0,0,0,16.20000648498535,0,0,0,0,0,0,0,0,0,0,0,0,0,0
56,6,0,1,Day,,83.28404998779297,6.715949535369873,96.56491088867188,10.196999549865723,10.185351371765137,0.09960000216960907,0.9988576769828796,15.740015029907227,3.2600998878479004,=NA(),=NA(),8.017958641052246,1.4163999557495117,0.34380000829696655,0.08399999886751175,=NA(),20,1013.25,9.869352340698242,73.4814224243164,11.125,10.09000015258789,1.0299999713897705,16.213098526000977,50.60000228881836,52.290000915527344,52.29389953613281,35.83266067504883,0.0912117063999176,0.09056086838245392,41.202369689941406,0.10309690982103348,0.00034193749888800085,0,0.00002218749978055712,0,-1.6899986267089844,-0.00389862060546875
56,7,0,1,Day,,71.11296081542969,18.887042999267578,88.0145492553711,336.989990234375,247.23025512695312,277.2900085449219,0.7336426973342896,19.149988174438477,2.740000009536743,=NA(),=NA(),3.0652594566345215,1.4163999557495117,0.34380000829696655,0.08399999886751175,=NA(),20,1013.25,33.047767639160156,38.09396743774414,584.6950073242188,560.8900146484375,23.815000534057617,42.96001434326172,3475.52001953125,3267.630126953125,3272.6591796875,37.81112289428711,5.40960168838501,5.342403411865234,44.74060821533203,5.714641094207764,0.019414125010371208,0,0.000537874992005527,0,207.889892578125,-5.029052734375
56,8,0,1,Day,,58.95382308959961,31.046178817749023,78.68937683105469,77.49400329589844,77.13438415527344,0.6973000168800354,0.9953594207763672,20.459985733032227,2.569999933242798,=NA(),=NA(),1.9343607425689697,1.4163999557495117,0.34380000829696655,0.08399999886751175,=NA(),20,1013.25,58.455039978027344,9.673470497131348,73.63499450683594,54.47999954223633,19.154998779296875,23.5937442779541,365.4700012207031,366.6400146484375,361.1237487792969,38.3133659362793,0.5888121128082275,0.537528932094574,43.40740203857422,0.6432870626449585,0.0018918749410659075,0,0.00038137499359436333,0,-1.170013427734375,5.516265869140625
56,9,0,1,Day,,47.23137664794922,42.76862335205078,67.3240737915039,145.00999450683594,143.6460723876953,2.0085999965667725,0.9905942678451538,20.42998695373535,3.299999952316284,=NA(),=NA(),1.4711439609527588,1.4163999557495117,0.34380000829696655,0.08399999886751175,=NA(),20,1013.25,44.92888641357422,16.439916610717773,145.8300018310547,119.69000244140625,26.139999389648438,26.534997940063477,771.3499755859375,765.5700073242188,760.8656005859375,38.79289245605469,1.2254414558410645,1.1594624519348145,44.269535064697266,1.3129355907440186,0.004111374728381634,0,0.000522000016644597,0,5.77996826171875,4.70440673828125
56,10,0,1,Day,,36.6442756652832,53.3557243347168,51.70317077636719,737,329.7238464355469,507.6000061035156,0.4473865032196045,22.100000381469727,4.039999961853027,=NA(),=NA(),1.245654821395874,1.4163999557495117,0.34380000829696655,0.08399999886751175,=NA(),20,1013.25,30.276098251342773,21.70859718322754,868.2750244140625,815.4649658203125,52.80999755859375,57.761253356933594,5251.10986328125,4693.93994140625,4699.91259765625,35.980552673339844,8.16398811340332,8.119531631469727,43.608497619628906,8.648911476135254,0.028907500207424164,0,0.0011326875537633896,0,557.169921875,-5.97265625
56,11,0,1,Day,,28.690929412841797,61.3090705871582,28.287960052490234,751.010009765625,358.8829040527344,447.010009765625,0.4778670072555542,24.600000381469727,4.429999828338623,=NA(),=NA(),1.139574646949768,1.4163999557495117,0.34380000829696655,0.08399999886751175,=NA(),20,1013.25,14.539698600769043,25.0084228515625,825.7049560546875,767.6950073242188,58.0099983215332,58.625633239746094,4953.41015625,4412.89013671875,4417.66162109375,35.860626220703125,7.6993608474731445,7.677962303161621,43.382293701171875,8.154301643371582,0.027090562507510185,0,0.0012483125319704413,0,540.52001953125,-4.771484375
56,12,0,1,Day,,26.037879943847656,63.962120056152344,356.22308349609375,417.1000061035156,387.4439697265625,33.00600051879883,0.9288994669914246,24.839990615844727,4.409999847412109,=NA(),=NA(),1.1126372814178467,1.4163999557495117,0.34380000829696655,0.08399999886751175,=NA(),20,1013.25,-1.8432471752166748,25.977100372314453,454.2900085449219,417.04998779296875,37.23999786376953,43.53313446044922,2629.25,2464.77001953125,2467.099853515625,37.53915023803711,4.1075439453125,4.102703094482422,44.15030288696289,4.343117713928223,0.014353812672197819,0,0.0008196249837055802,0,164.47998046875,-2.329833984375
56,13,0,1,Day,,30.147958755493164,59.8520393371582,325.64837646484375,626.9000244140625,418.0674133300781,241.5,0.6668805480003357,27.240015029907227,4.409999847412109,=NA(),=NA(),1.1560007333755493,1.4163999557495117,0.34380000829696655,0.08399999886751175,=NA(),20,1013.25,-18.145387649536133,24.49665069580078,691.9150390625,640.510009765625,51.404998779296875,55.737510681152344,4119.8798828125,3705.360107421875,3710.06494140625,36.17698287963867,6.4095845222473145,6.3783111572265625,43.396907806396484,6.790680885314941,0.022499749436974525,0,0.0010979999788105488,0,414.519775390625,-4.704833984375
56,14,0,1,Day,,38.90422821044922,51.09577178955078,304.3368835449219,916.7000122070312,321.0681457519531,765.4000244140625,0.3502434194087982,27.779993057250977,4.429999828338623,=NA(),=NA(),1.2842274904251099,1.4163999557495117,0.34380000829696655,0.08399999886751175,=NA(),20,1013.25,-33.67890167236328,20.746850967407227,1116.3050537109375,1055.320068359375,60.98999786376953,74.1518783569336,6766.31005859375,5697.27978515625,5704.1611328125,33.80038833618164,10.54751968383789,10.50290298461914,42.01731872558594,11.227876663208008,0.03746393695473671,0,0.0013184375129640102,0,1069.0302734375,-6.88134765625
56,15,0,1,Day,,49.849239349365234,40.150760650634766,289.9615478515625,669,318.6150817871094,543.4000244140625,0.47625571489334106,28.659997940063477,4.570000171661377,=NA(),=NA(),1.5489575862884521,1.4163999557495117,0.34380000829696655,0.08399999886751175,=NA(),20,1013.25,-48.0915641784668,15.125900268554688,926.9349975585938,873.6600341796875,53.275001525878906,66.9493637084961,5612.64013671875,4852.2099609375,4859.1689453125,34.75885009765625,8.737374305725098,8.648096084594727,42.55746841430664,9.287858963012695,0.030994875356554985,0,0.0011187499621883035,0,760.43017578125,-6.958984375
56,16,0,1,Day,,61.726959228515625,28.273040771484375,279.22039794921875,404.0899963378906,291.78192138671875,237.10000610351562,0.722071647644043,27.469995498657227,4.119999885559082,=NA(),=NA(),2.1047887802124023,1.4163999557495117,0.34380000829696655,0.08399999886751175,=NA(),20,1013.25,-60,8.234152793884277,619.3150024414062,563.3200073242188,55.9900016784668,52.93437957763672,3703.60009765625,3362.739990234375,3366.443115234375,36.51211929321289,5.76271390914917,5.6340012550354,43.556983947753906,6.102328777313232,0.020114436745643616,0,0.0011264999629929662,0,340.860107421875,-3.703125
56,17,0,1,Day,,73.94001770019531,16.059982299804688,270.17584228515625,185.2100067138672,169.826416015625,55.608001708984375,0.9169397354125977,27.240015029907227,3.1898999214172363,=NA(),=NA(),3.57453989982605,1.4163999557495117,0.34380000829696655,0.08399999886751175,=NA(),20,1013.25,-26.207162857055664,47.73300552368164,271.2200012207031,255.05999755859375,16.15999984741211,38.347496032714844,1556.8499755859375,1483.6199951171875,1485.6124267578125,37.68556594848633,2.4638278484344482,2.426938533782959,43.88956069946289,2.6059210300445557,0.008771687746047974,0,0.0003402500005904585,0,73.22998046875,-1.992431640625
56,18,0,1,Day,,85.2038803100586,4.796123504638672,262.30267333984375,2.598099946975708,2.598099946975708,0,1,24.550012588500977,3.5000998973846436,=NA(),=NA(),10.664491653442383,1.4163999557495117,0.34380000829696655,0.08399999886751175,=NA(),20,1013.25,-6.996527671813965,78.2713623046875,2.8399999141693115,2.5850000381469727,0.2549999952316284,24.67998695373535,9.680000305175781,9.680000305175781,9.6671724319458,31.337446212768555,0.01928033120930195,0.019112519919872284,37.054847717285156,0.026424508541822433,0.00008737500320421532,0,0.000005500000042957254,0,0,0.012827873229980469
56,19,0,1,Night,,98.30433654785156,-8.304337501525879,252.95187377929688,0,0,0,0,21.540002822875977,3.7899999618530273,=NA(),0,64.81599426269531,1.4163999557495117,0.34380000829696655,0.08399999886751175,=NA(),20,1013.25,0,0,0,0,0,21.540002822875977,0,0,0,0,0,0,0,0,0,0,0,0,0,0
56,20,0,1,Night,,109.66631317138672,-19.66631317138672,243.17550659179688,0,0,0,0,19.839990615844727,3.7799999713897705,=NA(),0,64.81599426269531,1.4163999557495117,0.34380000829696655,0.08399999886751175,=NA(),20,1013.25,0,0,0,0,0,19.839990615844727,0,0,0,0,0,0,0,0,0,0,0,0,0,0
56,21,0,1,Night,,120.00373077392578,-30.00373077392578,231.46653747558594,0,0,0,0,18.480005264282227,3.609999895095825,=NA(),0,64.81599426269531,1.4163999557495117,0.34380000829696655,0.08399999886751175,=NA(),20,1013.25,0,0,0,0,0,18.480005264282227,0,0,0,0,0,0,0,0,0,0,0,0,0,0
56,22,0,1,Night,,128.58152770996094,-38.58153533935547,216.80401611328125,0,0,0,0,14.200006484985352,3.420099973678589,=NA(),0,64.81599426269531,1.4163999557495117,0.34380000829696655,0.08399999886751175,=NA(),20,1013.25,0,0,0,0,0,14.200006484985352,0,0,0,0,0,0,0,0,0,0,0,0,0,0
56,23,0,1,Night,,134.32608032226562,-44.32608413696289,198.52386474609375,0,0,0,0,12.939996719360352,3.240000009536743,=NA(),0,64.81599426269531,1.4163999557495117,0.34380000829696655,0.08399999886751175,=NA(),20,1013.25,0,0,0,0,0,12.939996719360352,0,0,0,0,0,0,0,0,0,0,0,0,0,0
57,0,0,1,Night,,136.07586669921875,-46.075862884521484,177.581298828125,0,0,0,0,12.379999160766602,3.039900064468384,=NA(),0,64.81599426269531,1.4163999557495117,0.34380000829696655,0.08399999886751175,=NA(),20,1013.25,0,0,0,0,0,12.379999160766602,0,0,0,0,0,0,0,0,0,0,0,0,0,0
57,1,0,1,Night,,133.37074279785156,-43.37074279785156,157.01551818847656,0,0,0,0,11.179986953735352,2.850100040435791,=NA(),0,64.81599426269531,1.4163999557495117,0.34380000829696655,0.08399999886751175,=NA(),20,1013.25,0,0,0,0,0,11.179986953735352,0,0,0,0,0,0,0,0,0,0,0,0,0,0
57,2,0,1,Night,,126.8995590209961,-36.899559020996094,139.52403259277344,0,0,0,0,11.209985733032227,2.6900999546051025,=NA(),0,64.81599426269531,1.4163999557495117,0.34380000829696655,0.08399999886751175,=NA(),20,1013.25,0,0,0,0,0,11.209985733032227,0,0,0,0,0,0,0,0,0,0,0,0,0,0
57,3,0,1,Night,,117.85781860351562,-27.857820510864258,125.58661651611328,0,0,0,0,10.800012588500977,2.5199999809265137,=NA(),0,64.81599426269531,1.4163999557495117,0.34380000829696655,0.08399999886751175,=NA(),20,1013.25,0,0,0,0,0,10.800012588500977,0,0,0,0,0,0,0,0,0,0,0,0,0,0
57,4,0,1,Night,,107.24903869628906,-17.249040603637695,114.37545013427734,0,0,0,0,9.500085830688477,2.3099000453948975,=NA(),0,64.81599426269531,1.4163999557495117,0.34380000829696655,0.08399999886751175,=NA(),20,1013.25,0,0,0,0,0,9.499994277954102,0,0,0,0,0,0,0,0,0,0,0,0,0,0
57,5,0,1,Night,Sun below height limit of 1 degrees.,89.61656188964844,0.38343992829322815,100.8268814086914,0,0,0,0,10.020013809204102,2.2899999618530273,=NA(),0,32.73870849609375,1.4163999557495117,0.34380000829696655,0.08399999886751175,=NA(),20,1013.25,0,0,0,0,0,10.020013809204102,0,0,0,0,0,0,0,0,0,0,0,0,0,0
57,6,0,1,Day,,83.45736694335938,6.542631149291992,96.23336791992188,121.9000015258789,110.30178833007812,101.79000091552734,0.9048547148704529,10.879999160766602,2.5599000453948975,=NA(),=NA(),8.203968048095703,1.4163999557495117,0.34380000829696655,0.08399999886751175,=NA(),20,1013.25,9.598282814025879,73.91748809814453,201.97500610351562,194.86500549316406,7.105000019073486,19.386865615844727,942.8499755859375,959.2899780273438,960.6310424804688,39.7509880065918,1.5103882551193237,1.5054110288619995,45.596282958984375,1.5942918062210083,0.005465937312692404,0,0.00015637499745935202,0,-16.44000244140625,-1.341064453125
57,7,0,1,Day,,71.28790283203125,18.71209716796875,87.6650390625,346.4100036621094,253.59559631347656,289.30999755859375,0.7320677638053894,16.990015029907227,4.300099849700928,=NA(),=NA(),3.0923640727996826,1.4163999557495117,0.34380000829696655,0.08399999886751175,=NA(),20,1013.25,32.58476638793945,38.74192428588867,604.9199829101562,581.0499877929688,23.869998931884766,41.597496032714844,3603.570068359375,3404.35009765625,3408.884521484375,38.024566650390625,5.60314416885376,5.535490989685059,44.9854621887207,5.91516637802124,0.020138749852776527,0,0.000536437495611608,0,199.219970703125,-4.534423828125
57,8,0,1,Day,,59.13849639892578,30.86150550842285,78.30931854248047,565.1900024414062,323.0758361816406,471.989990234375,0.5716233849525452,19.5100040435791,4.949900150299072,=NA(),=NA(),1.9447141885757446,1.4163999557495117,0.34380000829696655,0.08399999886751175,=NA(),20,1013.25,58.607025146484375,10.016853332519531,891.8699951171875,831.8499755859375,60.01499938964844,56.03563690185547,5419.2998046875,4874.8701171875,4881.68359375,36.21044921875,8.426091194152832,8.303069114685059,43.89286422729492,8.92400074005127,0.02977849915623665,0,0.001225625048391521,0,544.4296875,-6.8134765625
57,9,0,1,Day,,47.44144821166992,42.55855178833008,66.90190887451172,755.5999755859375,328.8949890136719,630.9000244140625,0.435276597738266,21.779993057250977,5.080100059509277,=NA(),=NA(),1.476987361907959,1.4163999557495117,0.34380000829696655,0.08399999886751175,=NA(),20,1013.25,45.05055236816406,16.796161651611328,1017.4649658203125,961.4549560546875,56,63.735008239746094,6152.22021484375,5384.69970703125,5390.39013671875,35.195594787597656,9.572258949279785,9.494230270385742,43.15657043457031,10.152854919433594,0.03404243662953377,0,0.0011796874459832907,0,767.5205078125,-5.6904296875
57,10,0,1,Day,,36.90200424194336,53.09799575805664,51.24831771850586,896.7000122070312,297.9918518066406,748.7000122070312,0.33232057094573975,23.029993057250977,5.080100059509277,=NA(),=NA(),1.249839186668396,1.4163999557495117,0.34380000829696655,0.08399999886751175,=NA(),20,1013.25,30.352502822875977,22.076757431030273,1066.3900146484375,1006.27001953125,60.11499786376953,67.10124969482422,6465.18994140625,5589.73974609375,5596.8369140625,34.735923767089844,10.070332527160645,10.031845092773438,42.826316833496094,10.695477485656738,0.03573312610387802,0,0.0013003124622628093,0,875.4501953125,-7.09716796875
57,11,0,1,Day,,29.018417358398438,60.98158264160156,27.909467697143555,973.4099731445312,262.63702392578125,812.8099975585938,0.2698113024234772,23.7499942779541,5.070000171661377,=NA(),=NA(),1.1431617736816406,1.4163999557495117,0.34380000829696655,0.08399999886751175,=NA(),20,1013.25,14.555721282958984,25.38312339782715,1072.824951171875,1001.4599609375,71.36500549316406,68.22249603271484,6467.16015625,5568.10009765625,5573.56982421875,34.59799575805664,10.068449020385742,10.052155494689941,42.68328857421875,10.686339378356934,0.0355016253888607,0,0.0015431250212714076,0,899.06005859375,-5.4697265625
57,12,0,1,Day,,26.4124698638916,63.58753204345703,356.17803955078125,993.2999877929688,250.38735961914062,829.5,0.25207626819610596,25.350000381469727,5.130000114440918,=NA(),=NA(),1.116219162940979,1.4163999557495117,0.34380000829696655,0.08399999886751175,=NA(),20,1013.25,-1.896180272102356,26.349193572998047,1068.06005859375,993.7750244140625,74.27999877929688,69.65999603271484,6445.60986328125,5519.6298828125,5525.57275390625,34.40549087524414,10.037591934204102,10.0216064453125,42.492164611816406,10.660527229309082,0.03528556227684021,0,0.001634562504477799,0,925.97998046875,-5.94287109375
57,13,0,1,Day,,30.496856689453125,59.503143310546875,325.9215393066406,933.2100219726562,263.099365234375,777.7000122070312,0.2819294333457947,25.980005264282227,5.109899997711182,=NA(),=NA(),1.16011643409729,1.4163999557495117,0.34380000829696655,0.08399999886751175,=NA(),20,1013.25,-18.26375389099121,24.856067657470703,1041.8399658203125,975.344970703125,66.48999786376953,69.15438079833984,6295.27001953125,5400.580078125,5406.24609375,34.47746658325195,9.800324440002441,9.785655975341797,42.50839614868164,10.410484313964844,0.034603625535964966,0,0.001445562462322414,0,894.68994140625,-5.666015625
57,14,0,1,Day,,39.20452880859375,50.79547119140625,304.6940002441406,731.2999877929688,323.62799072265625,526.0999755859375,0.44253793358802795,26.540002822875977,4.920100212097168,=NA(),=NA(),1.289685845375061,1.4163999557495117,0.34380000829696655,0.08399999886751175,=NA(),20,1013.25,-33.8490104675293,21.086795806884766,883.64501953125,831.800048828125,51.84000015258789,62.995628356933594,5348.10986328125,4690.7998046875,4695.1923828125,35.29772186279297,8.313566207885742,8.26167106628418,42.97001266479492,8.815385818481445,0.029485374689102173,0,0.0011106875026598573,0,657.31005859375,-4.392578125
57,15,0,1,Day,,50.11526870727539,39.88473129272461,290.3071594238281,643.3900146484375,319.4393615722656,505.19000244140625,0.4964941143989563,26.790002822875977,4.739999771118164,=NA(),=NA(),1.5575124025344849,1.4163999557495117,0.34380000829696655,0.08399999886751175,=NA(),20,1013.25,-48.29703140258789,15.44458293914795,882.5799560546875,827.989990234375,54.584999084472656,63.17626190185547,5331.43994140625,4672.8798828125,4679.224609375,35.257442474365234,8.294859886169434,8.197111129760742,42.94023132324219,8.805301666259766,0.02935868687927723,0,0.0011418125359341502,0,658.56005859375,-6.3447265625
57,16,0,1,Day,,61.97513198852539,28.024866104125977,279.53973388671875,421.5,292.0550231933594,275.5,0.692894458770752,26.969995498657227,4.03000020980835,=NA(),=NA(),2.121757745742798,1.4163999557495117,0.34380000829696655,0.08399999886751175,=NA(),20,1013.25,-60,8.570289611816406,659.530029296875,603.2000122070312,56.334999084472656,54.089988708496094,3957.780029296875,3579.89990234375,3583.30126953125,36.39597702026367,6.153502941131592,6.026296138763428,43.53358459472656,6.515323162078857,0.021543188020586967,0,0.0011361249489709735,0,377.880126953125,-3.4013671875
57,17,0,1,Day,,74.18207550048828,15.817923545837402,270.4736633300781,155.69000244140625,148.27906799316406,27.187999725341797,0.9523994326591492,25.850000381469727,2.6201000213623047,=NA(),=NA(),3.6264381408691406,1.4163999557495117,0.34380000829696655,0.08399999886751175,=NA(),20,1013.25,-25.690032958984375,48.493133544921875,202.7949981689453,187.05999755859375,15.734999656677246,34.185630798339844,1138.3299560546875,1100.030029296875,1100.9771728515625,37.89936447143555,1.8156123161315918,1.7803317308425903,43.89743423461914,1.9212472438812256,0.006405062507838011,0,0.0003288750012870878,0,38.2999267578125,-0.9471435546875
57,18,0,1,Night,Sun above horizon but GHI below 1,85.32787322998047,4.672123432159424,262.6693420410156,0,0,0,0,22.67998695373535,2.490000009536743,=NA(),0,10.89258098602295,1.4163999557495117,0.34380000829696655,0.08399999886751175,=NA(),20,1013.25,0,0,0,0,0,22.67998695373535,0,0,0,0,0,0,0,0,0,0,0,0,0,0
57,19,0,1,Night,,98.56517791748047,-8.565178871154785,253.22581481933594,0,0,0,0,20.20000648498535,2.3801000118255615,=NA(),0,64.81599426269531,1.4163999557495117,0.34380000829696655,0.08399999886751175,=NA(),20,1013.25,0,0,0,0,0,20.20000648498535,0,0,0,0,0,0,0,0,0,0,0,0,0,0
57,20,0,1,Night,,109.9480972290039,-19.94809913635254,243.43994140625,0,0,0,0,16.6299991607666,2.2499001026153564,=NA(),0,64.81599426269531,1.4163999557495117,0.34380000829696655,0.08399999886751175,=NA(),20,1013.25,0,0,0,0,0,16.6299991607666,0,0,0,0,0,0,0,0,0,0,0,0,0,0
57,21,0,1,Night,,120.3149185180664,-30.31492042541504,231.710693359375,0,0,0,0,15.770013809204102,2.089900016784668,=NA(),0,64.81599426269531,1.4163999557495117,0.34380000829696655,0.08399999886751175,=NA(),20,1013.25,0,0,0,0,0,15.770013809204102,0,0,0,0,0,0,0,0,0,0,0,0,0,0
57,22,0,1,Night,,128.92616271972656,-38.9261589050293,216.99630737304688,0,0,0,0,16.659997940063477,1.8600000143051147,=NA(),0,64.81599426269531,1.4163999557495117,0.34380000829696655,0.08399999886751175,=NA(),20,1013.25,0,0,0,0,0,16.659997940063477,0,0,0,0,0,0,0,0,0,0,0,0,0,0
57,23,0,1,Night,,134.69747924804688,-44.697479248046875,198.60594177246094,0,0,0,0,15.570001602172852,1.8899999856948853,=NA(),0,64.81599426269531,1.4163999557495117,0.34380000829696655,0.08399999886751175,=NA(),20,1013.25,0,0,0,0,0,15.570001602172852,0,0,0,0,0,0,0,0,0,0,0,0,0,0
58,0,0,1,Night,,136.4479522705078,-46.44795227050781,177.5019073486328,0,0,0,0,14.839990615844727,2.0701000690460205,=NA(),0,64.81599426269531,1.4163999557495117,0.34380000829696655,0.08399999886751175,=NA(),20,1013.25,0,0,0,0,0,14.839990615844727,0,0,0,0,0,0,0,0,0,0,0,0,0,0
58,1,0,1,Night,,133.71067810058594,-43.71067810058594,156.79342651367188,0,0,0,0,14.980005264282227,2.180000066757202,=NA(),0,64.81599426269531,1.4163999557495117,0.34380000829696655,0.08399999886751175,=NA(),20,1013.25,0,0,0,0,0,14.980005264282227,0,0,0,0,0,0,0,0,0,0,0,0,0,0
58,2,0,1,Night,,127.19178771972656,-37.1917839050293,139.2271270751953,0,0,0,0,14.159997940063477,2.2799999713897705,=NA(),0,64.81599426269531,1.4163999557495117,0.34380000829696655,0.08399999886751175,=NA(),20,1013.25,0,0,0,0,0,14.159997940063477,0,0,0,0,0,0,0,0,0,0,0,0,0,0
58,3,0,1,Night,,118.10515594482422,-28.105159759521484,125.26559448242188,0,0,0,0,14.249994277954102,2.469899892807007,=NA(),0,64.81599426269531,1.4163999557495117,0.34380000829696655,0.08399999886751175,=NA(),20,1013.25,0,0,0,0,0,14.249994277954102,0,0,0,0,0,0,0,0,0,0,0,0,0,0
58,4,0,1,Night,,107.46134948730469,-17.46135139465332,114.05037689208984,0,0,0,0,14.010004043579102,2.5199999809265137,=NA(),0,64.81599426269531,1.4163999557495117,0.34380000829696655,0.08399999886751175,=NA(),20,1013.25,0,0,0,0,0,14.010004043579102,0,0,0,0,0,0,0,0,0,0,0,0,0,0
58,5,0,1,Night,Sun below height limit of 1 degrees.,89.6960220336914,0.3039790093898773,100.42796325683594,0,0,0,0,13.619989395141602,2.4100000858306885,=NA(),0,33.731170654296875,1.4163999557495117,0.34380000829696655,0.08399999886751175,=NA(),20,1013.25,0,0,0,0,0,13.619989395141602,0,0,0,0,0,0,0,0,0,0,0,0,0,0
58,6,0,1,Day,,83.6337890625,6.366214275360107,95.8989028930664,35.70899963378906,35.60853958129883,0.906000018119812,0.9971867203712463,14.300012588500977,3.049999952316284,=NA(),=NA(),8.401996612548828,1.4163999557495117,0.34380000829696655,0.08399999886751175,=NA(),20,1013.25,9.323966979980469,74.36054992675781,40.505001068115234,37.025001525878906,3.4800000190734863,15.988122940063477,202.55999755859375,209.17999267578125,209.11019897460938,38.123046875,0.3428203761577606,0.34084418416023254,43.52553176879883,0.36888420581817627,0.0012273750035092235,0,0.00007500000356230885,0,-6.6199951171875,0.069793701171875
58,7,0,1,Day,,71.46316528320312,18.536832809448242,87.31294250488281,445.70001220703125,327.3723449707031,372.20001220703125,0.7345127463340759,17.790002822875977,1.6399999856948853,=NA(),=NA(),3.120028018951416,1.4163999557495117,0.34380000829696655,0.08399999886751175,=NA(),20,1013.25,32.13053894042969,39.382720947265625,816.1300048828125,789.4550170898438,26.674999237060547,51.14562225341797,4902.5400390625,4485.43994140625,4490.99267578125,36.85539245605469,7.615976810455322,7.5381879806518555,44.327972412109375,8.052937507629395,0.02744225040078163,0,0.0006065000197850168,0,417.10009765625,-5.552734375
58,8,0,1,Day,,59.32388687133789,30.676111221313477,77.92707061767578,273.30999755859375,253.40924072265625,39.00699996948242,0.927186131477356,21.93999671936035,2.4798998832702637,=NA(),=NA(),1.9552397727966309,1.4163999557495117,0.34380000829696655,0.08399999886751175,=NA(),20,1013.25,58.75859451293945,10.363245964050293,335.4150085449219,284.44500732421875,50.974998474121094,35.78685760498047,1906.3699951171875,1834.010009765625,1830.7716064453125,38.472633361816406,2.973846912384033,2.85178804397583,44.59461975097656,3.158461093902588,0.010072187520563602,0,0.0010188750457018614,0,72.3599853515625,3.2384033203125
58,9,0,1,Day,,47.652591705322266,42.347408294677734,66.478271484375,841.0999755859375,368.013671875,702.2999877929688,0.4375385642051697,22.8900089263916,3.309999942779541,=NA(),=NA(),1.4829275608062744,1.4163999557495117,0.34380000829696655,0.08399999886751175,=NA(),20,1013.25,45.1712646484375,17.155261993408203,1130.554931640625,1067.0050048828125,63.55000305175781,69.75939178466797,6821.7001953125,5840.759765625,5845.72216796875,34.38692092895508,10.624987602233887,10.532615661621094,42.59659957885742,11.285185813903809,0.03776925057172775,0,0.0013357499847188592,0,980.9404296875,-4.96240234375
58,10,0,1,Day,,37.161617279052734,52.838382720947266,50.79358673095703,601.510009765625,392.5457458496094,262.2099914550781,0.6526005268096924,26.029993057250977,4.010000228881836,=NA(),=NA(),1.2541083097457886,1.4163999557495117,0.34380000829696655,0.08399999886751175,=NA(),20,1013.25,30.427566528320312,22.447668075561523,692.5700073242188,642.2249755859375,50.345001220703125,54.518760681152344,4137.31982421875,3737.489990234375,3742.106201171875,36.346046447753906,6.434901237487793,6.3663153648376465,43.563716888427734,6.815722465515137,0.022638438269495964,0,0.0010581249371170998,0,399.829833984375,-4.6162109375
58,11,0,1,Day,,29.348085403442383,60.651912689208984,27.532516479492188,908.6900024414062,261.143798828125,742.8900146484375,0.28738492727279663,26.469995498657227,4.590000152587891,=NA(),=NA(),1.1468335390090942,1.4163999557495117,0.34380000829696655,0.08399999886751175,=NA(),20,1013.25,14.569602966308594,25.760360717773438,1001.39501953125,934.5650024414062,66.83000183105469,67.9962387084961,6039.2099609375,5202.4599609375,5206.505859375,34.64469528198242,9.392680168151855,9.37594223022461,42.57200241088867,9.965324401855469,0.03312518820166588,0,0.0014443750260397792,0,836.75,-4.0458984375
58,12,0,1,Day,,26.789369583129883,63.21063232421875,356.12908935546875,998.2999877929688,254.17962646484375,833.5900268554688,0.2546124756336212,27.92998695373535,5.080100059509277,=NA(),=NA(),1.1198948621749878,1.4163999557495117,0.34380000829696655,0.08399999886751175,=NA(),20,1013.25,-1.9521905183792114,26.723390579223633,1073.534912109375,998.7999877929688,74.72999572753906,72.5943832397461,6476.83984375,5485.1201171875,5490.45458984375,34.02238845825195,10.086104393005371,10.066344261169434,42.12587356567383,10.720634460449219,0.0354573130607605,0,0.0016438750317320228,0,991.7197265625,-5.33447265625
58,13,0,1,Day,,30.849393844604492,59.150604248046875,326.1868591308594,699.0999755859375,381.8689270019531,369.510009765625,0.546229362487793,28.20000648498535,5.410099983215332,=NA(),=NA(),1.164348840713501,1.4163999557495117,0.34380000829696655,0.08399999886751175,=NA(),20,1013.25,-18.38592529296875,25.217103958129883,774.1199951171875,718.60498046875,55.51499938964844,60.166893005371094,4630.52001953125,4100.669921875,4104.74560546875,35.63771438598633,7.19874382019043,7.168373107910156,43.04973220825195,7.63222599029541,0.025307999923825264,0,0.0011903750710189342,0,529.85009765625,-4.07568359375
58,14,0,1,Day,,39.50923538208008,50.49076461791992,305.0460205078125,868.510009765625,308.9944763183594,725.2100219726562,0.355775386095047,29.050012588500977,5.360000133514404,=NA(),=NA(),1.295308232307434,1.4163999557495117,0.34380000829696655,0.08399999886751175,=NA(),20,1013.25,-34.02322006225586,21.4278507232666,1060.135009765625,1002.2899780273438,57.845001220703125,73.11748504638672,6430.240234375,5434.56982421875,5438.1787109375,33.96670150756836,10.006458282470703,9.958827018737793,42.04352951049805,10.635675430297852,0.03558218851685524,0,0.001248687505722046,0,995.67041015625,-3.60888671875
58,15,0,1,Day,,50.38576126098633,39.61423873901367,290.6502380371094,630.2100219726562,320.4500427246094,485.80999755859375,0.5084813237190247,29.100000381469727,5.039999961853027,=NA(),=NA(),1.5663423538208008,1.4163999557495117,0.34380000829696655,0.08399999886751175,=NA(),20,1013.25,-48.50658416748047,15.763962745666504,864.0650024414062,809.7249755859375,54.34000015258789,64.78685760498047,5217.7900390625,4545.6298828125,4551.26904296875,35.04328155517578,8.11734676361084,8.019477844238281,42.68913650512695,8.620179176330566,0.028713688254356384,0,0.0011362499790266156,0,672.16015625,-5.63916015625
58,16,0,1,Day,,62.227439880371094,27.772560119628906,279.8580017089844,406.20001220703125,289.476318359375,250.5,0.7126447558403015,28.8699893951416,4.099999904632568,=NA(),=NA(),2.139331817626953,1.4163999557495117,0.34380000829696655,0.08399999886751175,=NA(),20,1013.25,-60,8.910837173461914,631.7650146484375,576.094970703125,55.665000915527344,54.89812469482422,3781.610107421875,3409.760009765625,3412.18994140625,36.27315139770508,5.879497528076172,5.751927375793457,43.340511322021484,6.227063179016113,0.020558062940835953,0,0.0011239999439567327,0,371.85009765625,-2.429931640625
58,17,0,1,Day,,74.4283447265625,15.571653366088867,270.77117919921875,177.49000549316406,163.6947021484375,51.38999938964844,0.9222756028175354,28.20000648498535,2.780100107192993,=NA(),=NA(),3.680851936340332,1.4163999557495117,0.34380000829696655,0.08399999886751175,=NA(),20,1013.25,-25.172807693481445,49.25834274291992,258.5249938964844,243.16000366210938,15.364999771118164,38.80748748779297,1477.8199462890625,1405.719970703125,1407.3377685546875,37.563629150390625,2.341587543487549,2.307690382003784,43.73398971557617,2.4771273136138916,0.008338687941432,0,0.0003253124887123704,0,72.0999755859375,-1.6177978515625
58,18,0,1,Night,Sun above horizon but GHI below 1,85.44390106201172,4.556098937988281,263.04583740234375,0,0,0,0,24.959985733032227,2.8299999237060547,=NA(),0,11.114389419555664,1.4163999557495117,0.34380000829696655,0.08399999886751175,=NA(),20,1013.25,0,0,0,0,0,24.959985733032227,0,0,0,0,0,0,0,0,0,0,0,0,0,0
58,19,0,1,Night,,98.82827758789062,-8.82827377319336,253.5003662109375,0,0,0,0,20.529993057250977,2.9400999546051025,=NA(),0,64.81599426269531,1.4163999557495117,0.34380000829696655,0.08399999886751175,=NA(),20,1013.25,0,0,0,0,0,20.529993057250977,0,0,0,0,0,0,0,0,0,0,0,0,0,0
58,20,0,1,Night,,110.23206329345703,-20.232059478759766,243.7052459716797,0,0,0,0,17.300012588500977,2.9700000286102295,=NA(),0,64.81599426269531,1.4163999557495117,0.34380000829696655,0.08399999886751175,=NA(),20,1013.25,0,0,0,0,0,17.300012588500977,0,0,0,0,0,0,0,0,0,0,0,0,0,0
58,21,0,1,Night,,120.62832641601562,-30.628324508666992,231.95590209960938,0,0,0,0,17.790002822875977,2.9400999546051025,=NA(),0,64.81599426269531,1.4163999557495117,0.34380000829696655,0.08399999886751175,=NA(),20,1013.25,0,0,0,0,0,17.790002822875977,0,0,0,0,0,0,0,0,0,0,0,0,0,0
58,22,0,1,Night,,129.27371215820312,-39.273719787597656,217.1891632080078,0,0,0,0,15.399988174438477,2.890000104904175,=NA(),0,64.81599426269531,1.4163999557495117,0.34380000829696655,0.08399999886751175,=NA(),20,1013.25,0,0,0,0,0,15.399988174438477,0,0,0,0,0,0,0,0,0,0,0,0,0,0
58,23,0,1,Night,,135.0716094970703,-45.07160568237305,198.6866455078125,0,0,0,0,15.249994277954102,2.7999000549316406,=NA(),0,64.81599426269531,1.4163999557495117,0.34380000829696655,0.08399999886751175,=NA(),20,1013.25,0,0,0,0,0,15.249994277954102,0,0,0,0,0,0,0,0,0,0,0,0,0,0
59,0,0,1,Night,,136.82211303710938,-46.822105407714844,177.41786193847656,0,0,0,0,14.490015029907227,2.6500000953674316,=NA(),0,64.81599426269531,1.4163999557495117,0.34380000829696655,0.08399999886751175,=NA(),20,1013.25,0,0,0,0,0,14.490015029907227,0,0,0,0,0,0,0,0,0,0,0,0,0,0
59,1,0,1,Night,,134.05169677734375,-44.051700592041016,156.56475830078125,0,0,0,0,12.920007705688477,2.4798998832702637,=NA(),0,64.81599426269531,1.4163999557495117,0.34380000829696655,0.08399999886751175,=NA(),20,1013.25,0,0,0,0,0,12.920007705688477,0,0,0,0,0,0,0,0,0,0,0,0,0,0
59,2,0,1,Night,,127.48409271240234,-37.48408889770508,138.9239959716797,0,0,0,0,12.279993057250977,2.3199000358581543,=NA(),0,64.81599426269531,1.4163999557495117,0.34380000829696655,0.08399999886751175,=NA(),20,1013.25,0,0,0,0,0,12.279993057250977,0,0,0,0,0,0,0,0,0,0,0,0,0,0
59,3,0,1,Night,,118.35243225097656,-28.35243034362793,124.9395523071289,0,0,0,0,10.749994277954102,2.23009991645813,=NA(),0,64.81599426269531,1.4163999557495117,0.34380000829696655,0.08399999886751175,=NA(),20,1013.25,0,0,0,0,0,10.749994277954102,0,0,0,0,0,0,0,0,0,0,0,0,0,0
59,4,0,1,Night,,107.67422485351562,-17.674224853515625,113.72132873535156,0,0,0,0,10.140008926391602,2.2100000381469727,=NA(),0,64.81599426269531,1.4163999557495117,0.34380000829696655,0.08399999886751175,=NA(),20,1013.25,0,0,0,0,0,10.140008926391602,0,0,0,0,0,0,0,0,0,0,0,0,0,0
59,5,0,1,Night,Sun below height limit of 1 degrees.,89.76538848876953,0.23461100459098816,100.03074645996094,0,0,0,0,9.139795303344727,1.999899983406067,=NA(),0,34.63215637207031,1.4163999557495117,0.34380000829696655,0.08399999886751175,=NA(),20,1013.25,0,0,0,0,0,9.140008926391602,0,0,0,0,0,0,0,0,0,0,0,0,0,0
59,6,0,1,Day,,83.8067855834961,6.193216800689697,95.56165313720703,114.38999938964844,104.0876235961914,95.49700164794922,0.9099363684654236,11.879999160766602,2.359999895095825,=NA(),=NA(),8.605268478393555,1.4163999557495117,0.34380000829696655,0.08399999886751175,=NA(),20,1013.25,9.056272506713867,74.79425048828125,188.31500244140625,181.58499145507812,6.735000133514404,19.852502822875977,861.3599853515625,875.1099853515625,875.932373046875,39.58287048339844,1.3830667734146118,1.3787274360656738,45.38160705566406,1.4616403579711914,0.0050068749114871025,0,0.00014831249427516013,0,-13.75,-0.8223876953125
59,7,0,1,Day,,71.63777923583984,18.36221694946289,86.95842742919922,337.1099853515625,248.55380249023438,281.1099853515625,0.7373077273368835,15.540002822875977,1.3200000524520874,=NA(),=NA(),3.148108720779419,1.4163999557495117,0.34380000829696655,0.08399999886751175,=NA(),20,1013.25,31.687210083007812,40.0131950378418,586.8099975585938,563.7900390625,23.020000457763672,39.37938690185547,3502.18994140625,3333.429931640625,3336.889404296875,38.32259750366211,5.442147254943848,5.376745700836182,45.22218322753906,5.740700721740723,0.019591687247157097,0,0.0005108750192448497,0,168.760009765625,-3.45947265625
59,8,0,1,Day,,59.509281158447266,30.490718841552734,77.54280090332031,555.1900024414062,319.8584289550781,463.79998779296875,0.5761242508888245,19.800012588500977,2.9000000953674316,=NA(),=NA(),1.9659000635147095,1.4163999557495117,0.34380000829696655,0.08399999886751175,=NA(),20,1013.25,58.90903091430664,10.712438583374023,879.4400024414062,819.6500244140625,59.79999923706055,55.836265563964844,5340.3798828125,4807.0498046875,4812.8046875,36.24275207519531,8.29979419708252,8.172699928283691,43.88963317871094,8.785736083984375,0.0293357502669096,0,0.001216250006109476,0,533.330078125,-5.7548828125
59,9,0,1,Day,,47.864891052246094,42.135108947753906,66.0533676147461,746.2000122070312,328.1739807128906,623.0999755859375,0.43979358673095703,24.529993057250977,3.7100000381469727,=NA(),=NA(),1.488968849182129,1.4163999557495117,0.34380000829696655,0.08399999886751175,=NA(),20,1013.25,45.2911376953125,17.51710319519043,1006.4549560546875,950.6500244140625,55.810001373291016,66.17186737060547,6084.10009765625,5277.1201171875,5279.46875,34.8963737487793,9.455681800842285,9.372518539428711,42.82131576538086,10.025534629821777,0.03365518897771835,0,0.001173499971628189,0,806.97998046875,-2.3486328125
59,10,0,1,Day,,37.42293167114258,52.57706832885742,50.339210510253906,883.7100219726562,297.6829833984375,737.9099731445312,0.336855947971344,26.7499942779541,4.119999885559082,=NA(),=NA(),1.2584609985351562,1.4163999557495117,0.34380000829696655,0.08399999886751175,=NA(),20,1013.25,30.501184463500977,22.82110595703125,1051.39501953125,991.949951171875,59.44499969482422,70.3499984741211,6371.52001953125,5441.7001953125,5447.06298828125,34.32144546508789,9.919203758239746,9.872385025024414,42.379844665527344,10.539472579956055,0.03520762547850609,0,0.0012830625055357814,0,929.81982421875,-5.36279296875
59,11,0,1,Day,,29.679746627807617,60.32025146484375,27.15733528137207,963.7999877929688,264.7582092285156,804.5999755859375,0.27470242977142334,27.920007705688477,4.300099849700928,=NA(),=NA(),1.1505898237228394,1.4163999557495117,0.34380000829696655,0.08399999886751175,=NA(),20,1013.25,14.581323623657227,26.139892578125,1062.22509765625,991.4349975585938,70.79000091552734,72.13875579833984,6404,5432.56005859375,5435.181640625,34.10235595703125,9.961156845092773,9.93661117553711,42.160770416259766,10.574753761291504,0.03514906391501427,0,0.0015297499485313892,0,971.43994140625,-2.62158203125
59,12,0,1,Day,,27.168384552001953,62.83161544799805,356.07659912109375,974.8900146484375,250.43299865722656,814.2999877929688,0.25688332319259644,29.05999183654785,4.329999923706055,=NA(),=NA(),1.1236648559570312,1.4163999557495117,0.34380000829696655,0.08399999886751175,=NA(),20,1013.25,-2.011225461959839,27.099489212036133,1048.4150390625,975.4100341796875,73.0050048828125,72.71688079833984,6326.31005859375,5354.47998046875,5358.3154296875,34.01898193359375,9.84434700012207,9.82067584991455,42.06085205078125,10.458162307739258,0.03462349995970726,0,0.0016051875427365303,0,971.830078125,-3.83544921875
59,13,0,1,Day,,31.205297470092773,58.79470443725586,326.4445495605469,922.4000244140625,265.59405517578125,767.9099731445312,0.28793802857398987,30.279993057250977,4.260000228881836,=NA(),=NA(),1.1686980724334717,1.4163999557495117,0.34380000829696655,0.08399999886751175,=NA(),20,1013.25,-18.511751174926758,25.57958221435547,1030.56494140625,964.800048828125,65.76499938964844,73.16564178466797,6227.740234375,5261.64990234375,5264.96142578125,33.963932037353516,9.688515663146973,9.670730590820312,41.97079086303711,10.299111366271973,0.03422881290316582,0,0.001429750001989305,0,966.09033203125,-3.3115234375
59,14,0,1,Day,,39.817970275878906,50.182029724121094,305.3929748535156,803.2999877929688,298.20880126953125,657.5999755859375,0.3712296783924103,30.42998695373535,4.050099849700928,=NA(),=NA(),1.3010928630828857,1.4163999557495117,0.34380000829696655,0.08399999886751175,=NA(),20,1013.25,-34.201255798339844,21.76984214782715,980.6500244140625,926.6900024414062,53.959999084472656,71.11437225341797,5942.47998046875,5058.85009765625,5063.71337890625,34.2253532409668,9.247011184692383,9.199348449707031,42.137664794921875,9.827549934387207,0.03284631296992302,0,0.0011651874519884586,0,883.6298828125,-4.86328125
59,15,0,1,Day,,50.66024398803711,39.33975601196289,290.9907531738281,537.2999877929688,339.5810852050781,311.8999938964844,0.6320139169692993,30.600000381469727,3.650099992752075,=NA(),=NA(),1.5754414796829224,1.4163999557495117,0.34380000829696655,0.08399999886751175,=NA(),20,1013.25,-48.71979522705078,16.08395004272461,715.155029296875,661.93994140625,53.209999084472656,60.12688446044922,4284.240234375,3792.7900390625,3796.752685546875,35.61174774169922,6.663591384887695,6.553335666656494,42.90165328979492,7.068323135375977,0.023426499217748642,0,0.0011035625357180834,0,491.4501953125,-3.962646484375
59,16,0,1,Day,,62.48351287841797,27.51648712158203,280.17510986328125,398.989990234375,287.5084533691406,241.3000030517578,0.7205906510353088,30.850000381469727,2.5599000453948975,=NA(),=NA(),2.1575093269348145,1.4163999557495117,0.34380000829696655,0.08399999886751175,=NA(),20,1013.25,-60,9.255450248718262,620.8250122070312,565.5849609375,55.23500061035156,56.48125457763672,3711.60009765625,3327.110107421875,3328.562744140625,36.0599250793457,5.769311904907227,5.640432834625244,43.097225189208984,6.112988471984863,0.02016887441277504,0,0.001117062522098422,0,384.489990234375,-1.45263671875
59,17,0,1,Day,,74.67784881591797,15.322148323059082,271.068359375,171.1999969482422,158.93792724609375,46.40399932861328,0.928375780582428,29.7600040435791,1.7999999523162842,=NA(),=NA(),3.7377164363861084,1.4163999557495117,0.34380000829696655,0.08399999886751175,=NA(),20,1013.25,-24.657426834106445,50.02565383911133,247.38999938964844,232.5050048828125,14.885000228881836,39.930625915527344,1409.6500244140625,1335.239990234375,1336.462646484375,37.354591369628906,2.2361056804656982,2.2040202617645264,43.49711990356445,2.36664080619812,0.007961437106132507,0,0.0003155625017825514,0,74.4100341796875,-1.22265625
59,18,0,1,Night,Sun above horizon but GHI below 1,85.56553649902344,4.434459686279297,263.4202880859375,0,0,0,0,26.45000648498535,1.309999942779541,=NA(),0,11.356136322021484,1.4163999557495117,0.34380000829696655,0.08399999886751175,=NA(),20,1013.25,0,0,0,0,0,26.45000648498535,0,0,0,0,0,0,0,0,0,0,0,0,0,0
59,19,0,1,Night,,99.09381103515625,-9.093807220458984,253.77545166015625,0,0,0,0,21.43999671936035,0.9900000095367432,=NA(),0,64.81599426269531,1.4163999557495117,0.34380000829696655,0.08399999886751175,=NA(),20,1013.25,0,0,0,0,0,21.43999671936035,0,0,0,0,0,0,0,0,0,0,0,0,0,0
59,20,0,1,Night,,110.5184555053711,-20.51845932006836,243.97145080566406,0,0,0,0,19.360010147094727,1.4600000381469727,=NA(),0,64.81599426269531,1.4163999557495117,0.34380000829696655,0.08399999886751175,=NA(),20,1013.25,0,0,0,0,0,19.360010147094727,0,0,0,0,0,0,0,0,0,0,0,0,0,0
59,21,0,1,Night,,120.94450378417969,-30.944507598876953,232.20216369628906,0,0,0,0,17.100000381469727,2.23009991645813,=NA(),0,64.81599426269531,1.4163999557495117,0.34380000829696655,0.08399999886751175,=NA(),20,1013.25,0,0,0,0,0,17.100000381469727,0,0,0,0,0,0,0,0,0,0,0,0,0,0
59,22,0,1,Night,,129.6236114501953,-39.623619079589844,217.38267517089844,0,0,0,0,16.670007705688477,2.860100030899048,=NA(),0,64.81599426269531,1.4163999557495117,0.34380000829696655,0.08399999886751175,=NA(),20,1013.25,0,0,0,0,0,16.670007705688477,0,0,0,0,0,0,0,0,0,0,0,0,0,0
59,23,0,1,Night,,135.4480743408203,-45.44807434082031,198.76600646972656,0,0,0,0,16.719995498657227,3.240000009536743,=NA(),0,64.81599426269531,1.4163999557495117,0.34380000829696655,0.08399999886751175,=NA(),20,1013.25,0,0,0,0,0,16.719995498657227,0,0,0,0,0,0,0,0,0,0,0,0,0,0