Day of year,Hour,Minute,Period (h),Flag,Message,Solar zenith (degrees),Solar elevation (degrees),Solar azimuth (degrees),GHI (W/m2),DHI (W/m2),DNI (W/m2),Diffuse fraction,Ambient temperature (°C),Wind velocity (m/s),Wind direction,Opaque cloud fraction,Air mass,Precipitable water vapour (cm),Ozone (atm.cm),Aerosol optical density,Relative humidity (%),Far field albedo (%),Surface pressure (mb),Module tilt (degrees),Incident angle (degrees),VF power for Tmod [average] (W/m2),VF power for Tmod front [average] (W/m2),VF power for Tmod rear [average] (W/m2),Module temperature [average] (C),Power - no mismatch @25C [unit-system] (W),Power - no mismatch [unit-system] (W),Power [unit-system] (W),Vmp [average] (V),Imp [average] (A),Imp [minimum] (A),Voc [average] (V),Isc [average] (A),Jfront [average] (A/cm2),Ifront [average] (A),Jrear [average] (A/cm2),Irear [average] (A),Temperature loss (W),Cell-to-cell mismatch loss (W)
305,0,0,1,Night,,129.9335174560547,-39.93351745605469,168.54164123535156,0,0,0,0,5.060113430023193,2.5499000549316406,=NA(),0,64.81599426269531,1.4163999557495117,0.34380000829696655,0.08399999886751175,=NA(),20,1013.25,0,0,0,0,0,5.059991359710693,0,0,0,0,0,0,0,0,0,0,0,0,0,0
305,1,0,1,Night,,125.64847564697266,-35.648475646972656,150.9387969970703,0,0,0,0,4.509698390960693,2.8798999786376953,=NA(),0,64.81599426269531,1.4163999557495117,0.34380000829696655,0.08399999886751175,=NA(),20,1013.25,0,0,0,0,0,4.510003566741943,0,0,0,0,0,0,0,0,0,0,0,0,0,0
305,2,0,1,Night,,118.32332611083984,-28.323326110839844,136.1183624267578,0,0,0,0,5.330010890960693,3.1098999977111816,=NA(),0,64.81599426269531,1.4163999557495117,0.34380000829696655,0.08399999886751175,=NA(),20,1013.25,0,0,0,0,0,5.330010890960693,0,0,0,0,0,0,0,0,0,0,0,0,0,0
305,3,0,1,Night,,108.92265319824219,-18.92265510559082,124.01952362060547,0,0,0,0,3.9100890159606934,3.2899999618530273,=NA(),0,64.81599426269531,1.4163999557495117,0.34380000829696655,0.08399999886751175,=NA(),20,1013.25,0,0,0,0,0,3.9099974632263184,0,0,0,0,0,0,0,0,0,0,0,0,0,0
305,4,0,1,Night,,98.20777130126953,-8.207770347595215,113.94990539550781,0,0,0,0,4.259789943695068,3.3598999977111816,=NA(),0,64.81599426269531,1.4163999557495117,0.34380000829696655,0.08399999886751175,=NA(),20,1013.25,0,0,0,0,0,4.260003566741943,0,0,0,0,0,0,0,0,0,0,0,0,0,0
305,5,0,1,Day,,85.43689727783203,4.563102722167969,104.48811340332031,66.49600219726562,63.799495697021484,33.89400100708008,0.9594485759735107,5.950189113616943,4.399899959564209,=NA(),=NA(),11.100753784179688,1.4163999557495117,0.34380000829696655,0.08399999886751175,=NA(),20,1013.25,6.809018135070801,78.84744262695312,94.08999633789062,90.19999694824219,3.8899998664855957,9.964990615844727,409.79998779296875,431.9700012207031,429.7225646972656,40.258968353271484,0.6671287417411804,0.660010814666748,45.534793853759766,0.714608907699585,0.00244906242005527,0,0.00008718750177649781,0,-22.170013427734375,2.2474365234375
305,6,0,1,Day,,74.4371109008789,15.562886238098145,96.90221405029297,298.1000061035156,231.32118225097656,248.89999389648438,0.7759851813316345,9.450189590454102,3.6798999309539795,=NA(),=NA(),3.6828205585479736,1.4163999557495117,0.34380000829696655,0.08399999886751175,=NA(),20,1013.25,25.378244400024414,49.28544616699219,513.3499755859375,497.07501220703125,16.274999618530273,30.147485733032227,3044.110107421875,2990.56005859375,2992.43359375,39.47434997558594,4.737958908081055,4.693283557891846,46.17403030395508,4.988291263580322,0.017143437638878822,0,0.00037206249544396996,0,53.550048828125,-1.87353515625
305,7,0,1,Day,,62.20273208618164,27.797266006469727,88.4969711303711,515.5999755859375,314.7453918457031,430.70001220703125,0.6104449033737183,13.980005264282227,2.809999942779541,=NA(),=NA(),2.1375958919525146,1.4163999557495117,0.34380000829696655,0.08399999886751175,=NA(),20,1013.25,60,2.5657572746276855,858.3150024414062,802.0750122070312,56.23999786376953,49.032493591308594,5200.68994140625,4799.08984375,4796.59130859375,37.17898941040039,8.063567161560059,7.924365997314453,44.71312713623047,8.505378723144531,0.028568562120199203,0,0.001183562446385622,0,401.60009765625,2.49853515625
305,8,0,1,Day,,50.01105499267578,39.98894500732422,78.9599609375,667.5,318.4823303222656,543.0999755859375,0.4771270751953125,18.420007705688477,2.3499999046325684,=NA(),=NA(),1.5541459321975708,1.4163999557495117,0.34380000829696655,0.08399999886751175,=NA(),20,1013.25,49.48325729370117,8.436738014221191,936.0150146484375,887.7949829101562,48.220001220703125,56.701255798339844,5712.52001953125,5132.64990234375,5134.6513671875,36.12285614013672,8.884117126464844,8.79154109954834,43.91107940673828,9.409754753112793,0.03163818642497063,0,0.0010492500150576234,0,579.8701171875,-2.00146484375
305,9,0,1,Day,,38.2817268371582,51.7182731628418,66.56974029541016,881.5999755859375,303.7806396484375,736.0999755859375,0.3445787727832794,21.6199893951416,2.4100000858306885,=NA(),=NA(),1.2731685638427734,1.4163999557495117,0.34380000829696655,0.08399999886751175,=NA(),20,1013.25,35.910484313964844,14.26131820678711,1086.14501953125,1036.97998046875,49.165000915527344,66.47875213623047,6594.83984375,5721.2099609375,5720.3046875,34.82835006713867,10.265179634094238,10.213533401489258,42.94655990600586,10.887487411499023,0.03669637441635132,0,0.001089437515474856,0,873.6298828125,0.9052734375
305,10,0,1,Day,,27.919902801513672,62.08009719848633,47.67422103881836,982.9000244140625,257.90374755859375,820.5,0.2623906135559082,23.6299991607666,2.639899969100952,=NA(),=NA(),1.1313623189926147,1.4163999557495117,0.34380000829696655,0.08399999886751175,=NA(),20,1013.25,21.39440155029297,18.378021240234375,1102.054931640625,1046.419921875,55.63999938964844,69.17000579833984,6718.52001953125,5770.669921875,5772.2900390625,34.45417022705078,10.470958709716797,10.448198318481445,42.64066696166992,11.126446723937988,0.0372643768787384,0,0.0012400000123307109,0,947.85009765625,-1.6201171875
305,11,0,1,Day,,21.28310775756836,68.7168960571289,16.04897689819336,1061.699951171875,235.6514434814453,886.510009765625,0.22195672988891602,24.480005264282227,2.8399999141693115,=NA(),=NA(),1.0729587078094482,1.4163999557495117,0.34380000829696655,0.08399999886751175,=NA(),20,1013.25,6.14666223526001,20.41575813293457,1133.034912109375,1067.1099853515625,65.92500305175781,71.55001068115234,6859.43994140625,5839.5,5838.193359375,34.15337371826172,10.683780670166016,10.665472030639648,42.379234313964844,11.344491958618164,0.03786787390708923,0,0.0014570625498890877,0,1019.93994140625,1.306640625
305,12,0,1,Day,,22.137468338012695,67.86253356933594,336.162353515625,1023.9000244140625,231.64141845703125,855.3099975585938,0.22623440623283386,25.17998695373535,3.029900074005127,=NA(),=NA(),1.0793354511260986,1.4163999557495117,0.34380000829696655,0.08399999886751175,=NA(),20,1013.25,-9.33674144744873,20.162527084350586,1099.300048828125,1036.655029296875,62.644996643066406,70.70500946044922,6686.2099609375,5709.7099609375,5710.904296875,34.2552375793457,10.41976547241211,10.404433250427246,42.43411636352539,11.07584285736084,0.036943625658750534,0,0.0013729999773204327,0,976.5,-1.1943359375
305,13,0,1,Day,,29.83667755126953,60.16332244873047,307.5357971191406,941.7000122070312,260.58050537109375,785.2000122070312,0.2767128646373749,25.719995498657227,3.170099973678589,=NA(),=NA(),1.1523891687393188,1.4163999557495117,0.34380000829696655,0.08399999886751175,=NA(),20,1013.25,-24.456716537475586,17.645288467407227,1073.635009765625,1021.2050170898438,52.42500305175781,70.18938446044922,6538.93017578125,5594.2802734375,5593.11767578125,34.34343719482422,10.1786470413208,10.136113166809082,42.453853607177734,10.806900978088379,0.036297187209129333,0,0.001164062530733645,0,944.64990234375,1.16259765625
305,14,0,1,Day,,40.59519577026367,49.40480422973633,290.41424560546875,713.7899780273438,326.2376403808594,510.3900146484375,0.4570499062538147,26.20000648498535,3,=NA(),=NA(),1.3160563707351685,1.4163999557495117,0.34380000829696655,0.08399999886751175,=NA(),20,1013.25,-38.76923751831055,13.11882495880127,890.7099609375,846.35498046875,44.36000061035156,62.83061981201172,5423.66015625,4764.990234375,4766.5595703125,35.3065071105957,8.437856674194336,8.37619400024414,43.01943588256836,8.953591346740723,0.030052687972784042,0,0.0009759999811649323,0,658.669921875,-1.5693359375
305,15,0,1,Day,,52.45926284790039,37.54073715209961,278.8077087402344,678.5,333.31719970703125,566.5,0.4912559986114502,26.05999183654785,2.6201000213623047,=NA(),=NA(),1.6387436389923096,1.4163999557495117,0.34380000829696655,0.08399999886751175,=NA(),20,1013.25,-52.13039779663086,6.973530292510986,977.425048828125,924.4599609375,52.96500015258789,66.42000579833984,5958.2001953125,5167.77001953125,5167.09375,34.85041046142578,9.266755104064941,9.151263236999512,42.74692916870117,9.838780403137207,0.03293918818235397,0,0.0011631250381469727,0,790.43017578125,0.67626953125
305,16,0,1,Day,,64.67534637451172,25.32465362548828,269.5960388183594,261.510009765625,236.481689453125,58.512001037597656,0.9042930603027344,25.43999671936035,1.809999942779541,=NA(),=NA(),2.3286328315734863,1.4163999557495117,0.34380000829696655,0.08399999886751175,=NA(),20,1013.25,-60,4.689004898071289,356.02001953125,310.80999755859375,45.209999084472656,40.13750457763672,2027.8599853515625,1923.77001953125,1921.5743408203125,37.806976318359375,3.1766741275787354,3.0535905361175537,44.125064849853516,3.3622758388519287,0.010880062356591225,0,0.0008978124824352562,0,104.0899658203125,2.1956787109375
305,17,0,1,Day,,76.86466979980469,13.135331153869629,261.2774963378906,76.49700164794922,76.08885955810547,1.7960000038146973,0.9946646094322205,22.709985733032227,1.649999976158142,=NA(),=NA(),4.325133800506592,1.4163999557495117,0.34380000829696655,0.08399999886751175,=NA(),20,1013.25,-20.677410125732422,56.46107482910156,86.01000213623047,78.91000366210938,7.105000019073486,26.295618057250977,460.8999938964844,458.2200012207031,453.6848449707031,38.19540023803711,0.7424116730690002,0.713111162185669,43.42483901977539,0.8005730509757996,0.0026749998796731234,0,0.00015837499813642353,0,2.67999267578125,4.53515625
305,18,0,1,Night,Sun above horizon but GHI below 1,86.58649444580078,3.413503646850586,254.46629333496094,0,0,0,0,19.480005264282227,1.7401000261306763,=NA(),0,13.842195510864258,1.4163999557495117,0.34380000829696655,0.08399999886751175,=NA(),20,1013.25,0,0,0,0,0,19.480005264282227,0,0,0,0,0,0,0,0,0,0,0,0,0,0
305,19,0,1,Night,,100.37128448486328,-10.371282577514648,243.93954467773438,0,0,0,0,17.159997940063477,1.7401000261306763,=NA(),0,64.81599426269531,1.4163999557495117,0.34380000829696655,0.08399999886751175,=NA(),20,1013.25,0,0,0,0,0,17.159997940063477,0,0,0,0,0,0,0,0,0,0,0,0,0,0
305,20,0,1,Night,,110.82535552978516,-20.825355529785156,233.50439453125,0,0,0,0,16.5200138092041,1.8301000595092773,=NA(),0,64.81599426269531,1.4163999557495117,0.34380000829696655,0.08399999886751175,=NA(),20,1013.25,0,0,0,0,0,16.5200138092041,0,0,0,0,0,0,0,0,0,0,0,0,0,0
305,21,0,1,Night,,119.82373046875,-29.823728561401367,220.89395141601562,0,0,0,0,16.490015029907227,1.9198999404907227,=NA(),0,64.81599426269531,1.4163999557495117,0.34380000829696655,0.08399999886751175,=NA(),20,1013.25,0,0,0,0,0,16.490015029907227,0,0,0,0,0,0,0,0,0,0,0,0,0,0
305,22,0,1,Night,,126.55236053466797,-36.5523567199707,205.501708984375,0,0,0,0,16.33001136779785,2.0099000930786133,=NA(),0,64.81599426269531,1.4163999557495117,0.34380000829696655,0.08399999886751175,=NA(),20,1013.25,0,0,0,0,0,16.33001136779785,0,0,0,0,0,0,0,0,0,0,0,0,0,0
305,23,0,1,Night,,130.04762268066406,-40.0476188659668,187.5225372314453,0,0,0,0,14.540002822875977,2.089900016784668,=NA(),0,64.81599426269531,1.4163999557495117,0.34380000829696655,0.08399999886751175,=NA(),20,1013.25,0,0,0,0,0,14.540002822875977,0,0,0,0,0,0,0,0,0,0,0,0,0,0
306,0,0,1,Night,,129.61656188964844,-39.6165657043457,168.60313415527344,0,0,0,0,14.600000381469727,2.259999990463257,=NA(),0,64.81599426269531,1.4163999557495117,0.34380000829696655,0.08399999886751175,=NA(),20,1013.25,0,0,0,0,0,14.600000381469727,0,0,0,0,0,0,0,0,0,0,0,0,0,0
306,1,0,1,Night,,125.35375213623047,-35.35375213623047,151.09266662597656,0,0,0,0,12.790002822875977,2.5499000549316406,=NA(),0,64.81599426269531,1.4163999557495117,0.34380000829696655,0.08399999886751175,=NA(),20,1013.25,0,0,0,0,0,12.790002822875977,0,0,0,0,0,0,0,0,0,0,0,0,0,0
306,2,0,1,Night,,118.06019592285156,-28.060192108154297,136.32481384277344,0,0,0,0,11.369989395141602,2.860100030899048,=NA(),0,64.81599426269531,1.4163999557495117,0.34380000829696655,0.08399999886751175,=NA(),20,1013.25,0,0,0,0,0,11.369989395141602,0,0,0,0,0,0,0,0,0,0,0,0,0,0
306,3,0,1,Night,,108.68978118896484,-18.68977928161621,124.25113677978516,0,0,0,0,10.339990615844727,3.1098999977111816,=NA(),0,64.81599426269531,1.4163999557495117,0.34380000829696655,0.08399999886751175,=NA(),20,1013.25,0,0,0,0,0,10.339990615844727,0,0,0,0,0,0,0,0,0,0,0,0,0,0
306,4,0,1,Night,,97.9984359741211,-7.998432159423828,114.19510650634766,0,0,0,0,9.450189590454102,3.299999952316284,=NA(),0,64.81599426269531,1.4163999557495117,0.34380000829696655,0.08399999886751175,=NA(),20,1013.25,0,0,0,0,0,9.450006484985352,0,0,0,0,0,0,0,0,0,0,0,0,0,0
306,5,0,1,Day,,85.34308624267578,4.656911373138428,104.8094253540039,74.69999694824219,70.98178100585938,45.797000885009766,0.9502246975898743,9.579889297485352,4.479899883270264,=NA(),=NA(),10.921175956726074,1.4163999557495117,0.34380000829696655,0.08399999886751175,=NA(),20,1013.25,6.962106704711914,78.61563873291016,110.09500122070312,105.95999908447266,4.135000228881836,14.293756484985352,473.2900085449219,491.25,489.9084777832031,39.70259094238281,0.7712194919586182,0.7657503485679626,45.15969467163086,0.8219631314277649,0.0028161874506622553,0,0.00009281250095227733,0,-17.959991455078125,1.341522216796875
306,6,0,1,Day,,74.26123046875,15.738768577575684,97.17703247070312,279.2099914550781,218.14849853515625,225.11000061035156,0.7813062071800232,16.83001136779785,4.340000152587891,=NA(),=NA(),3.6437466144561768,1.4163999557495117,0.34380000829696655,0.08399999886751175,=NA(),20,1013.25,25.77166748046875,48.739959716796875,473.29498291015625,457.35498046875,15.940000534057617,35.99999237060547,2802.02001953125,2699.10009765625,2701.06884765625,38.600650787353516,4.373435974121094,4.328649997711182,45.25898742675781,4.613410949707031,0.015785375609993935,0,0.00036243750946596265,0,102.919921875,-1.96875
306,7,0,1,Day,,62.02897262573242,27.971027374267578,88.79856872558594,500.010009765625,305.9274597167969,413.79998779296875,0.611842691898346,21.6299991607666,4.639999866485596,=NA(),=NA(),2.1254799365997314,1.4163999557495117,0.34380000829696655,0.08399999886751175,=NA(),20,1013.25,60,2.2849457263946533,827.550048828125,772.75,54.80000305175781,55.566246032714844,5015.2197265625,4522.02978515625,4521.62646484375,36.28042984008789,7.789588928222656,7.6569061279296875,43.80132293701172,8.240808486938477,0.02754056267440319,0,0.0011512499768286943,0,493.18994140625,0.4033203125
306,8,0,1,Day,,49.82966995239258,40.17033004760742,79.30193328857422,701.0999755859375,323.9386291503906,584.6900024414062,0.4620434045791626,22.959985733032227,4.930099964141846,=NA(),=NA(),1.5483334064483643,1.4163999557495117,0.34380000829696655,0.08399999886751175,=NA(),20,1013.25,49.33378219604492,8.154804229736328,984.625,934.9849853515625,49.63500213623047,63.41124725341797,6011.85009765625,5272.8701171875,5275.5224609375,35.22536087036133,9.360424995422363,9.26587963104248,43.1515998840332,9.939497947692871,0.03333018720149994,0,0.0010813125409185886,0,738.97998046875,-2.65234375
306,9,0,1,Day,,38.077579498291016,51.922420501708984,66.96485137939453,857.2000122070312,294.21142578125,715.2000122070312,0.34322378039360046,24.719995498657227,4.900000095367432,=NA(),=NA(),1.2696155309677124,1.4163999557495117,0.34380000829696655,0.08399999886751175,=NA(),20,1013.25,35.79154968261719,13.96463680267334,1056.14501953125,1008.760009765625,47.3849983215332,68.3600082397461,6418.16015625,5528.4599609375,5529.5634765625,34.57319641113281,9.996124267578125,9.952797889709473,42.65010070800781,10.620244979858398,0.0357077494263649,0,0.0010531250154599547,0,889.7001953125,-1.103515625
306,10,0,1,Day,,27.669052124023438,62.33094787597656,48.09406280517578,899.9000244140625,264.8043212890625,717.0999755859375,0.2942596971988678,25.3699893951416,4.71999979019165,=NA(),=NA(),1.1287596225738525,1.4163999557495117,0.34380000829696655,0.08399999886751175,=NA(),20,1013.25,21.3168888092041,18.068452835083008,1007.6849975585938,956.2099609375,51.470001220703125,66.94249725341797,6151.4697265625,5325.91015625,5326.11572265625,34.77217483520508,9.573238372802734,9.552244186401367,42.745121002197266,10.159070014953613,0.03407406434416771,0,0.0011435624910518527,0,825.5595703125,-0.20556640625
306,11,0,1,Day,,20.972869873046875,69.02713012695312,16.24338722229004,1058.9000244140625,233.28759765625,884.1900024414062,0.2203112542629242,25.839990615844727,4.559999942779541,=NA(),=NA(),1.0707204341888428,1.4163999557495117,0.34380000829696655,0.08399999886751175,=NA(),20,1013.25,6.119976997375488,20.098690032958984,1129.97998046875,1064.2650146484375,65.70999908447266,72.79000091552734,6841.9599609375,5797.1201171875,5797.45849609375,33.981224060058594,10.662979125976562,10.646580696105957,42.21470642089844,11.337803840637207,0.037770625203847885,0,0.0014523749705404043,0,1044.83984375,-0.33837890625
306,12,0,1,Day,,21.84066390991211,68.15933227539062,335.8583984375,1077.4000244140625,242.38075256347656,899.5900268554688,0.22496820986270905,27.2499942779541,4.469900131225586,=NA(),=NA(),1.0770845413208008,1.4163999557495117,0.34380000829696655,0.08399999886751175,=NA(),20,1013.25,-9.309266090393066,19.845701217651367,1156.655029296875,1089.985107421875,66.66999816894531,75.34874725341797,7019.16015625,5889.83984375,5890.71240234375,33.63427734375,10.946260452270508,10.927623748779297,41.941131591796875,11.652478218078613,0.038794875144958496,0,0.0014611874939873815,0,1129.3203125,-0.87255859375
306,13,0,1,Day,,29.604820251464844,60.395179748535156,307.09765625,672.2100219726562,402.6707763671875,310.010009765625,0.5990252494812012,27.409997940063477,4.260000228881836,=NA(),=NA(),1.149735689163208,1.4163999557495117,0.34380000829696655,0.08399999886751175,=NA(),20,1013.25,-24.379724502563477,17.336177825927734,749.5650024414062,704.1799926757812,45.3849983215332,58.22686004638672,4513.33984375,4028.75,4029.911865234375,35.8784294128418,7.020103454589844,6.962025165557861,43.2507438659668,7.440945625305176,0.02484162524342537,0,0.0009898750577121973,0,484.58984375,-1.161865234375
306,14,0,1,Day,,40.405818939208984,49.594181060791016,290.0218200683594,874,318.27740478515625,729.7999877929688,0.36416178941726685,28.08001136779785,4.039999961853027,=NA(),=NA(),1.3123565912246704,1.4163999557495117,0.34380000829696655,0.08399999886751175,=NA(),20,1013.25,-38.65263748168945,12.822330474853516,1103.6300048828125,1054.010009765625,49.6150016784668,73.77812957763672,6731.31982421875,5681.52001953125,5684.30517578125,33.84100341796875,10.498208999633789,10.447405815124512,42.05432891845703,11.18829345703125,0.03747643902897835,0,0.0011021875543519855,0,1049.7998046875,-2.78515625
306,15,0,1,Day,,52.289154052734375,37.710845947265625,278.46942138671875,403.19000244140625,332.3578186035156,115.80000305175781,0.8243206143379211,26.95000648498535,3.950000047683716,=NA(),=NA(),1.632472276687622,1.4163999557495117,0.34380000829696655,0.08399999886751175,=NA(),20,1013.25,-51.98472213745117,6.691038608551025,493.7799987792969,440.5150146484375,53.275001525878906,47.33562469482422,2895.7099609375,2681.9599609375,2676.99072265625,37.195396423339844,4.498259544372559,4.342338562011719,43.82609558105469,4.765026092529297,0.015540500171482563,0,0.0011371249565854669,0,213.75,4.96923828125
306,16,0,1,Day,,64.51023864746094,25.489763259887695,269.2963562011719,361.8999938964844,273.20489501953125,206.10000610351562,0.7549182176589966,26.990015029907227,3.650099992752075,=NA(),=NA(),2.3146884441375732,1.4163999557495117,0.34380000829696655,0.08399999886751175,=NA(),20,1013.25,-60,4.552984237670898,576.9400024414062,528.405029296875,48.53499984741211,50.753746032714844,3377.429931640625,3092.3798828125,3093.620361328125,36.73546600341797,5.26353645324707,5.137466907501221,43.667015075683594,5.5733256340026855,0.01841999962925911,0,0.0009785625152289867,0,285.050048828125,-1.240478515625
306,17,0,1,Day,,76.69561767578125,13.304380416870117,261.0028381347656,60.499000549316406,60.269588470458984,0.9969000220298767,0.9962080121040344,25.68999671936035,2.7999000549316406,=NA(),=NA(),4.273117542266846,1.4163999557495117,0.34380000829696655,0.08399999886751175,=NA(),20,1013.25,-21.01323699951172,55.97970962524414,65.29000091552734,59.45000076293945,5.845000267028809,28.42437171936035,343.8599853515625,339.07000732421875,336.2378234863281,37.3622932434082,0.5624791383743286,0.5418634414672852,42.620853424072266,0.6082390546798706,0.0020152500364929438,0,0.00013000000035390258,0,4.78997802734375,2.832183837890625
306,18,0,1,Night,Sun above horizon but GHI below 1,86.49352264404297,3.506476879119873,254.14669799804688,0,0,0,0,21.7499942779541,3.2300000190734863,=NA(),0,13.575702667236328,1.4163999557495117,0.34380000829696655,0.08399999886751175,=NA(),20,1013.25,0,0,0,0,0,21.7499942779541,0,0,0,0,0,0,0,0,0,0,0,0,0,0
306,19,0,1,Night,,100.16828155517578,-10.168278694152832,243.69252014160156,0,0,0,0,19.350000381469727,3.660099983215332,=NA(),0,64.81599426269531,1.4163999557495117,0.34380000829696655,0.08399999886751175,=NA(),20,1013.25,0,0,0,0,0,19.350000381469727,0,0,0,0,0,0,0,0,0,0,0,0,0,0
306,20,0,1,Night,,110.59558868408203,-20.59558868408203,233.2715606689453,0,0,0,0,19.05999183654785,4.670000076293945,=NA(),0,64.81599426269531,1.4163999557495117,0.34380000829696655,0.08399999886751175,=NA(),20,1013.25,0,0,0,0,0,19.05999183654785,0,0,0,0,0,0,0,0,0,0,0,0,0,0
306,21,0,1,Night,,119.56185913085938,-29.561857223510742,220.68911743164062,0,0,0,0,20.600000381469727,5.599999904632568,=NA(),0,64.81599426269531,1.4163999557495117,0.34380000829696655,0.08399999886751175,=NA(),20,1013.25,0,0,0,0,0,20.600000381469727,0,0,0,0,0,0,0,0,0,0,0,0,0,0
306,22,0,1,Night,,126.25885772705078,-36.25885772705078,205.35496520996094,0,0,0,0,19.409997940063477,6.069900035858154,=NA(),0,64.81599426269531,1.4163999557495117,0.34380000829696655,0.08399999886751175,=NA(),20,1013.25,0,0,0,0,0,19.409997940063477,0,0,0,0,0,0,0,0,0,0,0,0,0,0
306,23,0,1,Night,,129.73367309570312,-39.73366928100586,187.4728240966797,0,0,0,0,18.5200138092041,6.530099868774414,=NA(),0,64.81599426269531,1.4163999557495117,0.34380000829696655,0.08399999886751175,=NA(),20,1013.25,0,0,0,0,0,18.5200138092041,0,0,0,0,0,0,0,0,0,0,0,0,0,0
307,0,0,1,Night,,129.30445861816406,-39.3044548034668,168.66744995117188,0,0,0,0,17.8699893951416,6.889999866485596,=NA(),0,64.81599426269531,1.4163999557495117,0.34380000829696655,0.08399999886751175,=NA(),20,1013.25,0,0,0,0,0,17.8699893951416,0,0,0,0,0,0,0,0,0,0,0,0,0,0
307,1,0,1,Night,,125.06407165527344,-35.06406784057617,151.2471466064453,0,0,0,0,17.57000160217285,6.170000076293945,=NA(),0,64.81599426269531,1.4163999557495117,0.34380000829696655,0.08399999886751175,=NA(),20,1013.25,0,0,0,0,0,17.57000160217285,0,0,0,0,0,0,0,0,0,0,0,0,0,0
307,2,0,1,Night,,117.8020248413086,-27.80202293395996,136.53070068359375,0,0,0,0,16.07000160217285,6.239999771118164,=NA(),0,64.81599426269531,1.4163999557495117,0.34380000829696655,0.08399999886751175,=NA(),20,1013.25,0,0,0,0,0,16.07000160217285,0,0,0,0,0,0,0,0,0,0,0,0,0,0
307,3,0,1,Night,,108.4619140625,-18.461917877197266,124.48172760009766,0,0,0,0,15.869989395141602,6.610099792480469,=NA(),0,64.81599426269531,1.4163999557495117,0.34380000829696655,0.08399999886751175,=NA(),20,1013.25,0,0,0,0,0,15.869989395141602,0,0,0,0,0,0,0,0,0,0,0,0,0,0
307,4,0,1,Night,,97.79368591308594,-7.793689250946045,114.43912506103516,0,0,0,0,15.100000381469727,6.889999866485596,=NA(),0,64.81599426269531,1.4163999557495117,0.34380000829696655,0.08399999886751175,=NA(),20,1013.25,0,0,0,0,0,15.100000381469727,0,0,0,0,0,0,0,0,0,0,0,0,0,0
307,5,0,1,Day,,85.25792694091797,4.742074489593506,105.1316909790039,33.40399932861328,33.29638671875,1.3016999959945679,0.9967784285545349,14.839990615844727,6.990099906921387,=NA(),=NA(),10.762798309326172,1.4163999557495117,0.34380000829696655,0.08399999886751175,=NA(),20,1013.25,7.10286808013916,78.40506744384766,38.29999923706055,35.70000076293945,2.5950000286102295,16.448755264282227,186.7100067138672,192.6800079345703,191.72622680664062,38.074485778808594,0.31472456455230713,0.31160956621170044,43.32295227050781,0.34181857109069824,0.0011490625329315662,0,0.000057875000493368134,0,-5.970001220703125,0.9537811279296875
307,6,0,1,Day,,74.08935546875,15.91064453125,97.45074462890625,317.69000244140625,244.96395874023438,265.2900085449219,0.7710785865783691,18.339990615844727,7.690000057220459,=NA(),=NA(),3.606376886367798,1.4163999557495117,0.34380000829696655,0.08399999886751175,=NA(),20,1013.25,26.16217041015625,48.20293045043945,552.4299926757812,535.2449951171875,17.184999465942383,40.802513122558594,3288.2900390625,3117.280029296875,3118.345458984375,38.07801055908203,5.118372440338135,5.067541122436523,44.920562744140625,5.4019012451171875,0.018502000719308853,0,0.0003926249919459224,0,171.010009765625,-1.0654296875
307,7,0,1,Day,,61.859806060791016,28.14019203186035,89.09933471679688,237.7899932861328,225.5290069580078,25.996999740600586,0.9484377503395081,20.300012588500977,8.430100440979004,=NA(),=NA(),2.1138336658477783,1.4163999557495117,0.34380000829696655,0.08399999886751175,=NA(),20,1013.25,60,2.0195200443267822,270.6499938964844,221.8699951171875,48.779998779296875,31.53374671936035,1502.719970703125,1467.9000244140625,1459.117919921875,38.94823455810547,2.3411409854888916,2.207212448120117,44.742855072021484,2.496279716491699,0.007792375050485134,0,0.0010139375226572156,0,34.8199462890625,8.7821044921875
307,8,0,1,Day,,49.653778076171875,40.346221923828125,79.64380645751953,297,282.55963134765625,22.30500030517578,0.9513792395591736,20.600000381469727,8.60990047454834,=NA(),=NA(),1.542752742767334,1.4163999557495117,0.34380000829696655,0.08399999886751175,=NA(),20,1013.25,49.18883514404297,7.87479829788208,314.364990234375,265.8800048828125,48.48500061035156,33.63561248779297,1759.8699951171875,1707.1199951171875,1699.5810546875,38.75578689575195,2.7404332160949707,2.6082780361175537,44.73944854736328,2.9138636589050293,0.00924718752503395,0,0.0010160000529140234,0,52.75,7.5389404296875
307,9,0,1,Day,,37.879512786865234,52.120487213134766,67.36188507080078,297,288.9451599121094,10.204999923706055,0.9728793501853943,20.600000381469727,8.390000343322754,=NA(),=NA(),1.266202449798584,1.4163999557495117,0.34380000829696655,0.08399999886751175,=NA(),20,1013.25,35.67723083496094,13.67035961151123,307.69500732421875,270.9700012207031,36.724998474121094,33.27562713623047,1737.219970703125,1687.2900390625,1684.7557373046875,38.618385314941406,2.7265207767486572,2.6199469566345215,44.76603698730469,2.884056329727173,0.009373250417411327,0,0.0007611875189468265,0,49.929931640625,2.5343017578125
307,10,0,1,Day,,27.424461364746094,62.575538635253906,48.52105712890625,297,290.69293212890625,7.105599880218506,0.9787640571594238,20.600000381469727,7.860000133514404,=NA(),=NA(),1.1262542009353638,1.4163999557495117,0.34380000829696655,0.08399999886751175,=NA(),20,1013.25,21.243785858154297,17.76188850402832,313.6199951171875,285.82000732421875,27.799999237060547,33.45000457763672,1790.25,1737.93994140625,1737.1827392578125,38.573577880859375,2.814714193344116,2.7632253170013428,44.79756546020508,2.974583148956299,0.009836750105023384,0,0.0005974374944344163,0,52.31005859375,0.7572021484375
307,11,0,1,Day,,20.667367935180664,69.33263397216797,16.449779510498047,297,291.0984191894531,6.307499885559082,0.9801293611526489,20.600000381469727,6.820000171661377,=NA(),=NA(),1.0685559511184692,1.4163999557495117,0.34380000829696655,0.08399999886751175,=NA(),20,1013.25,6.097133636474609,19.78523826599121,319.5249938964844,296.0050048828125,23.520000457763672,33.68999481201172,1824.3900146484375,1769.72998046875,1768.8358154296875,38.5570068359375,2.8672423362731934,2.854879856109619,44.799354553222656,3.028310537338257,0.010109062306582928,0,0.0005182499880902469,0,54.6600341796875,0.8941650390625
307,12,0,1,Day,,21.546802520751953,68.45319366455078,335.5587158203125,297,291.04046630859375,6.407299995422363,0.9799342155456543,20.600000381469727,6.200099945068359,=NA(),=NA(),1.0748933553695679,1.4163999557495117,0.34380000829696655,0.08399999886751175,=NA(),20,1013.25,-9.278728485107422,19.532974243164062,318.7799987792969,294.72998046875,24.049999237060547,33.667503356933594,1819.1400146484375,1764.75,1762.859619140625,38.577884674072266,2.856008291244507,2.8367114067077637,44.79705810546875,3.0172901153564453,0.010067000053822994,0,0.0005308749969117343,0,54.3900146484375,1.890380859375
307,13,0,1,Day,,29.374820709228516,60.625179290771484,306.6637268066406,297,290.5471496582031,7.404900074005127,0.9782732129096985,20.600000381469727,5.760000228881836,=NA(),=NA(),1.1471339464187622,1.4163999557495117,0.34380000829696655,0.08399999886751175,=NA(),20,1013.25,-24.3004207611084,17.03156280517578,312.03997802734375,282.7749938964844,29.264999389648438,33.39000701904297,1778.72998046875,1727.070068359375,1726.3287353515625,38.57102966308594,2.797320604324341,2.7345855236053467,44.7939338684082,2.955016613006592,0.009748624637722969,0,0.0006203750381246209,0,51.659912109375,0.7413330078125
307,14,0,1,Day,,40.21737289428711,49.78262710571289,289.63433837890625,252.99000549316406,248.56654357910156,5.792900085449219,0.982515275478363,26.3900089263916,5.339900016784668,=NA(),=NA(),1.3087096214294434,1.4163999557495117,0.34380000829696655,0.08399999886751175,=NA(),20,1013.25,-38.534515380859375,12.530656814575195,259.0899963378906,224.94000244140625,34.150001525878906,37.13750457763672,1446.72998046875,1385.6199951171875,1383.0257568359375,37.89030838012695,2.281113624572754,2.1817116737365723,43.92019271850586,2.4196157455444336,0.007777562364935875,0,0.0007106874836608768,0,61.1099853515625,2.59423828125
307,15,0,1,Day,,52.11921691894531,37.88078308105469,278.1360778808594,111.98999786376953,111.19791412353516,1.2899999618530273,0.9929271936416626,25.170007705688477,4.389900207519531,=NA(),=NA(),1.6262691020965576,1.4163999557495117,0.34380000829696655,0.08399999886751175,=NA(),20,1013.25,-51.83796310424805,6.413564205169678,107.58000183105469,85.30500030517578,22.270000457763672,29.72063636779785,558.6599731445312,548.510009765625,541.3348388671875,38.04494857788086,0.888943612575531,0.8225105404853821,43.268310546875,0.96234130859375,0.002934874966740608,0,0.00046868750359863043,0,10.14996337890625,7.1751708984375
307,16,0,1,Day,,64.34451293945312,25.655485153198242,269.00152587890625,24.301000595092773,24.25714111328125,0.10130000114440918,0.9981951713562012,23.860010147094727,2.860100030899048,=NA(),=NA(),2.300877571105957,1.4163999557495117,0.34380000829696655,0.08399999886751175,=NA(),20,1013.25,-60,4.433260440826416,22.549999237060547,16.610000610351562,5.944999694824219,24.833765029907227,105.0999984741211,105.05000305175781,103.64887237548828,36.02452087402344,0.17974485456943512,0.16276125609874725,41.11819076538086,0.20125217735767365,0.0005886874860152602,0,0.00011862500105053186,0,0.04999542236328125,1.4011306762695312
307,17,0,1,Day,,76.52462005615234,13.475381851196289,260.73309326171875,17.503000259399414,17.479372024536133,0.10140000283718109,0.998650074005127,21.2499942779541,2.0299999713897705,=NA(),=NA(),4.221770763397217,1.4163999557495117,0.34380000829696655,0.08399999886751175,=NA(),20,1013.25,-21.356279373168945,55.49032974243164,18.34000015258789,16.595001220703125,1.7400000095367432,22.0256290435791,88.05999755859375,89.02999877929688,88.44114685058594,36.036712646484375,0.15338563919067383,0.1488262414932251,41.246116638183594,0.17088426649570465,0.0005624999757856131,0,0.00003856249895761721,0,-0.970001220703125,0.5888519287109375
307,18,0,1,Night,Sun above horizon but GHI below 1,86.40215301513672,3.5978472232818604,253.82763671875,0,0,0,0,18.300012588500977,2.150099992752075,=NA(),0,13.322771072387695,1.4163999557495117,0.34380000829696655,0.08399999886751175,=NA(),20,1013.25,0,0,0,0,0,18.300012588500977,0,0,0,0,0,0,0,0,0,0,0,0,0,0
307,19,0,1,Night,,99.96614074707031,-9.96613883972168,243.4510955810547,0,0,0,0,17.800012588500977,2.5999999046325684,=NA(),0,64.81599426269531,1.4163999557495117,0.34380000829696655,0.08399999886751175,=NA(),20,1013.25,0,0,0,0,0,17.800012588500977,0,0,0,0,0,0,0,0,0,0,0,0,0,0
307,20,0,1,Night,,110.36677551269531,-20.36677360534668,233.04489135742188,0,0,0,0,17.800012588500977,2.850100040435791,=NA(),0,64.81599426269531,1.4163999557495117,0.34380000829696655,0.08399999886751175,=NA(),20,1013.25,0,0,0,0,0,17.800012588500977,0,0,0,0,0,0,0,0,0,0,0,0,0,0
307,21,0,1,Night,,119.3019027709961,-29.30190086364746,220.49107360839844,0,0,0,0,17.529993057250977,2.6298999786376953,=NA(),0,64.81599426269531,1.4163999557495117,0.34380000829696655,0.08399999886751175,=NA(),20,1013.25,0,0,0,0,0,17.529993057250977,0,0,0,0,0,0,0,0,0,0,0,0,0,0
307,22,0,1,Night,,125.96814727783203,-35.96814727783203,205.21495056152344,0,0,0,0,17.399988174438477,2.3399999141693115,=NA(),0,64.81599426269531,1.4163999557495117,0.34380000829696655,0.08399999886751175,=NA(),20,1013.25,0,0,0,0,0,17.399988174438477,0,0,0,0,0,0,0,0,0,0,0,0,0,0
307,23,0,1,Night,,129.42369079589844,-39.4236946105957,187.4284210205078,0,0,0,0,17.100000381469727,2.3299999237060547,=NA(),0,64.81599426269531,1.4163999557495117,0.34380000829696655,0.08399999886751175,=NA(),20,1013.25,0,0,0,0,0,17.100000381469727,0,0,0,0,0,0,0,0,0,0,0,0,0,0
308,0,0,1,Night,,128.9971160888672,-38.99711227416992,168.7345428466797,0,0,0,0,16.899988174438477,2.75,=NA(),0,64.81599426269531,1.4163999557495117,0.34380000829696655,0.08399999886751175,=NA(),20,1013.25,0,0,0,0,0,16.899988174438477,0,0,0,0,0,0,0,0,0,0,0,0,0,0
308,1,0,1,Night,,124.77967071533203,-34.77967071533203,151.40223693847656,0,0,0,0,16.899988174438477,2.789900064468384,=NA(),0,64.81599426269531,1.4163999557495117,0.34380000829696655,0.08399999886751175,=NA(),20,1013.25,0,0,0,0,0,16.899988174438477,0,0,0,0,0,0,0,0,0,0,0,0,0,0
308,2,0,1,Night,,117.54918670654297,-27.549184799194336,136.7360076904297,0,0,0,0,16.839990615844727,2.95989990234375,=NA(),0,64.81599426269531,1.4163999557495117,0.34380000829696655,0.08399999886751175,=NA(),20,1013.25,0,0,0,0,0,16.839990615844727,0,0,0,0,0,0,0,0,0,0,0,0,0,0
308,3,0,1,Night,,108.2397689819336,-18.23976707458496,124.71122741699219,0,0,0,0,16.730005264282227,2.6600000858306885,=NA(),0,64.81599426269531,1.4163999557495117,0.34380000829696655,0.08399999886751175,=NA(),20,1013.25,0,0,0,0,0,16.730005264282227,0,0,0,0,0,0,0,0,0,0,0,0,0,0
308,4,0,1,Night,,97.59483337402344,-7.594832897186279,114.68187713623047,0,0,0,0,16.70000648498535,1.7698999643325806,=NA(),0,64.81599426269531,1.4163999557495117,0.34380000829696655,0.08399999886751175,=NA(),20,1013.25,0,0,0,0,0,16.70000648498535,0,0,0,0,0,0,0,0,0,0,0,0,0,0
308,5,0,1,Day,,85.17866516113281,4.82133150100708,105.45478820800781,10.607000350952148,10.597696304321289,0.11069999635219574,0.9991228580474854,16.95000648498535,0.8798999786376953,=NA(),=NA(),10.619209289550781,1.4163999557495117,0.34380000829696655,0.08399999886751175,=NA(),20,1013.25,7.235435962677002,78.20896911621094,11.425000190734863,10.549999237060547,0.875,17.436243057250977,52.5,54.09000015258789,53.87085723876953,35.780723571777344,0.0940990149974823,0.09352155774831772,41.077598571777344,0.10669795423746109,0.00035700001171790063,0,0.00001912500010803342,0,-1.5900001525878906,0.21914291381835938
308,6,0,1,Day,,73.92227172851562,16.077730178833008,97.72323608398438,31.802000045776367,31.745004653930664,0.20579999685287476,0.9982078075408936,17.2499942779541,0.5899999737739563,=NA(),=NA(),3.5707955360412598,1.4163999557495117,0.34380000829696655,0.08399999886751175,=NA(),20,1013.25,26.547935485839844,47.67695999145508,32.81999969482422,29.31999969482422,3.505000114440918,18.620630264282227,164.6999969482422,168.63999938964844,168.1890411376953,37.45710754394531,0.28062108159065247,0.27072903513908386,42.79757308959961,0.30432647466659546,0.0009974375134333968,0,0.00007587500294903293,0,-3.94000244140625,0.450958251953125
308,7,0,1,Day,,61.6961555480957,28.303844451904297,89.39913940429688,101.30999755859375,100.64258575439453,1.4076000452041626,0.9934121966362,17.9999942779541,0.6899999976158142,=NA(),=NA(),2.1027040481567383,1.4163999557495117,0.34380000829696655,0.08399999886751175,=NA(),20,1013.25,60,1.7754637002944946,96.53500366210938,72.2449951171875,24.290000915527344,22.081872940063477,491.4700012207031,496.17999267578125,488.214111328125,39.05780792236328,0.7809566259384155,0.7149176597595215,44.12117385864258,0.8498374819755554,0.0025093751028180122,0,0.0005031874752603471,0,-4.709991455078125,7.96588134765625
308,8,0,1,Day,,49.48394775390625,40.51605224609375,79.9853744506836,158,156.3803253173828,2.4930999279022217,0.9897488951683044,18.969995498657227,1.1900999546051025,=NA(),=NA(),1.5374159812927246,1.4163999557495117,0.34380000829696655,0.08399999886751175,=NA(),20,1013.25,49.04896545410156,7.596891403198242,156.02499389648438,127.28500366210938,28.739999771118164,25.487512588500977,833.1799926757812,830.8099975585938,824.1993408203125,39.095394134521484,1.317129135131836,1.2369176149368286,44.54540252685547,1.410819411277771,0.004388562403619289,0,0.000600125000346452,0,2.3699951171875,6.61065673828125
308,9,0,1,Day,,37.688018798828125,52.311981201171875,67.76056671142578,86.4990005493164,86.02759552001953,0.5957000255584717,0.9945501685142517,19.029993057250977,1.6098999977111816,=NA(),=NA(),1.2629343271255493,1.4163999557495117,0.34380000829696655,0.08399999886751175,=NA(),20,1013.25,35.56794357299805,13.37873649597168,86.5999984741211,74.86500549316406,11.735000610351562,22.631860733032227,457.989990234375,461.5,460.0967102050781,38.44771957397461,0.7478049397468567,0.7132264375686646,43.93086242675781,0.7988505363464355,0.002574250102043152,0,0.00024193750869017094,0,-3.510009765625,1.403289794921875
308,10,0,1,Day,,27.186540603637695,62.81346130371094,48.95496368408203,150.3000030517578,148.87525939941406,1.601699948310852,0.9905206561088562,18.95000648498535,1.5801000595092773,=NA(),=NA(),1.123847246170044,1.4163999557495117,0.34380000829696655,0.08399999886751175,=NA(),20,1013.25,21.17531967163086,17.458629608154297,157.77999877929688,143.17999267578125,14.600000381469727,25.425012588500977,873.8800048828125,871.7000122070312,870.9359741210938,38.849369049072266,1.4011162519454956,1.373206615447998,44.63966751098633,1.48368501663208,0.004908937495201826,0,0.00031312499777413905,0,2.17999267578125,0.7640380859375
308,11,0,1,Day,,20.366968154907227,69.6330337524414,16.668472290039062,131.2899932861328,130.17129516601562,1.1933000087738037,0.9914791584014893,19.3699893951416,1.3598999977111816,=NA(),=NA(),1.0664654970169067,1.4163999557495117,0.34380000829696655,0.08399999886751175,=NA(),20,1013.25,6.078190803527832,19.47572898864746,141.3699951171875,130.739990234375,10.629999160766602,25.175012588500977,779.6500244140625,778.4000244140625,777.5244750976562,38.72600173950195,1.2548490762710571,1.2500686645507812,44.48008728027344,1.3289289474487305,0.00444637518376112,0,0.00023425000836141407,0,1.25,0.87554931640625
308,12,0,1,Day,,21.256248474121094,68.7437515258789,335.26373291015625,169.39999389648438,167.53521728515625,2.0009000301361084,0.9889918565750122,19.3900089263916,0.8600999712944031,=NA(),=NA(),1.0727633237838745,1.4163999557495117,0.34380000829696655,0.08399999886751175,=NA(),20,1013.25,-9.245274543762207,19.224735260009766,181.8249969482422,167.85499572753906,13.975000381469727,26.863122940063477,1013.5399780273438,1005.989990234375,1003.044677734375,38.930580139160156,1.610313057899475,1.5960659980773926,44.696014404296875,1.7072728872299194,0.005712937563657761,0,0.0003088125085923821,0,7.54998779296875,2.9453125
308,13,0,1,Day,,29.147138595581055,60.85286331176758,306.2342834472656,341.30999755859375,329.6007080078125,13.406999588012695,0.9656931161880493,19.83001136779785,1.0700000524520874,=NA(),=NA(),1.1445881128311157,1.4163999557495117,0.34380000829696655,0.08399999886751175,=NA(),20,1013.25,-24.219221115112305,16.731800079345703,359.78997802734375,326.7650146484375,33.025001525878906,34.56499481201172,2064.010009765625,1996.5999755859375,1995.8087158203125,38.563785552978516,3.234607458114624,3.16593337059021,44.90084457397461,3.4155619144439697,0.011280687525868416,0,0.0007010624976828694,0,67.4100341796875,0.791259765625
308,14,0,1,Day,,40.02985382080078,49.97014617919922,289.25201416015625,397.79998779296875,360.4326171875,48.80099868774414,0.9060649275779724,21.17998695373535,1.809999942779541,=NA(),=NA(),1.3051146268844604,1.4163999557495117,0.34380000829696655,0.08399999886751175,=NA(),20,1013.25,-38.41489791870117,12.243916511535645,436.9649963378906,393.1700134277344,43.790000915527344,39.094383239746094,2538.77001953125,2419.070068359375,2418.18603515625,38.137489318847656,3.9630115032196045,3.846775770187378,44.67195129394531,4.18739652633667,0.01374099962413311,0,0.0009215000318363309,0,119.699951171875,0.884033203125
308,15,0,1,Day,,51.949371337890625,38.050628662109375,277.80792236328125,89,88.50592803955078,0.8015999794006348,0.9944486021995544,19.4999942779541,2.2899999618530273,=NA(),=NA(),1.6201303005218506,1.4163999557495117,0.34380000829696655,0.08399999886751175,=NA(),20,1013.25,-51.69007110595703,6.1412129402160645,84.61000061035156,66.72999572753906,17.880001068115234,23.0731143951416,432.70001220703125,435.32000732421875,429.7292785644531,38.62020492553711,0.6951380372047424,0.6419227719306946,43.768272399902344,0.754084587097168,0.002292499877512455,0,0.00037581249489448965,0,-2.6199951171875,5.590728759765625
308,16,0,1,Day,,64.17854309082031,25.821453094482422,268.7117614746094,32.99399948120117,32.90989303588867,0.1931000053882599,0.9974508285522461,19.159997940063477,2.259999990463257,=NA(),=NA(),2.2872281074523926,1.4163999557495117,0.34380000829696655,0.08399999886751175,=NA(),20,1013.25,-60,4.330721378326416,30.654998779296875,22.59000015258789,8.065000534057617,20.4731388092041,146.00999450683594,148.4600067138672,146.15821838378906,37.30000686645508,0.24480776488780975,0.22138606011867523,42.3173713684082,0.2722172439098358,0.0007967500132508576,0,0.00016224999853875488,0,-2.45001220703125,2.301788330078125
308,17,0,1,Day,,76.3537368774414,13.646265983581543,260.4683837890625,41.999000549316406,41.88155746459961,0.49779999256134033,0.9972036480903625,18.540002822875977,1.7000000476837158,=NA(),=NA(),4.171690464019775,1.4163999557495117,0.34380000829696655,0.08399999886751175,=NA(),20,1013.25,-21.702733993530273,54.998748779296875,44.040000915527344,39.84000015258789,4.194999694824219,20.37749671936035,225.99000549316406,229.8199920654297,228.66685485839844,37.77552032470703,0.3783281445503235,0.36751407384872437,43.068870544433594,0.40937820076942444,0.0013504999224096537,0,0.0000931249960558489,0,-3.829986572265625,1.15313720703125
308,18,0,1,Day,,86.32183837890625,3.6781628131866455,253.50697326660156,3.8092000484466553,3.808487892150879,0.011099999770522118,0.9998130202293396,17.95000648498535,1.4600000381469727,=NA(),=NA(),13.107440948486328,1.4163999557495117,0.34380000829696655,0.08399999886751175,=NA(),20,1013.25,-5.52417516708374,81.02702331542969,4.109999656677246,3.7950000762939453,0.3100000023841858,18.1299991607666,15.760000228881836,16.209999084472656,16.13364028930664,33.456031799316406,0.030139606446027756,0.029928019270300865,38.949012756347656,0.038346558809280396,0.00012843750300817192,0,0.000007000000096013537,0,-0.4499988555908203,0.07635879516601562
308,19,0,1,Night,,99.76358795166016,-9.763590812683105,243.21531677246094,0,0,0,0,17.70000648498535,1.4200999736785889,=NA(),0,64.81599426269531,1.4163999557495117,0.34380000829696655,0.08399999886751175,=NA(),20,1013.25,0,0,0,0,0,17.70000648498535,0,0,0,0,0,0,0,0,0,0,0,0,0,0
308,20,0,1,Night,,110.13829803466797,-20.1382999420166,232.8245391845703,0,0,0,0,17.740015029907227,1.5700000524520874,=NA(),0,64.81599426269531,1.4163999557495117,0.34380000829696655,0.08399999886751175,=NA(),20,1013.25,0,0,0,0,0,17.740015029907227,0,0,0,0,0,0,0,0,0,0,0,0,0,0
308,21,0,1,Night,,119.04299926757812,-29.043001174926758,220.2998046875,0,0,0,0,17.4999942779541,1.7698999643325806,=NA(),0,64.81599426269531,1.4163999557495117,0.34380000829696655,0.08399999886751175,=NA(),20,1013.25,0,0,0,0,0,17.4999942779541,0,0,0,0,0,0,0,0,0,0,0,0,0,0
308,22,0,1,Night,,125.67984008789062,-35.67984390258789,205.08157348632812,0,0,0,0,16.600000381469727,1.940000057220459,=NA(),0,64.81599426269531,1.4163999557495117,0.34380000829696655,0.08399999886751175,=NA(),20,1013.25,0,0,0,0,0,16.600000381469727,0,0,0,0,0,0,0,0,0,0,0,0,0,0
308,23,0,1,Night,,129.11741638183594,-39.1174201965332,187.38922119140625,0,0,0,0,16.600000381469727,2.109999895095825,=NA(),0,64.81599426269531,1.4163999557495117,0.34380000829696655,0.08399999886751175,=NA(),20,1013.25,0,0,0,0,0,16.600000381469727,0,0,0,0,0,0,0,0,0,0,0,0,0,0
309,0,0,1,Night,,128.69435119628906,-38.69434356689453,168.8043670654297,0,0,0,0,16.4999942779541,2.359999895095825,=NA(),0,64.81599426269531,1.4163999557495117,0.34380000829696655,0.08399999886751175,=NA(),20,1013.25,0,0,0,0,0,16.4999942779541,0,0,0,0,0,0,0,0,0,0,0,0,0,0
309,1,0,1,Night,,124.50019836425781,-34.50019836425781,151.5579071044922,0,0,0,0,16.399988174438477,2.780100107192993,=NA(),0,64.81599426269531,1.4163999557495117,0.34380000829696655,0.08399999886751175,=NA(),20,1013.25,0,0,0,0,0,16.399988174438477,0,0,0,0,0,0,0,0,0,0,0,0,0,0
309,2,0,1,Night,,117.301513671875,-27.301515579223633,136.94070434570312,0,0,0,0,16.1299991607666,3.1098999977111816,=NA(),0,64.81599426269531,1.4163999557495117,0.34380000829696655,0.08399999886751175,=NA(),20,1013.25,0,0,0,0,0,16.1299991607666,0,0,0,0,0,0,0,0,0,0,0,0,0,0
309,3,0,1,Night,,108.02294921875,-18.02294921875,124.93959045410156,0,0,0,0,15.700006484985352,3.279900074005127,=NA(),0,64.81599426269531,1.4163999557495117,0.34380000829696655,0.08399999886751175,=NA(),20,1013.25,0,0,0,0,0,15.700006484985352,0,0,0,0,0,0,0,0,0,0,0,0,0,0
309,4,0,1,Night,,97.40144348144531,-7.4014458656311035,114.92333221435547,0,0,0,0,15.640008926391602,3.420099973678589,=NA(),0,64.81599426269531,1.4163999557495117,0.34380000829696655,0.08399999886751175,=NA(),20,1013.25,0,0,0,0,0,15.640008926391602,0,0,0,0,0,0,0,0,0,0,0,0,0,0
309,5,0,1,Day,,85.09890747070312,4.901093482971191,105.77397918701172,19.202999114990234,19.176984786987305,0.304500013589859,0.9986453056335449,15.490015029907227,3.9899001121520996,=NA(),=NA(),10.47828197479248,1.4163999557495117,0.34380000829696655,0.08399999886751175,=NA(),20,1013.25,7.369434356689453,78.01150512695312,20.69499969482422,19.114999771118164,1.5850000381469727,16.356897354125977,100.9000015258789,104.30999755859375,104.10271453857422,36.98961639404297,0.1758987158536911,0.17482975125312805,42.32196044921875,0.19310826063156128,0.0006461875163950026,0,0.00003506250141072087,0,-3.4099960327148438,0.20728302001953125
309,6,0,1,Day,,73.76052856445312,16.23947525024414,97.994384765625,75.5989990234375,75.2364273071289,1.2964999675750732,0.9952040314674377,15.999994277954102,4.489999771118164,=NA(),=NA(),3.5370326042175293,1.4163999557495117,0.34380000829696655,0.08399999886751175,=NA(),20,1013.25,26.92755889892578,47.164005279541016,81.05500030517578,72.91000366210938,8.149999618530273,19.344385147094727,431.67999267578125,440.2099914550781,439.5041198730469,38.76835632324219,0.7085137963294983,0.6861262917518616,44.296363830566406,0.7542088031768799,0.00248587504029274,0,0.0001765000051818788,0,-8.529998779296875,0.70587158203125
309,7,0,1,Day,,61.53827667236328,28.461721420288086,89.69779968261719,132.30999755859375,131.16207885742188,2.4086999893188477,0.9913240075111389,16.68999671936035,5.519999980926514,=NA(),=NA(),2.092092990875244,1.4163999557495117,0.34380000829696655,0.08399999886751175,=NA(),20,1013.25,60,1.5607153177261353,130.6300048828125,99.77999877929688,30.849998474121094,22.17437171936035,681.6500244140625,687.7000122070312,678.7035522460938,39.460968017578125,1.0746132135391235,0.9912890791893005,44.660003662109375,1.1610544919967651,0.0034780625719577074,0,0.0006377500249072909,0,-6.04998779296875,8.9964599609375
309,8,0,1,Day,,49.320186614990234,40.679813385009766,80.32643127441406,142.08999633789062,140.78750610351562,1.9982000589370728,0.9908333420753479,17.290002822875977,6.139900207519531,=NA(),=NA(),1.5323173999786377,1.4163999557495117,0.34380000829696655,0.08399999886751175,=NA(),20,1013.25,48.914154052734375,7.321188926696777,139.3699951171875,113.33999633789062,26.03499984741211,23.11187171936035,739.0399780273438,743.1900024414062,737.1873168945312,39.26789474487305,1.1728675365447998,1.0985902547836304,44.66884994506836,1.2571569681167603,0.003904062556102872,0,0.0005431874888017774,0,-4.1500244140625,6.002685546875
309,9,0,1,Day,,37.50307083129883,52.49692916870117,68.16059875488281,97.00900268554688,96.36775970458984,0.8083000183105469,0.9933898448944092,17.4999942779541,6.190000057220459,=NA(),=NA(),1.2598071098327637,1.4163999557495117,0.34380000829696655,0.08399999886751175,=NA(),20,1013.25,35.46360397338867,13.08985424041748,97.27999877929688,84.19999694824219,13.079999923706055,21.538110733032227,517.7999877929688,523.77001953125,521.8760986328125,38.8126106262207,0.8402491807937622,0.8023310303688049,44.290653228759766,0.896816074848175,0.0028953750152140856,0,0.00027006250456906855,0,-5.97003173828125,1.8939208984375
309,10,0,1,Day,,26.955350875854492,63.04465103149414,49.39553451538086,416.5,386.5520935058594,33.597999572753906,0.9280962347984314,18.480005264282227,6.010000228881836,=NA(),=NA(),1.1215367317199707,1.4163999557495117,0.34380000829696655,0.08399999886751175,=NA(),20,1013.25,21.111438751220703,17.158748626708984,446.7550048828125,411.8299865722656,34.93000030517578,36.71312713623047,2611.35009765625,2508.919921875,2508.658203125,38.47667694091797,4.074987888336182,4.018969535827637,45.0382194519043,4.301218032836914,0.014316249638795853,0,0.0007555625052191317,0,102.43017578125,0.26171875
309,11,0,1,Day,,20.071758270263672,69.92823791503906,16.899757385253906,661.2999877929688,442.8179016113281,232.61000061035156,0.6696172952651978,19.05999183654785,5.710000038146973,=NA(),=NA(),1.0644476413726807,1.4163999557495117,0.34380000829696655,0.08399999886751175,=NA(),20,1013.25,6.063107967376709,19.17021942138672,707.344970703125,662.9749755859375,44.369998931884766,48.01061248779297,4234.89013671875,3919.139892578125,3918.172607421875,37.2515869140625,6.573834419250488,6.557832717895508,44.45390701293945,6.942147731781006,0.023270374163985252,0,0.0009797499515116215,0,315.750244140625,0.96728515625
309,12,0,1,Day,,20.968982696533203,69.03102111816406,334.97381591796875,543.2999877929688,448.4378662109375,101.58999633789062,0.8253964185714722,19.480005264282227,5.460000038146973,=NA(),=NA(),1.0706926584243774,1.4163999557495117,0.34380000829696655,0.08399999886751175,=NA(),20,1013.25,-9.208898544311523,18.921018600463867,583.1650390625,543.2750244140625,39.88500213623047,43.393760681152344,3439.619873046875,3232.219970703125,3227.733154296875,37.82175064086914,5.3337931632995605,5.307497978210449,44.664913177490234,5.630776405334473,0.01887081190943718,0,0.0008786249672994018,0,207.39990234375,4.48681640625
309,13,0,1,Day,,28.92165756225586,61.07834243774414,305.8096618652344,625.2000122070312,424.3140869140625,229.50999450683594,0.6786853671073914,20.4999942779541,5.339900016784668,=NA(),=NA(),1.142095685005188,1.4163999557495117,0.34380000829696655,0.08399999886751175,=NA(),20,1013.25,-24.136045455932617,16.43691635131836,689.405029296875,643.7650146484375,45.64500045776367,48.70061492919922,4123.64990234375,3806.580078125,3807.1015625,37.1326789855957,6.407973766326904,6.3498992919921875,44.313777923583984,6.770649433135986,0.022629186511039734,0,0.0009896875126287341,0,317.06982421875,-0.521484375
309,14,0,1,Day,,39.843658447265625,50.156341552734375,288.8750915527344,675.510009765625,349.9570007324219,424.010009765625,0.5180633664131165,20.740015029907227,5.380000114440918,=NA(),=NA(),1.301578164100647,1.4163999557495117,0.34380000829696655,0.08399999886751175,=NA(),20,1013.25,-38.2942008972168,11.962340354919434,824.3350219726562,777.52001953125,46.81999969482422,54.490623474121094,4992.8798828125,4519.25,4520.29248046875,36.4112663269043,7.759160041809082,7.6832146644592285,43.931640625,8.211708068847656,0.02754443697631359,0,0.0010197500232607126,0,473.6298828125,-1.04248046875
309,15,0,1,Day,,51.7804069519043,38.2195930480957,277.4849853515625,369.5,322.67047119140625,75.69300079345703,0.8732624650001526,20.7499942779541,5.360000133514404,=NA(),=NA(),1.6140828132629395,1.4163999557495117,0.34380000829696655,0.08399999886751175,=NA(),20,1013.25,-51.541847229003906,5.874117374420166,439.32000732421875,387.91497802734375,51.400001525878906,38.78874969482422,2553.35986328125,2435.469970703125,2432.89453125,38.23412322998047,3.976984977722168,3.82997465133667,44.72212219238281,4.206718444824219,0.013651374727487564,0,0.0010933750309050083,0,117.889892578125,2.575439453125
309,16,0,1,Day,,64.01321411132812,25.98678207397461,268.42706298828125,306.5,260.2737121582031,105.5,0.8491801619529724,20.159997940063477,4.989999771118164,=NA(),=NA(),2.2738089561462402,1.4163999557495117,0.34380000829696655,0.08399999886751175,=NA(),20,1013.25,-60,4.246584415435791,438.35498046875,389.0999755859375,49.255001068115234,38.154991149902344,2532.580078125,2420.949951171875,2419.445068359375,38.28241729736328,3.950103282928467,3.8222689628601074,44.79161834716797,4.17631721496582,0.013625125400722027,0,0.0010028125252574682,0,111.630126953125,1.5048828125
309,17,0,1,Day,,76.18355560302734,13.816446304321289,260.20880126953125,82.90499877929688,82.37882232666016,2.2032999992370605,0.9936532378196716,19.8699893951416,3.7400999069213867,=NA(),=NA(),4.122998237609863,1.4163999557495117,0.34380000829696655,0.08399999886751175,=NA(),20,1013.25,-22.05154037475586,54.506595611572266,93.61499786376953,85.7699966430664,7.840000152587891,23.738122940063477,503.9100036621094,505.7300109863281,504.6499328613281,38.37324905395508,0.8219325542449951,0.8020569086074829,43.93741989135742,0.875271201133728,0.0029100000392645597,0,0.00017456250498071313,0,-1.82000732421875,1.080078125
309,18,0,1,Night,Sun above horizon but GHI below 1,86.2386474609375,3.7613539695739746,253.19412231445312,0,0,0,0,18.7700138092041,4.079899787902832,=NA(),0,12.891018867492676,1.4163999557495117,0.34380000829696655,0.08399999886751175,=NA(),20,1013.25,0,0,0,0,0,18.7700138092041,0,0,0,0,0,0,0,0,0,0,0,0,0,0
309,19,0,1,Night,,99.56122589111328,-9.561227798461914,242.98526000976562,0,0,0,0,17.07000160217285,5.160099983215332,=NA(),0,64.81599426269531,1.4163999557495117,0.34380000829696655,0.08399999886751175,=NA(),20,1013.25,0,0,0,0,0,17.07000160217285,0,0,0,0,0,0,0,0,0,0,0,0,0,0
309,20,0,1,Night,,109.91062927246094,-19.91063117980957,232.6104278564453,0,0,0,0,16.469995498657227,5.749899864196777,=NA(),0,64.81599426269531,1.4163999557495117,0.34380000829696655,0.08399999886751175,=NA(),20,1013.25,0,0,0,0,0,16.469995498657227,0,0,0,0,0,0,0,0,0,0,0,0,0,0
309,21,0,1,Night,,118.7857666015625,-28.785764694213867,220.1153106689453,0,0,0,0,15.529993057250977,5.769999980926514,=NA(),0,64.81599426269531,1.4163999557495117,0.34380000829696655,0.08399999886751175,=NA(),20,1013.25,0,0,0,0,0,15.529993057250977,0,0,0,0,0,0,0,0,0,0,0,0,0,0
309,22,0,1,Night,,125.39410400390625,-35.39410400390625,204.95484924316406,0,0,0,0,16.529993057250977,5.669899940490723,=NA(),0,64.81599426269531,1.4163999557495117,0.34380000829696655,0.08399999886751175,=NA(),20,1013.25,0,0,0,0,0,16.529993057250977,0,0,0,0,0,0,0,0,0,0,0,0,0,0
309,23,0,1,Night,,128.81495666503906,-38.814964294433594,187.35519409179688,0,0,0,0,16.42998695373535,5.369999885559082,=NA(),0,64.81599426269531,1.4163999557495117,0.34380000829696655,0.08399999886751175,=NA(),20,1013.25,0,0,0,0,0,16.42998695373535,0,0,0,0,0,0,0,0,0,0,0,0,0,0
310,0,0,1,Night,,128.3962860107422,-38.39628982543945,168.8768768310547,0,0,0,0,15.999994277954102,5.039999961853027,=NA(),0,64.81599426269531,1.4163999557495117,0.34380000829696655,0.08399999886751175,=NA(),20,1013.25,0,0,0,0,0,15.999994277954102,0,0,0,0,0,0,0,0,0,0,0,0,0,0
310,1,0,1,Night,,124.2258071899414,-34.22580337524414,151.71409606933594,0,0,0,0,15.589990615844727,4.579999923706055,=NA(),0,64.81599426269531,1.4163999557495117,0.34380000829696655,0.08399999886751175,=NA(),20,1013.25,0,0,0,0,0,15.589990615844727,0,0,0,0,0,0,0,0,0,0,0,0,0,0
310,2,0,1,Night,,117.05897521972656,-27.058975219726562,137.14474487304688,0,0,0,0,15.219995498657227,4.269999980926514,=NA(),0,64.81599426269531,1.4163999557495117,0.34380000829696655,0.08399999886751175,=NA(),20,1013.25,0,0,0,0,0,15.219995498657227,0,0,0,0,0,0,0,0,0,0,0,0,0,0
310,3,0,1,Night,,107.8111801147461,-17.81118392944336,125.16678619384766,0,0,0,0,15.050012588500977,4.140100002288818,=NA(),0,64.81599426269531,1.4163999557495117,0.34380000829696655,0.08399999886751175,=NA(),20,1013.25,0,0,0,0,0,15.050012588500977,0,0,0,0,0,0,0,0,0,0,0,0,0,0
310,4,0,1,Night,,97.2127914428711,-7.212789058685303,115.16333770751953,0,0,0,0,14.740015029907227,4.340000152587891,=NA(),0,64.81599426269531,1.4163999557495117,0.34380000829696655,0.08399999886751175,=NA(),20,1013.25,0,0,0,0,0,14.740015029907227,0,0,0,0,0,0,0,0,0,0,0,0,0,0
310,5,0,1,Day,,85.02146911621094,4.978533744812012,106.08920288085938,58.29100036621094,56.972511291503906,15.192999839782715,0.9773809313774109,15.219995498657227,4.920100212097168,=NA(),=NA(),10.344775199890137,1.4163999557495117,0.34380000829696655,0.08399999886751175,=NA(),20,1013.25,7.500511646270752,77.81968688964844,76.25,72.26499938964844,3.984999895095825,18.43438148498535,356.2799987792969,364.6199951171875,364.5672912597656,38.55307388305664,0.5910151600837708,0.5885100364685059,44.106117248535156,0.6295435428619385,0.0021309375297278166,0,0.00008912500197766349,0,-8.339996337890625,0.052703857421875
310,6,0,1,Day,,73.6048355102539,16.395160675048828,98.2640609741211,291.3999938964844,224.9586944580078,235.38999938964844,0.7719928026199341,18.149988174438477,5.150000095367432,=NA(),=NA(),3.5051498413085938,1.4163999557495117,0.34380000829696655,0.08399999886751175,=NA(),20,1013.25,27.299184799194336,46.6666145324707,495.8599853515625,478.8800048828125,16.979999542236328,38.241233825683594,2949.93994140625,2820.330078125,2822.379638671875,38.3346061706543,4.601574897766113,4.55097770690918,45.057952880859375,4.856174468994141,0.0165996253490448,0,0.000383312493795529,0,129.60986328125,-2.049560546875
310,7,0,1,Day,,61.38653564453125,28.613466262817383,89.99515533447266,255.10000610351562,238.67189025878906,34.30400085449219,0.9356012940406799,19.45000648498535,5.619999885559082,=NA(),=NA(),2.0820093154907227,1.4163999557495117,0.34380000829696655,0.08399999886751175,=NA(),20,1013.25,60,1.3865432739257812,294.95501708984375,243.77499389648438,51.18499755859375,31.649988174438477,1651.9100341796875,1613.239990234375,1606.020263671875,38.975425720214844,2.5750293731689453,2.4384701251983643,44.89379119873047,2.7398314476013184,0.008593999780714512,0,0.0010575625346973538,0,38.6700439453125,7.2197265625
310,8,0,1,Day,,49.162803649902344,40.837196350097656,80.66675567626953,177.8000030517578,175.7703857421875,3.103800058364868,0.9885848164558411,19.649988174438477,5.619999885559082,=NA(),=NA(),1.5274606943130493,1.4163999557495117,0.34380000829696655,0.08399999886751175,=NA(),20,1013.25,48.78469467163086,7.04783296585083,177.0800018310547,145.31500244140625,31.760000228881836,27.039392471313477,953.4600219726562,945.6500244140625,939.2274169921875,39.01036834716797,1.5042608976364136,1.4126638174057007,44.56346130371094,1.6080193519592285,0.0050154998898506165,0,0.000663125014398247,0,7.80999755859375,6.422607421875
310,9,0,1,Day,,37.32502365112305,52.67497634887695,68.56169891357422,886.2100219726562,297.91461181640625,739.7999877929688,0.3361670672893524,22.899988174438477,5.210000038146973,=NA(),=NA(),1.2568235397338867,1.4163999557495117,0.34380000829696655,0.08399999886751175,=NA(),20,1013.25,35.36450958251953,12.80391788482666,1088.635009765625,1039.969970703125,48.67499923706055,67.9225082397461,6620.33984375,5712.6298828125,5712.615234375,34.632850646972656,10.309247970581055,10.257796287536621,42.76975631713867,10.94680404663086,0.036844875663518906,0,0.0010890625417232513,0,907.7099609375,0.0146484375
310,10,0,1,Day,,26.731143951416016,63.268856048583984,49.84246826171875,657.9099731445312,422.0351257324219,264.1000061035156,0.6414785385131836,23.80999183654785,4.680099964141846,=NA(),=NA(),1.1193222999572754,1.4163999557495117,0.34380000829696655,0.08399999886751175,=NA(),20,1013.25,21.0522403717041,16.862449645996094,723.9299926757812,679.39501953125,44.529998779296875,53.511863708496094,4359.68994140625,3957.570068359375,3956.439453125,36.52149963378906,6.770752429962158,6.731134414672852,43.7954216003418,7.162248611450195,0.023979688063263893,0,0.0009786875452846289,0,402.119873046875,1.130615234375
310,11,0,1,Day,,19.781993865966797,70.21800231933594,17.143909454345703,976.010009765625,230.73875427246094,792.010009765625,0.2364102303981781,25.240015029907227,4.260000228881836,=NA(),=NA(),1.0625016689300537,1.4163999557495117,0.34380000829696655,0.08399999886751175,=NA(),20,1013.25,6.051896095275879,18.868932723999023,1041.14501953125,981.0999755859375,60.040000915527344,68.42562103271484,6320.080078125,5442.27978515625,5435.8896484375,34.61670684814453,9.814428329467773,9.785297393798828,42.609928131103516,10.393386840820312,0.03486618772149086,0,0.0013267500326037407,0,877.80029296875,6.39013671875
310,12,0,1,Day,,20.685169219970703,69.31483459472656,334.689453125,644,446.517822265625,211.08999633789062,0.6933506727218628,25.83001136779785,3.970099925994873,=NA(),=NA(),1.068681001663208,1.4163999557495117,0.34380000829696655,0.08399999886751175,=NA(),20,1013.25,-9.169678688049316,18.622028350830078,691.2099609375,646.469970703125,44.74500274658203,54.28313446044922,4125.14013671875,3733.340087890625,3731.579833984375,36.4017448425293,6.406939506530762,6.384727478027344,43.58855438232422,6.780655860900879,0.022643625736236572,0,0.000983875012025237,0,391.800048828125,1.76025390625
310,13,0,1,Day,,28.698501586914062,61.30149841308594,305.3902282714844,574.4000244140625,433.5283203125,160.60000610351562,0.7547498345375061,26.490015029907227,3.7499001026153564,=NA(),=NA(),1.139656901359558,1.4163999557495117,0.34380000829696655,0.08399999886751175,=NA(),20,1013.25,-24.051010131835938,16.147096633911133,630.4849853515625,587.22998046875,43.26000213623047,52.376243591308594,3757.409912109375,3422.27001953125,3423.506591796875,36.58171844482422,5.8491106033325195,5.791632175445557,43.65812683105469,6.191738605499268,0.020609688013792038,0,0.0009358124807476997,0,335.139892578125,-1.236572265625
310,14,0,1,Day,,39.658809661865234,50.341190338134766,288.5037841796875,288.2900085449219,280.82623291015625,9.694999694824219,0.9741101861000061,25.600000381469727,3.0201001167297363,=NA(),=NA(),1.2980996370315552,1.4163999557495117,0.34380000829696655,0.08399999886751175,=NA(),20,1013.25,-38.172489166259766,11.686017990112305,297.70001220703125,259.875,37.83000183105469,37.926231384277344,1675.1099853515625,1600.580078125,1597.8758544921875,37.94361877441406,2.6318440437316895,2.5228357315063477,44.076202392578125,2.7887351512908936,0.008994875475764275,0,0.0007880625198595226,0,74.5299072265625,2.7042236328125
310,15,0,1,Day,,51.61198043823242,38.38801956176758,277.1675109863281,46.492000579833984,46.370906829833984,0.19499999284744263,0.997395396232605,23.8799991607666,2.460099935531616,=NA(),=NA(),1.608113169670105,1.4163999557495117,0.34380000829696655,0.08399999886751175,=NA(),20,1013.25,-51.393001556396484,5.612398147583008,44.154998779296875,34.845001220703125,9.299999237060547,25.75811195373535,217.47000122070312,216.58999633789062,214.4051513671875,37.05474853515625,0.3614567816257477,0.3336069583892822,42.21696472167969,0.3956824541091919,0.0011969375191256404,0,0.00019543750386219472,0,0.8800048828125,2.184844970703125
310,16,0,1,Day,,63.84785079956055,26.152149200439453,268.14764404296875,115.69999694824219,114.86176300048828,1.9018000364303589,0.992755115032196,20.70000648498535,1.7300000190734863,=NA(),=NA(),2.260560989379883,1.4163999557495117,0.34380000829696655,0.08399999886751175,=NA(),20,1013.25,-60,4.18033504486084,113.60499572753906,86.35499572753906,27.244998931884766,25.4993839263916,588.52001953125,586.8099975585938,577.7374877929688,38.81945037841797,0.9299094080924988,0.850189208984375,43.94822311401367,1.011033058166504,0.003018687479197979,0,0.000558124971576035,0,1.71002197265625,9.072509765625
310,17,0,1,Day,,76.01246643066406,13.987529754638672,259.9544677734375,5.508800029754639,5.50698709487915,0.007499999832361937,0.9996709227561951,17.779993057250977,1.820099949836731,=NA(),=NA(),4.0751953125,1.4163999557495117,0.34380000829696655,0.08399999886751175,=NA(),20,1013.25,-22.405885696411133,54.0091438293457,5.744999885559082,5.185000419616699,0.5600000023841858,18.024988174438477,23.639999389648438,24.260000228881836,24.231033325195312,34.22850799560547,0.044242724776268005,0.04293859750032425,39.65019989013672,0.05335986986756325,0.00017593750089872628,0,0.000012187500033178367,0,-0.6200008392333984,0.028966903686523438
310,18,0,1,Night,Sun above horizon but GHI below 1,86.15726470947266,3.842738151550293,252.88450622558594,0.19529999792575836,0.19529999792575836,0,1,18.300012588500977,2.3199000358581543,=NA(),0,12.685556411743164,1.4163999557495117,0.34380000829696655,0.08399999886751175,=NA(),20,1013.25,0,0,0,0,0,18.300012588500977,0,0,0,0,0,0,0,0,0,0,0,0,0,0
310,19,0,1,Night,,99.35871124267578,-9.358709335327148,242.76104736328125,0,0,0,0,17.5200138092041,2.6298999786376953,=NA(),0,64.81599426269531,1.4163999557495117,0.34380000829696655,0.08399999886751175,=NA(),20,1013.25,0,0,0,0,0,17.5200138092041,0,0,0,0,0,0,0,0,0,0,0,0,0,0
310,20,0,1,Night,,109.68311309814453,-19.683109283447266,232.40267944335938,0,0,0,0,19.1400089263916,2.75,=NA(),0,64.81599426269531,1.4163999557495117,0.34380000829696655,0.08399999886751175,=NA(),20,1013.25,0,0,0,0,0,19.1400089263916,0,0,0,0,0,0,0,0,0,0,0,0,0,0
310,21,0,1,Night,,118.5297622680664,-28.529760360717773,219.93756103515625,0,0,0,0,17.1400089263916,2.850100040435791,=NA(),0,64.81599426269531,1.4163999557495117,0.34380000829696655,0.08399999886751175,=NA(),20,1013.25,0,0,0,0,0,17.1400089263916,0,0,0,0,0,0,0,0,0,0,0,0,0,0
310,22,0,1,Night,,125.1111068725586,-35.11110305786133,204.83468627929688,0,0,0,0,17.110010147094727,2.990000009536743,=NA(),0,64.81599426269531,1.4163999557495117,0.34380000829696655,0.08399999886751175,=NA(),20,1013.25,0,0,0,0,0,17.110010147094727,0,0,0,0,0,0,0,0,0,0,0,0,0,0
310,23,0,1,Night,,128.5164031982422,-38.51640319824219,187.3262481689453,0,0,0,0,17.550012588500977,2.95989990234375,=NA(),0,64.81599426269531,1.4163999557495117,0.34380000829696655,0.08399999886751175,=NA(),20,1013.25,0,0,0,0,0,17.550012588500977,0,0,0,0,0,0,0,0,0,0,0,0,0,0
311,0,0,1,Night,,128.10293579101562,-38.10293197631836,168.95201110839844,0,0,0,0,17.100000381469727,2.680000066757202,=NA(),0,64.81599426269531,1.4163999557495117,0.34380000829696655,0.08399999886751175,=NA(),20,1013.25,0,0,0,0,0,17.100000381469727,0,0,0,0,0,0,0,0,0,0,0,0,0,0
311,1,0,1,Night,,123.95631408691406,-33.95631790161133,151.87081909179688,0,0,0,0,17.540002822875977,2.23009991645813,=NA(),0,64.81599426269531,1.4163999557495117,0.34380000829696655,0.08399999886751175,=NA(),20,1013.25,0,0,0,0,0,17.540002822875977,0,0,0,0,0,0,0,0,0,0,0,0,0,0
311,2,0,1,Night,,116.82138061523438,-26.821378707885742,137.3480682373047,0,0,0,0,16.4999942779541,1.8799999952316284,=NA(),0,64.81599426269531,1.4163999557495117,0.34380000829696655,0.08399999886751175,=NA(),20,1013.25,0,0,0,0,0,16.4999942779541,0,0,0,0,0,0,0,0,0,0,0,0,0,0
311,3,0,1,Night,,107.60426330566406,-17.604265213012695,125.39269256591797,0,0,0,0,16.32000160217285,1.7899999618530273,=NA(),0,64.81599426269531,1.4163999557495117,0.34380000829696655,0.08399999886751175,=NA(),20,1013.25,0,0,0,0,0,16.32000160217285,0,0,0,0,0,0,0,0,0,0,0,0,0,0
311,4,0,1,Night,,97.02828216552734,-7.028280735015869,115.4018783569336,0,0,0,0,16.300012588500977,2.049999952316284,=NA(),0,64.81599426269531,1.4163999557495117,0.34380000829696655,0.08399999886751175,=NA(),20,1013.25,0,0,0,0,0,16.300012588500977,0,0,0,0,0,0,0,0,0,0,0,0,0,0
311,5,0,1,Day,,84.9466323852539,5.053370952606201,106.40033721923828,33.40399932861328,33.306915283203125,1.1022000312805176,0.9970936179161072,16.57000160217285,2.5199999809265137,=NA(),=NA(),10.218766212463379,1.4163999557495117,0.34380000829696655,0.08399999886751175,=NA(),20,1013.25,7.62819242477417,77.63420867919922,38.154998779296875,35.529998779296875,2.625,18.168115615844727,187.3000030517578,192.08999633789062,191.6339569091797,37.71162033081055,0.31759899854660034,0.3147854208946228,43.07780838012695,0.34316837787628174,0.0011520625557750463,0,0.00005856249845237471,0,-4.7899932861328125,0.4560394287109375
311,6,0,1,Day,,73.45416259765625,16.545835494995117,98.53214263916016,307.5899963378906,234.71705627441406,255.88999938964844,0.7630841732025146,17.920007705688477,2.780100107192993,=NA(),=NA(),3.4748525619506836,1.4163999557495117,0.34380000829696655,0.08399999886751175,=NA(),20,1013.25,27.664884567260742,46.18171691894531,529.1900024414062,511.6000061035156,17.59000015258789,39.35936737060547,3157.199951171875,3007.64990234375,3010.141845703125,38.228004455566406,4.92138671875,4.868448734283447,45.035308837890625,5.194377422332764,0.017757249996066093,0,0.0003969375102315098,0,149.550048828125,-2.491943359375
311,7,0,1,Day,,61.240440368652344,28.759559631347656,90.29104614257812,491.489990234375,302.4568176269531,392.8900146484375,0.6153875589370728,21.1299991607666,3.130000114440918,=NA(),=NA(),2.0724050998687744,1.4163999557495117,0.34380000829696655,0.08399999886751175,=NA(),20,1013.25,60,1.2660976648330688,797.4849853515625,743.4100341796875,54.06999969482422,53.72875213623047,4842.91015625,4394.759765625,4396.77001953125,36.499107360839844,7.529115676879883,7.399576187133789,43.970645904541016,7.975277900695801,0.02658024989068508,0,0.0011282500345259905,0,448.150390625,-2.01025390625
311,8,0,1,Day,,49.01157760620117,40.98842239379883,81.00611114501953,555.4099731445312,345.57891845703125,319.9100036621094,0.6222050786018372,21.969995498657227,3.619999885559082,=NA(),=NA(),1.5228335857391357,1.4163999557495117,0.34380000829696655,0.08399999886751175,=NA(),20,1013.25,48.660343170166016,6.776909828186035,735.9199829101562,686.760009765625,49.154998779296875,52.06188201904297,4446.85009765625,4057.77001953125,4059.435546875,36.699100494384766,6.913537979125977,6.797807216644287,44.021488189697266,7.317470550537109,0.024398937821388245,0,0.0010545625118538737,0,389.080078125,-1.66552734375
311,9,0,1,Day,,37.15343475341797,52.84656524658203,68.96353912353516,635.8900146484375,383.322021484375,316.8900146484375,0.6028118133544922,23.4999942779541,4.269999980926514,=NA(),=NA(),1.2539728879928589,1.4163999557495117,0.34380000829696655,0.08399999886751175,=NA(),20,1013.25,35.27016830444336,12.520895004272461,750.1900024414062,704.5400390625,45.650001525878906,54.333763122558594,4513.4501953125,4085.760009765625,4084.267578125,36.42909240722656,7.00728178024292,6.9232988357543945,43.755775451660156,7.411526679992676,0.024840375408530235,0,0.0009916250128298998,0,427.690185546875,1.492431640625
311,10,0,1,Day,,26.513734817504883,63.486263275146484,50.295440673828125,1100.4000244140625,278.22369384765625,918.8099975585938,0.252838671207428,24.7700138092041,4.549900054931641,=NA(),=NA(),1.1171996593475342,1.4163999557495117,0.34380000829696655,0.08399999886751175,=NA(),20,1013.25,20.997472763061523,16.569677352905273,1231.300048828125,1168.905029296875,62.39500045776367,76.08687591552734,7494.919921875,6272.68017578125,6265.06005859375,33.559452056884766,11.667838096618652,11.64505672454834,41.98548126220703,12.380133628845215,0.04164793714880943,0,0.0013940000208094716,0,1222.23974609375,7.6201171875
311,11,0,1,Day,,19.49759292602539,70.50241088867188,17.401174545288086,1223,260.36016845703125,1021.2000122070312,0.2128864824771881,26.07000160217285,3.859999895095825,=NA(),=NA(),1.0606249570846558,1.4163999557495117,0.34380000829696655,0.08399999886751175,=NA(),20,1013.25,6.044451713562012,18.571758270263672,1304.965087890625,1229.02001953125,75.94499969482422,80.59810638427734,7877.0400390625,6478.5498046875,6478.8076171875,32.9015007019043,12.307206153869629,12.28376579284668,41.51655960083008,13.121294021606445,0.04361231252551079,0,0.001678875065408647,0,1398.490234375,-0.2578125
311,12,0,1,Day,,20.40463638305664,69.5953598022461,334.4109191894531,554.6099853515625,451.69952392578125,109.80000305175781,0.8144453763961792,26.92998695373535,2.740000009536743,=NA(),=NA(),1.0667256116867065,1.4163999557495117,0.34380000829696655,0.08399999886751175,=NA(),20,1013.25,-9.127540588378906,18.32765769958496,595.260009765625,555.8300170898438,39.42500305175781,51.37187957763672,3531.300048828125,3226.89990234375,3228.51708984375,36.67654037475586,5.501676082611084,5.481039047241211,43.67124557495117,5.824136257171631,0.01939893700182438,0,0.000868000031914562,0,304.400146484375,-1.6171875
311,13,0,1,Day,,28.47736167907715,61.52263641357422,304.9761962890625,400.69000244140625,375.11444091796875,29.09600067138672,0.9361711740493774,26.7499942779541,2.9000000953674316,=NA(),=NA(),1.1372674703598022,1.4163999557495117,0.34380000829696655,0.08399999886751175,=NA(),20,1013.25,-23.963878631591797,15.86225414276123,429.6549987792969,394.55499267578125,35.105003356933594,44.404380798339844,2504.409912109375,2342.35986328125,2341.542724609375,37.382625579833984,3.9148526191711426,3.851651906967163,43.94448471069336,4.139991760253906,0.013717062771320343,0,0.0007513124728575349,0,162.050048828125,0.817138671875
311,14,0,1,Day,,39.4749755859375,50.5250244140625,288.13824462890625,857.6099853515625,304.6886291503906,716.3099975585938,0.3552764356136322,27.959985733032227,2.5599000453948975,=NA(),=NA(),1.294671893119812,1.4163999557495117,0.34380000829696655,0.08399999886751175,=NA(),20,1013.25,-38.049461364746094,11.414953231811523,1078.590087890625,1030.655029296875,47.93000030517578,72.58562469482422,6580.68994140625,5579.2001953125,5581.78271484375,34.003868103027344,10.259477615356445,10.21705150604248,42.16012954711914,10.926694869995117,0.03663618862628937,0,0.0010673125507310033,0,1001.48974609375,-2.58251953125
311,15,0,1,Day,,51.44403839111328,38.55596160888672,276.8556213378906,168.8000030517578,166.99317932128906,2.898900032043457,0.9892960786819458,27.82000160217285,2.23009991645813,=NA(),=NA(),1.6022180318832397,1.4163999557495117,0.34380000829696655,0.08399999886751175,=NA(),20,1013.25,-51.24349594116211,5.356111526489258,167.18499755859375,135.27000427246094,31.915000915527344,34.842491149902344,894.8699951171875,862.9600219726562,856.3660888671875,37.83935546875,1.413991093635559,1.3188040256500244,43.37835693359375,1.5178653001785278,0.0046711876057088375,0,0.0006713125039823353,0,31.90997314453125,6.59393310546875
311,16,0,1,Day,,63.683250427246094,26.316749572753906,267.87359619140625,374.9100036621094,279.58892822265625,215.00999450683594,0.7457494735717773,27.730005264282227,2.1698999404907227,=NA(),=NA(),2.247544288635254,1.4163999557495117,0.34380000829696655,0.08399999886751175,=NA(),20,1013.25,-60,4.132627964019775,590.6900024414062,540.1650390625,50.525001525878906,52.05498504638672,3483.780029296875,3175.389892578125,3176.395263671875,36.58298110961914,5.426884174346924,5.29833984375,43.55541229248047,5.7485127449035645,0.01895350031554699,0,0.0010456249583512545,0,308.39013671875,-1.00537109375
311,17,0,1,Day,,75.843505859375,14.15649127960205,259.7054443359375,137.19000244140625,131.68910217285156,22.492000579833984,0.9599030613899231,26.0100040435791,2.5799999237060547,=NA(),=NA(),4.0290751457214355,1.4163999557495117,0.34380000829696655,0.08399999886751175,=NA(),20,1013.25,-22.759929656982422,53.51511764526367,175.80499267578125,164.2050018310547,11.600000381469727,33.237510681152344,982.77001953125,953.5800170898438,953.5028686523438,37.83725357055664,1.5749971866607666,1.5470499992370605,43.768558502197266,1.667635440826416,0.00558600015938282,0,0.0002593749959487468,0,29.19000244140625,0.0771484375
311,18,0,1,Day,,86.07260131835938,3.927396297454834,252.585205078125,3.3989999294281006,3.3989999294281006,0,1,22.990015029907227,3.7599000930786133,=NA(),=NA(),12.478109359741211,1.4163999557495117,0.34380000829696655,0.08399999886751175,=NA(),20,1013.25,-5.932990550994873,80.41438293457031,3.6600000858306885,3.385000228881836,0.2750000059604645,23.149988174438477,13.680000305175781,13.730000495910645,13.741039276123047,32.314186096191406,0.026576988399028778,0.026429330930113792,37.90372085571289,0.03429226949810982,0.00011449999874457717,0,0.000006000000212225132,0,-0.05000019073486328,-0.011038780212402344
311,19,0,1,Night,,99.15583801269531,-9.155841827392578,242.5426788330078,0,0,0,0,19.990015029907227,4.559999942779541,=NA(),0,64.81599426269531,1.4163999557495117,0.34380000829696655,0.08399999886751175,=NA(),20,1013.25,0,0,0,0,0,19.990015029907227,0,0,0,0,0,0,0,0,0,0,0,0,0,0
311,20,0,1,Night,,109.45693969726562,-19.456937789916992,232.20127868652344,0,0,0,0,18.550012588500977,4.579999923706055,=NA(),0,64.81599426269531,1.4163999557495117,0.34380000829696655,0.08399999886751175,=NA(),20,1013.25,0,0,0,0,0,18.550012588500977,0,0,0,0,0,0,0,0,0,0,0,0,0,0
311,21,0,1,Night,,118.27556610107422,-28.275562286376953,219.76661682128906,0,0,0,0,18.100000381469727,4.5,=NA(),0,64.81599426269531,1.4163999557495117,0.34380000829696655,0.08399999886751175,=NA(),20,1013.25,0,0,0,0,0,18.100000381469727,0,0,0,0,0,0,0,0,0,0,0,0,0,0
311,22,0,1,Night,,124.83094787597656,-34.83095169067383,204.7210235595703,0,0,0,0,18.17998695373535,4.159900188446045,=NA(),0,64.81599426269531,1.4163999557495117,0.34380000829696655,0.08399999886751175,=NA(),20,1013.25,0,0,0,0,0,18.17998695373535,0,0,0,0,0,0,0,0,0,0,0,0,0,0
311,23,0,1,Night,,128.22201538085938,-38.22201919555664,187.30230712890625,0,0,0,0,17.70000648498535,3.650099992752075,=NA(),0,64.81599426269531,1.4163999557495117,0.34380000829696655,0.08399999886751175,=NA(),20,1013.25,0,0,0,0,0,17.70000648498535,0,0,0,0,0,0,0,0,0,0,0,0,0,0
312,0,0,1,Night,,127.8145751953125,-37.814571380615234,169.02972412109375,0,0,0,0,17.100000381469727,3.349900007247925,=NA(),0,64.81599426269531,1.4163999557495117,0.34380000829696655,0.08399999886751175,=NA(),20,1013.25,0,0,0,0,0,17.100000381469727,0,0,0,0,0,0,0,0,0,0,0,0,0,0
312,1,0,1,Night,,123.6922836303711,-33.69227981567383,152.02798461914062,0,0,0,0,17.05999183654785,2.95989990234375,=NA(),0,64.81599426269531,1.4163999557495117,0.34380000829696655,0.08399999886751175,=NA(),20,1013.25,0,0,0,0,0,17.05999183654785,0,0,0,0,0,0,0,0,0,0,0,0,0,0
312,2,0,1,Night,,116.58927917480469,-26.58928108215332,137.55062866210938,0,0,0,0,16.07000160217285,2.719899892807007,=NA(),0,64.81599426269531,1.4163999557495117,0.34380000829696655,0.08399999886751175,=NA(),20,1013.25,0,0,0,0,0,16.07000160217285,0,0,0,0,0,0,0,0,0,0,0,0,0,0
312,3,0,1,Night,,107.40304565429688,-17.403047561645508,125.6172866821289,0,0,0,0,15.200006484985352,2.4200000762939453,=NA(),0,64.81599426269531,1.4163999557495117,0.34380000829696655,0.08399999886751175,=NA(),20,1013.25,0,0,0,0,0,15.200006484985352,0,0,0,0,0,0,0,0,0,0,0,0,0,0
312,4,0,1,Night,,96.84941864013672,-6.8494157791137695,115.63883209228516,0,0,0,0,14.730005264282227,2.109999895095825,=NA(),0,64.81599426269531,1.4163999557495117,0.34380000829696655,0.08399999886751175,=NA(),20,1013.25,0,0,0,0,0,14.730005264282227,0,0,0,0,0,0,0,0,0,0,0,0,0,0
312,5,0,1,Day,,84.87503814697266,5.124963283538818,106.70960235595703,90.09400177001953,84.07417297363281,67.38999938964844,0.9331827759742737,14.800012588500977,2.5599000453948975,=NA(),=NA(),10.100881576538086,1.4163999557495117,0.34380000829696655,0.08399999886751175,=NA(),20,1013.25,7.751562118530273,77.45664978027344,142.72500610351562,138.05999755859375,4.654999732971191,20.904382705688477,616.8699951171875,625.280029296875,625.3720703125,38.96788787841797,1.0030244588851929,0.9996468424797058,44.67518615722656,1.062945008277893,0.0036402500700205564,0,0.00010487499821465462,0,-8.4100341796875,-0.092041015625
312,6,0,1,Day,,73.3089370727539,16.69106101989746,98.79849243164062,338.010009765625,256.95904541015625,282.20001220703125,0.7602113485336304,17.290002822875977,2.5799999237060547,=NA(),=NA(),3.4461586475372314,1.4163999557495117,0.34380000829696655,0.08399999886751175,=NA(),20,1013.25,28.023414611816406,45.71095657348633,591.425048828125,572.7650146484375,18.65999984741211,41.258140563964844,3542.77001953125,3353.969970703125,3356.74072265625,38.042724609375,5.514784336090088,5.457861423492432,44.9981575012207,5.822309494018555,0.01990949921309948,0,0.00042193749686703086,0,188.800048828125,-2.770751953125
312,7,0,1,Day,,61.09977722167969,28.900224685668945,90.58528137207031,528.510009765625,315.32781982421875,441.1099853515625,0.5966354608535767,19.209985733032227,3.1500000953674316,=NA(),=NA(),2.06325364112854,1.4163999557495117,0.34380000829696655,0.08399999886751175,=NA(),20,1013.25,60,1.2121257781982422,863.864990234375,807.4949951171875,56.36499786376953,54.524375915527344,5255.89990234375,4757.58984375,4759.693359375,36.4071044921875,8.17119312286377,8.037060737609863,44.027313232421875,8.655186653137207,0.028892312198877335,0,0.0011758125619962811,0,498.31005859375,-2.103515625
312,8,0,1,Day,,48.866336822509766,41.133663177490234,81.34426879882812,727.0999755859375,327.5414123535156,607.4000244140625,0.45047643780708313,21.089990615844727,3.7400999069213867,=NA(),=NA(),1.5184259414672852,1.4163999557495117,0.34380000829696655,0.08399999886751175,=NA(),20,1013.25,48.54092025756836,6.508518218994141,1013.6650390625,963.5,50.15999984741211,62.719993591308594,6192.51025390625,5445.76025390625,5448.0546875,35.31669616699219,9.641535758972168,9.544098854064941,43.30003356933594,10.231149673461914,0.03436281159520149,0,0.0010920624481514096,0,746.75,-2.29443359375
312,9,0,1,Day,,36.98851013183594,53.01148986816406,69.36579895019531,981.4000244140625,326.8193359375,819.5,0.3330133855342865,22.7700138092041,4.479899883270264,=NA(),=NA(),1.2512556314468384,1.4163999557495117,0.34380000829696655,0.08399999886751175,=NA(),20,1013.25,35.180728912353516,12.240954399108887,1201.340087890625,1146.635009765625,54.70500183105469,72.5837631225586,7290.93017578125,6183.8701171875,6185.77197265625,33.97664260864258,11.37873363494873,11.32131576538086,42.374656677246094,12.111992835998535,0.040622688829898834,0,0.0012224999954923987,0,1107.06005859375,-1.90185546875
312,10,0,1,Day,,26.303274154663086,63.69672775268555,50.75408935546875,443.489990234375,403.4208679199219,44.696998596191406,0.909650444984436,22.550012588500977,5.170100212097168,=NA(),=NA(),1.1151677370071411,1.4163999557495117,0.34380000829696655,0.08399999886751175,=NA(),20,1013.25,20.9471492767334,16.28058433532715,476.4749755859375,439.80999755859375,36.665000915527344,42.045616149902344,2792.280029296875,2634.469970703125,2634.92919921875,37.78687286376953,4.358232498168945,4.299530506134033,44.45710754394531,4.605154991149902,0.0152988750487566,0,0.0007944374810904264,0,157.81005859375,-0.459228515625
312,11,0,1,Day,,19.218740463256836,70.78125762939453,17.67177963256836,724.4000244140625,417.60711669921875,324.8999938964844,0.5764868855476379,23.1199893951416,5.560100078582764,=NA(),=NA(),1.0588164329528809,1.4163999557495117,0.34380000829696655,0.08399999886751175,=NA(),20,1013.25,6.040754318237305,18.27885627746582,774.469970703125,726.5550537109375,47.91999816894531,54.91875457763672,4650.26025390625,4201.43017578125,4202.04736328125,36.33778381347656,7.227407455444336,7.210436820983887,43.737945556640625,7.6464738845825195,0.025552187114953995,0,0.0010585000272840261,0,448.830078125,-0.6171875
312,12,0,1,Day,,20.127490997314453,69.87251281738281,334.1387634277344,1117.800048828125,241.3941192626953,933.4099731445312,0.21595464646816254,24.089990615844727,5.610000133514404,=NA(),=NA(),1.0648257732391357,1.4163999557495117,0.34380000829696655,0.08399999886751175,=NA(),20,1013.25,-9.082525253295898,18.03805923461914,1199.419921875,1130.39501953125,69.02999877929688,73.92876434326172,7276.5498046875,6140.009765625,6140.70751953125,33.80838394165039,11.352045059204102,11.330384254455566,42.19852828979492,12.078957557678223,0.040246687829494476,0,0.0015142499469220638,0,1136.5400390625,-0.69775390625
312,13,0,1,Day,,28.258358001708984,61.741641998291016,304.5679626464844,984.5999755859375,260.47650146484375,822.0999755859375,0.2645505964756012,24.480005264282227,5.46999979019165,=NA(),=NA(),1.1349273920059204,1.4163999557495117,0.34380000829696655,0.08399999886751175,=NA(),20,1013.25,-23.874778747558594,15.582562446594238,1119.52001953125,1064.844970703125,54.67499923706055,70.94564056396484,6823.39990234375,5821.990234375,5816.90625,34.25761795043945,10.612432479858398,10.589950561523438,42.44514083862305,11.2491455078125,0.037898313254117966,0,0.0012166874948889017,0,1001.40966796875,5.083984375
312,14,0,1,Day,,39.29204177856445,50.70795822143555,287.7787780761719,811.510009765625,297.84613037109375,663.7100219726562,0.36702704429626465,24.740015029907227,5.189899921417236,=NA(),=NA(),1.2912919521331787,1.4163999557495117,0.34380000829696655,0.08399999886751175,=NA(),20,1013.25,-37.92503356933594,11.149240493774414,1018.1700439453125,972.4249877929688,45.744998931884766,66.67501068115234,6213.330078125,5385.02978515625,5387.3828125,34.79313278198242,9.677541732788086,9.634430885314941,42.799739837646484,10.284322738647461,0.03455724939703941,0,0.0010175624629482627,0,828.30029296875,-2.35302734375
312,15,0,1,Day,,51.27609634399414,38.72390365600586,276.5494689941406,613.5999755859375,321.89752197265625,466.29998779296875,0.524604856967926,24.70000648498535,4.779900074005127,=NA(),=NA(),1.596379280090332,1.4163999557495117,0.34380000829696655,0.08399999886751175,=NA(),20,1013.25,-51.09286880493164,5.105328559875488,861.4099731445312,811.5800170898438,49.83000183105469,60.063743591308594,5243.52001953125,4652.81982421875,4654.6875,35.66899490356445,8.156209945678711,8.05377197265625,43.30893325805664,8.64958667755127,0.028909999877214432,0,0.0010870625264942646,0,590.7001953125,-1.86767578125
312,16,0,1,Day,,63.51764678955078,26.48235321044922,267.6050109863281,387.510009765625,282.2679138183594,236.00999450683594,0.7284145355224609,24.480005264282227,3.8201000690460205,=NA(),=NA(),2.2346160411834717,1.4163999557495117,0.34380000829696655,0.08399999886751175,=NA(),20,1013.25,-60,4.101554870605469,614.9150390625,563.844970703125,51.06999969482422,49.727500915527344,3639.199951171875,3345.35009765625,3346.55908203125,36.92467498779297,5.664699077606201,5.534453868865967,43.942649841308594,5.9954833984375,0.01981074921786785,0,0.0010666250018402934,0,293.849853515625,-1.208984375
312,17,0,1,Day,,75.67219543457031,14.327803611755371,259.46185302734375,158.30999755859375,148.1617889404297,41.007999420166016,0.9358965754508972,23.300012588500977,2.509999990463257,=NA(),=NA(),3.9833860397338867,1.4163999557495117,0.34380000829696655,0.08399999886751175,=NA(),20,1013.25,-23.1225643157959,53.01137924194336,225.26499938964844,213.4550018310547,11.809999465942383,32.50499725341797,1280.3699951171875,1246.280029296875,1246.7174072265625,38.27017593383789,2.0360429286956787,2.0066275596618652,44.334083557128906,2.1517558097839355,0.007276187650859356,0,0.00026643750607036054,0,34.0899658203125,-0.4373779296875
312,18,0,1,Night,Sun above horizon but GHI below 1,85.98895263671875,4.011044025421143,252.2870330810547,0,0,0,0,20.05999183654785,2.5999999046325684,=NA(),0,12.27920150756836,1.4163999557495117,0.34380000829696655,0.08399999886751175,=NA(),20,1013.25,0,0,0,0,0,20.05999183654785,0,0,0,0,0,0,0,0,0,0,0,0,0,0
312,19,0,1,Night,,98.95475769042969,-8.954760551452637,242.3302459716797,0,0,0,0,17.100000381469727,2.639899969100952,=NA(),0,64.81599426269531,1.4163999557495117,0.34380000829696655,0.08399999886751175,=NA(),20,1013.25,0,0,0,0,0,17.100000381469727,0,0,0,0,0,0,0,0,0,0,0,0,0,0
312,20,0,1,Night,,109.23253631591797,-19.232532501220703,232.00625610351562,0,0,0,0,13.059991836547852,2.680000066757202,=NA(),0,64.81599426269531,1.4163999557495117,0.34380000829696655,0.08399999886751175,=NA(),20,1013.25,0,0,0,0,0,13.059991836547852,0,0,0,0,0,0,0,0,0,0,0,0,0,0
312,21,0,1,Night,,118.02405548095703,-28.02405548095703,219.60240173339844,0,0,0,0,11.390008926391602,2.6298999786376953,=NA(),0,64.81599426269531,1.4163999557495117,0.34380000829696655,0.08399999886751175,=NA(),20,1013.25,0,0,0,0,0,11.390008926391602,0,0,0,0,0,0,0,0,0,0,0,0,0,0
312,22,0,1,Night,,124.5545654296875,-34.5545654296875,204.61386108398438,0,0,0,0,10.640008926391602,2.5499000549316406,=NA(),0,64.81599426269531,1.4163999557495117,0.34380000829696655,0.08399999886751175,=NA(),20,1013.25,0,0,0,0,0,10.640008926391602,0,0,0,0,0,0,0,0,0,0,0,0,0,0
312,23,0,1,Night,,127.93240356445312,-37.932403564453125,187.2833251953125,0,0,0,0,10.550012588500977,2.359999895095825,=NA(),0,64.81599426269531,1.4163999557495117,0.34380000829696655,0.08399999886751175,=NA(),20,1013.25,0,0,0,0,0,10.550012588500977,0,0,0,0,0,0,0,0,0,0,0,0,0,0
313,0,0,1,Night,,127.5318374633789,-37.53183364868164,169.10995483398438,0,0,0,0,9.579889297485352,2.159899950027466,=NA(),0,64.81599426269531,1.4163999557495117,0.34380000829696655,0.08399999886751175,=NA(),20,1013.25,0,0,0,0,0,9.580011367797852,0,0,0,0,0,0,0,0,0,0,0,0,0,0
313,1,0,1,Night,,123.43427276611328,-33.43427658081055,152.185546875,0,0,0,0,8.800104141235352,1.9700000286102295,=NA(),0,64.81599426269531,1.4163999557495117,0.34380000829696655,0.08399999886751175,=NA(),20,1013.25,0,0,0,0,0,8.800012588500977,0,0,0,0,0,0,0,0,0,0,0,0,0,0
313,2,0,1,Night,,116.36343383789062,-26.36343002319336,137.7523956298828,0,0,0,0,8.140008926391602,1.7899999618530273,=NA(),0,64.81599426269531,1.4163999557495117,0.34380000829696655,0.08399999886751175,=NA(),20,1013.25,0,0,0,0,0,8.140008926391602,0,0,0,0,0,0,0,0,0,0,0,0,0,0
313,3,0,1,Night,,107.20836639404297,-17.2083683013916,125.84049987792969,0,0,0,0,7.600213527679443,1.5198999643325806,=NA(),0,64.81599426269531,1.4163999557495117,0.34380000829696655,0.08399999886751175,=NA(),20,1013.25,0,0,0,0,0,7.599999904632568,0,0,0,0,0,0,0,0,0,0,0,0,0,0
313,4,0,1,Night,,96.67688751220703,-6.676884651184082,115.87411499023438,0,0,0,0,7.180108547210693,1.2099000215530396,=NA(),0,64.81599426269531,1.4163999557495117,0.34380000829696655,0.08399999886751175,=NA(),20,1013.25,0,0,0,0,0,7.179986476898193,0,0,0,0,0,0,0,0,0,0,0,0,0,0
313,5,0,1,Day,,84.8124771118164,5.187521934509277,107.02147674560547,96.20800018310547,89.3628921508789,75.70700073242188,0.9288509488105774,8.830011367797852,0.8098999857902527,=NA(),=NA(),9.999940872192383,1.4163999557495117,0.34380000829696655,0.08399999886751175,=NA(),20,1013.25,7.861780643463135,77.3014144897461,155.48500061035156,150.69500732421875,4.789999961853027,15.458734512329102,669.5899658203125,691.5900268554688,691.8350219726562,39.86765670776367,1.0845803022384644,1.0811225175857544,45.56883239746094,1.1467896699905396,0.0039429375901818275,0,0.00010800000018207356,0,-22.00006103515625,-0.2449951171875
313,6,0,1,Day,,73.16840362548828,16.83159828186035,99.06297302246094,307.80999755859375,234.22998046875,254.11000061035156,0.760956346988678,12.029993057250977,0.8098999857902527,=NA(),=NA(),3.4188525676727295,1.4163999557495117,0.34380000829696655,0.08399999886751175,=NA(),20,1013.25,28.376272201538086,45.252113342285156,528.4349975585938,510.4949951171875,17.939998626708984,33.334373474121094,3157.669921875,3069.72998046875,3072.18115234375,39.05654525756836,4.916264057159424,4.861899375915527,45.82305145263672,5.1801042556762695,0.017754187807440758,0,0.0004028750117868185,0,87.93994140625,-2.451171875
313,7,0,1,Day,,60.96491622924805,29.035083770751953,90.8777084350586,532.5900268554688,316.7619323730469,444.69000244140625,0.5947575569152832,16.959985733032227,2.7701001167297363,=NA(),=NA(),2.0545661449432373,1.4163999557495117,0.34380000829696655,0.08399999886751175,=NA(),20,1013.25,60,1.230607271194458,868.7900390625,812.1900024414062,56.599998474121094,52.43248748779297,5287.97021484375,4822.2900390625,4823.8359375,36.69218444824219,8.216965675354004,8.081076622009277,44.30845260620117,8.695167541503906,0.029072249308228493,0,0.0011794375022873282,0,465.68017578125,-1.5458984375
313,8,0,1,Day,,48.72731399536133,41.27268600463867,81.68099212646484,737.7999877929688,331.3870849609375,616.1099853515625,0.44915571808815,19.93999671936035,3.599900007247925,=NA(),=NA(),1.5142396688461304,1.4163999557495117,0.34380000829696655,0.08399999886751175,=NA(),20,1013.25,48.426639556884766,6.242791175842285,1027.125,976.3150024414062,50.810001373291016,62.115623474121094,6274.02978515625,5529.919921875,5531.97119140625,35.396610260009766,9.767943382263184,9.668771743774414,43.4039306640625,10.360692024230957,0.034820374101400375,0,0.0011058124946430326,0,744.10986328125,-2.05126953125
313,9,0,1,Day,,36.83034896850586,53.16965103149414,69.76811981201172,903.5900268554688,299.67767333984375,754.5,0.3316522538661957,22.029993057250977,4.149899959564209,=NA(),=NA(),1.2486704587936401,1.4163999557495117,0.34380000829696655,0.08399999886751175,=NA(),20,1013.25,35.09625244140625,11.964240074157715,1107.9849853515625,1058.5849609375,49.400001525878906,67.78438568115234,6740.2802734375,5819.52978515625,5821.30908203125,34.63496398925781,10.504758834838867,10.456500053405762,42.82439041137695,11.16234302520752,0.037524186074733734,0,0.001106875017285347,0,920.75048828125,-1.779296875
313,10,0,1,Day,,26.100017547607422,63.89998245239258,51.218021392822266,1026.5,256.79168701171875,857.1099853515625,0.25016239285469055,22.990015029907227,4.579999923706055,=NA(),=NA(),1.1132266521453857,1.4163999557495117,0.34380000829696655,0.08399999886751175,=NA(),20,1013.25,20.901382446289062,15.995381355285645,1148.625,1090.7149658203125,57.904998779296875,70.54500579833984,7008.4599609375,5989.58984375,5989.21044921875,34.272056579589844,10.9221830368042,10.901837348937988,42.55250930786133,11.594919204711914,0.038901686668395996,0,0.0012920000590384007,0,1018.8701171875,0.37939453125
313,11,0,1,Day,,18.945730209350586,71.05426788330078,17.955928802490234,1059.699951171875,222.74749755859375,884.8900146484375,0.21019865572452545,23.649988174438477,4.579999923706055,=NA(),=NA(),1.0570759773254395,1.4163999557495117,0.34380000829696655,0.08399999886751175,=NA(),20,1013.25,6.0408220291137695,17.990474700927734,1130.580078125,1065.0400390625,65.54000091552734,70.5162582397461,6848.89990234375,5853.330078125,5853.7548828125,34.27830505371094,10.67321491241455,10.651617050170898,42.508079528808594,11.330755233764648,0.0378141887485981,0,0.0014491875190287828,0,995.56982421875,-0.4248046875
313,12,0,1,Day,,19.85395050048828,70.14604949951172,333.87347412109375,1045.0999755859375,223.98988342285156,873,0.21432387828826904,24.860010147094727,4.559999942779541,=NA(),=NA(),1.0629817247390747,1.4163999557495117,0.34380000829696655,0.08399999886751175,=NA(),20,1013.25,-9.034751892089844,17.753480911254883,1121.2900390625,1056.885009765625,64.40499877929688,71.39376068115234,6813.41015625,5803.6201171875,5802.55615234375,34.17464065551758,10.611952781677246,10.587982177734375,42.38496780395508,11.271949768066406,0.03764418885111809,0,0.0014128125039860606,0,1009.7900390625,1.06396484375
313,13,0,1,Day,,28.04168701171875,61.95831298828125,304.16583251953125,964.5999755859375,254.1905517578125,804.9000244140625,0.26351913809776306,25.589990615844727,4.300099849700928,=NA(),=NA(),1.1326379776000977,1.4163999557495117,0.34380000829696655,0.08399999886751175,=NA(),20,1013.25,-23.783910751342773,15.308211326599121,1096.455078125,1042.97509765625,53.474998474121094,70.94686126708984,6683.0498046875,5701.77001953125,5703.49365234375,34.22059631347656,10.41677474975586,10.40096664428711,42.40232849121094,11.07795238494873,0.03710837662220001,0,0.0011898125521838665,0,981.27978515625,-1.7236328125
313,14,0,1,Day,,39.110443115234375,50.889556884765625,287.425537109375,818.2100219726562,297.016845703125,671.7000122070312,0.3630080819129944,25.469995498657227,4.019999980926514,=NA(),=NA(),1.2879669666290283,1.4163999557495117,0.34380000829696655,0.08399999886751175,=NA(),20,1013.25,-37.799678802490234,10.889083862304688,1025.9200439453125,980.010009765625,45.90999984741211,67.77312469482422,6260.2900390625,5403.7099609375,5405.7197265625,34.64944076538086,9.750747680664062,9.705462455749512,42.674224853515625,10.3637113571167,0.03482462465763092,0,0.001022125012241304,0,856.580078125,-2.009765625
313,15,0,1,Day,,51.10894012451172,38.89105987548828,276.2491760253906,619.5,321.7147521972656,474.29998779296875,0.5193135738372803,25.95000648498535,3.7100000381469727,=NA(),=NA(),1.5906236171722412,1.4163999557495117,0.34380000829696655,0.08399999886751175,=NA(),20,1013.25,-50.94196701049805,4.860187530517578,869.25,819.3699951171875,49.875,61.667503356933594,5297.81982421875,4673.77978515625,4675.89794921875,35.454124450683594,8.243029594421387,8.1377534866333,43.12239456176758,8.747588157653809,0.029220374301075935,0,0.0010875625303015113,0,624.0400390625,-2.1181640625
313,16,0,1,Day,,63.35265350341797,26.64734649658203,267.3420715332031,435.4100036621094,289.32977294921875,325.7099914550781,0.6644995808601379,25.4999942779541,2.7000999450683594,=NA(),=NA(),2.221900224685669,1.4163999557495117,0.34380000829696655,0.08399999886751175,=NA(),20,1013.25,-60,4.087964057922363,715.4299926757812,662.7449951171875,52.689998626708984,54.904991149902344,4269.27978515625,3855.659912109375,3857.247802734375,36.30103302001953,6.641300678253174,6.508543491363525,43.57378387451172,7.036903381347656,0.023334937170147896,0,0.0011102500138804317,0,413.619873046875,-1.587890625
313,17,0,1,Day,,75.50176239013672,14.498241424560547,259.2237854003906,161.80999755859375,150.99285888671875,43.20800018310547,0.9331491589546204,24.6199893951416,1.4700000286102295,=NA(),=NA(),3.93896222114563,1.4163999557495117,0.34380000829696655,0.08399999886751175,=NA(),20,1013.25,-23.487525939941406,52.50724411010742,231.16500854492188,219.08999633789062,12.075000762939453,34.07250213623047,1316.2099609375,1274.1400146484375,1274.6728515625,38.08014678955078,2.092085838317871,2.061380624771118,44.17003631591797,2.2115392684936523,0.00747393723577261,0,0.00027243749354965985,0,42.0699462890625,-0.5328369140625
313,18,0,1,Night,Sun above horizon but GHI below 1,85.91365051269531,4.0863471031188965,251.9900360107422,0,0,0,0,20.659997940063477,1.159999966621399,=NA(),0,12.105064392089844,1.4163999557495117,0.34380000829696655,0.08399999886751175,=NA(),20,1013.25,0,0,0,0,0,20.659997940063477,0,0,0,0,0,0,0,0,0,0,0,0,0,0
313,19,0,1,Night,,98.75371551513672,-8.753718376159668,242.1238250732422,0,0,0,0,15.559991836547852,1.1900999546051025,=NA(),0,64.81599426269531,1.4163999557495117,0.34380000829696655,0.08399999886751175,=NA(),20,1013.25,0,0,0,0,0,15.559991836547852,0,0,0,0,0,0,0,0,0,0,0,0,0,0
313,20,0,1,Night,,109.00843811035156,-19.008440017700195,231.81771850585938,0,0,0,0,12.700006484985352,1.2700999975204468,=NA(),0,64.81599426269531,1.4163999557495117,0.34380000829696655,0.08399999886751175,=NA(),20,1013.25,0,0,0,0,0,12.700006484985352,0,0,0,0,0,0,0,0,0,0,0,0,0,0
313,21,0,1,Night,,117.77367401123047,-27.7736759185791,219.44496154785156,0,0,0,0,12.939996719360352,1.1101000308990479,=NA(),0,64.81599426269531,1.4163999557495117,0.34380000829696655,0.08399999886751175,=NA(),20,1013.25,0,0,0,0,0,12.939996719360352,0,0,0,0,0,0,0,0,0,0,0,0,0,0
313,22,0,1,Night,,124.2804946899414,-34.280494689941406,204.5131072998047,0,0,0,0,13.390008926391602,1.660099983215332,=NA(),0,64.81599426269531,1.4163999557495117,0.34380000829696655,0.08399999886751175,=NA(),20,1013.25,0,0,0,0,0,13.390008926391602,0,0,0,0,0,0,0,0,0,0,0,0,0,0
313,23,0,1,Night,,127.64640045166016,-37.64640426635742,187.26922607421875,0,0,0,0,13.420007705688477,1.8301000595092773,=NA(),0,64.81599426269531,1.4163999557495117,0.34380000829696655,0.08399999886751175,=NA(),20,1013.25,0,0,0,0,0,13.420007705688477,0,0,0,0,0,0,0,0,0,0,0,0,0,0
314,0,0,1,Night,,127.25334930419922,-37.253353118896484,169.19264221191406,0,0,0,0,13.610010147094727,2.0299999713897705,=NA(),0,64.81599426269531,1.4163999557495117,0.34380000829696655,0.08399999886751175,=NA(),20,1013.25,0,0,0,0,0,13.610010147094727,0,0,0,0,0,0,0,0,0,0,0,0,0,0
314,1,0,1,Night,,123.1805648803711,-33.180564880371094,152.343505859375,0,0,0,0,13.800012588500977,2.3499999046325684,=NA(),0,64.81599426269531,1.4163999557495117,0.34380000829696655,0.08399999886751175,=NA(),20,1013.25,0,0,0,0,0,13.800012588500977,0,0,0,0,0,0,0,0,0,0,0,0,0,0
314,2,0,1,Night,,116.14136505126953,-26.141366958618164,137.9532928466797,0,0,0,0,14.520013809204102,2.3801000118255615,=NA(),0,64.81599426269531,1.4163999557495117,0.34380000829696655,0.08399999886751175,=NA(),20,1013.25,0,0,0,0,0,14.520013809204102,0,0,0,0,0,0,0,0,0,0,0,0,0,0
314,3,0,1,Night,,107.01651763916016,-17.016515731811523,126.0622329711914,0,0,0,0,14.200006484985352,2.75,=NA(),0,64.81599426269531,1.4163999557495117,0.34380000829696655,0.08399999886751175,=NA(),20,1013.25,0,0,0,0,0,14.200006484985352,0,0,0,0,0,0,0,0,0,0,0,0,0,0
314,4,0,1,Night,,96.50547790527344,-6.5054802894592285,116.1076431274414,0,0,0,0,14.740015029907227,2.8798999786376953,=NA(),0,64.81599426269531,1.4163999557495117,0.34380000829696655,0.08399999886751175,=NA(),20,1013.25,0,0,0,0,0,14.740015029907227,0,0,0,0,0,0,0,0,0,0,0,0,0,0
314,5,0,1,Day,,84.74571228027344,5.254286289215088,107.31977081298828,25.59000015258789,25.554019927978516,0.3928999900817871,0.9985939860343933,14.679986953735352,3.1800999641418457,=NA(),=NA(),9.894298553466797,1.4163999557495117,0.34380000829696655,0.08399999886751175,=NA(),20,1013.25,7.9786577224731445,77.13565826416016,27.875,25.770000457763672,2.0999999046325684,15.843133926391602,138.25,143.1199951171875,143.03944396972656,37.51002883911133,0.2383349984884262,0.23690985143184662,42.9176139831543,0.2581765949726105,0.000865062465891242,0,0.00004649999755201861,0,-4.8699951171875,0.0805511474609375
314,6,0,1,Day,,73.03497314453125,16.96502685546875,99.325439453125,160.91000366210938,153.7296905517578,24.607999801635742,0.9553768634796143,14.730005264282227,2.4798998832702637,=NA(),=NA(),3.393338680267334,1.4163999557495117,0.34380000829696655,0.08399999886751175,=NA(),20,1013.25,28.717500686645508,44.81340789794922,204.364990234375,189.01998901367188,15.344999313354492,23.040002822875977,1158.0799560546875,1164.6800537109375,1164.3193359375,39.51818084716797,1.8414151668548584,1.7992022037506104,45.44490051269531,1.9425324201583862,0.006514687556773424,0,0.00033149999217130244,0,-6.60009765625,0.3607177734375
314,7,0,1,Day,,60.83616256713867,29.16383934020996,91.16812896728516,236.19000244140625,225.5208740234375,21.893999099731445,0.9548282027244568,16.95000648498535,0.8899000287055969,=NA(),=NA(),2.0463502407073975,1.4163999557495117,0.34380000829696655,0.08399999886751175,=NA(),20,1013.25,60,1.315707802772522,263.19500732421875,214.16500854492188,49.029998779296875,27.85686683654785,1459.4300537109375,1443.699951171875,1434.0224609375,39.45266342163086,2.2714180946350098,2.1404781341552734,45.18739700317383,2.4233202934265137,0.007554812356829643,0,0.0010057500330731273,0,15.7301025390625,9.677490234375
314,8,0,1,Day,,48.5947265625,41.4052734375,82.01602935791016,657.2000122070312,321.07965087890625,508.2099914550781,0.48855698108673096,21.409997940063477,0.7299000024795532,=NA(),=NA(),1.5102767944335938,1.4163999557495117,0.34380000829696655,0.08399999886751175,=NA(),20,1013.25,48.317718505859375,5.979872703552246,905.8050537109375,858.4549560546875,47.349998474121094,58.51000213623047,5527.259765625,4933.43017578125,4935.646484375,35.87971878051758,8.597661018371582,8.502578735351562,43.613624572753906,9.112823486328125,0.030596187338232994,0,0.0010269375052303076,0,593.82958984375,-2.21630859375
314,9,0,1,Day,,36.679100036621094,53.320899963378906,70.17017364501953,720.7100219726562,343.043212890625,470.9100036621094,0.4759795367717743,23.779993057250977,2.2100000381469727,=NA(),=NA(),1.246217131614685,1.4163999557495117,0.34380000829696655,0.08399999886751175,=NA(),20,1013.25,35.016845703125,11.690898895263672,869.1700439453125,824.800048828125,44.375,59.478111267089844,5272.169921875,4688.3798828125,4690.09228515625,35.749176025390625,8.19967269897461,8.140864372253418,43.39522171020508,8.693190574645996,0.029181187972426414,0,0.0009797499515116215,0,583.7900390625,-1.71240234375
314,10,0,1,Day,,25.904020309448242,64.09597778320312,51.686824798583984,711.7000122070312,400.5445861816406,345.9100036621094,0.5627997517585754,24.610010147094727,4.28000020980835,=NA(),=NA(),1.1113743782043457,1.4163999557495117,0.34380000829696655,0.08399999886751175,=NA(),20,1013.25,20.860130310058594,15.714170455932617,784.8499755859375,738,46.849998474121094,56.85436248779297,4741.66015625,4254.7197265625,4254.04150390625,36.096004486083984,7.365853309631348,7.3227057456970215,43.525718688964844,7.795770168304443,0.02609900012612343,0,0.0010321874869987369,0,486.9404296875,0.67822265625
314,11,0,1,Day,,18.678646087646484,71.32135772705078,18.253808975219727,164.5,162.6995086669922,1.9005999565124512,0.9890547394752502,23.860010147094727,6,=NA(),=NA(),1.0554020404815674,1.4163999557495117,0.34380000829696655,0.08399999886751175,=NA(),20,1013.25,6.04460334777832,17.706666946411133,177.10501098632812,163.85000610351562,13.25,31.154382705688477,986.6600341796875,964.5599975585938,963.5283813476562,38.1876220703125,1.5769643783569336,1.5715609788894653,44.061859130859375,1.6698691844940186,0.005575812421739101,0,0.00029212498338893056,0,22.10003662109375,1.0316162109375
314,12,0,1,Day,,19.583959579467773,70.4160385131836,333.61541748046875,1024.699951171875,220.10272216796875,854,0.214797243475914,22.80999183654785,6.059899806976318,=NA(),=NA(),1.0611913204193115,1.4163999557495117,0.34380000829696655,0.08399999886751175,=NA(),20,1013.25,-8.9841890335083,17.47392463684082,1099.27490234375,1036.155029296875,63.119998931884766,68.36998748779297,6682.77978515625,5757.10009765625,5753.63916015625,34.59395980834961,10.394951820373535,10.366228103637695,42.73210525512695,11.020275115966797,0.036912187933921814,0,0.00138481252361089,0,925.6796875,3.4609375
314,13,0,1,Day,,27.82708168029785,62.172916412353516,303.77020263671875,1096.0999755859375,286.7244567871094,915.2100219726562,0.2615860402584076,20.420007705688477,4.900000095367432,=NA(),=NA(),1.1303952932357788,1.4163999557495117,0.34380000829696655,0.08399999886751175,=NA(),20,1013.25,-23.691057205200195,15.039189338684082,1244.35009765625,1183.090087890625,61.26000213623047,71.95873260498047,7563.08984375,6430.66015625,6432.6220703125,34.0399284362793,11.810798645019531,11.790541648864746,42.531227111816406,12.564724922180176,0.04208006337285042,0,0.0013621250400319695,0,1132.4296875,-1.9619140625
314,14,0,1,Day,,38.929874420166016,51.070125579833984,287.0787658691406,253.5,249.1417236328125,5.602499961853027,0.9828075766563416,22.95000648498535,3.7899999618530273,=NA(),=NA(),1.284690499305725,1.4163999557495117,0.34380000829696655,0.08399999886751175,=NA(),20,1013.25,-37.67313003540039,10.634490013122559,259.8299865722656,226.25,33.58000183105469,33.699363708496094,1451.4599609375,1407.1500244140625,1403.676513671875,38.40683364868164,2.284043073654175,2.186829090118408,44.39080810546875,2.420008659362793,0.007816937752068043,0,0.0006981875048950315,0,44.3099365234375,3.4735107421875
314,15,0,1,Day,,50.942138671875,39.057861328125,275.9549560546875,543.9000244140625,338.61187744140625,325.79998779296875,0.6225627064704895,24.600000381469727,3.130000114440918,=NA(),=NA(),1.5849343538284302,1.4163999557495117,0.34380000829696655,0.08399999886751175,=NA(),20,1013.25,-50.79037094116211,4.6207804679870605,739.0350341796875,689.425048828125,49.61000061035156,54.88561248779297,4473.85009765625,4041.639892578125,4043.31396484375,36.32196807861328,6.957600116729736,6.843687057495117,43.66730499267578,7.369906902313232,0.024533500894904137,0,0.0010734375100582838,0,432.210205078125,-1.674072265625
314,16,0,1,Day,,63.1876106262207,26.812389373779297,267.0848388671875,446.30999755859375,291.7236022949219,342.7099914550781,0.6536344885826111,24.149988174438477,3.1800999641418457,=NA(),=NA(),2.209341526031494,1.4163999557495117,0.34380000829696655,0.08399999886751175,=NA(),20,1013.25,-60,4.090508937835693,735.1500244140625,681.97998046875,53.16999816894531,54.33000946044922,4398.97021484375,3981.610107421875,3983.119873046875,36.390743255615234,6.841118335723877,6.70571231842041,43.70660400390625,7.245880126953125,0.024051187559962273,0,0.0011306250235065818,0,417.360107421875,-1.509765625
314,17,0,1,Day,,75.33079528808594,14.669203758239746,258.9913635253906,77.20099639892578,76.82073211669922,1.5016000270843506,0.9950743317604065,22.83001136779785,2.259999990463257,=NA(),=NA(),3.8954050540924072,1.4163999557495117,0.34380000829696655,0.08399999886751175,=NA(),20,1013.25,-23.857694625854492,51.9985237121582,84.86499786376953,77.16000366210938,7.704999923706055,26.3431339263916,453.4700012207031,450.7799987792969,450.5184326171875,37.769527435302734,0.7454787492752075,0.7266616225242615,43.39128494262695,0.7936303019523621,0.0026188751216977835,0,0.00017100000695791095,0,2.69000244140625,0.261566162109375
314,18,0,1,Night,Sun above horizon but GHI below 1,85.82830810546875,4.171694755554199,251.7059326171875,0,0,0,0,20.459985733032227,2.530100107192993,=NA(),0,11.913130760192871,1.4163999557495117,0.34380000829696655,0.08399999886751175,=NA(),20,1013.25,0,0,0,0,0,20.459985733032227,0,0,0,0,0,0,0,0,0,0,0,0,0,0
314,19,0,1,Night,,98.55170440673828,-8.551705360412598,241.9234161376953,0,0,0,0,19.100000381469727,3.029900074005127,=NA(),0,64.81599426269531,1.4163999557495117,0.34380000829696655,0.08399999886751175,=NA(),20,1013.25,0,0,0,0,0,19.100000381469727,0,0,0,0,0,0,0,0,0,0,0,0,0,0
314,20,0,1,Night,,108.78480529785156,-18.78480339050293,231.6356201171875,0,0,0,0,16.9999942779541,3.900099992752075,=NA(),0,64.81599426269531,1.4163999557495117,0.34380000829696655,0.08399999886751175,=NA(),20,1013.25,0,0,0,0,0,16.9999942779541,0,0,0,0,0,0,0,0,0,0,0,0,0,0
314,21,0,1,Night,,117.52532958984375,-27.525327682495117,219.29428100585938,0,0,0,0,15.260004043579102,3.73009991645813,=NA(),0,64.81599426269531,1.4163999557495117,0.34380000829696655,0.08399999886751175,=NA(),20,1013.25,0,0,0,0,0,15.260004043579102,0,0,0,0,0,0,0,0,0,0,0,0,0,0
314,22,0,1,Night,,124.00990295410156,-34.0098991394043,204.4187469482422,0,0,0,0,14.100000381469727,3.349900007247925,=NA(),0,64.81599426269531,1.4163999557495117,0.34380000829696655,0.08399999886751175,=NA(),20,1013.25,0,0,0,0,0,14.100000381469727,0,0,0,0,0,0,0,0,0,0,0,0,0,0
314,23,0,1,Night,,127.36514282226562,-37.365142822265625,187.25991821289062,0,0,0,0,12.540002822875977,3.140000104904175,=NA(),0,64.81599426269531,1.4163999557495117,0.34380000829696655,0.08399999886751175,=NA(),20,1013.25,0,0,0,0,0,12.540002822875977,0,0,0,0,0,0,0,0,0,0,0,0,0,0
315,0,0,1,Night,,126.98065948486328,-36.98065948486328,169.27777099609375,0,0,0,0,10.770013809204102,2.759999990463257,=NA(),0,64.81599426269531,1.4163999557495117,0.34380000829696655,0.08399999886751175,=NA(),20,1013.25,0,0,0,0,0,10.770013809204102,0,0,0,0,0,0,0,0,0,0,0,0,0,0
315,1,0,1,Night,,122.93315887451172,-32.93315505981445,152.5017852783203,0,0,0,0,10.129999160766602,2.740000009536743,=NA(),0,64.81599426269531,1.4163999557495117,0.34380000829696655,0.08399999886751175,=NA(),20,1013.25,0,0,0,0,0,10.129999160766602,0,0,0,0,0,0,0,0,0,0,0,0,0,0
315,2,0,1,Night,,115.92628479003906,-25.926288604736328,138.1532745361328,0,0,0,0,9.000207901000977,3.199899911880493,=NA(),0,64.81599426269531,1.4163999557495117,0.34380000829696655,0.08399999886751175,=NA(),20,1013.25,0,0,0,0,0,8.999994277954102,0,0,0,0,0,0,0,0,0,0,0,0,0,0
315,3,0,1,Night,,106.83233642578125,-16.832338333129883,126.28243255615234,0,0,0,0,9.139795303344727,3.299999952316284,=NA(),0,64.81599426269531,1.4163999557495117,0.34380000829696655,0.08399999886751175,=NA(),20,1013.25,0,0,0,0,0,9.140008926391602,0,0,0,0,0,0,0,0,0,0,0,0,0,0
315,4,0,1,Night,,96.3423843383789,-6.342381477355957,116.33931732177734,0,0,0,0,7.840203762054443,3.4600000381469727,=NA(),0,64.81599426269531,1.4163999557495117,0.34380000829696655,0.08399999886751175,=NA(),20,1013.25,0,0,0,0,0,7.839990139007568,0,0,0,0,0,0,0,0,0,0,0,0,0,0
315,5,0,1,Day,,84.68352508544922,5.316475868225098,107.62046813964844,107.91000366210938,99.56086730957031,90.10800170898438,0.9226287007331848,8.040307998657227,3.599900007247925,=NA(),=NA(),9.797772407531738,1.4163999557495117,0.34380000829696655,0.08399999886751175,=NA(),20,1013.25,8.089223861694336,76.9811782836914,180.52999877929688,175.52499389648438,5.005000114440918,15.741876602172852,774.4000244140625,798.7899780273438,799.1627197265625,40.01664733886719,1.248172402381897,1.2442423105239868,45.76901626586914,1.3183468580245972,0.004543375223875046,0,0.0001131249955506064,0,-24.38995361328125,-0.37274169921875
315,6,0,1,Day,,72.90576934814453,17.0942325592041,99.58575439453125,313.8999938964844,237.53330993652344,259.79998779296875,0.7567164897918701,9.869714736938477,3.450000047683716,=NA(),=NA(),3.369004964828491,1.4163999557495117,0.34380000829696655,0.08399999886751175,=NA(),20,1013.25,29.053544998168945,44.385643005371094,540.0499877929688,521.60498046875,18.450000762939453,31.6306095123291,3234.199951171875,3161.9599609375,3163.48388671875,39.31855773925781,5.028641223907471,4.971613883972168,46.088558197021484,5.294586181640625,0.018176937475800514,0,0.0004121249949093908,0,72.239990234375,-1.52392578125
315,7,0,1,Day,,60.712791442871094,29.287206649780273,91.45635986328125,491.3900146484375,303.00872802734375,385.0899963378906,0.6166359186172485,11.969995498657227,3.630000114440918,=NA(),=NA(),2.0385489463806152,1.4163999557495117,0.34380000829696655,0.08399999886751175,=NA(),20,1013.25,60,1.4526326656341553,787.635009765625,733.5850219726562,54.05500030517578,43.92748260498047,4786.5498046875,4494.10986328125,4495.8701171875,37.81524658203125,7.430859088897705,7.299960613250732,45.2122917175293,7.846373558044434,0.02626393735408783,0,0.0011230624513700604,0,292.43994140625,-1.76025390625
315,8,0,1,Day,,48.46792221069336,41.53207778930664,82.34912872314453,735.4000244140625,328.0950012207031,614.2999877929688,0.4461449384689331,14.850000381469727,3.5000998973846436,=NA(),=NA(),1.5065134763717651,1.4163999557495117,0.34380000829696655,0.08399999886751175,=NA(),20,1013.25,48.2134895324707,5.719812393188477,1022.094970703125,971.8900146484375,50.20500183105469,56.61687469482422,6244.25,5613.7099609375,5616.49658203125,36.12046813964844,9.718442916870117,9.624649047851562,44.0976676940918,10.293277740478516,0.03466150164604187,0,0.001092375023290515,0,630.5400390625,-2.78662109375
315,9,0,1,Day,,36.53433609008789,53.46566390991211,70.57160186767578,901.5,296.6250305175781,752.7999877929688,0.3290349841117859,16.7499942779541,2.440000057220459,=NA(),=NA(),1.243886113166809,1.4163999557495117,0.34380000829696655,0.08399999886751175,=NA(),20,1013.25,34.942047119140625,11.420920372009277,1104.6650390625,1055.614990234375,49.04999923706055,62.15874481201172,6722.7099609375,5925.8701171875,5927.6953125,35.37552261352539,10.472807884216309,10.430154800415039,43.537986755371094,11.106889724731445,0.03742937743663788,0,0.0010993749601766467,0,796.83984375,-1.8251953125
315,10,0,1,Day,,25.715160369873047,64.28483581542969,52.16006851196289,1026.5,254.27626037597656,857.1099853515625,0.2477118968963623,19.2499942779541,2.0601000785827637,=NA(),=NA(),1.1096076965332031,1.4163999557495117,0.34380000829696655,0.08399999886751175,=NA(),20,1013.25,20.823192596435547,15.436944961547852,1148.3399658203125,1090.5,57.834999084472656,66.6100082397461,7009.2900390625,6079.08984375,6079.98876953125,34.781150817871094,10.92544174194336,10.909195899963379,43.05514144897461,11.592729568481445,0.03890787437558174,0,0.001290812506340444,0,930.2001953125,-0.89892578125
315,11,0,1,Day,,18.417585372924805,71.58241271972656,18.565593719482422,992.0999755859375,224.34793090820312,809.2000122070312,0.22613440454006195,20.6299991607666,1.9801000356674194,=NA(),=NA(),1.053792953491211,1.4163999557495117,0.34380000829696655,0.08399999886751175,=NA(),20,1013.25,6.052052021026611,17.427492141723633,1058.2349853515625,997.3399658203125,60.88999938964844,64.3343734741211,6424.18994140625,5616.97998046875,5615.04296875,35.12495422363281,9.991190910339355,9.967756271362305,43.167728424072266,10.577905654907227,0.035449251532554626,0,0.0013466250384226441,0,807.2099609375,1.93701171875
315,12,0,1,Day,,19.317670822143555,70.68232727050781,333.3651428222656,1064.199951171875,225.61961364746094,888.6099853515625,0.21200866997241974,22.17998695373535,1.8700000047683716,=NA(),=NA(),1.0594544410705566,1.4163999557495117,0.34380000829696655,0.08399999886751175,=NA(),20,1013.25,-8.930917739868164,17.19957160949707,1141.514892578125,1075.949951171875,65.56500244140625,69.5837631225586,6936.16015625,5949.06005859375,5942.583984375,34.44401168823242,10.78305435180664,10.739330291748047,42.653465270996094,11.425509452819824,0.03833375126123428,0,0.00143843749538064,0,987.10009765625,6.47607421875
315,13,0,1,Day,,27.61492919921875,62.38507080078125,303.3813781738281,279.8900146484375,274.7581787109375,5.791600227355957,0.9816648364067078,21.800012588500977,1.4399000406265259,=NA(),=NA(),1.1282025575637817,1.4163999557495117,0.34380000829696655,0.08399999886751175,=NA(),20,1013.25,-23.596595764160156,14.775768280029297,294.094970703125,266.69000244140625,27.404998779296875,33.86626434326172,1672.52001953125,1621.0799560546875,1619.7835693359375,38.456092834472656,2.632502794265747,2.5708956718444824,44.62097930908203,2.7831411361694336,0.009185374714434147,0,0.0005824374966323376,0,51.4400634765625,1.29638671875
315,14,0,1,Day,,38.7504768371582,51.2495231628418,286.7386779785156,124.19999694824219,123.1865463256836,1.2994999885559082,0.9918401837348938,19.93999671936035,1.5901000499725342,=NA(),=NA(),1.2814642190933228,1.4163999557495117,0.34380000829696655,0.08399999886751175,=NA(),20,1013.25,-37.54555892944336,10.385607719421387,124.32499694824219,106.91500091552734,17.41499900817871,25.1043643951416,668.3399658203125,667.3900146484375,664.4951171875,38.699256896972656,1.0729975700378418,1.0202960968017578,44.22420120239258,1.1439125537872314,0.0036779374349862337,0,0.0003609374980442226,0,0.949951171875,2.8948974609375
315,15,0,1,Day,,50.775550842285156,39.224449157714844,275.6669616699219,81.90899658203125,81.52420806884766,0.6085000038146973,0.9953022599220276,18.230005264282227,2.0399999618530273,=NA(),=NA(),1.5793061256408691,1.4163999557495117,0.34380000829696655,0.08399999886751175,=NA(),20,1013.25,-50.637977600097656,4.38717794418335,78.11500549316406,62.02000045776367,16.095001220703125,21.521875381469727,398.57000732421875,403.2300109863281,398.8813781738281,38.66592788696289,0.644504964351654,0.5963708162307739,43.84918975830078,0.6981104612350464,0.0021301875822246075,0,0.00033775001065805554,0,-4.660003662109375,4.3486328125
315,16,0,1,Day,,63.02224349975586,26.97775650024414,266.83349609375,112.5,111.68439483642578,1.7978999614715576,0.9927501678466797,17.6299991607666,2.2100000381469727,=NA(),=NA(),2.1969170570373535,1.4163999557495117,0.34380000829696655,0.08399999886751175,=NA(),20,1013.25,-60,4.107993125915527,109.41000366210938,82.78500366210938,26.625,22.253747940063477,560.02001953125,564.9500122070312,555.347412109375,39.242408752441406,0.8842136859893799,0.8096235394477844,44.31678771972656,0.9624940156936646,0.0028478126041591167,0,0.0005635624984279275,0,-4.92999267578125,9.60260009765625
315,17,0,1,Day,,75.15892791748047,14.841073989868164,258.76470947265625,16.506999969482422,16.478849411010742,0.10989999771118164,0.9982946515083313,15.860010147094727,1.7799999713897705,=NA(),=NA(),3.852593183517456,1.4163999557495117,0.34380000829696655,0.08399999886751175,=NA(),20,1013.25,-24.234018325805664,51.483909606933594,17.154998779296875,15.424999237060547,1.7350000143051147,16.579980850219727,81.6500015258789,84.33999633789062,84.23273468017578,36.58784484863281,0.14387911558151245,0.1395714432001114,41.93836212158203,0.15893159806728363,0.000522624992299825,0,0.000038437501643784344,0,-2.6899948120117188,0.10726165771484375
315,18,0,1,Night,Sun above horizon but GHI below 1,85.74480438232422,4.255196571350098,251.42324829101562,0,0,0,0,13.330011367797852,2.2899999618530273,=NA(),0,11.730718612670898,1.4163999557495117,0.34380000829696655,0.08399999886751175,=NA(),20,1013.25,0,0,0,0,0,13.330011367797852,0,0,0,0,0,0,0,0,0,0,0,0,0,0
315,19,0,1,Night,,98.35272979736328,-8.35273265838623,241.72915649414062,0,0,0,0,13.800012588500977,3.410099983215332,=NA(),0,64.81599426269531,1.4163999557495117,0.34380000829696655,0.08399999886751175,=NA(),20,1013.25,0,0,0,0,0,13.800012588500977,0,0,0,0,0,0,0,0,0,0,0,0,0,0
315,20,0,1,Night,,108.5634765625,-18.563478469848633,231.4600372314453,0,0,0,0,15.300012588500977,6.050099849700928,=NA(),0,64.81599426269531,1.4163999557495117,0.34380000829696655,0.08399999886751175,=NA(),20,1013.25,0,0,0,0,0,15.300012588500977,0,0,0,0,0,0,0,0,0,0,0,0,0,0
315,21,0,1,Night,,117.27957916259766,-27.27958106994629,219.15032958984375,0,0,0,0,14.670007705688477,9.029999732971191,=NA(),0,64.81599426269531,1.4163999557495117,0.34380000829696655,0.08399999886751175,=NA(),20,1013.25,0,0,0,0,0,14.670007705688477,0,0,0,0,0,0,0,0,0,0,0,0,0,0
315,22,0,1,Night,,123.74284362792969,-33.74284362792969,204.33070373535156,0,0,0,0,13.619989395141602,9.739999771118164,=NA(),0,64.81599426269531,1.4163999557495117,0.34380000829696655,0.08399999886751175,=NA(),20,1013.25,0,0,0,0,0,13.619989395141602,0,0,0,0,0,0,0,0,0,0,0,0,0,0
315,23,0,1,Night,,127.08838653564453,-37.0883903503418,187.25538635253906,0,0,0,0,13.070001602172852,10.789999961853027,=NA(),0,64.81599426269531,1.4163999557495117,0.34380000829696655,0.08399999886751175,=NA(),20,1013.25,0,0,0,0,0,13.070001602172852,0,0,0,0,0,0,0,0,0,0,0,0,0,0
316,0,0,1,Night,,126.71292877197266,-36.71293258666992,169.36526489257812,0,0,0,0,13.020013809204102,11.010000228881836,=NA(),0,64.81599426269531,1.4163999557495117,0.34380000829696655,0.08399999886751175,=NA(),20,1013.25,0,0,0,0,0,13.020013809204102,0,0,0,0,0,0,0,0,0,0,0,0,0,0
316,1,0,1,Night,,122.69084930419922,-32.69084930419922,152.6603546142578,0,0,0,0,12.499994277954102,10.619999885559082,=NA(),0,64.81599426269531,1.4163999557495117,0.34380000829696655,0.08399999886751175,=NA(),20,1013.25,0,0,0,0,0,12.499994277954102,0,0,0,0,0,0,0,0,0,0,0,0,0,0
316,2,0,1,Night,,115.71573638916016,-25.715736389160156,138.35232543945312,0,0,0,0,12.800012588500977,9.449999809265137,=NA(),0,64.81599426269531,1.4163999557495117,0.34380000829696655,0.08399999886751175,=NA(),20,1013.25,0,0,0,0,0,12.800012588500977,0,0,0,0,0,0,0,0,0,0,0,0,0,0
316,3,0,1,Night,,106.65211486816406,-16.65211296081543,126.50106048583984,0,0,0,0,12.800012588500977,8.010000228881836,=NA(),0,64.81599426269531,1.4163999557495117,0.34380000829696655,0.08399999886751175,=NA(),20,1013.25,0,0,0,0,0,12.800012588500977,0,0,0,0,0,0,0,0,0,0,0,0,0,0
316,4,0,1,Night,Sun below height limit of 1 degrees.,89.9828872680664,0.017113493755459785,112.13240051269531,0,0,0,0,12.459985733032227,6.590000152587891,=NA(),0,37.675140380859375,1.4163999557495117,0.34380000829696655,0.08399999886751175,=NA(),20,1013.25,0,0,0,0,0,12.459985733032227,0,0,0,0,0,0,0,0,0,0,0,0,0,0
316,5,0,1,Day,,84.60111236572266,5.398889541625977,107.89593505859375,1.6017999649047852,1.6017999649047852,0,1,12.779993057250977,5.519999980926514,=NA(),=NA(),9.672562599182129,1.4163999557495117,0.34380000829696655,0.08399999886751175,=NA(),20,1013.25,8.23099136352539,76.77633666992188,1.7200000286102295,1.5850000381469727,0.13499999046325684,12.860010147094727,4.720000267028809,4.800000190734863,4.771542549133301,31.072778701782227,0.009597421623766422,0.009505712427198887,37.62757110595703,0.016047684475779533,0.00005400000009103678,0,0.000003000000106112566,0,-0.07999992370605469,0.0284576416015625
316,6,0,1,Day,,72.78350830078125,17.216493606567383,99.84378814697266,5.997099876403809,5.997099876403809,0,1,11.600000381469727,5.53000020980835,=NA(),=NA(),3.3463099002838135,1.4163999557495117,0.34380000829696655,0.08399999886751175,=NA(),20,1013.25,29.377595901489258,43.978111267089844,6.119999885559082,5.409999847412109,0.7049999833106995,11.861230850219727,25.399999618530273,26.700000762939453,26.613616943359375,35.35820007324219,0.04703792557120323,0.04507929086685181,40.7313232421875,0.056474946439266205,0.0001848124957177788,0,0.00001500000053056283,0,-1.3000011444091797,0.08638381958007812
316,7,0,1,Day,,60.59607696533203,29.403921127319336,91.74225616455078,398.510009765625,297.1260681152344,206.5,0.745592474937439,13.890008926391602,5.28000020980835,=NA(),=NA(),2.031230926513672,1.4163999557495117,0.34380000829696655,0.08399999886751175,=NA(),20,1013.25,60,1.626482605934143,588.864990234375,535.364990234375,53.494998931884766,37.798118591308594,3525.010009765625,3376.43994140625,3377.33056640625,38.53697204589844,5.477611064910889,5.337722301483154,45.43939208984375,5.780249118804932,0.019127188250422478,0,0.0011043749982491136,0,148.570068359375,-0.890625
316,8,0,1,Day,,48.347869873046875,41.652130126953125,82.6800765991211,843.1900024414062,375.247314453125,704.0900268554688,0.44503292441368103,15.070001602172852,5.940000057220459,=NA(),=NA(),1.5029746294021606,1.4163999557495117,0.34380000829696655,0.08399999886751175,=NA(),20,1013.25,48.114933013916016,5.462803363800049,1166.3900146484375,1107.7850341796875,58.605003356933594,62.993736267089844,7101.4599609375,6241.64013671875,6244.865234375,35.23759078979492,11.076507568359375,10.969260215759277,43.542720794677734,11.757758140563965,0.039464063942432404,0,0.0012726874556392431,0,859.81982421875,-3.22509765625
316,9,0,1,Day,,36.39671325683594,53.60328674316406,70.97205352783203,309.4100036621094,300.3078918457031,11.307999610900879,0.9705823659896851,15.689996719360352,6.739999771118164,=NA(),=NA(),1.241685390472412,1.4163999557495117,0.34380000829696655,0.08399999886751175,=NA(),20,1013.25,34.872467041015625,11.154595375061035,321.3349914550781,283.94500732421875,37.38999938964844,28.873132705688477,1820.02001953125,1794.6600341796875,1791.7457275390625,39.307350158691406,2.848828077316284,2.7462921142578125,45.43698501586914,3.0114266872406006,0.009824874810874462,0,0.0007780625019222498,0,25.3599853515625,2.914306640625
316,10,0,1,Day,,25.533763885498047,64.46623992919922,52.637290954589844,438.8999938964844,401.8105773925781,41.104000091552734,0.9154946208000183,15.899988174438477,7.050000190734863,=NA(),=NA(),1.1079273223876953,1.4163999557495117,0.34380000829696655,0.08399999886751175,=NA(),20,1013.25,20.79076385498047,15.163958549499512,471.364990234375,435.04998779296875,36.31500244140625,35.091880798339844,2761.1298828125,2667.830078125,2667.686767578125,38.74481964111328,4.303319454193115,4.249684810638428,45.35176467895508,4.538841724395752,0.015129875391721725,0,0.0007878125179558992,0,93.2998046875,0.143310546875
316,11,0,1,Day,,18.1627140045166,71.83728790283203,18.891437530517578,134.69000244140625,133.46142578125,1.2929999828338623,0.9908784627914429,14.719995498657227,6.900000095367432,=NA(),=NA(),1.0522477626800537,1.4163999557495117,0.34380000829696655,0.08399999886751175,=NA(),20,1013.25,6.063149929046631,17.153079986572266,145.02999877929688,134.13499450683594,10.895000457763672,20.66875648498535,800.5399780273438,811.9199829101562,809.6925659179688,39.51059341430664,1.2808185815811157,1.2743223905563354,45.14521789550781,1.3577719926834106,0.004560499917715788,0,0.00024024999584071338,0,-11.3800048828125,2.2274169921875
316,12,0,1,Day,,19.05496597290039,70.94503021240234,333.12322998046875,199.6999969482422,197.14321899414062,2.7049999237060547,0.9871969223022461,13.999994277954102,6.7600998878479,=NA(),=NA(),1.0577688217163086,1.4163999557495117,0.34380000829696655,0.08399999886751175,=NA(),20,1013.25,-8.87487506866455,16.930381774902344,214.43499755859375,198.08499145507812,16.34000015258789,22.74749183654785,1204.1199951171875,1212.1600341796875,1211.3348388671875,39.6380729675293,1.9100010395050049,1.887511968612671,45.552249908447266,2.016232490539551,0.00674799969419837,0,0.0003608124970924109,0,-8.0400390625,0.8251953125
316,13,0,1,Day,,27.4047908782959,62.595211029052734,302.9997253417969,236.2899932861328,232.65809631347656,4.091000080108643,0.9846295118331909,14.330011367797852,6.570000171661377,=NA(),=NA(),1.126054048538208,1.4163999557495117,0.34380000829696655,0.08399999886751175,=NA(),20,1013.25,-23.500165939331055,14.517837524414062,247.76499938964844,224.3800048828125,23.385000228881836,24.451868057250977,1398.8599853515625,1400.0400390625,1397.817626953125,39.613731384277344,2.2053604125976562,2.1509556770324707,45.57695007324219,2.329374313354492,0.007719624787569046,0,0.0004966874839738011,0,-1.1800537109375,2.222412109375
316,14,0,1,Day,,38.57212829589844,51.42787170410156,286.405517578125,399.30999755859375,363.9692077636719,45.202999114990234,0.9114953279495239,13.869989395141602,6.25,=NA(),=NA(),1.2782851457595825,1.4163999557495117,0.34380000829696655,0.08399999886751175,=NA(),20,1013.25,-37.41688537597656,10.142518997192383,437.0299987792969,393.7749938964844,43.26000213623047,31.678735733032227,2537.510009765625,2479.590087890625,2478.61962890625,39.163490295410156,3.955629587173462,3.840545892715454,45.64961624145508,4.169492244720459,0.01374599989503622,0,0.0009093749686144292,0,57.919921875,0.970458984375
316,15,0,1,Day,,50.60963439941406,39.39036560058594,275.3853454589844,31.99799919128418,31.937902450561523,0.09470000118017197,0.9981218576431274,13.499994277954102,5.589900016784668,=NA(),=NA(),1.5737531185150146,1.4163999557495117,0.34380000829696655,0.08399999886751175,=NA(),20,1013.25,-50.48527526855469,4.159528732299805,30.470001220703125,24.190000534057617,6.279999732971191,14.794397354125977,146.52000427246094,152.27000427246094,150.62442016601562,38.08354949951172,0.24709925055503845,0.22795122861862183,43.161582946777344,0.27237391471862793,0.0008306250092573464,0,0.00013193750055506825,0,-5.75,1.6455841064453125
316,16,0,1,Day,,62.857276916503906,27.142724990844727,266.588134765625,33.305999755859375,33.25736618041992,0.10660000145435333,0.9985398054122925,12.330011367797852,4.420000076293945,=NA(),=NA(),2.184678077697754,1.4163999557495117,0.34380000829696655,0.08399999886751175,=NA(),20,1013.25,-60,4.139829158782959,30.889999389648438,22.744998931884766,8.145000457763672,13.652490615844727,144.8699951171875,151.16000366210938,148.219482421875,38.3918342590332,0.2412073016166687,0.21735365688800812,43.30666732788086,0.26909714937210083,0.0007801874889992177,0,0.00017187499906867743,0,-6.290008544921875,2.940521240234375
316,17,0,1,Day,,74.98789978027344,15.012100219726562,258.5438537597656,44.69499969482422,44.567352294921875,0.4927999973297119,0.9971440434455872,11.929986953735352,3.1898999214172363,=NA(),=NA(),3.810936450958252,1.4163999557495117,0.34380000829696655,0.08399999886751175,=NA(),20,1013.25,-24.612960815429688,50.96858215332031,46.470001220703125,41.744998931884766,4.720000267028809,13.854364395141602,238.6300048828125,248.5500030517578,248.04551696777344,38.73674774169922,0.40018364787101746,0.3884643018245697,44.10151290893555,0.42983150482177734,0.0014151249779388309,0,0.00010431250120745972,0,-9.919998168945312,0.504486083984375
316,18,0,1,Night,Sun above horizon but GHI below 1,85.65547180175781,4.344527244567871,251.15365600585938,0.19529999792575836,0.19529999792575836,0,1,11.700006484985352,3.2899999618530273,=NA(),0,11.541229248046875,1.4163999557495117,0.34380000829696655,0.08399999886751175,=NA(),20,1013.25,0,0,0,0,0,11.700006484985352,0,0,0,0,0,0,0,0,0,0,0,0,0,0
316,19,0,1,Night,,98.15349578857422,-8.153497695922852,241.5410919189453,0,0,0,0,11.600000381469727,3.8499999046325684,=NA(),0,64.81599426269531,1.4163999557495117,0.34380000829696655,0.08399999886751175,=NA(),20,1013.25,0,0,0,0,0,11.600000381469727,0,0,0,0,0,0,0,0,0,0,0,0,0,0
316,20,0,1,Night,,108.34391021728516,-18.34391212463379,231.29098510742188,0,0,0,0,11.899988174438477,4.670000076293945,=NA(),0,64.81599426269531,1.4163999557495117,0.34380000829696655,0.08399999886751175,=NA(),20,1013.25,0,0,0,0,0,11.899988174438477,0,0,0,0,0,0,0,0,0,0,0,0,0,0
316,21,0,1,Night,,117.0364990234375,-27.036497116088867,219.0131378173828,0,0,0,0,11.499994277954102,5.000100135803223,=NA(),0,64.81599426269531,1.4163999557495117,0.34380000829696655,0.08399999886751175,=NA(),20,1013.25,0,0,0,0,0,11.499994277954102,0,0,0,0,0,0,0,0,0,0,0,0,0,0
316,22,0,1,Night,,123.4794921875,-33.479496002197266,204.2489471435547,0,0,0,0,11.300012588500977,5.179900169372559,=NA(),0,64.81599426269531,1.4163999557495117,0.34380000829696655,0.08399999886751175,=NA(),20,1013.25,0,0,0,0,0,11.300012588500977,0,0,0,0,0,0,0,0,0,0,0,0,0,0
316,23,0,1,Night,,126.81652069091797,-36.81652069091797,187.2555389404297,0,0,0,0,10.999994277954102,5.050000190734863,=NA(),0,64.81599426269531,1.4163999557495117,0.34380000829696655,0.08399999886751175,=NA(),20,1013.25,0,0,0,0,0,10.999994277954102,0,0,0,0,0,0,0,0,0,0,0,0,0,0
317,0,0,1,Night,,126.45101928710938,-36.451019287109375,169.455078125,0,0,0,0,10.700006484985352,4.739999771118164,=NA(),0,64.81599426269531,1.4163999557495117,0.34380000829696655,0.08399999886751175,=NA(),20,1013.25,0,0,0,0,0,10.700006484985352,0,0,0,0,0,0,0,0,0,0,0,0,0,0
317,1,0,1,Night,,122.45468139648438,-32.454681396484375,152.8192138671875,0,0,0,0,10.499994277954102,4.440000057220459,=NA(),0,64.81599426269531,1.4163999557495117,0.34380000829696655,0.08399999886751175,=NA(),20,1013.25,0,0,0,0,0,10.499994277954102,0,0,0,0,0,0,0,0,0,0,0,0,0,0
317,2,0,1,Night,,115.51168060302734,-25.511682510375977,138.5503692626953,0,0,0,0,10.399988174438477,4.579999923706055,=NA(),0,64.81599426269531,1.4163999557495117,0.34380000829696655,0.08399999886751175,=NA(),20,1013.25,0,0,0,0,0,10.399988174438477,0,0,0,0,0,0,0,0,0,0,0,0,0,0
317,3,0,1,Night,,106.47871398925781,-16.478717803955078,126.71800994873047,0,0,0,0,10.300012588500977,4.7600998878479,=NA(),0,64.81599426269531,1.4163999557495117,0.34380000829696655,0.08399999886751175,=NA(),20,1013.25,0,0,0,0,0,10.300012588500977,0,0,0,0,0,0,0,0,0,0,0,0,0,0
317,4,0,1,Night,Sun below height limit of 1 degrees.,89.9232406616211,0.07675774395465851,112.4204330444336,0,0,0,0,10.279993057250977,4.70989990234375,=NA(),0,36.80714416503906,1.4163999557495117,0.34380000829696655,0.08399999886751175,=NA(),20,1013.25,0,0,0,0,0,10.279993057250977,0,0,0,0,0,0,0,0,0,0,0,0,0,0
317,5,0,1,Day,,84.4723892211914,5.527610778808594,108.13471984863281,24.106000900268555,24.067018508911133,0.40470001101493835,0.9983828663825989,10.100000381469727,4.859899997711182,=NA(),=NA(),9.48294734954834,1.4163999557495117,0.34380000829696655,0.08399999886751175,=NA(),20,1013.25,8.444559097290039,76.45612335205078,25.950000762939453,23.954999923706055,2.005000114440918,11.176233291625977,129,135.89999389648438,135.7073516845703,38.16184997558594,0.22225584089756012,0.22068509459495544,43.492164611816406,0.2416130006313324,0.0008103749714791775,0,0.00004450000051292591,0,-6.899993896484375,0.1926422119140625
317,6,0,1,Day,,72.66645812988281,17.33354377746582,100.09942626953125,123.4000015258789,121.58272552490234,6.099599838256836,0.9852733016014099,10.540002822875977,4.409999847412109,=NA(),=NA(),3.3248770236968994,1.4163999557495117,0.34380000829696655,0.08399999886751175,=NA(),20,1013.25,29.693443298339844,43.58538055419922,143.3000030517578,130.1699981689453,13.125,16.378747940063477,793.1900024414062,816.3800048828125,815.641845703125,40.01747131347656,1.2738475799560547,1.2372554540634155,45.72066879272461,1.3457705974578857,0.00447837496176362,0,0.0002800000074785203,0,-23.19000244140625,0.7381591796875
317,7,0,1,Day,,60.484825134277344,29.51517677307129,92.025634765625,219.3000030517578,212.208251953125,14.395000457763672,0.9676618576049805,10.879999160766602,3.5399999618530273,=NA(),=NA(),2.0243115425109863,1.4163999557495117,0.34380000829696655,0.08399999886751175,=NA(),20,1013.25,60,1.8240948915481567,237.60499572753906,190.875,46.730003356933594,20.696252822875977,1306.0400390625,1323.6500244140625,1313.2530517578125,40.391937255859375,2.0315730571746826,1.910868763923645,45.9627799987793,2.170271158218384,0.006735499948263168,0,0.0009540625032968819,0,-17.6099853515625,10.39697265625
317,8,0,1,Day,,48.23390579223633,41.76609420776367,83.00862884521484,174.88999938964844,172.8959197998047,2.9937000274658203,0.988598108291626,11.309991836547852,3.6798999309539795,=NA(),=NA(),1.4996365308761597,1.4163999557495117,0.34380000829696655,0.08399999886751175,=NA(),20,1013.25,48.02136993408203,5.208898544311523,174.05999755859375,143.27499389648438,30.78499984741211,18.52874183654785,937.2100219726562,957.219970703125,950.245849609375,40.220703125,1.476137399673462,1.3895304203033447,45.69984436035156,1.5767414569854736,0.004944187588989735,0,0.0006413750234059989,0,-20.00994873046875,6.97412109375
317,9,0,1,Day,,36.26588439941406,53.73411560058594,71.37117767333984,272,266.7586975097656,6.5005998611450195,0.9807305335998535,11.839990615844727,5.070000171661377,=NA(),=NA(),1.2396070957183838,1.4163999557495117,0.34380000829696655,0.08399999886751175,=NA(),20,1013.25,34.80775451660156,10.891925811767578,280.6000061035156,247.10499572753906,33.5,23.334985733032227,1578.739990234375,1585.8699951171875,1581.8319091796875,39.97323989868164,2.473123550415039,2.3803718090057373,45.93267822265625,2.6151328086853027,0.008540499955415726,0,0.0006963125197216868,0,-7.1300048828125,4.0380859375
317,10,0,1,Day,,25.359905242919922,64.64009094238281,53.1180305480957,506.7099914550781,432.6950378417969,81.90799713134766,0.8539303541183472,14.529993057250977,6.820000171661377,=NA(),=NA(),1.1063319444656372,1.4163999557495117,0.34380000829696655,0.08399999886751175,=NA(),20,1013.25,20.76283073425293,14.895323753356934,546.469970703125,505.9100036621094,40.55999755859375,36.758750915527344,3221.72998046875,3096.389892578125,3097.693603515625,38.61525344848633,5.0137457847595215,4.957873344421387,45.41214370727539,5.287621974945068,0.017639312893152237,0,0.0008800000068731606,0,125.340087890625,-1.3037109375
317,11,0,1,Day,,17.914331436157227,72.0856704711914,19.231470108032227,149.3000030517578,147.8695831298828,1.5032999515533447,0.9904191493988037,13.749994277954102,8.329999923706055,=NA(),=NA(),1.0507662296295166,1.4163999557495117,0.34380000829696655,0.08399999886751175,=NA(),20,1013.25,6.077927112579346,16.883670806884766,160.7449951171875,148.69000244140625,12.050000190734863,20.3281192779541,891.5899658203125,905.22998046875,903.5189208984375,39.6572380065918,1.423952341079712,1.414674997329712,45.37407302856445,1.5065245628356934,0.005057875066995621,0,0.0002657499862834811,0,-13.6400146484375,1.7110595703125
317,12,0,1,Day,,18.796188354492188,71.20381164550781,332.89019775390625,147.50999450683594,146.0814666748047,1.5089999437332153,0.9903157353401184,12.619989395141602,9.130000114440918,=NA(),=NA(),1.0561352968215942,1.4163999557495117,0.34380000829696655,0.08399999886751175,=NA(),20,1013.25,-8.816225051879883,16.666704177856445,158.40499877929688,146.25,12.155000686645508,19.0825138092041,877.5999755859375,894.8599853515625,894.3336791992188,39.75271987915039,1.406090497970581,1.3929029703140259,45.51803207397461,1.4853497743606567,0.004974812269210815,0,0.0002683750062715262,0,-17.260009765625,0.52630615234375
317,13,0,1,Day,,27.197101593017578,62.80289840698242,302.62567138671875,224,220.794189453125,3.604300022125244,0.985688328742981,12.820001602172852,9.150099754333496,=NA(),=NA(),1.1239534616470337,1.4163999557495117,0.34380000829696655,0.08399999886751175,=NA(),20,1013.25,-23.402179718017578,14.265716552734375,234.77499389648438,212.57000732421875,22.204999923706055,22.393762588500977,1322.419921875,1332.77001953125,1331.2984619140625,39.815189361572266,2.0897839069366455,2.0391175746917725,45.75849151611328,2.2053635120391846,0.0073096249252557755,0,0.0004722499870695174,0,-10.35009765625,1.4715576171875
317,14,0,1,Day,,38.395198822021484,51.604801177978516,286.0794982910156,109.48999786376953,108.7129135131836,0.9915000200271606,0.9929026961326599,12.659997940063477,8.600099563598633,=NA(),=NA(),1.2751591205596924,1.4163999557495117,0.34380000829696655,0.08399999886751175,=NA(),20,1013.25,-37.28751754760742,9.905380249023438,109.38499450683594,94.02999877929688,15.354999542236328,17.183740615844727,584.1900024414062,599.97998046875,597.510009765625,39.655582427978516,0.9415468573570251,0.8964716792106628,45.10114669799805,1.0033575296401978,0.003233750117942691,0,0.0003178125189151615,0,-15.78997802734375,2.469970703125
317,15,0,1,Day,,50.444602966308594,39.555397033691406,275.1102294921875,141.6999969482422,140.42214965820312,2.0065999031066895,0.9909819960594177,12.969995498657227,7.960100173950195,=NA(),=NA(),1.5682810544967651,1.4163999557495117,0.34380000829696655,0.08399999886751175,=NA(),20,1013.25,-50.332515716552734,3.9378981590270996,138.614990234375,111.83999633789062,26.774999618530273,18.748743057250977,733.6199951171875,749,741.878662109375,39.94111633300781,1.1605390310287476,1.0804706811904907,45.25973892211914,1.2454347610473633,0.003854000009596348,0,0.0005616875132545829,0,-15.3800048828125,7.121337890625
317,16,0,1,Day,,62.69329833984375,27.306703567504883,266.3488464355469,153.6999969482422,152.04991149902344,3.59689998626709,0.9892642498016357,12.999994277954102,7.21999979019165,=NA(),=NA(),2.172663688659668,1.4163999557495117,0.34380000829696655,0.08399999886751175,=NA(),20,1013.25,-60,4.185112476348877,157.125,122.14500427246094,34.97999954223633,19.576868057250977,829.0499877929688,843.8599853515625,831.9788818359375,40.14963912963867,1.2948123216629028,1.1990883350372314,45.34920120239258,1.3981270790100098,0.004228000063449144,0,0.0007372499676421285,0,-14.80999755859375,11.881103515625
317,17,0,1,Day,,74.8182373046875,15.181760787963867,258.3289489746094,55.90800094604492,55.72198486328125,0.7103000283241272,0.9966728091239929,13.100000381469727,5.760000228881836,=NA(),=NA(),3.770510196685791,1.4163999557495117,0.34380000829696655,0.08399999886751175,=NA(),20,1013.25,-24.993501663208008,50.45402145385742,58.19999694824219,52.26000213623047,5.939999580383301,15.508142471313477,302.92999267578125,313.4100036621094,312.6386413574219,38.874855041503906,0.5026023983955383,0.4874868094921112,44.2549934387207,0.5385189652442932,0.0017717500450089574,0,0.0001311249943682924,0,-10.480010986328125,0.7713623046875
317,18,0,1,Day,,85.5772476196289,4.422754287719727,250.88328552246094,4.199900150299072,4.1996917724609375,0.0027000000700354576,0.9999504089355469,12.600000381469727,4.489999771118164,=NA(),=NA(),11.37992000579834,1.4163999557495117,0.34380000829696655,0.08399999886751175,=NA(),20,1013.25,-6.761094570159912,79.19397735595703,4.525000095367432,4.175000190734863,0.3449999988079071,12.800012588500977,17.84000015258789,18.639999389648438,18.590255737304688,34.52347183227539,0.03365504741668701,0.03341204673051834,39.9943962097168,0.04213276505470276,0.00014143750013317913,0,0.000007499999810534064,0,-0.7999992370605469,0.04974365234375
317,19,0,1,Night,,97.95436096191406,-7.954359531402588,241.35926818847656,0,0,0,0,11.330011367797852,4.159900188446045,=NA(),0,64.81599426269531,1.4163999557495117,0.34380000829696655,0.08399999886751175,=NA(),20,1013.25,0,0,0,0,0,11.330011367797852,0,0,0,0,0,0,0,0,0,0,0,0,0,0
317,20,0,1,Night,,108.12552642822266,-18.125530242919922,231.12855529785156,0,0,0,0,10.689996719360352,3.9600000381469727,=NA(),0,64.81599426269531,1.4163999557495117,0.34380000829696655,0.08399999886751175,=NA(),20,1013.25,0,0,0,0,0,10.689996719360352,0,0,0,0,0,0,0,0,0,0,0,0,0,0
317,21,0,1,Night,,116.795654296875,-26.795656204223633,218.88265991210938,0,0,0,0,10.600000381469727,3.700000047683716,=NA(),0,64.81599426269531,1.4163999557495117,0.34380000829696655,0.08399999886751175,=NA(),20,1013.25,0,0,0,0,0,10.600000381469727,0,0,0,0,0,0,0,0,0,0,0,0,0,0
317,22,0,1,Night,,123.21981811523438,-33.219818115234375,204.1734619140625,0,0,0,0,9.099908828735352,3.5399999618530273,=NA(),0,64.81599426269531,1.4163999557495117,0.34380000829696655,0.08399999886751175,=NA(),20,1013.25,0,0,0,0,0,9.100000381469727,0,0,0,0,0,0,0,0,0,0,0,0,0,0
317,23,0,1,Night,,126.54944610595703,-36.549442291259766,187.26036071777344,0,0,0,0,9.099908828735352,3.640000104904175,=NA(),0,64.81599426269531,1.4163999557495117,0.34380000829696655,0.08399999886751175,=NA(),20,1013.25,0,0,0,0,0,9.100000381469727,0,0,0,0,0,0,0,0,0,0,0,0,0,0
318,0,0,1,Night,,126.19458770751953,-36.1945915222168,169.54721069335938,0,0,0,0,9.500085830688477,3.309999942779541,=NA(),0,64.81599426269531,1.4163999557495117,0.34380000829696655,0.08399999886751175,=NA(),20,1013.25,0,0,0,0,0,9.499994277954102,0,0,0,0,0,0,0,0,0,0,0,0,0,0
318,1,0,1,Night,,122.22428131103516,-32.22428512573242,152.97828674316406,0,0,0,0,9.300012588500977,2.819999933242798,=NA(),0,64.81599426269531,1.4163999557495117,0.34380000829696655,0.08399999886751175,=NA(),20,1013.25,0,0,0,0,0,9.300012588500977,0,0,0,0,0,0,0,0,0,0,0,0,0,0
318,2,0,1,Night,,115.31329345703125,-25.31329345703125,138.74737548828125,0,0,0,0,9.300012588500977,2.469899892807007,=NA(),0,64.81599426269531,1.4163999557495117,0.34380000829696655,0.08399999886751175,=NA(),20,1013.25,0,0,0,0,0,9.300012588500977,0,0,0,0,0,0,0,0,0,0,0,0,0,0
318,3,0,1,Night,,106.31085968017578,-16.31085777282715,126.93325805664062,0,0,0,0,8.909814834594727,2.3299999237060547,=NA(),0,64.81599426269531,1.4163999557495117,0.34380000829696655,0.08399999886751175,=NA(),20,1013.25,0,0,0,0,0,8.909997940063477,0,0,0,0,0,0,0,0,0,0,0,0,0,0
318,4,0,1,Night,Sun below height limit of 1 degrees.,89.8658676147461,0.1341288983821869,112.70374298095703,0,0,0,0,8.310205459594727,2.490000009536743,=NA(),0,35.99627685546875,1.4163999557495117,0.34380000829696655,0.08399999886751175,=NA(),20,1013.25,0,0,0,0,0,8.309991836547852,0,0,0,0,0,0,0,0,0,0,0,0,0,0
318,5,0,1,Day,,84.34945678710938,5.65054178237915,108.37114715576172,111.98999786376953,102.78459930419922,93.49299621582031,0.9178016185760498,7.920007228851318,3.619999885559082,=NA(),=NA(),9.308303833007812,1.4163999557495117,0.34380000829696655,0.08399999886751175,=NA(),20,1013.25,8.650078773498535,76.14994812011719,186.5749969482422,181.30999755859375,5.265000343322754,15.851251602172852,820.5399780273438,845.969970703125,846.001220703125,40.09254837036133,1.3188250064849854,1.3140876293182373,45.849464416503906,1.393127679824829,0.004802499897778034,0,0.00011906250438187271,0,-25.42999267578125,-0.03125
318,6,0,1,Day,,72.55535888671875,17.444643020629883,100.3525161743164,328.80999755859375,246.5162353515625,274.510009765625,0.749722421169281,10.429986953735352,5.080100059509277,=NA(),=NA(),3.304795503616333,1.4163999557495117,0.34380000829696655,0.08399999886751175,=NA(),20,1013.25,29.99893569946289,43.210208892822266,569.594970703125,550.22998046875,19.365001678466797,33.365013122558594,3423.469970703125,3328.080078125,3330.598876953125,39.10321044921875,5.3234453201293945,5.265942573547363,45.963836669921875,5.608319282531738,0.019227249547839165,0,0.00043018750147894025,0,95.389892578125,-2.518798828125
318,7,0,1,Day,,60.37998580932617,29.62001609802246,92.30631256103516,551.2100219726562,323.703857421875,460.30999755859375,0.5872604846954346,11.969995498657227,7.119999885559082,=NA(),=NA(),2.017841100692749,1.4163999557495117,0.34380000829696655,0.08399999886751175,=NA(),20,1013.25,60,2.0368547439575195,891.0800170898438,833.3399658203125,57.73999786376953,48.191856384277344,5436,5031.52978515625,5033.8330078125,37.25566864013672,8.444984436035156,8.309491157531738,44.906124114990234,8.926438331604004,0.029903188347816467,0,0.0011963750002905726,0,404.47021484375,-2.30322265625
318,8,0,1,Day,,48.12667465209961,41.87332534790039,83.33454132080078,647.0999755859375,325.1047668457031,482.3999938964844,0.502402663230896,13.170007705688477,8.329999923706055,=NA(),=NA(),1.4965146780014038,1.4163999557495117,0.34380000829696655,0.08399999886751175,=NA(),20,1013.25,47.933467864990234,4.95824670791626,876.6950073242188,827.2900390625,49.404998779296875,48.84062957763672,5331.22021484375,4923.22998046875,4925.3974609375,37.16823959350586,8.282393455505371,8.183541297912598,44.78550338745117,8.75265121459961,0.029433375224471092,0,0.0010657500242814422,0,407.990234375,-2.16748046875
318,9,0,1,Day,,36.1422119140625,53.8577880859375,71.76861572265625,519.5999755859375,409.8531799316406,135.89999389648438,0.788785994052887,12.740015029907227,8.949999809265137,=NA(),=NA(),1.2376548051834106,1.4163999557495117,0.34380000829696655,0.08399999886751175,=NA(),20,1013.25,34.74823760986328,10.633111000061035,589.10498046875,544.1649780273438,44.94000244140625,36.681236267089844,3494.300048828125,3359.6201171875,3360.034912109375,38.68844223022461,5.428121566772461,5.329452991485596,45.56909942626953,5.721951961517334,0.019099749624729156,0,0.00095843750750646,0,134.679931640625,-0.414794921875
318,10,0,1,Day,,25.193622589111328,64.8063735961914,53.60179901123047,374.1099853515625,357.7245178222656,18.107999801635742,0.9562014937400818,13.540002822875977,9.34000015258789,=NA(),=NA(),1.104819893836975,1.4163999557495117,0.34380000829696655,0.08399999886751175,=NA(),20,1013.25,20.739351272583008,14.631121635437012,396.82501220703125,362.94500732421875,33.87999725341797,29.706262588500977,2287.77001953125,2250.14990234375,2249.537841796875,39.337066650390625,3.5741584300994873,3.5141396522521973,45.728389739990234,3.768038272857666,0.01251593790948391,0,0.0007295624818652868,0,37.6201171875,0.612060546875
318,11,0,1,Day,,17.672523498535156,72.32747650146484,19.58580207824707,321.7900085449219,314.4578857421875,7.695300102233887,0.9772145748138428,14.610010147094727,9.680000305175781,=NA(),=NA(),1.0493468046188354,1.4163999557495117,0.34380000829696655,0.08399999886751175,=NA(),20,1013.25,6.096344470977783,16.61931610107422,346.14501953125,320.7650146484375,25.384998321533203,28.7443790435791,1981.8800048828125,1955.3599853515625,1953.872314453125,39.35483169555664,3.102975368499756,3.087895154953003,45.60424041748047,3.272019624710083,0.010958187282085419,0,0.0005596874980255961,0,26.52001953125,1.4876708984375
318,12,0,1,Day,,18.54130744934082,71.45869445800781,332.6666259765625,621.4000244140625,457.85369873046875,172.5,0.7368099093437195,13.499994277954102,10,=NA(),=NA(),1.0545521974563599,1.4163999557495117,0.34380000829696655,0.08399999886751175,=NA(),20,1013.25,-8.754959106445312,16.408565521240234,666.7149658203125,623.3300170898438,43.38500213623047,40.618736267089844,3971.68994140625,3769.419921875,3770.54931640625,38.206119537353516,6.16810417175293,6.150460243225098,45.29182434082031,6.504992485046387,0.02180331200361252,0,0.000954875024035573,0,202.27001953125,-1.12939453125
318,13,0,1,Day,,26.99179458618164,63.00820541381836,302.259521484375,878.0999755859375,281.4385070800781,669.5999755859375,0.32050850987434387,14.920007705688477,10.119999885559082,=NA(),=NA(),1.121899127960205,1.4163999557495117,0.34380000829696655,0.08399999886751175,=NA(),20,1013.25,-23.3026123046875,14.019474029541016,993.0700073242188,943.0400390625,50.029998779296875,55.605613708496094,6053.259765625,5461.2001953125,5459.81689453125,36.287479400634766,9.403751373291016,9.38036060333252,44.16597366333008,9.940078735351562,0.03353993594646454,0,0.0011105624726042151,0,592.0595703125,1.38330078125
318,14,0,1,Day,,38.219600677490234,51.780399322509766,285.7608642578125,26.70400047302246,26.701801300048828,0.00279999990016222,0.9999176263809204,14.390008926391602,10.079999923706055,=NA(),=NA(),1.2720835208892822,1.4163999557495117,0.34380000829696655,0.08399999886751175,=NA(),20,1013.25,-37.157413482666016,9.674275398254395,26.549999237060547,22.770000457763672,3.7799999713897705,15.504999160766602,129.91000366210938,134.66000366210938,134.2069549560547,37.58428955078125,0.22312964498996735,0.2119576781988144,42.861854553222656,0.24366100132465363,0.0007824375061318278,0,0.00007818749872967601,0,-4.75,0.4530487060546875
318,15,0,1,Day,,50.280128479003906,39.719871520996094,274.8417663574219,660.3099975585938,320.2733154296875,532.1099853515625,0.4850347936153412,11.820001602172852,9.289999961853027,=NA(),=NA(),1.562878131866455,1.4163999557495117,0.34380000829696655,0.08399999886751175,=NA(),20,1013.25,-50.17942428588867,3.722381830215454,933.010009765625,884.5050048828125,48.5,49.761863708496094,5700.08984375,5248.10009765625,5250.53955078125,37.04405975341797,8.858729362487793,8.765297889709473,44.79624938964844,9.362222671508789,0.03155693784356117,0,0.0010592499747872353,0,451.98974609375,-2.439453125
318,16,0,1,Day,,62.5296630859375,27.470335006713867,266.1158142089844,421.3999938964844,290.9012451171875,282.8999938964844,0.6903209686279297,13.709985733032227,8.379899978637695,=NA(),=NA(),2.160822629928589,1.4163999557495117,0.34380000829696655,0.08399999886751175,=NA(),20,1013.25,-60,4.241987705230713,668.47998046875,615.6649780273438,52.814998626708984,40.909385681152344,3998.159912109375,3790.760009765625,3790.80517578125,38.18183898925781,6.2053985595703125,6.06790018081665,45.266456604003906,6.545225620269775,0.02179187536239624,0,0.0011163749732077122,0,207.39990234375,-0.045166015625
318,17,0,1,Day,,74.64766693115234,15.352334022521973,258.1200866699219,182.61000061035156,166.8285369873047,59.608001708984375,0.9135783314704895,8.419885635375977,7.199999809265137,=NA(),=NA(),3.730740547180176,1.4163999557495117,0.34380000829696655,0.08399999886751175,=NA(),20,1013.25,-25.380516052246094,49.9332275390625,267.67999267578125,254.1099853515625,13.569999694824219,19.23186683654785,1539.5999755859375,1567.8099365234375,1567.518798828125,40.39421081542969,2.4253439903259277,2.3873133659362793,46.441375732421875,2.55326509475708,0.008708500303328037,0,0.0003055625129491091,0,-28.2099609375,0.2911376953125
318,18,0,1,Day,,85.49342346191406,4.506577014923096,250.62149047851562,12.892999649047852,12.877724647521973,0.19439999759197235,0.9988152384757996,9.290002822875977,5.589900016784668,=NA(),=NA(),11.211638450622559,1.4163999557495117,0.34380000829696655,0.08399999886751175,=NA(),20,1013.25,-6.902858734130859,78.98704528808594,13.895000457763672,12.84000015258789,1.059999942779541,9.872491836547852,65.25,69.16999816894531,69.1050796508789,37.25505065917969,0.11593224108219147,0.11520926654338837,42.58304977416992,0.12921659648418427,0.00043399998685345054,0,0.00002350000067963265,0,-3.9199981689453125,0.06491851806640625
318,19,0,1,Night,,97.75638580322266,-7.756387233734131,241.18373107910156,0,0,0,0,9.430292129516602,4.690100193023682,=NA(),0,64.81599426269531,1.4163999557495117,0.34380000829696655,0.08399999886751175,=NA(),20,1013.25,0,0,0,0,0,9.429986953735352,0,0,0,0,0,0,0,0,0,0,0,0,0,0
318,20,0,1,Night,,107.90867614746094,-17.908674240112305,230.97267150878906,0,0,0,0,10.300012588500977,5.070000171661377,=NA(),0,64.81599426269531,1.4163999557495117,0.34380000829696655,0.08399999886751175,=NA(),20,1013.25,0,0,0,0,0,10.300012588500977,0,0,0,0,0,0,0,0,0,0,0,0,0,0
318,21,0,1,Night,,116.55747985839844,-26.557477951049805,218.75894165039062,0,0,0,0,9.510095596313477,5.710000038146973,=NA(),0,64.81599426269531,1.4163999557495117,0.34380000829696655,0.08399999886751175,=NA(),20,1013.25,0,0,0,0,0,9.510004043579102,0,0,0,0,0,0,0,0,0,0,0,0,0,0
318,22,0,1,Night,,122.96377563476562,-32.963775634765625,204.10418701171875,0,0,0,0,8.699701309204102,6.219900131225586,=NA(),0,64.81599426269531,1.4163999557495117,0.34380000829696655,0.08399999886751175,=NA(),20,1013.25,0,0,0,0,0,8.700006484985352,0,0,0,0,0,0,0,0,0,0,0,0,0,0
318,23,0,1,Night,,126.28716278076172,-36.28716278076172,187.26979064941406,0,0,0,0,8.919794082641602,6.800000190734863,=NA(),0,64.81599426269531,1.4163999557495117,0.34380000829696655,0.08399999886751175,=NA(),20,1013.25,0,0,0,0,0,8.920007705688477,0,0,0,0,0,0,0,0,0,0,0,0,0,0
319,0,0,1,Night,,125.94380187988281,-35.94380187988281,169.64158630371094,0,0,0,0,8.500299453735352,6.329999923706055,=NA(),0,64.81599426269531,1.4163999557495117,0.34380000829696655,0.08399999886751175,=NA(),20,1013.25,0,0,0,0,0,8.499994277954102,0,0,0,0,0,0,0,0,0,0,0,0,0,0
319,1,0,1,Night,,121.99974060058594,-31.999744415283203,153.1375732421875,0,0,0,0,8.600000381469727,5.309999942779541,=NA(),0,64.81599426269531,1.4163999557495117,0.34380000829696655,0.08399999886751175,=NA(),20,1013.25,0,0,0,0,0,8.600000381469727,0,0,0,0,0,0,0,0,0,0,0,0,0,0
319,2,0,1,Night,,115.120849609375,-25.120847702026367,138.94329833984375,0,0,0,0,7.949914455413818,4.920100212097168,=NA(),0,64.81599426269531,1.4163999557495117,0.34380000829696655,0.08399999886751175,=NA(),20,1013.25,0,0,0,0,0,7.950006008148193,0,0,0,0,0,0,0,0,0,0,0,0,0,0
319,3,0,1,Night,,106.14884948730469,-16.148847579956055,127.14674377441406,0,0,0,0,7.450006008148193,4.840099811553955,=NA(),0,64.81599426269531,1.4163999557495117,0.34380000829696655,0.08399999886751175,=NA(),20,1013.25,0,0,0,0,0,7.450006008148193,0,0,0,0,0,0,0,0,0,0,0,0,0,0
319,4,0,1,Night,Sun below height limit of 1 degrees.,89.8097152709961,0.1902858018875122,112.97986602783203,0,0,0,0,7.340295314788818,5.119999885559082,=NA(),0,35.225215911865234,1.4163999557495117,0.34380000829696655,0.08399999886751175,=NA(),20,1013.25,0,0,0,0,0,7.339990139007568,0,0,0,0,0,0,0,0,0,0,0,0,0,0
319,5,0,1,Day,,84.23299407958984,5.767003536224365,108.60514831542969,106.5,97.6070327758789,88.50199890136719,0.9164979457855225,7.439996242523193,6.219900131225586,=NA(),=NA(),9.148405075073242,1.4163999557495117,0.34380000829696655,0.08399999886751175,=NA(),20,1013.25,8.846353530883789,75.85960388183594,173.34500122070312,168.0800018310547,5.265000343322754,14.778772354125977,773.9299926757812,800.9400024414062,801.2471313476562,40.15644836425781,1.2470711469650269,1.242896556854248,45.90144729614258,1.3165203332901,0.004533624742180109,0,0.00011912500485777855,0,-27.010009765625,-0.30712890625
319,6,0,1,Day,,72.44982147216797,17.5501766204834,100.60294342041016,339.20001220703125,253.8036346435547,283.20001220703125,0.7482418417930603,9.030115127563477,7.400100231170654,=NA(),=NA(),3.285952091217041,1.4163999557495117,0.34380000829696655,0.08399999886751175,=NA(),20,1013.25,30.294626235961914,42.85160827636719,590.510009765625,570.655029296875,19.850000381469727,32.78624725341797,3554.93994140625,3462.669921875,3465.21533203125,39.203922271728516,5.524383068084717,5.4658660888671875,46.10688400268555,5.81866455078125,0.019959749653935432,0,0.0004403750062920153,0,92.27001953125,-2.54541015625
319,7,0,1,Day,,60.28084945678711,29.719152450561523,92.58415222167969,359.010009765625,291.58319091796875,136.00999450683594,0.8121867775917053,9.930200576782227,8.25,=NA(),=NA(),2.011766195297241,1.4163999557495117,0.34380000829696655,0.08399999886751175,=NA(),20,1013.25,60,2.2585768699645996,493.3699951171875,438.28997802734375,55.07499694824219,29.941247940063477,2914.380126953125,2864.739990234375,2863.902099609375,39.52156066894531,4.52916145324707,4.3823771476745605,46.12314987182617,4.775225639343262,0.01565537415444851,0,0.0011273750569671392,0,49.64013671875,0.837890625
319,8,0,1,Day,,48.02554702758789,41.97445297241211,83.6575927734375,281.80999755859375,271.9759826660156,14.704000473022461,0.9651041030883789,10.649988174438477,8.319999694824219,=NA(),=NA(),1.4935868978500366,1.4163999557495117,0.34380000829696655,0.08399999886751175,=NA(),20,1013.25,47.85059356689453,4.710896968841553,293.9049987792969,248.19000244140625,45.71500015258789,22.751245498657227,1637.43994140625,1647.9100341796875,1640.009521484375,40.22486114501953,2.547700881958008,2.423426628112793,46.07215118408203,2.7063043117523193,0.00861593708395958,0,0.0009540625032968819,0,-10.4700927734375,7.9005126953125
319,9,0,1,Day,,36.02541732788086,53.97458267211914,72.16402435302734,275.3999938964844,269.9005432128906,6.799900054931641,0.9800310134887695,11.529993057250977,8.289899826049805,=NA(),=NA(),1.2358219623565674,1.4163999557495117,0.34380000829696655,0.08399999886751175,=NA(),20,1013.25,34.69363021850586,10.378171920776367,284.30499267578125,250.52499389648438,33.779998779296875,23.168115615844727,1600.5999755859375,1608.72998046875,1605.476806640625,39.9986686706543,2.5084760189056396,2.4173786640167236,45.978267669677734,2.6517176628112793,0.008658625185489655,0,0.0007021250203251839,0,-8.1300048828125,3.253173828125
319,10,0,1,Day,,25.034961700439453,64.96504211425781,54.08808517456055,284.2099914550781,278.8538818359375,5.911499977111816,0.9811543822288513,12.339990615844727,8.5,=NA(),=NA(),1.1033896207809448,1.4163999557495117,0.34380000829696655,0.08399999886751175,=NA(),20,1013.25,20.720306396484375,14.37144947052002,300.21002197265625,273.7250061035156,26.485000610351562,24.571252822875977,1710.0899658203125,1710.8099365234375,1709.30029296875,39.79191589355469,2.68475079536438,2.63503098487854,45.905696868896484,2.831338882446289,0.009410874918103218,0,0.0005696875159628689,0,-0.719970703125,1.5096435546875
319,11,0,1,Day,,17.43737030029297,72.56262969970703,19.954504013061523,293.510009765625,287.9661560058594,5.8109002113342285,0.9811118841171265,13.510004043579102,8.76990032196045,=NA(),=NA(),1.0479880571365356,1.4163999557495117,0.34380000829696655,0.08399999886751175,=NA(),20,1013.25,6.1183576583862305,16.36005210876465,315.7699890136719,292.5150146484375,23.255001068115234,26.386255264282227,1801.7099609375,1791.5799560546875,1790.4622802734375,39.57985305786133,2.8272950649261475,2.813215732574463,45.75300979614258,2.9808719158172607,0.00998612493276596,0,0.0005126874893903732,0,10.1300048828125,1.11767578125
319,12,0,1,Day,,18.290346145629883,71.70965576171875,332.4531555175781,600.8099975585938,460.0877990722656,148.2100067138672,0.7657791972160339,15.350000381469727,9.050000190734863,=NA(),=NA(),1.0530184507369995,1.4163999557495117,0.34380000829696655,0.08399999886751175,=NA(),20,1013.25,-8.691079139709473,16.156038284301758,644.5999755859375,602.4450073242188,42.154998779296875,41.61626434326172,3834.97998046875,3627.030029296875,3627.627685546875,38.06010818481445,5.957071304321289,5.9387311935424805,45.09803771972656,6.284254550933838,0.02105618827044964,0,0.0009279375080950558,0,207.949951171875,-0.59765625
319,13,0,1,Day,,26.788658142089844,63.211341857910156,301.90167236328125,1006.5999755859375,256.30657958984375,840.5,0.25462606549263,13.580011367797852,9.23009967803955,=NA(),=NA(),1.1198879480361938,1.4163999557495117,0.34380000829696655,0.08399999886751175,=NA(),20,1013.25,-23.201313018798828,13.779077529907227,1140.7900390625,1084.9549560546875,55.84000015258789,60.41686248779297,6952.58984375,6167.93994140625,6169.2353515625,35.597206115722656,10.831668853759766,10.812333106994629,43.82813262939453,11.473275184631348,0.0386238768696785,0,0.0012438124977052212,0,784.64990234375,-1.29541015625
319,14,0,1,Day,,38.045162200927734,51.954837799072266,285.4498291015625,281.5899963378906,275.2977600097656,7.9899001121521,0.9776546359062195,15.309991836547852,9.109999656677246,=NA(),=NA(),1.269054651260376,1.4163999557495117,0.34380000829696655,0.08399999886751175,=NA(),20,1013.25,-37.02642822265625,9.449270248413086,290.41497802734375,254.18499755859375,36.22999954223633,27.238122940063477,1632.510009765625,1618.550048828125,1615.4010009765625,39.43741226196289,2.5598995685577393,2.4590983390808105,45.46621322631836,2.7065062522888184,0.008789249695837498,0,0.0007526875124312937,0,13.9599609375,3.1490478515625
319,15,0,1,Day,,50.11658477783203,39.88341522216797,274.5801696777344,548.8099975585938,342.9759521484375,321,0.624944806098938,15.070001602172852,8.520099639892578,=NA(),=NA(),1.5575549602508545,1.4163999557495117,0.34380000829696655,0.08399999886751175,=NA(),20,1013.25,-50.02638244628906,3.513049602508545,738.4849853515625,688.8599853515625,49.625,45.10375213623047,4466.06005859375,4175.52978515625,4176.99853515625,37.641136169433594,6.935734748840332,6.820342063903809,44.93032455444336,7.322476863861084,0.02449331246316433,0,0.0010693749645724893,0,290.5302734375,-1.46875
319,16,0,1,Day,,62.36650848388672,27.633493423461914,265.88909912109375,184,180.47816467285156,7.593200206756592,0.9808595776557922,15.219995498657227,7.470099925994873,=NA(),=NA(),2.1491599082946777,1.4163999557495117,0.34380000829696655,0.08399999886751175,=NA(),20,1013.25,-60,4.309142589569092,195.21499633789062,154.69500732421875,40.519996643066406,23.36187171936035,1050.0899658203125,1054.8299560546875,1043.6175537109375,39.835655212402344,1.6369744539260864,1.5294166803359985,45.23048782348633,1.7586510181427002,0.005380937363952398,0,0.0008503125282004476,0,-4.739990234375,11.21240234375
319,17,0,1,Day,,74.47989654541016,15.520105361938477,257.9173583984375,89.8010025024414,89.2387466430664,2.101300001144409,0.9937388896942139,15.270013809204102,5.599999904632568,=NA(),=NA(),3.6924543380737305,1.4163999557495117,0.34380000829696655,0.08399999886751175,=NA(),20,1013.25,-25.7661190032959,49.417510986328125,100.09500122070312,90.92500305175781,9.164999961853027,19.389368057250977,540.2899780273438,550.7000122070312,549.8045654296875,39.10791778564453,0.878625214099884,0.8558015823364258,44.664703369140625,0.9340618848800659,0.0030943749006837606,0,0.00020181250874884427,0,-10.4100341796875,0.89544677734375
319,18,0,1,Day,,85.41498565673828,4.585017681121826,250.36611938476562,3.0083000659942627,3.007636547088623,0.008299999870359898,0.999779462814331,14.170007705688477,3.900099992752075,=NA(),=NA(),11.058320045471191,1.4163999557495117,0.34380000829696655,0.08399999886751175,=NA(),20,1013.25,-7.036665916442871,78.7933120727539,3.240000009536743,2.994999885559082,0.24500000476837158,14.309991836547852,11.600000381469727,12.079999923706055,12.056241989135742,33.3980712890625,0.022561578080058098,0.022403132170438766,39.03232192993164,0.03019118495285511,0.00010112499876413494,0,0.000005500000042957254,0,-0.4799995422363281,0.0237579345703125
319,19,0,1,Night,,97.55764770507812,-7.557647705078125,241.01455688476562,0,0,0,0,12.740015029907227,3.2600998878479004,=NA(),0,64.81599426269531,1.4163999557495117,0.34380000829696655,0.08399999886751175,=NA(),20,1013.25,0,0,0,0,0,12.740015029907227,0,0,0,0,0,0,0,0,0,0,0,0,0,0
319,20,0,1,Night,,107.69349670410156,-17.693498611450195,230.82345581054688,0,0,0,0,10.309991836547852,2.990000009536743,=NA(),0,64.81599426269531,1.4163999557495117,0.34380000829696655,0.08399999886751175,=NA(),20,1013.25,0,0,0,0,0,10.309991836547852,0,0,0,0,0,0,0,0,0,0,0,0,0,0
319,21,0,1,Night,,116.32162475585938,-26.32162094116211,218.64195251464844,0,0,0,0,11.629999160766602,2.9200000762939453,=NA(),0,64.81599426269531,1.4163999557495117,0.34380000829696655,0.08399999886751175,=NA(),20,1013.25,0,0,0,0,0,11.629999160766602,0,0,0,0,0,0,0,0,0,0,0,0,0,0
319,22,0,1,Night,,122.71131896972656,-32.7113151550293,204.0410919189453,0,0,0,0,11.360010147094727,2.8798999786376953,=NA(),0,64.81599426269531,1.4163999557495117,0.34380000829696655,0.08399999886751175,=NA(),20,1013.25,0,0,0,0,0,11.360010147094727,0,0,0,0,0,0,0,0,0,0,0,0,0,0
319,23,0,1,Night,,126.02970123291016,-36.02970504760742,187.2837677001953,0,0,0,0,10.950006484985352,2.8698999881744385,=NA(),0,64.81599426269531,1.4163999557495117,0.34380000829696655,0.08399999886751175,=NA(),20,1013.25,0,0,0,0,0,10.950006484985352,0,0,0,0,0,0,0,0,0,0,0,0,0,0
320,0,0,1,Night,,125.6985092163086,-35.69851303100586,169.7382049560547,0,0,0,0,10.339990615844727,2.819999933242798,=NA(),0,64.81599426269531,1.4163999557495117,0.34380000829696655,0.08399999886751175,=NA(),20,1013.25,0,0,0,0,0,10.339990615844727,0,0,0,0,0,0,0,0,0,0,0,0,0,0
320,1,0,1,Night,,121.78113555908203,-31.781139373779297,153.29705810546875,0,0,0,0,8.830011367797852,2.780100107192993,=NA(),0,64.81599426269531,1.4163999557495117,0.34380000829696655,0.08399999886751175,=NA(),20,1013.25,0,0,0,0,0,8.830011367797852,0,0,0,0,0,0,0,0,0,0,0,0,0,0
320,2,0,1,Night,,114.93431091308594,-24.934309005737305,139.13812255859375,0,0,0,0,7.229913234710693,2.759999990463257,=NA(),0,64.81599426269531,1.4163999557495117,0.34380000829696655,0.08399999886751175,=NA(),20,1013.25,0,0,0,0,0,7.230004787445068,0,0,0,0,0,0,0,0,0,0,0,0,0,0
320,3,0,1,Night,,105.99290466308594,-15.992908477783203,127.3583984375,0,0,0,0,5.070092678070068,2.75,=NA(),0,64.81599426269531,1.4163999557495117,0.34380000829696655,0.08399999886751175,=NA(),20,1013.25,0,0,0,0,0,5.070001125335693,0,0,0,0,0,0,0,0,0,0,0,0,0,0
320,4,0,1,Night,Sun below height limit of 1 degrees.,89.751953125,0.24804553389549255,113.25111389160156,0,0,0,0,4.540307521820068,2.5999999046325684,=NA(),0,34.45518112182617,1.4163999557495117,0.34380000829696655,0.08399999886751175,=NA(),20,1013.25,0,0,0,0,0,4.540002346038818,0,0,0,0,0,0,0,0,0,0,0,0,0,0
320,5,0,1,Day,,84.12252807617188,5.877471446990967,108.83662414550781,114.80000305175781,104.97898864746094,95.90699768066406,0.9144511222839355,7.670007228851318,3.3301000595092773,=NA(),=NA(),9.001472473144531,1.4163999557495117,0.34380000829696655,0.08399999886751175,=NA(),20,1013.25,9.034076690673828,75.58389282226562,190.7899932861328,185.35000610351562,5.445000171661377,15.746881484985352,852.9199829101562,879.5800170898438,880.0051879882812,40.14103698730469,1.370176911354065,1.3655415773391724,45.927974700927734,1.4459187984466553,0.004984312690794468,0,0.00012318749213591218,0,-26.6600341796875,-0.4251708984375
320,6,0,1,Day,,72.35050964355469,17.64948844909668,100.85059356689453,334.3900146484375,249.7082061767578,279.29998779296875,0.7467573881149292,9.629785537719727,4.260000228881836,=NA(),=NA(),3.2684223651885986,1.4163999557495117,0.34380000829696655,0.08399999886751175,=NA(),20,1013.25,30.578493118286133,42.512123107910156,580.3200073242188,560.4849853515625,19.84000015258789,32.98436737060547,3493.97998046875,3401.010009765625,3403.42724609375,39.168800354003906,5.430746078491211,5.372142791748047,46.05035400390625,5.7204413414001465,0.01961706206202507,0,0.000438687507994473,0,92.969970703125,-2.417236328125
320,7,0,1,Day,,60.18811798095703,29.81188201904297,92.85897064208984,567.2100219726562,331.7529602050781,473.6099853515625,0.5848855972290039,11.390008926391602,4.650000095367432,=NA(),=NA(),2.006122589111328,1.4163999557495117,0.34380000829696655,0.08399999886751175,=NA(),20,1013.25,60,2.4853529930114746,914.6950073242188,855.6700439453125,59.025001525878906,48.57250213623047,5582.08984375,5160.31982421875,5162.81591796875,37.20301055908203,8.673633575439453,8.537083625793457,44.90818405151367,9.167762756347656,0.030716625973582268,0,0.0012217500479891896,0,421.77001953125,-2.49609375
320,8,0,1,Day,,47.931095123291016,42.068904876708984,83.9775619506836,814.4000244140625,358.79052734375,679.989990234375,0.4405581057071686,12.429986953735352,4.629899978637695,=NA(),=NA(),1.490867018699646,1.4163999557495117,0.34380000829696655,0.08399999886751175,=NA(),20,1013.25,47.77333068847656,4.466987609863281,1124.56494140625,1068.9949951171875,55.56999969482422,58.498741149902344,6855.25,6123.39990234375,6124.9189453125,35.853458404541016,10.677124977111816,10.572521209716797,44.043888092041016,11.306124687194824,0.03809356316924095,0,0.0012068749638274312,0,731.85009765625,-1.51904296875
320,9,0,1,Day,,35.91573715209961,54.08426284790039,72.55706787109375,989.9000244140625,320.4527893066406,826.5999755859375,0.32372236251831055,13.469995498657227,4.450099945068359,=NA(),=NA(),1.2341103553771973,1.4163999557495117,0.34380000829696655,0.08399999886751175,=NA(),20,1013.25,34.6441535949707,10.127264022827148,1208.6650390625,1154.304931640625,54.36000061035156,63.19249725341797,7342.75,6449.68994140625,6452.09033203125,35.20002365112305,11.456121444702148,11.408801078796387,43.58559799194336,12.15511417388916,0.040932439267635345,0,0.0012163125211372972,0,893.06005859375,-2.400390625
320,10,0,1,Day,,24.884075164794922,65.11592102050781,54.57636642456055,1076.5,261.0620422363281,898.8900146484375,0.24251002073287964,14.439996719360352,4.319900035858154,=NA(),=NA(),1.1020406484603882,1.4163999557495117,0.34380000829696655,0.08399999886751175,=NA(),20,1013.25,20.705768585205078,14.116455078125,1203.68505859375,1143.054931640625,60.62999725341797,64.02812957763672,7338.6298828125,6426.43994140625,6425.44873046875,35.11103820800781,11.437731742858887,11.412585258483887,43.47829818725586,12.113883972167969,0.04077162593603134,0,0.001353000057861209,0,912.18994140625,0.9912109375
320,11,0,1,Day,,17.209110260009766,72.79088592529297,20.337615966796875,1094.199951171875,221.5101318359375,913.5900268554688,0.2024402618408203,15.619989395141602,4.300099849700928,=NA(),=NA(),1.0466891527175903,1.4163999557495117,0.34380000829696655,0.08399999886751175,=NA(),20,1013.25,6.143983840942383,16.106061935424805,1167.5050048828125,1099.969970703125,67.53500366210938,63.784996032714844,7069.68994140625,6195.740234375,6196.0166015625,35.152099609375,11.016437530517578,10.995824813842773,43.4325065612793,11.677597999572754,0.0390566885471344,0,0.0014944374561309814,0,873.94970703125,-0.2763671875
320,12,0,1,Day,,18.0433349609375,71.9566650390625,332.2503662109375,1073,221.07254028320312,895.989990234375,0.2060321867465973,16.8900089263916,4.300099849700928,=NA(),=NA(),1.0515327453613281,1.4163999557495117,0.34380000829696655,0.08399999886751175,=NA(),20,1013.25,-8.624603271484375,15.909196853637695,1150.179931640625,1084.1600341796875,66.02499389648438,64.36998748779297,6984.81982421875,6108.0703125,6105.80029296875,35.09626770019531,10.873311042785645,10.854897499084473,43.333641052246094,11.515535354614258,0.03860793635249138,0,0.0014479374513030052,0,876.74951171875,2.27001953125
320,13,0,1,Day,,26.587953567504883,63.41204833984375,301.55255126953125,984.3099975585938,249.318359375,821.9099731445312,0.2532925307750702,17.860010147094727,4.300099849700928,=NA(),=NA(),1.1179215908050537,1.4163999557495117,0.34380000829696655,0.08399999886751175,=NA(),20,1013.25,-23.098546981811523,13.544775009155273,1115.1199951171875,1060.60498046875,54.51499938964844,63.73625946044922,6798.9599609375,5958.919921875,5960.765625,35.16432571411133,10.594480514526367,10.575443267822266,43.35972595214844,11.23906135559082,0.037757374346256256,0,0.0012151249684393406,0,840.0400390625,-1.845703125
320,14,0,1,Day,,37.87202453613281,52.12797546386719,285.1466064453125,837.2899780273438,293.649169921875,688.6900024414062,0.3507138192653656,18.70000648498535,4.190000057220459,=NA(),=NA(),1.2660741806030273,1.4163999557495117,0.34380000829696655,0.08399999886751175,=NA(),20,1013.25,-36.89475631713867,9.23044490814209,1042.3349609375,995.989990234375,46.349998474121094,61.490623474121094,6350.2099609375,5610.1201171875,5612.0625,35.477420806884766,9.886685371398926,9.842714309692383,43.508453369140625,10.481365203857422,0.03533187508583069,0,0.001035124994814396,0,740.08984375,-1.9423828125
320,15,0,1,Day,,49.953731536865234,40.046268463134766,274.3255615234375,644.9000244140625,321.91021728515625,502,0.4991629719734192,19.350000381469727,3.940000057220459,=NA(),=NA(),1.5523027181625366,1.4163999557495117,0.34380000829696655,0.08399999886751175,=NA(),20,1013.25,-49.87321472167969,3.310020685195923,896.9849853515625,846.9849853515625,50,56.043113708496094,5465.52001953125,4921.4599609375,4923.32177734375,36.21005630493164,8.49799633026123,8.394728660583496,43.908668518066406,8.997200012207031,0.030183250084519386,0,0.001085874973796308,0,544.06005859375,-1.86181640625
320,16,0,1,Day,,62.204044342041016,27.795955657958984,265.6688537597656,417.7099914550781,292.2174987792969,269.1099853515625,0.6995702981948853,19.480005264282227,3.589900016784668,=NA(),=NA(),2.137687921524048,1.4163999557495117,0.34380000829696655,0.08399999886751175,=NA(),20,1013.25,-60,4.385309219360352,654.22998046875,601.2650146484375,52.96500015258789,46.194358825683594,3914.380126953125,3644.300048828125,3645.332275390625,37.44563293457031,6.084592819213867,5.947325229644775,44.54068374633789,6.430383205413818,0.02131768688559532,0,0.0011158124543726444,0,270.080078125,-1.0322265625
320,17,0,1,Day,,74.31175231933594,15.68824577331543,257.7208251953125,184.6999969482422,168.93577575683594,58.29899978637695,0.9146496057510376,18.550012588500977,2.3499999046325684,=NA(),=NA(),3.65488338470459,1.4163999557495117,0.34380000829696655,0.08399999886751175,=NA(),20,1013.25,-26.157169342041016,48.89706802368164,269.8500061035156,255.85000610351562,14,29.52373695373535,1554.9000244140625,1529.6500244140625,1530.004638671875,38.93196105957031,2.4562153816223145,2.41864275932312,45.07651138305664,2.5918638706207275,0.008787499740719795,0,0.0003133125137537718,0,25.25,-0.3546142578125
320,18,0,1,Day,,85.33524322509766,4.664760112762451,250.11712646484375,2.20740008354187,2.2069528102874756,0.005499999970197678,0.9997974038124084,16.55999183654785,2.469899892807007,=NA(),=NA(),10.90639877319336,1.4163999557495117,0.34380000829696655,0.08399999886751175,=NA(),20,1013.25,-7.172951698303223,78.59622955322266,2.375,2.195000171661377,0.1850000023841858,16.670007705688477,7.599999904632568,7.760000228881836,7.793847560882568,32.01948928833008,0.01521303690969944,0.015099816024303436,37.91324996948242,0.022174719721078873,0.00007400000322377309,0,0.000003999999989900971,0,-0.16000032424926758,-0.03384733200073242
320,19,0,1,Night,,97.3603744506836,-7.360374927520752,240.85179138183594,0,0,0,0,13.619989395141602,2.4500999450683594,=NA(),0,64.81599426269531,1.4163999557495117,0.34380000829696655,0.08399999886751175,=NA(),20,1013.25,0,0,0,0,0,13.619989395141602,0,0,0,0,0,0,0,0,0,0,0,0,0,0
320,20,0,1,Night,,107.47980499267578,-17.479808807373047,230.6808624267578,0,0,0,0,12.390008926391602,2.2799999713897705,=NA(),0,64.81599426269531,1.4163999557495117,0.34380000829696655,0.08399999886751175,=NA(),20,1013.25,0,0,0,0,0,12.390008926391602,0,0,0,0,0,0,0,0,0,0,0,0,0,0
320,21,0,1,Night,,116.08890533447266,-26.08890151977539,218.5316619873047,0,0,0,0,11.100000381469727,2.079900026321411,=NA(),0,64.81599426269531,1.4163999557495117,0.34380000829696655,0.08399999886751175,=NA(),20,1013.25,0,0,0,0,0,11.100000381469727,0,0,0,0,0,0,0,0,0,0,0,0,0,0
320,22,0,1,Night,,122.46329498291016,-32.46329879760742,203.98411560058594,0,0,0,0,9.379785537719727,1.8899999856948853,=NA(),0,64.81599426269531,1.4163999557495117,0.34380000829696655,0.08399999886751175,=NA(),20,1013.25,0,0,0,0,0,9.379999160766602,0,0,0,0,0,0,0,0,0,0,0,0,0,0
320,23,0,1,Night,,125.77777862548828,-35.77777862548828,187.30226135253906,0,0,0,0,7.769708156585693,1.679900050163269,=NA(),0,64.81599426269531,1.4163999557495117,0.34380000829696655,0.08399999886751175,=NA(),20,1013.25,0,0,0,0,0,7.770013332366943,0,0,0,0,0,0,0,0,0,0,0,0,0,0
321,0,0,1,Night,,125.45956420898438,-35.45956802368164,169.8370361328125,0,0,0,0,6.180200099945068,1.4800000190734863,=NA(),0,64.81599426269531,1.4163999557495117,0.34380000829696655,0.08399999886751175,=NA(),20,1013.25,0,0,0,0,0,6.179986476898193,0,0,0,0,0,0,0,0,0,0,0,0,0,0
321,1,0,1,Night,,121.56898498535156,-31.56898307800293,153.45669555664062,0,0,0,0,5.240289211273193,1.4499000310897827,=NA(),0,64.81599426269531,1.4163999557495117,0.34380000829696655,0.08399999886751175,=NA(),20,1013.25,0,0,0,0,0,5.240014553070068,0,0,0,0,0,0,0,0,0,0,0,0,0,0
321,2,0,1,Night,,114.75396728515625,-24.75396728515625,139.33181762695312,0,0,0,0,5.619897365570068,1.7200000286102295,=NA(),0,64.81599426269531,1.4163999557495117,0.34380000829696655,0.08399999886751175,=NA(),20,1013.25,0,0,0,0,0,5.619988918304443,0,0,0,0,0,0,0,0,0,0,0,0,0,0
321,3,0,1,Night,,105.84243774414062,-15.842437744140625,127.56818389892578,0,0,0,0,5.030206203460693,2.23009991645813,=NA(),0,64.81599426269531,1.4163999557495117,0.34380000829696655,0.08399999886751175,=NA(),20,1013.25,0,0,0,0,0,5.029992580413818,0,0,0,0,0,0,0,0,0,0,0,0,0,0
321,4,0,1,Night,Sun below height limit of 1 degrees.,89.70970153808594,0.2903016209602356,113.52462005615234,0,0,0,0,4.649987697601318,2.530100107192993,=NA(),0,33.90628433227539,1.4163999557495117,0.34380000829696655,0.08399999886751175,=NA(),20,1013.25,0,0,0,0,0,4.649987697601318,0,0,0,0,0,0,0,0,0,0,0,0,0,0
321,5,0,1,Day,,84.01683807373047,5.983160495758057,109.06548309326172,119.0999984741211,108.73902893066406,99.39900207519531,0.9130061268806458,6.200189113616943,3.410099983215332,=NA(),=NA(),8.865041732788086,1.4163999557495117,0.34380000829696655,0.08399999886751175,=NA(),20,1013.25,9.21507453918457,75.3198471069336,199.5050048828125,193.95001220703125,5.559999942779541,14.635614395141602,896.4000244140625,927.75,928.14892578125,40.37009811401367,1.436937689781189,1.4320722818374634,46.161956787109375,1.5157288312911987,0.005231124814599752,0,0.00012599999899975955,0,-31.3499755859375,-0.39892578125
321,6,0,1,Day,,72.25709533691406,17.742908477783203,101.09532928466797,329.6099853515625,246.04547119140625,274.2099914550781,0.74647456407547,10.270013809204102,2.3499999046325684,=NA(),=NA(),3.252108573913574,1.4163999557495117,0.34380000829696655,0.08399999886751175,=NA(),20,1013.25,30.85095977783203,42.19091796875,570.0999755859375,550.2750244140625,19.825000762939453,33.227500915527344,3432.56005859375,3338.43994140625,3340.587890625,39.12790298461914,5.336047649383545,5.276766300201416,45.98639678955078,5.620855808258057,0.01927156187593937,0,0.00043706249562092125,0,94.1201171875,-2.14794921875
321,7,0,1,Day,,60.10160827636719,29.898391723632812,93.13062286376953,553.8099975585938,323.2158508300781,462.6099853515625,0.5836222767829895,14.520013809204102,1.309999942779541,=NA(),=NA(),2.0008902549743652,1.4163999557495117,0.34380000829696655,0.08399999886751175,=NA(),20,1013.25,60,2.714406728744507,890.9550170898438,833.2650146484375,57.689998626708984,50.80437469482422,5437.6796875,4987.60009765625,4989.80859375,36.90653610229492,8.450311660766602,8.316874504089355,44.571353912353516,8.937121391296387,0.029916375875473022,0,0.0011932500638067722,0,450.07958984375,-2.20849609375
321,8,0,1,Day,,47.843238830566406,42.156761169433594,84.2942123413086,757.4000244140625,332.95758056640625,632.4000244140625,0.4396059811115265,17.20000648498535,1.51010000705719,=NA(),=NA(),1.488349437713623,1.4163999557495117,0.34380000829696655,0.08399999886751175,=NA(),20,1013.25,47.70161819458008,4.226609230041504,1047.25,996.2650146484375,50.98500061035156,60.12438201904297,6391.83984375,5675.0498046875,5677.568359375,35.65342330932617,9.952799797058105,9.86041259765625,43.6964111328125,10.553361892700195,0.0354999378323555,0,0.001108312513679266,0,716.7900390625,-2.5185546875
321,9,0,1,Day,,35.813175201416016,54.186824798583984,72.94735717773438,956.2000122070312,308.7540588378906,798.4000244140625,0.32289692759513855,18.4999942779541,1.7799999713897705,=NA(),=NA(),1.232518196105957,1.4163999557495117,0.34380000829696655,0.08399999886751175,=NA(),20,1013.25,34.59981155395508,9.880491256713867,1168.284912109375,1116.18994140625,52.089996337890625,66.68563079833984,7105.919921875,6161.39013671875,6163.6572265625,34.75775146484375,11.083245277404785,11.039900779724121,43.07362747192383,11.77505874633789,0.039596062153577805,0,0.0011665000347420573,0,944.52978515625,-2.26708984375
321,10,0,1,Day,,24.741008758544922,65.25898742675781,55.06610107421875,1035.199951171875,250.15328979492188,864.3900146484375,0.24164731800556183,19.740015029907227,1.9600000381469727,=NA(),=NA(),1.1007716655731201,1.4163999557495117,0.34380000829696655,0.08399999886751175,=NA(),20,1013.25,20.69571876525879,13.866235733032227,1157.695068359375,1099.544921875,58.154998779296875,67.59249114990234,7066.31982421875,6106.41015625,6103.60302734375,34.67135238647461,11.002603530883789,10.97680950164795,42.94617462158203,11.659019470214844,0.039233751595020294,0,0.00129806250333786,0,959.90966796875,2.80712890625
321,11,0,1,Day,,16.987878799438477,73.01212310791016,20.735122680664062,1084.9000244140625,218.5275115966797,905.9000244140625,0.2014264017343521,20.670007705688477,2.109999895095825,=NA(),=NA(),1.0454492568969727,1.4163999557495117,0.34380000829696655,0.08399999886751175,=NA(),20,1013.25,6.173199653625488,15.857440948486328,1157.6199951171875,1090.68994140625,66.92500305175781,68.61498260498047,7011.490234375,6035.75,6035.23486328125,34.525535583496094,10.925307273864746,10.90199089050293,42.799617767333984,11.599884033203125,0.03873056173324585,0,0.0014808749547228217,0,975.740234375,0.51513671875
321,12,0,1,Day,,17.800397872924805,72.19960021972656,332.058837890625,1082.9000244140625,221.9865264892578,904.2000122070312,0.2049926370382309,22.1199893951416,2.180000066757202,=NA(),=NA(),1.0500946044921875,1.4163999557495117,0.34380000829696655,0.08399999886751175,=NA(),20,1013.25,-8.555595397949219,15.668196678161621,1160.625,1093.989990234375,66.63499450683594,70.29125213623047,7047.56982421875,6028.8798828125,6024.501953125,34.32856750488281,10.968454360961914,10.94556999206543,42.596351623535156,11.630630493164062,0.03896106407046318,0,0.0014612500090152025,0,1018.68994140625,4.3779296875
321,13,0,1,Day,,26.389503479003906,63.610496520996094,301.2124938964844,967.9000244140625,247.68228149414062,804,0.25589656829833984,21.990015029907227,2.119999885559082,=NA(),=NA(),1.115997552871704,1.4163999557495117,0.34380000829696655,0.08399999886751175,=NA(),20,1013.25,-22.994190216064453,13.316553115844727,1095.864990234375,1042.205078125,53.65999984741211,67.19811248779297,6682.73974609375,5782.27001953125,5783.8818359375,34.714359283447266,10.413345336914062,10.393321990966797,42.88191223144531,11.060476303100586,0.037099938839673996,0,0.0011965625453740358,0,900.4697265625,-1.61181640625
321,14,0,1,Day,,37.70014190673828,52.29985809326172,284.8514404296875,833.3099975585938,293.8468933105469,681.8099975585938,0.35262614488601685,23.600000381469727,1.940000057220459,=NA(),=NA(),1.263140320777893,1.4163999557495117,0.34380000829696655,0.08399999886751175,=NA(),20,1013.25,-36.762386322021484,9.017921447753906,1036.215087890625,990.14501953125,46.06999969482422,66.3181381225586,6311.8701171875,5478.06005859375,5479.447265625,34.843841552734375,9.828585624694824,9.785666465759277,42.87782669067383,10.435327529907227,0.03511587530374527,0,0.001029500039294362,0,833.81005859375,-1.38720703125
321,15,0,1,Day,,49.79145812988281,40.20854187011719,274.0780944824219,231.99000549316406,227.6702880859375,6.691299915313721,0.9813797473907471,22.800012588500977,1.7401000261306763,=NA(),=NA(),1.5471163988113403,1.4163999557495117,0.34380000829696655,0.08399999886751175,=NA(),20,1013.25,-49.71983337402344,3.113337993621826,236.8249969482422,196.1300048828125,40.69499969482422,32.670616149902344,1298.550048828125,1263.0999755859375,1255.726318359375,38.579254150390625,2.0338287353515625,1.916060447692871,44.33252716064453,2.1693055629730225,0.006793749984353781,0,0.0008529374608770013,0,35.4500732421875,7.3736572265625
321,16,0,1,Day,,62.042022705078125,27.957975387573242,265.4551696777344,186.1999969482422,182.63421630859375,7.605800151824951,0.9808497428894043,23.8799991607666,1.3200000524520874,=NA(),=NA(),2.126384735107422,1.4163999557495117,0.34380000829696655,0.08399999886751175,=NA(),20,1013.25,-60,4.468977928161621,197.20999145507812,156.23001098632812,40.97999954223633,32.144371032714844,1062.5699462890625,1035.0999755859375,1025.8551025390625,38.527225494384766,1.6636497974395752,1.5546499490737915,44.05134963989258,1.786765217781067,0.005446374882012606,0,0.000856312457472086,0,27.469970703125,9.244873046875
321,17,0,1,Day,,74.1443099975586,15.855691909790039,257.5306091308594,53.60300064086914,53.41180419921875,0.6998000144958496,0.9964330792427063,23.07000160217285,0.8899000287055969,=NA(),=NA(),3.6182382106781006,1.4163999557495117,0.34380000829696655,0.08399999886751175,=NA(),20,1013.25,-26.55146026611328,48.37506103515625,55.44999694824219,49.55999755859375,5.894999980926514,25.384363174438477,287.5899963378906,286.8900146484375,286.43505859375,37.2758674621582,0.4802247881889343,0.4653567969799042,42.75192642211914,0.5152348875999451,0.0016828749794512987,0,0.00012893749226350337,0,0.699981689453125,0.4549560546875
321,18,0,1,Day,,85.2563705444336,4.74362850189209,249.87466430664062,7.598999977111816,7.590531826019287,0.10239999741315842,0.9988856315612793,19.899988174438477,1.059999942779541,=NA(),=NA(),10.759942054748535,1.4163999557495117,0.34380000829696655,0.08399999886751175,=NA(),20,1013.25,-7.30826473236084,78.40121459960938,8.190000534057617,7.560000419616699,0.625,20.2499942779541,35.9900016784668,36.64999771118164,36.62160110473633,34.59553527832031,0.06616012752056122,0.06573483347892761,40.0128173828125,0.076495461165905,0.00025549999554641545,0,0.000013999999282532372,0,-0.6599960327148438,0.0283966064453125
321,19,0,1,Night,,97.16339111328125,-7.163393497467041,240.6954803466797,0,0,0,0,16.399988174438477,1.4800000190734863,=NA(),0,64.81599426269531,1.4163999557495117,0.34380000829696655,0.08399999886751175,=NA(),20,1013.25,0,0,0,0,0,16.399988174438477,0,0,0,0,0,0,0,0,0,0,0,0,0,0
321,20,0,1,Night,,107.26812744140625,-17.268129348754883,230.54501342773438,0,0,0,0,14.179986953735352,1.910099983215332,=NA(),0,64.81599426269531,1.4163999557495117,0.34380000829696655,0.08399999886751175,=NA(),20,1013.25,0,0,0,0,0,14.179986953735352,0,0,0,0,0,0,0,0,0,0,0,0,0,0
321,21,0,1,Night,,115.85883331298828,-25.85883331298828,218.42811584472656,0,0,0,0,13.089990615844727,2.399899959564209,=NA(),0,64.81599426269531,1.4163999557495117,0.34380000829696655,0.08399999886751175,=NA(),20,1013.25,0,0,0,0,0,13.089990615844727,0,0,0,0,0,0,0,0,0,0,0,0,0,0
321,22,0,1,Night,,122.21897888183594,-32.21897888183594,203.93324279785156,0,0,0,0,11.709985733032227,2.759999990463257,=NA(),0,64.81599426269531,1.4163999557495117,0.34380000829696655,0.08399999886751175,=NA(),20,1013.25,0,0,0,0,0,11.709985733032227,0,0,0,0,0,0,0,0,0,0,0,0,0,0
321,23,0,1,Night,,125.53050231933594,-35.53049850463867,187.32522583007812,0,0,0,0,11.499994277954102,2.95989990234375,=NA(),0,64.81599426269531,1.4163999557495117,0.34380000829696655,0.08399999886751175,=NA(),20,1013.25,0,0,0,0,0,11.499994277954102,0,0,0,0,0,0,0,0,0,0,0,0,0,0
322,0,0,1,Night,,125.22583770751953,-35.22583770751953,169.93800354003906,0,0,0,0,10.320001602172852,3.140000104904175,=NA(),0,64.81599426269531,1.4163999557495117,0.34380000829696655,0.08399999886751175,=NA(),20,1013.25,0,0,0,0,0,10.320001602172852,0,0,0,0,0,0,0,0,0,0,0,0,0,0
322,1,0,1,Night,,121.36226654052734,-31.362268447875977,153.61647033691406,0,0,0,0,9.200311660766602,3.2899999618530273,=NA(),0,64.81599426269531,1.4163999557495117,0.34380000829696655,0.08399999886751175,=NA(),20,1013.25,0,0,0,0,0,9.200006484985352,0,0,0,0,0,0,0,0,0,0,0,0,0,0
322,2,0,1,Night,,114.57911682128906,-24.57911491394043,139.52432250976562,0,0,0,0,8.899805068969727,3.369999885559082,=NA(),0,64.81599426269531,1.4163999557495117,0.34380000829696655,0.08399999886751175,=NA(),20,1013.25,0,0,0,0,0,8.899988174438477,0,0,0,0,0,0,0,0,0,0,0,0,0,0
322,3,0,1,Night,,105.69727325439453,-15.697271347045898,127.7760238647461,0,0,0,0,8.469690322875977,3.5000998973846436,=NA(),0,64.81599426269531,1.4163999557495117,0.34380000829696655,0.08399999886751175,=NA(),20,1013.25,0,0,0,0,0,8.469995498657227,0,0,0,0,0,0,0,0,0,0,0,0,0,0
322,4,0,1,Night,Sun below height limit of 1 degrees.,89.66124725341797,0.3387553095817566,113.78111267089844,0,0,0,0,7.429986476898193,3.930000066757202,=NA(),0,33.2917366027832,1.4163999557495117,0.34380000829696655,0.08399999886751175,=NA(),20,1013.25,0,0,0,0,0,7.429986476898193,0,0,0,0,0,0,0,0,0,0,0,0,0,0
322,5,0,1,Day,,83.91900634765625,6.080990791320801,109.2916030883789,120.9000015258789,110.21124267578125,100.9000015258789,0.9115900993347168,8.919794082641602,4.850100040435791,=NA(),=NA(),8.742223739624023,1.4163999557495117,0.34380000829696655,0.08399999886751175,=NA(),20,1013.25,9.384345054626465,75.07520294189453,202.64999389648438,197.0050048828125,5.644999980926514,17.493738174438477,916.5,939.4600219726562,939.7650146484375,39.98827362060547,1.468813419342041,1.4637418985366821,45.807456970214844,1.5503283739089966,0.005344312638044357,0,0.00012793749920092523,0,-22.96002197265625,-0.30499267578125
322,6,0,1,Day,,72.16999816894531,17.829999923706055,101.33704376220703,325.8999938964844,243.53692626953125,268.989990234375,0.7472750544548035,13.339990615844727,4.579999923706055,=NA(),=NA(),3.2370522022247314,1.4163999557495117,0.34380000829696655,0.08399999886751175,=NA(),20,1013.25,31.11046600341797,41.88983917236328,561.9549560546875,542.0999755859375,19.854999542236328,36.031883239746094,3383.7099609375,3260.22998046875,3262.043212890625,38.739871978759766,5.262774467468262,5.202392578125,45.595603942871094,5.547611713409424,0.018996313214302063,0,0.00043656249181367457,0,123.47998046875,-1.813232421875
322,7,0,1,Day,,60.02116394042969,29.978837966918945,93.3989486694336,553.4000244140625,322.3979187011719,462.29998779296875,0.5825766324996948,17.540002822875977,4.829999923706055,=NA(),=NA(),1.9960529804229736,1.4163999557495117,0.34380000829696655,0.08399999886751175,=NA(),20,1013.25,59.977481842041016,2.943767547607422,888.9599609375,831.4200439453125,57.540000915527344,53.841880798339844,5426.1298828125,4924.1298828125,4925.66748046875,36.505985260009766,8.43321418762207,8.298538208007812,44.17710876464844,8.923745155334473,0.02985331229865551,0,0.0011899374658241868,0,502,-1.53759765625
322,8,0,1,Day,,47.761722564697266,42.238277435302734,84.60730743408203,756.5,331.861572265625,631.7000122070312,0.4386802017688751,21.110010147094727,4.930099964141846,=NA(),=NA(),1.4860243797302246,1.4163999557495117,0.34380000829696655,0.08399999886751175,=NA(),20,1013.25,47.63520812988281,3.9898414611816406,1045.465087890625,994.6749877929688,50.790000915527344,64.08126068115234,6380.8203125,5584.0400390625,5586.91943359375,35.12820816040039,9.940325736999512,9.84885311126709,43.186439514160156,10.557637214660645,0.03544018790125847,0,0.0011041250545531511,0,796.7802734375,-2.87939453125
322,9,0,1,Day,,35.717620849609375,54.282379150390625,73.33455657958984,916.5,295.1417236328125,765.3099975585938,0.3220313489437103,23.95000648498535,4.800000190734863,=NA(),=NA(),1.2310420274734497,1.4163999557495117,0.34380000829696655,0.08399999886751175,=NA(),20,1013.25,34.560489654541016,9.637913703918457,1120.699951171875,1071.2349853515625,49.46500015258789,70.2925033569336,6823.669921875,5836.64990234375,5838.88232421875,34.29838943481445,10.639864921569824,10.599705696105957,42.52914047241211,11.319886207580566,0.03800737485289574,0,0.0011091249762102962,0,987.02001953125,-2.232421875
322,10,0,1,Day,,24.605709075927734,65.394287109375,55.55671310424805,887.1099853515625,281.4863586425781,666.1099853515625,0.31730717420578003,24.790002822875977,4.539899826049805,=NA(),=NA(),1.0995805263519287,1.4163999557495117,0.34380000829696655,0.08399999886751175,=NA(),20,1013.25,20.690065383911133,13.620840072631836,989.9100341796875,938.7900390625,51.119998931884766,65.5793685913086,6040.9599609375,5256.35986328125,5257.642578125,34.94739532470703,9.40278148651123,9.388096809387207,42.883365631103516,9.982522964477539,0.03344031423330307,0,0.0011393125168979168,0,784.60009765625,-1.28271484375
322,11,0,1,Day,,16.773767471313477,73.22623443603516,21.14696502685547,1053.9000244140625,211.35208129882812,879.989990234375,0.20054282248020172,25.899988174438477,4.29010009765625,=NA(),=NA(),1.044266700744629,1.4163999557495117,0.34380000829696655,0.08399999886751175,=NA(),20,1013.25,6.205964088439941,15.61423110961914,1124.574951171875,1059.614990234375,64.95999908447266,72.64437103271484,6815.66015625,5777.97998046875,5775.9697265625,34.015193939208984,10.612846374511719,10.587750434875488,42.22559356689453,11.279230117797852,0.03763231262564659,0,0.0014373124577105045,0,1037.68017578125,2.01025390625
322,12,0,1,Day,,17.561498641967773,72.4384994506836,331.8792724609375,972.3900146484375,235.79811096191406,772.5999755859375,0.24249334633350372,26.300012588500977,3.98009991645813,=NA(),=NA(),1.048702597618103,1.4163999557495117,0.34380000829696655,0.08399999886751175,=NA(),20,1013.25,-8.484045028686523,15.433048248291016,1041.97998046875,982.4500122070312,59.53499984741211,69.56499481201172,6341.97998046875,5437.85009765625,5430.47314453125,34.47577667236328,9.844728469848633,9.818473815917969,42.47074890136719,10.430176734924316,0.035014376044273376,0,0.001305187470279634,0,904.1298828125,7.376953125
322,13,0,1,Day,,26.193330764770508,63.806671142578125,300.8819274902344,639.989990234375,433.4382629394531,230.19000244140625,0.6772578954696655,26.850000381469727,3.640000104904175,=NA(),=NA(),1.1141152381896973,1.4163999557495117,0.34380000829696655,0.08399999886751175,=NA(),20,1013.25,-22.888301849365234,13.094524383544922,703.625,657.449951171875,46.17499923706055,55.76811981201172,4211.76025390625,3791.780029296875,3792.98388671875,36.18092346191406,6.552145481109619,6.495415210723877,43.435386657714844,6.942392826080322,0.023113686591386795,0,0.0010049999691545963,0,419.980224609375,-1.203857421875
322,14,0,1,Day,,37.529388427734375,52.470611572265625,284.5645446777344,406.5899963378906,369.880126953125,46.290000915527344,0.9097127914428711,27.20000648498535,3.650099992752075,=NA(),=NA(),1.260250449180603,1.4163999557495117,0.34380000829696655,0.08399999886751175,=NA(),20,1013.25,-36.629249572753906,8.8117036819458,444.5849914550781,401.375,43.220001220703125,45.518760681152344,2582.570068359375,2406.199951171875,2404.8466796875,37.277587890625,4.032039165496826,3.920184373855591,43.853553771972656,4.26680326461792,0.014001687988638878,0,0.0009080625022761524,0,176.3701171875,1.353271484375
322,15,0,1,Day,,49.62982177734375,40.37017822265625,273.837890625,236.10000610351562,231.5042724609375,7.095200061798096,0.9805347919464111,25.95000648498535,4.050099849700928,=NA(),=NA(),1.541996955871582,1.4163999557495117,0.34380000829696655,0.08399999886751175,=NA(),20,1013.25,-49.56633758544922,2.9230716228485107,241.4499969482422,200.29000854492188,41.15999984741211,36.029380798339844,1325.7099609375,1274.3299560546875,1267.6976318359375,38.10447692871094,2.0788028240203857,1.9601778984069824,43.91295623779297,2.2173845767974854,0.006938749924302101,0,0.0008625625050626695,0,51.3800048828125,6.63232421875
322,16,0,1,Day,,61.880149841308594,28.119850158691406,265.2481384277344,54.79499816894531,54.608829498291016,0.39500001072883606,0.996602475643158,25.149988174438477,3.4000000953674316,=NA(),=NA(),2.1152262687683105,1.4163999557495117,0.34380000829696655,0.08399999886751175,=NA(),20,1013.25,-60,4.55877161026001,50.94000244140625,37.55999755859375,13.380000114440918,27.3325138092041,248.20999145507812,245.72999572753906,241.63394165039062,37.17821502685547,0.4060157537460327,0.3681139647960663,42.21143341064453,0.44757455587387085,0.00129806250333786,0,0.0002785625110846013,0,2.4799957275390625,4.0960540771484375
322,17,0,1,Day,,73.9766616821289,16.02334213256836,257.3468017578125,126.69999694824219,124.16014099121094,9.201399803161621,0.9799537658691406,23.839990615844727,2.4500999450683594,=NA(),=NA(),3.5822982788085938,1.4163999557495117,0.34380000829696655,0.08399999886751175,=NA(),20,1013.25,-26.951059341430664,47.848602294921875,151.82000732421875,139.42999267578125,12.389999389648438,30.089380264282227,841.9400024414062,826.0399780273438,825.7167358398438,38.09675598144531,1.3546079397201538,1.321968913078308,43.93208312988281,1.4350284337997437,0.004766312427818775,0,0.0002723124925978482,0,15.9000244140625,0.3232421875
322,18,0,1,Night,Sun above horizon but GHI below 1,85.17085266113281,4.829151153564453,249.6433868408203,0,0,0,0,21.7499942779541,2.7701001167297363,=NA(),0,10.60523509979248,1.4163999557495117,0.34380000829696655,0.08399999886751175,=NA(),20,1013.25,0,0,0,0,0,21.7499942779541,0,0,0,0,0,0,0,0,0,0,0,0,0,0
322,19,0,1,Night,,96.96725463867188,-6.967257022857666,240.54568481445312,0,0,0,0,19.1299991607666,3.1198999881744385,=NA(),0,64.81599426269531,1.4163999557495117,0.34380000829696655,0.08399999886751175,=NA(),20,1013.25,0,0,0,0,0,19.1299991607666,0,0,0,0,0,0,0,0,0,0,0,0,0,0
322,20,0,1,Night,,107.05796813964844,-17.057966232299805,230.4158172607422,0,0,0,0,18.8799991607666,3.98009991645813,=NA(),0,64.81599426269531,1.4163999557495117,0.34380000829696655,0.08399999886751175,=NA(),20,1013.25,0,0,0,0,0,18.8799991607666,0,0,0,0,0,0,0,0,0,0,0,0,0,0
322,21,0,1,Night,,115.63127136230469,-25.63127326965332,218.3312530517578,0,0,0,0,19.399988174438477,6.309899806976318,=NA(),0,64.81599426269531,1.4163999557495117,0.34380000829696655,0.08399999886751175,=NA(),20,1013.25,0,0,0,0,0,19.399988174438477,0,0,0,0,0,0,0,0,0,0,0,0,0,0
322,22,0,1,Night,,121.97847747802734,-31.978479385375977,203.88845825195312,0,0,0,0,18.43999671936035,5.599999904632568,=NA(),0,64.81599426269531,1.4163999557495117,0.34380000829696655,0.08399999886751175,=NA(),20,1013.25,0,0,0,0,0,18.43999671936035,0,0,0,0,0,0,0,0,0,0,0,0,0,0
322,23,0,1,Night,,125.28822326660156,-35.2882194519043,187.35260009765625,0,0,0,0,18.7600040435791,4.220099925994873,=NA(),0,64.81599426269531,1.4163999557495117,0.34380000829696655,0.08399999886751175,=NA(),20,1013.25,0,0,0,0,0,18.7600040435791,0,0,0,0,0,0,0,0,0,0,0,0,0,0
323,0,0,1,Night,,124.99771118164062,-34.997711181640625,170.04112243652344,0,0,0,0,19.670007705688477,4.949900150299072,=NA(),0,64.81599426269531,1.4163999557495117,0.34380000829696655,0.08399999886751175,=NA(),20,1013.25,0,0,0,0,0,19.670007705688477,0,0,0,0,0,0,0,0,0,0,0,0,0,0
323,1,0,1,Night,,121.1609878540039,-31.16098403930664,153.77635192871094,0,0,0,0,21.899988174438477,5.320099830627441,=NA(),0,64.81599426269531,1.4163999557495117,0.34380000829696655,0.08399999886751175,=NA(),20,1013.25,0,0,0,0,0,21.899988174438477,0,0,0,0,0,0,0,0,0,0,0,0,0,0
323,2,0,1,Night,,114.4094009399414,-24.409400939941406,139.71559143066406,0,0,0,0,20.899988174438477,4.29010009765625,=NA(),0,64.81599426269531,1.4163999557495117,0.34380000829696655,0.08399999886751175,=NA(),20,1013.25,0,0,0,0,0,20.899988174438477,0,0,0,0,0,0,0,0,0,0,0,0,0,0
323,3,0,1,Night,,105.55672454833984,-15.55672836303711,127.98188781738281,0,0,0,0,19.399988174438477,4.450099945068359,=NA(),0,64.81599426269531,1.4163999557495117,0.34380000829696655,0.08399999886751175,=NA(),20,1013.25,0,0,0,0,0,19.399988174438477,0,0,0,0,0,0,0,0,0,0,0,0,0,0
323,4,0,1,Night,Sun below height limit of 1 degrees.,89.62950897216797,0.370491087436676,114.03252410888672,0,0,0,0,18.92998695373535,4.96999979019165,=NA(),0,32.89761734008789,1.4163999557495117,0.34380000829696655,0.08399999886751175,=NA(),20,1013.25,0,0,0,0,0,18.92998695373535,0,0,0,0,0,0,0,0,0,0,0,0,0,0
323,5,0,1,Day,,83.82958984375,6.170408248901367,109.51490783691406,25.80500030517578,25.7611141204834,0.4083000123500824,0.9982993006706238,17.33001136779785,4.930099964141846,=NA(),=NA(),8.63277530670166,1.4163999557495117,0.34380000829696655,0.08399999886751175,=NA(),20,1013.25,9.540881156921387,74.85138702392578,27.744998931884766,25.575000762939453,2.1700000762939453,18.48687171936035,138.6199951171875,142.0399932861328,141.8369140625,37.140865325927734,0.23868036270141602,0.23660777509212494,42.53177261352539,0.2590921223163605,0.0008658124716021121,0,0.00004806249853572808,0,-3.4199981689453125,0.2030792236328125
323,6,0,1,Day,,72.08904266357422,17.910961151123047,101.57559967041016,42.40999984741211,42.284156799316406,0.4092000126838684,0.9970327019691467,17.719995498657227,4.479899883270264,=NA(),=NA(),3.2231857776641846,1.4163999557495117,0.34380000829696655,0.08399999886751175,=NA(),20,1013.25,31.357084274291992,41.60850524902344,43.15999984741211,37.96500015258789,5.194999694824219,19.52373695373535,220.3699951171875,224.8000030517578,223.80569458007812,37.866207122802734,0.36936336755752563,0.3540500998497009,43.14976501464844,0.39991745352745056,0.0013010000111535192,0,0.00010874999861698598,0,-4.4300079345703125,0.9943084716796875
323,7,0,1,Day,,59.946617126464844,30.053382873535156,93.66376495361328,114.48999786376953,113.64093017578125,1.6953999996185303,0.9925839304924011,18.839990615844727,3.98009991645813,=NA(),=NA(),1.9915947914123535,1.4163999557495117,0.34380000829696655,0.08399999886751175,=NA(),20,1013.25,59.89577865600586,3.1706619262695312,109.95500183105469,82.80500030517578,27.149999618530273,23.47625160217285,568.280029296875,570.760009765625,562.2869262695312,39.020755767822266,0.9002789258956909,0.8271005749702454,44.17060470581055,0.9768673777580261,0.00290931249037385,0,0.0005497499951161444,0,-2.47998046875,8.47308349609375
323,8,0,1,Day,,47.68630599975586,42.31369400024414,84.91663360595703,134.69000244140625,133.5509033203125,1.6921000480651855,0.9915428161621094,19.959985733032227,3.880000114440918,=NA(),=NA(),1.483882188796997,1.4163999557495117,0.34380000829696655,0.08399999886751175,=NA(),20,1013.25,47.57387924194336,3.75675892829895,132,107.94000244140625,24.059999465942383,25.48125648498535,699.0499877929688,697.1300048828125,692.206787109375,38.811031341552734,1.1142526865005493,1.0465141534805298,44.246971130371094,1.1943737268447876,0.003715937491506338,0,0.0005006875144317746,0,1.91998291015625,4.9232177734375
323,9,0,1,Day,,35.628684997558594,54.371315002441406,73.71829986572266,323.7099914550781,312.8118591308594,13.407999992370605,0.9663336277008057,20.08001136779785,4.370100021362305,=NA(),=NA(),1.2296743392944336,1.4163999557495117,0.34380000829696655,0.08399999886751175,=NA(),20,1013.25,34.52580642700195,9.399548530578613,337.08001708984375,298.5400085449219,38.540000915527344,33.95500946044922,1913.77001953125,1854.77001953125,1852.237060546875,38.642066955566406,2.995716094970703,2.889657735824585,44.84686279296875,3.170391798019409,0.010330562479794025,0,0.0008024999988265336,0,59,2.532958984375
323,10,0,1,Day,,24.478050231933594,65.5219497680664,56.04761505126953,470.489990234375,419.98834228515625,55.48899841308594,0.8926615715026855,23.05999183654785,4.800000190734863,=NA(),=NA(),1.0984647274017334,1.4163999557495117,0.34380000829696655,0.08399999886751175,=NA(),20,1013.25,20.688648223876953,13.380276679992676,506.2099914550781,467.8800048828125,38.33000183105469,43.790000915527344,2974.1201171875,2789.64990234375,2790.317626953125,37.5970458984375,4.638550281524658,4.584749221801758,44.34367752075195,4.904651165008545,0.01628856174647808,0,0.0008315625018440187,0,184.47021484375,-0.667724609375
323,11,0,1,Day,,16.56676483154297,73.43323516845703,21.57300567626953,276.80999755859375,271.81982421875,5.206299781799316,0.9819725751876831,21.990015029907227,4.829999923706055,=NA(),=NA(),1.0431398153305054,1.4163999557495117,0.34380000829696655,0.08399999886751175,=NA(),20,1013.25,6.242191791534424,15.376391410827637,297.80499267578125,275.81500244140625,21.990001678466797,34.22124481201172,1695.6199951171875,1641.510009765625,1638.2474365234375,38.46281814575195,2.6620655059814453,2.649667739868164,44.59757614135742,2.8139002323150635,0.009413312189280987,0,0.0004853124846704304,0,54.1099853515625,3.2625732421875
323,12,0,1,Day,,17.326566696166992,72.67343139648438,331.71240234375,209.1999969482422,206.33689880371094,2.9992001056671143,0.986314058303833,21.57000160217285,5.029900074005127,=NA(),=NA(),1.047355055809021,1.4163999557495117,0.34380000829696655,0.08399999886751175,=NA(),20,1013.25,-8.409902572631836,15.203737258911133,224.73500061035156,207.7050018310547,17.025001525878906,30.831262588500977,1263.969970703125,1237.52001953125,1231.374267578125,38.74195098876953,1.9865347146987915,1.9574331045150757,44.53795623779297,2.107879638671875,0.007073000073432922,0,0.00037668750155717134,0,26.449951171875,6.145751953125
323,13,0,1,Day,,25.99915885925293,64.00083923339844,300.5611877441406,296.20001220703125,290.17462158203125,6.703800201416016,0.9796577095985413,21.980005264282227,4.859899997711182,=NA(),=NA(),1.1122710704803467,1.4163999557495117,0.34380000829696655,0.08399999886751175,=NA(),20,1013.25,-22.780668258666992,12.878640174865723,311.95501708984375,283.489990234375,28.459999084472656,34.788108825683594,1778.9400634765625,1718.949951171875,1716.80712890625,38.41400146484375,2.7932422161102295,2.7350919246673584,44.60639572143555,2.9524035453796387,0.009763499721884727,0,0.0006068749935366213,0,59.9901123046875,2.142822265625
323,14,0,1,Day,,37.35944366455078,52.64055633544922,284.2861328125,158.6999969482422,157.11094665527344,1.9991999864578247,0.9899870753288269,21.6199893951416,4.420000076293945,=NA(),=NA(),1.2573983669281006,1.4163999557495117,0.34380000829696655,0.08399999886751175,=NA(),20,1013.25,-36.49506759643555,8.611859321594238,160.29000854492188,138.92001342773438,21.369998931884766,28.2762393951416,874.8699951171875,863.9099731445312,859.7333374023438,38.607444763183594,1.3916583061218262,1.3292204141616821,44.2469482421875,1.4815927743911743,0.00478556239977479,0,0.0004421875055413693,0,10.96002197265625,4.1766357421875
323,15,0,1,Day,,49.468177795410156,40.531822204589844,273.6051330566406,142.89999389648438,141.53936767578125,2.0936999320983887,0.9904784560203552,18.2600040435791,4.110000133514404,=NA(),=NA(),1.5369229316711426,1.4163999557495117,0.34380000829696655,0.08399999886751175,=NA(),20,1013.25,-49.412105560302734,2.7393035888671875,140.10000610351562,113.6500015258789,26.450000762939453,24.118127822875977,742.719970703125,744.239990234375,738.1616821289062,39.13108825683594,1.1785584688186646,1.1018459796905518,44.53866195678711,1.26365327835083,0.003915125038474798,0,0.0005531875067390501,0,-1.52001953125,6.07830810546875
323,16,0,1,Day,,61.717857360839844,28.282142639160156,265.04791259765625,61.29999923706055,61.06266403198242,0.5008999705314636,0.9961283206939697,17.300012588500977,3.2500998973846436,=NA(),=NA(),2.1041722297668457,1.4163999557495117,0.34380000829696655,0.08399999886751175,=NA(),20,1013.25,-60,4.653325080871582,57.02000045776367,42.05999755859375,14.960000991821289,19.72625160217285,279.95001220703125,285.2099914550781,280.2066955566406,38.53218078613281,0.45431017875671387,0.4120861887931824,43.512176513671875,0.4993920922279358,0.0014555000234395266,0,0.0003108750097453594,0,-5.259979248046875,5.0032958984375
323,17,0,1,Day,,73.80810546875,16.19189453125,257.1694641113281,13.303000450134277,13.3013277053833,0.006000000052154064,0.9998742341995239,16.70000648498535,2.5799999237060547,=NA(),=NA(),3.546895980834961,1.4163999557495117,0.34380000829696655,0.08399999886751175,=NA(),20,1013.25,-27.35773468017578,47.31529235839844,13.664999961853027,12.170000076293945,1.4950000047683716,17.279993057250977,63.439998626708984,65.3499984741211,65.25442504882812,36.06692123413086,0.1130690798163414,0.10914937406778336,41.41389465332031,0.12637464702129364,0.0004135624913033098,0,0.00003237499913666397,0,-1.9099998474121094,0.09557342529296875
323,18,0,1,Night,Sun above horizon but GHI below 1,85.07847595214844,4.92152214050293,249.4210205078125,0,0,0,0,15.909997940063477,2.0701000690460205,=NA(),0,10.44276237487793,1.4163999557495117,0.34380000829696655,0.08399999886751175,=NA(),20,1013.25,0,0,0,0,0,15.909997940063477,0,0,0,0,0,0,0,0,0,0,0,0,0,0
323,19,0,1,Night,,96.77345275878906,-6.773452281951904,240.4024200439453,0,0,0,0,15.700006484985352,1.5499999523162842,=NA(),0,64.81599426269531,1.4163999557495117,0.34380000829696655,0.08399999886751175,=NA(),20,1013.25,0,0,0,0,0,15.700006484985352,0,0,0,0,0,0,0,0,0,0,0,0,0,0
323,20,0,1,Night,,106.85136413574219,-16.851367950439453,230.29331970214844,0,0,0,0,15.700006484985352,1.2898999452590942,=NA(),0,64.81599426269531,1.4163999557495117,0.34380000829696655,0.08399999886751175,=NA(),20,1013.25,0,0,0,0,0,15.700006484985352,0,0,0,0,0,0,0,0,0,0,0,0,0,0
323,21,0,1,Night,,115.40809631347656,-25.408092498779297,218.24107360839844,0,0,0,0,15.300012588500977,1.149999976158142,=NA(),0,64.81599426269531,1.4163999557495117,0.34380000829696655,0.08399999886751175,=NA(),20,1013.25,0,0,0,0,0,15.300012588500977,0,0,0,0,0,0,0,0,0,0,0,0,0,0
323,22,0,1,Night,,121.74317932128906,-31.743175506591797,203.8496551513672,0,0,0,0,15.200006484985352,1.1900999546051025,=NA(),0,64.81599426269531,1.4163999557495117,0.34380000829696655,0.08399999886751175,=NA(),20,1013.25,0,0,0,0,0,15.200006484985352,0,0,0,0,0,0,0,0,0,0,0,0,0,0
323,23,0,1,Night,,125.05223846435547,-35.05223846435547,187.3843536376953,0,0,0,0,15.100000381469727,0.9699000120162964,=NA(),0,64.81599426269531,1.4163999557495117,0.34380000829696655,0.08399999886751175,=NA(),20,1013.25,0,0,0,0,0,15.100000381469727,0,0,0,0,0,0,0,0,0,0,0,0,0,0
324,0,0,1,Night,,124.77680206298828,-34.77680587768555,170.14633178710938,0,0,0,0,14.999994277954102,0.6700000166893005,=NA(),0,64.81599426269531,1.4163999557495117,0.34380000829696655,0.08399999886751175,=NA(),20,1013.25,0,0,0,0,0,14.999994277954102,0,0,0,0,0,0,0,0,0,0,0,0,0,0
324,1,0,1,Night,,120.96791076660156,-30.96790885925293,153.93630981445312,0,0,0,0,14.600000381469727,0.44999998807907104,=NA(),0,64.81599426269531,1.4163999557495117,0.34380000829696655,0.08399999886751175,=NA(),20,1013.25,0,0,0,0,0,14.600000381469727,0,0,0,0,0,0,0,0,0,0,0,0,0,0
324,2,0,1,Night,,114.24823760986328,-24.24823570251465,139.90560913085938,0,0,0,0,14.499994277954102,0.7400000095367432,=NA(),0,64.81599426269531,1.4163999557495117,0.34380000829696655,0.08399999886751175,=NA(),20,1013.25,0,0,0,0,0,14.499994277954102,0,0,0,0,0,0,0,0,0,0,0,0,0,0
324,3,0,1,Night,,105.42546844482422,-15.425472259521484,128.18569946289062,0,0,0,0,14.200006484985352,1.100100040435791,=NA(),0,64.81599426269531,1.4163999557495117,0.34380000829696655,0.08399999886751175,=NA(),20,1013.25,0,0,0,0,0,14.200006484985352,0,0,0,0,0,0,0,0,0,0,0,0,0,0
324,4,0,1,Night,Sun below height limit of 1 degrees.,89.58468627929688,0.41531169414520264,114.29073333740234,0,0,0,0,13.999994277954102,1.309999942779541,=NA(),0,32.352272033691406,1.4163999557495117,0.34380000829696655,0.08399999886751175,=NA(),20,1013.25,0,0,0,0,0,13.999994277954102,0,0,0,0,0,0,0,0,0,0,0,0,0,0
324,5,0,1,Day,,83.7403564453125,6.259641647338867,109.73530578613281,11.897000312805176,11.8865327835083,0.09600000083446503,0.9991201758384705,14.100000381469727,1.409999966621399,=NA(),=NA(),8.526122093200684,1.4163999557495117,0.34380000829696655,0.08399999886751175,=NA(),20,1013.25,9.697802543640137,74.62782287597656,12.774999618530273,11.774999618530273,1,14.639368057250977,59.47999954223633,61.93000030517578,61.809329986572266,36.384273529052734,0.10617431253194809,0.1052161306142807,41.710472106933594,0.11912929266691208,0.00039868749445304275,0,0.000022500000341096893,0,-2.450000762939453,0.12067031860351562
324,6,0,1,Day,,72.01265716552734,17.987342834472656,101.81088256835938,23.69499969482422,23.665878295898438,0.09430000185966492,0.9987710118293762,14.300012588500977,1.7999999523162842,=NA(),=NA(),3.2102162837982178,1.4163999557495117,0.34380000829696655,0.08399999886751175,=NA(),20,1013.25,31.594478607177734,41.341758728027344,24.03499984741211,21.115001678466797,2.924999952316284,15.309991836547852,117.63999938964844,122.02999877929688,121.41365814208984,37.528892517089844,0.2021794319152832,0.19352686405181885,42.72823715209961,0.22240577638149261,0.0007236875244416296,0,0.0000610624992987141,0,-4.3899993896484375,0.6163406372070312
324,7,0,1,Day,,59.87763595581055,30.12236213684082,93.9249267578125,60.4010009765625,60.150028228759766,0.5001000165939331,0.9958449006080627,14.820001602172852,1.7401000261306763,=NA(),=NA(),1.987490177154541,1.4163999557495117,0.34380000829696655,0.08399999886751175,=NA(),20,1013.25,59.81920623779297,3.394214630126953,56.19499969482422,41.525001525878906,14.67500114440918,17.203760147094727,277.6000061035156,285.4800109863281,280.7228088378906,38.862369537353516,0.4512821435928345,0.41171684861183167,43.86101150512695,0.4951213002204895,0.0014549375046044588,0,0.0002973749942611903,0,-7.8800048828125,4.7572021484375
324,8,0,1,Day,,47.61703872680664,42.38296127319336,85.22195434570312,125.48999786376953,124.48467254638672,1.4914000034332275,0.9919887781143188,14.929986953735352,2.4100000858306885,=NA(),=NA(),1.4819225072860718,1.4163999557495117,0.34380000829696655,0.08399999886751175,=NA(),20,1013.25,47.5177116394043,3.527472972869873,122.56999969482422,100.05999755859375,22.510000228881836,20.0468692779541,646.1599731445312,656.8900146484375,651.6995239257812,39.5106201171875,1.0304988622665405,0.9669918417930603,44.868892669677734,1.1048896312713623,0.00344299990683794,0,0.00046768749598413706,0,-10.73004150390625,5.19049072265625
324,9,0,1,Day,,35.54668426513672,54.45331573486328,74.09822082519531,105,104.27154541015625,0.8952999711036682,0.9930623173713684,15.059991836547852,3.059999942779541,=NA(),=NA(),1.2284185886383057,1.4163999557495117,0.34380000829696655,0.08399999886751175,=NA(),20,1013.25,34.49608612060547,9.165569305419922,105.75999450683594,91.97999572753906,13.779999732971191,19.4368839263916,566.2799682617188,577.010009765625,574.8346557617188,39.27604675292969,0.9146136045455933,0.8690474033355713,44.73516845703125,0.9757932424545288,0.0031622499227523804,0,0.0002853125042747706,0,-10.73004150390625,2.17535400390625
324,10,0,1,Day,,24.358097076416016,65.64190673828125,56.53820037841797,370.8999938964844,355.5954284667969,16.799999237060547,0.9587366580963135,16.040002822875977,3.5399999618530273,=NA(),=NA(),1.0974231958389282,1.4163999557495117,0.34380000829696655,0.08399999886751175,=NA(),20,1013.25,20.691490173339844,13.144669532775879,393.3500061035156,359.7250061035156,33.619998931884766,32.107505798339844,2266.550048828125,2211.340087890625,2209.90966796875,39.01371383666992,3.5402841567993164,3.4841558933258057,45.39395523071289,3.7363176345825195,0.012400999665260315,0,0.0007248750189319253,0,55.2099609375,1.430419921875
324,11,0,1,Day,,16.367145538330078,73.63285827636719,22.013065338134766,214.10000610351562,211.12620544433594,3.099400043487549,0.9861102104187012,17.339990615844727,3.609999895095825,=NA(),=NA(),1.042068362236023,1.4163999557495117,0.34380000829696655,0.08399999886751175,=NA(),20,1013.25,6.2819085121154785,15.144143104553223,230.39999389648438,213.25,17.150001525878906,26.777490615844727,1298.52001953125,1289.3499755859375,1286.0150146484375,39.23208999633789,2.0487313270568848,2.037616729736328,45.13427734375,2.1663284301757812,0.00726774986833334,0,0.00037831251393072307,0,9.1700439453125,3.3349609375
324,12,0,1,Day,,17.095829010009766,72.9041748046875,331.5587463378906,296.29998779296875,290.56195068359375,6.003300189971924,0.9806343913078308,17.92998695373535,3.390000104904175,=NA(),=NA(),1.0460519790649414,1.4163999557495117,0.34380000829696655,0.08399999886751175,=NA(),20,1013.25,-8.333307266235352,14.98049545288086,318.2750244140625,294.4700012207031,23.809999465942383,30.978113174438477,1816.1199951171875,1778.1500244140625,1773.3548583984375,39.02981948852539,2.839752435684204,2.817988395690918,45.15287780761719,2.998764753341675,0.010054999962449074,0,0.0005258125020191073,0,37.969970703125,4.795166015625
324,13,0,1,Day,,25.807247161865234,64.1927490234375,300.2507019042969,223.39999389648438,220.16139221191406,3.597399950027466,0.9855031371116638,17.230005264282227,3.1198999881744385,=NA(),=NA(),1.1104669570922852,1.4163999557495117,0.34380000829696655,0.08399999886751175,=NA(),20,1013.25,-22.67157745361328,12.669095993041992,234.5050048828125,212.64999389648438,21.854999542236328,26.8431339263916,1321.31005859375,1311.699951171875,1308.3966064453125,39.248497009277344,2.0834758281707764,2.037684202194214,45.15513610839844,2.203599691390991,0.007310125045478344,0,0.00046549999387934804,0,9.610107421875,3.3033447265625
324,14,0,1,Day,,37.19076156616211,52.80923843383789,284.0164489746094,129.7100067138672,128.66880798339844,1.3070000410079956,0.9919728636741638,17.3799991607666,3.1898999214172363,=NA(),=NA(),1.2545909881591797,1.4163999557495117,0.34380000829696655,0.08399999886751175,=NA(),20,1013.25,-36.360321044921875,8.418536186218262,130.41000366210938,112.77999877929688,17.630001068115234,22.793115615844727,704.239990234375,709.0399780273438,704.325439453125,39.19392013549805,1.1230548620224,1.0684574842453003,44.63373947143555,1.1999671459197998,0.0038814374711364508,0,0.00036462501157075167,0,-4.79998779296875,4.71453857421875
324,15,0,1,Day,,49.3076171875,40.6923828125,273.37994384765625,121,120.02532958984375,1.4948999881744385,0.9919448494911194,16.600000381469727,3.619999885559082,=NA(),=NA(),1.5319279432296753,1.4163999557495117,0.34380000829696655,0.08399999886751175,=NA(),20,1013.25,-49.25830078125,2.5621042251586914,117.50999450683594,94.87999725341797,22.630001068115234,21.51812171936035,616.1099853515625,623.1199951171875,617.6446533203125,39.25892639160156,0.9829104542732239,0.917800784111023,44.58319854736328,1.0559500455856323,0.0032636874821037054,0,0.00047306250780820847,0,-7.010009765625,5.475341796875
324,16,0,1,Day,,61.55686950683594,28.443130493164062,264.8545837402344,87.1050033569336,86.58037567138672,1.1015000343322754,0.9939770698547363,16.740015029907227,3.029900074005127,=NA(),=NA(),2.093336343765259,1.4163999557495117,0.34380000829696655,0.08399999886751175,=NA(),20,1013.25,-60,4.752217769622803,81.58499908447266,60.43499755859375,21.149999618530273,20.1975040435791,409.7300109863281,416.489990234375,409.2047119140625,39.067447662353516,0.6543782353401184,0.595657467842102,44.080848693847656,0.7150124311447144,0.0020951249171048403,0,0.0004384374769870192,0,-6.759979248046875,7.2852783203125
324,17,0,1,Day,,73.64152526855469,16.358476638793945,256.9986877441406,51.20000076293945,51.03137969970703,0.5986999869346619,0.9967066049575806,16.540002822875977,1.9500000476837158,=NA(),=NA(),3.5126090049743652,1.4163999557495117,0.34380000829696655,0.08399999886751175,=NA(),20,1013.25,-27.765031814575195,46.78414535522461,52.75,46.96500015258789,5.779999732971191,18.73125648498535,272.5899963378906,278.79998779296875,278.36724853515625,38.190555572509766,0.45551797747612,0.4401383697986603,43.61860275268555,0.4882749319076538,0.001596937538124621,0,0.00012562499614432454,0,-6.209991455078125,0.4327392578125
324,18,0,1,Day,,85.00250244140625,4.997495651245117,249.1961669921875,6.192500114440918,6.184433460235596,0.09260000288486481,0.9986973404884338,15.890008926391602,1.3899999856948853,=NA(),=NA(),10.312572479248047,1.4163999557495117,0.34380000829696655,0.08399999886751175,=NA(),20,1013.25,-7.743351459503174,77.77269744873047,6.670000076293945,6.159999847412109,0.5149999856948853,16.1768741607666,28.369998931884766,29.350000381469727,29.30141830444336,34.84660720825195,0.052554160356521606,0.05213162302970886,40.245296478271484,0.06219329684972763,0.00020831250003539026,0,0.000011500000255182385,0,-0.9800014495849609,0.04858207702636719
324,19,0,1,Night,,96.57984161376953,-6.579841613769531,240.26576232910156,0,0,0,0,14.390008926391602,1.4300999641418457,=NA(),0,64.81599426269531,1.4163999557495117,0.34380000829696655,0.08399999886751175,=NA(),20,1013.25,0,0,0,0,0,14.390008926391602,0,0,0,0,0,0,0,0,0,0,0,0,0,0
324,20,0,1,Night,,106.64674377441406,-16.64674186706543,230.17759704589844,0,0,0,0,14.110010147094727,1.4900000095367432,=NA(),0,64.81599426269531,1.4163999557495117,0.34380000829696655,0.08399999886751175,=NA(),20,1013.25,0,0,0,0,0,14.110010147094727,0,0,0,0,0,0,0,0,0,0,0,0,0,0
324,21,0,1,Night,,115.18788146972656,-25.187885284423828,218.15756225585938,0,0,0,0,13.610010147094727,1.51010000705719,=NA(),0,64.81599426269531,1.4163999557495117,0.34380000829696655,0.08399999886751175,=NA(),20,1013.25,0,0,0,0,0,13.610010147094727,0,0,0,0,0,0,0,0,0,0,0,0,0,0
324,22,0,1,Night,,121.51216888427734,-31.51216697692871,203.8168487548828,0,0,0,0,13.409997940063477,1.6700999736785889,=NA(),0,64.81599426269531,1.4163999557495117,0.34380000829696655,0.08399999886751175,=NA(),20,1013.25,0,0,0,0,0,13.409997940063477,0,0,0,0,0,0,0,0,0,0,0,0,0,0
324,23,0,1,Night,,124.8215560913086,-34.821556091308594,187.42042541503906,0,0,0,0,13.520013809204102,1.7300000190734863,=NA(),0,64.81599426269531,1.4163999557495117,0.34380000829696655,0.08399999886751175,=NA(),20,1013.25,0,0,0,0,0,13.520013809204102,0,0,0,0,0,0,0,0,0,0,0,0,0,0
325,0,0,1,Night,,124.56181335449219,-34.56181335449219,170.2535858154297,0,0,0,0,13.499994277954102,1.4900000095367432,=NA(),0,64.81599426269531,1.4163999557495117,0.34380000829696655,0.08399999886751175,=NA(),20,1013.25,0,0,0,0,0,13.499994277954102,0,0,0,0,0,0,0,0,0,0,0,0,0,0
325,1,0,1,Night,,120.78068542480469,-30.780689239501953,154.09629821777344,0,0,0,0,13.119989395141602,0.8798999786376953,=NA(),0,64.81599426269531,1.4163999557495117,0.34380000829696655,0.08399999886751175,=NA(),20,1013.25,0,0,0,0,0,13.119989395141602,0,0,0,0,0,0,0,0,0,0,0,0,0,0
325,2,0,1,Night,,114.09280395507812,-24.09280014038086,140.0943145751953,0,0,0,0,13.339990615844727,0.3400000035762787,=NA(),0,64.81599426269531,1.4163999557495117,0.34380000829696655,0.08399999886751175,=NA(),20,1013.25,0,0,0,0,0,13.339990615844727,0,0,0,0,0,0,0,0,0,0,0,0,0,0
325,3,0,1,Night,,105.29948425292969,-15.299480438232422,128.3873748779297,0,0,0,0,13.760004043579102,1.2400000095367432,=NA(),0,64.81599426269531,1.4163999557495117,0.34380000829696655,0.08399999886751175,=NA(),20,1013.25,0,0,0,0,0,13.760004043579102,0,0,0,0,0,0,0,0,0,0,0,0,0,0
325,4,0,1,Night,Sun below height limit of 1 degrees.,89.54488372802734,0.45511987805366516,114.53890228271484,0,0,0,0,13.860010147094727,2.220099925994873,=NA(),0,31.87872314453125,1.4163999557495117,0.34380000829696655,0.08399999886751175,=NA(),20,1013.25,0,0,0,0,0,13.860010147094727,0,0,0,0,0,0,0,0,0,0,0,0,0,0
325,5,0,1,Day,,83.65846252441406,6.341540813446045,109.95267486572266,47.80099868774414,47.46961212158203,3.000200033187866,0.9930673837661743,14.029993057250977,3.450000047683716,=NA(),=NA(),8.430428504943848,1.4163999557495117,0.34380000829696655,0.08399999886751175,=NA(),20,1013.25,9.843550682067871,74.4224624633789,56.46500015258789,52.75,3.7100000381469727,16.375635147094727,282.5299987792969,291.4599914550781,291.42413330078125,38.51311492919922,0.47292909026145935,0.46971163153648376,44.017486572265625,0.5047168731689453,0.0016995000187307596,0,0.00008237500151153654,0,-8.92999267578125,0.035858154296875
325,6,0,1,Day,,71.94290161132812,18.057098388671875,102.04277038574219,60.20600128173828,59.956912994384766,0.803600013256073,0.9958627223968506,14.700006484985352,4.570000171661377,=NA(),=NA(),3.1984663009643555,1.4163999557495117,0.34380000829696655,0.08399999886751175,=NA(),20,1013.25,31.8168888092041,41.097015380859375,61.279998779296875,53.83000183105469,7.444999694824219,17.2449893951416,319.6600036621094,328.6000061035156,327.4792785644531,38.74959182739258,0.5281336903572083,0.5072579383850098,44.0953483581543,0.5670357346534729,0.0018469999777153134,0,0.00015518750296905637,0,-8.94000244140625,1.1207275390625
325,7,0,1,Day,,59.815189361572266,30.1848087310791,94.18225860595703,147.41000366210938,145.9981689453125,2.808000087738037,0.9904223680496216,15.320001602172852,5.330100059509277,=NA(),=NA(),1.9837911128997803,1.4163999557495117,0.34380000829696655,0.08399999886751175,=NA(),20,1013.25,59.74874496459961,3.6143639087677,146.2449951171875,112.38499450683594,33.86499786376953,21.43999671936035,772.77001953125,781.5900268554688,771.840576171875,39.70766830444336,1.2144465446472168,1.1261889934539795,44.97443389892578,1.3095266819000244,0.003953875042498112,0,0.0006873750244267285,0,-8.82000732421875,9.74945068359375
325,8,0,1,Day,,47.55459976196289,42.44540023803711,85.52304077148438,469.010009765625,363.7208557128906,156.00999450683594,0.7755076885223389,16.959985733032227,5.490099906921387,=NA(),=NA(),1.480162262916565,1.4163999557495117,0.34380000829696655,0.08399999886751175,=NA(),20,1013.25,47.46739196777344,3.302109956741333,577.97998046875,527.3699951171875,50.61000061035156,40.52373504638672,3427.760009765625,3252.830078125,3253.77294921875,38.14731979370117,5.3310980796813965,5.198235988616943,45.03303146362305,5.628200054168701,0.01861187443137169,0,0.0010704374872148037,0,174.929931640625,-0.94287109375
325,9,0,1,Day,,35.47201919555664,54.52798080444336,74.47396087646484,543,413.99920654296875,158.39999389648438,0.7624294757843018,19.2499942779541,5.720099925994873,=NA(),=NA(),1.2272796630859375,1.4163999557495117,0.34380000829696655,0.08399999886751175,=NA(),20,1013.25,34.47172164916992,8.93616771697998,617.4449462890625,571.5700073242188,45.869998931884766,44.485008239746094,3670.14990234375,3436.52001953125,3436.509521484375,37.65530014038086,5.703988552093506,5.605843544006348,44.642967224121094,6.023946762084961,0.020071811974048615,0,0.0009800625266507268,0,233.6298828125,0.010498046875
325,10,0,1,Day,,24.24628448486328,65.75371551513672,57.027835845947266,548.6099853515625,445.3863830566406,113.20999908447266,0.8118451833724976,20.529993057250977,6.229899883270264,=NA(),=NA(),1.0964584350585938,1.4163999557495117,0.34380000829696655,0.08399999886751175,=NA(),20,1013.25,20.698936462402344,12.91433334350586,596.52001953125,555.5550537109375,40.96500015258789,44.891868591308594,3549.02001953125,3318.10009765625,3319.5712890625,37.56403350830078,5.523208141326904,5.476726531982422,44.527469635009766,5.836665630340576,0.019472938030958176,0,0.000894062512088567,0,230.919921875,-1.47119140625
325,11,0,1,Day,,16.175189971923828,73.8248062133789,22.466869354248047,649.7000122070312,459.4419250488281,198.10000610351562,0.7071601152420044,20.9999942779541,6.420000076293945,=NA(),=NA(),1.041051983833313,1.4163999557495117,0.34380000829696655,0.08399999886751175,=NA(),20,1013.25,6.325139999389648,14.917716979980469,695.6600341796875,650.8900146484375,44.76000213623047,49.516868591308594,4145.18994140625,3815.6201171875,3816.27392578125,37.024436950683594,6.4421563148498535,6.428157806396484,44.21747589111328,6.810539722442627,0.022752124816179276,0,0.0009891875088214874,0,329.56982421875,-0.65380859375
325,12,0,1,Day,,16.869449615478516,73.13055419921875,331.4190673828125,603.4000244140625,463.6826171875,146,0.7684497833251953,21.159997940063477,6.269999980926514,=NA(),=NA(),1.0447930097579956,1.4163999557495117,0.34380000829696655,0.08399999886751175,=NA(),20,1013.25,-8.254329681396484,14.763503074645996,647.1500244140625,604.905029296875,42.24500274658203,47.636863708496094,3850.590087890625,3566.8798828125,3568.312744140625,37.235965728759766,5.989359378814697,5.973248481750488,44.322940826416016,6.330637454986572,0.021141687408089638,0,0.0009308750159107149,0,283.710205078125,-1.432861328125
325,13,0,1,Day,,25.61786651611328,64.38213348388672,299.9508361816406,971.9000244140625,245.12261962890625,806.010009765625,0.25220969319343567,22.0200138092041,6.379899978637695,=NA(),=NA(),1.1087043285369873,1.4163999557495117,0.34380000829696655,0.08399999886751175,=NA(),20,1013.25,-22.561296463012695,12.466113090515137,1097.949951171875,1044.0250244140625,53.91999816894531,67.32686614990234,6700.169921875,5794.64990234375,5795.81201171875,34.69947814941406,10.439297676086426,10.415371894836426,42.87086486816406,11.087342262268066,0.03719500079751015,0,0.0012029999634250998,0,905.52001953125,-1.162109375
325,14,0,1,Day,,37.023658752441406,52.976341247558594,283.75567626953125,425.30999755859375,380.6761779785156,55.904998779296875,0.8950557708740234,21.9999942779541,6.859899997711182,=NA(),=NA(),1.2518328428268433,1.4163999557495117,0.34380000829696655,0.08399999886751175,=NA(),20,1013.25,-36.22538757324219,8.231857299804688,466.60498046875,422.45001220703125,44.154998779296875,41.141868591308594,2716.6201171875,2570.77001953125,2569.70703125,37.91929626464844,4.235551357269287,4.122223854064941,44.52504348754883,4.475574493408203,0.014738937839865685,0,0.0009275625343434513,0,145.85009765625,1.06298828125
325,15,0,1,Day,,49.1482048034668,40.8517951965332,273.1625061035156,298.6099853515625,284.67364501953125,21.305999755859375,0.9533292651176453,21.230005264282227,6.849899768829346,=NA(),=NA(),1.5270123481750488,1.4163999557495117,0.34380000829696655,0.08399999886751175,=NA(),20,1013.25,-49.10499572753906,2.3915984630584717,315.71002197265625,266.9700012207031,48.73999786376953,34.313743591308594,1767.5999755859375,1710.5999755859375,1704.4935302734375,38.6208381652832,2.757996082305908,2.618314027786255,44.65679931640625,2.9297823905944824,0.009284437634050846,0,0.0010223124409094453,0,57,6.1064453125
325,16,0,1,Day,,61.39702224731445,28.60297966003418,264.66827392578125,472.70001220703125,300.55078125,359.5899963378906,0.6358171701431274,21.45000648498535,6.579999923706055,=NA(),=NA(),2.082702398300171,1.4163999557495117,0.34380000829696655,0.08399999886751175,=NA(),20,1013.25,-60,4.854310035705566,760.0700073242188,706.5449829101562,53.52000045776367,52.532493591308594,4597.23974609375,4188.64013671875,4189.8681640625,36.65127182006836,7.14503812789917,7.007338047027588,44.02478790283203,7.561241149902344,0.025187687948346138,0,0.001121375011280179,0,408.599609375,-1.22802734375
325,17,0,1,Day,,73.47638702392578,16.523611068725586,256.83453369140625,108.58999633789062,107.51171112060547,3.791300058364868,0.990070104598999,20.3799991607666,5.710000038146973,=NA(),=NA(),3.479287624359131,1.4163999557495117,0.34380000829696655,0.08399999886751175,=NA(),20,1013.25,-28.17413902282715,46.25345993041992,123.83499908447266,112.44500732421875,11.390000343322754,25.47625160217285,677.6400146484375,675.7900390625,675.3408203125,38.48068618774414,1.0968419313430786,1.0657962560653687,44.1976203918457,1.1629592180252075,0.0038446250837296247,0,0.00024774999474175274,0,1.8499755859375,0.44921875
325,18,0,1,Day,,84.92549133300781,5.0745086669921875,248.9804229736328,11.095999717712402,11.087756156921387,0.09319999814033508,0.9992570877075195,18.32000160217285,5.250100135803223,=NA(),=NA(),10.183691024780273,1.4163999557495117,0.34380000829696655,0.08399999886751175,=NA(),20,1013.25,-7.877190589904785,77.581787109375,11.940000534057617,11.024999618530273,0.9199999570846558,18.82500648498535,55.17000198364258,56.48999786376953,56.390262603759766,35.59575653076172,0.09901130944490433,0.09822243452072144,40.94850540161133,0.11158525943756104,0.0003728749870788306,0,0.00002049999966402538,0,-1.3199958801269531,0.09973526000976562
325,19,0,1,Night,,96.38626098632812,-6.386260032653809,240.13571166992188,0,0,0,0,15.980005264282227,5.539999961853027,=NA(),0,64.81599426269531,1.4163999557495117,0.34380000829696655,0.08399999886751175,=NA(),20,1013.25,0,0,0,0,0,15.980005264282227,0,0,0,0,0,0,0,0,0,0,0,0,0,0
325,20,0,1,Night,,106.4440689086914,-16.444067001342773,230.06861877441406,0,0,0,0,14.719995498657227,5.189899921417236,=NA(),0,64.81599426269531,1.4163999557495117,0.34380000829696655,0.08399999886751175,=NA(),20,1013.25,0,0,0,0,0,14.719995498657227,0,0,0,0,0,0,0,0,0,0,0,0,0,0
325,21,0,1,Night,,114.9706802368164,-24.970678329467773,218.08070373535156,0,0,0,0,14.899988174438477,4.779900074005127,=NA(),0,64.81599426269531,1.4163999557495117,0.34380000829696655,0.08399999886751175,=NA(),20,1013.25,0,0,0,0,0,14.899988174438477,0,0,0,0,0,0,0,0,0,0,0,0,0,0
325,22,0,1,Night,,121.285400390625,-31.285402297973633,203.7899627685547,0,0,0,0,14.420007705688477,4.389900207519531,=NA(),0,64.81599426269531,1.4163999557495117,0.34380000829696655,0.08399999886751175,=NA(),20,1013.25,0,0,0,0,0,14.420007705688477,0,0,0,0,0,0,0,0,0,0,0,0,0,0
325,23,0,1,Night,,124.59626770019531,-34.59626770019531,187.4607696533203,0,0,0,0,14.339990615844727,4.269999980926514,=NA(),0,64.81599426269531,1.4163999557495117,0.34380000829696655,0.08399999886751175,=NA(),20,1013.25,0,0,0,0,0,14.339990615844727,0,0,0,0,0,0,0,0,0,0,0,0,0,0
326,0,0,1,Night,,124.35292053222656,-34.35292434692383,170.36285400390625,0,0,0,0,13.899988174438477,4.309899806976318,=NA(),0,64.81599426269531,1.4163999557495117,0.34380000829696655,0.08399999886751175,=NA(),20,1013.25,0,0,0,0,0,13.899988174438477,0,0,0,0,0,0,0,0,0,0,0,0,0,0
326,1,0,1,Night,,120.59981536865234,-30.59981346130371,154.2562713623047,0,0,0,0,13.089990615844727,4.260000228881836,=NA(),0,64.81599426269531,1.4163999557495117,0.34380000829696655,0.08399999886751175,=NA(),20,1013.25,0,0,0,0,0,13.089990615844727,0,0,0,0,0,0,0,0,0,0,0,0,0,0
326,2,0,1,Night,,113.9437026977539,-23.943700790405273,140.2816619873047,0,0,0,0,12.649988174438477,4.190000057220459,=NA(),0,64.81599426269531,1.4163999557495117,0.34380000829696655,0.08399999886751175,=NA(),20,1013.25,0,0,0,0,0,12.649988174438477,0,0,0,0,0,0,0,0,0,0,0,0,0,0
326,3,0,1,Night,,105.179931640625,-15.179929733276367,128.5869140625,0,0,0,0,12.399988174438477,4.409999847412109,=NA(),0,64.81599426269531,1.4163999557495117,0.34380000829696655,0.08399999886751175,=NA(),20,1013.25,0,0,0,0,0,12.399988174438477,0,0,0,0,0,0,0,0,0,0,0,0,0,0
326,4,0,1,Night,Sun below height limit of 1 degrees.,89.50446319580078,0.4955400228500366,114.78411102294922,0,0,0,0,10.409997940063477,4.800000190734863,=NA(),0,31.408058166503906,1.4163999557495117,0.34380000829696655,0.08399999886751175,=NA(),20,1013.25,0,0,0,0,0,10.409997940063477,0,0,0,0,0,0,0,0,0,0,0,0,0,0
326,5,0,1,Day,,83.58130645751953,6.418689727783203,110.16691589355469,121,109.69883728027344,101.08999633789062,0.9066019654273987,11.580011367797852,5.880099773406982,=NA(),=NA(),8.342150688171387,1.4163999557495117,0.34380000829696655,0.08399999886751175,=NA(),20,1013.25,9.982186317443848,74.22886657714844,199.79000854492188,193.9199981689453,5.869999885559082,20.003747940063477,927.2100219726562,942.3699951171875,942.760009765625,39.63869857788086,1.4864892959594727,1.4809658527374268,45.483428955078125,1.5693881511688232,0.005400124937295914,0,0.00013250000483822078,0,-15.15997314453125,-0.3900146484375
326,6,0,1,Day,,71.87904357910156,18.12095832824707,102.2711181640625,335.79998779296875,248.99314880371094,279.1000061035156,0.7414924502372742,14.740015029907227,6.420000076293945,=NA(),=NA(),3.1877875328063965,1.4163999557495117,0.34380000829696655,0.08399999886751175,=NA(),20,1013.25,32.025814056396484,40.87197494506836,581.4500122070312,560.7950439453125,20.665000915527344,38.23625946044922,3510.830078125,3357.989990234375,3360.124267578125,38.45683670043945,5.460916996002197,5.39724063873291,45.3754997253418,5.759540557861328,0.019700750708580017,0,0.00045018750824965537,0,152.840087890625,-2.13427734375
326,7,0,1,Day,,59.75901794433594,30.24098014831543,94.43560791015625,565.7999877929688,327.88140869140625,472.3999938964844,0.5795005559921265,17.93999671936035,6.469900131225586,=NA(),=NA(),1.9804774522781372,1.4163999557495117,0.34380000829696655,0.08399999886751175,=NA(),20,1013.25,59.68418502807617,3.8310160636901855,904.969970703125,846.905029296875,58.07500076293945,54.90123748779297,5524.3701171875,4994.7998046875,4997.22216796875,36.35934829711914,8.590232849121094,8.456059455871582,44.076175689697266,9.097570419311523,0.030400000512599945,0,0.001206812565214932,0,529.5703125,-2.42236328125
326,8,0,1,Day,,47.498565673828125,42.501434326171875,85.81964874267578,775.7999877929688,338.1407165527344,647.7999877929688,0.43586069345474243,19.659997940063477,6.099999904632568,=NA(),=NA(),1.4785876274108887,1.4163999557495117,0.34380000829696655,0.08399999886751175,=NA(),20,1013.25,47.42252731323242,3.0807547569274902,1069.534912109375,1017.6650390625,51.869998931884766,63.613731384277344,6520.93994140625,5716.93017578125,5719.95263671875,35.18489074707031,10.160623550415039,10.067432403564453,43.29026794433594,10.787406921386719,0.03623000159859657,0,0.0011269999668002129,0,804.009765625,-3.0224609375
326,9,0,1,Day,,35.404205322265625,54.595794677734375,74.84514617919922,932.0900268554688,297.71734619140625,778.2899780273438,0.3194083571434021,21.300012588500977,5.519999980926514,=NA(),=NA(),1.2262487411499023,1.4163999557495117,0.34380000829696655,0.08399999886751175,=NA(),20,1013.25,34.45225524902344,8.711336135864258,1138.965087890625,1088.719970703125,50.23999786376953,68.40813446044922,6933.58984375,5973.10986328125,5970.8779296875,34.56709671020508,10.79581356048584,10.756543159484863,42.80295181274414,11.446317672729492,0.03863043710589409,0,0.0011264374479651451,0,960.47998046875,2.23193359375
326,10,0,1,Day,,24.142271041870117,65.85772705078125,57.515869140625,1038.800048828125,247.2783203125,867.3900146484375,0.23804226517677307,22.55999183654785,5.070000171661377,=NA(),=NA(),1.0955662727355957,1.4163999557495117,0.34380000829696655,0.08399999886751175,=NA(),20,1013.25,20.710649490356445,12.68918514251709,1162.054931640625,1103.8499755859375,58.20500183105469,70.62813568115234,7088.91015625,6056.64013671875,6057.7548828125,34.247745513916016,11.055026054382324,11.03376579284668,42.565467834472656,11.750293731689453,0.03936149924993515,0,0.0013019375037401915,0,1032.27001953125,-1.11474609375
326,11,0,1,Day,,15.990869522094727,74.0091323852539,22.9340877532959,1069.699951171875,210.67727661132812,893.5999755859375,0.19694988429546356,22.9999942779541,4.820000171661377,=NA(),=NA(),1.0400887727737427,1.4163999557495117,0.34380000829696655,0.08399999886751175,=NA(),20,1013.25,6.37178897857666,14.697052955627441,1141.7149658203125,1075.844970703125,65.86500549316406,70.34249114990234,6920.18994140625,5918.3701171875,5918.8203125,34.29830551147461,10.78555679321289,10.767372131347656,42.551979064941406,11.462800979614258,0.038221437484025955,0,0.0014574375236406922,0,1001.81982421875,-0.4501953125
326,12,0,1,Day,,16.64735221862793,73.35264587402344,331.29400634765625,1065.0999755859375,212.58535766601562,889.8099975585938,0.19959193468093872,23.360010147094727,4.820000171661377,=NA(),=NA(),1.043576717376709,1.4163999557495117,0.34380000829696655,0.08399999886751175,=NA(),20,1013.25,-8.172962188720703,14.552719116210938,1140.60498046875,1075.155029296875,65.44999694824219,70.61437225341797,6928.06982421875,5919.0498046875,5920.13330078125,34.25769805908203,10.800736427307129,10.786829948425293,42.519325256347656,11.478843688964844,0.03828581050038338,0,0.0014388124691322446,0,1009.02001953125,-1.08349609375
326,13,0,1,Day,,25.430667877197266,64.5693359375,299.6620178222656,980.2100219726562,244.07965087890625,815.1099853515625,0.24900750815868378,23.399988174438477,4.96999979019165,=NA(),=NA(),1.106979489326477,1.4163999557495117,0.34380000829696655,0.08399999886751175,=NA(),20,1013.25,-22.449560165405273,12.269590377807617,1106.7750244140625,1052.409912109375,54.36499786376953,69.16374969482422,6753.6298828125,5801.10009765625,5801.22314453125,34.4625244140625,10.520891189575195,10.495075225830078,42.65210723876953,11.176128387451172,0.03749562427401543,0,0.001213187468238175,0,952.52978515625,-0.123046875
326,14,0,1,Day,,36.857669830322266,53.142330169677734,283.5040588378906,841.489990234375,291.9700927734375,686.7899780273438,0.34696799516677856,23.920007705688477,5.150000095367432,=NA(),=NA(),1.2491157054901123,1.4163999557495117,0.34380000829696655,0.08399999886751175,=NA(),20,1013.25,-36.08983612060547,8.0518159866333,1040.7550048828125,994.635009765625,46.12000274658203,66.86998748779297,6329.25,5481.93994140625,5483.12841796875,34.772117614746094,9.855476379394531,9.811115264892578,42.81240463256836,10.464653015136719,0.035214249044656754,0,0.0010316874831914902,0,847.31005859375,-1.1884765625
326,15,0,1,Day,,48.98942947387695,41.01057052612305,272.952880859375,567.1099853515625,346.0302429199219,336.9100036621094,0.6101642847061157,24.089990615844727,5.429900169372559,=NA(),=NA(),1.522159218788147,1.4163999557495117,0.34380000829696655,0.08399999886751175,=NA(),20,1013.25,-48.95172882080078,2.2277863025665283,756.7449951171875,707.0999755859375,49.63999938964844,55.100608825683594,4579.8203125,4134.7001953125,4136.154296875,36.30284118652344,7.121082782745361,7.006558895111084,43.68470764160156,7.541123390197754,0.025142312049865723,0,0.0010673125507310033,0,445.1201171875,-1.4541015625
326,16,0,1,Day,,61.23747253417969,28.762527465820312,264.4890441894531,221.88999938964844,214.0010528564453,16.395000457763672,0.9644466042518616,22.7700138092041,5.360000133514404,=NA(),=NA(),2.072211265563965,1.4163999557495117,0.34380000829696655,0.08399999886751175,=NA(),20,1013.25,-60,4.958375453948975,243.69500732421875,196.80999755859375,46.88500213623047,32.92626190185547,1340.030029296875,1302.3599853515625,1293.25390625,38.63682556152344,2.0915443897247314,1.9674135446548462,44.35306930541992,2.2352354526519775,0.006913437508046627,0,0.0009691874729469419,0,37.6700439453125,9.1060791015625
326,17,0,1,Day,,73.3115463256836,16.688453674316406,256.6771240234375,213.10000610351562,188.51702880859375,85.6050033569336,0.8846411108970642,21.7600040435791,4.190000057220459,=NA(),=NA(),3.446669816970825,1.4163999557495117,0.34380000829696655,0.08399999886751175,=NA(),20,1013.25,-28.587810516357422,45.71944808959961,321.97998046875,305.91998291015625,16.065000534057617,34.85625457763672,1879.5999755859375,1816.010009765625,1816.84375,38.38701248168945,2.958110809326172,2.912645101547241,44.695533752441406,3.123122215270996,0.010583249852061272,0,0.00035531248431652784,0,63.5899658203125,-0.833740234375
326,18,0,1,Day,,84.84589385986328,5.1541056632995605,248.77374267578125,5.899400234222412,5.899400234222412,0,1,20.279993057250977,4.099999904632568,=NA(),=NA(),10.05362319946289,1.4163999557495117,0.34380000829696655,0.08399999886751175,=NA(),20,1013.25,-8.015323638916016,77.38433837890625,6.340000152587891,5.850000381469727,0.48500001430511475,20.550622940063477,26.760000228881836,27.200000762939453,27.207162857055664,34.024024963378906,0.04997771233320236,0.049602095037698746,39.46675491333008,0.059323500841856,0.00019843749760184437,0,0.000010687499525374733,0,-0.4400005340576172,-0.0071620941162109375
326,19,0,1,Night,,96.19328308105469,-6.1932806968688965,240.01229858398438,0,0,0,0,18.029993057250977,5.259900093078613,=NA(),0,64.81599426269531,1.4163999557495117,0.34380000829696655,0.08399999886751175,=NA(),20,1013.25,0,0,0,0,0,18.029993057250977,0,0,0,0,0,0,0,0,0,0,0,0,0,0
326,20,0,1,Night,,106.24349975585938,-16.243501663208008,229.96633911132812,0,0,0,0,17.149988174438477,5.9899001121521,=NA(),0,64.81599426269531,1.4163999557495117,0.34380000829696655,0.08399999886751175,=NA(),20,1013.25,0,0,0,0,0,17.149988174438477,0,0,0,0,0,0,0,0,0,0,0,0,0,0
326,21,0,1,Night,,114.75685119628906,-24.756853103637695,218.0104522705078,0,0,0,0,16.740015029907227,6.280099868774414,=NA(),0,64.81599426269531,1.4163999557495117,0.34380000829696655,0.08399999886751175,=NA(),20,1013.25,0,0,0,0,0,16.740015029907227,0,0,0,0,0,0,0,0,0,0,0,0,0,0
326,22,0,1,Night,,121.063232421875,-31.063232421875,203.76895141601562,0,0,0,0,15.600000381469727,6.389900207519531,=NA(),0,64.81599426269531,1.4163999557495117,0.34380000829696655,0.08399999886751175,=NA(),20,1013.25,0,0,0,0,0,15.600000381469727,0,0,0,0,0,0,0,0,0,0,0,0,0,0
326,23,0,1,Night,,124.37663269042969,-34.37663650512695,187.50531005859375,0,0,0,0,15.200006484985352,6.469900131225586,=NA(),0,64.81599426269531,1.4163999557495117,0.34380000829696655,0.08399999886751175,=NA(),20,1013.25,0,0,0,0,0,15.200006484985352,0,0,0,0,0,0,0,0,0,0,0,0,0,0
327,0,0,1,Night,,124.15033721923828,-34.15033721923828,170.4740753173828,0,0,0,0,14.700006484985352,6.120100021362305,=NA(),0,64.81599426269531,1.4163999557495117,0.34380000829696655,0.08399999886751175,=NA(),20,1013.25,0,0,0,0,0,14.700006484985352,0,0,0,0,0,0,0,0,0,0,0,0,0,0
327,1,0,1,Night,,120.42537689208984,-30.425378799438477,154.4161834716797,0,0,0,0,14.219995498657227,5.139999866485596,=NA(),0,64.81599426269531,1.4163999557495117,0.34380000829696655,0.08399999886751175,=NA(),20,1013.25,0,0,0,0,0,14.219995498657227,0,0,0,0,0,0,0,0,0,0,0,0,0,0
327,2,0,1,Night,,113.80077362060547,-23.800777435302734,140.46759033203125,0,0,0,0,14.270013809204102,4.559999942779541,=NA(),0,64.81599426269531,1.4163999557495117,0.34380000829696655,0.08399999886751175,=NA(),20,1013.25,0,0,0,0,0,14.270013809204102,0,0,0,0,0,0,0,0,0,0,0,0,0,0
327,3,0,1,Night,,105.06609344482422,-15.06609058380127,128.78416442871094,0,0,0,0,13.830011367797852,4.570000171661377,=NA(),0,64.81599426269531,1.4163999557495117,0.34380000829696655,0.08399999886751175,=NA(),20,1013.25,0,0,0,0,0,13.830011367797852,0,0,0,0,0,0,0,0,0,0,0,0,0,0
327,4,0,1,Night,Sun below height limit of 1 degrees.,89.47257995605469,0.5274215340614319,115.01913452148438,0,0,0,0,13.830011367797852,5.109899997711182,=NA(),0,31.044004440307617,1.4163999557495117,0.34380000829696655,0.08399999886751175,=NA(),20,1013.25,0,0,0,0,0,13.830011367797852,0,0,0,0,0,0,0,0,0,0,0,0,0,0
327,5,0,1,Day,,83.51277160644531,6.487232208251953,110.37793731689453,116.41000366210938,105.67594909667969,95.00700378417969,0.9077909588813782,14.969995498657227,5.880099773406982,=NA(),=NA(),8.265192031860352,1.4163999557495117,0.34380000829696655,0.08399999886751175,=NA(),20,1013.25,10.107381820678711,74.05673217773438,189.114990234375,183.26499938964844,5.845000267028809,22.948755264282227,884.5,889.9299926757812,890.2015380859375,39.15706253051758,1.4208829402923584,1.4153335094451904,45.000091552734375,1.5017503499984741,0.005155562423169613,0,0.0001320000010309741,0,-5.42999267578125,-0.27154541015625
327,6,0,1,Day,,71.82161712646484,18.178382873535156,102.49581146240234,322.010009765625,241.0489959716797,259.510009765625,0.7485761046409607,17.5100040435791,6.179999828338623,=NA(),=NA(),3.1782491207122803,1.4163999557495117,0.34380000829696655,0.08399999886751175,=NA(),20,1013.25,32.2193717956543,40.66883087158203,552.0350341796875,531.64501953125,20.389999389648438,39.85375213623047,3328.75,3165.969970703125,3168.28564453125,38.20156478881836,5.183541774749756,5.120088577270508,45.067237854003906,5.4705705642700195,0.01868012547492981,0,0.00044249999336898327,0,162.780029296875,-2.315673828125
327,7,0,1,Day,,59.70883560180664,30.29116439819336,94.68480682373047,547.010009765625,317.5105285644531,455,0.5804473757743835,19.7499942779541,5.410099983215332,=NA(),=NA(),1.9775280952453613,1.4163999557495117,0.34380000829696655,0.08399999886751175,=NA(),20,1013.25,59.6252555847168,4.044052600860596,872.5,816.1600341796875,56.345001220703125,55.41686248779297,5325.14013671875,4805.22998046875,4807.14013671875,36.29140090942383,8.278947830200195,8.148107528686523,43.93802261352539,8.768415451049805,0.029292438179254532,0,0.0011718750465661287,0,519.91015625,-1.91015625
327,8,0,1,Day,,47.44882583618164,42.55117416381836,86.11156463623047,789.0999755859375,343.5198669433594,658.9000244140625,0.43533122539520264,21.6199893951416,4.229899883270264,=NA(),=NA(),1.4771937131881714,1.4163999557495117,0.34380000829696655,0.08399999886751175,=NA(),20,1013.25,47.38303756713867,2.8634982109069824,1087.044921875,1034.235107421875,52.810001373291016,66.39311981201172,6626,5750.16015625,5753.05810546875,34.815311431884766,10.327919006347656,10.233158111572266,42.967506408691406,10.974516868591309,0.036819376051425934,0,0.001147437491454184,0,875.83984375,-2.89794921875
327,9,0,1,Day,,35.343299865722656,54.656700134277344,75.2114028930664,889.3900146484375,285.0455627441406,740.8900146484375,0.3204955756664276,23.33001136779785,3.059999942779541,=NA(),=NA(),1.2253259420394897,1.4163999557495117,0.34380000829696655,0.08399999886751175,=NA(),20,1013.25,34.43775939941406,8.49120044708252,1087.5999755859375,1040,47.605003356933594,68.23812103271484,6626.16015625,5710.93017578125,5712.4951171875,34.57979202270508,10.324844360351562,10.289682388305664,42.73137664794922,10.968396186828613,0.03689906373620033,0,0.001068562502041459,0,915.22998046875,-1.56494140625
327,10,0,1,Day,,24.046092987060547,65.95390319824219,58.001644134521484,450,410.0942077636719,43.698001861572266,0.9113204479217529,23.6299991607666,2.509999990463257,=NA(),=NA(),1.0947457551956177,1.4163999557495117,0.34380000829696655,0.08399999886751175,=NA(),20,1013.25,20.726634979248047,12.469332695007324,483.55999755859375,446.5250244140625,37.035003662109375,43.44561004638672,2835.35986328125,2662.2099609375,2662.42529296875,37.611572265625,4.424234867095947,4.371344089508057,44.3007926940918,4.677854061126709,0.015533375553786755,0,0.0008030625176616013,0,173.14990234375,-0.21533203125
327,11,0,1,Day,,15.814325332641602,74.18567657470703,23.41429901123047,885.4099731445312,307.9276123046875,600.2000122070312,0.34777969121932983,24.480005264282227,2.5,=NA(),=NA(),1.0391780138015747,1.4163999557495117,0.34380000829696655,0.08399999886751175,=NA(),20,1013.25,6.421821594238281,14.482258796691895,945.4149780273438,890.2049560546875,55.20500183105469,63.488121032714844,5731.7001953125,5024.77001953125,5025.25927734375,35.23102569580078,8.914833068847656,8.900795936584473,43.0459098815918,9.455243110656738,0.031576626002788544,0,0.0012211875291541219,0,706.93017578125,-0.4892578125
327,12,0,1,Day,,16.429636001586914,73.57036590576172,331.1842346191406,755.4000244140625,412.0179443359375,358,0.5454301238059998,25.860010147094727,2.509999990463257,=NA(),=NA(),1.0424021482467651,1.4163999557495117,0.34380000829696655,0.08399999886751175,=NA(),20,1013.25,-8.089253425598145,14.348252296447754,809.4549560546875,759.7550048828125,49.70000076293945,59.183128356933594,4875.580078125,4338.740234375,4339.591796875,35.778724670410156,7.5806074142456055,7.565364837646484,43.2786865234375,8.032512664794922,0.02680043689906597,0,0.0010942500084638596,0,536.83984375,-0.8515625
327,13,0,1,Day,,25.24578285217285,64.75421905517578,299.38458251953125,443.29998779296875,405.3115539550781,42,0.9143053293228149,25.80999183654785,2.3399999141693115,=NA(),=NA(),1.105292797088623,1.4163999557495117,0.34380000829696655,0.08399999886751175,=NA(),20,1013.25,-22.336532592773438,12.079669952392578,476.5400085449219,439.25,37.290000915527344,45.383750915527344,2790.85009765625,2602.47998046875,2601.851806640625,37.34534454345703,4.354403018951416,4.291952610015869,44.01602554321289,4.605241775512695,0.015281437896192074,0,0.0008038125233724713,0,188.3701171875,0.628173828125
327,14,0,1,Day,,36.692901611328125,53.307098388671875,283.2617492675781,244.10000610351562,240.2451934814453,4.807400226593018,0.9842080473899841,25.32000160217285,2.0999999046325684,=NA(),=NA(),1.2464402914047241,1.4163999557495117,0.34380000829696655,0.08399999886751175,=NA(),20,1013.25,-35.95382308959961,7.878486633300781,250.28500366210938,219.02499389648438,31.260000228881836,35.688133239746094,1397.760009765625,1345.5,1342.6068115234375,38.050750732421875,2.205165147781372,2.1144754886627197,44.055274963378906,2.3379757404327393,0.007563749793916941,0,0.0006463750032708049,0,52.260009765625,2.8931884765625
327,15,0,1,Day,,48.83134841918945,41.16865158081055,272.7512512207031,194.89999389648438,192.46437072753906,3.700000047683716,0.9875032305717468,25.339990615844727,1.7100000381469727,=NA(),=NA(),1.517369270324707,1.4163999557495117,0.34380000829696655,0.08399999886751175,=NA(),20,1013.25,-48.79860305786133,2.0707318782806396,195.42999267578125,160.97000122070312,34.459999084472656,33.521263122558594,1058.7099609375,1026.300048828125,1019.6295166015625,38.201683044433594,1.6677134037017822,1.5691752433776855,43.856895446777344,1.7824642658233643,0.0055595627054572105,0,0.0007207500166259706,0,32.409912109375,6.6705322265625
327,16,0,1,Day,,61.07870101928711,28.92129898071289,264.3170471191406,146.6999969482422,145.29612731933594,2.902899980545044,0.9904303550720215,24.920007705688477,1.26010000705719,=NA(),=NA(),2.0618903636932373,1.4163999557495117,0.34380000829696655,0.08399999886751175,=NA(),20,1013.25,-60,5.063714981079102,146.61000061035156,112.80500030517578,33.80000305175781,31.1037540435791,772.5,754.9600219726562,745.35498046875,38.325077056884766,1.2151081562042236,1.1207621097564697,43.636714935302734,1.312399983406067,0.00394331244751811,0,0.0006963125197216868,0,17.53997802734375,9.60504150390625
327,17,0,1,Day,,73.14771270751953,16.852285385131836,256.5264892578125,35.70899963378906,35.61985397338867,0.3075000047683716,0.9975035786628723,24.1299991607666,0.9300000071525574,=NA(),=NA(),3.414870500564575,1.4163999557495117,0.34380000829696655,0.08399999886751175,=NA(),20,1013.25,-29.004444122314453,45.18429183959961,36.599998474121094,32.45000076293945,4.150000095367432,25.6662540435791,184.74000549316406,184.0500030517578,183.7581329345703,36.52895736694336,0.3143758177757263,0.302490770816803,41.95863723754883,0.33990103006362915,0.0011054999195039272,0,0.00008925000292947516,0,0.69000244140625,0.2918701171875
327,18,0,1,Day,,84.7488784790039,5.251119613647461,248.58766174316406,3.3989999294281006,3.3989999294281006,0,1,22.83001136779785,0.8500000238418579,=NA(),=NA(),9.89926528930664,1.4163999557495117,0.34380000829696655,0.08399999886751175,=NA(),20,1013.25,-8.180818557739258,77.14352416992188,3.6550002098083496,3.369999885559082,0.2800000011920929,22.990015029907227,13.670000076293945,13.680000305175781,13.707658767700195,32.33552169799805,0.02649487555027008,0.02627677470445633,37.92466354370117,0.034212518483400345,0.00011425000411691144,0,0.00000650000038149301,0,-0.010000228881835938,-0.027658462524414062
327,19,0,1,Night,Sun below height limit of 1 degrees.,89.9977798461914,0.002221860457211733,244.35726928710938,0,0,0,0,21.899988174438477,1.4499000310897827,=NA(),0,37.89596176147461,1.4163999557495117,0.34380000829696655,0.08399999886751175,=NA(),20,1013.25,0,0,0,0,0,21.899988174438477,0,0,0,0,0,0,0,0,0,0,0,0,0,0
327,20,0,1,Night,,106.04512786865234,-16.04513168334961,229.87088012695312,0,0,0,0,21.550012588500977,2.0999999046325684,=NA(),0,64.81599426269531,1.4163999557495117,0.34380000829696655,0.08399999886751175,=NA(),20,1013.25,0,0,0,0,0,21.550012588500977,0,0,0,0,0,0,0,0,0,0,0,0,0,0
327,21,0,1,Night,,114.54633331298828,-24.546329498291016,217.9468231201172,0,0,0,0,20.860010147094727,2.639899969100952,=NA(),0,64.81599426269531,1.4163999557495117,0.34380000829696655,0.08399999886751175,=NA(),20,1013.25,0,0,0,0,0,20.860010147094727,0,0,0,0,0,0,0,0,0,0,0,0,0,0
327,22,0,1,Night,,120.84538269042969,-30.84538459777832,203.75376892089844,0,0,0,0,21.08001136779785,3.4900999069213867,=NA(),0,64.81599426269531,1.4163999557495117,0.34380000829696655,0.08399999886751175,=NA(),20,1013.25,0,0,0,0,0,21.08001136779785,0,0,0,0,0,0,0,0,0,0,0,0,0,0
327,23,0,1,Night,,124.16239166259766,-34.162391662597656,187.5540008544922,0,0,0,0,20.540002822875977,4.220099925994873,=NA(),0,64.81599426269531,1.4163999557495117,0.34380000829696655,0.08399999886751175,=NA(),20,1013.25,0,0,0,0,0,20.540002822875977,0,0,0,0,0,0,0,0,0,0,0,0,0,0
328,0,0,1,Night,,123.95378112792969,-33.95378112792969,170.5872344970703,0,0,0,0,19.899988174438477,4.639999866485596,=NA(),0,64.81599426269531,1.4163999557495117,0.34380000829696655,0.08399999886751175,=NA(),20,1013.25,0,0,0,0,0,19.899988174438477,0,0,0,0,0,0,0,0,0,0,0,0,0,0
328,1,0,1,Night,,120.25713348388672,-30.257131576538086,154.57601928710938,0,0,0,0,19.600000381469727,4.71999979019165,=NA(),0,64.81599426269531,1.4163999557495117,0.34380000829696655,0.08399999886751175,=NA(),20,1013.25,0,0,0,0,0,19.600000381469727,0,0,0,0,0,0,0,0,0,0,0,0,0,0
328,2,0,1,Night,,113.66395568847656,-23.663955688476562,140.65203857421875,0,0,0,0,19.2499942779541,4.659999847412109,=NA(),0,64.81599426269531,1.4163999557495117,0.34380000829696655,0.08399999886751175,=NA(),20,1013.25,0,0,0,0,0,19.2499942779541,0,0,0,0,0,0,0,0,0,0,0,0,0,0
328,3,0,1,Night,,104.95784759521484,-14.957847595214844,128.97911071777344,0,0,0,0,18.8900089263916,4.590000152587891,=NA(),0,64.81599426269531,1.4163999557495117,0.34380000829696655,0.08399999886751175,=NA(),20,1013.25,0,0,0,0,0,18.8900089263916,0,0,0,0,0,0,0,0,0,0,0,0,0,0
328,4,0,1,Night,Sun below height limit of 1 degrees.,89.44413757324219,0.5558642745018005,115.24862670898438,0,0,0,0,18.089990615844727,4.75,=NA(),0,30.724323272705078,1.4163999557495117,0.34380000829696655,0.08399999886751175,=NA(),20,1013.25,0,0,0,0,0,18.089990615844727,0,0,0,0,0,0,0,0,0,0,0,0,0,0
328,5,0,1,Day,,83.44943237304688,6.550567626953125,110.58562469482422,8.90779972076416,8.895570755004883,0.10719999670982361,0.9986271858215332,16.899988174438477,5.029900074005127,=NA(),=NA(),8.195277214050293,1.4163999557495117,0.34380000829696655,0.08399999886751175,=NA(),20,1013.25,10.224541664123535,73.89755249023438,9.565000534057617,8.809999465942383,0.75,17.305017471313477,43.02000045776367,44.310001373291016,44.2396240234375,35.39210891723633,0.07812381535768509,0.07744545489549637,40.764892578125,0.08930874615907669,0.0002985625178553164,0,0.00001662499926169403,0,-1.2900009155273438,0.07037734985351562
328,6,0,1,Day,,71.76966857910156,18.230335235595703,102.71672058105469,103.9000015258789,103.14846801757812,2.4022998809814453,0.9927667379379272,17.409997940063477,4.770100116729736,=NA(),=NA(),3.169670581817627,1.4163999557495117,0.34380000829696655,0.08399999886751175,=NA(),20,1013.25,32.39976119995117,40.484375,114.06999969482422,101.78500366210938,12.28499984741211,22.108118057250977,621.6199951171875,627.4299926757812,626.447509765625,38.89912033081055,1.0064525604248047,0.9715611338615417,44.51988220214844,1.0689066648483276,0.003513062372803688,0,0.0002551875077188015,0,-5.80999755859375,0.98248291015625
328,7,0,1,Day,,59.66455841064453,30.335439682006836,94.92967987060547,606.2999877929688,350.5873107910156,506.29998779296875,0.578240692615509,19.93999671936035,4.730000019073486,=NA(),=NA(),1.9749341011047363,1.4163999557495117,0.34380000829696655,0.08399999886751175,=NA(),20,1013.25,59.5719108581543,4.25338077545166,970.2850341796875,908.8150024414062,61.470001220703125,59.743125915527344,5923.02001953125,5264.52001953125,5266.205078125,35.71993637084961,9.214683532714844,9.071573257446289,43.59257888793945,9.768603324890137,0.0326189361512661,0,0.001280562486499548,0,658.5,-1.68505859375
328,8,0,1,Day,,47.40524673461914,42.59475326538086,86.39855194091797,561.5999755859375,355.444091796875,304.6000061035156,0.6329132914543152,21.100000381469727,4.889999866485596,=NA(),=NA(),1.4759756326675415,1.4163999557495117,0.34380000829696655,0.08399999886751175,=NA(),20,1013.25,47.34880828857422,2.650437593460083,731.875,682.719970703125,49.154998779296875,51.01750946044922,4412.259765625,4041,4042.41748046875,36.839439392089844,6.858319282531738,6.743081092834473,44.14210891723633,7.254978179931641,0.0242063757032156,0,0.0010505624813959002,0,371.259765625,-1.41748046875
328,9,0,1,Day,,35.28913497924805,54.71086502075195,75.57235717773438,260.3999938964844,255.916015625,5.4934000968933105,0.982780396938324,21.899988174438477,5.019899845123291,=NA(),=NA(),1.224507451057434,1.4163999557495117,0.34380000829696655,0.08399999886751175,=NA(),20,1013.25,34.42808151245117,8.275829315185547,268.2349853515625,236.239990234375,31.990001678466797,32.969383239746094,1505.6099853515625,1463.5,1460.9923095703125,38.52112579345703,2.37030291557312,2.2791764736175537,44.554325103759766,2.511066436767578,0.00815768726170063,0,0.0006646250258199871,0,42.1099853515625,2.5076904296875
328,10,0,1,Day,,23.957637786865234,66.04236602783203,58.484474182128906,246.41000366210938,242.46949768066406,4.311999797821045,0.9840083122253418,19.6199893951416,4.7600998878479,=NA(),=NA(),1.0939949750900269,1.4163999557495117,0.34380000829696655,0.08399999886751175,=NA(),20,1013.25,20.74677848815918,12.254837036132812,259.8999938964844,236.7100067138672,23.189998626708984,30.279382705688477,1471.97998046875,1444.2099609375,1442.2530517578125,38.840450286865234,2.3207740783691406,2.279982089996338,44.87854766845703,2.45428204536438,0.008132562041282654,0,0.0004985624691471457,0,27.77001953125,1.9569091796875
328,11,0,1,Day,,15.645626068115234,74.35437774658203,23.90700912475586,464.1000061035156,424.4207763671875,41.20600128173828,0.9145028591156006,21.80999183654785,3.9899001121520996,=NA(),=NA(),1.0383182764053345,1.4163999557495117,0.34380000829696655,0.08399999886751175,=NA(),20,1013.25,6.475175380706787,14.2733793258667,498.05499267578125,463.70501708984375,34.349998474121094,42.206260681152344,2914.550048828125,2748.719970703125,2749.265869140625,37.80021667480469,4.545719623565674,4.529980182647705,44.51482391357422,4.802993297576904,0.016025561839342117,0,0.0007585000130347908,0,165.830078125,-0.5458984375
328,12,0,1,Day,,16.216251373291016,73.78375244140625,331.0904541015625,248.5,244.56263732910156,4.100500106811523,0.9841554760932922,21.20000648498535,3.130000114440918,=NA(),=NA(),1.041268229484558,1.4163999557495117,0.34380000829696655,0.08399999886751175,=NA(),20,1013.25,-8.00318431854248,14.150089263916016,267.0249938964844,246.98001098632812,20.045000076293945,32.149986267089844,1513.1700439453125,1475.1700439453125,1474.025146484375,38.56997299194336,2.3885562419891357,2.376737594604492,44.675376892089844,2.5232279300689697,0.008421937003731728,0,0.00044293751125223935,0,38,1.1448974609375
328,13,0,1,Day,,25.063020706176758,64.93698120117188,299.1189880371094,55.90800094604492,55.71641540527344,0.21150000393390656,0.9965732097625732,21.1400089263916,3.049999952316284,=NA(),=NA(),1.1036416292190552,1.4163999557495117,0.34380000829696655,0.08399999886751175,=NA(),20,1013.25,-22.222074508666992,11.896330833435059,58.34000015258789,52.69499969482422,5.644999980926514,23.558740615844727,306.3800048828125,307.739990234375,307.5013732910156,37.60972213745117,0.5109866261482239,0.49954864382743835,43.12152862548828,0.5466002821922302,0.0018033124506473541,0,0.00012037499982398003,0,-1.3599853515625,0.238616943359375
328,14,0,1,Day,,36.529090881347656,53.470909118652344,283.0290832519531,103.9000015258789,103.25225830078125,0.8061000108718872,0.9937657117843628,19.05999183654785,3.700000047683716,=NA(),=NA(),1.2438019514083862,1.4163999557495117,0.34380000829696655,0.08399999886751175,=NA(),20,1013.25,-35.81712341308594,7.711907863616943,104.18499755859375,90.08999633789062,14.094999313354492,23.3850040435791,556.3800048828125,559.0499877929688,557.2504272460938,38.625701904296875,0.9015547037124634,0.8598092794418335,44.152652740478516,0.9612487554550171,0.003099687397480011,0,0.00029018751229159534,0,-2.66998291015625,1.799560546875
328,15,0,1,Day,,48.673648834228516,41.326351165771484,272.55780029296875,15.607999801635742,15.601792335510254,0.009399999864399433,0.9996023178100586,19.300012588500977,4.060100078582764,=NA(),=NA(),1.512632131576538,1.4163999557495117,0.34380000829696655,0.08399999886751175,=NA(),20,1013.25,-48.64532470703125,1.920526385307312,14.944999694824219,12.005000114440918,2.940000057220459,19.944360733032227,67.7300033569336,69.05999755859375,68.4623031616211,35.946903228759766,0.11898697167634964,0.10994448512792587,41.11570358276367,0.1343689113855362,0.00041193750803358853,0,0.00006143750215414912,0,-1.3299942016601562,0.5976943969726562
328,16,0,1,Day,,60.919925689697266,29.080074310302734,264.15228271484375,47.80099868774414,47.655433654785156,0.2994999885559082,0.9969547986984253,19.399988174438477,3.9198999404907227,=NA(),=NA(),2.0516867637634277,1.4163999557495117,0.34380000829696655,0.08399999886751175,=NA(),20,1013.25,-60,5.169437885284424,44.40999984741211,32.73500061035156,11.674999237060547,21.297510147094727,215.27999877929688,218.1199951171875,214.06869506835938,37.91072082519531,0.35276851058006287,0.3187369108200073,42.84589767456055,0.3903762698173523,0.001139437546953559,0,0.00023950000468175858,0,-2.839996337890625,4.051300048828125
328,17,0,1,Day,,72.98357391357422,17.016427993774414,256.38275146484375,63.09700012207031,62.8353157043457,0.8942000269889832,0.9958526492118835,19.6299991607666,3.7499001026153564,=NA(),=NA(),3.3836143016815186,1.4163999557495117,0.34380000829696655,0.08399999886751175,=NA(),20,1013.25,-29.427310943603516,44.643577575683594,65.125,57.77000045776367,7.354999542236328,22.3381290435791,340.94000244140625,344,343.306884765625,38.008209228515625,0.5644785165786743,0.5428099036216736,43.4759521484375,0.6040304899215698,0.001970437588170171,0,0.00015768749290145934,0,-3.05999755859375,0.693115234375
328,18,0,1,Day,,84.57875061035156,5.42125129699707,248.4608917236328,9.298500061035156,9.289155960083008,0.09889999777078629,0.9989951252937317,19.899988174438477,3.909899950027466,=NA(),=NA(),9.639107704162598,1.4163999557495117,0.34380000829696655,0.08399999886751175,=NA(),20,1013.25,-8.460947036743164,76.72073364257812,10.005000114440918,9.229999542236328,0.7749999761581421,20.32500648498535,45.23999786376953,46.06999969482422,45.99519348144531,34.99241638183594,0.08215184509754181,0.08153702318668365,40.385581970214844,0.0935102179646492,0.00031224999111145735,0,0.00001700000029813964,0,-0.8300018310546875,0.07480621337890625
328,19,0,1,Night,Sun below height limit of 1 degrees.,89.91399383544922,0.08600551635026932,244.1737823486328,0,0,0,0,19.600000381469727,4.300099849700928,=NA(),0,36.674747467041016,1.4163999557495117,0.34380000829696655,0.08399999886751175,=NA(),20,1013.25,0,0,0,0,0,19.600000381469727,0,0,0,0,0,0,0,0,0,0,0,0,0,0
328,20,0,1,Night,,105.8506088256836,-15.850606918334961,229.7821502685547,0,0,0,0,19.58001136779785,4.460100173950195,=NA(),0,64.81599426269531,1.4163999557495117,0.34380000829696655,0.08399999886751175,=NA(),20,1013.25,0,0,0,0,0,19.58001136779785,0,0,0,0,0,0,0,0,0,0,0,0,0,0
328,21,0,1,Night,,114.3401870727539,-24.34018898010254,217.88975524902344,0,0,0,0,19.100000381469727,4.559999942779541,=NA(),0,64.81599426269531,1.4163999557495117,0.34380000829696655,0.08399999886751175,=NA(),20,1013.25,0,0,0,0,0,19.100000381469727,0,0,0,0,0,0,0,0,0,0,0,0,0,0
328,22,0,1,Night,,120.63308715820312,-30.63308334350586,203.7443389892578,0,0,0,0,18.790002822875977,4.549900054931641,=NA(),0,64.81599426269531,1.4163999557495117,0.34380000829696655,0.08399999886751175,=NA(),20,1013.25,0,0,0,0,0,18.790002822875977,0,0,0,0,0,0,0,0,0,0,0,0,0,0
328,23,0,1,Night,,123.95462799072266,-33.954627990722656,187.6067657470703,0,0,0,0,18.20000648498535,4.269999980926514,=NA(),0,64.81599426269531,1.4163999557495117,0.34380000829696655,0.08399999886751175,=NA(),20,1013.25,0,0,0,0,0,18.20000648498535,0,0,0,0,0,0,0,0,0,0,0,0,0,0
329,0,0,1,Night,,123.76429748535156,-33.76430130004883,170.7022247314453,0,0,0,0,18.230005264282227,3.7499001026153564,=NA(),0,64.81599426269531,1.4163999557495117,0.34380000829696655,0.08399999886751175,=NA(),20,1013.25,0,0,0,0,0,18.230005264282227,0,0,0,0,0,0,0,0,0,0,0,0,0,0
329,1,0,1,Night,,120.09626770019531,-30.09626579284668,154.7357177734375,0,0,0,0,17.800012588500977,3.069999933242798,=NA(),0,64.81599426269531,1.4163999557495117,0.34380000829696655,0.08399999886751175,=NA(),20,1013.25,0,0,0,0,0,17.800012588500977,0,0,0,0,0,0,0,0,0,0,0,0,0,0
329,2,0,1,Night,,113.53451538085938,-23.534515380859375,140.8349609375,0,0,0,0,17.9999942779541,2.5599000453948975,=NA(),0,64.81599426269531,1.4163999557495117,0.34380000829696655,0.08399999886751175,=NA(),20,1013.25,0,0,0,0,0,17.9999942779541,0,0,0,0,0,0,0,0,0,0,0,0,0,0
329,3,0,1,Night,,104.85716247558594,-14.857161521911621,129.17164611816406,0,0,0,0,18.100000381469727,2.190000057220459,=NA(),0,64.81599426269531,1.4163999557495117,0.34380000829696655,0.08399999886751175,=NA(),20,1013.25,0,0,0,0,0,18.100000381469727,0,0,0,0,0,0,0,0,0,0,0,0,0,0
329,4,0,1,Night,Sun below height limit of 1 degrees.,89.41604614257812,0.5839572548866272,115.47728729248047,0,0,0,0,17.740015029907227,1.9901000261306763,=NA(),0,30.41338539123535,1.4163999557495117,0.34380000829696655,0.08399999886751175,=NA(),20,1013.25,0,0,0,0,0,17.740015029907227,0,0,0,0,0,0,0,0,0,0,0,0,0,0
329,5,0,1,Day,,83.39176177978516,6.608240127563477,110.78987121582031,63.70199966430664,62.50516891479492,10.399999618530273,0.9812120199203491,18.2700138092041,1.9198999404907227,=NA(),=NA(),8.132591247558594,1.4163999557495117,0.34380000829696655,0.08399999886751175,=NA(),20,1013.25,10.33283519744873,73.75251770019531,80.1300048828125,75.46499633789062,4.664999961853027,21.61687660217285,399.489990234375,404.08001708984375,403.80084228515625,38.26999282836914,0.6594598293304443,0.6550185084342957,43.846744537353516,0.7020410299301147,0.0023702499456703663,0,0.0001035625027725473,0,-4.59002685546875,0.2791748046875
329,6,0,1,Day,,71.7240982055664,18.275903701782227,102.9336929321289,168.50999450683594,161.23243713378906,23.207000732421875,0.95681232213974,19.800012588500977,2.7300000190734863,=NA(),=NA(),3.1621854305267334,1.4163999557495117,0.34380000829696655,0.08399999886751175,=NA(),20,1013.25,32.56414031982422,40.32204055786133,211.10000610351562,193.42999267578125,17.674999237060547,28.427515029907227,1201.300048828125,1185.97998046875,1185.5115966796875,38.804473876953125,1.9094035625457764,1.8573957681655884,44.77615737915039,2.0175845623016357,0.00672331266105175,0,0.0003688749857246876,0,15.320068359375,0.4683837890625
329,7,0,1,Day,,59.62653350830078,30.37346649169922,95.17007446289062,139.58999633789062,138.3306121826172,2.4907000064849854,0.9909780025482178,22.57000160217285,3.059999942779541,=NA(),=NA(),1.9727128744125366,1.4163999557495117,0.34380000829696655,0.08399999886751175,=NA(),20,1013.25,59.5245361328125,4.4589128494262695,137.3199920654297,105.19499969482422,32.12999725341797,28.360620498657227,721.8699951171875,712.4500122070312,702.81982421875,38.63220977783203,1.1366196870803833,1.0451881885528564,43.900089263916016,1.228523850440979,0.0036938749253749847,0,0.0006542499759234488,0,9.41998291015625,9.63018798828125
329,8,0,1,Day,,47.368019104003906,42.631980895996094,86.68037414550781,216.7899932861328,213.6082305908203,4.697800159454346,0.9853233098983765,21.80999183654785,2.860100030899048,=NA(),=NA(),1.4749373197555542,1.4163999557495117,0.34380000829696655,0.08399999886751175,=NA(),20,1013.25,47.32007598876953,2.441685676574707,219.28500366210938,182.65499877929688,36.625,30.94561195373535,1198.02001953125,1172.260009765625,1165.8782958984375,38.70172882080078,1.8823530673980713,1.7721633911132812,44.42594909667969,2.006223440170288,0.006312000099569559,0,0.0007624999852851033,0,25.760009765625,6.3817138671875
329,9,0,1,Day,,35.24180603027344,54.75819396972656,75.92765808105469,246.19000244140625,242.2734832763672,4.795400142669678,0.9840914607048035,20.600000381469727,2.3199000358581543,=NA(),=NA(),1.2237939834594727,1.4163999557495117,0.34380000829696655,0.08399999886751175,=NA(),20,1013.25,34.42333984375,8.06535530090332,253.0800018310547,222.64999389648438,30.43000030517578,31.0368595123291,1416.6400146484375,1386.1800537109375,1383.697021484375,38.72676086425781,2.232959508895874,2.1470704078674316,44.70829772949219,2.3652992248535156,0.007685312535613775,0,0.0006318750092759728,0,30.4599609375,2.4830322265625
329,10,0,1,Day,,23.877145767211914,66.12285614013672,58.96367263793945,393.989990234375,373.6936340332031,22.195999145507812,0.9484850764274597,21.100000381469727,1.9500000476837158,=NA(),=NA(),1.0933148860931396,1.4163999557495117,0.34380000829696655,0.08399999886751175,=NA(),20,1013.25,20.77126693725586,12.045913696289062,418.30499267578125,382.8499755859375,35.45500183105469,38.27623748779297,2417.43994140625,2309.72998046875,2306.887939453125,38.244300842285156,3.7699899673461914,3.709582567214966,44.691627502441406,3.984398365020752,0.013213500380516052,0,0.0007643125136382878,0,107.7099609375,2.842041015625
329,11,0,1,Day,,15.484983444213867,74.5150146484375,24.41164207458496,93.10199737548828,92.52397155761719,0.5997999906539917,0.9937914609909058,21.300012588500977,1.750100016593933,=NA(),=NA(),1.0375094413757324,1.4163999557495117,0.34380000829696655,0.08399999886751175,=NA(),20,1013.25,6.531846046447754,14.070592880249023,100.2249984741211,92.63500213623047,7.590000152587891,25.42998695373535,543.239990234375,541.8399658203125,541.3384399414062,38.1800422668457,0.8861607909202576,0.8817682862281799,43.828495025634766,0.9418932199478149,0.0031458125449717045,0,0.0001676874962868169,0,1.4000244140625,0.50152587890625
329,12,0,1,Day,,16.007465362548828,73.9925308227539,331.01336669921875,323.1000061035156,315.7944030761719,7.600299835205078,0.9773890376091003,21.20000648498535,1.7100000381469727,=NA(),=NA(),1.040174961090088,1.4163999557495117,0.34380000829696655,0.08399999886751175,=NA(),20,1013.25,-7.914911270141602,13.958474159240723,347.1500244140625,321.3800048828125,25.775001525878906,35.441246032714844,1987.5699462890625,1916.72998046875,1915.012939453125,38.418907165527344,3.115349769592285,3.100409746170044,44.71693420410156,3.289987087249756,0.010980312712490559,0,0.0005697499727830291,0,70.8399658203125,1.717041015625
329,13,0,1,Day,,24.882701873779297,65.11730194091797,298.8656005859375,104.48999786376953,103.77006530761719,0.7936000227928162,0.9931100606918335,21.040002822875977,2.1401000022888184,=NA(),=NA(),1.1020283699035645,1.4163999557495117,0.34380000829696655,0.08399999886751175,=NA(),20,1013.25,-22.106521606445312,11.719791412353516,109.23500061035156,98.79499816894531,10.434999465942383,25.5412540435791,593.6900024414062,591.9100341796875,591.4599609375,38.2968635559082,0.9652244448661804,0.9447328448295593,43.96334457397461,1.0250828266143799,0.0033840001560747623,0,0.00022250000620260835,0,1.77996826171875,0.4500732421875
329,14,0,1,Day,,36.36686325073242,53.63313674926758,282.8061828613281,77.70899963378906,77.38191223144531,0.40619999170303345,0.9957908391952515,19.92998695373535,3.0201001167297363,=NA(),=NA(),1.2412099838256836,1.4163999557495117,0.34380000829696655,0.08399999886751175,=NA(),20,1013.25,-35.68040466308594,7.552243232727051,77.7449951171875,67.16499328613281,10.579999923706055,23.167505264282227,408.75,411.1199951171875,409.8193359375,38.20176315307617,0.6703801155090332,0.6387348771095276,43.66210174560547,0.7172768115997314,0.0023102499544620514,0,0.00021743749675806612,0,-2.3699951171875,1.3006591796875
329,15,0,1,Day,,48.51723861694336,41.48276138305664,272.37261962890625,87.90599822998047,87.3727035522461,0.8051000237464905,0.993933379650116,19.899988174438477,3.7499001026153564,=NA(),=NA(),1.5079740285873413,1.4163999557495117,0.34380000829696655,0.08399999886751175,=NA(),20,1013.25,-48.49285125732422,1.7772351503372192,84.52999877929688,68.0999984741211,16.434999465942383,23.464380264282227,434.7300109863281,436.7200012207031,432.1065979003906,38.51604461669922,0.700938880443573,0.6501193642616272,43.721458435058594,0.7582215070724487,0.002337374957278371,0,0.0003426875045988709,0,-1.989990234375,4.6134033203125
329,16,0,1,Day,,60.76249313354492,29.237504959106445,263.9949645996094,86.4990005493164,86.0096435546875,1.0018999576568604,0.9943426251411438,19.300012588500977,3.98009991645813,=NA(),=NA(),2.0416836738586426,1.4163999557495117,0.34380000829696655,0.08399999886751175,=NA(),20,1013.25,-60,5.275102138519287,80.78500366210938,59.74500274658203,21.040000915527344,22.733118057250977,406.4100036621094,409.3800048828125,401.3341064453125,38.74700164794922,0.6471379399299622,0.5846540331840515,43.708221435546875,0.7087257504463196,0.0020829373970627785,0,0.0004310624790377915,0,-2.970001220703125,8.0458984375
329,17,0,1,Day,,72.82106018066406,17.178939819335938,256.24591064453125,45.59400177001953,45.477691650390625,0.3937999904155731,0.9974489808082581,18.800012588500977,3.650099992752075,=NA(),=NA(),3.3532469272613525,1.4163999557495117,0.34380000829696655,0.08399999886751175,=NA(),20,1013.25,-29.851778030395508,44.103572845458984,46.60499954223633,41.20500183105469,5.394999980926514,20.7443790435791,238.94000244140625,242.61000061035156,242.0365753173828,37.715919494628906,0.4010460078716278,0.38482940196990967,43.10858154296875,0.4316675364971161,0.0014060625107958913,0,0.00011524999717948958,0,-3.6699981689453125,0.57342529296875
329,18,0,1,Day,,84.41078186035156,5.589217185974121,248.3408660888672,9.103099822998047,9.09306812286377,0.10300000011920929,0.9988979697227478,18.839990615844727,3.199899911880493,=NA(),=NA(),9.394658088684082,1.4163999557495117,0.34380000829696655,0.08399999886751175,=NA(),20,1013.25,-8.738473892211914,76.302734375,9.789999961853027,9.030000686645508,0.7549999952316284,19.25750160217285,44.15999984741211,45.119998931884766,45.072044372558594,35.128814697265625,0.08019042015075684,0.07951387017965317,40.50971221923828,0.09148068726062775,0.0003058125148527324,0,0.00001700000029813964,0,-0.9599990844726562,0.047954559326171875
329,19,0,1,Night,Sun below height limit of 1 degrees.,89.84156036376953,0.1584431678056717,243.989990234375,0,0,0,0,18.70000648498535,3.240000009536743,=NA(),0,35.659690856933594,1.4163999557495117,0.34380000829696655,0.08399999886751175,=NA(),20,1013.25,0,0,0,0,0,18.70000648498535,0,0,0,0,0,0,0,0,0,0,0,0,0,0
329,20,0,1,Night,,105.65870666503906,-15.658705711364746,229.70016479492188,0,0,0,0,18.399988174438477,2.780100107192993,=NA(),0,64.81599426269531,1.4163999557495117,0.34380000829696655,0.08399999886751175,=NA(),20,1013.25,0,0,0,0,0,18.399988174438477,0,0,0,0,0,0,0,0,0,0,0,0,0,0
329,21,0,1,Night,,114.13772583007812,-24.137727737426758,217.8392333984375,0,0,0,0,18.2600040435791,2.2399001121520996,=NA(),0,64.81599426269531,1.4163999557495117,0.34380000829696655,0.08399999886751175,=NA(),20,1013.25,0,0,0,0,0,18.2600040435791,0,0,0,0,0,0,0,0,0,0,0,0,0,0
329,22,0,1,Night,,120.4255599975586,-30.42556381225586,203.74063110351562,0,0,0,0,17.9999942779541,2.119999885559082,=NA(),0,64.81599426269531,1.4163999557495117,0.34380000829696655,0.08399999886751175,=NA(),20,1013.25,0,0,0,0,0,17.9999942779541,0,0,0,0,0,0,0,0,0,0,0,0,0,0
329,23,0,1,Night,,123.75261688232422,-33.75261306762695,187.66357421875,0,0,0,0,17.9999942779541,2.2399001121520996,=NA(),0,64.81599426269531,1.4163999557495117,0.34380000829696655,0.08399999886751175,=NA(),20,1013.25,0,0,0,0,0,17.9999942779541,0,0,0,0,0,0,0,0,0,0,0,0,0,0
330,0,0,1,Night,,123.58124542236328,-33.58124923706055,170.81900024414062,0,0,0,0,18.100000381469727,2.130000114440918,=NA(),0,64.81599426269531,1.4163999557495117,0.34380000829696655,0.08399999886751175,=NA(),20,1013.25,0,0,0,0,0,18.100000381469727,0,0,0,0,0,0,0,0,0,0,0,0,0,0
330,1,0,1,Night,,119.94193267822266,-29.94192886352539,154.89517211914062,0,0,0,0,18.20000648498535,1.9901000261306763,=NA(),0,64.81599426269531,1.4163999557495117,0.34380000829696655,0.08399999886751175,=NA(),20,1013.25,0,0,0,0,0,18.20000648498535,0,0,0,0,0,0,0,0,0,0,0,0,0,0
330,2,0,1,Night,,113.41151428222656,-23.411516189575195,141.01629638671875,0,0,0,0,18.20000648498535,2.2100000381469727,=NA(),0,64.81599426269531,1.4163999557495117,0.34380000829696655,0.08399999886751175,=NA(),20,1013.25,0,0,0,0,0,18.20000648498535,0,0,0,0,0,0,0,0,0,0,0,0,0,0
330,3,0,1,Night,,104.76274871826172,-14.762750625610352,129.36172485351562,0,0,0,0,17.9999942779541,3.0100998878479004,=NA(),0,64.81599426269531,1.4163999557495117,0.34380000829696655,0.08399999886751175,=NA(),20,1013.25,0,0,0,0,0,17.9999942779541,0,0,0,0,0,0,0,0,0,0,0,0,0,0
330,4,0,1,Night,Sun below height limit of 1 degrees.,89.38806915283203,0.611933708190918,115.6978759765625,0,0,0,0,17.57000160217285,4.019999980926514,=NA(),0,30.108360290527344,1.4163999557495117,0.34380000829696655,0.08399999886751175,=NA(),20,1013.25,0,0,0,0,0,17.57000160217285,0,0,0,0,0,0,0,0,0,0,0,0,0,0
330,5,0,1,Day,,83.33837127685547,6.661628246307373,110.99056243896484,13.401000022888184,13.388970375061035,0.10369999706745148,0.9991023540496826,15.890008926391602,4.520100116729736,=NA(),=NA(),8.0753755569458,1.4163999557495117,0.34380000829696655,0.08399999886751175,=NA(),20,1013.25,10.434432983398438,73.61817169189453,14.380000114440918,13.239999771118164,1.1349999904632568,16.495019912719727,67.81999969482422,70.08999633789062,69.91563415527344,36.32331466674805,0.12030049413442612,0.11924862116575241,41.64447784423828,0.13424627482891083,0.0004486874968279153,0,0.000025000001187436283,0,-2.2699966430664062,0.1743621826171875
330,6,0,1,Day,,71.6833267211914,18.316673278808594,103.14662170410156,72.10199737548828,71.75658416748047,1.0990999937057495,0.9952093958854675,15.300012588500977,3.9600000381469727,=NA(),=NA(),3.155519962310791,1.4163999557495117,0.34380000829696655,0.08399999886751175,=NA(),20,1013.25,32.71644973754883,40.176387786865234,74.44999694824219,65.44999694824219,9.004999160766602,18.380640029907227,393.6099853515625,402.8399963378906,401.90667724609375,38.830909729003906,0.6468138694763184,0.6216128468513489,44.278343200683594,0.6907646656036377,0.002252749865874648,0,0.00018612500571180135,0,-9.230010986328125,0.933319091796875
330,7,0,1,Day,,59.593570709228516,30.406431198120117,95.40579223632812,47.60599899291992,47.45228576660156,0.3037000000476837,0.9967711567878723,15.260004043579102,4.460100173950195,=NA(),=NA(),1.9707920551300049,1.4163999557495117,0.34380000829696655,0.08399999886751175,=NA(),20,1013.25,59.481964111328125,4.6604905128479,44.275001525878906,32.790000915527344,11.479999542236328,17.146265029907227,215.42999267578125,221.70999145507812,217.55491638183594,38.53868865966797,0.352653831243515,0.31896308064460754,43.44933319091797,0.38987764716148376,0.0011462499387562275,0,0.00023381250503007323,0,-6.279998779296875,4.1550750732421875
330,8,0,1,Day,,47.33659362792969,42.66340637207031,86.95680236816406,153.5,152.006103515625,2.204400062561035,0.9902677536010742,15.279993057250977,4.7600998878479,=NA(),=NA(),1.4740623235702515,1.4163999557495117,0.34380000829696655,0.08399999886751175,=NA(),20,1013.25,47.296295166015625,2.2373225688934326,151.60499572753906,124.65999603271484,26.94499969482422,21.59563636779785,809.7999877929688,818.5999755859375,812.1222534179688,39.61738204956055,1.2808300256729126,1.1951789855957031,45.0330924987793,1.3703477382659912,0.0042938124388456345,0,0.0005605000187642872,0,-8.79998779296875,6.47772216796875
330,9,0,1,Day,,35.201114654541016,54.798885345458984,76.27693176269531,93.49299621582031,92.92819213867188,0.6912000179290771,0.9939588904380798,15.800012588500977,5.090099811553955,=NA(),=NA(),1.2231820821762085,1.4163999557495117,0.34380000829696655,0.08399999886751175,=NA(),20,1013.25,34.423370361328125,7.8598504066467285,94.02999877929688,81.72999572753906,12.305000305175781,19.69500160217285,500.3399963378906,509.489990234375,507.930908203125,39.03548049926758,0.813119649887085,0.7767664194107056,44.49199295043945,0.8677501082420349,0.0028093750588595867,0,0.00025462498888373375,0,-9.149993896484375,1.55908203125
330,10,0,1,Day,,23.804279327392578,66.19572448730469,59.43854904174805,113.4000015258789,112.57583618164062,0.9007999897003174,0.9927322268486023,15.399988174438477,5.810100078582764,=NA(),=NA(),1.09270179271698,1.4163999557495117,0.34380000829696655,0.08399999886751175,=NA(),20,1013.25,20.799793243408203,11.842511177062988,118.99500274658203,107.95999908447266,11.03499984741211,20.279382705688477,650.1300048828125,660.4199829101562,659.76171875,39.19573974609375,1.052006721496582,1.0310475826263428,44.850215911865234,1.1154731512069702,0.003696874948218465,0,0.00023662499734200537,0,-10.28997802734375,0.65826416015625
330,11,0,1,Day,,15.332391738891602,74.66761016845703,24.927532196044922,118.19999694824219,117.32875061035156,0.9034000039100647,0.9926290512084961,15.240015029907227,5.810100078582764,=NA(),=NA(),1.0367497205734253,1.4163999557495117,0.34380000829696655,0.08399999886751175,=NA(),20,1013.25,6.591732978820801,13.873882293701172,127.22000122070312,117.61499786376953,9.610000610351562,20.4525089263916,697.739990234375,708.3099975585938,707.2979736328125,39.28769302368164,1.1251916885375977,1.1189323663711548,44.94554901123047,1.1927204132080078,0.003996437415480614,0,0.00021212499996181577,0,-10.57000732421875,1.01202392578125
330,12,0,1,Day,,15.803190231323242,74.19680786132812,330.95361328125,109.80000305175781,109.02513885498047,0.8052999973297119,0.9929429292678833,15.100000381469727,5.749899864196777,=NA(),=NA(),1.0391209125518799,1.4163999557495117,0.34380000829696655,0.08399999886751175,=NA(),20,1013.25,-7.824403762817383,13.773337364196777,118.04499816894531,109.02999877929688,9.015000343322754,19.941858291625977,644.9299926757812,655.9000244140625,654.5679931640625,39.27103805541992,1.0417475700378418,1.0355262756347656,44.88335418701172,1.1048150062561035,0.0037039376329630613,0,0.00019943750521633774,0,-10.97003173828125,1.33203125
330,13,0,1,Day,,24.704566955566406,65.2954330444336,298.6247863769531,83.9990005493164,83.54776000976562,0.4966999888420105,0.9946280121803284,14.629999160766602,5.589900016784668,=NA(),=NA(),1.100450038909912,1.4163999557495117,0.34380000829696655,0.08399999886751175,=NA(),20,1013.25,-21.989673614501953,11.549993515014648,87.75499725341797,79.34500122070312,8.420000076293945,18.235620498657227,471.5299987792969,482.69000244140625,482.2538757324219,39.04772186279297,0.7718725204467773,0.7557172775268555,44.60005187988281,0.8203717470169067,0.00271612498909235,0,0.0001793749979697168,0,-11.160003662109375,0.436126708984375
330,14,0,1,Day,,36.2056770324707,53.7943229675293,282.59326171875,72.70800018310547,72.37894439697266,0.40779998898506165,0.9954742789268494,14.100000381469727,5.410099983215332,=NA(),=NA(),1.2386552095413208,1.4163999557495117,0.34380000829696655,0.08399999886751175,=NA(),20,1013.25,-35.54316711425781,7.3994598388671875,72.77999877929688,62.915000915527344,9.864999771118164,17.117517471313477,381.42999267578125,392.1600036621094,390.8304138183594,39.01439666748047,0.6259992122650146,0.5965885519981384,44.40474319458008,0.6698949337005615,0.002164437435567379,0,0.0002026250003837049,0,-10.730010986328125,1.32958984375
330,15,0,1,Day,,48.361324310302734,41.638675689697266,272.1958312988281,35.00600051879883,34.937564849853516,0.10300000011920929,0.998045027256012,13.700006484985352,5.369999885559082,=NA(),=NA(),1.5033700466156006,1.4163999557495117,0.34380000829696655,0.08399999886751175,=NA(),20,1013.25,-48.34041976928711,1.6408716440200806,33.595001220703125,27.049999237060547,6.545000076293945,15.124353408813477,163.3000030517578,169.41000366210938,167.52487182617188,38.23802185058594,0.27372869849205017,0.25332483649253845,43.29096984863281,0.30125319957733154,0.0009282500250265002,0,0.0001365000061923638,0,-6.1100006103515625,1.8851318359375
330,16,0,1,Day,,60.60536193847656,29.39463996887207,263.84515380859375,49.30500030517578,49.15422058105469,0.30720001459121704,0.9969419240951538,13.399988174438477,5.189899921417236,=NA(),=NA(),2.031810760498047,1.4163999557495117,0.34380000829696655,0.08399999886751175,=NA(),20,1013.25,-60,5.379922866821289,45.80500030517578,33.76000213623047,12.039999961853027,15.350000381469727,222.77000427246094,230.75,225.91110229492188,38.92179870605469,0.3626362085342407,0.32670390605926514,43.76420211791992,0.40164339542388916,0.0011778749758377671,0,0.0002461250114720315,0,-7.9799957275390625,4.838897705078125
330,17,0,1,Day,,72.6588134765625,17.341182708740234,256.1161193847656,29.009000778198242,28.947689056396484,0.20569999516010284,0.9978864789009094,13.600000381469727,4.659999847412109,=NA(),=NA(),3.3234875202178955,1.4163999557495117,0.34380000829696655,0.08399999886751175,=NA(),20,1013.25,-30.281291961669922,43.55964660644531,29.59000015258789,26.119998931884766,3.4699997901916504,14.835626602172852,147.1199951171875,152.84999084472656,152.41827392578125,37.87036895751953,0.25152042508125305,0.24096901714801788,43.1658935546875,0.273428738117218,0.0008921874687075615,0,0.00007387500227196142,0,-5.7299957275390625,0.4317169189453125
330,18,0,1,Day,,84.24211120605469,5.757891654968262,248.2276611328125,4.297599792480469,4.287527084350586,0.10040000081062317,0.9976562261581421,13.779993057250977,3.970099925994873,=NA(),=NA(),9.160717964172363,1.4163999557495117,0.34380000829696655,0.08399999886751175,=NA(),20,1013.25,-9.018020629882812,75.88231658935547,4.625,4.270000457763672,0.36000001430511475,13.980005264282227,18.270000457763672,19.040000915527344,19.020095825195312,34.38841247558594,0.03456835821270943,0.0342521071434021,39.85352325439453,0.04309197887778282,0.00014449999434873462,0,0.000007562500286439899,0,-0.7700004577636719,0.01990509033203125
330,19,0,1,Night,Sun below height limit of 1 degrees.,89.75714874267578,0.24284851551055908,243.81797790527344,0,0,0,0,13.399988174438477,3.319999933242798,=NA(),0,34.523536682128906,1.4163999557495117,0.34380000829696655,0.08399999886751175,=NA(),20,1013.25,0,0,0,0,0,13.399988174438477,0,0,0,0,0,0,0,0,0,0,0,0,0,0
330,20,0,1,Night,,105.4704360961914,-15.470438003540039,229.6249542236328,0,0,0,0,13.399988174438477,2.9000000953674316,=NA(),0,64.81599426269531,1.4163999557495117,0.34380000829696655,0.08399999886751175,=NA(),20,1013.25,0,0,0,0,0,13.399988174438477,0,0,0,0,0,0,0,0,0,0,0,0,0,0
330,21,0,1,Night,,113.93966674804688,-23.939668655395508,217.7952117919922,0,0,0,0,13.499994277954102,2.6700000762939453,=NA(),0,64.81599426269531,1.4163999557495117,0.34380000829696655,0.08399999886751175,=NA(),20,1013.25,0,0,0,0,0,13.499994277954102,0,0,0,0,0,0,0,0,0,0,0,0,0,0
330,22,0,1,Night,,120.22346496582031,-30.22346305847168,203.7425994873047,0,0,0,0,13.200006484985352,2.780100107192993,=NA(),0,64.81599426269531,1.4163999557495117,0.34380000829696655,0.08399999886751175,=NA(),20,1013.25,0,0,0,0,0,13.200006484985352,0,0,0,0,0,0,0,0,0,0,0,0,0,0
330,23,0,1,Night,,123.55704498291016,-33.55704116821289,187.72434997558594,0,0,0,0,13.200006484985352,3.069999933242798,=NA(),0,64.81599426269531,1.4163999557495117,0.34380000829696655,0.08399999886751175,=NA(),20,1013.25,0,0,0,0,0,13.200006484985352,0,0,0,0,0,0,0,0,0,0,0,0,0,0
331,0,0,1,Night,,123.40525817871094,-33.40525817871094,170.93756103515625,0,0,0,0,13.100000381469727,3.380000114440918,=NA(),0,64.81599426269531,1.4163999557495117,0.34380000829696655,0.08399999886751175,=NA(),20,1013.25,0,0,0,0,0,13.100000381469727,0,0,0,0,0,0,0,0,0,0,0,0,0,0
331,1,0,1,Night,,119.79501342773438,-29.795015335083008,155.0543975830078,0,0,0,0,12.499994277954102,3.5701000690460205,=NA(),0,64.81599426269531,1.4163999557495117,0.34380000829696655,0.08399999886751175,=NA(),20,1013.25,0,0,0,0,0,12.499994277954102,0,0,0,0,0,0,0,0,0,0,0,0,0,0
331,2,0,1,Night,,113.29600524902344,-23.29600715637207,141.1959686279297,0,0,0,0,12.339990615844727,3.5000998973846436,=NA(),0,64.81599426269531,1.4163999557495117,0.34380000829696655,0.08399999886751175,=NA(),20,1013.25,0,0,0,0,0,12.339990615844727,0,0,0,0,0,0,0,0,0,0,0,0,0,0
331,3,0,1,Night,,104.67596435546875,-14.675965309143066,129.54922485351562,0,0,0,0,12.179986953735352,3.1800999641418457,=NA(),0,64.81599426269531,1.4163999557495117,0.34380000829696655,0.08399999886751175,=NA(),20,1013.25,0,0,0,0,0,12.179986953735352,0,0,0,0,0,0,0,0,0,0,0,0,0,0
331,4,0,1,Night,Sun below height limit of 1 degrees.,89.36255645751953,0.6374428272247314,115.91980743408203,0,0,0,0,12.260004043579102,2.8798999786376953,=NA(),0,29.834186553955078,1.4163999557495117,0.34380000829696655,0.08399999886751175,=NA(),20,1013.25,0,0,0,0,0,12.260004043579102,0,0,0,0,0,0,0,0,0,0,0,0,0,0
331,5,0,1,Day,,83.29047393798828,6.70952844619751,111.18759155273438,57.4900016784668,56.7900390625,5.991000175476074,0.9878246188163757,12.510004043579102,3.3301000595092773,=NA(),=NA(),8.024697303771973,1.4163999557495117,0.34380000829696655,0.08399999886751175,=NA(),20,1013.25,10.527281761169434,73.49757385253906,70.10499572753906,65.75,4.355000019073486,15.424371719360352,352.1600036621094,364.32000732421875,363.6574401855469,39.056636810302734,0.5819385647773743,0.577639639377594,44.515323638916016,0.6207680702209473,0.0020982499700039625,0,0.00009675000183051452,0,-12.160003662109375,0.662567138671875
331,6,0,1,Day,,71.64896392822266,18.351036071777344,103.35536193847656,226.08999633789062,199.83377075195312,83.39600372314453,0.8838682770729065,13.580011367797852,4.520100116729736,=NA(),=NA(),3.1499247550964355,1.4163999557495117,0.34380000829696655,0.08399999886751175,=NA(),20,1013.25,32.8519401550293,40.053306579589844,338.05999755859375,319.1050109863281,18.950000762939453,27.22686195373535,1993.02001953125,1976.3399658203125,1976.8341064453125,39.524662017822266,3.125964879989624,3.067098617553711,45.81534957885742,3.293034553527832,0.01117906253784895,0,0.00040031250682659447,0,16.6800537109375,-0.494140625
331,7,0,1,Day,,59.567283630371094,30.432716369628906,95.63671112060547,291.5,265.51873779296875,51.292999267578125,0.9108704328536987,15.200006484985352,5.139999866485596,=NA(),=NA(),1.9692633152008057,1.4163999557495117,0.34380000829696655,0.08399999886751175,=NA(),20,1013.25,59.44584655761719,4.858094215393066,364.17498779296875,313.4750061035156,50.69999694824219,30.128747940063477,2101,2063.14990234375,2056.70263671875,39.37211227416992,3.2646732330322266,3.1267945766448975,45.52083206176758,3.457796335220337,0.011150375008583069,0,0.0010401250328868628,0,37.85009765625,6.447265625
331,8,0,1,Day,,47.31183624267578,42.68816375732422,87.22762298583984,499.1099853515625,366.0102844238281,196.30999755859375,0.7333258986473083,16.600000381469727,5.039999961853027,=NA(),=NA(),1.4733742475509644,1.4163999557495117,0.34380000829696655,0.08399999886751175,=NA(),20,1013.25,47.27839660644531,2.0374839305877686,621.9149780273438,570.4349975585938,51.48500061035156,41.96062469482422,3704.489990234375,3499.030029296875,3498.60693359375,38.007545471191406,5.753322601318359,5.618394374847412,44.98888397216797,6.070216178894043,0.020154250785708427,0,0.0010918125044554472,0,205.4599609375,0.423095703125
331,9,0,1,Day,,35.16740417480469,54.83259582519531,76.61981201171875,561.5,415.1723937988281,179,0.739398717880249,17.279993057250977,4.639999866485596,=NA(),=NA(),1.2226760387420654,1.4163999557495117,0.34380000829696655,0.08399999886751175,=NA(),20,1013.25,34.42852783203125,7.659489631652832,640.5150146484375,593.885009765625,46.62999725341797,43.40373992919922,3812.9599609375,3584.06005859375,3585.20654296875,37.80998992919922,5.926450729370117,5.829883098602295,44.85477066040039,6.2573466300964355,0.020862000063061714,0,0.0009977499721571803,0,228.89990234375,-1.146484375
331,10,0,1,Day,,23.739391326904297,66.26060485839844,59.90839767456055,558.4000244140625,448.462158203125,120.0999984741211,0.8031198978424072,18.339990615844727,4.119999885559082,=NA(),=NA(),1.0921579599380493,1.4163999557495117,0.34380000829696655,0.08399999886751175,=NA(),20,1013.25,20.832664489746094,11.644915580749512,607.625,566.0700073242188,41.54999923706055,43.121238708496094,3617.14013671875,3402.75,3404.0810546875,37.81793975830078,5.625792980194092,5.579840660095215,44.79386901855469,5.943670749664307,0.019844938069581985,0,0.0009069375228136778,0,214.39013671875,-1.3310546875
331,11,0,1,Day,,15.188187599182129,74.81181335449219,25.45391845703125,647.4000244140625,462.97503662109375,191.10000610351562,0.7151297926902771,18.70000648498535,3.589900016784668,=NA(),=NA(),1.0360395908355713,1.4163999557495117,0.34380000829696655,0.08399999886751175,=NA(),20,1013.25,6.654888153076172,13.683547973632812,693.364990234375,648.7050170898438,44.654998779296875,47.08501434326172,4132.58984375,3836.469970703125,3836.135009765625,37.36262130737305,6.417067527770996,6.393593788146973,44.52736282348633,6.778210639953613,0.022683000192046165,0,0.000986750004813075,0,296.119873046875,0.3349609375
331,12,0,1,Day,,15.603776931762695,74.39622497558594,330.9118347167969,695.7999877929688,447.3952941894531,257.9100036621094,0.6429941058158875,19.3699893951416,3.1600000858306885,=NA(),=NA(),1.0381066799163818,1.4163999557495117,0.34380000829696655,0.08399999886751175,=NA(),20,1013.25,-7.731849193572998,13.59499454498291,745.3800048828125,699,46.380001068115234,49.91374969482422,4477.91015625,4117.39990234375,4115.31982421875,37.02598190307617,6.9466776847839355,6.929656028747559,44.313411712646484,7.334924221038818,0.024607937783002853,0,0.001022125012241304,0,360.51025390625,2.080078125
331,13,0,1,Day,,24.52912712097168,65.47087097167969,298.39697265625,547.8099975585938,445.63592529296875,112.30999755859375,0.8134862780570984,20.17998695373535,2.8299999237060547,=NA(),=NA(),1.0989102125167847,1.4163999557495117,0.34380000829696655,0.08399999886751175,=NA(),20,1013.25,-21.872034072875977,11.38723087310791,596.97998046875,555.68994140625,41.290000915527344,44.547508239746094,3549.85009765625,3322.800048828125,3324.425048828125,37.609031677246094,5.52467155456543,5.469435691833496,44.57267379760742,5.836757183074951,0.019474562257528305,0,0.0008970624767243862,0,227.050048828125,-1.625
331,14,0,1,Day,,36.04635238647461,53.95364761352539,282.39056396484375,441.0899963378906,390.15594482421875,62.994998931884766,0.8845268487930298,20.279993057250977,2.5499000549316406,=NA(),=NA(),1.2361496686935425,1.4163999557495117,0.34380000829696655,0.08399999886751175,=NA(),20,1013.25,-35.4062614440918,7.253762245178223,484.3450012207031,439.75,44.595001220703125,40.112510681152344,2824.760009765625,2682.989990234375,2682.6806640625,38.075164794921875,4.4036865234375,4.288609981536865,44.73198318481445,4.650386333465576,0.015341437421739101,0,0.0009354375069960952,0,141.77001953125,0.309326171875
331,15,0,1,Day,,48.20719909667969,41.79280090332031,272.027587890625,248.7899932861328,243.4637451171875,7.992099761962891,0.9785913825035095,20.399988174438477,2.220099925994873,=NA(),=NA(),1.4988573789596558,1.4163999557495117,0.34380000829696655,0.08399999886751175,=NA(),20,1013.25,-48.189369201660156,1.5115647315979004,255.32000732421875,213.4949951171875,41.83000183105469,31.0312442779541,1407.8699951171875,1377.530029296875,1367.84033203125,38.964447021484375,2.1936330795288086,2.0717995166778564,44.69648361206055,2.3409016132354736,0.007393812760710716,0,0.0008746249950490892,0,30.3399658203125,9.689697265625
331,16,0,1,Day,,60.45037078857422,29.54962730407715,263.7029113769531,54.50199890136719,54.304134368896484,0.40119999647140503,0.9963696002960205,19.459985733032227,1.910099983215332,=NA(),=NA(),2.0221800804138184,1.4163999557495117,0.34380000829696655,0.08399999886751175,=NA(),20,1013.25,-60,5.483581066131592,50.665000915527344,37.355003356933594,13.305000305175781,21.618127822875977,248.17001342773438,251.09999084472656,247.03309631347656,38.009037017822266,0.4060068130493164,0.36944133043289185,43.038333892822266,0.44636011123657227,0.001305124955251813,0,0.00027112499810755253,0,-2.9299774169921875,4.06689453125
331,17,0,1,Day,,72.49947357177734,17.50052833557129,255.99337768554688,29.906999588012695,29.84490203857422,0.20649999380111694,0.9979236721992493,18.170007705688477,1.5999000072479248,=NA(),=NA(),3.2947893142700195,1.4163999557495117,0.34380000829696655,0.08399999886751175,=NA(),20,1013.25,-30.709230422973633,43.02058792114258,30.46500015258789,26.849998474121094,3.6100001335144043,19.446252822875977,151.8000030517578,154.9199981689453,154.48768615722656,37.216766357421875,0.25941190123558044,0.24826328456401825,42.53945541381836,0.2821187973022461,0.000917937490157783,0,0.000076374999480322,0,-3.1199951171875,0.43231201171875
331,18,0,1,Day,,84.07919311523438,5.920805931091309,248.1212921142578,8.692899703979492,8.683420181274414,0.09189999848604202,0.9989095330238342,17.43999671936035,2.3299999237060547,=NA(),=NA(),8.945050239562988,1.4163999557495117,0.34380000829696655,0.08399999886751175,=NA(),20,1013.25,-9.289055824279785,75.47565460205078,9.34000015258789,8.614999771118164,0.7250000238418579,17.839990615844727,41.900001525878906,43.04999923706055,42.95814895629883,35.28586959838867,0.07608922570943832,0.07531258463859558,40.63926696777344,0.08725991100072861,0.0002918750105891377,0,0.000015999999959603883,0,-1.1499977111816406,0.09185028076171875
331,19,0,1,Night,Sun below height limit of 1 degrees.,89.69396209716797,0.30603837966918945,243.64816284179688,0,0,0,0,16.399988174438477,3.6698999404907227,=NA(),0,33.7049674987793,1.4163999557495117,0.34380000829696655,0.08399999886751175,=NA(),20,1013.25,0,0,0,0,0,16.399988174438477,0,0,0,0,0,0,0,0,0,0,0,0,0,0
331,20,0,1,Night,,105.283935546875,-15.28393840789795,229.55650329589844,0,0,0,0,14.670007705688477,4.349999904632568,=NA(),0,64.81599426269531,1.4163999557495117,0.34380000829696655,0.08399999886751175,=NA(),20,1013.25,0,0,0,0,0,14.670007705688477,0,0,0,0,0,0,0,0,0,0,0,0,0,0
331,21,0,1,Night,,113.74497985839844,-23.744979858398438,217.75767517089844,0,0,0,0,13.800012588500977,4.559999942779541,=NA(),0,64.81599426269531,1.4163999557495117,0.34380000829696655,0.08399999886751175,=NA(),20,1013.25,0,0,0,0,0,13.800012588500977,0,0,0,0,0,0,0,0,0,0,0,0,0,0
331,22,0,1,Night,,120.0260238647461,-30.026023864746094,203.75015258789062,0,0,0,0,13.029993057250977,4.340000152587891,=NA(),0,64.81599426269531,1.4163999557495117,0.34380000829696655,0.08399999886751175,=NA(),20,1013.25,0,0,0,0,0,13.029993057250977,0,0,0,0,0,0,0,0,0,0,0,0,0,0
331,23,0,1,Night,,123.36729431152344,-33.3672981262207,187.78900146484375,0,0,0,0,11.580011367797852,4.050099849700928,=NA(),0,64.81599426269531,1.4163999557495117,0.34380000829696655,0.08399999886751175,=NA(),20,1013.25,0,0,0,0,0,11.580011367797852,0,0,0,0,0,0,0,0,0,0,0,0,0,0
332,0,0,1,Night,,123.23577880859375,-33.23577880859375,171.0577850341797,0,0,0,0,10.770013809204102,4.069900035858154,=NA(),0,64.81599426269531,1.4163999557495117,0.34380000829696655,0.08399999886751175,=NA(),20,1013.25,0,0,0,0,0,10.770013809204102,0,0,0,0,0,0,0,0,0,0,0,0,0,0
332,1,0,1,Night,,119.65471649169922,-29.654714584350586,155.2133026123047,0,0,0,0,9.609796524047852,4.119999885559082,=NA(),0,64.81599426269531,1.4163999557495117,0.34380000829696655,0.08399999886751175,=NA(),20,1013.25,0,0,0,0,0,9.610010147094727,0,0,0,0,0,0,0,0,0,0,0,0,0,0
332,2,0,1,Night,,113.18692016601562,-23.186918258666992,141.3739013671875,0,0,0,0,9.050104141235352,4.010000228881836,=NA(),0,64.81599426269531,1.4163999557495117,0.34380000829696655,0.08399999886751175,=NA(),20,1013.25,0,0,0,0,0,9.050012588500977,0,0,0,0,0,0,0,0,0,0,0,0,0,0
332,3,0,1,Night,,104.59521484375,-14.59521198272705,129.73410034179688,0,0,0,0,8.659906387329102,3.799999952316284,=NA(),0,64.81599426269531,1.4163999557495117,0.34380000829696655,0.08399999886751175,=NA(),20,1013.25,0,0,0,0,0,8.659997940063477,0,0,0,0,0,0,0,0,0,0,0,0,0,0
332,4,0,1,Night,Sun below height limit of 1 degrees.,89.33688354492188,0.6631170511245728,116.1310806274414,0.09769999980926514,0.09769999980926514,0,1,8.659906387329102,3.599900007247925,=NA(),0,29.56201934814453,1.4163999557495117,0.34380000829696655,0.08399999886751175,=NA(),20,1013.25,0,0,0,0,0,8.659997940063477,0,0,0,0,0,0,0,0,0,0,0,0,0,0
332,5,0,1,Day,,83.24894714355469,6.751055717468262,111.3808364868164,85.7959976196289,81.69389343261719,34.89500045776367,0.952187716960907,10.080011367797852,4.440000057220459,=NA(),=NA(),7.981253623962402,1.4163999557495117,0.34380000829696655,0.08399999886751175,=NA(),20,1013.25,10.609850883483887,73.3929672241211,123.7449951171875,118.43499755859375,5.305000305175781,15.253137588500977,600.7899780273438,621.1600341796875,620.3827514648438,39.81318283081055,0.9738966822624207,0.9682788252830505,45.41828155517578,1.0317641496658325,0.0035309374798089266,0,0.0001188750029541552,0,-20.37005615234375,0.77728271484375
332,6,0,1,Day,,71.62103271484375,18.378963470458984,103.55978393554688,339.3900146484375,250.60134887695312,281.6000061035156,0.7383875250816345,14.839990615844727,5.21999979019165,=NA(),=NA(),3.145392656326294,1.4163999557495117,0.34380000829696655,0.08399999886751175,=NA(),20,1013.25,32.97016525268555,39.953060150146484,587.8150024414062,566.5050048828125,21.310001373291016,38.589378356933594,3555.989990234375,3397.199951171875,3399.29931640625,38.41605758666992,5.530449390411377,5.459699630737305,45.35266876220703,5.832591533660889,0.019946062937378883,0,0.00045993749517947435,0,158.7900390625,-2.099365234375
332,7,0,1,Day,,59.54705047607422,30.452951431274414,95.86264038085938,562.6900024414062,324.4339904785156,470.0899963378906,0.5765767693519592,16.2499942779541,4.75,=NA(),=NA(),1.9680886268615723,1.4163999557495117,0.34380000829696655,0.08399999886751175,=NA(),20,1013.25,59.415611267089844,5.051591873168945,895.7050170898438,838.4749755859375,57.22999954223633,52.89311981201172,5467.22021484375,4978.18994140625,4975.2724609375,36.669776916503906,8.480086326599121,8.340346336364746,44.31371307373047,8.957352638244629,0.030083313584327698,0,0.0011956874513998628,0,489.0302734375,2.91748046875
332,8,0,1,Day,,47.293216705322266,42.706783294677734,87.49258422851562,764.1900024414062,331.40753173828125,638.0900268554688,0.43367165327072144,17.6299991607666,3.7400999069213867,=NA(),=NA(),1.472857117652893,1.4163999557495117,0.34380000829696655,0.08399999886751175,=NA(),20,1013.25,47.2658576965332,1.8422636985778809,1052.580078125,1001.9000244140625,50.67500305175781,60.849388122558594,6422.56982421875,5687.4599609375,5687.0361328125,35.57472610473633,9.991442680358887,9.896730422973633,43.61293029785156,10.575882911682129,0.0356842502951622,0,0.0011023749830201268,0,735.10986328125,0.423828125
332,9,0,1,Day,,35.140384674072266,54.859615325927734,76.9559326171875,925.9000244140625,293.70196533203125,773.0999755859375,0.317207008600235,19.529993057250977,3.029900074005127,=NA(),=NA(),1.2222709655761719,1.4163999557495117,0.34380000829696655,0.08399999886751175,=NA(),20,1013.25,34.438560485839844,7.4643354415893555,1132.044921875,1082.4150390625,49.63500213623047,66.19811248779297,6890.22998046875,5984.580078125,5985.890625,34.838829040527344,10.738536834716797,10.705765724182129,43.07233810424805,11.396498680114746,0.038389623165130615,0,0.0011144374730065465,0,905.64990234375,-1.310546875
332,10,0,1,Day,,23.68220329284668,66.31779479980469,60.37251281738281,1097.0999755859375,258.14715576171875,916.0999755859375,0.23529957234859467,20.659997940063477,2.6600000858306885,=NA(),=NA(),1.0916802883148193,1.4163999557495117,0.34380000829696655,0.08399999886751175,=NA(),20,1013.25,20.869625091552734,11.453106880187988,1228.239990234375,1166.820068359375,61.41999816894531,71.54500579833984,7480.43017578125,6370.14990234375,6370.93896484375,34.10567855834961,11.675000190734863,11.65760326385498,42.56086730957031,12.412348747253418,0.041581250727176666,0,0.001375312451273203,0,1110.2802734375,-0.7890625
332,11,0,1,Day,,15.052308082580566,74.94769287109375,25.98996353149414,1164.199951171875,225.4535675048828,972.0999755859375,0.1936553716659546,21.57000160217285,2.2799999713897705,=NA(),=NA(),1.0353772640228271,1.4163999557495117,0.34380000829696655,0.08399999886751175,=NA(),20,1013.25,6.721187114715576,13.499532699584961,1243.31494140625,1171.625,71.68499755859375,73.2881088256836,7530.2001953125,6370.330078125,6367.046875,33.89786911010742,11.739392280578613,11.707623481750488,42.35237503051758,12.464271545410156,0.04166468605399132,0,0.0015843125293031335,0,1159.8701171875,3.283203125
332,12,0,1,Day,,15.40912914276123,74.59087371826172,330.88873291015625,1140.0999755859375,222.32144165039062,952,0.19500170648097992,22.20000648498535,2.0199999809265137,=NA(),=NA(),1.0371307134628296,1.4163999557495117,0.34380000829696655,0.08399999886751175,=NA(),20,1013.25,-7.6372246742248535,13.423352241516113,1219.614990234375,1149.5050048828125,70.10499572753906,72.9587631225586,7399.10009765625,6266.9697265625,6261.2041015625,33.96539306640625,11.521295547485352,11.502257347106934,42.357566833496094,12.213921546936035,0.04093649983406067,0,0.0015428749611601233,0,1132.13037109375,5.765625
332,13,0,1,Day,,24.356019973754883,65.64398193359375,298.18255615234375,1112.5999755859375,266.2896423339844,928.989990234375,0.23933996260166168,22.7499942779541,1.9198999404907227,=NA(),=NA(),1.097405195236206,1.4163999557495117,0.34380000829696655,0.08399999886751175,=NA(),20,1013.25,-21.753318786621094,11.231393814086914,1251.2550048828125,1189.179931640625,62.07999801635742,74.6931381225586,7614.06982421875,6406.97021484375,6408.126953125,33.68450164794922,11.889974594116211,11.861845016479492,42.19685745239258,12.651605606079102,0.042357251048088074,0,0.0013844999484717846,0,1207.099609375,-1.15673828125
332,14,0,1,Day,,35.888275146484375,54.111724853515625,282.1982727050781,501.3900146484375,410.0118713378906,112.79000091552734,0.8177503943443298,22.8900089263916,1.8899999856948853,=NA(),=NA(),1.2336832284927368,1.4163999557495117,0.34380000829696655,0.08399999886751175,=NA(),20,1013.25,-35.26913070678711,7.115087985992432,558.22998046875,510.4599914550781,47.775001525878906,45.795005798339844,3280.60009765625,3056.590087890625,3056.943115234375,37.4034423828125,5.108180999755859,4.9900898933410645,44.26234817504883,5.399536609649658,0.017845001071691513,0,0.0010067500406876206,0,224.010009765625,-0.35302734375
332,15,0,1,Day,,48.05384826660156,41.94615173339844,271.8680419921875,270.20001220703125,262.3786926269531,11.701000213623047,0.9710536003112793,23.1299991607666,1.999899983406067,=NA(),=NA(),1.494404673576355,1.4163999557495117,0.34380000829696655,0.08399999886751175,=NA(),20,1013.25,-48.03870391845703,1.389281153678894,280.125,235.6300048828125,44.48999786376953,34.78624725341797,1554.56005859375,1501.550048828125,1494.28857421875,38.45585632324219,2.428164482116699,2.301612615585327,44.364627838134766,2.5851449966430664,0.008170812390744686,0,0.0009294375195167959,0,53.010009765625,7.261474609375
332,16,0,1,Day,,60.29603958129883,29.70395851135254,263.5683288574219,178.41000366210938,175.8798370361328,5.106100082397461,0.9858182668685913,22.149988174438477,2.109999895095825,=NA(),=NA(),2.0126945972442627,1.4163999557495117,0.34380000829696655,0.08399999886751175,=NA(),20,1013.25,-60,5.585383415222168,183.32501220703125,143.36000061035156,39.96500015258789,29.826257705688477,985.3200073242188,967.6699829101562,958.218017578125,38.75314712524414,1.5448216199874878,1.4414851665496826,44.23701095581055,1.658634066581726,0.005046625155955553,0,0.0008140625432133675,0,17.6500244140625,9.45196533203125
332,17,0,1,Day,,72.34102630615234,17.658973693847656,255.87782287597656,116.80000305175781,115.52593231201172,4.199999809265137,0.9890918731689453,21.050012588500977,1.7999999523162842,=NA(),=NA(),3.2667579650878906,1.4163999557495117,0.34380000829696655,0.08399999886751175,=NA(),20,1013.25,-31.140663146972656,42.479583740234375,132.69500732421875,119.6500015258789,13.045000076293945,26.51812171936035,730.4600219726562,725.760009765625,724.6788940429688,38.474063873291016,1.1771637201309204,1.1381888389587402,44.18117904663086,1.2491636276245117,0.004120812751352787,0,0.0002763124939519912,0,4.70001220703125,1.08111572265625
332,18,0,1,Day,,83.91705322265625,6.082942962646484,248.02183532714844,9.298500061035156,9.298500061035156,0,1,19.850000381469727,2.0199999809265137,=NA(),=NA(),8.7398042678833,1.4163999557495117,0.34380000829696655,0.08399999886751175,=NA(),20,1013.25,-9.559586524963379,75.0703125,9.975000381469727,9.194999694824219,0.7799999713897705,20.2762393951416,45.12999725341797,45.959999084472656,45.660648345947266,35.135379791259766,0.08122255653142929,0.08034031093120575,40.38872146606445,0.09338159114122391,0.0003113750135526061,0,0.00001743749999150168,0,-0.8300018310546875,0.2993507385253906
332,19,0,1,Night,Sun below height limit of 1 degrees.,89.62606048583984,0.373939573764801,243.48780822753906,0,0,0,0,17.6400089263916,2.9700000286102295,=NA(),0,32.85527038574219,1.4163999557495117,0.34380000829696655,0.08399999886751175,=NA(),20,1013.25,0,0,0,0,0,17.6400089263916,0,0,0,0,0,0,0,0,0,0,0,0,0,0
332,20,0,1,Night,,105.10034942626953,-15.10035228729248,229.49476623535156,0,0,0,0,16.839990615844727,3.8201000690460205,=NA(),0,64.81599426269531,1.4163999557495117,0.34380000829696655,0.08399999886751175,=NA(),20,1013.25,0,0,0,0,0,16.839990615844727,0,0,0,0,0,0,0,0,0,0,0,0,0,0
332,21,0,1,Night,,113.55420684814453,-23.5542049407959,217.72654724121094,0,0,0,0,15.600000381469727,4.409999847412109,=NA(),0,64.81599426269531,1.4163999557495117,0.34380000829696655,0.08399999886751175,=NA(),20,1013.25,0,0,0,0,0,15.600000381469727,0,0,0,0,0,0,0,0,0,0,0,0,0,0
332,22,0,1,Night,,119.83364868164062,-29.833646774291992,203.76324462890625,0,0,0,0,14.610010147094727,4.800000190734863,=NA(),0,64.81599426269531,1.4163999557495117,0.34380000829696655,0.08399999886751175,=NA(),20,1013.25,0,0,0,0,0,14.610010147094727,0,0,0,0,0,0,0,0,0,0,0,0,0,0
332,23,0,1,Night,,123.18340301513672,-33.18339920043945,187.85748291015625,0,0,0,0,13.999994277954102,5.179900169372559,=NA(),0,64.81599426269531,1.4163999557495117,0.34380000829696655,0.08399999886751175,=NA(),20,1013.25,0,0,0,0,0,13.999994277954102,0,0,0,0,0,0,0,0,0,0,0,0,0,0
333,0,0,1,Night,,123.0726318359375,-33.0726318359375,171.1796112060547,0,0,0,0,13.309991836547852,5.330100059509277,=NA(),0,64.81599426269531,1.4163999557495117,0.34380000829696655,0.08399999886751175,=NA(),20,1013.25,0,0,0,0,0,13.309991836547852,0,0,0,0,0,0,0,0,0,0,0,0,0,0
333,1,0,1,Night,,119.52072143554688,-29.520719528198242,155.37181091308594,0,0,0,0,12.619989395141602,5.269899845123291,=NA(),0,64.81599426269531,1.4163999557495117,0.34380000829696655,0.08399999886751175,=NA(),20,1013.25,0,0,0,0,0,12.619989395141602,0,0,0,0,0,0,0,0,0,0,0,0,0,0
333,2,0,1,Night,,113.08369445800781,-23.083696365356445,141.55001831054688,0,0,0,0,12.399988174438477,5.090099811553955,=NA(),0,64.81599426269531,1.4163999557495117,0.34380000829696655,0.08399999886751175,=NA(),20,1013.25,0,0,0,0,0,12.399988174438477,0,0,0,0,0,0,0,0,0,0,0,0,0,0
333,3,0,1,Night,,104.51964569091797,-14.519646644592285,129.91624450683594,0,0,0,0,11.320001602172852,4.850100040435791,=NA(),0,64.81599426269531,1.4163999557495117,0.34380000829696655,0.08399999886751175,=NA(),20,1013.25,0,0,0,0,0,11.320001602172852,0,0,0,0,0,0,0,0,0,0,0,0,0,0
333,4,0,1,Night,Sun below height limit of 1 degrees.,89.32052612304688,0.6794754862785339,116.33397674560547,2.6958000659942627,2.6958000659942627,0,1,10.899988174438477,4.829999923706055,=NA(),0,29.3906307220459,1.4163999557495117,0.34380000829696655,0.08399999886751175,=NA(),20,1013.25,0,0,0,0,0,10.899988174438477,0,0,0,0,0,0,0,0,0,0,0,0,0,0
333,5,0,1,Day,,83.21563720703125,6.784365177154541,111.5701904296875,111.30999755859375,101.6930160522461,81.40799713134766,0.913601815700531,12.670007705688477,5.0100998878479,=NA(),=NA(),7.946731090545654,1.4163999557495117,0.34380000829696655,0.08399999886751175,=NA(),20,1013.25,10.679008483886719,73.30902862548828,175.79000854492188,169.85501098632812,5.934999942779541,20.060632705688477,841.5700073242188,855.260009765625,854.2874755859375,39.5657958984375,1.3494727611541748,1.3432693481445312,45.31285095214844,1.4275493621826172,0.004906250163912773,0,0.00013387500075623393,0,-13.69000244140625,0.9725341796875
333,6,0,1,Day,,71.59882354736328,18.401174545288086,103.7597427368164,290.2099914550781,227.9285888671875,197.3000030517578,0.7853919267654419,14.980005264282227,5.109899997711182,=NA(),=NA(),3.1417977809906006,1.4163999557495117,0.34380000829696655,0.08399999886751175,=NA(),20,1013.25,33.072792053222656,39.873191833496094,481.364990234375,461.18499755859375,20.18000030517578,34.411888122558594,2891.300048828125,2800.2099609375,2801.52099609375,38.85494613647461,4.506413459777832,4.440224647521973,45.523773193359375,4.750094890594482,0.01621999964118004,0,0.0004313125100452453,0,91.090087890625,-1.31103515625
333,7,0,1,Day,,59.53276443481445,30.467235565185547,96.08341217041016,556.5,321.0787353515625,464.29998779296875,0.5769608616828918,17.7499942779541,4.629899978637695,=NA(),=NA(),1.9672600030899048,1.4163999557495117,0.34380000829696655,0.08399999886751175,=NA(),20,1013.25,59.39115905761719,5.240869522094727,884.93505859375,828.27001953125,56.665000915527344,53.878746032714844,5397.9697265625,4897.85986328125,4899.9384765625,36.497276306152344,8.39116382598877,8.25869083404541,44.162357330322266,8.883405685424805,0.02969793789088726,0,0.0011838125064969063,0,500.10986328125,-2.07861328125
333,8,0,1,Day,,47.280757904052734,42.719242095947266,87.75147247314453,755.5,327.28985595703125,631.2000122070312,0.4332095980644226,20.110010147094727,3.5701000690460205,=NA(),=NA(),1.472511649131775,1.4163999557495117,0.34380000829696655,0.08399999886751175,=NA(),20,1013.25,47.258758544921875,1.651764988899231,1040.945068359375,990.969970703125,49.974998474121094,62.935630798339844,6353.76025390625,5583.72021484375,5582.3837890625,35.30723190307617,9.881881713867188,9.786345481872559,43.3243408203125,10.46358585357666,0.03530062362551689,0,0.001087187440134585,0,770.0400390625,1.33642578125
333,9,0,1,Day,,35.11994934082031,54.88005065917969,77.28494262695312,913.8099975585938,289.46099853515625,763.3099975585938,0.316762775182724,21.67998695373535,2.430000066757202,=NA(),=NA(),1.2219650745391846,1.4163999557495117,0.34380000829696655,0.08399999886751175,=NA(),20,1013.25,34.453399658203125,7.274481773376465,1117.824951171875,1069,48.82500076293945,67.83251190185547,6805.43017578125,5874.91015625,5875.5224609375,34.63267517089844,10.603286743164062,10.572297096252441,42.838104248046875,11.255709648132324,0.037913188338279724,0,0.0010969999711960554,0,930.52001953125,-0.6123046875
333,10,0,1,Day,,23.632671356201172,66.3673324584961,60.830177307128906,1039.199951171875,244.2702178955078,867.7000122070312,0.23505602777004242,22.990015029907227,1.3899999856948853,=NA(),=NA(),1.091267704963684,1.4163999557495117,0.34380000829696655,0.08399999886751175,=NA(),20,1013.25,20.91063690185547,11.267197608947754,1163.949951171875,1105.955078125,57.99500274658203,71.21187591552734,7097.259765625,6050.47021484375,6050.23876953125,34.179141998291016,11.063470840454102,11.046152114868164,42.49330139160156,11.75394058227539,0.03941325098276138,0,0.0012991250259801745,0,1046.78955078125,0.2314453125
333,11,0,1,Day,,14.924840927124023,75.07515716552734,26.534727096557617,1096.4000244140625,211.7848663330078,915.5,0.19316387176513672,23.800012588500977,0.6399000287055969,=NA(),=NA(),1.0347620248794556,1.4163999557495117,0.34380000829696655,0.08399999886751175,=NA(),20,1013.25,6.7905659675598145,13.321929931640625,1171.014892578125,1103.594970703125,67.42500305175781,72.5062484741211,7103.68994140625,6026.31005859375,6021.2568359375,34.03884506225586,11.055851936340332,11.024295806884766,42.32978057861328,11.729477882385254,0.0392606258392334,0,0.0014894375344738364,0,1077.3798828125,5.05322265625
333,12,0,1,Day,,15.219365119934082,74.78063201904297,330.88494873046875,1119.9000244140625,217.59603881835938,935.0999755859375,0.19429951906204224,24.899988174438477,0.3400000035762787,=NA(),=NA(),1.0361924171447754,1.4163999557495117,0.34380000829696655,0.08399999886751175,=NA(),20,1013.25,-7.5405988693237305,13.258514404296875,1197.77001953125,1128.93505859375,68.83999633789062,74.7618637084961,7265.14013671875,6110.81005859375,6108.31884765625,33.718414306640625,11.322296142578125,11.2992525100708,42.0887451171875,12.026021003723145,0.04017699882388115,0,0.001517249969765544,0,1154.330078125,2.4912109375
333,13,0,1,Day,,24.18537712097168,65.81462097167969,297.98187255859375,1046.0999755859375,249.27169799804688,873.5,0.23828668892383575,25.529993057250977,0.41999998688697815,=NA(),=NA(),1.095935344696045,1.4163999557495117,0.34380000829696655,0.08399999886751175,=NA(),20,1013.25,-21.633682250976562,11.082578659057617,1176.10009765625,1117.9100341796875,58.19499969482422,74.35311126708984,7167.52001953125,6037.8798828125,6037.91748046875,33.761817932128906,11.177414894104004,11.151437759399414,42.11248016357422,11.884865760803223,0.039824750274419785,0,0.0012982500484213233,0,1129.64013671875,-0.03759765625
333,14,0,1,Day,,35.731658935546875,54.268341064453125,282.0166320800781,866.8099975585938,287.2045593261719,714.010009765625,0.33133506774902344,26.029993057250977,0.39989998936653137,=NA(),=NA(),1.231258511543274,1.4163999557495117,0.34380000829696655,0.08399999886751175,=NA(),20,1013.25,-35.132015228271484,6.983532905578613,1065.320068359375,1018.6700439453125,46.63999938964844,70.13500213623047,6478.2900390625,5543.31982421875,5543.73291015625,34.34251022338867,10.0890474319458,10.04625415802002,42.44160079956055,10.721436500549316,0.03606737405061722,0,0.0010418749880045652,0,934.97021484375,-0.4130859375
333,15,0,1,Day,,47.901649475097656,42.098350524902344,271.71728515625,698.5999755859375,320.08917236328125,564.5999755859375,0.45818662643432617,26.8799991607666,0.41999998688697815,=NA(),=NA(),1.4900219440460205,1.4163999557495117,0.34380000829696655,0.08399999886751175,=NA(),20,1013.25,-47.88884735107422,1.2741234302520752,965.2249755859375,917.2550048828125,47.970001220703125,66.70125579833984,5891.2900390625,5104.14013671875,5104.44189453125,34.80606460571289,9.165949821472168,9.073160171508789,42.687801361083984,9.729711532592773,0.032673124223947525,0,0.0010432499693706632,0,787.14990234375,-0.3017578125
333,16,0,1,Day,,60.14286804199219,29.85713005065918,263.4415588378906,159.5,157.80799865722656,3.398699998855591,0.9893918633460999,25.600000381469727,0.6499000191688538,=NA(),=NA(),2.0033817291259766,1.4163999557495117,0.34380000829696655,0.08399999886751175,=NA(),20,1013.25,-59.98017883300781,5.684858798980713,160.38999938964844,123.97999572753906,36.40999984741211,32.34874725341797,853.030029296875,830.02001953125,821.03369140625,38.21511459350586,1.3422268629074097,1.2477574348449707,43.637657165527344,1.4450536966323853,0.004362437408417463,0,0.0007400625036098063,0,23.010009765625,8.986328125
333,17,0,1,Day,,72.1842269897461,17.815773010253906,255.7694091796875,219.1999969482422,195.06149291992188,78.8949966430664,0.8898791074752808,26.029993057250977,0.8701000213623047,=NA(),=NA(),3.239501953125,1.4163999557495117,0.34380000829696655,0.08399999886751175,=NA(),20,1013.25,-31.573692321777344,41.93913269042969,326.8999938964844,308.9649963378906,17.935001373291016,39.37248992919922,1919.1700439453125,1825.3099365234375,1825.4979248046875,37.79042434692383,3.0191285610198975,2.965045690536499,44.12868881225586,3.191335916519165,0.010776874609291553,0,0.0003852499939966947,0,93.860107421875,-0.18798828125
333,18,0,1,Day,,83.75741577148438,6.242583751678467,247.92930603027344,26.996999740600586,26.953983306884766,0.39559999108314514,0.9984066486358643,24.399988174438477,1.2400000095367432,=NA(),=NA(),8.546310424804688,1.4163999557495117,0.34380000829696655,0.08399999886751175,=NA(),20,1013.25,-9.826777458190918,74.67056274414062,29.030000686645508,26.755001068115234,2.2750000953674316,25.623743057250977,145.47000122070312,144.95999145507812,143.89500427246094,36.351112365722656,0.24740594625473022,0.24412332475185394,41.56007385253906,0.2718731164932251,0.0009054375113919377,0,0.00005043750206823461,0,0.510009765625,1.0649871826171875
333,19,0,1,Night,Sun below height limit of 1 degrees.,89.55594635009766,0.44405555725097656,243.3392791748047,0,0,0,0,20.0100040435791,1.559999942779541,=NA(),0,32.00934600830078,1.4163999557495117,0.34380000829696655,0.08399999886751175,=NA(),20,1013.25,0,0,0,0,0,20.0100040435791,0,0,0,0,0,0,0,0,0,0,0,0,0,0
333,20,0,1,Night,,104.92010498046875,-14.9201078414917,229.43980407714844,0,0,0,0,18.3799991607666,1.8899999856948853,=NA(),0,64.81599426269531,1.4163999557495117,0.34380000829696655,0.08399999886751175,=NA(),20,1013.25,0,0,0,0,0,18.3799991607666,0,0,0,0,0,0,0,0,0,0,0,0,0,0
333,21,0,1,Night,,113.36776733398438,-23.36776351928711,217.7018280029297,0,0,0,0,16.600000381469727,2.2499001026153564,=NA(),0,64.81599426269531,1.4163999557495117,0.34380000829696655,0.08399999886751175,=NA(),20,1013.25,0,0,0,0,0,16.600000381469727,0,0,0,0,0,0,0,0,0,0,0,0,0,0
333,22,0,1,Night,,119.64672088623047,-29.646718978881836,203.78179931640625,0,0,0,0,14.959985733032227,2.569999933242798,=NA(),0,64.81599426269531,1.4163999557495117,0.34380000829696655,0.08399999886751175,=NA(),20,1013.25,0,0,0,0,0,14.959985733032227,0,0,0,0,0,0,0,0,0,0,0,0,0,0
333,23,0,1,Night,,123.00601959228516,-33.00602340698242,187.92970275878906,0,0,0,0,13.969995498657227,2.780100107192993,=NA(),0,64.81599426269531,1.4163999557495117,0.34380000829696655,0.08399999886751175,=NA(),20,1013.25,0,0,0,0,0,13.969995498657227,0,0,0,0,0,0,0,0,0,0,0,0,0,0
334,0,0,1,Night,,122.9166030883789,-32.916603088378906,171.302978515625,0,0,0,0,13.029993057250977,2.8698999881744385,=NA(),0,64.81599426269531,1.4163999557495117,0.34380000829696655,0.08399999886751175,=NA(),20,1013.25,0,0,0,0,0,13.029993057250977,0,0,0,0,0,0,0,0,0,0,0,0,0,0
334,1,0,1,Night,,119.39396667480469,-29.393970489501953,155.5298614501953,0,0,0,0,13.089990615844727,2.9100000858306885,=NA(),0,64.81599426269531,1.4163999557495117,0.34380000829696655,0.08399999886751175,=NA(),20,1013.25,0,0,0,0,0,13.089990615844727,0,0,0,0,0,0,0,0,0,0,0,0,0,0
334,2,0,1,Night,,112.98766326904297,-22.98766326904297,141.7242431640625,0,0,0,0,13.070001602172852,2.8798999786376953,=NA(),0,64.81599426269531,1.4163999557495117,0.34380000829696655,0.08399999886751175,=NA(),20,1013.25,0,0,0,0,0,13.070001602172852,0,0,0,0,0,0,0,0,0,0,0,0,0,0
334,3,0,1,Night,,104.45088958740234,-14.45089054107666,130.09556579589844,0,0,0,0,12.689996719360352,2.9300999641418457,=NA(),0,64.81599426269531,1.4163999557495117,0.34380000829696655,0.08399999886751175,=NA(),20,1013.25,0,0,0,0,0,12.689996719360352,0,0,0,0,0,0,0,0,0,0,0,0,0,0
334,4,0,1,Night,Sun below height limit of 1 degrees.,89.30895233154297,0.6910449266433716,116.53316497802734,0.09769999980926514,0.09769999980926514,0,1,12.899988174438477,3.100100040435791,=NA(),0,29.270261764526367,1.4163999557495117,0.34380000829696655,0.08399999886751175,=NA(),20,1013.25,0,0,0,0,0,12.899988174438477,0,0,0,0,0,0,0,0,0,0,0,0,0,0
334,5,0,1,Day,,83.18834686279297,6.811652183532715,111.75552368164062,119.19999694824219,107.93242645263672,95,0.9054734110832214,15.540002822875977,3.859999895095825,=NA(),=NA(),7.918664932250977,1.4163999557495117,0.34380000829696655,0.08399999886751175,=NA(),20,1013.25,10.738268852233887,73.24024200439453,192.57000732421875,186.48001098632812,6.090000152587891,23.660608291625977,919.9500122070312,923.2999877929688,922.0662231445312,39.172611236572266,1.4711592197418213,1.4648505449295044,44.96953201293945,1.55705988407135,0.005352499894797802,0,0.00013768750068265945,0,-3.3499755859375,1.2337646484375
334,6,0,1,Day,,71.58316802978516,18.41683006286621,103.95511627197266,324.1000061035156,242.17994689941406,259.29998779296875,0.7472383379936218,19.2499942779541,2.8698999881744385,=NA(),=NA(),3.1392693519592285,1.4163999557495117,0.34380000829696655,0.08399999886751175,=NA(),20,1013.25,33.15717697143555,39.81682586669922,555.135009765625,534.14501953125,20.994998931884766,41.758750915527344,3352.800048828125,3168.139892578125,3169.805419921875,37.95315170288086,5.219977855682373,5.149036884307861,44.83141326904297,5.510524749755859,0.01880693808197975,0,0.00045118751586414874,0,184.66015625,-1.66552734375
334,7,0,1,Day,,59.524600982666016,30.475400924682617,96.2988510131836,545.3099975585938,316.2677001953125,451.6099853515625,0.579977810382843,22.149988174438477,1.3899999856948853,=NA(),=NA(),1.9667870998382568,1.4163999557495117,0.34380000829696655,0.08399999886751175,=NA(),20,1013.25,59.37273025512695,5.4258294105529785,865.2249755859375,809.385009765625,55.834999084472656,57.586265563964844,5275.75,4723.6298828125,4725.43115234375,36.001686096191406,8.203718185424805,8.072432518005371,43.64043045043945,8.695213317871094,0.02901487424969673,0,0.0011666874634101987,0,552.1201171875,-1.80126953125
334,8,0,1,Day,,47.274444580078125,42.725555419921875,88.00406646728516,759.1900024414062,328.9678955078125,634.0900268554688,0.43331432342529297,24.610010147094727,0.4099000096321106,=NA(),=NA(),1.4723365306854248,1.4163999557495117,0.34380000829696655,0.08399999886751175,=NA(),20,1013.25,47.25711441040039,1.4660968780517578,1045.864990234375,995.60498046875,50.2599983215332,67.77938079833984,6379.52001953125,5506.919921875,5506.99658203125,34.65739059448242,9.931222915649414,9.831338882446289,42.71215057373047,10.540742874145508,0.03544337674975395,0,0.0010935000609606504,0,872.60009765625,-0.07666015625
334,9,0,1,Day,,35.106117248535156,54.893882751464844,77.60648345947266,908.4000244140625,287.5527648925781,758.9000244140625,0.316548615694046,25.9999942779541,0.28999999165534973,=NA(),=NA(),1.2217581272125244,1.4163999557495117,0.34380000829696655,0.08399999886751175,=NA(),20,1013.25,34.473087310791016,7.090047359466553,1111.60009765625,1063.14501953125,48.46500015258789,72.06249237060547,6768.10986328125,5750.259765625,5750.16552734375,34.081581115722656,10.544854164123535,10.513763427734375,42.285545349121094,11.206542015075684,0.037703875452280045,0,0.0010890625417232513,0,1017.85009765625,0.09423828125
334,10,0,1,Day,,23.590774536132812,66.40922546386719,61.280696868896484,1045.800048828125,245.47503662109375,873.3099975585938,0.23472464084625244,27.2600040435791,0.4799000024795532,=NA(),=NA(),1.0909196138381958,1.4163999557495117,0.34380000829696655,0.08399999886751175,=NA(),20,1013.25,20.955686569213867,11.087297439575195,1171.610107421875,1113.27001953125,58.345001220703125,75.9956283569336,7142.580078125,5978.85009765625,5977.7255859375,33.55533981323242,11.13408088684082,11.11522102355957,41.895057678222656,11.84357738494873,0.03966987505555153,0,0.0013071874855086207,0,1163.72998046875,1.12451171875
334,11,0,1,Day,,14.805891990661621,75.19410705566406,27.087175369262695,860.9099731445312,334.57598876953125,544.4099731445312,0.38863062858581543,27.540002822875977,0.6301000118255615,=NA(),=NA(),1.0341931581497192,1.4163999557495117,0.34380000829696655,0.08399999886751175,=NA(),20,1013.25,6.862970352172852,13.150851249694824,920.125,865.89501953125,54.224998474121094,65.6150131225586,5573.68994140625,4847.2998046875,4844.59423828125,34.97189712524414,8.658010482788086,8.632501602172852,42.7155647277832,9.179763793945312,0.030691374093294144,0,0.0011986249592155218,0,726.39013671875,2.70556640625
334,12,0,1,Day,,15.03459644317627,74.96540069580078,330.9010314941406,330.6000061035156,322.77349853515625,8.103899955749512,0.9763263463973999,27.610010147094727,0.5799999833106995,=NA(),=NA(),1.0352914333343506,1.4163999557495117,0.34380000829696655,0.08399999886751175,=NA(),20,1013.25,-7.442054748535156,13.100555419921875,355.31500244140625,329.05999755859375,26.255001068115234,42.27373504638672,2036.239990234375,1917.3299560546875,1914.263916015625,37.51906967163086,3.18882155418396,3.168139934539795,43.84880447387695,3.372675657272339,0.011245124973356724,0,0.0005798125057481229,0,118.9100341796875,3.0660400390625
334,13,0,1,Day,,24.017230987548828,65.98277282714844,297.79534912109375,469.010009765625,420.5921936035156,53.00699996948242,0.896765947341919,27.8900089263916,0.7199000120162964,=NA(),=NA(),1.0945004224777222,1.4163999557495117,0.34380000829696655,0.08399999886751175,=NA(),20,1013.25,-21.513195037841797,10.940845489501953,504.7900085449219,466.19000244140625,38.599998474121094,48.651878356933594,2963.93994140625,2732.77001953125,2732.602294921875,36.9373779296875,4.6237359046936035,4.562946796417236,43.69731521606445,4.892857551574707,0.016228875145316124,0,0.0008338125189766288,0,231.169921875,0.167724609375
334,14,0,1,Day,,35.57655715942383,54.42344284057617,281.8457946777344,878,286.21466064453125,727.5999755859375,0.32598480582237244,29.5100040435791,0.9800000190734863,=NA(),=NA(),1.2288755178451538,1.4163999557495117,0.34380000829696655,0.08399999886751175,=NA(),20,1013.25,-34.994998931884766,6.859143257141113,1078.429931640625,1031.4150390625,47.01499938964844,74.31249237060547,6559.41015625,5524.43994140625,5524.29296875,33.79391860961914,10.216878890991211,10.174694061279297,41.93147277832031,10.870325088500977,0.03652950003743172,0,0.0010504374513402581,0,1034.97021484375,0.14697265625
334,15,0,1,Day,,47.75050354003906,42.24949645996094,271.575439453125,698.5,320.09564208984375,562.7999877929688,0.45826148986816406,28.899988174438477,1.4200999736785889,=NA(),=NA(),1.4857051372528076,1.4163999557495117,0.34380000829696655,0.08399999886751175,=NA(),20,1013.25,-47.739723205566406,1.1661211252212524,963.2750244140625,915.39501953125,47.875,68.71749114990234,5878.56982421875,5054.7197265625,5054.40576171875,34.54319763183594,9.145164489746094,9.052021026611328,42.423824310302734,9.711302757263184,0.03260231390595436,0,0.001041062525473535,0,823.85009765625,0.31396484375
334,16,0,1,Day,,59.99073791503906,30.009262084960938,263.3226013183594,402.6099853515625,302.3769226074219,200.41000366210938,0.7510417699813843,27.790002822875977,1.2999999523162842,=NA(),=NA(),1.9942307472229004,1.4163999557495117,0.34380000829696655,0.08399999886751175,=NA(),20,1013.25,-59.821556091308594,5.778980731964111,585.1799926757812,531.125,54.05999755859375,51.813133239746094,3500.5400390625,3193.469970703125,3194.212646484375,36.623348236083984,5.451327323913574,5.311010360717773,43.59618377685547,5.772143363952637,0.018978500738739967,0,0.0011145625030621886,0,307.070068359375,-0.74267578125
334,17,0,1,Day,,72.02822875976562,17.971771240234375,255.66827392578125,82.10399627685547,81.6712875366211,1.402400016784668,0.99472975730896,27.490015029907227,1.4900000095367432,=NA(),=NA(),3.2128515243530273,1.4163999557495117,0.34380000829696655,0.08399999886751175,=NA(),20,1013.25,-32.01055145263672,41.396244049072266,86.77000427246094,76.84500122070312,9.920000076293945,31.110010147094727,463.75,452.8599853515625,451.5771789550781,37.20321273803711,0.7585698366165161,0.7274303436279297,42.75468444824219,0.8111929893493652,0.0026426874101161957,0,0.0002074999938486144,0,10.8900146484375,1.282806396484375
334,18,0,1,Day,,83.59795379638672,6.402049541473389,247.84375,21.604999542236328,21.57090187072754,0.3057999908924103,0.9984217882156372,25.68999671936035,2.049999952316284,=NA(),=NA(),8.361039161682129,1.4163999557495117,0.34380000829696655,0.08399999886751175,=NA(),20,1013.25,-10.094364166259766,74.2706298828125,23.209999084472656,21.380001068115234,1.8199999332427979,26.673120498657227,114.3499984741211,113.44999694824219,112.56253051757812,35.80238342285156,0.19650034606456757,0.19376687705516815,40.993927001953125,0.2176693230867386,0.0007239999831654131,0,0.000040312501369044185,0,0.9000015258789062,0.8874664306640625
334,19,0,1,Night,Sun below height limit of 1 degrees.,89.48681640625,0.5131807327270508,243.19784545898438,0,0,0,0,22.300012588500977,2.430000066757202,=NA(),0,31.20587921142578,1.4163999557495117,0.34380000829696655,0.08399999886751175,=NA(),20,1013.25,0,0,0,0,0,22.300012588500977,0,0,0,0,0,0,0,0,0,0,0,0,0,0
334,20,0,1,Night,,104.74283599853516,-14.742836952209473,229.3914794921875,0,0,0,0,21.70000648498535,2.5499000549316406,=NA(),0,64.81599426269531,1.4163999557495117,0.34380000829696655,0.08399999886751175,=NA(),20,1013.25,0,0,0,0,0,21.70000648498535,0,0,0,0,0,0,0,0,0,0,0,0,0,0
334,21,0,1,Night,,113.1851577758789,-23.18515968322754,217.68344116210938,0,0,0,0,21.550012588500977,2.54010009765625,=NA(),0,64.81599426269531,1.4163999557495117,0.34380000829696655,0.08399999886751175,=NA(),20,1013.25,0,0,0,0,0,21.550012588500977,0,0,0,0,0,0,0,0,0,0,0,0,0,0
334,22,0,1,Night,,119.46463012695312,-29.464630126953125,203.8057403564453,0,0,0,0,21.399988174438477,2.530100107192993,=NA(),0,64.81599426269531,1.4163999557495117,0.34380000829696655,0.08399999886751175,=NA(),20,1013.25,0,0,0,0,0,21.399988174438477,0,0,0,0,0,0,0,0,0,0,0,0,0,0
334,23,0,1,Night,,122.83439636230469,-32.83439254760742,188.0055694580078,0,0,0,0,20.800012588500977,2.5999999046325684,=NA(),0,64.81599426269531,1.4163999557495117,0.34380000829696655,0.08399999886751175,=NA(),20,1013.25,0,0,0,0,0,20.800012588500977,0,0,0,0,0,0,0,0,0,0,0,0,0,0