Day of year,Hour,Minute,Period (h),Flag,Message,Solar zenith (degrees),Solar elevation (degrees),Solar azimuth (degrees),GHI (W/m2),DHI (W/m2),DNI (W/m2),Diffuse fraction,Ambient temperature (°C),Wind velocity (m/s),Wind direction,Opaque cloud fraction,Air mass,Precipitable water vapour (cm),Ozone (atm.cm),Aerosol optical density,Relative humidity (%),Far field albedo (%),Surface pressure (mb),Module tilt (degrees),Incident angle (degrees),VF power for Tmod [average] (W/m2),VF power for Tmod front [average] (W/m2),VF power for Tmod rear [average] (W/m2),Module temperature [average] (C),Power - no mismatch @25C [unit-system] (W),Power - no mismatch [unit-system] (W),Power [unit-system] (W),Vmp [average] (V),Imp [average] (A),Imp [minimum] (A),Voc [average] (V),Isc [average] (A),Jfront [average] (A/cm2),Ifront [average] (A),Jrear [average] (A/cm2),Irear [average] (A),Temperature loss (W),Cell-to-cell mismatch loss (W)
32,0,0,1,Night,,127.7419662475586,-37.74197006225586,178.0959930419922,0,0,0,0,20.1400089263916,7.7399001121521,=NA(),0,64.81599426269531,1.4163999557495117,0.34380000829696655,0.08399999886751175,=NA(),20,1013.25,0,0,0,0,0,20.1400089263916,0,0,0,0,0,0,0,0,0,0,0,0,0,0
32,1,0,1,Night,,125.45789337158203,-35.4578971862793,160.4602508544922,0,0,0,0,19.800012588500977,7.230100154876709,=NA(),0,64.81599426269531,1.4163999557495117,0.34380000829696655,0.08399999886751175,=NA(),20,1013.25,0,0,0,0,0,19.800012588500977,0,0,0,0,0,0,0,0,0,0,0,0,0,0
32,2,0,1,Night,,119.80812072753906,-29.80811882019043,144.80859375,0,0,0,0,19.17998695373535,6.340000152587891,=NA(),0,64.81599426269531,1.4163999557495117,0.34380000829696655,0.08399999886751175,=NA(),20,1013.25,0,0,0,0,0,19.17998695373535,0,0,0,0,0,0,0,0,0,0,0,0,0,0
32,3,0,1,Night,,111.64155578613281,-21.641557693481445,131.73300170898438,0,0,0,0,18.83001136779785,5.860000133514404,=NA(),0,64.81599426269531,1.4163999557495117,0.34380000829696655,0.08399999886751175,=NA(),20,1013.25,0,0,0,0,0,18.83001136779785,0,0,0,0,0,0,0,0,0,0,0,0,0,0
32,4,0,1,Night,,101.78054809570312,-11.780548095703125,120.89639282226562,0,0,0,0,18.149988174438477,6.03000020980835,=NA(),0,64.81599426269531,1.4163999557495117,0.34380000829696655,0.08399999886751175,=NA(),20,1013.25,0,0,0,0,0,18.149988174438477,0,0,0,0,0,0,0,0,0,0,0,0,0,0
32,5,0,1,Day,,87.49726867675781,2.5027341842651367,109.4465560913086,21.702999114990234,21.593585968017578,2.5055999755859375,0.9949586391448975,18.2499942779541,6.370100021362305,=NA(),=NA(),17.049158096313477,1.4163999557495117,0.34380000829696655,0.08399999886751175,=NA(),20,1013.25,3.8098111152648926,83.90570068359375,24.080001831054688,22.084999084472656,1.9950000047683716,19.268152236938477,113.3499984741211,115.70999908447266,115.52176666259766,36.8123893737793,0.19613268971443176,0.19499263167381287,42.13208770751953,0.21517130732536316,0.0007344374898821115,0,0.00004506250115809962,0,-2.3600006103515625,0.188232421875
32,6,0,1,Day,,78.93221282958984,11.067784309387207,103.32451629638672,169.60000610351562,148.56007385253906,109.5999984741211,0.8759437799453735,19.909997940063477,6.329999923706055,=NA(),=NA(),5.082460880279541,1.4163999557495117,0.34380000829696655,0.08399999886751175,=NA(),20,1013.25,17.26327133178711,62.178070068359375,270.989990234375,259.6199951171875,11.369999885559082,31.047510147094727,1527.219970703125,1493.0999755859375,1493.119384765625,38.82099151611328,2.403855800628662,2.383739948272705,44.89247131347656,2.5489935874938965,0.008950312621891499,0,0.0002563124871812761,0,34.1199951171875,-0.0194091796875
32,7,0,1,Day,,66.87361907958984,23.126384735107422,95.27748107910156,332.9100036621094,257.6924133300781,191.50999450683594,0.7740603089332581,22.170007705688477,6.050099849700928,=NA(),=NA(),2.5336639881134033,1.4163999557495117,0.34380000829696655,0.08399999886751175,=NA(),20,1013.25,50.18687438964844,17.274232864379883,547.3199462890625,509.92999267578125,37.38999938964844,44.730003356933594,3148.47998046875,2941.419921875,2943.207763671875,37.56907272338867,4.896435260772705,4.7993388175964355,44.381141662597656,5.187910079956055,0.017803186550736427,0,0.0008424374973401427,0,207.06005859375,-1.787841796875
32,8,0,1,Day,,54.62936019897461,35.37063980102539,86.74055480957031,597.5,319.35614013671875,480.5,0.534487247467041,24.93999671936035,5.429900169372559,=NA(),=NA(),1.724552869796753,1.4163999557495117,0.34380000829696655,0.08399999886751175,=NA(),20,1013.25,54.58556365966797,2.65735125541687,886.7750244140625,831.5899658203125,55.18000030517578,61.503746032714844,5352.9599609375,4721.39013671875,4725.26220703125,35.505863189697266,8.317933082580566,8.195643424987793,43.22389221191406,8.828760147094727,0.03029249981045723,0,0.0012636875035241246,0,631.56982421875,-3.8720703125
32,9,0,1,Day,,42.505069732666016,47.494930267333984,76.49722290039062,458.69000244140625,380.55230712890625,105.98999786376953,0.829650342464447,26.7600040435791,4.829999923706055,=NA(),=NA(),1.3554089069366455,1.4163999557495117,0.34380000829696655,0.08399999886751175,=NA(),20,1013.25,41.706172943115234,9.076930046081543,528.8800048828125,473.739990234375,55.13999938964844,48.56249237060547,3086.7900390625,2844.8701171875,2844.922607421875,37.05978012084961,4.797923564910889,4.668588161468506,43.84104919433594,5.1005353927612305,0.017103437334299088,0,0.0011823750101029873,0,241.919921875,-0.052490234375
32,10,0,1,Day,,31.025426864624023,58.974571228027344,61.99404525756836,742.489990234375,361.9320983886719,444.0899963378906,0.4874572157859802,27.4999942779541,4.170000076293945,=NA(),=NA(),1.1664903163909912,1.4163999557495117,0.34380000829696655,0.08399999886751175,=NA(),20,1013.25,27.969757080078125,14.00588607788086,861.8399658203125,807.7349853515625,54.10499954223633,63.118125915527344,5201.22021484375,4559.89990234375,4562.173828125,35.29813003540039,8.077932357788086,8.033738136291504,42.958160400390625,8.57126235961914,0.02944868803024292,0,0.001211125054396689,0,641.3203125,-2.27392578125
32,11,0,1,Day,,21.59218406677246,68.4078140258789,37.125213623046875,538.7100219726562,448.97802734375,96.50399780273438,0.8334317207336426,28.969995498657227,3.390000104904175,=NA(),=NA(),1.0752294063568115,1.4163999557495117,0.34380000829696655,0.08399999886751175,=NA(),20,1013.25,13.434535026550293,17.062299728393555,587.2850341796875,538.77001953125,48.51000213623047,53.248130798339844,3439.64990234375,3119.030029296875,3119.944580078125,36.47468566894531,5.3460893630981445,5.307382106781006,43.43195343017578,5.677230358123779,0.019268061965703964,0,0.0010712499497458339,0,320.619873046875,-0.91455078125
32,12,0,1,Day,,18.03083038330078,71.96916961669922,355.1792907714844,635.5999755859375,459.1147766113281,185.60000610351562,0.7223328948020935,29.740015029907227,2.7000999450683594,=NA(),=NA(),1.0514581203460693,1.4163999557495117,0.34380000829696655,0.08399999886751175,=NA(),20,1013.25,-1.5669792890548706,17.96486473083496,688.3049926757812,635.6600341796875,52.64500045776367,58.235008239746094,4076.050048828125,3633.2099609375,3634.453125,35.887699127197266,6.329562187194824,6.316954135894775,43.108795166015625,6.720211505889893,0.022851062938570976,0,0.0011998750269412994,0,442.840087890625,-1.2431640625
32,13,0,1,Day,,23.26668930053711,66.73331451416016,316.4031066894531,285.69000244140625,280.3682861328125,5.792799949645996,0.9813724160194397,29.7600040435791,3.4700000286102295,=NA(),=NA(),1.0882542133331299,1.4163999557495117,0.34380000829696655,0.08399999886751175,=NA(),20,1013.25,-16.515356063842773,16.622875213623047,308.5249938964844,278.92498779296875,29.604999542236328,42.53874969482422,1748.22998046875,1642.070068359375,1639.385986328125,37.412384033203125,2.7387495040893555,2.6838796138763428,43.58877944946289,2.913794755935669,0.009855249896645546,0,0.0006407499895431101,0,106.159912109375,2.68408203125
32,14,0,1,Day,,33.34537887573242,56.65462112426758,294.4887390136719,58.70100021362305,58.44688034057617,0.3041999936103821,0.9956709742546082,21.7600040435791,4.409999847412109,=NA(),=NA(),1.1965376138687134,1.4163999557495117,0.34380000829696655,0.08399999886751175,=NA(),20,1013.25,-30.913963317871094,13.170655250549316,60.56999969482422,52.57499694824219,7.994999885559082,24.2968692779541,313.19000244140625,313.3800048828125,311.1541442871094,37.920475006103516,0.5127786993980408,0.4900893270969391,43.10287857055664,0.5581240057945251,0.0018515625270083547,0,0.0001685625029494986,0,-0.19000244140625,2.225860595703125
32,15,0,1,Day,,45.03681945800781,44.96318054199219,281.2266540527344,68.60600280761719,68.3212890625,0.40290001034736633,0.9958500266075134,20.219995498657227,4.510000228881836,=NA(),=NA(),1.4138497114181519,1.4163999557495117,0.34380000829696655,0.08399999886751175,=NA(),20,1013.25,-44.48334503173828,7.917983531951904,67.88500213623047,55.275001525878906,12.609999656677246,23.07500648498535,345.2900085449219,347.0799865722656,342.95697021484375,38.39844512939453,0.5580369234085083,0.5219805240631104,43.44012451171875,0.6120119094848633,0.001953062484972179,0,0.00026281250757165253,0,-1.78997802734375,4.123016357421875
32,16,0,1,Day,,57.227237701416016,32.772762298583984,271.4942932128906,103.48999786376953,102.78970336914062,1.2936999797821045,0.9932332038879395,20.07000160217285,5.230000019073486,=NA(),=NA(),1.8435139656066895,1.4163999557495117,0.34380000829696655,0.08399999886751175,=NA(),20,1013.25,-57.21836853027344,1.2563865184783936,99.84500122070312,75.29499816894531,24.549999237060547,24.287500381469727,509.8900146484375,510.1399841308594,497.8087463378906,39.1483039855957,0.7943333387374878,0.7325407862663269,43.924598693847656,0.8824369311332703,0.002693125046789646,0,0.0005164999747648835,0,-0.249969482421875,12.33123779296875
32,17,0,1,Day,,69.46974182128906,20.530256271362305,263.1475524902344,14.397000312805176,14.397000312805176,0,1,20.0100040435791,6.480000019073486,=NA(),=NA(),2.8331046104431152,1.4163999557495117,0.34380000829696655,0.08399999886751175,=NA(),20,1013.25,-38.428646087646484,31.50004005432129,14.484999656677246,12.170000076293945,2.309999942779541,20.6299991607666,66.19000244140625,67.20999908447266,66.74602508544922,35.890193939208984,0.11620605736970901,0.1098882183432579,41.026309967041016,0.1318439394235611,0.0004246875178068876,0,0.0000516875006724149,0,-1.0199966430664062,0.4639739990234375
32,18,0,1,Night,Sun above horizon but GHI below 1,81.46632385253906,8.533676147460938,255.1103515625,0.8008999824523926,0.8004844784736633,0,0.999481201171875,19.3900089263916,7.190000057220459,=NA(),0,6.46697998046875,1.4163999557495117,0.34380000829696655,0.08399999886751175,=NA(),20,1013.25,0,0,0,0,0,19.3900089263916,0,0,0,0,0,0,0,0,0,0,0,0,0,0
32,19,0,1,Night,Sun above horizon but GHI below 1,88.65034484863281,1.3496572971343994,249.8348388671875,0,0,0,0,19.100000381469727,5.560100078582764,=NA(),0,23.507699966430664,1.4163999557495117,0.34380000829696655,0.08399999886751175,=NA(),20,1013.25,0,0,0,0,0,19.100000381469727,0,0,0,0,0,0,0,0,0,0,0,0,0,0
32,20,0,1,Night,,104.07040405273438,-14.070401191711426,237.1456298828125,0,0,0,0,18.899988174438477,3.170099973678589,=NA(),0,64.81599426269531,1.4163999557495117,0.34380000829696655,0.08399999886751175,=NA(),20,1013.25,0,0,0,0,0,18.899988174438477,0,0,0,0,0,0,0,0,0,0,0,0,0,0
32,21,0,1,Night,,113.67478942871094,-23.674785614013672,225.8956756591797,0,0,0,0,18.409997940063477,2.0299999713897705,=NA(),0,64.81599426269531,1.4163999557495117,0.34380000829696655,0.08399999886751175,=NA(),20,1013.25,0,0,0,0,0,18.409997940063477,0,0,0,0,0,0,0,0,0,0,0,0,0,0
32,22,0,1,Night,,121.4338607788086,-31.433860778808594,212.27476501464844,0,0,0,0,18.050012588500977,2.150099992752075,=NA(),0,64.81599426269531,1.4163999557495117,0.34380000829696655,0.08399999886751175,=NA(),20,1013.25,0,0,0,0,0,18.050012588500977,0,0,0,0,0,0,0,0,0,0,0,0,0,0
32,23,0,1,Night,,126.49048614501953,-36.4904899597168,196.0684051513672,0,0,0,0,17.649988174438477,2.2799999713897705,=NA(),0,64.81599426269531,1.4163999557495117,0.34380000829696655,0.08399999886751175,=NA(),20,1013.25,0,0,0,0,0,17.649988174438477,0,0,0,0,0,0,0,0,0,0,0,0,0,0
33,0,0,1,Night,,128.02769470214844,-38.027687072753906,178.1259765625,0,0,0,0,16.9999942779541,2.389899969100952,=NA(),0,64.81599426269531,1.4163999557495117,0.34380000829696655,0.08399999886751175,=NA(),20,1013.25,0,0,0,0,0,16.9999942779541,0,0,0,0,0,0,0,0,0,0,0,0,0,0
33,1,0,1,Night,,125.74015045166016,-35.74014663696289,160.3968963623047,0,0,0,0,16.2499942779541,2.490000009536743,=NA(),0,64.81599426269531,1.4163999557495117,0.34380000829696655,0.08399999886751175,=NA(),20,1013.25,0,0,0,0,0,16.2499942779541,0,0,0,0,0,0,0,0,0,0,0,0,0,0
33,2,0,1,Night,,120.07177734375,-30.07177734375,144.6774444580078,0,0,0,0,15.499994277954102,2.490000009536743,=NA(),0,64.81599426269531,1.4163999557495117,0.34380000829696655,0.08399999886751175,=NA(),20,1013.25,0,0,0,0,0,15.499994277954102,0,0,0,0,0,0,0,0,0,0,0,0,0,0
33,3,0,1,Night,,111.8809585571289,-21.88096046447754,131.562255859375,0,0,0,0,16.20000648498535,2.4100000858306885,=NA(),0,64.81599426269531,1.4163999557495117,0.34380000829696655,0.08399999886751175,=NA(),20,1013.25,0,0,0,0,0,16.20000648498535,0,0,0,0,0,0,0,0,0,0,0,0,0,0
33,4,0,1,Night,,101.9966049194336,-11.996607780456543,120.70330047607422,0,0,0,0,16.4999942779541,2.2399001121520996,=NA(),0,64.81599426269531,1.4163999557495117,0.34380000829696655,0.08399999886751175,=NA(),20,1013.25,0,0,0,0,0,16.4999942779541,0,0,0,0,0,0,0,0,0,0,0,0,0,0
33,5,0,1,Day,,87.58697509765625,2.41302490234375,109.16303253173828,12.600000381469727,12.591554641723633,0.20059999823570251,0.999329686164856,16.459985733032227,2.949899911880493,=NA(),=NA(),17.43677520751953,1.4163999557495117,0.34380000829696655,0.08399999886751175,=NA(),20,1013.25,3.6660985946655273,84.12482452392578,13.819999694824219,12.595000267028809,1.2300000190734863,17.042505264282227,64.6500015258789,66.5999984741211,66.51273345947266,36.21330261230469,0.1147933229804039,0.11435063928365707,41.53276824951172,0.12842385470867157,0.0004382499901112169,0,0.000027812500775326043,0,-1.9499969482421875,0.0872650146484375
33,6,0,1,Day,,79.11396789550781,10.886029243469238,103.09905242919922,153.99000549316406,138.2405548095703,83.39399719238281,0.8977242112159729,16.670007705688477,3.140000104904175,=NA(),=NA(),5.1619133949279785,1.4163999557495117,0.34380000829696655,0.08399999886751175,=NA(),20,1013.25,16.927371978759766,62.66748046875,238.97000122070312,228.114990234375,10.854999542236328,26.467493057250977,1339.3499755859375,1330.030029296875,1330.0264892578125,39.315364837646484,2.1143569946289062,2.096019983291626,45.28127670288086,2.2409307956695557,0.00786499958485365,0,0.0002433749905321747,0,9.3199462890625,0.0035400390625
33,7,0,1,Day,,67.04886627197266,22.951133728027344,95.02975463867188,448.5899963378906,302.5201721191406,374.5899963378906,0.6743801236152649,19.33001136779785,3.1500000953674316,=NA(),=NA(),2.5517280101776123,1.4163999557495117,0.34380000829696655,0.08399999886751175,=NA(),20,1013.25,48.98783493041992,18.54913330078125,802.2650146484375,762.010009765625,40.2599983215332,52.45250701904297,4662.669921875,4245.990234375,4250.251953125,36.68677520751953,7.240960121154785,7.1340250968933105,44.12005615234375,7.670809745788574,0.026539187878370285,0,0.0009495625272393227,0,416.6796875,-4.26171875
33,8,0,1,Day,,54.80397033691406,35.19602966308594,86.46019744873047,276.7099914550781,262.6429748535156,24.4060001373291,0.9491633176803589,20.45000648498535,3.410099983215332,=NA(),=NA(),1.7319576740264893,1.4163999557495117,0.34380000829696655,0.08399999886751175,=NA(),20,1013.25,54.752418518066406,2.8920626640319824,302.2200012207031,249.010009765625,53.20500183105469,32.987510681152344,1676.300048828125,1627.989990234375,1613.7457275390625,39.06230163574219,2.581524133682251,2.445476770401001,44.7933349609375,2.781064510345459,0.008925062604248524,0,0.0011521249543875456,0,48.31005859375,14.2442626953125
33,9,0,1,Day,,42.68937301635742,47.31062698364258,76.16999816894531,776.2999877929688,308.7408447265625,636.0999755859375,0.3977081775665283,21.80999183654785,3.880000114440918,=NA(),=NA(),1.3594117164611816,1.4163999557495117,0.34380000829696655,0.08399999886751175,=NA(),20,1013.25,41.85042953491211,9.327418327331543,1018.030029296875,965.114990234375,52.915000915527344,63.699363708496094,6192.759765625,5421.7001953125,5428.64404296875,35.18695831298828,9.642518997192383,9.585365295410156,43.23532485961914,10.24251937866211,0.03534175083041191,0,0.001203124993480742,0,771.0595703125,-6.94384765625
33,10,0,1,Day,,31.23653221130371,58.763465881347656,61.614070892333984,893.2000122070312,273.1294860839844,725.2000122070312,0.305787593126297,22.1299991607666,4.2399001121521,=NA(),=NA(),1.1690834760665894,1.4163999557495117,0.34380000829696655,0.08399999886751175,=NA(),20,1013.25,28.0831241607666,14.272477149963379,1051.219970703125,992.5999755859375,58.619998931884766,65.56749725341797,6377.0302734375,5545.35009765625,5549.3642578125,34.95476531982422,9.922399520874023,9.895501136779785,43.05587387084961,10.533560752868652,0.03631337359547615,0,0.0013329375069588423,0,831.68017578125,-4.01416015625
33,11,0,1,Day,,21.853818893432617,68.14617919921875,36.79618453979492,500.80999755859375,436.75836181640625,69.01100158691406,0.8721039295196533,23.360010147094727,4.559999942779541,=NA(),=NA(),1.077183485031128,1.4163999557495117,0.34380000829696655,0.08399999886751175,=NA(),20,1013.25,13.507863998413086,17.342256546020508,545.699951171875,500.0350036621094,45.665000915527344,45.80248260498047,3186.02001953125,2965.489990234375,2966.736328125,37.43631362915039,4.952981948852539,4.918071269989014,44.262752532958984,5.252863883972168,0.017856063321232796,0,0.0010075625032186508,0,220.530029296875,-1.246337890625
33,12,0,1,Day,,18.315196990966797,71.68479919433594,355.3407897949219,938.7899780273438,259.1654052734375,715.8900146484375,0.2760632336139679,24.350000381469727,5.0100998878479,=NA(),=NA(),1.0531692504882812,1.4163999557495117,0.34380000829696655,0.08399999886751175,=NA(),20,1013.25,-1.5401806831359863,18.252538681030273,1008.989990234375,939.094970703125,69.89500427246094,66.15874481201172,6095.419921875,5287.93994140625,5290.35400390625,34.895843505859375,9.475258827209473,9.454743385314941,42.88813018798828,10.063570976257324,0.034374311566352844,0,0.0015901875449344516,0,807.47998046875,-2.4140625
33,13,0,1,Day,,23.481666564941406,66.5183334350586,316.8900451660156,532.2999877929688,444.2527160644531,95.99700164794922,0.8345908522605896,26.360010147094727,5.410099983215332,=NA(),=NA(),1.0900169610977173,1.4163999557495117,0.34380000829696655,0.08399999886751175,=NA(),20,1013.25,-16.53568458557129,16.91124153137207,581,532.3900146484375,48.61000061035156,50.313743591308594,3403.3701171875,3118.570068359375,3119.71630859375,36.8634033203125,5.289340019226074,5.240101337432861,43.79611587524414,5.610816955566406,0.019063187763094902,0,0.0010650624753907323,0,284.800048828125,-1.146240234375
33,14,0,1,Day,,33.50334548950195,56.49665451049805,294.9288635253906,839.9099731445312,292.8936767578125,656.010009765625,0.3487203121185303,26.779993057250977,5.589900016784668,=NA(),=NA(),1.19871187210083,1.4163999557495117,0.34380000829696655,0.08399999886751175,=NA(),20,1013.25,-30.976181030273438,13.45361328125,1004.6300048828125,949.22998046875,55.404998779296875,68.36748504638672,6110.44970703125,5257.5498046875,5259.7158203125,34.605255126953125,9.499489784240723,9.457459449768066,42.60959243774414,10.088929176330566,0.03479481488466263,0,0.0012591874692589045,0,852.89990234375,-2.166015625
33,15,0,1,Day,,45.16904067993164,44.83095932006836,281.59039306640625,721,316.8839416503906,573.2000122070312,0.4395061731338501,27.1199893951416,5.519999980926514,=NA(),=NA(),1.4171173572540283,1.4163999557495117,0.34380000829696655,0.08399999886751175,=NA(),20,1013.25,-44.578853607177734,8.191722869873047,967.9199829101562,915.449951171875,52.474998474121094,67.12999725341797,5855.22998046875,5060.31005859375,5065.875,34.74751281738281,9.111979484558105,9.035290718078613,42.68121337890625,9.684995651245117,0.03335537388920784,0,0.0011788749834522605,0,794.919921875,-5.56494140625
33,16,0,1,Day,,57.35179901123047,32.64820098876953,271.8053894042969,506.3999938964844,314.3993225097656,355.8999938964844,0.6208517551422119,27.230005264282227,4.930099964141846,=NA(),=NA(),1.8497276306152344,1.4163999557495117,0.34380000829696655,0.08399999886751175,=NA(),20,1013.25,-57.33887481689453,1.5200576782226562,764.1849975585938,708.3200073242188,55.869998931884766,58.621238708496094,4639.39990234375,4132.3701171875,4135.80859375,35.864009857177734,7.207615375518799,7.086967468261719,43.31260681152344,7.6508588790893555,0.026122312992811203,0,0.0012289375299587846,0,507.02978515625,-3.4384765625
33,17,0,1,Day,,69.59746551513672,20.402536392211914,263.4256896972656,276.5899963378906,229.80953979492188,134.19000244140625,0.8308671712875366,26.399988174438477,3.240000009536743,=NA(),=NA(),2.849811315536499,1.4163999557495117,0.34380000829696655,0.08399999886751175,=NA(),20,1013.25,-37.956626892089844,32.05247497558594,434.8450012207031,408.3499755859375,26.494998931884766,44.25749969482422,2530.030029296875,2365.56005859375,2368.001220703125,37.42811965942383,3.9542863368988037,3.8797640800476074,44.03785705566406,4.1934003829956055,0.014424624852836132,0,0.0006208749837242067,0,164.469970703125,-2.441162109375
33,18,0,1,Day,,81.60462188720703,8.395381927490234,255.36834716796875,57.9010009765625,57.5355110168457,2.5032999515533447,0.9936876893043518,24.7499942779541,3.240000009536743,=NA(),=NA(),6.5641188621521,1.4163999557495117,0.34380000829696655,0.08399999886751175,=NA(),20,1013.25,-12.83353042602539,69.20846557617188,68.38499450683594,62.79999923706055,5.585000038146973,27.607507705688477,354.29998779296875,350.1499938964844,349.5489807128906,37.37244415283203,0.5845707654953003,0.576885998249054,42.84125518798828,0.628572404384613,0.0021476249676197767,0,0.00012312500621192157,0,4.149993896484375,0.60101318359375
33,19,0,1,Night,Sun above horizon but GHI below 1,88.72075653076172,1.2792401313781738,250.13890075683594,0,0,0,0,21.6299991607666,3.4000000953674316,=NA(),0,24.0331974029541,1.4163999557495117,0.34380000829696655,0.08399999886751175,=NA(),20,1013.25,0,0,0,0,0,21.6299991607666,0,0,0,0,0,0,0,0,0,0,0,0,0,0
33,20,0,1,Night,,104.24951171875,-14.24950885772705,237.38087463378906,0,0,0,0,19.230005264282227,3.340100049972534,=NA(),0,64.81599426269531,1.4163999557495117,0.34380000829696655,0.08399999886751175,=NA(),20,1013.25,0,0,0,0,0,19.230005264282227,0,0,0,0,0,0,0,0,0,0,0,0,0,0
33,21,0,1,Night,,113.88493347167969,-23.884929656982422,226.1150665283203,0,0,0,0,16.2600040435791,3.1198999881744385,=NA(),0,64.81599426269531,1.4163999557495117,0.34380000829696655,0.08399999886751175,=NA(),20,1013.25,0,0,0,0,0,16.2600040435791,0,0,0,0,0,0,0,0,0,0,0,0,0,0
33,22,0,1,Night,,121.67791748046875,-31.67791748046875,212.4603271484375,0,0,0,0,16.33001136779785,3.2100000381469727,=NA(),0,64.81599426269531,1.4163999557495117,0.34380000829696655,0.08399999886751175,=NA(),20,1013.25,0,0,0,0,0,16.33001136779785,0,0,0,0,0,0,0,0,0,0,0,0,0,0
33,23,0,1,Night,,126.76495361328125,-36.764949798583984,196.18885803222656,0,0,0,0,16.100000381469727,3.799999952316284,=NA(),0,64.81599426269531,1.4163999557495117,0.34380000829696655,0.08399999886751175,=NA(),20,1013.25,0,0,0,0,0,16.100000381469727,0,0,0,0,0,0,0,0,0,0,0,0,0,0
34,0,0,1,Night,,128.318115234375,-38.31810760498047,178.15206909179688,0,0,0,0,16.040002822875977,3.7899999618530273,=NA(),0,64.81599426269531,1.4163999557495117,0.34380000829696655,0.08399999886751175,=NA(),20,1013.25,0,0,0,0,0,16.040002822875977,0,0,0,0,0,0,0,0,0,0,0,0,0,0
34,1,0,1,Night,,126.0260009765625,-36.0260009765625,160.32766723632812,0,0,0,0,15.480005264282227,3.390000104904175,=NA(),0,64.81599426269531,1.4163999557495117,0.34380000829696655,0.08399999886751175,=NA(),20,1013.25,0,0,0,0,0,15.480005264282227,0,0,0,0,0,0,0,0,0,0,0,0,0,0
34,2,0,1,Night,,120.33790588378906,-30.33790397644043,144.53961181640625,0,0,0,0,13.499994277954102,3.240000009536743,=NA(),0,64.81599426269531,1.4163999557495117,0.34380000829696655,0.08399999886751175,=NA(),20,1013.25,0,0,0,0,0,13.499994277954102,0,0,0,0,0,0,0,0,0,0,0,0,0,0
34,3,0,1,Night,,112.1221694946289,-22.12217140197754,131.3849639892578,0,0,0,0,12.300012588500977,3.1600000858306885,=NA(),0,64.81599426269531,1.4163999557495117,0.34380000829696655,0.08399999886751175,=NA(),20,1013.25,0,0,0,0,0,12.300012588500977,0,0,0,0,0,0,0,0,0,0,0,0,0,0
34,4,0,1,Night,,102.21421813964844,-12.214221954345703,120.50403594970703,0,0,0,0,12.279993057250977,3.2100000381469727,=NA(),0,64.81599426269531,1.4163999557495117,0.34380000829696655,0.08399999886751175,=NA(),20,1013.25,0,0,0,0,0,12.279993057250977,0,0,0,0,0,0,0,0,0,0,0,0,0,0
34,5,0,1,Day,,87.67359161376953,2.3264048099517822,108.87354278564453,17.503000259399414,17.466487884521484,0.8995000123977661,0.9979139566421509,11.640008926391602,4.229899883270264,=NA(),=NA(),17.825908660888672,1.4163999557495117,0.34380000829696655,0.08399999886751175,=NA(),20,1013.25,3.5276575088500977,84.33628845214844,19.255001068115234,17.600000381469727,1.649999976158142,12.450006484985352,90.93000030517578,95.29999542236328,95.18452453613281,37.49334716796875,0.15866906940937042,0.1580633968114853,42.782894134521484,0.1749337911605835,0.0005986250471323729,0,0.000037500001781154424,0,-4.3699951171875,0.11547088623046875
34,6,0,1,Day,,79.2963638305664,10.703633308410645,102.86795806884766,194.99000549316406,165.06907653808594,161.10000610351562,0.8465514779090881,14.830011367797852,4.770100116729736,=NA(),=NA(),5.244165897369385,1.4163999557495117,0.34380000829696655,0.08399999886751175,=NA(),20,1013.25,16.593063354492188,63.15674591064453,324.66998291015625,312.7349853515625,11.930000305175781,28.1293888092041,1837.949951171875,1815.18994140625,1815.164794921875,39.44548034667969,2.876068592071533,2.8539845943450928,45.60666275024414,3.046685218811035,0.01074881199747324,0,0.00027012499049305916,0,22.760009765625,0.025146484375
34,7,0,1,Day,,67.22467803955078,22.77532386779785,94.7763442993164,422.29998779296875,285.9181213378906,352.29998779296875,0.6770498156547546,18.2700138092041,4.199999809265137,=NA(),=NA(),2.570132255554199,1.4163999557495117,0.34380000829696655,0.08399999886751175,=NA(),20,1013.25,47.88160705566406,19.749801635742188,749.0999755859375,711.1400146484375,37.96500015258789,49.11437225341797,4356.10986328125,4012.550048828125,4016.9599609375,37.113746643066406,6.764766693115234,6.661102294921875,44.42105484008789,7.1631574630737305,0.024788187816739082,0,0.0009019374847412109,0,343.559814453125,-4.409912109375
34,8,0,1,Day,,54.97953796386719,35.02046203613281,86.17394256591797,640.3099975585938,333.399169921875,534.8099975585938,0.520684003829956,20.969995498657227,3.1600000858306885,=NA(),=NA(),1.7394838333129883,1.4163999557495117,0.34380000829696655,0.08399999886751175,=NA(),20,1013.25,54.91943359375,3.132571220397949,961.280029296875,903.22998046875,58.05500030517578,60.521263122558594,5816.0302734375,5149.919921875,5155.57666015625,35.62489700317383,9.045098304748535,8.92421817779541,43.51597213745117,9.599983215332031,0.03297056257724762,0,0.0013310625217854977,0,666.1103515625,-5.65673828125
34,9,0,1,Day,,42.87508773803711,47.12491226196289,75.83651733398438,864.989990234375,335.6678771972656,722.2899780273438,0.3880598545074463,22.70000648498535,2.119999885559082,=NA(),=NA(),1.3634834289550781,1.4163999557495117,0.34380000829696655,0.08399999886751175,=NA(),20,1013.25,41.994300842285156,9.583647727966309,1136.4300537109375,1077.4949951171875,58.93000030517578,69.66875457763672,6902.919921875,5913.18994140625,5921.1884765625,34.36672592163086,10.768413543701172,10.705269813537598,42.69488525390625,11.465497016906738,0.03946299850940704,0,0.001339312526397407,0,989.72998046875,-7.99853515625
34,10,0,1,Day,,31.449899673461914,58.55010223388672,61.22771453857422,1025.0999755859375,294.84918212890625,856,0.2876296937465668,23.409997940063477,1.559999942779541,=NA(),=NA(),1.1717321872711182,1.4163999557495117,0.34380000829696655,0.08399999886751175,=NA(),20,1013.25,28.19533348083496,14.544695854187012,1207.35009765625,1140.135009765625,67.22000122070312,73.57686614990234,7306.5498046875,6168.14013671875,6174.34619140625,33.842288970947266,11.402790069580078,11.373058319091797,42.31526184082031,12.14918327331543,0.04171062633395195,0,0.0015285625122487545,0,1138.40966796875,-6.2060546875
34,11,0,1,Day,,22.118886947631836,67.88111114501953,36.46088409423828,1051.5,238.10752868652344,878.010009765625,0.22644558548927307,24.2700138092041,1.5298999547958374,=NA(),=NA(),1.0791934728622437,1.4163999557495117,0.34380000829696655,0.08399999886751175,=NA(),20,1013.25,13.57901668548584,17.627586364746094,1156.050048828125,1079.72998046875,76.31999969482422,72.32125091552734,6974.60986328125,5915.259765625,5920.24169921875,34.0334587097168,10.87209701538086,10.84875774383545,42.377811431884766,11.567078590393066,0.039527248591184616,0,0.0017070624744519591,0,1059.35009765625,-4.98193359375
34,12,0,1,Day,,18.604909896850586,71.39508819580078,355.4889221191406,1145.699951171875,238.99606323242188,956.7000122070312,0.2086026668548584,25.540002822875977,1.649999976158142,=NA(),=NA(),1.0549448728561401,1.4163999557495117,0.34380000829696655,0.08399999886751175,=NA(),20,1013.25,-1.5166552066802979,18.545169830322266,1231.5048828125,1146.050048828125,85.44999694824219,76.95311737060547,7412.759765625,6177.35009765625,6182.3896484375,33.40127182006836,11.568398475646973,11.544890403747559,41.915287017822266,12.338057518005371,0.04193912446498871,0,0.001943687442690134,0,1235.40966796875,-5.03955078125
34,13,0,1,Day,,23.7039737701416,66.29602813720703,317.369384765625,744.4000244140625,393.97747802734375,382.7099914550781,0.5292550325393677,25.719995498657227,1.7200000286102295,=NA(),=NA(),1.0918619632720947,1.4163999557495117,0.34380000829696655,0.08399999886751175,=NA(),20,1013.25,-16.560184478759766,17.203950881958008,821.3099975585938,762.635009765625,58.67499923706055,59.615013122558594,4913.33984375,4361.919921875,4364.8740234375,35.749637603759766,7.6309814453125,7.5983076095581055,43.29716873168945,8.095893859863281,0.02765587531030178,0,0.001306562451645732,0,551.419921875,-2.9541015625
34,14,0,1,Day,,33.66814422607422,56.33185577392578,295.3686218261719,634.7000122070312,405.4117126464844,275.5,0.6387454271316528,25.850000381469727,1.6098999977111816,=NA(),=NA(),1.200998306274414,1.4163999557495117,0.34380000829696655,0.08399999886751175,=NA(),20,1013.25,-31.04292869567871,13.740179061889648,735.3399658203125,683.1699829101562,52.17500305175781,56.102500915527344,4409.97021484375,3962.97998046875,3965.335205078125,36.19490432739258,6.847232341766357,6.772905349731445,43.53980255126953,7.263062953948975,0.024851875379681587,0,0.0011530625633895397,0,446.990234375,-2.355224609375
34,15,0,1,Day,,45.30726623535156,44.69273376464844,281.95587158203125,393.79998779296875,349.9151916503906,62.39799880981445,0.8885607123374939,26.360010147094727,1.4200999736785889,=NA(),=NA(),1.4205574989318848,1.4163999557495117,0.34380000829696655,0.08399999886751175,=NA(),20,1013.25,-44.67898941040039,8.468542098999023,451.69500732421875,398.58502197265625,53.10499954223633,45.01311492919922,2600.33984375,2425.02001953125,2422.97265625,37.45827865600586,4.04271936416626,3.9152603149414062,43.988407135009766,4.302059650421143,0.014327437616884708,0,0.0011278125457465649,0,175.31982421875,2.04736328125
34,16,0,1,Day,,57.481727600097656,32.518272399902344,272.11865234375,503.5,313.8995361328125,352.70001220703125,0.6234350204467773,27.420007705688477,1.2200000286102295,=NA(),=NA(),1.8562623262405396,1.4163999557495117,0.34380000829696655,0.08399999886751175,=NA(),20,1013.25,-57.463958740234375,1.7863647937774658,760.699951171875,704.7999877929688,55.90999984741211,58.67748260498047,4624.18994140625,4117.8701171875,4120.4697265625,35.863643646240234,7.180954933166504,7.058701038360596,43.298683166503906,7.618206024169922,0.026034625247120857,0,0.0012271874584257603,0,506.31982421875,-2.599609375
34,17,0,1,Day,,69.72998809814453,20.27001190185547,263.70599365234375,294.989990234375,235.9592742919922,170.38999938964844,0.799889087677002,27.040002822875977,0.7699999809265137,=NA(),=NA(),2.8673698902130127,1.4163999557495117,0.34380000829696655,0.08399999886751175,=NA(),20,1013.25,-37.480228424072266,32.6173210144043,483,457.125,25.880001068115234,46.87438201904297,2828.9599609375,2621.97998046875,2625.369384765625,37.156654357910156,4.416098117828369,4.342742919921875,43.899959564208984,4.683204174041748,0.01617324911057949,0,0.0006113125127740204,0,206.97998046875,-3.389404296875
34,18,0,1,Day,,81.74656677246094,8.253430366516113,255.62847900390625,67.1989974975586,66.39479064941406,5.602200031280518,0.9880324602127075,25.1400089263916,0.5,=NA(),=NA(),6.666835308074951,1.4163999557495117,0.34380000829696655,0.08399999886751175,=NA(),20,1013.25,-12.586441040039062,69.57328796386719,82.36000061035156,76.125,6.235000133514404,28.581262588500977,426.94000244140625,420.45001220703125,420.0251770019531,37.47917175292969,0.7004312872886658,0.6922416090965271,43.02317428588867,0.7508288025856018,0.00257274997420609,0,0.00013781250163447112,0,6.489990234375,0.424835205078125
34,19,0,1,Night,Sun above horizon but GHI below 1,88.79024505615234,1.209755539894104,250.447509765625,0,0,0,0,22.100000381469727,1.090000033378601,=NA(),0,24.570770263671875,1.4163999557495117,0.34380000829696655,0.08399999886751175,=NA(),20,1013.25,0,0,0,0,0,22.100000381469727,0,0,0,0,0,0,0,0,0,0,0,0,0,0
34,20,0,1,Night,,104.43396759033203,-14.433968544006348,237.61793518066406,0,0,0,0,19.600000381469727,1.7899999618530273,=NA(),0,64.81599426269531,1.4163999557495117,0.34380000829696655,0.08399999886751175,=NA(),20,1013.25,0,0,0,0,0,19.600000381469727,0,0,0,0,0,0,0,0,0,0,0,0,0,0
34,21,0,1,Night,,114.09979248046875,-24.099794387817383,226.3357696533203,0,0,0,0,19.6199893951416,2.3399999141693115,=NA(),0,64.81599426269531,1.4163999557495117,0.34380000829696655,0.08399999886751175,=NA(),20,1013.25,0,0,0,0,0,19.6199893951416,0,0,0,0,0,0,0,0,0,0,0,0,0,0
34,22,0,1,Night,,121.92693328857422,-31.926937103271484,212.64627075195312,0,0,0,0,20.159997940063477,2.759999990463257,=NA(),0,64.81599426269531,1.4163999557495117,0.34380000829696655,0.08399999886751175,=NA(),20,1013.25,0,0,0,0,0,20.159997940063477,0,0,0,0,0,0,0,0,0,0,0,0,0,0
34,23,0,1,Night,,127.0443344116211,-37.044334411621094,196.30787658691406,0,0,0,0,20.05999183654785,3.0799999237060547,=NA(),0,64.81599426269531,1.4163999557495117,0.34380000829696655,0.08399999886751175,=NA(),20,1013.25,0,0,0,0,0,20.05999183654785,0,0,0,0,0,0,0,0,0,0,0,0,0,0
35,0,0,1,Night,,128.61306762695312,-38.613067626953125,178.17422485351562,0,0,0,0,18.089990615844727,3.26990008354187,=NA(),0,64.81599426269531,1.4163999557495117,0.34380000829696655,0.08399999886751175,=NA(),20,1013.25,0,0,0,0,0,18.089990615844727,0,0,0,0,0,0,0,0,0,0,0,0,0,0
35,1,0,1,Night,,126.3154067993164,-36.31540298461914,160.2525177001953,0,0,0,0,16.800012588500977,3.51990008354187,=NA(),0,64.81599426269531,1.4163999557495117,0.34380000829696655,0.08399999886751175,=NA(),20,1013.25,0,0,0,0,0,16.800012588500977,0,0,0,0,0,0,0,0,0,0,0,0,0,0
35,2,0,1,Night,,120.60589599609375,-30.605894088745117,144.39512634277344,0,0,0,0,18.279993057250977,4.179999828338623,=NA(),0,64.81599426269531,1.4163999557495117,0.34380000829696655,0.08399999886751175,=NA(),20,1013.25,0,0,0,0,0,18.279993057250977,0,0,0,0,0,0,0,0,0,0,0,0,0,0
35,3,0,1,Night,,112.36370086669922,-22.36370086669922,131.20114135742188,0,0,0,0,17.149988174438477,5.039999961853027,=NA(),0,64.81599426269531,1.4163999557495117,0.34380000829696655,0.08399999886751175,=NA(),20,1013.25,0,0,0,0,0,17.149988174438477,0,0,0,0,0,0,0,0,0,0,0,0,0,0
35,4,0,1,Night,,102.4305419921875,-12.430543899536133,120.29865264892578,0,0,0,0,16.990015029907227,5.640100002288818,=NA(),0,64.81599426269531,1.4163999557495117,0.34380000829696655,0.08399999886751175,=NA(),20,1013.25,0,0,0,0,0,16.990015029907227,0,0,0,0,0,0,0,0,0,0,0,0,0,0
35,5,0,1,Day,,87.76376342773438,2.236238956451416,108.5734634399414,13.204999923706055,13.18911075592041,0.40720000863075256,0.9987967014312744,16.990015029907227,6.099999904632568,=NA(),=NA(),18.247440338134766,1.4163999557495117,0.34380000829696655,0.08399999886751175,=NA(),20,1013.25,3.384242534637451,84.5563735961914,14.5,13.204999923706055,1.284999966621399,17.600000381469727,68.08000183105469,69.97000122070312,69.90348052978516,36.204341888427734,0.12067525088787079,0.1201789602637291,41.534210205078125,0.13461846113204956,0.00045931251952424645,0,0.000029499999072868377,0,-1.8899993896484375,0.06652069091796875
35,6,0,1,Day,,79.4810562133789,10.518945693969727,102.63131713867188,186.11000061035156,158.61636352539062,150.60000610351562,0.852272093296051,20.110010147094727,6.739999771118164,=NA(),=NA(),5.330148696899414,1.4163999557495117,0.34380000829696655,0.08399999886751175,=NA(),20,1013.25,16.257471084594727,63.65032196044922,307.30999755859375,295.7550048828125,11.555000305175781,32.750633239746094,1735.1199951171875,1686.81005859375,1686.9088134765625,38.72416687011719,2.722637891769409,2.7022364139556885,44.88838577270508,2.887211799621582,0.010158875025808811,0,0.0002606874913908541,0,48.3099365234375,-0.0987548828125
35,7,0,1,Day,,67.40156555175781,22.598434448242188,94.51739501953125,410.7900085449219,280.02288818359375,340.29998779296875,0.6816691756248474,23.100000381469727,7.059999942779541,=NA(),=NA(),2.588942050933838,1.4163999557495117,0.34380000829696655,0.08399999886751175,=NA(),20,1013.25,46.847991943359375,20.892364501953125,725.7650146484375,689.1799926757812,36.59000015258789,53.10124969482422,4216.16015625,3828.830078125,3831.940185546875,36.57444763183594,6.548331260681152,6.449802398681641,43.841644287109375,6.935714244842529,0.023997999727725983,0,0.0008729374967515469,0,387.330078125,-3.110107421875
35,8,0,1,Day,,55.15599060058594,34.84400939941406,85.8819580078125,563.4000244140625,317.7220153808594,430,0.5639368295669556,25.339990615844727,7.289999961853027,=NA(),=NA(),1.747130036354065,1.4163999557495117,0.34380000829696655,0.08399999886751175,=NA(),20,1013.25,55.08650588989258,3.378774642944336,834.5549926757812,779.824951171875,54.724998474121094,59.680625915527344,5040.81005859375,4474.4501953125,4479.2529296875,35.73221969604492,7.834941387176514,7.71937894821167,43.33961868286133,8.319385528564453,0.028469249606132507,0,0.0012440000427886844,0,566.35986328125,-4.802734375
35,9,0,1,Day,,43.06209945678711,46.93790054321289,75.49698638916016,741.8099975585938,313.4509582519531,586.2999877929688,0.4225488603115082,26.959985733032227,7.21999979019165,=NA(),=NA(),1.3676226139068604,1.4163999557495117,0.34380000829696655,0.08399999886751175,=NA(),20,1013.25,42.137657165527344,9.845491409301758,971.719970703125,919.6600341796875,52.060001373291016,67.12187957763672,5909.60009765625,5107.7099609375,5110.94189453125,34.76399612426758,9.18867015838623,9.118867874145508,42.70130157470703,9.750621795654297,0.0336807481944561,0,0.0011768749682232738,0,801.89013671875,-3.23193359375
35,10,0,1,Day,,31.66546058654785,58.334537506103516,60.83530807495117,890.7000122070312,273.8026428222656,724.7999877929688,0.3074016273021698,29.0100040435791,7.03000020980835,=NA(),=NA(),1.1744370460510254,1.4163999557495117,0.34380000829696655,0.08399999886751175,=NA(),20,1013.25,28.306297302246094,14.822400093078613,1049.614990234375,991.1600341796875,58.45500183105469,72.5631332397461,6367.330078125,5393.33984375,5399.25,34.019927978515625,9.91927433013916,9.894115447998047,42.15675735473633,10.571366310119629,0.0362587496638298,0,0.0013294999953359365,0,973.990234375,-5.91015625
35,11,0,1,Day,,22.38730239868164,67.6126937866211,36.11979675292969,588.2100219726562,452.6591796875,146.60000610351562,0.7695536613464355,28.779993057250977,6.769899845123291,=NA(),=NA(),1.081260085105896,1.4163999557495117,0.34380000829696655,0.08399999886751175,=NA(),20,1013.25,13.64794635772705,17.918140411376953,642.6400146484375,592.1199951171875,50.52000045776367,55.29186248779297,3796.60986328125,3419.199951171875,3422.22216796875,36.228370666503906,5.9039130210876465,5.874171733856201,43.35505676269531,6.271565914154053,0.021301187574863434,0,0.0011180625297129154,0,377.409912109375,-3.022216796875
35,12,0,1,Day,,18.8997802734375,71.1002197265625,355.6241149902344,548.9000244140625,455.13812255859375,99.1050033569336,0.8291822075843811,29.83001136779785,6.579999923706055,=NA(),=NA(),1.056786060333252,1.4163999557495117,0.34380000829696655,0.08399999886751175,=NA(),20,1013.25,-1.4963908195495605,18.842605590820312,596.4150390625,548.89501953125,47.525001525878906,54.51561737060547,3493.43994140625,3153.590087890625,3154.346923828125,36.314186096191406,5.428917407989502,5.420037746429443,43.29574966430664,5.763683795928955,0.01956862583756447,0,0.0010839374735951424,0,339.849853515625,-0.7568359375
35,13,0,1,Day,,23.933557510375977,66.06644439697266,317.8407897949219,513.9000244140625,438.31268310546875,82.697998046875,0.8529143333435059,30.45000648498535,6.45989990234375,=NA(),=NA(),1.0937912464141846,1.4163999557495117,0.34380000829696655,0.08399999886751175,=NA(),20,1013.25,-16.588909149169922,17.50093650817871,560.625,513.3599853515625,47.26499938964844,53.62248992919922,3278.909912109375,2968.47998046875,2970.465087890625,36.37514877319336,5.103890419006348,5.06041145324707,43.291316986083984,5.422372817993164,0.018368875607848167,0,0.0010348750511184335,0,310.429931640625,-1.985107421875
35,14,0,1,Day,,33.840126037597656,56.159873962402344,295.8075866699219,468.5,405.1256103515625,76.30000305175781,0.8647291660308838,30.730005264282227,6.170000076293945,=NA(),=NA(),1.203404426574707,1.4163999557495117,0.34380000829696655,0.08399999886751175,=NA(),20,1013.25,-31.114582061767578,14.030411720275879,517.7249755859375,468.45001220703125,49.279998779296875,52.12438201904297,3020.64990234375,2748.429931640625,2749.04443359375,36.537410736083984,4.7025065422058105,4.6055426597595215,43.3317985534668,4.999433517456055,0.016839999705553055,0,0.0010606249561533332,0,272.219970703125,-0.614501953125
35,15,0,1,Day,,45.45210647583008,44.54789352416992,282.32275390625,279.3999938964844,271.26043701171875,11.602999687194824,0.9708677530288696,30.1199893951416,5.0100998878479,=NA(),=NA(),1.4241892099380493,1.4163999557495117,0.34380000829696655,0.08399999886751175,=NA(),20,1013.25,-44.78438186645508,8.748394012451172,293.44000244140625,247.13999938964844,46.29999923706055,42.36437225341797,1623.489990234375,1525.280029296875,1518.108154296875,37.52977752685547,2.5277445316314697,2.4099700450897217,43.475372314453125,2.7130303382873535,0.00879843719303608,0,0.0009708750294521451,0,98.2099609375,7.171875
35,16,0,1,Day,,57.617733001708984,32.382266998291016,272.43389892578125,198.38999938964844,195.0203857421875,6.2916998863220215,0.9830151796340942,29.83001136779785,3.9600000381469727,=NA(),=NA(),1.8631629943847656,1.4163999557495117,0.34380000829696655,0.08399999886751175,=NA(),20,1013.25,-57.59434127807617,2.0552337169647217,207.05999755859375,163.239990234375,43.81999969482422,38.52623748779297,1118.530029296875,1064.030029296875,1049.5169677734375,37.93098831176758,1.728692650794983,1.6239231824874878,43.322235107421875,1.8818752765655518,0.0058931875973939896,0,0.00092149997362867,0,54.5,14.5130615234375
35,17,0,1,Day,,69.86829376220703,20.1317081451416,263.9883728027344,30.10300064086914,30.03337287902832,0.20229999721050262,0.997687041759491,29.100000381469727,4.329999923706055,=NA(),=NA(),2.8859403133392334,1.4163999557495117,0.34380000829696655,0.08399999886751175,=NA(),20,1013.25,-36.99668502807617,33.19817352294922,30.53499984741211,25.864999771118164,4.670000076293945,30.39812660217285,149.22000122070312,145.72999572753906,144.93975830078125,35.723419189453125,0.2535266578197479,0.24077323079109192,40.94744873046875,0.2799888253211975,0.0009023749735206366,0,0.00010399999882793054,0,3.4900054931640625,0.7902374267578125
35,18,0,1,Night,Sun above horizon but GHI below 1,81.89202117919922,8.10798168182373,255.8906707763672,0,0,0,0,20.45000648498535,5.160099983215332,=NA(),0,6.775382041931152,1.4163999557495117,0.34380000829696655,0.08399999886751175,=NA(),20,1013.25,0,0,0,0,0,20.45000648498535,0,0,0,0,0,0,0,0,0,0,0,0,0,0
35,19,0,1,Night,Sun above horizon but GHI below 1,88.85871887207031,1.141281247138977,250.7606201171875,0,0,0,0,20.6400089263916,6.869999885559082,=NA(),0,25.119855880737305,1.4163999557495117,0.34380000829696655,0.08399999886751175,=NA(),20,1013.25,0,0,0,0,0,20.6400089263916,0,0,0,0,0,0,0,0,0,0,0,0,0,0
35,20,0,1,Night,,104.62337493896484,-14.623373031616211,237.856689453125,0,0,0,0,21.730005264282227,7.360000133514404,=NA(),0,64.81599426269531,1.4163999557495117,0.34380000829696655,0.08399999886751175,=NA(),20,1013.25,0,0,0,0,0,21.730005264282227,0,0,0,0,0,0,0,0,0,0,0,0,0,0
35,21,0,1,Night,,114.32022857666016,-24.320226669311523,226.5578155517578,0,0,0,0,21.07000160217285,7.139999866485596,=NA(),0,64.81599426269531,1.4163999557495117,0.34380000829696655,0.08399999886751175,=NA(),20,1013.25,0,0,0,0,0,21.07000160217285,0,0,0,0,0,0,0,0,0,0,0,0,0,0
35,22,0,1,Night,,122.18175506591797,-32.18175506591797,212.8325653076172,0,0,0,0,19.290002822875977,7.720099925994873,=NA(),0,64.81599426269531,1.4163999557495117,0.34380000829696655,0.08399999886751175,=NA(),20,1013.25,0,0,0,0,0,19.290002822875977,0,0,0,0,0,0,0,0,0,0,0,0,0,0
35,23,0,1,Night,,127.32926177978516,-37.32925796508789,196.42543029785156,0,0,0,0,19.8799991607666,8.61989974975586,=NA(),0,64.81599426269531,1.4163999557495117,0.34380000829696655,0.08399999886751175,=NA(),20,1013.25,0,0,0,0,0,19.8799991607666,0,0,0,0,0,0,0,0,0,0,0,0,0,0
36,0,0,1,Night,,128.91270446777344,-38.91270446777344,178.1924591064453,0,0,0,0,19.95000648498535,8.800000190734863,=NA(),0,64.81599426269531,1.4163999557495117,0.34380000829696655,0.08399999886751175,=NA(),20,1013.25,0,0,0,0,0,19.95000648498535,0,0,0,0,0,0,0,0,0,0,0,0,0,0
36,1,0,1,Night,,126.60826110839844,-36.60826110839844,160.1714324951172,0,0,0,0,19.899988174438477,8.539899826049805,=NA(),0,64.81599426269531,1.4163999557495117,0.34380000829696655,0.08399999886751175,=NA(),20,1013.25,0,0,0,0,0,19.899988174438477,0,0,0,0,0,0,0,0,0,0,0,0,0,0
36,2,0,1,Night,,120.8765869140625,-30.8765869140625,144.24398803710938,0,0,0,0,20.100000381469727,7.849999904632568,=NA(),0,64.81599426269531,1.4163999557495117,0.34380000829696655,0.08399999886751175,=NA(),20,1013.25,0,0,0,0,0,20.100000381469727,0,0,0,0,0,0,0,0,0,0,0,0,0,0
36,3,0,1,Night,,112.60691833496094,-22.60692024230957,131.0108184814453,0,0,0,0,20.43999671936035,7.179900169372559,=NA(),0,64.81599426269531,1.4163999557495117,0.34380000829696655,0.08399999886751175,=NA(),20,1013.25,0,0,0,0,0,20.43999671936035,0,0,0,0,0,0,0,0,0,0,0,0,0,0
36,4,0,1,Night,,102.64785766601562,-12.647856712341309,120.08721160888672,0,0,0,0,20.980005264282227,7.130000114440918,=NA(),0,64.81599426269531,1.4163999557495117,0.34380000829696655,0.08399999886751175,=NA(),20,1013.25,0,0,0,0,0,20.980005264282227,0,0,0,0,0,0,0,0,0,0,0,0,0,0
36,5,0,1,Day,,87.8558578491211,2.1441400051116943,108.26995086669922,5.000899791717529,4.997225761413574,0.0982000008225441,0.9992653131484985,21.3699893951416,7.75,=NA(),=NA(),18.6961727142334,1.4163999557495117,0.34380000829696655,0.08399999886751175,=NA(),20,1013.25,3.2385306358337402,84.78107452392578,5.484999656677246,5,0.48500001430511475,21.610010147094727,22.489999771118164,22.739999771118164,22.72626495361328,33.62596893310547,0.04224090650677681,0.04204847291111946,39.05696487426758,0.05104424059391022,0.00017393750022165477,0,0.000011000000085914508,0,-0.25,0.013734817504882812
36,6,0,1,Day,,79.664794921875,10.335208892822266,102.38921356201172,65.30400085449219,64.92652893066406,2.1040000915527344,0.9942197799682617,21.43999671936035,9.369999885559082,=NA(),=NA(),5.418509483337402,1.4163999557495117,0.34380000829696655,0.08399999886751175,=NA(),20,1013.25,15.926172256469727,64.13957214355469,75.8699951171875,69.29000091552734,6.579999923706055,24.5831241607666,402.45001220703125,402.2699890136719,402.0699462890625,37.93498611450195,0.6624300479888916,0.6528268456459045,43.48842239379883,0.7081996202468872,0.0024185623042285442,0,0.00014368750271387398,0,0.180023193359375,0.200042724609375
36,7,0,1,Day,,67.57808685302734,22.421916961669922,94.25301361083984,164.88999938964844,161.19473266601562,9.68809986114502,0.97758948802948,22.959985733032227,11.4399995803833,=NA(),=NA(),2.608011245727539,1.4163999557495117,0.34380000829696655,0.08399999886751175,=NA(),20,1013.25,45.88231658935547,21.977264404296875,190.739990234375,163.114990234375,27.635000228881836,30.88250160217285,1036.760009765625,1013.5599975585938,1008.9400634765625,38.59577941894531,1.6335835456848145,1.5614832639694214,44.2355842590332,1.7548902034759521,0.005720499902963638,0,0.0006136875017546117,0,23.20001220703125,4.61993408203125
36,8,0,1,Day,,55.332496643066406,34.667503356933594,85.58436584472656,221.6999969482422,216.81036376953125,8.596199989318848,0.9779447913169861,23.409997940063477,12.65999984741211,=NA(),=NA(),1.7548630237579346,1.4163999557495117,0.34380000829696655,0.08399999886751175,=NA(),20,1013.25,55.25278091430664,3.6305463314056396,232.27499389648438,186.52999877929688,45.744998931884766,33.100608825683594,1262.239990234375,1224.6800537109375,1211.0345458984375,38.785987854003906,1.950917363166809,1.8312660455703735,44.2762565612793,2.113250732421875,0.006673750001937151,0,0.0009840624406933784,0,37.5599365234375,13.6455078125
36,9,0,1,Day,,43.25000762939453,46.74999237060547,75.1516342163086,346.989990234375,325.4331359863281,29.59600067138672,0.9378747344017029,26.670007705688477,12.4399995803833,=NA(),=NA(),1.3718217611312866,1.4163999557495117,0.34380000829696655,0.08399999886751175,=NA(),20,1013.25,42.28004455566406,10.112774848937988,371.9049987792969,320.04498291015625,51.86000061035156,42.096885681152344,2098.35009765625,1975.3800048828125,1968.779296875,37.77882385253906,3.2568283081054688,3.1267406940460205,43.97996139526367,3.480867385864258,0.011440937407314777,0,0.0010946249822154641,0,122.9700927734375,6.6007080078125
36,10,0,1,Day,,31.882875442504883,58.117122650146484,60.437156677246094,944.4000244140625,274.52166748046875,788.9000244140625,0.29068368673324585,28.300012588500977,11.800000190734863,=NA(),=NA(),1.177194595336914,1.4163999557495117,0.34380000829696655,0.08399999886751175,=NA(),20,1013.25,28.415672302246094,15.105347633361816,1114.590087890625,1053.070068359375,61.519996643066406,74.60875701904297,6758.35986328125,5681.2998046875,5687.9580078125,33.73303985595703,10.53854751586914,10.514885902404785,42.019134521484375,11.2428617477417,0.038531750440597534,0,0.001400875044055283,0,1077.06005859375,-6.658203125
36,11,0,1,Day,,22.65886688232422,67.34113311767578,35.77336883544922,669.0999755859375,436.3660583496094,252.1999969482422,0.6521686911582947,29.420007705688477,11.050000190734863,=NA(),=NA(),1.0833830833435059,1.4163999557495117,0.34380000829696655,0.08399999886751175,=NA(),20,1013.25,13.714529037475586,18.21368980407715,732.7249755859375,678.2900390625,54.435001373291016,59.66936492919922,4368.06982421875,3874.669921875,3878.23779296875,35.69837188720703,6.789945602416992,6.766416549682617,43.05828857421875,7.214097499847412,0.02455125004053116,0,0.0012083124602213502,0,493.39990234375,-3.56787109375
36,12,0,1,Day,,19.199552536010742,70.80044555664062,355.746826171875,1096.300048828125,231.8155517578125,915.4000244140625,0.2114526480436325,30.550012588500977,10.09000015258789,=NA(),=NA(),1.0586931705474854,1.4163999557495117,0.34380000829696655,0.08399999886751175,=NA(),20,1013.25,-1.4793866872787476,19.144615173339844,1178.39501953125,1096.6199951171875,81.7750015258789,79.8499984741211,7099.2001953125,5848.64990234375,5852.47705078125,33.049049377441406,11.067787170410156,11.050016403198242,41.45254898071289,11.808503150939941,0.040126312524080276,0,0.0018595624715089798,0,1250.55029296875,-3.8271484375
36,13,0,1,Day,,24.170063018798828,65.8299331665039,318.3040466308594,532.9000244140625,442.84808349609375,98.70500183105469,0.8310152888298035,31.08001136779785,8.800000190734863,=NA(),=NA(),1.0958040952682495,1.4163999557495117,0.34380000829696655,0.08399999886751175,=NA(),20,1013.25,-16.621679306030273,17.801944732666016,581.7049560546875,533.050048828125,48.654998779296875,55.141868591308594,3407.659912109375,3068.75,3070.8837890625,36.19245529174805,5.303064346313477,5.26157283782959,43.16617965698242,5.635303974151611,0.0190868116915226,0,0.0010661875130608678,0,338.909912109375,-2.1337890625
36,14,0,1,Day,,34.01877212524414,55.98122787475586,296.2454528808594,13.595999717712402,13.595999717712402,0,1,28.290002822875977,7.599999904632568,=NA(),=NA(),1.2059253454208374,1.4163999557495117,0.34380000829696655,0.08399999886751175,=NA(),20,1013.25,-31.19069480895996,14.324012756347656,14,12.139999389648438,1.869999885559082,28.889978408813477,64.77999877929688,63.63999938964844,63.444908142089844,34.42161560058594,0.11518245935440063,0.11065518856048584,39.73749542236328,0.1296120285987854,0.00042787499842233956,0,0.000039062499126885086,0,1.1399993896484375,0.19509124755859375
36,15,0,1,Day,,45.602577209472656,44.397422790527344,282.69085693359375,121.29000091552734,120.38810729980469,1.2891000509262085,0.9925641417503357,20.8900089263916,7.089900016784668,=NA(),=NA(),1.4279913902282715,1.4163999557495117,0.34380000829696655,0.08399999886751175,=NA(),20,1013.25,-44.8940544128418,9.031048774719238,121.00499725341797,98.85499572753906,22.145000457763672,25.949365615844727,635.219970703125,631.77001953125,625.6262817382812,38.823768615722656,1.0068234205245972,0.9470717310905457,44.069908142089844,1.0931960344314575,0.003496687626466155,0,0.00046224999823607504,0,3.449951171875,6.14373779296875
36,16,0,1,Day,,57.75873565673828,32.24126434326172,272.7509765625,171.00999450683594,169.03475952148438,3.702500104904175,0.9884495735168457,21.8799991607666,6.069900035858154,=NA(),=NA(),1.8703821897506714,1.4163999557495117,0.34380000829696655,0.08399999886751175,=NA(),20,1013.25,-57.72891616821289,2.3265514373779297,174.43499755859375,135.58999633789062,38.845001220703125,29.18438148498535,929.3800048828125,913.8800048828125,898.91015625,39.09963607788086,1.4363172054290771,1.342630386352539,44.27520751953125,1.5698268413543701,0.004886562470346689,0,0.000815187522675842,0,15.5,14.9698486328125
36,17,0,1,Day,,70.0108642578125,19.9891357421875,264.272705078125,29.302000045776367,29.233802795410156,0.19949999451637268,0.9976726174354553,22.459985733032227,6.179999828338623,=NA(),=NA(),2.9053523540496826,1.4163999557495117,0.34380000829696655,0.08399999886751175,=NA(),20,1013.25,-36.511314392089844,33.788204193115234,29.770000457763672,25.274999618530273,4.494999885559082,23.72063636779785,145.3800048828125,145.82000732421875,144.52110290527344,36.815311431884766,0.24530521035194397,0.23226411640644073,41.88761901855469,0.2720581591129303,0.0008823124808259308,0,0.00009987499652197585,0,-0.44000244140625,1.2989044189453125
36,18,0,1,Day,,82.045166015625,7.954830169677734,256.15478515625,2.598099946975708,2.5846896171569824,0.09690000116825104,0.9948384165763855,22.719995498657227,6.990099906921387,=NA(),=NA(),6.893458843231201,1.4163999557495117,0.34380000829696655,0.08399999886751175,=NA(),20,1013.25,-12.073419570922852,70.3383560180664,2.8350000381469727,2.569999933242798,0.26499998569488525,22.850000381469727,9.760000228881836,9.84000015258789,9.805814743041992,31.714744567871094,0.019324079155921936,0.019109442830085754,37.41498565673828,0.02635817416012287,0.00008949999755714089,0,0.000005500000042957254,0,-0.07999992370605469,0.03418540954589844
36,19,0,1,Night,Sun above horizon but GHI below 1,88.92945861816406,1.070543646812439,251.0804901123047,0,0,0,0,22.209985733032227,6.200099945068359,=NA(),0,25.708110809326172,1.4163999557495117,0.34380000829696655,0.08399999886751175,=NA(),20,1013.25,0,0,0,0,0,22.209985733032227,0,0,0,0,0,0,0,0,0,0,0,0,0,0
36,20,0,1,Night,,104.81859588623047,-14.818596839904785,238.09716796875,0,0,0,0,20.70000648498535,4.960000038146973,=NA(),0,64.81599426269531,1.4163999557495117,0.34380000829696655,0.08399999886751175,=NA(),20,1013.25,0,0,0,0,0,20.70000648498535,0,0,0,0,0,0,0,0,0,0,0,0,0,0
36,21,0,1,Night,,114.54608917236328,-24.54608726501465,226.7811279296875,0,0,0,0,21.0100040435791,4.570000171661377,=NA(),0,64.81599426269531,1.4163999557495117,0.34380000829696655,0.08399999886751175,=NA(),20,1013.25,0,0,0,0,0,21.0100040435791,0,0,0,0,0,0,0,0,0,0,0,0,0,0
36,22,0,1,Night,,122.4415512084961,-32.44154739379883,213.0192413330078,0,0,0,0,21.68999671936035,4.619900226593018,=NA(),0,64.81599426269531,1.4163999557495117,0.34380000829696655,0.08399999886751175,=NA(),20,1013.25,0,0,0,0,0,21.68999671936035,0,0,0,0,0,0,0,0,0,0,0,0,0,0
36,23,0,1,Night,,127.61920166015625,-37.61920166015625,196.5415496826172,0,0,0,0,21.300012588500977,4.199999809265137,=NA(),0,64.81599426269531,1.4163999557495117,0.34380000829696655,0.08399999886751175,=NA(),20,1013.25,0,0,0,0,0,21.300012588500977,0,0,0,0,0,0,0,0,0,0,0,0,0,0
37,0,0,1,Night,,129.2169189453125,-39.21691131591797,178.2067108154297,0,0,0,0,21.4999942779541,2.530100107192993,=NA(),0,64.81599426269531,1.4163999557495117,0.34380000829696655,0.08399999886751175,=NA(),20,1013.25,0,0,0,0,0,21.4999942779541,0,0,0,0,0,0,0,0,0,0,0,0,0,0
37,1,0,1,Night,,126.90473175048828,-36.90473556518555,160.08436584472656,0,0,0,0,21.360010147094727,1.3300000429153442,=NA(),0,64.81599426269531,1.4163999557495117,0.34380000829696655,0.08399999886751175,=NA(),20,1013.25,0,0,0,0,0,21.360010147094727,0,0,0,0,0,0,0,0,0,0,0,0,0,0
37,2,0,1,Night,,121.14965057373047,-31.149648666381836,144.08616638183594,0,0,0,0,21.339990615844727,1.2200000286102295,=NA(),0,64.81599426269531,1.4163999557495117,0.34380000829696655,0.08399999886751175,=NA(),20,1013.25,0,0,0,0,0,21.339990615844727,0,0,0,0,0,0,0,0,0,0,0,0,0,0
37,3,0,1,Night,,112.85224914550781,-22.852249145507812,130.8140411376953,0,0,0,0,17.7600040435791,1.9600000381469727,=NA(),0,64.81599426269531,1.4163999557495117,0.34380000829696655,0.08399999886751175,=NA(),20,1013.25,0,0,0,0,0,17.7600040435791,0,0,0,0,0,0,0,0,0,0,0,0,0,0
37,4,0,1,Night,,102.86756896972656,-12.867568969726562,119.86979675292969,0,0,0,0,17.43999671936035,3.170099973678589,=NA(),0,64.81599426269531,1.4163999557495117,0.34380000829696655,0.08399999886751175,=NA(),20,1013.25,0,0,0,0,0,17.43999671936035,0,0,0,0,0,0,0,0,0,0,0,0,0,0
37,5,0,1,Day,,87.93716430664062,2.062833547592163,107.95838928222656,3.4967000484466553,3.4967000484466553,0,1,17.9999942779541,4.5,=NA(),=NA(),19.10853385925293,1.4163999557495117,0.34380000829696655,0.08399999886751175,=NA(),20,1013.25,3.1096692085266113,84.97943115234375,3.8350000381469727,3.490000009536743,0.3400000035762787,18.170007705688477,14.530000686645508,14.860000610351562,14.818158149719238,33.32777404785156,0.027788672596216202,0.02765752002596855,38.84779739379883,0.03562422841787338,0.00012187499669380486,0,0.000007999999979801942,0,-0.3299999237060547,0.04184246063232422
37,6,0,1,Day,,79.84764862060547,10.152351379394531,102.14177703857422,92.80899810791016,90.5517349243164,12.805999755859375,0.9756783843040466,19.279993057250977,4.680099964141846,=NA(),=NA(),5.509374618530273,1.4163999557495117,0.34380000829696655,0.08399999886751175,=NA(),20,1013.25,15.59897518157959,64.62474060058594,117.82000732421875,109.28500366210938,8.524999618530273,24.125635147094727,645.4500122070312,646.1799926757812,645.7515258789062,38.703487396240234,1.0427855253219604,1.0307053327560425,44.35414505004883,1.108760952949524,0.003834374947473407,0,0.00018487499619368464,0,-0.72998046875,0.428466796875
37,7,0,1,Day,,67.7545394897461,22.245460510253906,93.98333740234375,338.3999938964844,255.1512908935547,219.89999389648438,0.7539932131767273,20.58001136779785,5.050000190734863,=NA(),=NA(),2.6273796558380127,1.4163999557495117,0.34380000829696655,0.08399999886751175,=NA(),20,1013.25,44.97282028198242,23.014423370361328,567.35498046875,534.39501953125,32.959999084472656,43.88249969482422,3287.050048828125,3080.31005859375,3084.316162109375,37.68077850341797,5.115960121154785,5.0253190994262695,44.572113037109375,5.417806625366211,0.01866612583398819,0,0.0007853750139474869,0,206.739990234375,-4.006103515625
37,8,0,1,Day,,55.509613037109375,34.490386962890625,85.2813491821289,630.7899780273438,332.4856872558594,526.7899780273438,0.5270941257476807,22.18999671936035,5.610000133514404,=NA(),=NA(),1.762708067893982,1.4163999557495117,0.34380000829696655,0.08399999886751175,=NA(),20,1013.25,55.41876983642578,3.8878026008605957,953.47998046875,895.1099853515625,58.380001068115234,61.42125701904297,5778.25,5099.68017578125,5105.6669921875,35.50333786010742,8.988208770751953,8.875311851501465,43.3875617980957,9.542816162109375,0.032747186720371246,0,0.001329749939031899,0,678.56982421875,-5.98681640625
37,9,0,1,Day,,43.438873291015625,46.561126708984375,74.8006362915039,814.2000122070312,320.5188903808594,679.9000244140625,0.39366111159324646,23.110010147094727,6.349999904632568,=NA(),=NA(),1.3760833740234375,1.4163999557495117,0.34380000829696655,0.08399999886751175,=NA(),20,1013.25,42.421512603759766,10.385411262512207,1074.47998046875,1018.7149658203125,55.76499938964844,67.46562957763672,6533.9501953125,5642.43017578125,5649.115234375,34.68095397949219,10.18052864074707,10.112982749938965,42.863128662109375,10.824055671691895,0.03732137382030487,0,0.0012643125373870134,0,891.52001953125,-6.68505859375
37,10,0,1,Day,,32.10221481323242,57.89778518676758,60.033565521240234,959.3099975585938,280.7817687988281,801,0.2926913797855377,23.800012588500977,6.949999809265137,=NA(),=NA(),1.1800068616867065,1.4163999557495117,0.34380000829696655,0.08399999886751175,=NA(),20,1013.25,28.52350616455078,15.393455505371094,1132.534912109375,1069.8800048828125,62.650001525878906,70.7087631225586,6868.01025390625,5860.27001953125,5867.01025390625,34.239376068115234,10.709542274475098,10.687056541442871,42.551822662353516,11.409201622009277,0.03916643559932709,0,0.0014255000278353691,0,1007.740234375,-6.740234375
37,11,0,1,Day,,22.933494567871094,67.0665054321289,35.422054290771484,1033.5,238.72267150878906,862.989990234375,0.23098468780517578,24.490015029907227,7.160099983215332,=NA(),=NA(),1.0855635404586792,1.4163999557495117,0.34380000829696655,0.08399999886751175,=NA(),20,1013.25,13.778724670410156,18.514083862304688,1136.93505859375,1061.9150390625,75.01499938964844,71.70500946044922,6856.759765625,5828.60009765625,5834.181640625,34.11659622192383,10.687949180603027,10.662551879882812,42.42104721069336,11.372708320617676,0.0388452485203743,0,0.001679374952800572,0,1028.15966796875,-5.58154296875
37,12,0,1,Day,,19.504047393798828,70.4959487915039,355.8575134277344,1059.800048828125,225.68687438964844,884.8900146484375,0.21295231580734253,25.279993057250977,7.089900016784668,=NA(),=NA(),1.0606671571731567,1.4163999557495117,0.34380000829696655,0.08399999886751175,=NA(),20,1013.25,-1.465667724609375,19.45103645324707,1139.14501953125,1060.10498046875,79.03999328613281,72.65624237060547,6867.44970703125,5816.64990234375,5821.18994140625,33.99853515625,10.701176643371582,10.6820650100708,42.30249786376953,11.394864082336426,0.03879181295633316,0,0.0017970624612644315,0,1050.7998046875,-4.5400390625
37,13,0,1,Day,,24.413326263427734,65.58667755126953,318.7588195800781,860.9099731445312,302.4375305175781,613.3099975585938,0.35129982233047485,26.2600040435791,6.910099983215332,=NA(),=NA(),1.0979018211364746,1.4163999557495117,0.34380000829696655,0.08399999886751175,=NA(),20,1013.25,-16.658496856689453,18.106815338134766,954.760009765625,891.8049926757812,62.95500183105469,65.77498626708984,5754.1201171875,4997.66015625,5001.2880859375,34.94130325317383,8.945876121520996,8.928393363952637,42.819583892822266,9.505915641784668,0.03251881152391434,0,0.0014147500041872263,0,756.4599609375,-3.6279296875
37,14,0,1,Day,,34.20426940917969,55.79573059082031,296.6819152832031,599.5900268554688,412.8446960449219,225.8000030517578,0.6885449886322021,25.9999942779541,6.650000095367432,=NA(),=NA(),1.208566665649414,1.4163999557495117,0.34380000829696655,0.08399999886751175,=NA(),20,1013.25,-31.27149200439453,14.620993614196777,685.3150024414062,631.6900024414062,53.625,54.188743591308594,4079.8798828125,3690.2099609375,3693.671875,36.41038513183594,6.3404130935668945,6.2572197914123535,43.637290954589844,6.732367992401123,0.022898811846971512,0,0.0011745624942705035,0,389.669921875,-3.4619140625
37,15,0,1,Day,,45.76005935668945,44.23994064331055,283.0599060058594,426.69000244140625,361.81207275390625,92.99299621582031,0.8479506969451904,24.790002822875977,6.299900054931641,=NA(),=NA(),1.4320030212402344,1.4163999557495117,0.34380000829696655,0.08399999886751175,=NA(),20,1013.25,-45.0093994140625,9.316619873046875,498.0199890136719,442.55499267578125,55.459999084472656,45.32750701904297,2884.5400390625,2688.260009765625,2686.828857421875,37.484500885009766,4.479886054992676,4.34728479385376,44.139671325683594,4.7611212730407715,0.01592743769288063,0,0.001181500032544136,0,196.280029296875,1.43115234375
37,16,0,1,Day,,57.90644836425781,32.09355163574219,273.0697021484375,158,156.4066162109375,2.999000072479248,0.9899153113365173,24.5100040435791,5.46999979019165,=NA(),=NA(),1.8780169486999512,1.4163999557495117,0.34380000829696655,0.08399999886751175,=NA(),20,1013.25,-57.86940383911133,2.600247621536255,159.52499389648438,123.125,36.39500045776367,31.21001625061035,843.97998046875,823.7999877929688,810.1742553710938,38.67571258544922,1.308695673942566,1.218813180923462,43.82835006713867,1.4333192110061646,0.004434875212609768,0,0.0007626250153407454,0,20.17999267578125,13.625732421875
37,17,0,1,Day,,70.16017150878906,19.83983039855957,264.5588684082031,280.9100036621094,229.3869171142578,151.80999755859375,0.8165850639343262,24.3900089263916,3.7499001026153564,=NA(),=NA(),2.9259791374206543,1.4163999557495117,0.34380000829696655,0.08399999886751175,=NA(),20,1013.25,-36.016700744628906,34.39706039428711,449.06500244140625,423.93499755859375,25.130001068115234,42.795005798339844,2628.719970703125,2470.8701171875,2472.866943359375,37.673667907714844,4.102481842041016,4.029714584350586,44.30216979980469,4.343557357788086,0.015034312382340431,0,0.0005851250025443733,0,157.849853515625,-1.996826171875
37,18,0,1,Day,,82.2028579711914,7.797142028808594,256.4207458496094,46.707000732421875,46.54311752319336,1.2079999446868896,0.9964912533760071,23.279993057250977,2.9300999641418457,=NA(),=NA(),7.019284248352051,1.4163999557495117,0.34380000829696655,0.08399999886751175,=NA(),20,1013.25,-11.80599594116211,70.74113464355469,53.67499923706055,49.09000015258789,4.579999923706055,25.5206241607666,274.4100036621094,273.29998779296875,273.1820983886719,37.21199035644531,0.4588257670402527,0.45513126254081726,42.70457077026367,0.49382439255714417,0.0016811250243335962,0,0.0001017500035231933,0,1.110015869140625,0.117889404296875
37,19,0,1,Night,Sun below height limit of 1 degrees.,89.00040435791016,0.9995921850204468,251.4022979736328,0,0,0,0,20.779993057250977,2.7000999450683594,=NA(),0,26.32060432434082,1.4163999557495117,0.34380000829696655,0.08399999886751175,=NA(),20,1013.25,0,0,0,0,0,20.779993057250977,0,0,0,0,0,0,0,0,0,0,0,0,0,0
37,20,0,1,Night,,105.01918029785156,-15.019182205200195,238.3392333984375,0,0,0,0,18.399988174438477,2.6298999786376953,=NA(),0,64.81599426269531,1.4163999557495117,0.34380000829696655,0.08399999886751175,=NA(),20,1013.25,0,0,0,0,0,18.399988174438477,0,0,0,0,0,0,0,0,0,0,0,0,0,0
37,21,0,1,Night,,114.7774887084961,-24.77748680114746,227.00567626953125,0,0,0,0,17.42998695373535,2.6201000213623047,=NA(),0,64.81599426269531,1.4163999557495117,0.34380000829696655,0.08399999886751175,=NA(),20,1013.25,0,0,0,0,0,17.42998695373535,0,0,0,0,0,0,0,0,0,0,0,0,0,0
37,22,0,1,Night,,122.70719146728516,-32.70718765258789,213.20623779296875,0,0,0,0,16.33001136779785,2.610100030899048,=NA(),0,64.81599426269531,1.4163999557495117,0.34380000829696655,0.08399999886751175,=NA(),20,1013.25,0,0,0,0,0,16.33001136779785,0,0,0,0,0,0,0,0,0,0,0,0,0,0
37,23,0,1,Night,,127.91468811035156,-37.9146842956543,196.65615844726562,0,0,0,0,15.300012588500977,2.5999999046325684,=NA(),0,64.81599426269531,1.4163999557495117,0.34380000829696655,0.08399999886751175,=NA(),20,1013.25,0,0,0,0,0,15.300012588500977,0,0,0,0,0,0,0,0,0,0,0,0,0,0
38,0,0,1,Night,,129.52610778808594,-39.52610778808594,178.21693420410156,0,0,0,0,14.809991836547852,2.6700000762939453,=NA(),0,64.81599426269531,1.4163999557495117,0.34380000829696655,0.08399999886751175,=NA(),20,1013.25,0,0,0,0,0,14.809991836547852,0,0,0,0,0,0,0,0,0,0,0,0,0,0
38,1,0,1,Night,,127.20523834228516,-37.205238342285156,159.9912567138672,0,0,0,0,13.999994277954102,2.8299999237060547,=NA(),0,64.81599426269531,1.4163999557495117,0.34380000829696655,0.08399999886751175,=NA(),20,1013.25,0,0,0,0,0,13.999994277954102,0,0,0,0,0,0,0,0,0,0,0,0,0,0
38,2,0,1,Night,,121.42567443847656,-31.42567253112793,143.92166137695312,0,0,0,0,13.950006484985352,3.090100049972534,=NA(),0,64.81599426269531,1.4163999557495117,0.34380000829696655,0.08399999886751175,=NA(),20,1013.25,0,0,0,0,0,13.950006484985352,0,0,0,0,0,0,0,0,0,0,0,0,0,0
38,3,0,1,Night,,113.0990219116211,-23.09902572631836,130.61083984375,0,0,0,0,13.379999160766602,3.4298999309539795,=NA(),0,64.81599426269531,1.4163999557495117,0.34380000829696655,0.08399999886751175,=NA(),20,1013.25,0,0,0,0,0,13.379999160766602,0,0,0,0,0,0,0,0,0,0,0,0,0,0
38,4,0,1,Night,,103.08808898925781,-13.088088035583496,119.64645385742188,0,0,0,0,12.999994277954102,3.619999885559082,=NA(),0,64.81599426269531,1.4163999557495117,0.34380000829696655,0.08399999886751175,=NA(),20,1013.25,0,0,0,0,0,12.999994277954102,0,0,0,0,0,0,0,0,0,0,0,0,0,0
38,5,0,1,Day,,88.02806854248047,1.9719294309616089,107.65066528320312,13.107999801635742,13.107648849487305,0.010200000368058681,0.9999732375144958,12.860010147094727,4.559999942779541,=NA(),=NA(),19.588436126708984,1.4163999557495117,0.34380000829696655,0.08399999886751175,=NA(),20,1013.25,2.9669978618621826,85.20111083984375,14.360000610351562,13.09000015258789,1.2699999809265137,13.467493057250977,67.25,70.22999572753906,69.95623016357422,36.92351531982422,0.11841435730457306,0.11777813732624054,42.13810348510742,0.1328313946723938,0.000454249995527789,0,0.00002856250102922786,0,-2.9799957275390625,0.27376556396484375
38,6,0,1,Day,,80.03050231933594,9.969499588012695,101.88908386230469,176.5,151.67404174804688,143.39999389648438,0.8593429923057556,16.969995498657227,4.800000190734863,=NA(),=NA(),5.603301525115967,1.4163999557495117,0.34380000829696655,0.08399999886751175,=NA(),20,1013.25,15.27432632446289,65.10823822021484,290.44000244140625,279.5050048828125,10.934999465942383,28.876245498657227,1649.93994140625,1625.260009765625,1624.0712890625,39.259952545166016,2.585446834564209,2.5692007541656494,45.318790435791016,2.7385358810424805,0.00967899989336729,0,0.0002436875074636191,0,24.679931640625,1.188720703125
38,7,0,1,Day,,67.93142700195312,22.068572998046875,93.70846557617188,486.70001220703125,334.009033203125,406.3999938964844,0.686272919178009,19.920007705688477,5.210000038146973,=NA(),=NA(),2.647108554840088,1.4163999557495117,0.34380000829696655,0.08399999886751175,=NA(),20,1013.25,44.10955047607422,24.01276206970215,885.9349975585938,848.25,37.68499755859375,56.506248474121094,5186.93017578125,4657.740234375,4664.28564453125,36.14728927612305,8.064900398254395,7.960779190063477,43.804988861083984,8.555094718933105,0.0296404380351305,0,0.0009351249900646508,0,529.18994140625,-6.54541015625
38,8,0,1,Day,,55.68719482421875,34.31280517578125,84.97303009033203,366.6099853515625,310.46270751953125,99.60299682617188,0.846847414970398,20.300012588500977,5.139999866485596,=NA(),=NA(),1.7706612348556519,1.4163999557495117,0.34380000829696655,0.08399999886751175,=NA(),20,1013.25,55.58430862426758,4.1504411697387695,464.53997802734375,408,56.53499984741211,39.360618591308594,2702,2570.280029296875,2567.303466796875,38.28847885131836,4.190690040588379,4.051167964935303,44.80419158935547,4.454063415527344,0.014813312329351902,0,0.001232875045388937,0,131.719970703125,2.9765625
38,9,0,1,Day,,43.629005432128906,46.370994567871094,74.4442138671875,685.7000122070312,329.572021484375,492.010009765625,0.4806358814239502,22.58001136779785,4.909999847412109,=NA(),=NA(),1.380415439605713,1.4163999557495117,0.34380000829696655,0.08399999886751175,=NA(),20,1013.25,42.562347412109375,10.663351058959961,892.6950073242188,841.2099609375,51.47999954223633,59.225608825683594,5415.60009765625,4816.6298828125,4822.5869140625,35.79265594482422,8.421086311340332,8.347065925598145,43.54037094116211,8.938695907592773,0.030772438272833824,0,0.0011542499996721745,0,598.97021484375,-5.95703125
38,10,0,1,Day,,32.32374954223633,57.67625045776367,59.624839782714844,901.0900268554688,272.6419982910156,743.6900024414062,0.30256909132003784,23.67998695373535,4.770100116729736,=NA(),=NA(),1.1828786134719849,1.4163999557495117,0.34380000829696655,0.08399999886751175,=NA(),20,1013.25,28.630027770996094,15.686738014221191,1064.31494140625,1005.405029296875,58.90999984741211,67.66564178466797,6460.6298828125,5574.68994140625,5581.095703125,34.65958786010742,10.064122200012207,10.043120384216309,42.813987731933594,10.711043357849121,0.03680618852376938,0,0.0013403125340119004,0,885.93994140625,-6.40576171875
38,11,0,1,Day,,23.211383819580078,66.78861236572266,35.06626510620117,940.2999877929688,251.46673583984375,749.5,0.26743245124816895,24.540002822875977,4.800000190734863,=NA(),=NA(),1.0878041982650757,1.4163999557495117,0.34380000829696655,0.08399999886751175,=NA(),20,1013.25,13.840662956237793,18.81940460205078,1034.3599853515625,965.6950073242188,68.66999816894531,67.48812103271484,6245.33984375,5391.7900390625,5388.5751953125,34.7560920715332,9.689986228942871,9.654707908630371,42.76710510253906,10.264639854431152,0.035323187708854675,0,0.0015362499980255961,0,853.5498046875,3.21484375
38,12,0,1,Day,,19.81334114074707,70.18666076660156,355.9566345214844,1041.699951171875,223.01416015625,870.2000122070312,0.21408675611019135,25.43999671936035,4.809999942779541,=NA(),=NA(),1.0627105236053467,1.4163999557495117,0.34380000829696655,0.08399999886751175,=NA(),20,1013.25,-1.4552481174468994,19.7619686126709,1119.68994140625,1041.9949951171875,77.69499969482422,72.13375091552734,6751.91015625,5729.7998046875,5726.115234375,34.135868072509766,10.484099388122559,10.382329940795898,42.33358383178711,11.134894371032715,0.03812762349843979,0,0.0017666874919086695,0,1022.1103515625,3.6845703125
38,13,0,1,Day,,24.6634578704834,65.33654022216797,319.20489501953125,995.4099731445312,240.85450744628906,830.2999877929688,0.2419651299715042,26.339990615844727,4.779900074005127,=NA(),=NA(),1.1000878810882568,1.4163999557495117,0.34380000829696655,0.08399999886751175,=NA(),20,1013.25,-16.699527740478516,18.415632247924805,1106.074951171875,1035.385009765625,70.69000244140625,72.32750701904297,6675.10009765625,5660.18017578125,5664.14990234375,34.05283737182617,10.395885467529297,10.379464149475098,42.28517150878906,11.066011428833008,0.03783881291747093,0,0.0015936250565573573,0,1014.919921875,-3.9697265625
38,14,0,1,Day,,34.39665603637695,55.60334396362305,297.1165466308594,878.7100219726562,281.2132263183594,724.1099853515625,0.320029616355896,26.839990615844727,4.730000019073486,=NA(),=NA(),1.2113317251205444,1.4163999557495117,0.34380000829696655,0.08399999886751175,=NA(),20,1013.25,-31.357088088989258,14.921239852905273,1056.449951171875,999.699951171875,56.75499725341797,70.56499481201172,6427.72998046875,5486.18994140625,5492.50927734375,34.27915954589844,10.014297485351562,9.982440948486328,42.43248748779297,10.662336349487305,0.036653000861406326,0,0.0012963750632479787,0,941.5400390625,-6.3193359375
38,15,0,1,Day,,45.92369079589844,44.07630920410156,283.4296569824219,709.010009765625,317.7887268066406,562.4099731445312,0.44821473956108093,27.2499942779541,4.570000171661377,=NA(),=NA(),1.4362066984176636,1.4163999557495117,0.34380000829696655,0.08399999886751175,=NA(),20,1013.25,-45.129581451416016,9.604874610900879,955.9550170898438,903.4749755859375,52.47999954223633,66.8193588256836,5777.1796875,4998.33984375,5000.87548828125,34.812110900878906,8.97836971282959,8.90058422088623,42.693851470947266,9.532339096069336,0.032893501222133636,0,0.0011768749682232738,0,778.83984375,-2.53564453125
38,16,0,1,Day,,58.05992126464844,31.940078735351562,273.389892578125,495.29998779296875,311.62005615234375,347.20001220703125,0.6291542053222656,27.219995498657227,4.179999828338623,=NA(),=NA(),1.8860288858413696,1.4163999557495117,0.34380000829696655,0.08399999886751175,=NA(),20,1013.25,-58.01485824584961,2.8762099742889404,753.9500122070312,697.7900390625,56.165000915527344,58.159385681152344,4579.64013671875,4085.659912109375,4090.13916015625,35.91177749633789,7.1185455322265625,6.996886730194092,43.34681701660156,7.561798572540283,0.025775624439120293,0,0.0012245000107213855,0,493.980224609375,-4.479248046875
38,17,0,1,Day,,70.3149185180664,19.685081481933594,264.84674072265625,261.3900146484375,221.0387420654297,119.79000091552734,0.8456280827522278,26.589990615844727,2.759999990463257,=NA(),=NA(),2.947687864303589,1.4163999557495117,0.34380000829696655,0.08399999886751175,=NA(),20,1013.25,-35.517372131347656,35.01891326904297,407.18499755859375,382.8900146484375,24.295000076293945,43.300010681152344,2375.06005859375,2227.6201171875,2229.521728515625,37.50869369506836,3.7150349617004395,3.645698070526123,44.04835510253906,3.936866521835327,0.013583250343799591,0,0.0005606249906122684,0,147.43994140625,-1.901611328125
38,18,0,1,Day,,82.36607360839844,7.633926868438721,256.68841552734375,46.707000732421875,46.53328323364258,1.3077000379562378,0.9962806701660156,25.0100040435791,2.75,=NA(),=NA(),7.154305458068848,1.4163999557495117,0.34380000829696655,0.08399999886751175,=NA(),20,1013.25,-11.531512260437012,71.15715789794922,53.8650016784668,49.30500030517578,4.555000305175781,27.263757705688477,274.6700134277344,271.7900085449219,271.6262512207031,36.95450210571289,0.4593927562236786,0.4548274278640747,42.45469665527344,0.49470603466033936,0.0016835000133141875,0,0.00010112499876413494,0,2.8800048828125,0.16375732421875
38,19,0,1,Night,Sun below height limit of 1 degrees.,89.0840835571289,0.9159153699874878,251.72122192382812,0,0,0,0,21.649988174438477,2.850100040435791,=NA(),0,27.07314682006836,1.4163999557495117,0.34380000829696655,0.08399999886751175,=NA(),20,1013.25,0,0,0,0,0,21.649988174438477,0,0,0,0,0,0,0,0,0,0,0,0,0,0
38,20,0,1,Night,,105.2238540649414,-15.223856925964355,238.58287048339844,0,0,0,0,20.860010147094727,2.8798999786376953,=NA(),0,64.81599426269531,1.4163999557495117,0.34380000829696655,0.08399999886751175,=NA(),20,1013.25,0,0,0,0,0,20.860010147094727,0,0,0,0,0,0,0,0,0,0,0,0,0,0
38,21,0,1,Night,,115.01324462890625,-25.013246536254883,227.23141479492188,0,0,0,0,19.68999671936035,2.809999942779541,=NA(),0,64.81599426269531,1.4163999557495117,0.34380000829696655,0.08399999886751175,=NA(),20,1013.25,0,0,0,0,0,19.68999671936035,0,0,0,0,0,0,0,0,0,0,0,0,0,0
38,22,0,1,Night,,122.97728729248047,-32.97728729248047,213.3935546875,0,0,0,0,17.93999671936035,2.469899892807007,=NA(),0,64.81599426269531,1.4163999557495117,0.34380000829696655,0.08399999886751175,=NA(),20,1013.25,0,0,0,0,0,17.93999671936035,0,0,0,0,0,0,0,0,0,0,0,0,0,0
38,23,0,1,Night,,128.21458435058594,-38.214576721191406,196.76927185058594,0,0,0,0,16.600000381469727,1.9700000286102295,=NA(),0,64.81599426269531,1.4163999557495117,0.34380000829696655,0.08399999886751175,=NA(),20,1013.25,0,0,0,0,0,16.600000381469727,0,0,0,0,0,0,0,0,0,0,0,0,0,0
39,0,0,1,Night,,129.8390655517578,-39.83906555175781,178.22305297851562,0,0,0,0,16.1400089263916,1.8799999952316284,=NA(),0,64.81599426269531,1.4163999557495117,0.34380000829696655,0.08399999886751175,=NA(),20,1013.25,0,0,0,0,0,16.1400089263916,0,0,0,0,0,0,0,0,0,0,0,0,0,0
39,1,0,1,Night,,127.50831604003906,-37.50831604003906,159.89205932617188,0,0,0,0,15.059991836547852,2.2699999809265137,=NA(),0,64.81599426269531,1.4163999557495117,0.34380000829696655,0.08399999886751175,=NA(),20,1013.25,0,0,0,0,0,15.059991836547852,0,0,0,0,0,0,0,0,0,0,0,0,0,0
39,2,0,1,Night,,121.70304107666016,-31.70303726196289,143.75047302246094,0,0,0,0,13.950006484985352,2.9300999641418457,=NA(),0,64.81599426269531,1.4163999557495117,0.34380000829696655,0.08399999886751175,=NA(),20,1013.25,0,0,0,0,0,13.950006484985352,0,0,0,0,0,0,0,0,0,0,0,0,0,0
39,3,0,1,Night,,113.34630584716797,-23.34630584716797,130.4012451171875,0,0,0,0,13.480005264282227,3.650099992752075,=NA(),0,64.81599426269531,1.4163999557495117,0.34380000829696655,0.08399999886751175,=NA(),20,1013.25,0,0,0,0,0,13.480005264282227,0,0,0,0,0,0,0,0,0,0,0,0,0,0
39,4,0,1,Night,,103.3081283569336,-13.308130264282227,119.41725158691406,0,0,0,0,12.749994277954102,4.039999961853027,=NA(),0,64.81599426269531,1.4163999557495117,0.34380000829696655,0.08399999886751175,=NA(),20,1013.25,0,0,0,0,0,12.749994277954102,0,0,0,0,0,0,0,0,0,0,0,0,0,0
39,5,0,1,Day,,88.1142349243164,1.885765790939331,107.33036804199219,8.009200096130371,8.008979797363281,0.0066999997943639755,0.9999725222587585,12.429986953735352,5.300000190734863,=NA(),=NA(),20.062742233276367,1.4163999557495117,0.34380000829696655,0.08399999886751175,=NA(),20,1013.25,2.8319175243377686,85.41118621826172,8.780000686645508,8,0.7799999713897705,12.800622940063477,38.970001220703125,40.790000915527344,40.67878341674805,36.06542205810547,0.07049482315778732,0.07021132856607437,41.342140197753906,0.08148214221000671,0.0002789375139400363,0,0.000017750000552041456,0,-1.8199996948242188,0.11121749877929688
39,6,0,1,Day,,80.2135009765625,9.78649616241455,101.63125610351562,173.8000030517578,149.71421813964844,141.6999969482422,0.8614166378974915,15.219995498657227,6.090000152587891,=NA(),=NA(),5.700527191162109,1.4163999557495117,0.34380000829696655,0.08399999886751175,=NA(),20,1013.25,14.951919555664062,65.59051513671875,285.85498046875,275.1099853515625,10.75,26.946863174438477,1608.52001953125,1594.8299560546875,1593.7086181640625,39.510074615478516,2.5210490226745605,2.5048575401306152,45.533565521240234,2.6712751388549805,0.0094414371997118,0,0.00023987499298527837,0,13.6900634765625,1.121337890625
39,7,0,1,Day,,68.10830688476562,21.89168930053711,93.42853546142578,401.5899963378906,277.0197448730469,334.1000061035156,0.6898073554039001,17.990015029907227,5.429900169372559,=NA(),=NA(),2.667158365249634,1.4163999557495117,0.34380000829696655,0.08399999886751175,=NA(),20,1013.25,43.28865432739258,24.974639892578125,709.2349853515625,675.9649658203125,33.27000045776367,47.10625457763672,4145.41015625,3844.580078125,3849.48291015625,37.35934066772461,6.44008207321167,6.348043918609619,44.58687210083008,6.814796447753906,0.02363906241953373,0,0.0008179374854080379,0,300.830078125,-4.90283203125
39,8,0,1,Day,,55.86562728881836,34.13437271118164,84.6595687866211,622.510009765625,330.7138671875,520.010009765625,0.5312587022781372,22.779993057250977,4.140100002288818,=NA(),=NA(),1.7787423133850098,1.4163999557495117,0.34380000829696655,0.08399999886751175,=NA(),20,1013.25,55.74977111816406,4.418378829956055,945.219970703125,886.8099975585938,58.40999984741211,61.67436981201172,5736.83984375,5058.27001953125,5064.05322265625,35.47104263305664,8.923064231872559,8.810707092285156,43.340728759765625,9.472533226013184,0.03250649943947792,0,0.0013244375586509705,0,678.56982421875,-5.783203125
39,9,0,1,Day,,43.82038116455078,46.17961883544922,74.08255767822266,831.0999755859375,330.3692932128906,694,0.3975084722042084,24.610010147094727,2.990000009536743,=NA(),=NA(),1.3848187923431396,1.4163999557495117,0.34380000829696655,0.08399999886751175,=NA(),20,1013.25,42.702484130859375,10.946486473083496,1098.905029296875,1041.419921875,57.48500061035156,70.04186248779297,6677.77978515625,5711.7099609375,5719.49072265625,34.33000564575195,10.412732124328613,10.343816757202148,42.57864761352539,11.091012001037598,0.03814699873328209,0,0.0013015000149607658,0,966.06982421875,-7.78076171875
39,10,0,1,Day,,32.547401428222656,57.452598571777344,59.211273193359375,944.9099731445312,279.816650390625,789.010009765625,0.2961304783821106,26.07000160217285,2.159899950027466,=NA(),=NA(),1.1858100891113281,1.4163999557495117,0.34380000829696655,0.08399999886751175,=NA(),20,1013.25,28.735151290893555,15.985060691833496,1116.8399658203125,1055.1099853515625,61.72999954223633,72.4068832397461,6775.06005859375,5743.60986328125,5750.1162109375,34.022987365722656,10.562919616699219,10.537443161010742,42.30620574951172,11.259248733520508,0.038628313690423965,0,0.0014048749580979347,0,1031.4501953125,-6.50634765625
39,11,0,1,Day,,23.492420196533203,66.50758361816406,34.706398010253906,681.989990234375,427.5003662109375,277.489990234375,0.6268425583839417,26.550012588500977,1.5700000524520874,=NA(),=NA(),1.090105652809143,1.4163999557495117,0.34380000829696655,0.08399999886751175,=NA(),20,1013.25,13.90027904510498,19.12948226928711,747.2149658203125,691.9549560546875,55.25499725341797,57.37938690185547,4456.7001953125,3986.820068359375,3987.587646484375,36.0405387878418,6.915112018585205,6.891432762145996,43.394737243652344,7.328921794891357,0.025052187964320183,0,0.0012270624283701181,0,469.880126953125,-0.767578125
39,12,0,1,Day,,20.127227783203125,69.87277221679688,356.04461669921875,813.1099853515625,355.09014892578125,487.80999755859375,0.43670618534088135,26.7600040435791,0.9699000120162964,=NA(),=NA(),1.0648239850997925,1.4163999557495117,0.34380000829696655,0.08399999886751175,=NA(),20,1013.25,-1.4481456279754639,20.077220916748047,875.635009765625,813.2999877929688,62.345001220703125,63.013755798339844,5266.27001953125,4618.93994140625,4618.787109375,35.339935302734375,8.168511390686035,8.11845588684082,42.99641799926758,8.665614128112793,0.02962600067257881,0,0.0014179374556988478,0,647.330078125,0.15283203125
39,13,0,1,Day,,24.920236587524414,65.07976531982422,319.64208984375,911.3099975585938,266.13568115234375,711.4099731445312,0.29203638434410095,28.100000381469727,0.39989998936653137,=NA(),=NA(),1.102362871170044,1.4163999557495117,0.34380000829696655,0.08399999886751175,=NA(),20,1013.25,-16.74472999572754,18.728214263916016,1012.010009765625,946.5,65.50999450683594,70.18999481201172,6109.18994140625,5220.5,5219.72119140625,34.385440826416016,9.48752212524414,9.467958450317383,42.37515640258789,10.077205657958984,0.034572623670101166,0,0.0014742499915882945,0,888.68994140625,0.77880859375
39,14,0,1,Day,,34.595787048339844,55.404212951660156,297.549072265625,901.0900268554688,282.4798889160156,751.489990234375,0.31348687410354614,28.95000648498535,0.6800000071525574,=NA(),=NA(),1.214221477508545,1.4163999557495117,0.34380000829696655,0.08399999886751175,=NA(),20,1013.25,-31.447391510009766,15.224654197692871,1084.4599609375,1026.43505859375,58.025001525878906,73.99874114990234,6589.14013671875,5551.43017578125,5556.01806640625,33.83339309692383,10.263557434082031,10.227141380310059,42.0438346862793,10.926239013671875,0.03758556395769119,0,0.0013310625217854977,0,1037.7099609375,-4.587890625
39,15,0,1,Day,,46.093448638916016,43.906551361083984,283.79986572265625,762.7100219726562,321.16168212890625,636.7100219726562,0.4210796654224396,28.7700138092041,1.25,=NA(),=NA(),1.4406063556671143,1.4163999557495117,0.34380000829696655,0.08399999886751175,=NA(),20,1013.25,-45.254615783691406,9.895679473876953,1035.074951171875,980.1649780273438,54.90999984741211,71.73186492919922,6255.669921875,5315.080078125,5319.66015625,34.14131546020508,9.738349914550781,9.659557342529297,42.226192474365234,10.36150074005127,0.035685811191797256,0,0.001234999974258244,0,940.58984375,-4.580078125
39,16,0,1,Day,,58.21895217895508,31.78104591369629,273.7113952636719,528.6099853515625,311.62005615234375,412,0.5895084738731384,28.050012588500977,1.500100016593933,=NA(),=NA(),1.894417643547058,1.4163999557495117,0.34380000829696655,0.08399999886751175,=NA(),20,1013.25,-58.16508102416992,3.1543164253234863,820.3099975585938,763.2249755859375,57.08000183105469,61.766868591308594,4997.77001953125,4402.41015625,4407.814453125,35.445472717285156,7.772343635559082,7.652243614196777,43.05315017700195,8.26401138305664,0.028211750090122223,0,0.0012477500131353736,0,595.35986328125,-5.404296875
39,17,0,1,Day,,70.4749755859375,19.525022506713867,265.1361389160156,257.6000061035156,218.83065795898438,116,0.8494978547096252,28.399988174438477,1.3300000429153442,=NA(),=NA(),2.9705021381378174,1.4163999557495117,0.34380000829696655,0.08399999886751175,=NA(),20,1013.25,-35.01411437988281,35.65273666381836,400.1549987792969,376.33001708984375,23.829999923706055,44.83623504638672,2334.9599609375,2177.949951171875,2180.113037109375,37.2733039855957,3.6556453704833984,3.588618278503418,43.81334686279297,3.8761677742004395,0.013363187201321125,0,0.0005471875192597508,0,157.010009765625,-2.1630859375
39,18,0,1,Day,,82.53427124023438,7.465727806091309,256.957763671875,15.003000259399414,14.989721298217773,0.10220000147819519,0.9991149306297302,26.6199893951416,1.4700000286102295,=NA(),=NA(),7.298806190490723,1.4163999557495117,0.34380000829696655,0.08399999886751175,=NA(),20,1013.25,-11.250946998596191,71.58494567871094,16.325000762939453,14.789999961853027,1.5350000858306885,27.31499671936035,77.58999633789062,76.68000030517578,76.64458465576172,34.891326904296875,0.1372913271188736,0.13583342730998993,40.28716278076172,0.15250498056411743,0.000516125001013279,0,0.00003400000059627928,0,0.9099960327148438,0.0354156494140625
39,19,0,1,Night,Sun below height limit of 1 degrees.,89.1623306274414,0.8376687169075012,252.0490264892578,0,0,0,0,21.9999942779541,1.6299999952316284,=NA(),0,27.807838439941406,1.4163999557495117,0.34380000829696655,0.08399999886751175,=NA(),20,1013.25,0,0,0,0,0,21.9999942779541,0,0,0,0,0,0,0,0,0,0,0,0,0,0
39,20,0,1,Night,,105.43408966064453,-15.434088706970215,238.82801818847656,0,0,0,0,20.100000381469727,1.8700000047683716,=NA(),0,64.81599426269531,1.4163999557495117,0.34380000829696655,0.08399999886751175,=NA(),20,1013.25,0,0,0,0,0,20.100000381469727,0,0,0,0,0,0,0,0,0,0,0,0,0,0
39,21,0,1,Night,,115.25411224365234,-25.25411605834961,227.45834350585938,0,0,0,0,20.480005264282227,2.2499001026153564,=NA(),0,64.81599426269531,1.4163999557495117,0.34380000829696655,0.08399999886751175,=NA(),20,1013.25,0,0,0,0,0,20.480005264282227,0,0,0,0,0,0,0,0,0,0,0,0,0,0
39,22,0,1,Night,,123.25231170654297,-33.25231170654297,213.58116149902344,0,0,0,0,19.730005264282227,2.4200000762939453,=NA(),0,64.81599426269531,1.4163999557495117,0.34380000829696655,0.08399999886751175,=NA(),20,1013.25,0,0,0,0,0,19.730005264282227,0,0,0,0,0,0,0,0,0,0,0,0,0,0
39,23,0,1,Night,,128.51905822753906,-38.51906204223633,196.88082885742188,0,0,0,0,20.790002822875977,2.5899999141693115,=NA(),0,64.81599426269531,1.4163999557495117,0.34380000829696655,0.08399999886751175,=NA(),20,1013.25,0,0,0,0,0,20.790002822875977,0,0,0,0,0,0,0,0,0,0,0,0,0,0
40,0,0,1,Night,,130.1560821533203,-40.15608596801758,178.22509765625,0,0,0,0,19.7600040435791,3.2500998973846436,=NA(),0,64.81599426269531,1.4163999557495117,0.34380000829696655,0.08399999886751175,=NA(),20,1013.25,0,0,0,0,0,19.7600040435791,0,0,0,0,0,0,0,0,0,0,0,0,0,0
40,1,0,1,Night,,127.8143081665039,-37.814308166503906,159.78675842285156,0,0,0,0,18.9999942779541,4.229899883270264,=NA(),0,64.81599426269531,1.4163999557495117,0.34380000829696655,0.08399999886751175,=NA(),20,1013.25,0,0,0,0,0,18.9999942779541,0,0,0,0,0,0,0,0,0,0,0,0,0,0
40,2,0,1,Night,,121.9819564819336,-31.981956481933594,143.57257080078125,0,0,0,0,17.969995498657227,4.75,=NA(),0,64.81599426269531,1.4163999557495117,0.34380000829696655,0.08399999886751175,=NA(),20,1013.25,0,0,0,0,0,17.969995498657227,0,0,0,0,0,0,0,0,0,0,0,0,0,0
40,3,0,1,Night,,113.59410858154297,-23.5941104888916,130.18527221679688,0,0,0,0,17.1199893951416,4.869900226593018,=NA(),0,64.81599426269531,1.4163999557495117,0.34380000829696655,0.08399999886751175,=NA(),20,1013.25,0,0,0,0,0,17.1199893951416,0,0,0,0,0,0,0,0,0,0,0,0,0,0
40,4,0,1,Night,,103.52749633789062,-13.52749252319336,119.1822509765625,0,0,0,0,17.300012588500977,4.880000114440918,=NA(),0,64.81599426269531,1.4163999557495117,0.34380000829696655,0.08399999886751175,=NA(),20,1013.25,0,0,0,0,0,17.300012588500977,0,0,0,0,0,0,0,0,0,0,0,0,0,0
40,5,0,1,Day,,88.20240020751953,1.7976011037826538,107.0022964477539,8.90779972076416,8.907567977905273,0.007400000002235174,0.9999740123748779,17.07000160217285,5.7399001121521,=NA(),=NA(),20.568727493286133,1.4163999557495117,0.34380000829696655,0.08399999886751175,=NA(),20,1013.25,2.6943376064300537,85.62606811523438,9.770000457763672,8.899999618530273,0.8700000047683716,17.490015029907227,43.95000076293945,45.21999740600586,45.12394332885742,35.505924224853516,0.07943032681941986,0.07914771884679794,40.8241081237793,0.09086863696575165,0.00031018751906231046,0,0.00001956249980139546,0,-1.2699966430664062,0.0960540771484375
40,6,0,1,Day,,80.39826202392578,9.60173511505127,101.36837768554688,169.7899932861328,146.75677490234375,138.08999633789062,0.8643429279327393,19.18999671936035,6.379899978637695,=NA(),=NA(),5.802124500274658,1.4163999557495117,0.34380000829696655,0.08399999886751175,=NA(),20,1013.25,14.629034042358398,66.07584381103516,278.5999755859375,268.08502197265625,10.520000457763672,30.677515029907227,1552.1700439453125,1519.489990234375,1518.6424560546875,38.9349479675293,2.437788963317871,2.422525405883789,44.97117614746094,2.5865538120269775,0.00911762472242117,0,0.00023512500047218055,0,32.6800537109375,0.8475341796875
40,7,0,1,Day,,68.28602600097656,21.71397590637207,93.1436538696289,394.7900085449219,273.6977233886719,327.29998779296875,0.693274199962616,21.17998695373535,5.619999885559082,=NA(),=NA(),2.687633752822876,1.4163999557495117,0.34380000829696655,0.08399999886751175,=NA(),20,1013.25,42.50169372558594,25.90846824645996,695.5900268554688,663.2349853515625,32.36000061035156,49.790611267089844,4069.14990234375,3738.340087890625,3743.397216796875,36.98723602294922,6.325605392456055,6.235997676849365,44.203704833984375,6.700929164886475,0.02321256324648857,0,0.0007984375115483999,0,330.809814453125,-5.05712890625
40,8,0,1,Day,,56.044368743896484,33.955631256103516,84.34113311767578,611.7100219726562,326.5140075683594,510.6000061035156,0.5337725281715393,23.089990615844727,4.460100173950195,=NA(),=NA(),1.786928415298462,1.4163999557495117,0.34380000829696655,0.08399999886751175,=NA(),20,1013.25,55.91456985473633,4.691478252410889,930.5350341796875,872.655029296875,57.87999725341797,61.39812469482422,5651.41015625,4987.68994140625,4991.62353515625,35.521602630615234,8.782917976379395,8.667916297912598,43.34601974487305,9.31103515625,0.03201425075531006,0,0.001309624989517033,0,663.72021484375,-3.93359375
40,9,0,1,Day,,44.012733459472656,45.987266540527344,73.71587371826172,801.9000244140625,320.26873779296875,669.6900024414062,0.3993873596191406,24.350000381469727,3.2500998973846436,=NA(),=NA(),1.3892885446548462,1.4163999557495117,0.34380000829696655,0.08399999886751175,=NA(),20,1013.25,42.84162139892578,11.234654426574707,1062.10498046875,1006.635009765625,55.474998474121094,68.2037582397461,6457.64013671875,5560.919921875,5568.1318359375,34.583038330078125,10.063003540039062,9.994332313537598,42.74443054199219,10.706405639648438,0.03687237575650215,0,0.001256000017747283,0,896.72021484375,-7.2119140625
40,10,0,1,Day,,32.772987365722656,57.227012634277344,58.793148040771484,945.5900268554688,281.6854248046875,789.5900268554688,0.29789382219314575,25.719995498657227,2.220099925994873,=NA(),=NA(),1.1887998580932617,1.4163999557495117,0.34380000829696655,0.08399999886751175,=NA(),20,1013.25,28.838680267333984,16.28822898864746,1118.159912109375,1056.31005859375,61.849998474121094,72.18187713623047,6784.7001953125,5756.7001953125,5759.3427734375,34.07595443725586,10.563424110412598,10.5238037109375,42.33781433105469,11.230631828308105,0.03868362680077553,0,0.0014074374921619892,0,1028,-2.642578125
40,11,0,1,Day,,23.776443481445312,66.22355651855469,34.342838287353516,1033.9000244140625,243.86302185058594,863.3099975585938,0.23586712777614594,26.1199893951416,1.5499999523162842,=NA(),=NA(),1.09246826171875,1.4163999557495117,0.34380000829696655,0.08399999886751175,=NA(),20,1013.25,13.957481384277344,19.44411849975586,1137.9449462890625,1062.8399658203125,75.10499572753906,73.47686004638672,6863.89013671875,5795.47021484375,5798.61865234375,33.89839172363281,10.69117546081543,10.667778968811035,42.196556091308594,11.368868827819824,0.03888700157403946,0,0.0016806250205263495,0,1068.419921875,-3.1484375
40,12,0,1,Day,,20.445514678955078,69.55448913574219,356.1218566894531,794.7999877929688,368.18170166015625,455.29998779296875,0.4632381796836853,26.420007705688477,1.3401000499725342,=NA(),=NA(),1.0670084953308105,1.4163999557495117,0.34380000829696655,0.08399999886751175,=NA(),20,1013.25,-1.4443669319152832,20.396610260009766,856.155029296875,794.9749755859375,61.185001373291016,61.81438446044922,5145.6298828125,4532.64013671875,4534.3681640625,35.47684097290039,7.988255023956299,7.965189456939697,43.10503005981445,8.47582721710205,0.028940187767148018,0,0.001391312456689775,0,612.98974609375,-1.72802734375
40,13,0,1,Day,,25.18343162536621,64.81656646728516,320.0701599121094,1048.5999755859375,256.22564697265625,875.5999755859375,0.24435022473335266,27.6199893951416,1.3698999881744385,=NA(),=NA(),1.1047276258468628,1.4163999557495117,0.34380000829696655,0.08399999886751175,=NA(),20,1013.25,-16.79404640197754,19.044363021850586,1165.364990234375,1090.7349853515625,74.6300048828125,76.25560760498047,7025.9599609375,5869.77001953125,5872.0986328125,33.53201675415039,10.944948196411133,10.920466423034668,41.890419006347656,11.656553268432617,0.039862439036369324,0,0.0016815625131130219,0,1156.18994140625,-2.32861328125
40,14,0,1,Day,,34.80142593383789,55.19857406616211,297.9791564941406,994.7999877929688,312.6831359863281,830.7000122070312,0.31431758403778076,28.089990615844727,1.3401000499725342,=NA(),=NA(),1.2172355651855469,1.4163999557495117,0.34380000829696655,0.08399999886751175,=NA(),20,1013.25,-31.542261123657227,15.531022071838379,1195.860107421875,1130.8699951171875,64.98500061035156,77.88750457763672,7248.85009765625,6018.47998046875,6025.30908203125,33.27883529663086,11.315951347351074,11.274885177612305,41.74840545654297,12.07619571685791,0.041403498500585556,0,0.0014866874553263187,0,1230.3701171875,-6.8291015625
40,15,0,1,Day,,46.26921463012695,43.73078536987305,284.1702880859375,727.3900146484375,316.2981872558594,594.6900024414062,0.4348398745059967,28.0200138092041,1.3899999856948853,=NA(),=NA(),1.445203423500061,1.4163999557495117,0.34380000829696655,0.08399999886751175,=NA(),20,1013.25,-45.384395599365234,10.188946723937988,986.219970703125,933.030029296875,53.19000244140625,68.85124969482422,5957.990234375,5116.4501953125,5121.7900390625,34.52073669433594,9.2730712890625,9.194535255432129,42.495628356933594,9.862396240234375,0.033951811492443085,0,0.0011938749812543392,0,841.5400390625,-5.33984375
40,16,0,1,Day,,58.38361740112305,31.616382598876953,274.0339660644531,474.010009765625,310.7597351074219,311.4100036621094,0.6555973887443542,28.58001136779785,1.51010000705719,=NA(),=NA(),1.9031972885131836,1.4163999557495117,0.34380000829696655,0.08399999886751175,=NA(),20,1013.25,-58.32013702392578,3.434451103210449,707.364990234375,649.0700073242188,58.30000305175781,57.643760681152344,4274.7900390625,3819.429931640625,3823.19970703125,35.96236038208008,6.644628524780273,6.514212131500244,43.27853012084961,7.061896800994873,0.023953374475240707,0,0.0012598750181496143,0,455.360107421875,-3.769775390625
40,17,0,1,Day,,70.64012908935547,19.3598690032959,265.4269714355469,248.3000030517578,214.05270385742188,103.30999755859375,0.8620728850364685,28.82000160217285,1.4900000095367432,=NA(),=NA(),2.994436264038086,1.4163999557495117,0.34380000829696655,0.08399999886751175,=NA(),20,1013.25,-34.50784683227539,36.29729080200195,381.25,358.0350036621094,23.21500015258789,44.480003356933594,2221.929931640625,2074.75,2076.820068359375,37.27243423461914,3.48252010345459,3.4183547496795654,43.76885986328125,3.693256378173828,0.01272362470626831,0,0.0005293749854899943,0,147.179931640625,-2.070068359375
40,18,0,1,Day,,82.70680236816406,7.293196678161621,257.22857666015625,37.50600051879883,37.41612243652344,0.7080000042915344,0.9976036548614502,26.600000381469727,1.9801000356674194,=NA(),=NA(),7.453018665313721,1.4163999557495117,0.34380000829696655,0.08399999886751175,=NA(),20,1013.25,-10.965373992919922,72.0228271484375,42.040000915527344,38.29999923706055,3.740000009536743,28.362512588500977,212.70999145507812,209.52999877929688,209.44142150878906,36.37346267700195,0.35987985134124756,0.3561345040798187,41.85889434814453,0.3891492486000061,0.0013194375205785036,0,0.00008331250137416646,0,3.17999267578125,0.0885772705078125
40,19,0,1,Night,Sun below height limit of 1 degrees.,89.23839569091797,0.7616077661514282,252.38333129882812,0,0,0,0,22.18999671936035,2.5999999046325684,=NA(),0,28.552078247070312,1.4163999557495117,0.34380000829696655,0.08399999886751175,=NA(),20,1013.25,0,0,0,0,0,22.18999671936035,0,0,0,0,0,0,0,0,0,0,0,0,0,0
40,20,0,1,Night,,105.64872741699219,-15.648730278015137,239.07460021972656,0,0,0,0,21.70000648498535,3.909899950027466,=NA(),0,64.81599426269531,1.4163999557495117,0.34380000829696655,0.08399999886751175,=NA(),20,1013.25,0,0,0,0,0,21.70000648498535,0,0,0,0,0,0,0,0,0,0,0,0,0,0
40,21,0,1,Night,,115.49983978271484,-25.499841690063477,227.6864013671875,0,0,0,0,21.300012588500977,5.360000133514404,=NA(),0,64.81599426269531,1.4163999557495117,0.34380000829696655,0.08399999886751175,=NA(),20,1013.25,0,0,0,0,0,21.300012588500977,0,0,0,0,0,0,0,0,0,0,0,0,0,0
40,22,0,1,Night,,123.53231811523438,-33.532318115234375,213.76904296875,0,0,0,0,20.159997940063477,6.840099811553955,=NA(),0,64.81599426269531,1.4163999557495117,0.34380000829696655,0.08399999886751175,=NA(),20,1013.25,0,0,0,0,0,20.159997940063477,0,0,0,0,0,0,0,0,0,0,0,0,0,0
40,23,0,1,Night,,128.82864379882812,-38.828651428222656,196.99082946777344,0,0,0,0,19.300012588500977,7.28000020980835,=NA(),0,64.81599426269531,1.4163999557495117,0.34380000829696655,0.08399999886751175,=NA(),20,1013.25,0,0,0,0,0,19.300012588500977,0,0,0,0,0,0,0,0,0,0,0,0,0,0
41,0,0,1,Night,,130.47752380371094,-40.47752380371094,178.22291564941406,0,0,0,0,18.360010147094727,6.889999866485596,=NA(),0,64.81599426269531,1.4163999557495117,0.34380000829696655,0.08399999886751175,=NA(),20,1013.25,0,0,0,0,0,18.360010147094727,0,0,0,0,0,0,0,0,0,0,0,0,0,0
41,1,0,1,Night,,128.1236572265625,-38.12366485595703,159.6752471923828,0,0,0,0,17.70000648498535,6.670100212097168,=NA(),0,64.81599426269531,1.4163999557495117,0.34380000829696655,0.08399999886751175,=NA(),20,1013.25,0,0,0,0,0,17.70000648498535,0,0,0,0,0,0,0,0,0,0,0,0,0,0
41,2,0,1,Night,,122.26309204101562,-32.263092041015625,143.38795471191406,0,0,0,0,17.240015029907227,6.600100040435791,=NA(),0,64.81599426269531,1.4163999557495117,0.34380000829696655,0.08399999886751175,=NA(),20,1013.25,0,0,0,0,0,17.240015029907227,0,0,0,0,0,0,0,0,0,0,0,0,0,0
41,3,0,1,Night,,113.84335327148438,-23.843353271484375,129.9629669189453,0,0,0,0,16.399988174438477,6.429999828338623,=NA(),0,64.81599426269531,1.4163999557495117,0.34380000829696655,0.08399999886751175,=NA(),20,1013.25,0,0,0,0,0,16.399988174438477,0,0,0,0,0,0,0,0,0,0,0,0,0,0
41,4,0,1,Night,,103.74846649169922,-13.748468399047852,118.9415283203125,0,0,0,0,15.980005264282227,6.079999923706055,=NA(),0,64.81599426269531,1.4163999557495117,0.34380000829696655,0.08399999886751175,=NA(),20,1013.25,0,0,0,0,0,15.980005264282227,0,0,0,0,0,0,0,0,0,0,0,0,0,0
41,5,0,1,Day,,88.28919219970703,1.710806131362915,106.67365264892578,7.3059000968933105,7.305631637573242,0.008999999612569809,0.9999632835388184,15.450006484985352,6.239999771118164,=NA(),=NA(),21.088420867919922,1.4163999557495117,0.34380000829696655,0.08399999886751175,=NA(),20,1013.25,2.5594282150268555,85.83759307861328,8.010000228881836,7.300000190734863,0.7150000333786011,15.790002822875977,35.08000183105469,36.310001373291016,36.26580810546875,35.370567321777344,0.06408189237117767,0.06387778371572495,40.7088737487793,0.07445774972438812,0.00025450001703575253,0,0.000015999999959603883,0,-1.2299995422363281,0.044193267822265625
41,6,0,1,Day,,80.58118438720703,9.418814659118652,101.1005630493164,170.7899932861328,147.6515350341797,141.38999938964844,0.8645209670066833,17.670007705688477,6.340000152587891,=NA(),=NA(),5.906283855438232,1.4163999557495117,0.34380000829696655,0.08399999886751175,=NA(),20,1013.25,14.311635971069336,66.55479431152344,281.6050109863281,271.1600036621094,10.444999694824219,29.291894912719727,1555.02001953125,1529.510009765625,1528.5037841796875,39.14661407470703,2.440351963043213,2.4253618717193604,45.15976333618164,2.5906219482421875,0.009135750122368336,0,0.00023424999380949885,0,25.510009765625,1.0062255859375
41,7,0,1,Day,,68.46318054199219,21.536821365356445,92.85395050048828,397.8999938964844,276.0965270996094,331.79998779296875,0.6938841938972473,19.7499942779541,5.730100154876709,=NA(),=NA(),2.708383083343506,1.4163999557495117,0.34380000829696655,0.08399999886751175,=NA(),20,1013.25,41.750675201416016,26.81025505065918,702.6749877929688,670.7850341796875,31.88500213623047,48.615623474121094,4116.6201171875,3797.760009765625,3803.005859375,37.14940643310547,6.398275375366211,6.309800148010254,44.37799835205078,6.775850772857666,0.023497937247157097,0,0.0007905624806880951,0,318.860107421875,-5.245849609375
41,8,0,1,Day,,56.22341537475586,33.77658462524414,84.01783752441406,615.5,329.63299560546875,514.1900024414062,0.5355532169342041,21.649988174438477,4.539899826049805,=NA(),=NA(),1.7952216863632202,1.4163999557495117,0.34380000829696655,0.08399999886751175,=NA(),20,1013.25,56.07868576049805,4.969644546508789,938.780029296875,880.239990234375,58.54499816894531,60.23876190185547,5703.2802734375,5054.91015625,5059.931640625,35.66757583618164,8.86667251586914,8.749981880187988,43.51315689086914,9.403032302856445,0.03230968862771988,0,0.0013220625696703792,0,648.3701171875,-5.021484375
41,9,0,1,Day,,44.20613098144531,45.79386901855469,73.34434509277344,804.9000244140625,323.11456298828125,672.0999755859375,0.40143439173698425,23.58001136779785,3.039900064468384,=NA(),=NA(),1.3938276767730713,1.4163999557495117,0.34380000829696655,0.08399999886751175,=NA(),20,1013.25,42.979835510253906,11.527767181396484,1067.159912109375,1011.2249755859375,55.92500305175781,67.6468734741211,6486.9599609375,5597.8701171875,5604.2666015625,34.6610107421875,10.105522155761719,10.033987998962402,42.82473373413086,10.741320610046387,0.037038374692201614,0,0.0012656875187531114,0,889.08984375,-6.396484375
41,10,0,1,Day,,33.00054931640625,56.99945068359375,58.370750427246094,942.989990234375,282.6332702636719,787.3900146484375,0.29972031712532043,24.83001136779785,1.4700000286102295,=NA(),=NA(),1.191849946975708,1.4163999557495117,0.34380000829696655,0.08399999886751175,=NA(),20,1013.25,28.940650939941406,16.596162796020508,1115.6199951171875,1053.8900146484375,61.730003356933594,71.11312103271484,6768.25,5765.990234375,5770.62841796875,34.204463958740234,10.544356346130371,10.507735252380371,42.469303131103516,11.217777252197266,0.03858743607997894,0,0.0014046875294297934,0,1002.259765625,-4.63818359375
41,11,0,1,Day,,24.063474655151367,65.9365234375,33.9759407043457,1014.4000244140625,240.64389038085938,847.4000244140625,0.23722779750823975,26.219995498657227,0.36000001430511475,=NA(),=NA(),1.0948936939239502,1.4163999557495117,0.34380000829696655,0.08399999886751175,=NA(),20,1013.25,14.01229190826416,19.76325798034668,1116.675048828125,1043.0050048828125,73.66499328613281,72.62499237060547,6737.4501953125,5706.81005859375,5711.4287109375,34.007389068603516,10.49666690826416,10.477558135986328,42.26650619506836,11.168842315673828,0.038158874958753586,0,0.0016483124345541,0,1030.64013671875,-4.61865234375
41,12,0,1,Day,,20.76812744140625,69.23187255859375,356.1887512207031,1023.9000244140625,225.19393920898438,854.2100219726562,0.21993742883205414,27.240015029907227,0.7998999953269958,=NA(),=NA(),1.0692654848098755,1.4163999557495117,0.34380000829696655,0.08399999886751175,=NA(),20,1013.25,-1.4439555406570435,20.720081329345703,1100.659912109375,1024.18505859375,76.4749984741211,73.04061126708984,6637.66015625,5613.06005859375,5617.11376953125,33.96116256713867,10.337387084960938,10.311283111572266,42.182167053222656,11.005305290222168,0.03747031092643738,0,0.0017376875039190054,0,1024.60009765625,-4.0537109375
41,13,0,1,Day,,25.452970504760742,64.54702758789062,320.4890441894531,976.9099731445312,243.72402954101562,812,0.24948464334011078,28.100000381469727,1.309999942779541,=NA(),=NA(),1.1071840524673462,1.4163999557495117,0.34380000829696655,0.08399999886751175,=NA(),20,1013.25,-16.84754180908203,19.364025115966797,1085.949951171875,1016.4949951171875,69.45500183105469,73.2874984741211,6555.0498046875,5537.72021484375,5541.33447265625,33.93376159667969,10.20616340637207,10.18430233001709,42.12446594238281,10.867781639099121,0.03714706376194954,0,0.0015651874709874392,0,1017.32958984375,-3.6142578125
41,14,0,1,Day,,35.01363754272461,54.98636245727539,298.406494140625,882.6900024414062,282.76934814453125,732.489990234375,0.3203495442867279,28.30999183654785,1.6299999952316284,=NA(),=NA(),1.2203781604766846,1.4163999557495117,0.34380000829696655,0.08399999886751175,=NA(),20,1013.25,-31.641822814941406,15.840296745300293,1063.215087890625,1006.1300048828125,57.084999084472656,72.37749481201172,6463.1298828125,5478.68994140625,5485.33642578125,34.037109375,10.072340965270996,10.037553787231445,42.21147155761719,10.731718063354492,0.03685412555932999,0,0.001307375030592084,0,984.43994140625,-6.646484375
41,15,0,1,Day,,46.451114654541016,43.548885345458984,284.54071044921875,701.0999755859375,318.2375183105469,555.7000122070312,0.45391175150871277,28.4999942779541,1.7799999713897705,=NA(),=NA(),1.450006127357483,1.4163999557495117,0.34380000829696655,0.08399999886751175,=NA(),20,1013.25,-45.519081115722656,10.484563827514648,948.2750244140625,895.760009765625,52.51499938964844,67.72310638427734,5723.2001953125,4934.72998046875,4940.4130859375,34.66830062866211,8.906620979309082,8.826229095458984,42.55865478515625,9.472764015197754,0.03257487714290619,0,0.0011751250131055713,0,788.47021484375,-5.68310546875
41,16,0,1,Day,,58.55382537841797,31.44617462158203,274.35748291015625,475.20001220703125,309.8741149902344,316.8999938964844,0.6520919799804688,28.339990615844727,1.7100000381469727,=NA(),=NA(),1.9123748540878296,1.4163999557495117,0.34380000829696655,0.08399999886751175,=NA(),20,1013.25,-58.479957580566406,3.7165379524230957,712.375,653.9849853515625,58.38500213623047,57.607505798339844,4306.259765625,3848.219970703125,3851.8828125,35.971275329589844,6.6928181648254395,6.562551498413086,43.29763412475586,7.111678600311279,0.024137187749147415,0,0.0012599375331774354,0,458.039794921875,-3.662841796875
41,17,0,1,Day,,70.81037139892578,19.189624786376953,265.7190856933594,240.3000030517578,209.63467407226562,93.29399871826172,0.8723872900009155,28.170007705688477,1.309999942779541,=NA(),=NA(),3.0195367336273193,1.4163999557495117,0.34380000829696655,0.08399999886751175,=NA(),20,1013.25,-33.99882507324219,36.952205657958984,365.3399963378906,342.7149963378906,22.619998931884766,43.16625213623047,2127.340087890625,1995.31005859375,1997.255859375,37.41179275512695,3.3366243839263916,3.275237560272217,43.864173889160156,3.537778854370117,0.012190374545753002,0,0.0005121874855831265,0,132.030029296875,-1.94580078125
41,18,0,1,Day,,82.88479614257812,7.115206241607666,257.5008239746094,30.90399932861328,30.841522216796875,0.5044000148773193,0.9979783296585083,28.170007705688477,1.3300000429153442,=NA(),=NA(),7.61884880065918,1.4163999557495117,0.34380000829696655,0.08399999886751175,=NA(),20,1013.25,-10.673070907592773,72.47362518310547,33.849998474121094,30.720001220703125,3.130000114440918,29.59124183654785,170.22999572753906,166.85000610351562,166.75125122070312,35.833499908447266,0.2908436357975006,0.287734717130661,41.29573059082031,0.31602609157562256,0.0010682500433176756,0,0.00006956249853828922,0,3.3799896240234375,0.0987548828125
41,19,0,1,Night,Sun below height limit of 1 degrees.,89.32084655761719,0.6791549324989319,252.71681213378906,0,0,0,0,22.30999183654785,1.309999942779541,=NA(),0,29.393980026245117,1.4163999557495117,0.34380000829696655,0.08399999886751175,=NA(),20,1013.25,0,0,0,0,0,22.30999183654785,0,0,0,0,0,0,0,0,0,0,0,0,0,0
41,20,0,1,Night,,105.86882781982422,-15.868830680847168,239.3225555419922,0,0,0,0,19.589990615844727,1.2898999452590942,=NA(),0,64.81599426269531,1.4163999557495117,0.34380000829696655,0.08399999886751175,=NA(),20,1013.25,0,0,0,0,0,19.589990615844727,0,0,0,0,0,0,0,0,0,0,0,0,0,0
41,21,0,1,Night,,115.75065612792969,-25.75065803527832,227.91551208496094,0,0,0,0,18.9999942779541,1.4300999641418457,=NA(),0,64.81599426269531,1.4163999557495117,0.34380000829696655,0.08399999886751175,=NA(),20,1013.25,0,0,0,0,0,18.9999942779541,0,0,0,0,0,0,0,0,0,0,0,0,0,0
41,22,0,1,Night,,123.81724548339844,-33.81724166870117,213.9571533203125,0,0,0,0,18.4999942779541,1.7698999643325806,=NA(),0,64.81599426269531,1.4163999557495117,0.34380000829696655,0.08399999886751175,=NA(),20,1013.25,0,0,0,0,0,18.4999942779541,0,0,0,0,0,0,0,0,0,0,0,0,0,0
41,23,0,1,Night,,129.1427764892578,-39.142784118652344,197.09921264648438,0,0,0,0,18.33001136779785,2.23009991645813,=NA(),0,64.81599426269531,1.4163999557495117,0.34380000829696655,0.08399999886751175,=NA(),20,1013.25,0,0,0,0,0,18.33001136779785,0,0,0,0,0,0,0,0,0,0,0,0,0,0
42,0,0,1,Night,,130.80287170410156,-40.80287551879883,178.2165069580078,0,0,0,0,17.649988174438477,2.6600000858306885,=NA(),0,64.81599426269531,1.4163999557495117,0.34380000829696655,0.08399999886751175,=NA(),20,1013.25,0,0,0,0,0,17.649988174438477,0,0,0,0,0,0,0,0,0,0,0,0,0,0
42,1,0,1,Night,,128.4358367919922,-38.43584442138672,159.55751037597656,0,0,0,0,16.420007705688477,2.9200000762939453,=NA(),0,64.81599426269531,1.4163999557495117,0.34380000829696655,0.08399999886751175,=NA(),20,1013.25,0,0,0,0,0,16.420007705688477,0,0,0,0,0,0,0,0,0,0,0,0,0,0
42,2,0,1,Night,,122.54586029052734,-32.54585647583008,143.19659423828125,0,0,0,0,16.730005264282227,3.029900074005127,=NA(),0,64.81599426269531,1.4163999557495117,0.34380000829696655,0.08399999886751175,=NA(),20,1013.25,0,0,0,0,0,16.730005264282227,0,0,0,0,0,0,0,0,0,0,0,0,0,0
42,3,0,1,Night,,114.0931396484375,-24.093141555786133,129.734375,0,0,0,0,17.230005264282227,3.2600998878479004,=NA(),0,64.81599426269531,1.4163999557495117,0.34380000829696655,0.08399999886751175,=NA(),20,1013.25,0,0,0,0,0,17.230005264282227,0,0,0,0,0,0,0,0,0,0,0,0,0,0
42,4,0,1,Night,,103.96919250488281,-13.96919059753418,118.69514465332031,0,0,0,0,16.70000648498535,3.8901000022888184,=NA(),0,64.81599426269531,1.4163999557495117,0.34380000829696655,0.08399999886751175,=NA(),20,1013.25,0,0,0,0,0,16.70000648498535,0,0,0,0,0,0,0,0,0,0,0,0,0,0
42,5,0,1,Day,,88.37896728515625,1.6210289001464844,106.33980560302734,6.700399875640869,6.700343132019043,0.0020000000949949026,0.9999915361404419,17.1299991607666,5.029900074005127,=NA(),=NA(),21.649660110473633,1.4163999557495117,0.34380000829696655,0.08399999886751175,=NA(),20,1013.25,2.420609712600708,86.0562973022461,7.350000381469727,6.694999694824219,0.6549999713897705,17.44500160217285,31.790000915527344,32.64999771118164,32.626556396484375,34.92518615722656,0.05838651582598686,0.0581672340631485,40.287384033203125,0.06835314631462097,0.00023350000265054405,0,0.000014999999621068127,0,-0.8599967956542969,0.023441314697265625
42,6,0,1,Day,,80.76476287841797,9.235234260559082,100.82791137695312,163,141.70321655273438,132.6999969482422,0.8693448901176453,18.7600040435791,5.189899921417236,=NA(),=NA(),6.014585494995117,1.4163999557495117,0.34380000829696655,0.08399999886751175,=NA(),20,1013.25,13.995505332946777,67.03399658203125,266.635009765625,256.5299987792969,10.104999542236328,29.795618057250977,1456.3599853515625,1429.9300537109375,1428.816650390625,39.01033401489258,2.289163589477539,2.276348352432251,44.978065490722656,2.4324333667755127,0.008567375130951405,0,0.00022656249348074198,0,26.429931640625,1.1134033203125
42,7,0,1,Day,,68.64087677001953,21.359127044677734,92.55953979492188,387.2900085449219,270.4906921386719,320.69000244140625,0.6984189748764038,21.850000381469727,5.730100154876709,=NA(),=NA(),2.729543447494507,1.4163999557495117,0.34380000829696655,0.08399999886751175,=NA(),20,1013.25,41.0276985168457,27.68846893310547,681.0350341796875,650.1500244140625,30.884998321533203,49.855003356933594,3992.43994140625,3666.800048828125,3671.9208984375,36.968570709228516,6.207948684692383,6.122286319732666,44.159122467041016,6.57778263092041,0.02279568836092949,0,0.0007670625345781446,0,325.639892578125,-5.120849609375
42,8,0,1,Day,,56.40319061279297,33.59680938720703,83.6898422241211,604.6900024414062,325.4222106933594,504.69000244140625,0.5381637215614319,23.92998695373535,5.599999904632568,=NA(),=NA(),1.8036439418792725,1.4163999557495117,0.34380000829696655,0.08399999886751175,=NA(),20,1013.25,56.24251937866211,5.25279426574707,923.9449462890625,865.9349975585938,58.01000213623047,61.938743591308594,5614.77001953125,4945.4501953125,4951.126953125,35.43598556518555,8.732709884643555,8.616369247436523,43.26353073120117,9.272605895996094,0.031799811869859695,0,0.0013068125117570162,0,669.31982421875,-5.6767578125
42,9,0,1,Day,,44.4007453918457,45.5992546081543,72.96817779541016,788.2999877929688,317.82574462890625,658.5,0.4031786620616913,25.67998695373535,4.909999847412109,=NA(),=NA(),1.3984413146972656,1.4163999557495117,0.34380000829696655,0.08399999886751175,=NA(),20,1013.25,43.117244720458984,11.825754165649414,1046.68505859375,991.8250122070312,54.86000061035156,68.9287338256836,6357.009765625,5459.06005859375,5466.32861328125,34.490360260009766,9.90556526184082,9.839835166931152,42.618988037109375,10.544882774353027,0.036286499351263046,0,0.0012398124672472477,0,897.94970703125,-7.2685546875
42,10,0,1,Day,,33.23023223876953,56.76976776123047,57.9443473815918,922.8900146484375,278.05120849609375,770.9000244140625,0.3012831509113312,27.600000381469727,4.440000057220459,=NA(),=NA(),1.1949633359909058,1.4163999557495117,0.34380000829696655,0.08399999886751175,=NA(),20,1013.25,29.041179656982422,16.90882110595703,1092.64501953125,1032.31005859375,60.334999084472656,72.96623992919922,6630.7197265625,5608.77001953125,5614.65625,33.95978546142578,10.33327865600586,10.301233291625977,42.18962097167969,11.011032104492188,0.0377928763628006,0,0.0013731875224038959,0,1021.94970703125,-5.88623046875
42,11,0,1,Day,,24.35349464416504,65.6465072631836,33.60605239868164,1054,252.20338439941406,880.1099853515625,0.23928214609622955,28.649988174438477,4.319900035858154,=NA(),=NA(),1.0973833799362183,1.4163999557495117,0.34380000829696655,0.08399999886751175,=NA(),20,1013.25,14.064709663391113,20.086814880371094,1160.3800048828125,1083.719970703125,76.66000366210938,77.01436614990234,6994.56982421875,5826.33984375,5831.962890625,33.413936614990234,10.908550262451172,10.891072273254395,41.784000396728516,11.631743431091309,0.03963981196284294,0,0.001715062535367906,0,1168.22998046875,-5.623046875
42,12,0,1,Day,,21.09494400024414,68.90505981445312,356.2457580566406,1017.7999877929688,226.17129516601562,848.489990234375,0.22221586108207703,29.80999183654785,4.460100173950195,=NA(),=NA(),1.071596384048462,1.4163999557495117,0.34380000829696655,0.08399999886751175,=NA(),20,1013.25,-1.4469074010849,21.047521591186523,1094.1400146484375,1018.0800170898438,76.06500244140625,75.4749984741211,6597.31005859375,5526.89990234375,5528.81298828125,33.6572265625,10.266766548156738,10.241310119628906,41.85757064819336,10.933330535888672,0.037237562239170074,0,0.0017283124616369605,0,1070.41015625,-1.9130859375
42,13,0,1,Day,,25.72873306274414,64.2712631225586,320.8985290527344,962.510009765625,245.95742797851562,795.4099731445312,0.2555375397205353,30.3900089263916,4.559999942779541,=NA(),=NA(),1.109734058380127,1.4163999557495117,0.34380000829696655,0.08399999886751175,=NA(),20,1013.25,-16.905237197875977,19.687089920043945,1070.06005859375,1001.550048828125,68.51000213623047,74.9493637084961,6459.27001953125,5421.7197265625,5426.26025390625,33.712303161621094,10.059865951538086,10.04024887084961,41.88039779663086,10.72434139251709,0.03659462556242943,0,0.0015438124537467957,0,1037.55029296875,-4.54052734375
42,14,0,1,Day,,35.23240280151367,54.76759719848633,298.8308410644531,888.7100219726562,284.0925598144531,740.2100219726562,0.3196684420108795,31.670007705688477,4.429999828338623,=NA(),=NA(),1.2236524820327759,1.4163999557495117,0.34380000829696655,0.08399999886751175,=NA(),20,1013.25,-31.74614143371582,16.15238380432129,1071.2149658203125,1013.7249755859375,57.48999786376953,76.26061248779297,6513.75,5440.0400390625,5444.23486328125,33.54168701171875,10.144525527954102,10.095507621765137,41.72994613647461,10.80349349975586,0.03714762628078461,0,0.0013171250466257334,0,1073.7099609375,-4.19482421875
42,15,0,1,Day,,46.6391487121582,43.3608512878418,284.9108581542969,700.6099853515625,318.1033630371094,557.1099853515625,0.45403772592544556,31.459985733032227,4.170000076293945,=NA(),=NA(),1.4550200700759888,1.4163999557495117,0.34380000829696655,0.08399999886751175,=NA(),20,1013.25,-45.658721923828125,10.782419204711914,949.0650024414062,896.4849853515625,52.59000015258789,70.81188201904297,5721.39990234375,4876.02978515625,4881.8232421875,34.258033752441406,8.90639591217041,8.825535774230957,42.16021728515625,9.483100891113281,0.03256368637084961,0,0.001175625016912818,0,845.3701171875,-5.79345703125
42,16,0,1,Day,,58.7298583984375,31.270139694213867,274.6817932128906,446.989990234375,309.38873291015625,265.0899963378906,0.6921603083610535,31.399988174438477,3.549999952316284,=NA(),=NA(),1.9219775199890137,1.4163999557495117,0.34380000829696655,0.08399999886751175,=NA(),20,1013.25,-58.64483642578125,4.0004658699035645,659.85498046875,601.9600219726562,57.88999938964844,58.55998992919922,3979.7900390625,3542.550048828125,3545.691650390625,35.81262969970703,6.188089847564697,6.057828426361084,43.019657135009766,6.578506946563721,0.022246625274419785,0,0.001241625053808093,0,437.239990234375,-3.1416015625
42,17,0,1,Day,,70.98625183105469,19.013748168945312,266.0123596191406,132.19000244140625,130.2710418701172,5.890100002288818,0.9854832887649536,30.529993057250977,2.8798999786376953,=NA(),=NA(),3.0459372997283936,1.4163999557495117,0.34380000829696655,0.08399999886751175,=NA(),20,1013.25,-33.485748291015625,37.61919403076172,153.63999938964844,136.47500610351562,17.165000915527344,36.915611267089844,842.510009765625,805.489990234375,804.2734375,37.268890380859375,1.348696231842041,1.3009721040725708,43.04256057739258,1.4413208961486816,0.004812937695533037,0,0.00037531249108724296,0,37.02001953125,1.216552734375
42,18,0,1,Day,,83.06694030761719,6.933058261871338,257.7743835449219,14.298999786376953,14.287254333496094,0.09730000048875809,0.9991785883903503,28.110010147094727,3.170099973678589,=NA(),=NA(),7.796074390411377,1.4163999557495117,0.34380000829696655,0.08399999886751175,=NA(),20,1013.25,-10.37615966796875,72.9339599609375,15.579999923706055,14.130000114440918,1.4549999237060547,28.774988174438477,73.68000030517578,72.4000015258789,72.35821533203125,34.5745964050293,0.13080066442489624,0.12946678698062897,39.978240966796875,0.1456088274717331,0.0004925624816678464,0,0.0000320625003951136,0,1.279998779296875,0.04178619384765625
42,19,0,1,Night,Sun below height limit of 1 degrees.,89.40972900390625,0.5902714133262634,253.05178833007812,0,0,0,0,24.3799991607666,3.4298999309539795,=NA(),0,30.344100952148438,1.4163999557495117,0.34380000829696655,0.08399999886751175,=NA(),20,1013.25,0,0,0,0,0,24.3799991607666,0,0,0,0,0,0,0,0,0,0,0,0,0,0
42,20,0,1,Night,,106.09272003173828,-16.09272003173828,239.57186889648438,0,0,0,0,22.230005264282227,3.799999952316284,=NA(),0,64.81599426269531,1.4163999557495117,0.34380000829696655,0.08399999886751175,=NA(),20,1013.25,0,0,0,0,0,22.230005264282227,0,0,0,0,0,0,0,0,0,0,0,0,0,0
42,21,0,1,Night,,116.00547790527344,-26.005477905273438,228.14569091796875,0,0,0,0,22.399988174438477,4.28000020980835,=NA(),0,64.81599426269531,1.4163999557495117,0.34380000829696655,0.08399999886751175,=NA(),20,1013.25,0,0,0,0,0,22.399988174438477,0,0,0,0,0,0,0,0,0,0,0,0,0,0
42,22,0,1,Night,,124.10626983642578,-34.10627365112305,214.14547729492188,0,0,0,0,23.360010147094727,5.039999961853027,=NA(),0,64.81599426269531,1.4163999557495117,0.34380000829696655,0.08399999886751175,=NA(),20,1013.25,0,0,0,0,0,23.360010147094727,0,0,0,0,0,0,0,0,0,0,0,0,0,0
42,23,0,1,Night,,129.46104431152344,-39.46104431152344,197.2059783935547,0,0,0,0,22.399988174438477,5.650100231170654,=NA(),0,64.81599426269531,1.4163999557495117,0.34380000829696655,0.08399999886751175,=NA(),20,1013.25,0,0,0,0,0,22.399988174438477,0,0,0,0,0,0,0,0,0,0,0,0,0,0
43,0,0,1,Night,,131.13169860839844,-41.13170623779297,178.20578002929688,0,0,0,0,22.4999942779541,6.29010009765625,=NA(),0,64.81599426269531,1.4163999557495117,0.34380000829696655,0.08399999886751175,=NA(),20,1013.25,0,0,0,0,0,22.4999942779541,0,0,0,0,0,0,0,0,0,0,0,0,0,0
43,1,0,1,Night,,128.75022888183594,-38.75022888183594,159.43348693847656,0,0,0,0,22.55999183654785,6.830100059509277,=NA(),0,64.81599426269531,1.4163999557495117,0.34380000829696655,0.08399999886751175,=NA(),20,1013.25,0,0,0,0,0,22.55999183654785,0,0,0,0,0,0,0,0,0,0,0,0,0,0
43,2,0,1,Night,,122.82965087890625,-32.829654693603516,142.99851989746094,0,0,0,0,21.899988174438477,7.269999980926514,=NA(),0,64.81599426269531,1.4163999557495117,0.34380000829696655,0.08399999886751175,=NA(),20,1013.25,0,0,0,0,0,21.899988174438477,0,0,0,0,0,0,0,0,0,0,0,0,0,0
43,3,0,1,Night,,114.34309387207031,-24.343093872070312,129.49952697753906,0,0,0,0,21.899988174438477,7.240099906921387,=NA(),0,64.81599426269531,1.4163999557495117,0.34380000829696655,0.08399999886751175,=NA(),20,1013.25,0,0,0,0,0,21.899988174438477,0,0,0,0,0,0,0,0,0,0,0,0,0,0
43,4,0,1,Night,,104.18896484375,-14.188961029052734,118.4431381225586,0,0,0,0,22.540002822875977,6.429999828338623,=NA(),0,64.81599426269531,1.4163999557495117,0.34380000829696655,0.08399999886751175,=NA(),20,1013.25,0,0,0,0,0,22.540002822875977,0,0,0,0,0,0,0,0,0,0,0,0,0,0
43,5,0,1,Night,Sun above horizon but GHI below 1,88.46597290039062,1.5340299606323242,105.99610137939453,0,0,0,0,22.2700138092041,5.070000171661377,=NA(),0,22.217954635620117,1.4163999557495117,0.34380000829696655,0.08399999886751175,=NA(),20,1013.25,0,0,0,0,0,22.2700138092041,0,0,0,0,0,0,0,0,0,0,0,0,0,0
43,6,0,1,Day,,80.94889831542969,9.051104545593262,100.55052947998047,10.510000228881836,10.507939338684082,0.013100000098347664,0.999803900718689,22.17998695373535,3.799999952316284,=NA(),=NA(),6.127199649810791,1.4163999557495117,0.34380000829696655,0.08399999886751175,=NA(),20,1013.25,13.680807113647461,67.51316833496094,11.380000114440918,10.280000686645508,1.0999999046325684,22.665002822875977,52.189998626708984,52.540000915527344,52.50676345825195,34.95489501953125,0.0938824936747551,0.09268981963396072,40.31877136230469,0.10609862208366394,0.00036018749233335257,0,0.000024000000848900527,0,-0.3500022888183594,0.033237457275390625
43,7,0,1,Day,,68.81841278076172,21.18158721923828,92.26053619384766,68.39099884033203,68.10421752929688,0.7936999797821045,0.9958067536354065,22.800012588500977,3.2899999618530273,=NA(),=NA(),2.7510411739349365,1.4163999557495117,0.34380000829696655,0.08399999886751175,=NA(),20,1013.25,40.3327522277832,28.54202651977539,68.7449951171875,57.36499786376953,11.380000114440918,25.6874942779541,351.5199890136719,349.94000244140625,346.89117431640625,37.95259475708008,0.571122944355011,0.5393789410591125,43.09904098510742,0.6247773766517639,0.0019940000493079424,0,0.00025993751478381455,0,1.579986572265625,3.048828125
43,8,0,1,Day,,56.58319091796875,33.41680908203125,83.35729217529297,117.79000091552734,116.91401672363281,1.5906000137329102,0.9925631880760193,24.100000381469727,3.6698999404907227,=NA(),=NA(),1.8121740818023682,1.4163999557495117,0.34380000829696655,0.08399999886751175,=NA(),20,1013.25,56.40555191040039,5.5407938957214355,114.85499572753906,87.70500183105469,27.145000457763672,28.94500160217285,592.72998046875,583.0899658203125,572.2266235351562,38.55181884765625,0.9272370934486389,0.855845034122467,43.52933883666992,1.0224885940551758,0.0031291875056922436,0,0.0005761249922215939,0,9.6400146484375,10.86334228515625
43,9,0,1,Day,,44.59617233276367,45.40382766723633,72.58757019042969,62.198001861572266,61.91694641113281,0.39469999074935913,0.9954812526702881,23.30999183654785,4.889999866485596,=NA(),=NA(),1.4031212329864502,1.4163999557495117,0.34380000829696655,0.08399999886751175,=NA(),20,1013.25,43.25343704223633,12.128419876098633,61.77000045776367,50.65999984741211,11.109999656677246,25.9112491607666,313.3500061035156,311.66998291015625,308.1158447265625,37.795745849609375,0.5093672871589661,0.4783925712108612,42.869571685791016,0.5598724484443665,0.0017888749716803432,0,0.00023212499218061566,0,1.680023193359375,3.55413818359375
43,10,0,1,Day,,33.46162033081055,56.53837966918945,57.514225006103516,148.30999755859375,146.8882598876953,1.704200029373169,0.9904137253761292,23.100000381469727,5.710000038146973,=NA(),=NA(),1.1981358528137207,1.4163999557495117,0.34380000829696655,0.08399999886751175,=NA(),20,1013.25,29.139867782592773,17.225902557373047,154.83499145507812,135.72000122070312,19.104999542236328,29.516870498657227,844.0599975585938,829.030029296875,826.1704711914062,38.467247009277344,1.342254400253296,1.295004963874817,44.066768646240234,1.438025951385498,0.0047949375584721565,0,0.0004025624948553741,0,15.02996826171875,2.85955810546875
43,11,0,1,Day,,24.646223068237305,65.35377502441406,33.23350524902344,647.489990234375,435.2618408203125,233.5,0.6722294688224792,23.7700138092041,5.829899787902832,=NA(),=NA(),1.0999362468719482,1.4163999557495117,0.34380000829696655,0.08399999886751175,=NA(),20,1013.25,14.114570617675781,20.41448402404785,708.4299926757812,653.8699951171875,54.55999755859375,52.902488708496094,4200.93994140625,3817.780029296875,3820.780517578125,36.60031509399414,6.524506568908691,6.494088172912598,43.86088180541992,6.919710636138916,0.023574000224471092,0,0.0012073749676346779,0,383.159912109375,-3.00048828125
43,12,0,1,Day,,21.425643920898438,68.57435607910156,356.29327392578125,452.1099853515625,413.0962829589844,41.90999984741211,0.9137074947357178,24.57000160217285,5.300000190734863,=NA(),=NA(),1.0740008354187012,1.4163999557495117,0.34380000829696655,0.08399999886751175,=NA(),20,1013.25,-1.4532411098480225,21.378616333007812,492.1199951171875,452.08001708984375,40.029998779296875,44.826255798339844,2858.47998046875,2668.699951171875,2669.388916015625,37.4920768737793,4.449923515319824,4.439599514007568,44.1893310546875,4.720003128051758,0.01604437455534935,0,0.0009123124764300883,0,189.780029296875,-0.68896484375
43,13,0,1,Day,,26.01028823852539,63.98971176147461,321.2985534667969,183.61000061035156,181.3573760986328,2.506500005722046,0.9877314567565918,23.600000381469727,4.809999942779541,=NA(),=NA(),1.11237633228302,1.4163999557495117,0.34380000829696655,0.08399999886751175,=NA(),20,1013.25,-16.966941833496094,20.013233184814453,197.75,178.2449951171875,19.510000228881836,31.751245498657227,1099.5899658203125,1071.8599853515625,1070.8079833984375,38.34022903442383,1.7455694675445557,1.7200449705123901,44.22151184082031,1.856292724609375,0.006281374953687191,0,0.00042137500713579357,0,27.72998046875,1.052001953125
43,14,0,1,Day,,35.45707321166992,54.54292678833008,299.2518310546875,159.3000030517578,157.6658477783203,2.006200075149536,0.9897416234016418,23.300012588500977,4.319900035858154,=NA(),=NA(),1.227052092552185,1.4163999557495117,0.34380000829696655,0.08399999886751175,=NA(),20,1013.25,-31.85468292236328,16.466936111450195,165.29000854492188,143.760009765625,21.53499984741211,30.149377822875977,901.219970703125,883.1900024414062,880.55419921875,38.41515350341797,1.4325319528579712,1.3751088380813599,44.09307098388672,1.5319147109985352,0.005082062445580959,0,0.00045312498696148396,0,18.02996826171875,2.63580322265625
43,15,0,1,Day,,46.832489013671875,43.167510986328125,285.2805480957031,151.7100067138672,150.20286560058594,2.203000068664551,0.9900656342506409,23.1299991607666,3.640000104904175,=NA(),=NA(),1.4602278470993042,1.4163999557495117,0.34380000829696655,0.08399999886751175,=NA(),20,1013.25,-45.80250930786133,11.08229923248291,152.635009765625,124.85499572753906,27.775001525878906,29.51311683654785,810.760009765625,796.219970703125,788.5150756835938,38.65039825439453,1.2746868133544922,1.2004201412200928,43.99460220336914,1.3824623823165894,0.0044206250458955765,0,0.0005802499945275486,0,14.5400390625,7.70489501953125
43,16,0,1,Day,,58.910545349121094,31.089454650878906,275.0066833496094,190.2100067138672,187.10690307617188,6.009399890899658,0.9836859107017517,24.800012588500977,2.54010009765625,=NA(),=NA(),1.9319533109664917,1.4163999557495117,0.34380000829696655,0.08399999886751175,=NA(),20,1013.25,-58.813602447509766,4.2860846519470215,198.84500122070312,155.52999877929688,43.31500244140625,33.125633239746094,1071.77001953125,1039.469970703125,1025.1187744140625,38.682594299316406,1.6558748483657837,1.5475726127624512,43.98434066772461,1.8059875965118408,0.005639687646180391,0,0.0009001875296235085,0,32.300048828125,14.3511962890625
43,17,0,1,Day,,71.1658706665039,18.834125518798828,266.306640625,121.5999984741211,120.27545928955078,4.10290002822876,0.9891074299812317,23.909997940063477,1.7000000476837158,=NA(),=NA(),3.0734050273895264,1.4163999557495117,0.34380000829696655,0.08399999886751175,=NA(),20,1013.25,-32.97404479980469,38.290855407714844,138.94000244140625,123.05999755859375,15.880000114440918,29.663110733032227,757.6799926757812,743.6799926757812,741.9073486328125,38.223628997802734,1.2130329608917236,1.1665374040603638,43.85965347290039,1.2970525026321411,0.004341625142842531,0,0.0003445000038482249,0,14,1.77264404296875
43,18,0,1,Day,,83.25163269042969,6.7483649253845215,258.0491638183594,11.291000366210938,11.291000366210938,0,1,22.850000381469727,1.7100000381469727,=NA(),=NA(),7.984055519104004,1.4163999557495117,0.34380000829696655,0.08399999886751175,=NA(),20,1013.25,-10.077187538146973,73.39974212646484,12.295000076293945,11.154999732971191,1.1449999809265137,23.3749942779541,56.72999954223633,57.0099983215332,56.950836181640625,34.98794174194336,0.1017327830195427,0.10071215778589249,40.35344696044922,0.11460340023040771,0.0003888125065714121,0,0.00002550000135670416,0,-0.279998779296875,0.059162139892578125
43,19,0,1,Night,Sun below height limit of 1 degrees.,89.48417663574219,0.5158229470252991,253.3977508544922,0,0,0,0,22.100000381469727,2.089900016784668,=NA(),0,31.175661087036133,1.4163999557495117,0.34380000829696655,0.08399999886751175,=NA(),20,1013.25,0,0,0,0,0,22.100000381469727,0,0,0,0,0,0,0,0,0,0,0,0,0,0
43,20,0,1,Night,,106.32184600830078,-16.32184600830078,239.8223876953125,0,0,0,0,21.279993057250977,2.5899999141693115,=NA(),0,64.81599426269531,1.4163999557495117,0.34380000829696655,0.08399999886751175,=NA(),20,1013.25,0,0,0,0,0,21.279993057250977,0,0,0,0,0,0,0,0,0,0,0,0,0,0
43,21,0,1,Night,,116.26539611816406,-26.265396118164062,228.37689208984375,0,0,0,0,20.839990615844727,2.6700000762939453,=NA(),0,64.81599426269531,1.4163999557495117,0.34380000829696655,0.08399999886751175,=NA(),20,1013.25,0,0,0,0,0,20.839990615844727,0,0,0,0,0,0,0,0,0,0,0,0,0,0
43,22,0,1,Night,,124.40044403076172,-34.40044403076172,214.33401489257812,0,0,0,0,20.800012588500977,2.0199999809265137,=NA(),0,64.81599426269531,1.4163999557495117,0.34380000829696655,0.08399999886751175,=NA(),20,1013.25,0,0,0,0,0,20.800012588500977,0,0,0,0,0,0,0,0,0,0,0,0,0,0
43,23,0,1,Night,,129.78408813476562,-39.78408432006836,197.31106567382812,0,0,0,0,20.339990615844727,1.4600000381469727,=NA(),0,64.81599426269531,1.4163999557495117,0.34380000829696655,0.08399999886751175,=NA(),20,1013.25,0,0,0,0,0,20.339990615844727,0,0,0,0,0,0,0,0,0,0,0,0,0,0
44,0,0,1,Night,,131.4647674560547,-41.464759826660156,178.19070434570312,0,0,0,0,19.600000381469727,1.3598999977111816,=NA(),0,64.81599426269531,1.4163999557495117,0.34380000829696655,0.08399999886751175,=NA(),20,1013.25,0,0,0,0,0,19.600000381469727,0,0,0,0,0,0,0,0,0,0,0,0,0,0
44,1,0,1,Night,,129.0678253173828,-39.06782150268555,159.30311584472656,0,0,0,0,19.67998695373535,1.4499000310897827,=NA(),0,64.81599426269531,1.4163999557495117,0.34380000829696655,0.08399999886751175,=NA(),20,1013.25,0,0,0,0,0,19.67998695373535,0,0,0,0,0,0,0,0,0,0,0,0,0,0
44,2,0,1,Night,,123.11553955078125,-33.11553955078125,142.79368591308594,0,0,0,0,18.839990615844727,1.5499999523162842,=NA(),0,64.81599426269531,1.4163999557495117,0.34380000829696655,0.08399999886751175,=NA(),20,1013.25,0,0,0,0,0,18.839990615844727,0,0,0,0,0,0,0,0,0,0,0,0,0,0
44,3,0,1,Night,,114.59465026855469,-24.594648361206055,129.25845336914062,0,0,0,0,17.5100040435791,1.7000000476837158,=NA(),0,64.81599426269531,1.4163999557495117,0.34380000829696655,0.08399999886751175,=NA(),20,1013.25,0,0,0,0,0,17.5100040435791,0,0,0,0,0,0,0,0,0,0,0,0,0,0
44,4,0,1,Night,,104.41092681884766,-14.410926818847656,118.18563079833984,0,0,0,0,17.790002822875977,1.8301000595092773,=NA(),0,64.81599426269531,1.4163999557495117,0.34380000829696655,0.08399999886751175,=NA(),20,1013.25,0,0,0,0,0,17.790002822875977,0,0,0,0,0,0,0,0,0,0,0,0,0,0
44,5,0,1,Day,,88.54913330078125,1.4508678913116455,105.654541015625,6.309700012207031,6.309439182281494,0.010300000198185444,0.9999586343765259,16.8900089263916,2.2399001121520996,=NA(),=NA(),22.78482437133789,1.4163999557495117,0.34380000829696655,0.08399999886751175,=NA(),20,1013.25,2.1585693359375,86.47074127197266,6.925000190734863,6.309999942779541,0.6150000095367432,17.18999671936035,29.600000381469727,30.520000457763672,30.451669692993164,34.8575325012207,0.05460025742650032,0.05430066958069801,40.212337493896484,0.06439231336116791,0.00021993750124238431,0,0.000014000000192027073,0,-0.9200000762939453,0.06833076477050781
44,6,0,1,Day,,81.13011932373047,8.869878768920898,100.26851654052734,167.89999389648438,146.2824249267578,140.1999969482422,0.8712473511695862,17.68999671936035,2.6900999546051025,=NA(),=NA(),6.242151737213135,1.4163999557495117,0.34380000829696655,0.08399999886751175,=NA(),20,1013.25,13.373100280761719,67.98341369628906,278.4849853515625,268.42999267578125,10.055000305175781,29.26311683654785,1493.56005859375,1469.1700439453125,1467.2373046875,39.16073226928711,2.341691493988037,2.330946922302246,45.09347915649414,2.492307662963867,0.008785375393927097,0,0.00022681249538436532,0,24.3900146484375,1.9327392578125
44,7,0,1,Day,,68.99520874023438,21.00478744506836,91.95709228515625,390.5,273.6107482910156,326.1000061035156,0.7006677389144897,18.800012588500977,3.619999885559082,=NA(),=NA(),2.7728121280670166,1.4163999557495117,0.34380000829696655,0.08399999886751175,=NA(),20,1013.25,39.66545867919922,29.370386123657227,688.9150390625,658.9000244140625,30.014999389648438,47.03313446044922,4057.380126953125,3763.6201171875,3768.83349609375,37.35736846923828,6.305469989776611,6.217913627624512,44.55596923828125,6.673442840576172,0.023190813139081,0,0.0007510625291615725,0,293.760009765625,-5.21337890625
44,8,0,1,Day,,56.763187408447266,33.236812591552734,83.02035522460938,612.9000244140625,332.3875427246094,511.7900085449219,0.5423193573951721,19.610010147094727,4.319900035858154,=NA(),=NA(),1.8208023309707642,1.4163999557495117,0.34380000829696655,0.08399999886751175,=NA(),20,1013.25,56.56752395629883,5.833506107330322,941.3050537109375,881.864990234375,59.44499969482422,58.19249725341797,5723.02978515625,5110.0498046875,5116.35107421875,35.92963409423828,8.900145530700684,8.779394149780273,43.78242111206055,9.443617820739746,0.03241518884897232,0,0.0013337499694898725,0,612.97998046875,-6.30126953125
44,9,0,1,Day,,44.79271697998047,45.20728302001953,72.20270538330078,770,314.7600402832031,641.489990234375,0.4087792634963989,22.490015029907227,4.739999771118164,=NA(),=NA(),1.4078762531280518,1.4163999557495117,0.34380000829696655,0.08399999886751175,=NA(),20,1013.25,43.38869857788086,12.43571949005127,1024.574951171875,970.5750122070312,54.005001068115234,64.71187591552734,6223.2998046875,5428.31005859375,5434.4384765625,35.057498931884766,9.688467979431152,9.619382858276367,43.11565017700195,10.28861141204834,0.0355079360306263,0,0.0012196250027045608,0,794.98974609375,-6.12841796875
44,10,0,1,Day,,33.69515609741211,56.30484390258789,57.08062744140625,938.2100219726562,286.4121398925781,783.4099731445312,0.3052750825881958,24.219995498657227,5.080100059509277,=NA(),=NA(),1.201374888420105,1.4163999557495117,0.34380000829696655,0.08399999886751175,=NA(),20,1013.25,29.23712730407715,17.547513961791992,1111.4150390625,1049.7900390625,61.630001068115234,70.23937225341797,6744.740234375,5764.91015625,5771.45654296875,34.30890655517578,10.513768196105957,10.482715606689453,42.574100494384766,11.194908142089844,0.038449812680482864,0,0.001400875044055283,0,979.830078125,-6.54638671875
44,11,0,1,Day,,24.94193458557129,65.05806732177734,32.85862731933594,1025.800048828125,249.18099975585938,856.5,0.24291381239891052,25.399988174438477,5.380000114440918,=NA(),=NA(),1.102556586265564,1.4163999557495117,0.34380000829696655,0.08399999886751175,=NA(),20,1013.25,14.162063598632812,20.746423721313477,1129.655029296875,1055.0400390625,74.61500549316406,72.34188079833984,6808.97021484375,5773.83984375,5779.0166015625,34.038002014160156,10.61133098602295,10.596529006958008,42.32481384277344,11.29578685760498,0.0385671891272068,0,0.0016696874517947435,0,1035.13037109375,-5.1767578125
44,12,0,1,Day,,21.76041030883789,68.23959350585938,356.33160400390625,1036,232.4522247314453,865.2000122070312,0.22437474131584167,26.42998695373535,5.619999885559082,=NA(),=NA(),1.0764824151992798,1.4163999557495117,0.34380000829696655,0.08399999886751175,=NA(),20,1013.25,-1.462998628616333,21.71355628967285,1113.804931640625,1036.2900390625,77.52000427246094,72.74874114990234,6712.7099609375,5683.10986328125,5687.78857421875,33.99225616455078,10.457874298095703,10.439814567565918,42.24306106567383,11.138354301452637,0.037898123264312744,0,0.0017605000175535679,0,1029.60009765625,-4.6787109375
44,13,0,1,Day,,26.297996520996094,63.702003479003906,321.6890869140625,984.3099975585938,247.64537048339844,821.7100219726562,0.25159287452697754,27.529993057250977,5.810100078582764,=NA(),=NA(),1.115117073059082,1.4163999557495117,0.34380000829696655,0.08399999886751175,=NA(),20,1013.25,-17.033016204833984,20.342716217041016,1094.804931640625,1024.81005859375,69.99000549316406,73.07061004638672,6608.16015625,5587.35986328125,5592.068359375,33.95375061035156,10.29354190826416,10.278060913085938,42.169010162353516,10.962801933288574,0.03745406121015549,0,0.0015768124721944332,0,1020.80029296875,-4.70849609375
44,14,0,1,Day,,35.688472747802734,54.311527252197266,299.6693115234375,874.7000122070312,285.12335205078125,725.9000244140625,0.325967013835907,27.8699893951416,5.920000076293945,=NA(),=NA(),1.2305930852890015,1.4163999557495117,0.34380000829696655,0.08399999886751175,=NA(),20,1013.25,-31.968313217163086,16.784215927124023,1055.409912109375,998.5700073242188,56.84000015258789,71.58873748779297,6417.85009765625,5456.4697265625,5462.93603515625,34.143917083740234,9.999832153320312,9.958290100097656,42.297821044921875,10.652558326721191,0.03659199923276901,0,0.0012983125634491444,0,961.38037109375,-6.46630859375
44,15,0,1,Day,,47.03242111206055,42.96757888793945,285.6495361328125,692.4000244140625,318.68731689453125,548.2999877929688,0.46026474237442017,27.779993057250977,5.840000152587891,=NA(),=NA(),1.4656702280044556,1.4163999557495117,0.34380000829696655,0.08399999886751175,=NA(),20,1013.25,-45.9517822265625,11.384297370910645,939.77001953125,887.2049560546875,52.55999755859375,66.62938690185547,5669.06982421875,4907.81982421875,4913.00830078125,34.816070556640625,8.819628715515137,8.739214897155762,42.679656982421875,9.370368957519531,0.03225487470626831,0,0.0011738750617951155,0,761.25,-5.1884765625
44,16,0,1,Day,,59.09747314453125,30.90252685546875,275.33203125,472.0899963378906,307.28759765625,320.8900146484375,0.6509089469909668,27.70000648498535,5.28000020980835,=NA(),=NA(),1.9424030780792236,1.4163999557495117,0.34380000829696655,0.08399999886751175,=NA(),20,1013.25,-58.98786926269531,4.573359966278076,714.9450073242188,656.405029296875,58.540000915527344,57.073753356933594,4330.51025390625,3877.5,3880.412353515625,36.053680419921875,6.726977825164795,6.596770286560059,43.37805938720703,7.141096115112305,0.02428387477993965,0,0.0012556874426081777,0,453.01025390625,-2.912353515625
44,17,0,1,Day,,71.35201263427734,18.64798927307129,266.601806640625,240,207.80087280273438,100.69999694824219,0.8658369779586792,26.8900089263916,3.4800000190734863,=NA(),=NA(),3.1024229526519775,1.4163999557495117,0.34380000829696655,0.08399999886751175,=NA(),20,1013.25,-32.456260681152344,38.977256774902344,368.57501220703125,347.010009765625,21.56999969482422,42.00249481201172,2157.25,2031.8699951171875,2033.2640380859375,37.59956359863281,3.3798184394836426,3.3221209049224854,44.04483413696289,3.5798966884613037,0.01239743735641241,0,0.00047906249528750777,0,125.3800048828125,-1.39404296875
44,18,0,1,Day,,83.444091796875,6.555910587310791,258.3250427246094,31.392000198364258,31.335609436035156,0.49390000104904175,0.9982036352157593,25.3699893951416,3.199899911880493,=NA(),=NA(),8.189425468444824,1.4163999557495117,0.34380000829696655,0.08399999886751175,=NA(),20,1013.25,-9.768054962158203,73.88410949707031,34.785003662109375,31.654998779296875,3.130000114440918,26.83062171936035,174.3199920654297,172.72000122070312,172.5522003173828,36.308815002441406,0.2970218062400818,0.2942854166030884,41.741275787353516,0.32257601618766785,0.0010935624595731497,0,0.00007000000186963007,0,1.5999908447265625,0.1678009033203125
44,19,0,1,Night,Sun below height limit of 1 degrees.,89.57469177246094,0.4253074526786804,253.73785400390625,0,0,0,0,22.670007705688477,3.090100049972534,=NA(),0,32.23244857788086,1.4163999557495117,0.34380000829696655,0.08399999886751175,=NA(),20,1013.25,0,0,0,0,0,22.670007705688477,0,0,0,0,0,0,0,0,0,0,0,0,0,0
44,20,0,1,Night,,106.55557250976562,-16.555574417114258,240.07411193847656,0,0,0,0,19.6400089263916,2.5899999141693115,=NA(),0,64.81599426269531,1.4163999557495117,0.34380000829696655,0.08399999886751175,=NA(),20,1013.25,0,0,0,0,0,19.6400089263916,0,0,0,0,0,0,0,0,0,0,0,0,0,0
44,21,0,1,Night,,116.52960205078125,-26.529598236083984,228.60903930664062,0,0,0,0,20.589990615844727,2.180000066757202,=NA(),0,64.81599426269531,1.4163999557495117,0.34380000829696655,0.08399999886751175,=NA(),20,1013.25,0,0,0,0,0,20.589990615844727,0,0,0,0,0,0,0,0,0,0,0,0,0,0
44,22,0,1,Night,,124.69898223876953,-34.6989860534668,214.52273559570312,0,0,0,0,18.899988174438477,3.410099983215332,=NA(),0,64.81599426269531,1.4163999557495117,0.34380000829696655,0.08399999886751175,=NA(),20,1013.25,0,0,0,0,0,18.899988174438477,0,0,0,0,0,0,0,0,0,0,0,0,0,0
44,23,0,1,Night,,130.1114044189453,-40.11140060424805,197.4144744873047,0,0,0,0,17.95000648498535,4.5,=NA(),0,64.81599426269531,1.4163999557495117,0.34380000829696655,0.08399999886751175,=NA(),20,1013.25,0,0,0,0,0,17.95000648498535,0,0,0,0,0,0,0,0,0,0,0,0,0,0
45,0,0,1,Night,,131.80137634277344,-41.80138397216797,178.1712646484375,0,0,0,0,17.170007705688477,4.530099868774414,=NA(),0,64.81599426269531,1.4163999557495117,0.34380000829696655,0.08399999886751175,=NA(),20,1013.25,0,0,0,0,0,17.170007705688477,0,0,0,0,0,0,0,0,0,0,0,0,0,0
45,1,0,1,Night,,129.38787841796875,-39.38787841796875,159.16635131835938,0,0,0,0,16.30999183654785,4.349999904632568,=NA(),0,64.81599426269531,1.4163999557495117,0.34380000829696655,0.08399999886751175,=NA(),20,1013.25,0,0,0,0,0,16.30999183654785,0,0,0,0,0,0,0,0,0,0,0,0,0,0
45,2,0,1,Night,,123.40270233154297,-33.402706146240234,142.5821075439453,0,0,0,0,15.499994277954102,4.140100002288818,=NA(),0,64.81599426269531,1.4163999557495117,0.34380000829696655,0.08399999886751175,=NA(),20,1013.25,0,0,0,0,0,15.499994277954102,0,0,0,0,0,0,0,0,0,0,0,0,0,0
45,3,0,1,Night,,114.84628295898438,-24.846281051635742,129.01123046875,0,0,0,0,15.740015029907227,4.130099773406982,=NA(),0,64.81599426269531,1.4163999557495117,0.34380000829696655,0.08399999886751175,=NA(),20,1013.25,0,0,0,0,0,15.740015029907227,0,0,0,0,0,0,0,0,0,0,0,0,0,0
45,4,0,1,Night,,104.63261413574219,-14.632611274719238,117.92268371582031,0,0,0,0,13.980005264282227,3.940000057220459,=NA(),0,64.81599426269531,1.4163999557495117,0.34380000829696655,0.08399999886751175,=NA(),20,1013.25,0,0,0,0,0,13.980005264282227,0,0,0,0,0,0,0,0,0,0,0,0,0,0
45,5,0,1,Day,,88.63353729248047,1.3664625883102417,105.30807495117188,3.691999912261963,3.691999912261963,0,1,13.670007705688477,4.510000228881836,=NA(),=NA(),23.385095596313477,1.4163999557495117,0.34380000829696655,0.08399999886751175,=NA(),20,1013.25,2.0293662548065186,86.67626190185547,4.050000190734863,3.690000057220459,0.36000001430511475,13.850000381469727,15.520000457763672,16.15999984741211,16.12797737121582,34.180946350097656,0.029490074142813683,0.02930382639169693,39.65058135986328,0.03760161250829697,0.00012893749226350337,0,0.000007999999979801942,0,-0.6399993896484375,0.03202247619628906
45,6,0,1,Day,,81.31207275390625,8.687925338745117,99.98197937011719,151.61000061035156,133.07435607910156,122.70999908447266,0.877741277217865,16.4999942779541,5.380000114440918,=NA(),=NA(),6.36189603805542,1.4163999557495117,0.34380000829696655,0.08399999886751175,=NA(),20,1013.25,13.066398620605469,68.4542236328125,246.27499389648438,236.82000732421875,9.454999923706055,26.743127822875977,1305.6199951171875,1295.2900390625,1293.2255859375,39.38008499145508,2.052474021911621,2.0423336029052734,45.20056915283203,2.1860053539276123,0.007700250018388033,0,0.0002128750056726858,0,10.3299560546875,2.064453125
45,7,0,1,Day,,69.17259216308594,20.827404022216797,91.6492919921875,375.1000061035156,265.0204772949219,309.6000061035156,0.7065328359603882,19.360010147094727,4.549900054931641,=NA(),=NA(),2.7950282096862793,1.4163999557495117,0.34380000829696655,0.08399999886751175,=NA(),20,1013.25,39.018795013427734,30.181594848632812,657.3800048828125,628.4099731445312,28.970001220703125,46.292503356933594,3871.75,3600.1201171875,3605.21728515625,37.4368896484375,6.0189127922058105,5.93511438369751,44.56398391723633,6.370771884918213,0.022135311737656593,0,0.0007225624867714942,0,271.6298828125,-5.09716796875
45,8,0,1,Day,,56.94404220581055,33.05595779418945,82.67914581298828,596.0999755859375,324.6256103515625,497.70001220703125,0.5445824861526489,21.20000648498535,3.26990008354187,=NA(),=NA(),1.8295732736587524,1.4163999557495117,0.34380000829696655,0.08399999886751175,=NA(),20,1013.25,56.729286193847656,6.130898475646973,916.969970703125,858.635009765625,58.34000015258789,58.80748748779297,5576.52001953125,4967.77001953125,4973.63916015625,35.851722717285156,8.670690536499023,8.549378395080566,43.6522102355957,9.202415466308594,0.031573813408613205,0,0.001305937534198165,0,608.75,-5.869140625
45,9,0,1,Day,,44.990360260009766,45.009639739990234,71.81377410888672,784.7000122070312,321.1135559082031,655.5,0.4092182517051697,22.990015029907227,2.460099935531616,=NA(),=NA(),1.412706971168518,1.4163999557495117,0.34380000829696655,0.08399999886751175,=NA(),20,1013.25,43.52299118041992,12.747539520263672,1045.2149658203125,989.9600219726562,55.255001068115234,66.0899887084961,6345.89990234375,5507.4599609375,5514.548828125,34.86592483520508,9.885307312011719,9.815532684326172,42.9788932800293,10.50907039642334,0.03621281310915947,0,0.0012469999492168427,0,838.43994140625,-7.0888671875
45,10,0,1,Day,,33.93056869506836,56.06943130493164,56.643836975097656,922.8900146484375,283.34600830078125,770.7999877929688,0.3070203363895416,23.68999671936035,2.0399999618530273,=NA(),=NA(),1.204677939414978,1.4163999557495117,0.34380000829696655,0.08399999886751175,=NA(),20,1013.25,29.332698822021484,17.873414993286133,1093.945068359375,1033.35498046875,60.59000015258789,68.92626190185547,6640.14990234375,5703.2900390625,5710.09326171875,34.48435974121094,10.349058151245117,10.320859909057617,42.70961380004883,11.015850067138672,0.037845123559236526,0,0.0013775000115856528,0,936.85986328125,-6.80322265625
45,11,0,1,Day,,25.240371704101562,64.75962829589844,32.48173904418945,1017.5999755859375,249.0325927734375,849.6900024414062,0.24472543597221375,25.08001136779785,1.660099983215332,=NA(),=NA(),1.1052436828613281,1.4163999557495117,0.34380000829696655,0.08399999886751175,=NA(),20,1013.25,14.207051277160645,21.08234214782715,1120.760009765625,1046.7249755859375,74.03500366210938,71.74437713623047,6755.990234375,5741.7802734375,5741.494140625,34.15642166137695,10.505884170532227,10.48482608795166,42.38502502441406,11.159640312194824,0.03826237469911575,0,0.001656375010497868,0,1014.2099609375,0.2861328125
45,12,0,1,Day,,22.098905563354492,67.90109252929688,356.3612365722656,1050.800048828125,237.8574981689453,877.4000244140625,0.22635847330093384,25.42998695373535,1.3401000499725342,=NA(),=NA(),1.0790408849716187,1.4163999557495117,0.34380000829696655,0.08399999886751175,=NA(),20,1013.25,-1.4761464595794678,22.052013397216797,1129.114990234375,1051.114990234375,78.0050048828125,72.4649887084961,6813.06005859375,5774.6201171875,5774.2822265625,34.05665969848633,10.596829414367676,10.575235366821289,42.310115814208984,11.255022048950195,0.0384916253387928,0,0.0017701250035315752,0,1038.43994140625,0.337890625
45,13,0,1,Day,,26.591285705566406,63.408714294433594,322.07000732421875,430.4100036621094,395.8876647949219,38.60599899291992,0.9197919964790344,26.360010147094727,1.5901000499725342,=NA(),=NA(),1.1179540157318115,1.4163999557495117,0.34380000829696655,0.08399999886751175,=NA(),20,1013.25,-17.10318374633789,20.675098419189453,468.3900146484375,427.4750061035156,40.90999984741211,45.646873474121094,2718.9599609375,2530.580078125,2531.279296875,37.3320426940918,4.237795829772949,4.196773052215576,43.988250732421875,4.495878219604492,0.015251874923706055,0,0.0008931874763220549,0,188.3798828125,-0.69921875
45,14,0,1,Day,,35.92582702636719,54.07417297363281,300.0830078125,924.4000244140625,299.3410339355469,771.8900146484375,0.3238219618797302,27.610010147094727,2.2499001026153564,=NA(),=NA(),1.2342673540115356,1.4163999557495117,0.34380000829696655,0.08399999886751175,=NA(),20,1013.25,-32.08637237548828,17.103843688964844,1115.47998046875,1055.070068359375,60.40999984741211,73.90123748779297,6775.7001953125,5711.4599609375,5718.541015625,33.823829650878906,10.5667724609375,10.525179862976074,42.1152458190918,11.272067070007324,0.03865962475538254,0,0.0013772499514743686,0,1064.240234375,-7.0810546875
45,15,0,1,Day,,47.23786544799805,42.76213455200195,286.0176696777344,721.9000244140625,317.8531799316406,595.0999755859375,0.4403008222579956,27.779993057250977,2.809999942779541,=NA(),=NA(),1.4713233709335327,1.4163999557495117,0.34380000829696655,0.08399999886751175,=NA(),20,1013.25,-46.105499267578125,11.688146591186523,985.64501953125,932,53.64500045776367,68.5899887084961,5952.14990234375,5116.43017578125,5121.0498046875,34.55924987792969,9.261409759521484,9.182802200317383,42.527259826660156,9.840572357177734,0.03390993922948837,0,0.0012009999481961131,0,835.7197265625,-4.61962890625
45,16,0,1,Day,,59.28948974609375,30.71051025390625,275.65765380859375,459.80999755859375,306.44659423828125,300.29998779296875,0.6664635539054871,27.7700138092041,3.0100998878479004,=NA(),=NA(),1.9532768726348877,1.4163999557495117,0.34380000829696655,0.08399999886751175,=NA(),20,1013.25,-59.166500091552734,4.862135410308838,693.6699829101562,635.3150024414062,58.35499954223633,56.26000213623047,4194.3203125,3765.989990234375,3769.11181640625,36.148372650146484,6.516912937164307,6.3873515129089355,43.42138671875,6.919741153717041,0.023494437336921692,0,0.0012477500131353736,0,428.330322265625,-3.121826171875
45,17,0,1,Day,,71.54276275634766,18.457239151000977,266.8977966308594,221.99000549316406,197.8355712890625,76.29399871826172,0.8911913633346558,27.6299991607666,2.3299999237060547,=NA(),=NA(),3.1327624320983887,1.4163999557495117,0.34380000829696655,0.08399999886751175,=NA(),20,1013.25,-31.937744140625,39.671058654785156,331.7349853515625,311.07000732421875,20.665000915527344,41.23436737060547,1933.4300537109375,1825.22998046875,1826.4530029296875,37.59099197387695,3.036731481552124,2.9821815490722656,43.94707107543945,3.217827558517456,0.011120562441647053,0,0.0004531250160653144,0,108.2000732421875,-1.2230224609375
45,18,0,1,Day,,83.64068603515625,6.359317302703857,258.6019592285156,27.5049991607666,27.44913101196289,0.5044000148773193,0.9979687929153442,26.9999942779541,2.469899892807007,=NA(),=NA(),8.409934043884277,1.4163999557495117,0.34380000829696655,0.08399999886751175,=NA(),20,1013.25,-9.454450607299805,74.37787628173828,30.084999084472656,27.314998626708984,2.7649998664855957,28.2650089263916,150.16000366210938,147.9300079345703,147.83387756347656,35.83472442626953,0.25783947110176086,0.2554720938205719,41.27586364746094,0.28080442547798157,0.0009501875028945506,0,0.00006225000106496736,0,2.2299957275390625,0.09613037109375
45,19,0,1,Night,Sun below height limit of 1 degrees.,89.66905212402344,0.3309451937675476,254.07925415039062,0,0,0,0,23.6400089263916,2.3499999046325684,=NA(),0,33.3897819519043,1.4163999557495117,0.34380000829696655,0.08399999886751175,=NA(),20,1013.25,0,0,0,0,0,23.6400089263916,0,0,0,0,0,0,0,0,0,0,0,0,0,0
45,20,0,1,Night,,106.79295349121094,-16.792957305908203,240.3270263671875,0,0,0,0,22.110010147094727,1.7598999738693237,=NA(),0,64.81599426269531,1.4163999557495117,0.34380000829696655,0.08399999886751175,=NA(),20,1013.25,0,0,0,0,0,22.110010147094727,0,0,0,0,0,0,0,0,0,0,0,0,0,0
45,21,0,1,Night,,116.79823303222656,-26.79823112487793,228.84214782714844,0,0,0,0,19.600000381469727,1.9000999927520752,=NA(),0,64.81599426269531,1.4163999557495117,0.34380000829696655,0.08399999886751175,=NA(),20,1013.25,0,0,0,0,0,19.600000381469727,0,0,0,0,0,0,0,0,0,0,0,0,0,0
45,22,0,1,Night,,125.00166320800781,-35.00166702270508,214.71163940429688,0,0,0,0,18.9999942779541,3.059999942779541,=NA(),0,64.81599426269531,1.4163999557495117,0.34380000829696655,0.08399999886751175,=NA(),20,1013.25,0,0,0,0,0,18.9999942779541,0,0,0,0,0,0,0,0,0,0,0,0,0,0
45,23,0,1,Night,,130.44264221191406,-40.4426383972168,197.51617431640625,0,0,0,0,18.740015029907227,4.269999980926514,=NA(),0,64.81599426269531,1.4163999557495117,0.34380000829696655,0.08399999886751175,=NA(),20,1013.25,0,0,0,0,0,18.740015029907227,0,0,0,0,0,0,0,0,0,0,0,0,0,0
46,0,0,1,Night,,132.1412811279297,-42.14127731323242,178.14732360839844,0,0,0,0,17.8900089263916,4.610099792480469,=NA(),0,64.81599426269531,1.4163999557495117,0.34380000829696655,0.08399999886751175,=NA(),20,1013.25,0,0,0,0,0,17.8900089263916,0,0,0,0,0,0,0,0,0,0,0,0,0,0
46,1,0,1,Night,,129.7099609375,-39.70996856689453,159.0231475830078,0,0,0,0,17.350000381469727,4.329999923706055,=NA(),0,64.81599426269531,1.4163999557495117,0.34380000829696655,0.08399999886751175,=NA(),20,1013.25,0,0,0,0,0,17.350000381469727,0,0,0,0,0,0,0,0,0,0,0,0,0,0
46,2,0,1,Night,,123.69061279296875,-33.690608978271484,142.36380004882812,0,0,0,0,16.70000648498535,3.8499999046325684,=NA(),0,64.81599426269531,1.4163999557495117,0.34380000829696655,0.08399999886751175,=NA(),20,1013.25,0,0,0,0,0,16.70000648498535,0,0,0,0,0,0,0,0,0,0,0,0,0,0
46,3,0,1,Night,,115.09796142578125,-25.09796142578125,128.7578582763672,0,0,0,0,16.050012588500977,3.3301000595092773,=NA(),0,64.81599426269531,1.4163999557495117,0.34380000829696655,0.08399999886751175,=NA(),20,1013.25,0,0,0,0,0,16.050012588500977,0,0,0,0,0,0,0,0,0,0,0,0,0,0
46,4,0,1,Night,,104.85308837890625,-14.8530912399292,117.65435028076172,0,0,0,0,15.070001602172852,2.8798999786376953,=NA(),0,64.81599426269531,1.4163999557495117,0.34380000829696655,0.08399999886751175,=NA(),20,1013.25,0,0,0,0,0,15.070001602172852,0,0,0,0,0,0,0,0,0,0,0,0,0,0
46,5,0,1,Day,,88.71773529052734,1.2822612524032593,104.9544677734375,2.8910999298095703,2.8910999298095703,0,1,13.559991836547852,3.340100049972534,=NA(),=NA(),24.010225296020508,1.4163999557495117,0.34380000829696655,0.08399999886751175,=NA(),20,1013.25,1.9009556770324707,86.88124084472656,3.1700000762939453,2.890000104904175,0.2800000011920929,13.700006484985352,11.359999656677246,11.829999923706055,11.758151054382324,33.54255294799805,0.021909013390541077,0.021770328283309937,39.140663146972656,0.029442710801959038,0.00010093749733641744,0,0.000006000000212225132,0,-0.4700002670288086,0.07184886932373047
46,6,0,1,Day,,81.4937744140625,8.50622844696045,99.6910400390625,153.88999938964844,134.98768615722656,127.79000091552734,0.8771699666976929,15.719995498657227,3.9198999404907227,=NA(),=NA(),6.4860334396362305,1.4163999557495117,0.34380000829696655,0.08399999886751175,=NA(),20,1013.25,12.762275695800781,68.92305755615234,251.86500549316406,242.43499755859375,9.430000305175781,26.217493057250977,1322.739990234375,1314.6400146484375,1311.874755859375,39.5074348449707,2.075361490249634,2.0641918182373047,45.2933464050293,2.212646245956421,0.007801000028848648,0,0.00021281250519677997,0,8.0999755859375,2.7652587890625
46,7,0,1,Day,,69.34978485107422,20.65021514892578,91.33728790283203,378.989990234375,267.69342041015625,315.5899963378906,0.7063337564468384,19.2700138092041,3.2600998878479004,=NA(),=NA(),2.817600965499878,1.4163999557495117,0.34380000829696655,0.08399999886751175,=NA(),20,1013.25,38.39384841918945,30.973560333251953,666.2449951171875,637.550048828125,28.69499969482422,46.563743591308594,3929.6298828125,3650.669921875,3655.7470703125,37.408042907714844,6.107974052429199,6.025765895843506,44.55657196044922,6.464846611022949,0.0224804375320673,0,0.0007153124897740781,0,278.9599609375,-5.0771484375
46,8,0,1,Day,,57.12512969970703,32.87487030029297,82.3338394165039,600.7100219726562,328.324462890625,501.80999755859375,0.5465606451034546,21.279993057250977,2.6500000953674316,=NA(),=NA(),1.8384579420089722,1.4163999557495117,0.34380000829696655,0.08399999886751175,=NA(),20,1013.25,56.890193939208984,6.432798862457275,926.47998046875,867.3800048828125,59.10499954223633,59.29875946044922,5635.5,5011.58984375,5016.97265625,35.78939437866211,8.761467933654785,8.636109352111816,43.60978317260742,9.296627044677734,0.03190918639302254,0,0.0013201249530538917,0,623.91015625,-5.3828125
46,9,0,1,Day,,45.18894958496094,44.81105041503906,71.42097473144531,790.1900024414062,325.1820983886719,659.7999877929688,0.4115239381790161,22.159997940063477,2.4798998832702637,=NA(),=NA(),1.4176113605499268,1.4163999557495117,0.34380000829696655,0.08399999886751175,=NA(),20,1013.25,43.65615463256836,13.063730239868164,1053.375,997.4299926757812,55.939998626708984,65.5787582397461,6393.2099609375,5559.22021484375,5566.626953125,34.930419921875,9.960244178771973,9.890243530273438,43.05976486206055,10.589234352111816,0.03648125007748604,0,0.0012616249732673168,0,833.98974609375,-7.40673828125
46,10,0,1,Day,,34.167911529541016,55.832088470458984,56.20411682128906,929.9099731445312,287.43756103515625,776.5,0.3091025650501251,23.469995498657227,2.509999990463257,=NA(),=NA(),1.2080470323562622,1.4163999557495117,0.34380000829696655,0.08399999886751175,=NA(),20,1013.25,29.4266300201416,18.20351791381836,1102.52001953125,1041.3199462890625,61.20500183105469,69.07561492919922,6690.080078125,5743.06005859375,5749.72265625,34.463279724121094,10.427260398864746,10.400812149047852,42.705936431884766,11.095617294311523,0.03813150152564049,0,0.0013908124528825283,0,947.02001953125,-6.66259765625
46,11,0,1,Day,,25.541522979736328,64.45848083496094,32.10314178466797,1011.4000244140625,249.42138671875,844.510009765625,0.24661003053188324,24.3900089263916,2.5799999237060547,=NA(),=NA(),1.1079988479614258,1.4163999557495117,0.34380000829696655,0.08399999886751175,=NA(),20,1013.25,14.249545097351074,21.422157287597656,1114.054931640625,1040.445068359375,73.61000061035156,70.68938446044922,6715.830078125,5730.31982421875,5732.84228515625,34.27674102783203,10.453230857849121,10.433327674865723,42.507450103759766,11.108718872070312,0.03803050145506859,0,0.0016466249944642186,0,985.51025390625,-2.5224609375
46,12,0,1,Day,,22.441091537475586,67.55890655517578,356.3825378417969,1019.5,232.3987579345703,851.5900268554688,0.22795365750789642,25.540002822875977,2.54010009765625,=NA(),=NA(),1.081678032875061,1.4163999557495117,0.34380000829696655,0.08399999886751175,=NA(),20,1013.25,-1.492710828781128,22.393953323364258,1095.4849853515625,1019.8150024414062,75.66999816894531,71.07811737060547,6613.4296875,5634.33984375,5636.53271484375,34.231285095214844,10.291267395019531,10.270965576171875,42.42572784423828,10.938804626464844,0.037345126271247864,0,0.0017172499792650342,0,979.08984375,-2.19287109375
46,13,0,1,Day,,26.890169143676758,63.10982894897461,322.4414367675781,961.7100219726562,249.1820831298828,798.9099731445312,0.2591031491756439,26.610010147094727,2.3701000213623047,=NA(),=NA(),1.1208902597427368,1.4163999557495117,0.34380000829696655,0.08399999886751175,=NA(),20,1013.25,-17.177534103393555,21.010406494140625,1070.094970703125,1001.64501953125,68.44999694824219,71.1156234741211,6460.72021484375,5502.89990234375,5504.59619140625,34.23550033569336,10.049137115478516,10.032842636108398,42.37224578857422,10.675512313842773,0.036605749279260635,0,0.0015414999797940254,0,957.8203125,-1.6962890625
46,14,0,1,Day,,36.169193267822266,53.830806732177734,300.49267578125,848,288.0721740722656,693.5999755859375,0.33970776200294495,27.529993057250977,2.159899950027466,=NA(),=NA(),1.2380797863006592,1.4163999557495117,0.34380000829696655,0.08399999886751175,=NA(),20,1013.25,-32.209022521972656,17.425758361816406,1023.6099853515625,967.9549560546875,55.660003662109375,69.90999603271484,6218.16015625,5319.64013671875,5325.27587890625,34.37462615966797,9.682421684265137,9.643403053283691,42.44758987426758,10.300309181213379,0.035426124930381775,0,0.0012706250417977571,0,898.52001953125,-5.6357421875
46,15,0,1,Day,,47.44898986816406,42.55101013183594,286.3847351074219,675.5999755859375,320.63824462890625,524.9000244140625,0.4745977818965912,27.670007705688477,1.8600000143051147,=NA(),=NA(),1.4771983623504639,1.4163999557495117,0.34380000829696655,0.08399999886751175,=NA(),20,1013.25,-46.26387023925781,11.993786811828613,917.2449951171875,864.8499755859375,52.39500045776367,65.5637435913086,5536.10986328125,4811.25,4815.7919921875,34.960662841796875,8.60936450958252,8.527692794799805,42.76870346069336,9.142194747924805,0.031472500413656235,0,0.0011681249598041177,0,724.85986328125,-4.5419921875
46,16,0,1,Day,,59.486785888671875,30.513212203979492,275.9833679199219,454.8999938964844,305.4729919433594,294.29998779296875,0.6715168356895447,27.9999942779541,1.3300000429153442,=NA(),=NA(),1.9645994901657104,1.4163999557495117,0.34380000829696655,0.08399999886751175,=NA(),20,1013.25,-59.34969711303711,5.152334213256836,687.02001953125,628.6900024414062,58.31999969482422,56.228111267089844,4153.669921875,3729.72998046875,3732.267578125,36.154685974121094,6.452080249786377,6.320857524871826,43.40656280517578,6.848118782043457,0.02326050028204918,0,0.0012438750127330422,0,423.93994140625,-2.53759765625
46,17,0,1,Day,,71.73823547363281,18.261764526367188,267.1944274902344,221.5,197.02667236328125,78.0999984741211,0.8895109295845032,27.32000160217285,0.8999999761581421,=NA(),=NA(),3.164503812789917,1.4163999557495117,0.34380000829696655,0.08399999886751175,=NA(),20,1013.25,-31.41828727722168,40.372459411621094,332.0050048828125,311.69000244140625,20.31999969482422,40.923118591308594,1938.4100341796875,1831.969970703125,1833.4447021484375,37.632205963134766,3.045018434524536,2.991837978363037,43.99411392211914,3.226266622543335,0.011160874739289284,0,0.00044174998765811324,0,106.4400634765625,-1.4747314453125
46,18,0,1,Day,,83.84024810791016,6.159752368927002,258.8797607421875,15.491000175476074,15.481161117553711,0.0917000025510788,0.9993648529052734,25.339990615844727,1.7999999523162842,=NA(),=NA(),8.64568042755127,1.4163999557495117,0.34380000829696655,0.08399999886751175,=NA(),20,1013.25,-9.138209342956543,74.87806701660156,16.904998779296875,15.350000381469727,1.559999942779541,26.055017471313477,80.56999969482422,80.05999755859375,80.02037048339844,35.145545959472656,0.1423015594482422,0.1410301923751831,40.54145050048828,0.15770725905895233,0.0005346874822862446,0,0.000035000000934815034,0,0.5100021362304688,0.0396270751953125
46,19,0,1,Night,Sun below height limit of 1 degrees.,89.75414276123047,0.24585986137390137,254.42897033691406,0,0,0,0,22.219995498657227,3.799999952316284,=NA(),0,34.48381423950195,1.4163999557495117,0.34380000829696655,0.08399999886751175,=NA(),20,1013.25,0,0,0,0,0,22.219995498657227,0,0,0,0,0,0,0,0,0,0,0,0,0,0
46,20,0,1,Night,,107.03527069091797,-17.035274505615234,240.5810546875,0,0,0,0,20.899988174438477,4.570000171661377,=NA(),0,64.81599426269531,1.4163999557495117,0.34380000829696655,0.08399999886751175,=NA(),20,1013.25,0,0,0,0,0,20.899988174438477,0,0,0,0,0,0,0,0,0,0,0,0,0,0
46,21,0,1,Night,,117.07093048095703,-27.070934295654297,229.07620239257812,0,0,0,0,19.8799991607666,4.71999979019165,=NA(),0,64.81599426269531,1.4163999557495117,0.34380000829696655,0.08399999886751175,=NA(),20,1013.25,0,0,0,0,0,19.8799991607666,0,0,0,0,0,0,0,0,0,0,0,0,0,0
46,22,0,1,Night,,125.30855560302734,-35.30855178833008,214.90069580078125,0,0,0,0,19.0200138092041,4.530099868774414,=NA(),0,64.81599426269531,1.4163999557495117,0.34380000829696655,0.08399999886751175,=NA(),20,1013.25,0,0,0,0,0,19.0200138092041,0,0,0,0,0,0,0,0,0,0,0,0,0,0
46,23,0,1,Night,,130.77798461914062,-40.77798843383789,197.61619567871094,0,0,0,0,18.1400089263916,4.140100002288818,=NA(),0,64.81599426269531,1.4163999557495117,0.34380000829696655,0.08399999886751175,=NA(),20,1013.25,0,0,0,0,0,18.1400089263916,0,0,0,0,0,0,0,0,0,0,0,0,0,0
47,0,0,1,Night,,132.48468017578125,-42.484676361083984,178.118896484375,0,0,0,0,16.6199893951416,3.839900016784668,=NA(),0,64.81599426269531,1.4163999557495117,0.34380000829696655,0.08399999886751175,=NA(),20,1013.25,0,0,0,0,0,16.6199893951416,0,0,0,0,0,0,0,0,0,0,0,0,0,0
47,1,0,1,Night,,130.03436279296875,-40.034358978271484,158.87347412109375,0,0,0,0,16.670007705688477,3.630000114440918,=NA(),0,64.81599426269531,1.4163999557495117,0.34380000829696655,0.08399999886751175,=NA(),20,1013.25,0,0,0,0,0,16.670007705688477,0,0,0,0,0,0,0,0,0,0,0,0,0,0
47,2,0,1,Night,,123.97959899902344,-33.9796028137207,142.1387481689453,0,0,0,0,17.08001136779785,3.450000047683716,=NA(),0,64.81599426269531,1.4163999557495117,0.34380000829696655,0.08399999886751175,=NA(),20,1013.25,0,0,0,0,0,17.08001136779785,0,0,0,0,0,0,0,0,0,0,0,0,0,0
47,3,0,1,Night,,115.34980773925781,-25.349807739257812,128.49844360351562,0,0,0,0,16.45000648498535,3.340100049972534,=NA(),0,64.81599426269531,1.4163999557495117,0.34380000829696655,0.08399999886751175,=NA(),20,1013.25,0,0,0,0,0,16.45000648498535,0,0,0,0,0,0,0,0,0,0,0,0,0,0
47,4,0,1,Night,,105.07356262207031,-15.07356071472168,117.38075256347656,0,0,0,0,15.040002822875977,3.309999942779541,=NA(),0,64.81599426269531,1.4163999557495117,0.34380000829696655,0.08399999886751175,=NA(),20,1013.25,0,0,0,0,0,15.040002822875977,0,0,0,0,0,0,0,0,0,0,0,0,0,0
47,5,0,1,Day,,88.80155944824219,1.1984387636184692,104.59617614746094,1.6994999647140503,1.6994999647140503,0,1,13.950006484985352,4.090000152587891,=NA(),=NA(),24.660181045532227,1.4163999557495117,0.34380000829696655,0.08399999886751175,=NA(),20,1013.25,1.773586392402649,87.08527374267578,1.8650000095367432,1.7000000476837158,0.16499999165534973,14.030603408813477,5.409999847412109,5.440000057220459,5.4689741134643555,31.464258193969727,0.010863459669053555,0.010809180326759815,37.749168395996094,0.017305737361311913,0.00005900000178371556,0,0.000003999999989900971,0,-0.03000020980834961,-0.028974056243896484
47,6,0,1,Day,,81.67548370361328,8.324518203735352,99.39579010009766,153.99000549316406,135.372802734375,128.58999633789062,0.8791012167930603,16.240015029907227,5.899899959564209,=NA(),=NA(),6.615011692047119,1.4163999557495117,0.34380000829696655,0.08399999886751175,=NA(),20,1013.25,12.460208892822266,69.39070129394531,252.98001098632812,243.6400146484375,9.335000038146973,26.816247940063477,1315.5899658203125,1304.8699951171875,1301.4180908203125,39.44914245605469,2.0618622303009033,2.049762725830078,45.20402526855469,2.200913429260254,0.007761375047266483,0,0.00021106249187141657,0,10.719970703125,3.451904296875
47,7,0,1,Day,,69.52680206298828,20.473201751708984,91.02119445800781,370.489990234375,263.18426513671875,306.7900085449219,0.7103680968284607,18.7499942779541,6.590000152587891,=NA(),=NA(),2.8405418395996094,1.4163999557495117,0.34380000829696655,0.08399999886751175,=NA(),20,1013.25,37.788902282714844,31.747821807861328,649.10498046875,621.135009765625,27.969999313354492,45.319358825683594,3830.47998046875,3573.610107421875,3578.29443359375,37.56842041015625,5.953040599822998,5.873885154724121,44.67031478881836,6.297873020172119,0.021921999752521515,0,0.0006949999951757491,0,256.869873046875,-4.684326171875
47,8,0,1,Day,,57.306602478027344,32.693397521972656,81.98458099365234,598.7899780273438,328.669677734375,500.0899963378906,0.5488897562026978,21.9999942779541,5.579899787902832,=NA(),=NA(),1.8474669456481934,1.4163999557495117,0.34380000829696655,0.08399999886751175,=NA(),20,1013.25,57.050384521484375,6.739104270935059,925.5450439453125,866.2249755859375,59.31999969482422,59.977500915527344,5638.31982421875,5001.83984375,5007.70263671875,35.69652557373047,8.768033981323242,8.64731216430664,43.523826599121094,9.310785293579102,0.03192487359046936,0,0.0013216249644756317,0,636.47998046875,-5.86279296875
47,9,0,1,Day,,45.388736724853516,44.611263275146484,71.02450561523438,810.6099853515625,335.29107666015625,676.8099975585938,0.41362810134887695,24.529993057250977,4.300099849700928,=NA(),=NA(),1.4225969314575195,1.4163999557495117,0.34380000829696655,0.08399999886751175,=NA(),20,1013.25,43.788421630859375,13.38422966003418,1081.1099853515625,1023.3099975585938,57.80000305175781,69.22313690185547,6557.06005859375,5625.31005859375,5632.6591796875,34.444580078125,10.220555305480957,10.144465446472168,42.64520263671875,10.879308700561523,0.03742212429642677,0,0.001302312477491796,0,931.75,-7.34912109375
47,10,0,1,Day,,34.407257080078125,55.592742919921875,55.76172637939453,946.9000244140625,294.53936767578125,790.7000122070312,0.3110564649105072,25.8699893951416,3.340100049972534,=NA(),=NA(),1.2114849090576172,1.4163999557495117,0.34380000829696655,0.08399999886751175,=NA(),20,1013.25,29.51899528503418,18.537752151489258,1122.7449951171875,1060.18994140625,62.55500030517578,72.47313690185547,6809.330078125,5771.27001953125,5776.3330078125,34.02082824707031,10.6117525100708,10.585150718688965,42.30813217163086,11.290321350097656,0.03881856054067612,0,0.0014204999897629023,0,1038.06005859375,-5.06298828125
47,11,0,1,Day,,25.845436096191406,64.1545639038086,31.723155975341797,1005.7999877929688,250.00238037109375,839.7999877929688,0.24856072664260864,27.5200138092041,2.809999942779541,=NA(),=NA(),1.110824465751648,1.4163999557495117,0.34380000829696655,0.08399999886751175,=NA(),20,1013.25,14.28961181640625,21.765840530395508,1107.9949951171875,1034.764892578125,73.2300033569336,73.6318588256836,6679.47998046875,5635.85009765625,5640.244140625,33.87911605834961,10.405088424682617,10.386844635009766,42.11974334716797,11.081218719482422,0.03782099857926369,0,0.0016379375010728836,0,1043.6298828125,-4.39404296875
47,12,0,1,Day,,22.78687286376953,67.21312713623047,356.3959045410156,1091.300048828125,251.21746826171875,911.2000122070312,0.23020018637180328,27.8900089263916,2.509999990463257,=NA(),=NA(),1.0843952894210815,1.4163999557495117,0.34380000829696655,0.08399999886751175,=NA(),20,1013.25,-1.5126984119415283,22.73927879333496,1172.7900390625,1091.635009765625,81.14500427246094,76.8075180053711,7069.18017578125,5893.419921875,5897.88525390625,33.44356918334961,11.022083282470703,11.001702308654785,41.83284378051758,11.750922203063965,0.03996343910694122,0,0.0018413125071674585,0,1175.76025390625,-4.46533203125
47,13,0,1,Day,,27.19448471069336,62.80551528930664,322.8033142089844,1067.800048828125,274.7572021484375,891.5999755859375,0.25731146335601807,28.07000160217285,2.3299999237060547,=NA(),=NA(),1.123927116394043,1.4163999557495117,0.34380000829696655,0.08399999886751175,=NA(),20,1013.25,-17.256071090698242,21.348512649536133,1188.179931640625,1111.945068359375,76.24000549316406,77.6987533569336,7157.93994140625,5947.06982421875,5951.48486328125,33.32283020019531,11.162550926208496,11.14665699005127,41.74553680419922,11.89757251739502,0.040624313056468964,0,0.0017162499716505408,0,1210.8701171875,-4.4150390625
47,14,0,1,Day,,36.418521881103516,53.581478118896484,300.8981628417969,899.510009765625,295.2513122558594,750.9099731445312,0.3282357156276703,28.92998695373535,2.2399001121520996,=NA(),=NA(),1.2420331239700317,1.4163999557495117,0.34380000829696655,0.08399999886751175,=NA(),20,1013.25,-32.336280822753906,17.7498836517334,1087.239990234375,1028.389892578125,58.849998474121094,74.06438446044922,6601.0400390625,5560.169921875,5566.958984375,33.81049346923828,10.290739059448242,10.253873825073242,42.03950119018555,10.973328590393066,0.037645626813173294,0,0.0013424999779090285,0,1040.8701171875,-6.7890625
47,15,0,1,Day,,47.665775299072266,42.334224700927734,286.7505187988281,266.79998779296875,259.3899841308594,11.003000259399414,0.9722263813018799,28.719995498657227,2.259999990463257,=NA(),=NA(),1.4833005666732788,1.4163999557495117,0.34380000829696655,0.08399999886751175,=NA(),20,1013.25,-46.42693328857422,12.301116943359375,279.905029296875,233.97000122070312,45.93499755859375,40.40563201904297,1541.9000244140625,1458.5599365234375,1448.8251953125,37.83169174194336,2.3931171894073486,2.2712745666503906,43.64591979980469,2.5782368183135986,0.008327937684953213,0,0.0009651249856688082,0,83.340087890625,9.7347412109375
47,16,0,1,Day,,59.68928146362305,30.310718536376953,276.3091125488281,222.11000061035156,215.0902862548828,13.909000396728516,0.9683953523635864,28.459985733032227,2.079900026321411,=NA(),=NA(),1.976381540298462,1.4163999557495117,0.34380000829696655,0.08399999886751175,=NA(),20,1013.25,-59.53740692138672,5.443840980529785,242.16000366210938,192.80499267578125,49.355003356933594,38.584373474121094,1328.8699951171875,1264.5599365234375,1251.969482421875,38.05937957763672,2.0555577278137207,1.9312323331832886,43.623626708984375,2.228130578994751,0.007027375046163797,0,0.0010200624819844961,0,64.31005859375,12.5904541015625
47,17,0,1,Day,,71.93871307373047,18.0612850189209,267.49163818359375,114.19999694824219,113.0847396850586,3.5971999168395996,0.9902341961860657,28.350000381469727,1.7401000261306763,=NA(),=NA(),3.1977639198303223,1.4163999557495117,0.34380000829696655,0.08399999886751175,=NA(),20,1013.25,-30.897228240966797,41.0822868347168,130.3350067138672,115.9749984741211,14.360000610351562,33.754356384277344,712.8599853515625,689.22998046875,688.2726440429688,37.47732162475586,1.1477665901184082,1.1110652685165405,43.18611526489258,1.2258051633834839,0.004121124744415283,0,0.00029893749160692096,0,23.6300048828125,0.95733642578125
47,18,0,1,Day,,84.04512786865234,5.954873085021973,259.1584777832031,8.204500198364258,8.204240798950195,0.0024999999441206455,0.999968409538269,26.07000160217285,2.9400999546051025,=NA(),=NA(),8.901165008544922,1.4163999557495117,0.34380000829696655,0.08399999886751175,=NA(),20,1013.25,-8.815743446350098,75.39053344726562,8.949999809265137,8.129999160766602,0.8250000476837158,26.454980850219727,39.7400016784668,39.43000030517578,39.36455154418945,33.87386703491211,0.0726306289434433,0.07201094180345535,39.27249526977539,0.08345877379179001,0.0002831250021699816,0,0.000018562499462859705,0,0.3100013732910156,0.06544876098632812
47,19,0,1,Night,Sun below height limit of 1 degrees.,89.8470458984375,0.15295472741127014,254.7798309326172,0,0,0,0,23.659997940063477,4.920100212097168,=NA(),0,35.7353401184082,1.4163999557495117,0.34380000829696655,0.08399999886751175,=NA(),20,1013.25,0,0,0,0,0,23.659997940063477,0,0,0,0,0,0,0,0,0,0,0,0,0,0
47,20,0,1,Night,,107.28125,-17.281253814697266,240.83616638183594,0,0,0,0,22.6199893951416,6.110000133514404,=NA(),0,64.81599426269531,1.4163999557495117,0.34380000829696655,0.08399999886751175,=NA(),20,1013.25,0,0,0,0,0,22.6199893951416,0,0,0,0,0,0,0,0,0,0,0,0,0,0
47,21,0,1,Night,,117.34754943847656,-27.347551345825195,229.31117248535156,0,0,0,0,21.8699893951416,6.670100212097168,=NA(),0,64.81599426269531,1.4163999557495117,0.34380000829696655,0.08399999886751175,=NA(),20,1013.25,0,0,0,0,0,21.8699893951416,0,0,0,0,0,0,0,0,0,0,0,0,0,0
47,22,0,1,Night,,125.61939239501953,-35.61939239501953,215.08993530273438,0,0,0,0,20.730005264282227,6.689899921417236,=NA(),0,64.81599426269531,1.4163999557495117,0.34380000829696655,0.08399999886751175,=NA(),20,1013.25,0,0,0,0,0,20.730005264282227,0,0,0,0,0,0,0,0,0,0,0,0,0,0
47,23,0,1,Night,,131.1171112060547,-41.117103576660156,197.71450805664062,0,0,0,0,19.600000381469727,6.349999904632568,=NA(),0,64.81599426269531,1.4163999557495117,0.34380000829696655,0.08399999886751175,=NA(),20,1013.25,0,0,0,0,0,19.600000381469727,0,0,0,0,0,0,0,0,0,0,0,0,0,0
48,0,0,1,Night,,132.8310546875,-42.83106231689453,178.08595275878906,0,0,0,0,19.07000160217285,5.659900188446045,=NA(),0,64.81599426269531,1.4163999557495117,0.34380000829696655,0.08399999886751175,=NA(),20,1013.25,0,0,0,0,0,19.07000160217285,0,0,0,0,0,0,0,0,0,0,0,0,0,0
48,1,0,1,Night,,130.36065673828125,-40.36066436767578,158.71728515625,0,0,0,0,18.209985733032227,5.230000019073486,=NA(),0,64.81599426269531,1.4163999557495117,0.34380000829696655,0.08399999886751175,=NA(),20,1013.25,0,0,0,0,0,18.209985733032227,0,0,0,0,0,0,0,0,0,0,0,0,0,0
48,2,0,1,Night,,124.26942443847656,-34.2694206237793,141.90699768066406,0,0,0,0,18.100000381469727,5.150000095367432,=NA(),0,64.81599426269531,1.4163999557495117,0.34380000829696655,0.08399999886751175,=NA(),20,1013.25,0,0,0,0,0,18.100000381469727,0,0,0,0,0,0,0,0,0,0,0,0,0,0
48,3,0,1,Night,,115.60157775878906,-25.601577758789062,128.23301696777344,0,0,0,0,17.9999942779541,5.130000114440918,=NA(),0,64.81599426269531,1.4163999557495117,0.34380000829696655,0.08399999886751175,=NA(),20,1013.25,0,0,0,0,0,17.9999942779541,0,0,0,0,0,0,0,0,0,0,0,0,0,0
48,4,0,1,Night,,105.29313659667969,-15.293137550354004,117.10194396972656,0,0,0,0,17.7499942779541,5.28000020980835,=NA(),0,64.81599426269531,1.4163999557495117,0.34380000829696655,0.08399999886751175,=NA(),20,1013.25,0,0,0,0,0,17.7499942779541,0,0,0,0,0,0,0,0,0,0,0,0,0,0
48,5,0,1,Day,,88.8915023803711,1.1084964275360107,104.23572540283203,1.3087999820709229,1.3085697889328003,0.011900000274181366,0.9998241066932678,17.4999942779541,5.940000057220459,=NA(),=NA(),25.38979721069336,1.4163999557495117,0.34380000829696655,0.08399999886751175,=NA(),20,1013.25,1.6376781463623047,87.30415344238281,1.440000057220459,1.309999942779541,0.12999999523162842,17.57000160217285,3.5199999809265137,3.5199999809265137,3.5200581550598145,29.23114585876465,0.0075263394974172115,0.007496406324207783,36.36127471923828,0.01334991492331028,0.00004600000102072954,0,0.000003000000106112566,0,0,-0.00005817413330078125
48,6,0,1,Day,,81.85755157470703,8.142447471618652,99.09635925292969,88.2959976196289,84.93925476074219,23.700000762939453,0.9619830846786499,18.980005264282227,6.370100021362305,=NA(),=NA(),6.749356269836426,1.4163999557495117,0.34380000829696655,0.08399999886751175,=NA(),20,1013.25,12.159631729125977,69.85803985595703,123.29000091552734,116.27999877929688,7.010000228881836,24.12749671936035,634.75,635.4500122070312,634.6093139648438,38.76273727416992,1.0232261419296265,1.015681266784668,44.326358795166016,1.0923588275909424,0.0038002498913556337,0,0.00015643749793525785,0,-0.70001220703125,0.8406982421875
48,7,0,1,Day,,69.70409393310547,20.2959041595459,90.70114135742188,385.69000244140625,273.96710205078125,322.0899963378906,0.7103297710418701,21.08001136779785,6.099999904632568,=NA(),=NA(),2.8639211654663086,1.4163999557495117,0.34380000829696655,0.08399999886751175,=NA(),20,1013.25,37.201011657714844,32.50761413574219,681,652.780029296875,28.21500015258789,49.021873474121094,4027.669921875,3710.1201171875,3714.49365234375,37.093589782714844,6.258734703063965,6.177078723907471,44.28396224975586,6.624588966369629,0.02306699939072132,0,0.0007013124995864928,0,317.5498046875,-4.37353515625
48,8,0,1,Day,,57.48841857910156,32.51158142089844,81.63152313232422,588.9099731445312,324.5230712890625,491.9100036621094,0.5510571599006653,22.980005264282227,5.309999942779541,=NA(),=NA(),1.8566005229949951,1.4163999557495117,0.34380000829696655,0.08399999886751175,=NA(),20,1013.25,57.209808349609375,7.04970121383667,911.9749755859375,853.1599731445312,58.814998626708984,60.43999481201172,5557.6201171875,4921.68994140625,4926.37060546875,35.64311981201172,8.63855266571045,8.51539421081543,43.435577392578125,9.169082641601562,0.03146068751811981,0,0.0013070000568404794,0,635.93017578125,-4.6806640625
48,9,0,1,Day,,45.589378356933594,44.410621643066406,70.62456512451172,700.7100219726562,316.5851135253906,548.9099731445312,0.4518061876296997,23.969995498657227,4.469900131225586,=NA(),=NA(),1.4276565313339233,1.4163999557495117,0.34380000829696655,0.08399999886751175,=NA(),20,1013.25,43.91944122314453,13.708840370178223,930.3099975585938,878.4949951171875,51.80999755859375,62.24437713623047,5638.33984375,4960.7998046875,4967.10546875,35.38996505737305,8.772134780883789,8.701142311096191,43.232574462890625,9.31878662109375,0.03208412602543831,0,0.0011621875455603004,0,677.5400390625,-6.3056640625
48,10,0,1,Day,,34.64837646484375,55.35162353515625,55.316932678222656,912.1099853515625,285.3197021484375,761.9099731445312,0.31281283497810364,24.990015029907227,3.7100000381469727,=NA(),=NA(),1.214989423751831,1.4163999557495117,0.34380000829696655,0.08399999886751175,=NA(),20,1013.25,29.609594345092773,18.875886917114258,1082.445068359375,1022.3599853515625,60.08000183105469,69.80562591552734,6568.7900390625,5623.10986328125,5629.15234375,34.37507629394531,10.234795570373535,10.210599899291992,42.5745849609375,10.888360977172852,0.037429001182317734,0,0.0013654375215992332,0,945.68017578125,-6.04248046875
48,11,0,1,Day,,26.15185546875,63.84814453125,31.34207534790039,1012.0999755859375,253.5047149658203,845.1099853515625,0.2504739761352539,26.3699893951416,3.299999952316284,=NA(),=NA(),1.1137197017669678,1.4163999557495117,0.34380000829696655,0.08399999886751175,=NA(),20,1013.25,14.327127456665039,22.11309242248535,1115.0250244140625,1041.27490234375,73.75,72.7249984741211,6720.56005859375,5690.259765625,5695.533203125,33.99153137207031,10.472335815429688,10.455827713012695,42.248470306396484,11.155677795410156,0.038056373596191406,0,0.001649125013500452,0,1030.30029296875,-5.2734375
48,12,0,1,Day,,23.135995864868164,66.86400604248047,356.4017639160156,1094.800048828125,254.12474060058594,914.2000122070312,0.23211976885795593,26.67998695373535,3.1898999214172363,=NA(),=NA(),1.0871928930282593,1.4163999557495117,0.34380000829696655,0.08399999886751175,=NA(),20,1013.25,-1.5360747575759888,23.087743759155273,1176.60498046875,1095.1500244140625,81.45999908447266,75.7712631225586,7091.91015625,5936.18017578125,5938.6015625,33.590599060058594,11.04959774017334,11.024611473083496,41.97222900390625,11.761568069458008,0.040093813091516495,0,0.0018483124440535903,0,1155.72998046875,-2.42138671875
48,13,0,1,Day,,27.503942489624023,62.49605941772461,323.1557312011719,598.8900146484375,435.87213134765625,183.7899932861328,0.7277999520301819,26.469995498657227,3.090100049972534,=NA(),=NA(),1.1270649433135986,1.4163999557495117,0.34380000829696655,0.08399999886751175,=NA(),20,1013.25,-17.33869743347168,21.689197540283203,657.5350341796875,606.1099853515625,51.43000030517578,53.563743591308594,3890.760009765625,3526.2900390625,3529.130126953125,36.476593017578125,6.046921730041504,6.0119218826293945,43.627315521240234,6.416683673858643,0.021834874525666237,0,0.001133687561377883,0,364.469970703125,-2.840087890625
48,14,0,1,Day,,36.67347717285156,53.32652282714844,301.29931640625,857.6099853515625,288.3053283691406,709.8099975585938,0.33617299795150757,27.029993057250977,2.9300999641418457,=NA(),=NA(),1.2461262941360474,1.4163999557495117,0.34380000829696655,0.08399999886751175,=NA(),20,1013.25,-32.467926025390625,18.07602882385254,1037.35498046875,981.1600341796875,56.20000076293945,69.96062469482422,6302.419921875,5391.02978515625,5397.5,34.36077880859375,9.817694664001465,9.782541275024414,42.46889114379883,10.45517349243164,0.035919688642024994,0,0.0012802500277757645,0,911.39013671875,-6.47021484375
48,15,0,1,Day,,47.887908935546875,42.112091064453125,287.1148986816406,660.7000122070312,322.4578552246094,504.3999938964844,0.48805487155914307,27.399988174438477,2.759999990463257,=NA(),=NA(),1.4896279573440552,1.4163999557495117,0.34380000829696655,0.08399999886751175,=NA(),20,1013.25,-46.59440994262695,12.609999656677246,897.5350341796875,845.2149658203125,52.31500244140625,64.41875457763672,5419.10009765625,4729.06005859375,4734.7265625,35.103214263916016,8.430074691772461,8.34622573852539,42.87312316894531,8.95870590209961,0.030782874673604965,0,0.001164749963209033,0,690.0400390625,-5.66650390625
48,16,0,1,Day,,59.89670944213867,30.103288650512695,276.63470458984375,437.3999938964844,303.0821228027344,267.79998779296875,0.69291752576828,27.33001136779785,2.469899892807007,=NA(),=NA(),1.988623023033142,1.4163999557495117,0.34380000829696655,0.08399999886751175,=NA(),20,1013.25,-59.72937774658203,5.736598014831543,658.4749755859375,600.4300537109375,58.04499816894531,54.36437225341797,3966.340087890625,3584.659912109375,3587.06787109375,36.38739013671875,6.16139554977417,6.028975486755371,43.55971908569336,6.538853168487549,0.022177625447511673,0,0.0012318750377744436,0,381.68017578125,-2.407958984375
48,17,0,1,Day,,72.1434555053711,17.856542587280273,267.7892761230469,216.6999969482422,193.27493286132812,76.39399719238281,0.8919009566307068,26.6299991607666,2.399899959564209,=NA(),=NA(),3.232492446899414,1.4163999557495117,0.34380000829696655,0.08399999886751175,=NA(),20,1013.25,-30.376501083374023,41.797760009765625,324.66497802734375,305.135009765625,19.53499984741211,39.915611267089844,1897.22998046875,1799.3099365234375,1800.9417724609375,37.74561309814453,2.982048988342285,2.9320898056030273,44.08940505981445,3.1586453914642334,0.010943999513983727,0,0.00041874998714774847,0,97.9200439453125,-1.6318359375
48,18,0,1,Day,,84.25305938720703,5.746943950653076,259.4378967285156,16.194000244140625,16.174333572387695,0.1964000016450882,0.9987855553627014,24.469995498657227,4.03000020980835,=NA(),=NA(),9.175566673278809,1.4163999557495117,0.34380000829696655,0.08399999886751175,=NA(),20,1013.25,-8.490508079528809,75.90962982177734,17.700000762939453,16.080001831054688,1.6200000047683716,25.220605850219727,84.6300048828125,84.4000015258789,84.26756286621094,35.39718246459961,0.14878958463668823,0.14689305424690247,40.750946044921875,0.1649802029132843,0.0005593749810941517,0,0.00003643750096671283,0,0.23000335693359375,0.13243865966796875
48,19,0,1,Night,Sun below height limit of 1 degrees.,89.93529510498047,0.064702607691288,255.13409423828125,0,0,0,0,22.350000381469727,5.380000114440918,=NA(),0,36.98052215576172,1.4163999557495117,0.34380000829696655,0.08399999886751175,=NA(),20,1013.25,0,0,0,0,0,22.350000381469727,0,0,0,0,0,0,0,0,0,0,0,0,0,0
48,20,0,1,Night,,107.53174591064453,-17.531749725341797,241.09228515625,0,0,0,0,21.70000648498535,6.900000095367432,=NA(),0,64.81599426269531,1.4163999557495117,0.34380000829696655,0.08399999886751175,=NA(),20,1013.25,0,0,0,0,0,21.70000648498535,0,0,0,0,0,0,0,0,0,0,0,0,0,0
48,21,0,1,Night,,117.6285400390625,-27.6285400390625,229.54705810546875,0,0,0,0,20.4999942779541,7.199999809265137,=NA(),0,64.81599426269531,1.4163999557495117,0.34380000829696655,0.08399999886751175,=NA(),20,1013.25,0,0,0,0,0,20.4999942779541,0,0,0,0,0,0,0,0,0,0,0,0,0,0
48,22,0,1,Night,,125.93440246582031,-35.93439865112305,215.2793426513672,0,0,0,0,19.610010147094727,7.099899768829346,=NA(),0,64.81599426269531,1.4163999557495117,0.34380000829696655,0.08399999886751175,=NA(),20,1013.25,0,0,0,0,0,19.610010147094727,0,0,0,0,0,0,0,0,0,0,0,0,0,0
48,23,0,1,Night,,131.46014404296875,-41.460147857666016,197.8110809326172,0,0,0,0,18.800012588500977,6.549900054931641,=NA(),0,64.81599426269531,1.4163999557495117,0.34380000829696655,0.08399999886751175,=NA(),20,1013.25,0,0,0,0,0,18.800012588500977,0,0,0,0,0,0,0,0,0,0,0,0,0,0
49,0,0,1,Night,,133.18080139160156,-43.18080520629883,178.04843139648438,0,0,0,0,17.70000648498535,5.979899883270264,=NA(),0,64.81599426269531,1.4163999557495117,0.34380000829696655,0.08399999886751175,=NA(),20,1013.25,0,0,0,0,0,17.70000648498535,0,0,0,0,0,0,0,0,0,0,0,0,0,0
49,1,0,1,Night,,130.68910217285156,-40.68909454345703,158.5545654296875,0,0,0,0,16.740015029907227,5.380000114440918,=NA(),0,64.81599426269531,1.4163999557495117,0.34380000829696655,0.08399999886751175,=NA(),20,1013.25,0,0,0,0,0,16.740015029907227,0,0,0,0,0,0,0,0,0,0,0,0,0,0
49,2,0,1,Night,,124.56038665771484,-34.560386657714844,141.66851806640625,0,0,0,0,14.439996719360352,4.880000114440918,=NA(),0,64.81599426269531,1.4163999557495117,0.34380000829696655,0.08399999886751175,=NA(),20,1013.25,0,0,0,0,0,14.439996719360352,0,0,0,0,0,0,0,0,0,0,0,0,0,0
49,3,0,1,Night,,115.85413360595703,-25.8541316986084,127.96165466308594,0,0,0,0,12.820001602172852,4.380099773406982,=NA(),0,64.81599426269531,1.4163999557495117,0.34380000829696655,0.08399999886751175,=NA(),20,1013.25,0,0,0,0,0,12.820001602172852,0,0,0,0,0,0,0,0,0,0,0,0,0,0
49,4,0,1,Night,,105.51399230957031,-15.513996124267578,116.81803894042969,0,0,0,0,11.929986953735352,4.079899787902832,=NA(),0,64.81599426269531,1.4163999557495117,0.34380000829696655,0.08399999886751175,=NA(),20,1013.25,0,0,0,0,0,11.929986953735352,0,0,0,0,0,0,0,0,0,0,0,0,0,0
49,5,0,1,Night,Sun above horizon but GHI below 1,88.96691131591797,1.0330861806869507,103.87084197998047,0.7031999826431274,0.7031116485595703,0,0.9998743534088135,11.100000381469727,4.779900074005127,=NA(),0,26.028654098510742,1.4163999557495117,0.34380000829696655,0.08399999886751175,=NA(),20,1013.25,0,0,0,0,0,11.100000381469727,0,0,0,0,0,0,0,0,0,0,0,0,0,0
49,6,0,1,Day,,82.03675842285156,7.963242530822754,98.7928695678711,142.99000549316406,126.56079864501953,118.58999633789062,0.885102391242981,15.330011367797852,7.110000133514404,=NA(),=NA(),6.886867523193359,1.4163999557495117,0.34380000829696655,0.08399999886751175,=NA(),20,1013.25,11.865605354309082,70.31684875488281,232.54998779296875,223.73500061035156,8.809999465942383,25.08001136779785,1185.1700439453125,1182.489990234375,1179.079345703125,39.57718276977539,1.8619942665100098,1.853107213973999,45.25920486450195,1.9892840385437012,0.007009250111877918,0,0.0001993750047404319,0,2.6800537109375,3.41064453125
49,7,0,1,Day,,69.88060760498047,20.1193904876709,90.37726593017578,371.70001220703125,265.0291442871094,310.1099853515625,0.7130189538002014,19.18999671936035,8.289899826049805,=NA(),=NA(),2.887606143951416,1.4163999557495117,0.34380000829696655,0.08399999886751175,=NA(),20,1013.25,36.63240051269531,33.249481201171875,652.8599853515625,625.5899658203125,27.270000457763672,45.912498474121094,3861.64990234375,3595.449951171875,3600.29052734375,37.49068832397461,6.002050399780273,5.9238739013671875,44.60873794555664,6.351154327392578,0.022124063223600388,0,0.00067468750057742,0,266.199951171875,-4.840576171875
49,8,0,1,Day,,57.670387268066406,32.329612731933594,81.27482604980469,597.5,330.6936950683594,498.8999938964844,0.5534622669219971,21.92998695373535,8.059900283813477,=NA(),=NA(),1.8658510446548462,1.4163999557495117,0.34380000829696655,0.08399999886751175,=NA(),20,1013.25,57.36825942993164,7.36444616317749,927.7099609375,867.72998046875,59.980003356933594,60.001243591308594,5653.41015625,5014.81005859375,5020.412109375,35.695308685302734,8.790589332580566,8.666386604309082,43.52605438232422,9.332784652709961,0.0320054367184639,0,0.0013302499428391457,0,638.60009765625,-5.60205078125
49,9,0,1,Day,,45.791019439697266,44.208980560302734,70.22135162353516,792.4000244140625,331.081298828125,661.5999755859375,0.41782090067863464,23.300012588500977,7.550099849700928,=NA(),=NA(),1.4327956438064575,1.4163999557495117,0.34380000829696655,0.08399999886751175,=NA(),20,1013.25,44.04936981201172,14.03747272491455,1059.215087890625,1002.35498046875,56.849998474121094,67.02999114990234,6420.0498046875,5552.66015625,5559.44873046875,34.7416877746582,10.001441955566406,9.924922943115234,42.88267135620117,10.635848045349121,0.0366237498819828,0,0.0012796875089406967,0,867.3896484375,-6.78857421875
49,10,0,1,Day,,34.89142990112305,55.10857009887695,54.869998931884766,947.7000122070312,298.6461181640625,791.2999877929688,0.31512728333473206,25.33001136779785,7.119999885559082,=NA(),=NA(),1.2185643911361694,1.4163999557495117,0.34380000829696655,0.08399999886751175,=NA(),20,1013.25,29.698579788208008,19.217878341674805,1124.324951171875,1061.4849853515625,62.845001220703125,71.9443588256836,6815.1298828125,5787.77001953125,5794.72314453125,34.077972412109375,10.627689361572266,10.59885025024414,42.37736129760742,11.322028160095215,0.038846876472234726,0,0.0014273124979808927,0,1027.35986328125,-6.953125
49,11,0,1,Day,,26.460844039916992,63.539154052734375,30.96019172668457,1040.9000244140625,262.7582092285156,869.2000122070312,0.2524336576461792,25.800012588500977,6.809999942779541,=NA(),=NA(),1.1166869401931763,1.4163999557495117,0.34380000829696655,0.08399999886751175,=NA(),20,1013.25,14.36217212677002,22.463897705078125,1146.794921875,1070.8299560546875,75.96499633789062,73.51811981201172,6907.509765625,5831.48974609375,5836.8701171875,33.87769317626953,10.768275260925293,10.753145217895508,42.20447540283203,11.472877502441406,0.039131876081228256,0,0.0016983749810606241,0,1076.02001953125,-5.38037109375
49,12,0,1,Day,,23.488441467285156,66.51155853271484,356.4004821777344,835.489990234375,320.6164855957031,561.3900146484375,0.3837466537952423,26.45000648498535,6.469900131225586,=NA(),=NA(),1.0900728702545166,1.4163999557495117,0.34380000829696655,0.08399999886751175,=NA(),20,1013.25,-1.562839150428772,23.4393310546875,899.4849853515625,835.719970703125,63.76499938964844,63.64061737060547,5414.02001953125,4738.26025390625,4741.31884765625,35.22605895996094,8.412309646606445,8.394844055175781,42.97132110595703,8.932670593261719,0.030470186844468117,0,0.0014474374474957585,0,675.759765625,-3.05859375
49,13,0,1,Day,,27.818510055541992,62.18149185180664,323.4988098144531,1018.4000244140625,266.280517578125,850.4000244140625,0.2614694833755493,26.490015029907227,6.159999847412109,=NA(),=NA(),1.1303062438964844,1.4163999557495117,0.34380000829696655,0.08399999886751175,=NA(),20,1013.25,-17.425457000732422,22.032468795776367,1133.9100341796875,1061.2900390625,72.6199951171875,73.66875457763672,6837.419921875,5768.81005859375,5774.2509765625,33.86129379272461,10.657910346984863,10.645002365112305,42.16415023803711,11.356402397155762,0.038773249834775925,0,0.0016349374782294035,0,1068.60986328125,-5.44091796875
49,14,0,1,Day,,36.93416213989258,53.06583786010742,301.6959533691406,948.5999755859375,315.4534606933594,792.0999755859375,0.3325463533401489,27.480005264282227,6.019999980926514,=NA(),=NA(),1.2503650188446045,1.4163999557495117,0.34380000829696655,0.08399999886751175,=NA(),20,1013.25,-32.60414505004883,18.404178619384766,1146.739990234375,1083.8349609375,62.894996643066406,75.15123748779297,6952.5302734375,5833,5839.4443359375,33.655147552490234,10.844264030456543,10.802755355834961,42.00951385498047,11.567220687866211,0.0396723747253418,0,0.0014287499943748116,0,1119.5302734375,-6.4443359375
49,15,0,1,Day,,48.11551284790039,41.88448715209961,287.4776611328125,694.7100219726562,317.95916748046875,564.3099975585938,0.4576861560344696,27.6199893951416,5.949999809265137,=NA(),=NA(),1.4961906671524048,1.4163999557495117,0.34380000829696655,0.08399999886751175,=NA(),20,1013.25,-46.76649475097656,12.920351028442383,952.1599731445312,899.0150146484375,53.14500045776367,66.9443588256836,5759.06982421875,4980.27001953125,4986.52099609375,34.76749801635742,8.964111328125,8.88279914855957,42.6712760925293,9.534140586853027,0.03277506306767464,0,0.0011879374505952,0,778.7998046875,-6.2509765625
49,16,0,1,Day,,60.109214782714844,29.890785217285156,276.9600524902344,458.5,302.4671630859375,313.1000061035156,0.6596884727478027,27.339990615844727,5.389999866485596,=NA(),=NA(),2.0013489723205566,1.4163999557495117,0.34380000829696655,0.08399999886751175,=NA(),20,1013.25,-59.92578125,6.030497074127197,704.2900390625,645.675048828125,58.61499786376953,56.248130798339844,4258,3823.590087890625,3827.0322265625,36.152992248535156,6.616196155548096,6.484340667724609,43.452110290527344,7.023989677429199,0.023870499804615974,0,0.0012441874714568257,0,434.409912109375,-3.442138671875
49,17,0,1,Day,,72.35311126708984,17.646888732910156,268.0872802734375,213.80999755859375,191.07164001464844,75.00700378417969,0.89365154504776,26.860010147094727,3.8901000022888184,=NA(),=NA(),3.2688779830932617,1.4163999557495117,0.34380000829696655,0.08399999886751175,=NA(),20,1013.25,-29.85449981689453,42.521018981933594,320.0350036621094,300.9049987792969,19.135000228881836,39.96062469482422,1867,1770.22998046875,1771.8184814453125,37.72254943847656,2.9356186389923096,2.886943817138672,44.05417251586914,3.1097159385681152,0.010774750262498856,0,0.00041181250708177686,0,96.77001953125,-1.5885009765625
49,18,0,1,Day,,84.43968963623047,5.56030797958374,259.7366943359375,16.70199966430664,16.68208885192871,0.20550000667572021,0.9988079071044922,25.040002822875977,4.989999771118164,=NA(),=NA(),9.435896873474121,1.4163999557495117,0.34380000829696655,0.08399999886751175,=NA(),20,1013.25,-8.198898315429688,76.3747329711914,18.260000228881836,16.594999313354492,1.6700000762939453,25.814355850219727,87.59000396728516,87.1199951171875,87.07749938964844,35.33631134033203,0.15401563048362732,0.15266147255897522,40.72027587890625,0.17019645869731903,0.0005773750017397106,0,0.000037500001781154424,0,0.47000885009765625,0.0424957275390625
49,19,0,1,Night,,96.5601806640625,-6.560180187225342,251.0523681640625,0,0,0,0,23.600000381469727,6.349999904632568,=NA(),0,64.81599426269531,1.4163999557495117,0.34380000829696655,0.08399999886751175,=NA(),20,1013.25,0,0,0,0,0,23.600000381469727,0,0,0,0,0,0,0,0,0,0,0,0,0,0
49,20,0,1,Night,,107.78585815429688,-17.785858154296875,241.3494415283203,0,0,0,0,22.719995498657227,6.689899921417236,=NA(),0,64.81599426269531,1.4163999557495117,0.34380000829696655,0.08399999886751175,=NA(),20,1013.25,0,0,0,0,0,22.719995498657227,0,0,0,0,0,0,0,0,0,0,0,0,0,0
49,21,0,1,Night,,117.91309356689453,-27.91309356689453,229.7838134765625,0,0,0,0,21.790002822875977,6.7600998878479,=NA(),0,64.81599426269531,1.4163999557495117,0.34380000829696655,0.08399999886751175,=NA(),20,1013.25,0,0,0,0,0,21.790002822875977,0,0,0,0,0,0,0,0,0,0,0,0,0,0
49,22,0,1,Night,,126.25309753417969,-36.25309753417969,215.46897888183594,0,0,0,0,20.33001136779785,6.789999961853027,=NA(),0,64.81599426269531,1.4163999557495117,0.34380000829696655,0.08399999886751175,=NA(),20,1013.25,0,0,0,0,0,20.33001136779785,0,0,0,0,0,0,0,0,0,0,0,0,0,0
49,23,0,1,Night,,131.80674743652344,-41.80675506591797,197.90594482421875,0,0,0,0,19.779993057250977,6.379899978637695,=NA(),0,64.81599426269531,1.4163999557495117,0.34380000829696655,0.08399999886751175,=NA(),20,1013.25,0,0,0,0,0,19.779993057250977,0,0,0,0,0,0,0,0,0,0,0,0,0,0
50,0,0,1,Night,,133.5333709716797,-43.53336715698242,178.00631713867188,0,0,0,0,19.20000648498535,5.960100173950195,=NA(),0,64.81599426269531,1.4163999557495117,0.34380000829696655,0.08399999886751175,=NA(),20,1013.25,0,0,0,0,0,19.20000648498535,0,0,0,0,0,0,0,0,0,0,0,0,0,0
50,1,0,1,Night,,131.01914978027344,-41.01914978027344,158.38528442382812,0,0,0,0,18.32000160217285,5.760000228881836,=NA(),0,64.81599426269531,1.4163999557495117,0.34380000829696655,0.08399999886751175,=NA(),20,1013.25,0,0,0,0,0,18.32000160217285,0,0,0,0,0,0,0,0,0,0,0,0,0,0
50,2,0,1,Night,,124.85144805908203,-34.85144805908203,141.42340087890625,0,0,0,0,17.43999671936035,5.929999828338623,=NA(),0,64.81599426269531,1.4163999557495117,0.34380000829696655,0.08399999886751175,=NA(),20,1013.25,0,0,0,0,0,17.43999671936035,0,0,0,0,0,0,0,0,0,0,0,0,0,0
50,3,0,1,Night,,116.10538482666016,-26.10538673400879,127.68443298339844,0,0,0,0,17.589990615844727,6.110000133514404,=NA(),0,64.81599426269531,1.4163999557495117,0.34380000829696655,0.08399999886751175,=NA(),20,1013.25,0,0,0,0,0,17.589990615844727,0,0,0,0,0,0,0,0,0,0,0,0,0,0
50,4,0,1,Night,,105.73213195800781,-15.732134819030762,116.52912902832031,0,0,0,0,17.399988174438477,6.019999980926514,=NA(),0,64.81599426269531,1.4163999557495117,0.34380000829696655,0.08399999886751175,=NA(),20,1013.25,0,0,0,0,0,17.399988174438477,0,0,0,0,0,0,0,0,0,0,0,0,0,0
50,5,0,1,Night,Sun below height limit of 1 degrees.,89.05509185791016,0.9449118375778198,103.49927520751953,0.19529999792575836,0.19529999792575836,0,1,16.920007705688477,6.910099983215332,=NA(),0,26.80859375,1.4163999557495117,0.34380000829696655,0.08399999886751175,=NA(),20,1013.25,0,0,0,0,0,16.920007705688477,0,0,0,0,0,0,0,0,0,0,0,0,0,0
50,6,0,1,Day,,82.2181396484375,7.781861782073975,98.48542785644531,136.89999389648438,121.6808090209961,112.4000015258789,0.8888298869132996,18.920007705688477,7.569900035858154,=NA(),=NA(),7.031713485717773,1.4163999557495117,0.34380000829696655,0.08399999886751175,=NA(),20,1013.25,11.570064544677734,70.78011322021484,224.95999145507812,216.71499633789062,8.239999771118164,28.39873695373535,1131.9100341796875,1116.469970703125,1113.0863037109375,39.04922866821289,1.7815444469451904,1.7750579118728638,44.7288932800293,1.9061577320098877,0.006709374953061342,0,0.00018706249829847366,0,15.4400634765625,3.3836669921875
50,7,0,1,Day,,70.05757904052734,19.942420959472656,90.04969787597656,360.3900146484375,258.616455078125,298.3900146484375,0.7176015973091125,21.469995498657227,7.369999885559082,=NA(),=NA(),2.9117727279663086,1.4163999557495117,0.34380000829696655,0.08399999886751175,=NA(),20,1013.25,36.07793426513672,33.97966384887695,629.905029296875,603.4100341796875,26.489999771118164,47.276878356933594,3726.619873046875,3452.800048828125,3457.712646484375,37.285072326660156,5.796142578125,5.7196831703186035,44.3638801574707,6.137517929077148,0.02135906182229519,0,0.0006521875038743019,0,273.81982421875,-4.91259765625
50,8,0,1,Day,,57.85293960571289,32.14706039428711,80.91464233398438,580.3900146484375,322.54248046875,484.5899963378906,0.5557340383529663,23.860010147094727,6.239999771118164,=NA(),=NA(),1.8752425909042358,1.4163999557495117,0.34380000829696655,0.08399999886751175,=NA(),20,1013.25,57.526161193847656,7.683248043060303,902.4449462890625,843.6300048828125,58.80999755859375,60.910606384277344,5499.4599609375,4861.64990234375,4867.5439453125,35.570640563964844,8.552786827087402,8.432194709777832,43.354217529296875,9.086349487304688,0.03112174943089485,0,0.0013013749849051237,0,637.81005859375,-5.89404296875
50,9,0,1,Day,,45.99388122558594,44.00611877441406,69.8150634765625,766.1099853515625,321.4725036621094,640.010009765625,0.4196166396141052,26.050012588500977,4.989999771118164,=NA(),=NA(),1.438020944595337,1.4163999557495117,0.34380000829696655,0.08399999886751175,=NA(),20,1013.25,44.17839813232422,14.370054244995117,1025.7149658203125,970.739990234375,54.974998474121094,68.45812225341797,6219.7998046875,5350.18017578125,5355.6611328125,34.56693649291992,9.683534622192383,9.60596752166748,42.634395599365234,10.294549942016602,0.0354689359664917,0,0.0012374374782666564,0,869.61962890625,-5.48095703125
50,10,0,1,Day,,35.136409759521484,54.863590240478516,54.421180725097656,920.510009765625,291.95294189453125,768.6099853515625,0.3171643316745758,27.339990615844727,3.869999885559082,=NA(),=NA(),1.2222113609313965,1.4163999557495117,0.34380000829696655,0.08399999886751175,=NA(),20,1013.25,29.785978317260742,19.56361961364746,1092.844970703125,1031.905029296875,60.94499969482422,72.67436981201172,6627.2001953125,5611.990234375,5618.6748046875,33.992671966552734,10.330667495727539,10.300681114196777,42.22566604614258,11.00922966003418,0.03776012361049652,0,0.00138481252361089,0,1015.2099609375,-6.6845703125
50,11,0,1,Day,,26.772415161132812,63.22758483886719,30.577804565429688,966.489990234375,247.97125244140625,804.7899780273438,0.25656887888908386,27.850000381469727,3,=NA(),=NA(),1.1197279691696167,1.4163999557495117,0.34380000829696655,0.08399999886751175,=NA(),20,1013.25,14.394796371459961,22.81818389892578,1064.965087890625,994.510009765625,70.45999908447266,72.1156234741211,6420.93017578125,5448.18994140625,5453.10009765625,34.08405303955078,9.999361991882324,9.986859321594238,42.231292724609375,10.648114204406738,0.0363328754901886,0,0.001575937494635582,0,972.740234375,-4.91015625
50,12,0,1,Day,,23.844114303588867,66.1558837890625,356.39239501953125,435,400.704345703125,37.49599838256836,0.9211593866348267,28.300012588500977,2.3499999046325684,=NA(),=NA(),1.0930366516113281,1.4163999557495117,0.34380000829696655,0.08399999886751175,=NA(),20,1013.25,-1.5929903984069824,23.793943405151367,473.635009765625,434.9649963378906,38.66999816894531,47.83000946044922,2747.2900390625,2537.340087890625,2538.706787109375,37.029605865478516,4.284928798675537,4.278110027313232,43.71939468383789,4.548165798187256,0.015429187566041946,0,0.0008806874975562096,0,209.949951171875,-1.36669921875
50,13,0,1,Day,,28.138042449951172,61.86195755004883,323.83258056640625,918.2999877929688,259.496826171875,747.0999755859375,0.28258395195007324,29.100000381469727,1.809999942779541,=NA(),=NA(),1.133652925491333,1.4163999557495117,0.34380000829696655,0.08399999886751175,=NA(),20,1013.25,-17.5163631439209,22.378210067749023,1022.5599975585938,956.9100341796875,65.6500015258789,71.58812713623047,6173.52001953125,5247.85986328125,5252.21337890625,34.163631439208984,9.608559608459473,9.595551490783691,42.21745681762695,10.229164123535156,0.03495287522673607,0,0.0014776249881833792,0,925.66015625,-4.353515625
50,14,0,1,Day,,37.20039749145508,52.79960250854492,302.0879211425781,837.510009765625,290.846435546875,686.3099975585938,0.34727516770362854,29.459985733032227,1.3698999881744385,=NA(),=NA(),1.2547507286071777,1.4163999557495117,0.34380000829696655,0.08399999886751175,=NA(),20,1013.25,-32.74485778808594,18.734188079833984,1013.8800048828125,958.5150146484375,55.36499786376953,71.47936248779297,6159.64990234375,5238.14990234375,5243.998046875,34.16754913330078,9.592428207397461,9.555814743041992,42.22654724121094,10.220486640930176,0.03508956357836723,0,0.0012580000329762697,0,921.5,-5.84814453125
50,15,0,1,Day,,48.3485221862793,41.6514778137207,287.8387145996094,699.8099975585938,318.39068603515625,573.9099731445312,0.45496731996536255,30.149988174438477,1.0099999904632568,=NA(),=NA(),1.5029938220977783,1.4163999557495117,0.34380000829696655,0.08399999886751175,=NA(),20,1013.25,-46.94314956665039,13.232131004333496,961.6300048828125,908.135009765625,53.49500274658203,69.95812225341797,5819.72998046875,4976.35009765625,4982.4462890625,34.36924743652344,9.060569763183594,8.978962898254395,42.305091857910156,9.645549774169922,0.033126939088106155,0,0.0011963124852627516,0,843.3798828125,-6.09619140625
50,16,0,1,Day,,60.32686996459961,29.673131942749023,277.28497314453125,435.79998779296875,300.89849853515625,272.5,0.69045090675354,30.18999671936035,0.7001000046730042,=NA(),=NA(),2.0145809650421143,1.4163999557495117,0.34380000829696655,0.08399999886751175,=NA(),20,1013.25,-60,6.326712131500244,661.9349975585938,603.9450073242188,57.98999786376953,57.410606384277344,3990.02001953125,3566.68994140625,3569.89697265625,35.968727111816406,6.203278541564941,6.069973945617676,43.1747932434082,6.592489719390869,0.02231968753039837,0,0.0012281249510124326,0,423.330078125,-3.20703125
50,17,0,1,Day,,72.56769561767578,17.43230628967285,268.3855285644531,206.3000030517578,186.1365509033203,67.30599975585938,0.90226149559021,29.70000648498535,0.3100999891757965,=NA(),=NA(),3.3070127964019775,1.4163999557495117,0.34380000829696655,0.08399999886751175,=NA(),20,1013.25,-29.33123016357422,43.251983642578125,305.8699951171875,287.29498291015625,18.579999923706055,42.256858825683594,1778.1600341796875,1672.010009765625,1673.320068359375,37.35089874267578,2.80000901222229,2.752617120742798,43.65827560424805,2.968580484390259,0.010267999954521656,0,0.0004011249984614551,0,106.1500244140625,-1.31005859375
50,18,0,1,Day,,84.54228973388672,5.457708358764648,260.0992431640625,12.600000381469727,12.59040355682373,0.10090000182390213,0.9992383718490601,27.469995498657227,0.4099000096321106,=NA(),=NA(),9.585039138793945,1.4163999557495117,0.34380000829696655,0.08399999886751175,=NA(),20,1013.25,-8.034286499023438,76.63006591796875,13.770000457763672,12.514999389648438,1.2549999952316284,28.055627822875977,64.30000305175781,63.380001068115234,63.32377624511719,34.45610809326172,0.1148630902171135,0.11393479257822037,39.85292053222656,0.128482386469841,0.0004354999982751906,0,0.00002849999873433262,0,0.9200019836425781,0.056224822998046875
50,19,0,1,Night,,96.80054473876953,-6.800544738769531,251.321533203125,0,0,0,0,24.1199893951416,0.8299999833106995,=NA(),0,64.81599426269531,1.4163999557495117,0.34380000829696655,0.08399999886751175,=NA(),20,1013.25,0,0,0,0,0,24.1199893951416,0,0,0,0,0,0,0,0,0,0,0,0,0,0
50,20,0,1,Night,,108.0440673828125,-18.0440673828125,241.6075439453125,0,0,0,0,22.110010147094727,1.3899999856948853,=NA(),0,64.81599426269531,1.4163999557495117,0.34380000829696655,0.08399999886751175,=NA(),20,1013.25,0,0,0,0,0,22.110010147094727,0,0,0,0,0,0,0,0,0,0,0,0,0,0
50,21,0,1,Night,,118.2015380859375,-28.201541900634766,230.021484375,0,0,0,0,21.57000160217285,2.119999885559082,=NA(),0,64.81599426269531,1.4163999557495117,0.34380000829696655,0.08399999886751175,=NA(),20,1013.25,0,0,0,0,0,21.57000160217285,0,0,0,0,0,0,0,0,0,0,0,0,0,0
50,22,0,1,Night,,126.57550811767578,-36.57550811767578,215.65882873535156,0,0,0,0,21.149988174438477,2.740000009536743,=NA(),0,64.81599426269531,1.4163999557495117,0.34380000829696655,0.08399999886751175,=NA(),20,1013.25,0,0,0,0,0,21.149988174438477,0,0,0,0,0,0,0,0,0,0,0,0,0,0
50,23,0,1,Night,,132.15679931640625,-42.15679931640625,197.99913024902344,0,0,0,0,22.409997940063477,2.9300999641418457,=NA(),0,64.81599426269531,1.4163999557495117,0.34380000829696655,0.08399999886751175,=NA(),20,1013.25,0,0,0,0,0,22.409997940063477,0,0,0,0,0,0,0,0,0,0,0,0,0,0
51,0,0,1,Night,,133.8887481689453,-43.88874435424805,177.9595947265625,0,0,0,0,22.0200138092041,2.9000000953674316,=NA(),0,64.81599426269531,1.4163999557495117,0.34380000829696655,0.08399999886751175,=NA(),20,1013.25,0,0,0,0,0,22.0200138092041,0,0,0,0,0,0,0,0,0,0,0,0,0,0
51,1,0,1,Night,,131.3507537841797,-41.35075759887695,158.20944213867188,0,0,0,0,22.0200138092041,2.890000104904175,=NA(),0,64.81599426269531,1.4163999557495117,0.34380000829696655,0.08399999886751175,=NA(),20,1013.25,0,0,0,0,0,22.0200138092041,0,0,0,0,0,0,0,0,0,0,0,0,0,0
51,2,0,1,Night,,125.14298248291016,-35.14298629760742,141.17161560058594,0,0,0,0,21.20000648498535,2.9700000286102295,=NA(),0,64.81599426269531,1.4163999557495117,0.34380000829696655,0.08399999886751175,=NA(),20,1013.25,0,0,0,0,0,21.20000648498535,0,0,0,0,0,0,0,0,0,0,0,0,0,0
51,3,0,1,Night,,116.35679626464844,-26.356796264648438,127.40141296386719,0,0,0,0,19.33001136779785,3.069999933242798,=NA(),0,64.81599426269531,1.4163999557495117,0.34380000829696655,0.08399999886751175,=NA(),20,1013.25,0,0,0,0,0,19.33001136779785,0,0,0,0,0,0,0,0,0,0,0,0,0,0
51,4,0,1,Night,,105.95069885253906,-15.950700759887695,116.23531341552734,0,0,0,0,17.860010147094727,3.059999942779541,=NA(),0,64.81599426269531,1.4163999557495117,0.34380000829696655,0.08399999886751175,=NA(),20,1013.25,0,0,0,0,0,17.860010147094727,0,0,0,0,0,0,0,0,0,0,0,0,0,0
51,5,0,1,Night,Sun below height limit of 1 degrees.,89.13656616210938,0.863430380821228,103.12591552734375,0.2930000126361847,0.2930000126361847,0,1,16.6299991607666,4.079899787902832,=NA(),0,27.562602996826172,1.4163999557495117,0.34380000829696655,0.08399999886751175,=NA(),20,1013.25,0,0,0,0,0,16.6299991607666,0,0,0,0,0,0,0,0,0,0,0,0,0,0
51,6,0,1,Day,,82.39799499511719,7.602006435394287,98.17415618896484,131.19000244140625,117.1274642944336,106.30000305175781,0.8928078413009644,19.969995498657227,3.9600000381469727,=NA(),=NA(),7.181298732757568,1.4163999557495117,0.34380000829696655,0.08399999886751175,=NA(),20,1013.25,11.278809547424316,71.23841094970703,213.93499755859375,205.94000244140625,8.005000114440918,29.006250381469727,1065.949951171875,1049.1199951171875,1045.726806640625,38.89471435546875,1.6803820133209229,1.6740001440048218,44.54203796386719,1.7996364831924438,0.006327187642455101,0,0.00018149999959859997,0,16.8299560546875,3.3931884765625
51,7,0,1,Day,,70.23426818847656,19.765731811523438,89.71858978271484,357.6000061035156,257.3987121582031,296.29998779296875,0.7197950482368469,23.1400089263916,3.51990008354187,=NA(),=NA(),2.9363317489624023,1.4163999557495117,0.34380000829696655,0.08399999886751175,=NA(),20,1013.25,35.53896713256836,34.69596481323242,624.7049560546875,598.655029296875,26.049999237060547,48.75499725341797,3703.080078125,3413.159912109375,3417.96923828125,37.08180618286133,5.760924339294434,5.683793544769287,44.15966033935547,6.1020827293396,0.02123318798840046,0,0.0006403750157915056,0,289.920166015625,-4.809326171875
51,8,0,1,Day,,58.035884857177734,31.9641170501709,80.55113220214844,576.0900268554688,321.5126037597656,480.8900146484375,0.5580943822860718,26.67998695373535,2.54010009765625,=NA(),=NA(),1.8847687244415283,1.4163999557495117,0.34380000829696655,0.08399999886751175,=NA(),20,1013.25,57.68331527709961,8.005969047546387,897.5599975585938,838.760009765625,58.79999923706055,63.60436248779297,5469.43994140625,4787.52978515625,4793.5751953125,35.21105194091797,8.508837699890137,8.388778686523438,42.99667739868164,9.048916816711426,0.0309472493827343,0,0.0012983124470338225,0,681.91015625,-6.04541015625
51,9,0,1,Day,,46.197757720947266,43.802242279052734,69.40589904785156,757.9000244140625,319.7485656738281,633.010009765625,0.42188751697540283,28.850000381469727,1.7100000381469727,=NA(),=NA(),1.4433292150497437,1.4163999557495117,0.34380000829696655,0.08399999886751175,=NA(),20,1013.25,44.306339263916016,14.706411361694336,1015.7850341796875,961.2099609375,54.56999969482422,70.9175033569336,6159,5248.7900390625,5255.10302734375,34.23826217651367,9.59292984008789,9.516471862792969,42.29863357543945,10.215240478515625,0.035115811973810196,0,0.001227749977260828,0,910.2099609375,-6.31298828125
51,10,0,1,Day,,35.38328170776367,54.61671829223633,53.97074508666992,893,285.0331726074219,745.7000122070312,0.31918609142303467,30.339990615844727,1.3598999977111816,=NA(),=NA(),1.2259314060211182,1.4163999557495117,0.34380000829696655,0.08399999886751175,=NA(),20,1013.25,29.871767044067383,19.912961959838867,1060.949951171875,1001.9349975585938,59.019996643066406,74.40312957763672,6443.60009765625,5419.89013671875,5426.240234375,33.77315139770508,10.041701316833496,10.011491775512695,41.94540786743164,10.70870304107666,0.03670418635010719,0,0.0013403125340119004,0,1023.7099609375,-6.35009765625
51,11,0,1,Day,,27.08648109436035,62.91352081298828,30.1951847076416,1062,272.4639892578125,886.7999877929688,0.256557434797287,31.610010147094727,1.5198999643325806,=NA(),=NA(),1.122843861579895,1.4163999557495117,0.34380000829696655,0.08399999886751175,=NA(),20,1013.25,14.424994468688965,23.175800323486328,1170.1500244140625,1092.4749755859375,77.67500305175781,80.58812713623047,7041.7998046875,5784.35986328125,5789.0595703125,32.95023727416992,10.980683326721191,10.967002868652344,41.34080505371094,11.722423553466797,0.03990299999713898,0,0.0017364374361932278,0,1257.43994140625,-4.69970703125
51,12,0,1,Day,,24.202884674072266,65.79711151123047,356.37799072265625,654.1900024414062,432.650146484375,242.88999938964844,0.6613524556159973,31.8699893951416,1.750100016593933,=NA(),=NA(),1.096085548400879,1.4163999557495117,0.34380000829696655,0.08399999886751175,=NA(),20,1013.25,-1.6264946460723877,24.15145492553711,707.1300048828125,654.300048828125,52.834999084472656,61.11437225341797,4208.85009765625,3712.85009765625,3715.994140625,35.490623474121094,6.543971061706543,6.5336809158325195,42.79680633544922,6.957106590270996,0.023626811802387238,0,0.0012006249744445086,0,496,-3.14404296875
51,13,0,1,Day,,28.462312698364258,61.537689208984375,324.15716552734375,932.5,256.43963623046875,769.010009765625,0.27500230073928833,32.08000946044922,1.929900050163269,=NA(),=NA(),1.1371058225631714,1.4163999557495117,0.34380000829696655,0.08399999886751175,=NA(),20,1013.25,-17.611345291137695,22.72625732421875,1038.85009765625,972.35498046875,66.5,75.35250091552734,6275.080078125,5258.2099609375,5262.78076171875,33.66425704956055,9.77071475982666,9.75638198852539,41.767852783203125,10.417793273925781,0.03554093837738037,0,0.0014959374675527215,0,1016.8701171875,-4.57080078125
51,14,0,1,Day,,37.47203063964844,52.52796936035156,302.47515869140625,861.8099975585938,291.8817138671875,718.1099853515625,0.3386845290660858,32.80998992919922,2.089900016784668,=NA(),=NA(),1.2592850923538208,1.4163999557495117,0.34380000829696655,0.08399999886751175,=NA(),20,1013.25,-32.890010833740234,19.06596565246582,1045.044921875,988.344970703125,56.70500183105469,76.26561737060547,6348.58984375,5301.31982421875,5307.81982421875,33.53037643432617,9.89367389678955,9.856341361999512,41.67512512207031,10.56309700012207,0.03618643805384636,0,0.0012895625550299883,0,1047.27001953125,-6.5
51,15,0,1,Day,,48.58671569824219,41.41328430175781,288.1979064941406,598.5999755859375,336.1885681152344,396.70001220703125,0.5616247653961182,33.230003356933594,2.1698999404907227,=NA(),=NA(),1.510038137435913,1.4163999557495117,0.34380000829696655,0.08399999886751175,=NA(),20,1013.25,-47.124229431152344,13.545164108276367,797.2449951171875,743.2950439453125,53.95000076293945,66.22875213623047,4792.97021484375,4151.77978515625,4155.8310546875,34.84880447387695,7.453423023223877,7.351836681365967,42.3918342590332,7.928813934326172,0.027066249400377274,0,0.0011878750519827008,0,641.1904296875,-4.05126953125
51,16,0,1,Day,,60.54930114746094,29.450698852539062,277.6094055175781,434.70001220703125,299.6861877441406,274.6000061035156,0.6894091963768005,33.18999481201172,2.0099000930786133,=NA(),=NA(),2.0283150672912598,1.4163999557495117,0.34380000829696655,0.08399999886751175,=NA(),20,1013.25,-60,6.629650115966797,663.2850341796875,605.5050048828125,57.78499984741211,60.52623748779297,3999.030029296875,3534.2099609375,3537.5810546875,35.546356201171875,6.220175743103027,6.086214065551758,42.77260208129883,6.617729187011719,0.022374937310814857,0,0.0012257499620318413,0,464.820068359375,-3.37109375
51,17,0,1,Day,,72.78665161132812,17.21335220336914,268.6839904785156,201.60000610351562,182.75070190429688,63.69499969482422,0.9065014719963074,32.45000457763672,1.5801000595092773,=NA(),=NA(),3.346889019012451,1.4163999557495117,0.34380000829696655,0.08399999886751175,=NA(),20,1013.25,-28.80804443359375,43.988624572753906,297.6099853515625,279.4849853515625,18.125,44.699363708496094,1725.8900146484375,1608.4000244140625,1609.4825439453125,36.97797775268555,2.7203481197357178,2.6739697456359863,43.27473831176758,2.886063814163208,0.00997212529182434,0,0.00039256250602193177,0,117.489990234375,-1.08251953125
51,18,0,1,Night,Sun above horizon but GHI below 1,84.64563751220703,5.354360580444336,260.46490478515625,0,0,0,0,30.5100040435791,1.5700000524520874,=NA(),0,9.739843368530273,1.4163999557495117,0.34380000829696655,0.08399999886751175,=NA(),20,1013.25,0,0,0,0,0,30.5100040435791,0,0,0,0,0,0,0,0,0,0,0,0,0,0
51,19,0,1,Night,,97.04370880126953,-7.04370641708374,251.5915069580078,0,0,0,0,24.70000648498535,1.4900000095367432,=NA(),0,64.81599426269531,1.4163999557495117,0.34380000829696655,0.08399999886751175,=NA(),20,1013.25,0,0,0,0,0,24.70000648498535,0,0,0,0,0,0,0,0,0,0,0,0,0,0
51,20,0,1,Night,,108.30525970458984,-18.305259704589844,241.86660766601562,0,0,0,0,25.959985733032227,1.3598999977111816,=NA(),0,64.81599426269531,1.4163999557495117,0.34380000829696655,0.08399999886751175,=NA(),20,1013.25,0,0,0,0,0,25.959985733032227,0,0,0,0,0,0,0,0,0,0,0,0,0,0
51,21,0,1,Night,,118.49356842041016,-28.49356460571289,230.2600555419922,0,0,0,0,21.93999671936035,1.309999942779541,=NA(),0,64.81599426269531,1.4163999557495117,0.34380000829696655,0.08399999886751175,=NA(),20,1013.25,0,0,0,0,0,21.93999671936035,0,0,0,0,0,0,0,0,0,0,0,0,0,0
51,22,0,1,Night,,126.90162658691406,-36.90162658691406,215.84889221191406,0,0,0,0,20.459985733032227,1.4600000381469727,=NA(),0,64.81599426269531,1.4163999557495117,0.34380000829696655,0.08399999886751175,=NA(),20,1013.25,0,0,0,0,0,20.459985733032227,0,0,0,0,0,0,0,0,0,0,0,0,0,0
51,23,0,1,Night,,132.5105743408203,-42.51057434082031,198.09063720703125,0,0,0,0,19.82000160217285,1.7598999738693237,=NA(),0,64.81599426269531,1.4163999557495117,0.34380000829696655,0.08399999886751175,=NA(),20,1013.25,0,0,0,0,0,19.82000160217285,0,0,0,0,0,0,0,0,0,0,0,0,0,0
52,0,0,1,Night,,134.24717712402344,-44.24717330932617,177.908203125,0,0,0,0,19.100000381469727,2.089900016784668,=NA(),0,64.81599426269531,1.4163999557495117,0.34380000829696655,0.08399999886751175,=NA(),20,1013.25,0,0,0,0,0,19.100000381469727,0,0,0,0,0,0,0,0,0,0,0,0,0,0
52,1,0,1,Night,,131.6843719482422,-41.68436813354492,158.02696228027344,0,0,0,0,18.300012588500977,2.389899969100952,=NA(),0,64.81599426269531,1.4163999557495117,0.34380000829696655,0.08399999886751175,=NA(),20,1013.25,0,0,0,0,0,18.300012588500977,0,0,0,0,0,0,0,0,0,0,0,0,0,0
52,2,0,1,Night,,125.4355239868164,-35.435523986816406,140.91323852539062,0,0,0,0,17.480005264282227,2.639899969100952,=NA(),0,64.81599426269531,1.4163999557495117,0.34380000829696655,0.08399999886751175,=NA(),20,1013.25,0,0,0,0,0,17.480005264282227,0,0,0,0,0,0,0,0,0,0,0,0,0,0
52,3,0,1,Night,,116.60838317871094,-26.608379364013672,127.11270141601562,0,0,0,0,16.600000381469727,2.759999990463257,=NA(),0,64.81599426269531,1.4163999557495117,0.34380000829696655,0.08399999886751175,=NA(),20,1013.25,0,0,0,0,0,16.600000381469727,0,0,0,0,0,0,0,0,0,0,0,0,0,0
52,4,0,1,Night,,106.16886138916016,-16.168859481811523,115.93669128417969,0,0,0,0,17.20000648498535,2.819999933242798,=NA(),0,64.81599426269531,1.4163999557495117,0.34380000829696655,0.08399999886751175,=NA(),20,1013.25,0,0,0,0,0,17.20000648498535,0,0,0,0,0,0,0,0,0,0,0,0,0,0
52,5,0,1,Night,Sun below height limit of 1 degrees.,89.22361755371094,0.7763828039169312,102.75328063964844,3.594399929046631,3.5931057929992676,0,0.9996399283409119,16.9999942779541,3.9198999404907227,=NA(),0,28.40513801574707,1.4163999557495117,0.34380000829696655,0.08399999886751175,=NA(),20,1013.25,0,0,0,0,0,16.9999942779541,0,0,0,0,0,0,0,0,0,0,0,0,0,0
52,6,0,1,Day,,82.57694244384766,7.423054218292236,97.85919952392578,88.00299835205078,83.8687744140625,32,0.953021764755249,20.17998695373535,3.7400999069213867,=NA(),=NA(),7.3363728523254395,1.4163999557495117,0.34380000829696655,0.08399999886751175,=NA(),20,1013.25,10.990805625915527,71.69334411621094,126.02000427246094,119.33499908447266,6.690000057220459,25.480005264282227,629.3499755859375,627,625.8483276367188,38.588470458984375,1.0136592388153076,1.0068038702011108,44.122459411621094,1.0844299793243408,0.0037747500464320183,0,0.00015025000902824104,0,2.3499755859375,1.15167236328125
52,7,0,1,Day,,70.41034698486328,19.58965492248535,89.38404846191406,179.5,170.848388671875,25.804000854492188,0.951801598072052,21.93999671936035,3.4298999309539795,=NA(),=NA(),2.961244821548462,1.4163999557495117,0.34380000829696655,0.08399999886751175,=NA(),20,1013.25,35.015533447265625,35.39789962768555,227.114990234375,205.05499267578125,22.059999465942383,31.287500381469727,1270.449951171875,1240.6700439453125,1239.79833984375,38.582828521728516,2.0082762241363525,1.947227954864502,44.53682327270508,2.1355340480804443,0.007196937687695026,0,0.000508187513332814,0,29.7799072265625,0.8717041015625
52,8,0,1,Day,,58.21879959106445,31.78120231628418,80.18445587158203,373.6000061035156,301.65594482421875,136.60000610351562,0.8074302673339844,25.3799991607666,2.949899911880493,=NA(),=NA(),1.8944092988967896,1.4163999557495117,0.34380000829696655,0.08399999886751175,=NA(),20,1013.25,57.839290618896484,8.332439422607422,499.44500732421875,441.67999267578125,57.7599983215332,45.89562225341797,2938.880126953125,2733.6298828125,2732.53662109375,37.41439437866211,4.564650535583496,4.42767333984375,44.09922409057617,4.85161018371582,0.016188686713576317,0,0.001235750038176775,0,205.250244140625,1.09326171875
52,9,0,1,Day,,46.40245056152344,43.59754943847656,68.99407958984375,753.2000122070312,319.51776123046875,628.9000244140625,0.424213707447052,28.0100040435791,2.530100107192993,=NA(),=NA(),1.4487168788909912,1.4163999557495117,0.34380000829696655,0.08399999886751175,=NA(),20,1013.25,44.43299865722656,15.046357154846191,1010.4200439453125,955.9599609375,54.45500183105469,69.82061004638672,6125.509765625,5241.7998046875,5248.60107421875,34.38069152832031,9.541369438171387,9.465054512023926,42.42833709716797,10.16149616241455,0.03491956368088722,0,0.0012243749806657434,0,883.7099609375,-6.80126953125
52,10,0,1,Day,,35.63191223144531,54.36808776855469,53.51894760131836,876.1099853515625,283.5878601074219,729.010009765625,0.3236897885799408,30.709985733032227,2.23009991645813,=NA(),=NA(),1.2297238111495972,1.4163999557495117,0.34380000829696655,0.08399999886751175,=NA(),20,1013.25,29.955854415893555,20.265718460083008,1041.1500244140625,983.1400146484375,58.01000213623047,73.93001556396484,6323.72998046875,5328.31005859375,5334.57958984375,33.83949279785156,9.852720260620117,9.820639610290527,41.96695327758789,10.506484985351562,0.036010000854730606,0,0.001317500020377338,0,995.419921875,-6.26953125
52,11,0,1,Day,,27.402856826782227,62.59714126586914,29.812604904174805,958.989990234375,250.27418518066406,798.2899780273438,0.2609768509864807,32.27001190185547,2.2699999809265137,=NA(),=NA(),1.1260343790054321,1.4163999557495117,0.34380000829696655,0.08399999886751175,=NA(),20,1013.25,14.45271110534668,23.536523818969727,1056.824951171875,986.8199462890625,70,76.38375091552734,6372.169921875,5318.669921875,5322.0400390625,33.53440475463867,9.918990135192871,9.905842781066895,41.66762924194336,10.567630767822266,0.03605212643742561,0,0.0015650000423192978,0,1053.5,-3.3701171875
52,12,0,1,Day,,24.564544677734375,65.43545532226562,356.35760498046875,973.4099731445312,239.43959045410156,807.010009765625,0.24598021805286407,33.300010681152344,2.7000999450683594,=NA(),=NA(),1.0992199182510376,1.4163999557495117,0.34380000829696655,0.08399999886751175,=NA(),20,1013.25,-1.663316011428833,24.511653900146484,1046.304931640625,973.7750244140625,72.53500366210938,76.97063446044922,6316.66015625,5260.10009765625,5263.0517578125,33.45961380004883,9.830979347229004,9.810873031616211,41.573692321777344,10.479351997375488,0.03564087674021721,0,0.0016444999491795897,0,1056.56005859375,-2.95166015625
52,13,0,1,Day,,28.791093826293945,61.20890426635742,324.4727783203125,922.0900268554688,258.9408874511719,756.6900024414062,0.28081953525543213,33.62999725341797,3.3301000595092773,=NA(),=NA(),1.1406655311584473,1.4163999557495117,0.34380000829696655,0.08399999886751175,=NA(),20,1013.25,-17.710315704345703,23.07647132873535,1027.489990234375,961.6650390625,65.83000183105469,76.4850082397461,6206.8798828125,5177.98974609375,5181.52392578125,33.523101806640625,9.660361289978027,9.64443302154541,41.59926986694336,10.297410011291504,0.035148873925209045,0,0.001480437465943396,0,1028.89013671875,-3.5341796875
52,14,0,1,Day,,37.74882125854492,52.25117874145508,302.8575134277344,814.4000244140625,295.3830871582031,656.4000244140625,0.3627002537250519,34.969993591308594,3.8201000690460205,=NA(),=NA(),1.2639687061309814,1.4163999557495117,0.34380000829696655,0.08399999886751175,=NA(),20,1013.25,-33.03946304321289,19.39935874938965,986.5449829101562,932.1199951171875,54.42499923706055,76.00875091552734,5985.89990234375,5001.81982421875,5007.296875,33.57370376586914,9.321462631225586,9.284463882446289,41.58428192138672,9.943500518798828,0.0340765006840229,0,0.0012352500343695283,0,984.080078125,-5.47705078125
52,15,0,1,Day,,48.82985305786133,41.17014694213867,288.5550537109375,626.0999755859375,327.101318359375,454.20001220703125,0.522442638874054,34.93999481201172,4.050099849700928,=NA(),=NA(),1.5173240900039673,1.4163999557495117,0.34380000829696655,0.08399999886751175,=NA(),20,1013.25,-47.309539794921875,13.859360694885254,843.4349975585938,789.219970703125,54.209999084472656,69.93248748779297,5084.72998046875,4344.9296875,4348.6689453125,34.373172760009766,7.907187461853027,7.808631420135498,42.0316162109375,8.415729522705078,0.028773687779903412,0,0.001198749989271164,0,739.80029296875,-3.7392578125
52,16,0,1,Day,,60.77622604370117,29.223773956298828,277.9332275390625,67.00399780273438,66.70911407470703,0.6039999723434448,0.9955990314483643,34.349998474121094,3.5299999713897705,=NA(),=NA(),2.0425515174865723,1.4163999557495117,0.34380000829696655,0.08399999886751175,=NA(),20,1013.25,-60,6.939174175262451,63.48999786376953,46.33000183105469,17.15999984741211,37.071250915527344,313.6600036621094,298.7099914550781,291.8478698730469,36.417236328125,0.5005388855934143,0.45977818965911865,41.26594924926758,0.5625702142715454,0.0016691875644028187,0,0.00035387498792260885,0,14.95001220703125,6.86212158203125
52,17,0,1,Day,,73.00918579101562,16.99081802368164,268.9825134277344,83.197998046875,82.73088836669922,1.5985000133514404,0.9943855404853821,30.909997940063477,2.460099935531616,=NA(),=NA(),3.3884525299072266,1.4163999557495117,0.34380000829696655,0.08399999886751175,=NA(),20,1013.25,-28.2867431640625,44.7282600402832,91.03500366210938,80.66000366210938,10.380000114440918,34.71373748779297,485.2300109863281,466.989990234375,465.6044006347656,36.85308074951172,0.7895893454551697,0.7636421918869019,42.37668991088867,0.8484909534454346,0.002840812550857663,0,0.00022031250409781933,0,18.240020751953125,1.385589599609375
52,18,0,1,Day,,84.75735473632812,5.242649078369141,260.82659912109375,36.608001708984375,36.470455169677734,1.5053000450134277,0.9962427020072937,29.719995498657227,2.4500999450683594,=NA(),=NA(),9.91257381439209,1.4163999557495117,0.34380000829696655,0.08399999886751175,=NA(),20,1013.25,-7.692990779876709,77.1645736694336,42.89500045776367,39.46500015258789,3.429999828338623,31.538110733032227,209.60000610351562,203.89999389648438,203.69287109375,35.91458511352539,0.35447534918785095,0.35169336199760437,41.370582580566406,0.3839196264743805,0.0013058125041425228,0,0.00007756250124657527,0,5.70001220703125,0.207122802734375
52,19,0,1,Night,,97.28942108154297,-7.28942346572876,251.86221313476562,0,0,0,0,26.480005264282227,2.5499000549316406,=NA(),0,64.81599426269531,1.4163999557495117,0.34380000829696655,0.08399999886751175,=NA(),20,1013.25,0,0,0,0,0,26.480005264282227,0,0,0,0,0,0,0,0,0,0,0,0,0,0
52,20,0,1,Night,,108.57087707519531,-18.570880889892578,242.12660217285156,0,0,0,0,24.540002822875977,2.75,=NA(),0,64.81599426269531,1.4163999557495117,0.34380000829696655,0.08399999886751175,=NA(),20,1013.25,0,0,0,0,0,24.540002822875977,0,0,0,0,0,0,0,0,0,0,0,0,0,0
52,21,0,1,Night,,118.78893280029297,-28.788930892944336,230.49948120117188,0,0,0,0,23.600000381469727,2.9400999546051025,=NA(),0,64.81599426269531,1.4163999557495117,0.34380000829696655,0.08399999886751175,=NA(),20,1013.25,0,0,0,0,0,23.600000381469727,0,0,0,0,0,0,0,0,0,0,0,0,0,0
52,22,0,1,Night,,127.23080444335938,-37.23080825805664,216.0392303466797,0,0,0,0,24.800012588500977,2.680000066757202,=NA(),0,64.81599426269531,1.4163999557495117,0.34380000829696655,0.08399999886751175,=NA(),20,1013.25,0,0,0,0,0,24.800012588500977,0,0,0,0,0,0,0,0,0,0,0,0,0,0
52,23,0,1,Night,,132.86724853515625,-42.867244720458984,198.1804656982422,0,0,0,0,24.100000381469727,2.2799999713897705,=NA(),0,64.81599426269531,1.4163999557495117,0.34380000829696655,0.08399999886751175,=NA(),20,1013.25,0,0,0,0,0,24.100000381469727,0,0,0,0,0,0,0,0,0,0,0,0,0,0
53,0,0,1,Night,,134.60784912109375,-44.60784912109375,177.85218811035156,0,0,0,0,23.110010147094727,2.0701000690460205,=NA(),0,64.81599426269531,1.4163999557495117,0.34380000829696655,0.08399999886751175,=NA(),20,1013.25,0,0,0,0,0,23.110010147094727,0,0,0,0,0,0,0,0,0,0,0,0,0,0
53,1,0,1,Night,,132.0189971923828,-42.01899719238281,157.83790588378906,0,0,0,0,21.300012588500977,2.0099000930786133,=NA(),0,64.81599426269531,1.4163999557495117,0.34380000829696655,0.08399999886751175,=NA(),20,1013.25,0,0,0,0,0,21.300012588500977,0,0,0,0,0,0,0,0,0,0,0,0,0,0
53,2,0,1,Night,,125.72793579101562,-35.727935791015625,140.64833068847656,0,0,0,0,19.279993057250977,1.9901000261306763,=NA(),0,64.81599426269531,1.4163999557495117,0.34380000829696655,0.08399999886751175,=NA(),20,1013.25,0,0,0,0,0,19.279993057250977,0,0,0,0,0,0,0,0,0,0,0,0,0,0
53,3,0,1,Night,,116.85909271240234,-26.859088897705078,126.818359375,0,0,0,0,18.300012588500977,1.9801000356674194,=NA(),0,64.81599426269531,1.4163999557495117,0.34380000829696655,0.08399999886751175,=NA(),20,1013.25,0,0,0,0,0,18.300012588500977,0,0,0,0,0,0,0,0,0,0,0,0,0,0
53,4,0,1,Night,,106.3860855102539,-16.386083602905273,115.63337707519531,0,0,0,0,17.8699893951416,1.9500000476837158,=NA(),0,64.81599426269531,1.4163999557495117,0.34380000829696655,0.08399999886751175,=NA(),20,1013.25,0,0,0,0,0,17.8699893951416,0,0,0,0,0,0,0,0,0,0,0,0,0,0
53,5,0,1,Night,Sun below height limit of 1 degrees.,89.30073547363281,0.6992629766464233,102.36956024169922,0,0,0,0,17.3699893951416,2.7701001167297363,=NA(),0,29.185163497924805,1.4163999557495117,0.34380000829696655,0.08399999886751175,=NA(),20,1013.25,0,0,0,0,0,17.3699893951416,0,0,0,0,0,0,0,0,0,0,0,0,0,0
53,6,0,1,Day,,82.75464630126953,7.245355129241943,97.54065704345703,123.19999694824219,110.73884582519531,98.80500030517578,0.8988543152809143,18.82000160217285,3.4600000381469727,=NA(),=NA(),7.496898651123047,1.4163999557495117,0.34380000829696655,0.08399999886751175,=NA(),20,1013.25,10.706520080566406,72.14408111572266,199.3599853515625,191.760009765625,7.600000381469727,27.268762588500977,973.9500122070312,964.3599853515625,960.0753173828125,39.08527374267578,1.5352298021316528,1.5267542600631714,44.62419891357422,1.6480447053909302,0.005795124918222427,0,0.00017256250430364162,0,9.59002685546875,4.28466796875
53,7,0,1,Day,,70.58605194091797,19.41394805908203,89.0462417602539,350.3900146484375,253.96678161621094,290.0899963378906,0.7248116731643677,19.659997940063477,4.559999942779541,=NA(),=NA(),2.9865541458129883,1.4163999557495117,0.34380000829696655,0.08399999886751175,=NA(),20,1013.25,34.50600051879883,36.087249755859375,610.885009765625,585.72998046875,25.149999618530273,44.623130798339844,3626.56005859375,3390.89990234375,3395.840087890625,37.63079071044922,5.640121936798096,5.566625595092773,44.65879440307617,5.968440055847168,0.020815374329686165,0,0.0006121249753050506,0,235.66015625,-4.940185546875
53,8,0,1,Day,,58.40171813964844,31.598281860351562,79.81478881835938,557.9099731445312,315.46826171875,462.7099914550781,0.5654465556144714,20.43999671936035,5.400100231170654,=NA(),=NA(),1.9041682481765747,1.4163999557495117,0.34380000829696655,0.08399999886751175,=NA(),20,1013.25,57.99411392211914,8.662528991699219,871.4299926757812,813.364990234375,58.060001373291016,56.10686492919922,5308.5302734375,4774.18994140625,4779.4130859375,36.21390151977539,8.248754501342773,8.12987232208252,43.90184783935547,8.745803833007812,0.030017375946044922,0,0.001276249997317791,0,534.34033203125,-5.22314453125
53,9,0,1,Day,,46.60789489746094,43.39210510253906,68.57977294921875,762.489990234375,325.16064453125,636.5900268554688,0.42644578218460083,22.07000160217285,6.110000133514404,=NA(),=NA(),1.4541831016540527,1.4163999557495117,0.34380000829696655,0.08399999886751175,=NA(),20,1013.25,44.55830001831055,15.38974380493164,1023.4549560546875,967.989990234375,55.459999084472656,64.24312591552734,6201.85986328125,5418.830078125,5425.89697265625,35.114967346191406,9.65742301940918,9.578901290893555,43.168697357177734,10.26610279083252,0.035353437066078186,0,0.00124593754298985,0,783.02978515625,-7.06689453125
53,10,0,1,Day,,35.88207244873047,54.11792755126953,53.0660400390625,909.2999877929688,294.0960998535156,759.2999877929688,0.3234313130378723,23.219995498657227,6.680099964141846,=NA(),=NA(),1.2335867881774902,1.4163999557495117,0.34380000829696655,0.08399999886751175,=NA(),20,1013.25,30.038063049316406,20.62165069580078,1080.47998046875,1020,60.48500061035156,67.88436126708984,6557.22998046875,5653.75,5659.69189453125,34.63079833984375,10.214338302612305,10.177074432373047,42.81667709350586,10.861461639404297,0.037352126091718674,0,0.0013729999773204327,0,903.47998046875,-5.94189453125
53,11,0,1,Day,,27.72134780883789,62.27865219116211,29.430339813232422,990.989990234375,258.47900390625,827.489990234375,0.2608290910720825,24.649988174438477,7.019899845123291,=NA(),=NA(),1.129299521446228,1.4163999557495117,0.34380000829696655,0.08399999886751175,=NA(),20,1013.25,14.47789192199707,23.900100708007812,1092.1099853515625,1019.6799926757812,72.43000030517578,70.00499725341797,6581.31982421875,5629.64990234375,5634.1689453125,34.3590087890625,10.248708724975586,10.235360145568848,42.553009033203125,10.899398803710938,0.03725093603134155,0,0.0016188749577850103,0,951.669921875,-4.51904296875
53,12,0,1,Day,,24.9288330078125,65.0711669921875,356.3315124511719,999.1900024414062,242.26637268066406,834.6900024414062,0.24246276915073395,26.740015029907227,7.119999885559082,=NA(),=NA(),1.1024396419525146,1.4163999557495117,0.34380000829696655,0.08399999886751175,=NA(),20,1013.25,-1.7034313678741455,24.874277114868164,1074.06005859375,999.5800170898438,74.4749984741211,71.35875701904297,6481.18994140625,5515.33984375,5519.39892578125,34.18699645996094,10.090455055236816,10.071589469909668,42.3475341796875,10.74040412902832,0.03658143803477287,0,0.0016883125063031912,0,965.85009765625,-4.05908203125
53,13,0,1,Day,,29.124052047729492,60.875946044921875,324.7795104980469,945.489990234375,257.7386779785156,787.2899780273438,0.272597998380661,28.040002822875977,7.199999809265137,=NA(),=NA(),1.144331693649292,1.4163999557495117,0.34380000829696655,0.08399999886751175,=NA(),20,1013.25,-17.813142776489258,23.428592681884766,1054.080078125,986.75,67.33000183105469,71.85625457763672,6367.02978515625,5407.580078125,5410.712890625,34.131771087646484,9.90776252746582,9.891288757324219,42.246971130371094,10.539169311523438,0.03607162460684776,0,0.0015148749807849526,0,959.44970703125,-3.1328125
53,14,0,1,Day,,38.03032302856445,51.96967697143555,303.23492431640625,820.7100219726562,294.1427307128906,668.5,0.3584003150463104,28.860010147094727,7.380000114440918,=NA(),=NA(),1.2687982320785522,1.4163999557495117,0.34380000829696655,0.08399999886751175,=NA(),20,1013.25,-33.19288635253906,19.73412322998047,995.719970703125,941.0499877929688,54.66999816894531,70.08251190185547,6042.56982421875,5165.39013671875,5171.52001953125,34.35192108154297,9.409079551696777,9.37282657623291,42.36642837524414,10.01869010925293,0.034407876431941986,0,0.001241500023752451,0,877.1796875,-6.1298828125
53,15,0,1,Day,,49.077423095703125,40.922576904296875,288.91009521484375,646.2999877929688,321.59735107421875,495.70001220703125,0.4975976347923279,28.790002822875977,7.449999809265137,=NA(),=NA(),1.5248435735702515,1.4163999557495117,0.34380000829696655,0.08399999886751175,=NA(),20,1013.25,-47.49861526489258,14.174549102783203,877.800048828125,823.2899780273438,54.5099983215332,65.0324935913086,5300.740234375,4614.77001953125,4619.546875,35.02553176879883,8.243266105651855,8.147726058959961,42.74945831298828,8.76210880279541,0.03003837540745735,0,0.0012091250391677022,0,685.97021484375,-4.77685546875
53,16,0,1,Day,,61.00703048706055,28.992969512939453,278.2563171386719,438.1000061035156,297.63330078125,289.79998779296875,0.6793729662895203,28.43999671936035,7.03000020980835,=NA(),=NA(),2.057270050048828,1.4163999557495117,0.34380000829696655,0.08399999886751175,=NA(),20,1013.25,-60,7.254714488983154,677.675048828125,620.1600341796875,57.51000213623047,56.274986267089844,4090.64990234375,3672.260009765625,3675.37744140625,36.133907318115234,6.357376575469971,6.223444938659668,43.370941162109375,6.752927303314209,0.022910624742507935,0,0.0012253124732524157,0,418.389892578125,-3.117431640625
53,17,0,1,Day,,73.23545837402344,16.764537811279297,269.281005859375,207.5,185.1465301513672,77.49800109863281,0.892272412776947,27.040002822875977,5.189899921417236,=NA(),=NA(),3.431825876235962,1.4163999557495117,0.34380000829696655,0.08399999886751175,=NA(),20,1013.25,-27.76681900024414,45.47146224975586,312.6600036621094,294.91497802734375,17.75,39.86937713623047,1815.3299560546875,1721.6500244140625,1722.063232421875,37.731754302978516,2.852490186691284,2.8065264225006104,44.01608657836914,3.0205507278442383,0.0104975001886487,0,0.00038843750371597707,0,93.679931640625,-0.4132080078125
53,18,0,1,Day,,84.860595703125,5.139408111572266,261.19598388671875,9.005499839782715,9.005016326904297,0.005400000140070915,0.9999462962150574,24.83001136779785,4.960000038146973,=NA(),=NA(),10.077404975891113,1.4163999557495117,0.34380000829696655,0.08399999886751175,=NA(),20,1013.25,-7.530071258544922,77.42081451416016,9.84000015258789,8.944999694824219,0.8949999809265137,25.2499942779541,44.209999084472656,44.06999969482422,44.0019645690918,34.27349853515625,0.08024055510759354,0.07955523580312729,39.640777587890625,0.09166591614484787,0.00031131249852478504,0,0.000019999999494757503,0,0.1399993896484375,0.06803512573242188
53,19,0,1,Night,,97.5395278930664,-7.5395307540893555,252.13363647460938,0,0,0,0,22.45000648498535,5.499899864196777,=NA(),0,64.81599426269531,1.4163999557495117,0.34380000829696655,0.08399999886751175,=NA(),20,1013.25,0,0,0,0,0,22.45000648498535,0,0,0,0,0,0,0,0,0,0,0,0,0,0
53,20,0,1,Night,,108.84027099609375,-18.84027099609375,242.38748168945312,0,0,0,0,20.980005264282227,5.659900188446045,=NA(),0,64.81599426269531,1.4163999557495117,0.34380000829696655,0.08399999886751175,=NA(),20,1013.25,0,0,0,0,0,20.980005264282227,0,0,0,0,0,0,0,0,0,0,0,0,0,0
53,21,0,1,Night,,119.08820343017578,-29.08820152282715,230.73985290527344,0,0,0,0,19.600000381469727,5.599999904632568,=NA(),0,64.81599426269531,1.4163999557495117,0.34380000829696655,0.08399999886751175,=NA(),20,1013.25,0,0,0,0,0,19.600000381469727,0,0,0,0,0,0,0,0,0,0,0,0,0,0
53,22,0,1,Night,,127.56416320800781,-37.56416320800781,216.22988891601562,0,0,0,0,17.610010147094727,5.289999961853027,=NA(),0,64.81599426269531,1.4163999557495117,0.34380000829696655,0.08399999886751175,=NA(),20,1013.25,0,0,0,0,0,17.610010147094727,0,0,0,0,0,0,0,0,0,0,0,0,0,0
53,23,0,1,Night,,133.22779846191406,-43.22780227661133,198.2686767578125,0,0,0,0,16.399988174438477,5.019899845123291,=NA(),0,64.81599426269531,1.4163999557495117,0.34380000829696655,0.08399999886751175,=NA(),20,1013.25,0,0,0,0,0,16.399988174438477,0,0,0,0,0,0,0,0,0,0,0,0,0,0
54,0,0,1,Night,,134.9716796875,-44.9716796875,177.79147338867188,0,0,0,0,15.469995498657227,4.739999771118164,=NA(),0,64.81599426269531,1.4163999557495117,0.34380000829696655,0.08399999886751175,=NA(),20,1013.25,0,0,0,0,0,15.469995498657227,0,0,0,0,0,0,0,0,0,0,0,0,0,0
54,1,0,1,Night,,132.3555908203125,-42.355587005615234,157.64222717285156,0,0,0,0,13.879999160766602,4.130099773406982,=NA(),0,64.81599426269531,1.4163999557495117,0.34380000829696655,0.08399999886751175,=NA(),20,1013.25,0,0,0,0,0,13.879999160766602,0,0,0,0,0,0,0,0,0,0,0,0,0,0
54,2,0,1,Night,,126.0212631225586,-36.021263122558594,140.37689208984375,0,0,0,0,11.700006484985352,3.549999952316284,=NA(),0,64.81599426269531,1.4163999557495117,0.34380000829696655,0.08399999886751175,=NA(),20,1013.25,0,0,0,0,0,11.700006484985352,0,0,0,0,0,0,0,0,0,0,0,0,0,0
54,3,0,1,Night,,117.11027526855469,-27.110275268554688,126.51847839355469,0,0,0,0,11.200006484985352,3.1198999881744385,=NA(),0,64.81599426269531,1.4163999557495117,0.34380000829696655,0.08399999886751175,=NA(),20,1013.25,0,0,0,0,0,11.200006484985352,0,0,0,0,0,0,0,0,0,0,0,0,0,0
54,4,0,1,Night,,106.60397338867188,-16.60396957397461,115.32549285888672,0,0,0,0,10.980005264282227,3.029900074005127,=NA(),0,64.81599426269531,1.4163999557495117,0.34380000829696655,0.08399999886751175,=NA(),20,1013.25,0,0,0,0,0,10.980005264282227,0,0,0,0,0,0,0,0,0,0,0,0,0,0
54,5,0,1,Night,Sun below height limit of 1 degrees.,89.37692260742188,0.6230757236480713,101.99162292480469,0,0,0,0,10.600000381469727,3.8499999046325684,=NA(),0,29.98817253112793,1.4163999557495117,0.34380000829696655,0.08399999886751175,=NA(),20,1013.25,0,0,0,0,0,10.600000381469727,0,0,0,0,0,0,0,0,0,0,0,0,0,0
54,6,0,1,Day,,82.92932891845703,7.070667266845703,97.21868896484375,132.88999938964844,119.22662353515625,111,0.897182822227478,11.990015029907227,3.380000114440918,=NA(),=NA(),7.661457061767578,1.4163999557495117,0.34380000829696655,0.08399999886751175,=NA(),20,1013.25,10.428582191467285,72.58626556396484,221.86000061035156,214.20001220703125,7.664999961853027,21.391260147094727,1068.6500244140625,1079.719970703125,1072.6015625,40.144657135009766,1.6699070930480957,1.6603155136108398,45.58404541015625,1.7958147525787354,0.00635093729943037,0,0.0001746875059325248,0,-11.0699462890625,7.118408203125
54,7,0,1,Day,,70.76103973388672,19.23895835876465,88.70529174804688,367.70001220703125,266.54083251953125,307,0.7248866558074951,14.300012588500977,2.6700000762939453,=NA(),=NA(),3.0122175216674805,1.4163999557495117,0.34380000829696655,0.08399999886751175,=NA(),20,1013.25,34.01056671142578,36.76338195800781,647.02001953125,621.489990234375,25.530000686645508,40.64311981201172,3850.760009765625,3650.619873046875,3655.635986328125,38.203155517578125,5.9806437492370605,5.90659761428833,45.28703308105469,6.3193254470825195,0.022114688530564308,0,0.0006200625211931765,0,200.14013671875,-5.01611328125
54,8,0,1,Day,,58.585052490234375,31.414947509765625,79.44226837158203,603.989990234375,341.13775634765625,504.2900085449219,0.5648069977760315,16.70000648498535,2.5799999237060547,=NA(),=NA(),1.9140700101852417,1.4163999557495117,0.34380000829696655,0.08399999886751175,=NA(),20,1013.25,58.1482048034668,8.996137619018555,948.739990234375,886.22998046875,62.5099983215332,55.52562713623047,5780.02001953125,5210.52978515625,5215.501953125,36.294891357421875,8.981327056884766,8.852107048034668,44.14386749267578,9.513261795043945,0.032714687287807465,0,0.0013727500336244702,0,569.490234375,-4.97216796875
54,9,0,1,Day,,46.814517974853516,43.185482025146484,68.1632080078125,677.6900024414062,317.9891357421875,525.5999755859375,0.46922507882118225,18.920007705688477,2.949899911880493,=NA(),=NA(),1.459741473197937,1.4163999557495117,0.34380000829696655,0.08399999886751175,=NA(),20,1013.25,44.68269729614258,15.736555099487305,903.6749877929688,852.0549926757812,51.625,55.95061492919922,5466.81005859375,4919.8701171875,4925.94287109375,36.22936248779297,8.49789047241211,8.418651580810547,43.97984313964844,9.010068893432617,0.031076187267899513,0,0.0011536249658092856,0,546.93994140625,-6.07275390625
54,10,0,1,Day,,36.13426208496094,53.86573791503906,52.612274169921875,933.4000244140625,303.9273986816406,779.4000244140625,0.32561323046684265,21.230005264282227,3.2600998878479004,=NA(),=NA(),1.2375297546386719,1.4163999557495117,0.34380000829696655,0.08399999886751175,=NA(),20,1013.25,30.118881225585938,20.98089599609375,1108.830078125,1046.3900146484375,62.44499969482422,67.06124114990234,6723.81982421875,5815.68994140625,5821.01123046875,34.735145568847656,10.473919868469238,10.431890487670898,42.97352981567383,11.127182960510254,0.038308560848236084,0,0.0014164999593049288,0,908.1298828125,-5.3212890625
54,11,0,1,Day,,28.04227066040039,61.95772933959961,29.048641204833984,1090.699951171875,286.9240417480469,910.6900024414062,0.2630641460418701,22.529993057250977,3.4398999214172363,=NA(),=NA(),1.1326440572738647,1.4163999557495117,0.34380000829696655,0.08399999886751175,=NA(),20,1013.25,14.500785827636719,24.266727447509766,1201.844970703125,1121.780029296875,80.05999755859375,72.52623748779297,7226.89013671875,6125.16015625,6130.97216796875,33.987422943115234,11.27433967590332,11.257614135742188,42.42615509033203,12.00595760345459,0.040969062596559525,0,0.0017886250279843807,0,1101.72998046875,-5.81201171875
54,12,0,1,Day,,25.295900344848633,64.7041015625,356.3001708984375,916.5999755859375,258.03497314453125,728.4099731445312,0.28151318430900574,23.540002822875977,3.4900999069213867,=NA(),=NA(),1.1057482957839966,1.4163999557495117,0.34380000829696655,0.08399999886751175,=NA(),20,1013.25,-1.7468175888061523,25.23947525024414,985.6650390625,916.9649658203125,68.70500183105469,64.2718734741211,5947.5,5195.2099609375,5199.23583984375,35.13652420043945,9.248272895812988,9.233094215393066,43.07999038696289,9.823989868164062,0.03352581337094307,0,0.0015573125565424562,0,752.2900390625,-4.02587890625
54,13,0,1,Day,,29.461275100708008,60.53872299194336,325.07757568359375,618.9000244140625,423.61334228515625,224.2899932861328,0.6844616532325745,24.4999942779541,3.549999952316284,=NA(),=NA(),1.1481083631515503,1.4163999557495117,0.34380000829696655,0.08399999886751175,=NA(),20,1013.25,-17.919939041137695,23.782726287841797,680.6700439453125,628.030029296875,52.63999938964844,52.516258239746094,4035.739990234375,3672.030029296875,3674.51611328125,36.64070510864258,6.267831802368164,6.229572296142578,43.83431625366211,6.6464643478393555,0.02265400066971779,0,0.0011614374816417694,0,363.7099609375,-2.486083984375
54,14,0,1,Day,,38.31681442260742,51.68318557739258,303.6072998046875,891.7000122070312,307.4988098144531,744.5900268554688,0.34484559297561646,25.3699893951416,3.640000104904175,=NA(),=NA(),1.2737828493118286,1.4163999557495117,0.34380000829696655,0.08399999886751175,=NA(),20,1013.25,-33.35063171386719,20.07034683227539,1082.925048828125,1023.4600219726562,59.46500015258789,70.2093734741211,6565.259765625,5611.5400390625,5618.38232421875,34.318702697753906,10.231999397277832,10.192741394042969,42.521759033203125,10.89578914642334,0.03742281347513199,0,0.0013505000388249755,0,953.7197265625,-6.84228515625
54,15,0,1,Day,,49.32986831665039,40.67013168334961,289.262939453125,258.2099914550781,251.23089599609375,10.708999633789062,0.9729712605476379,24.7499942779541,3.630000114440918,=NA(),=NA(),1.532617449760437,1.4163999557495117,0.34380000829696655,0.08399999886751175,=NA(),20,1013.25,-47.69196701049805,14.490737915039062,270.7749938964844,225.06500244140625,45.709999084472656,36.017478942871094,1489.300048828125,1430.8099365234375,1420.2337646484375,38.44183349609375,2.30859112739563,2.1850361824035645,44.17566680908203,2.4888358116149902,0.008022937923669815,0,0.0009629999985918403,0,58.4901123046875,10.576171875
54,16,0,1,Day,,61.242454528808594,28.757543563842773,278.57861328125,422.489990234375,295.5794982910156,263.7900085449219,0.6996130347251892,24.93999671936035,3.4298999309539795,=NA(),=NA(),2.0725367069244385,1.4163999557495117,0.34380000829696655,0.08399999886751175,=NA(),20,1013.25,-60,7.575968265533447,649.52001953125,592.6099853515625,56.90999984741211,51.550010681152344,3911.760009765625,3570.830078125,3573.103515625,36.76131820678711,6.074985504150391,5.940725803375244,43.89937973022461,6.444469451904297,0.021878313273191452,0,0.0012124375207349658,0,340.929931640625,-2.2734375
54,17,0,1,Day,,73.46598052978516,16.534019470214844,269.5794372558594,182.1999969482422,168.76817321777344,47.198001861572266,0.9262797832489014,24.480005264282227,2.5799999237060547,=NA(),=NA(),3.4772090911865234,1.4163999557495117,0.34380000829696655,0.08399999886751175,=NA(),20,1013.25,-27.247051239013672,46.21986770629883,262.510009765625,245.9550018310547,16.560001373291016,35.233116149902344,1507.8399658203125,1452.77001953125,1453.844970703125,38.15079116821289,2.381742000579834,2.3425168991088867,44.306583404541016,2.5227785110473633,0.008731000125408173,0,0.00036162498872727156,0,55.0699462890625,-1.074951171875
54,18,0,1,Day,,84.9815673828125,5.018429279327393,261.5565490722656,5.293900012969971,5.293900012969971,0,1,22.43999671936035,2.719899892807007,=NA(),=NA(),10.27723503112793,1.4163999557495117,0.34380000829696655,0.08399999886751175,=NA(),20,1013.25,-7.341670036315918,77.72080993652344,5.784999847412109,5.260000228881836,0.5249999761581421,22.68999671936035,23.940000534057617,24.110000610351562,24.050525665283203,33.58748245239258,0.044753510504961014,0.04435483366250992,38.9913215637207,0.053789205849170685,0.0001829999964684248,0,0.000011500000255182385,0,-0.1700000762939453,0.059474945068359375
54,19,0,1,Night,,97.79209899902344,-7.792096138000488,252.40574645996094,0,0,0,0,20.300012588500977,2.460099935531616,=NA(),0,64.81599426269531,1.4163999557495117,0.34380000829696655,0.08399999886751175,=NA(),20,1013.25,0,0,0,0,0,20.300012588500977,0,0,0,0,0,0,0,0,0,0,0,0,0,0
54,20,0,1,Night,,109.11283874511719,-19.112836837768555,242.64927673339844,0,0,0,0,18.300012588500977,1.500100016593933,=NA(),0,64.81599426269531,1.4163999557495117,0.34380000829696655,0.08399999886751175,=NA(),20,1013.25,0,0,0,0,0,18.300012588500977,0,0,0,0,0,0,0,0,0,0,0,0,0,0
54,21,0,1,Night,,119.39058685302734,-29.390588760375977,230.9811248779297,0,0,0,0,16.83001136779785,2.130000114440918,=NA(),0,64.81599426269531,1.4163999557495117,0.34380000829696655,0.08399999886751175,=NA(),20,1013.25,0,0,0,0,0,16.83001136779785,0,0,0,0,0,0,0,0,0,0,0,0,0,0
54,22,0,1,Night,,127.90025329589844,-37.90024948120117,216.42086791992188,0,0,0,0,16.7499942779541,4.179999828338623,=NA(),0,64.81599426269531,1.4163999557495117,0.34380000829696655,0.08399999886751175,=NA(),20,1013.25,0,0,0,0,0,16.7499942779541,0,0,0,0,0,0,0,0,0,0,0,0,0,0
54,23,0,1,Night,,133.59097290039062,-43.590972900390625,198.35528564453125,0,0,0,0,15.869989395141602,5.250100135803223,=NA(),0,64.81599426269531,1.4163999557495117,0.34380000829696655,0.08399999886751175,=NA(),20,1013.25,0,0,0,0,0,15.869989395141602,0,0,0,0,0,0,0,0,0,0,0,0,0,0
55,0,0,1,Night,,135.33741760253906,-45.33740997314453,177.72610473632812,0,0,0,0,16.300012588500977,5.380000114440918,=NA(),0,64.81599426269531,1.4163999557495117,0.34380000829696655,0.08399999886751175,=NA(),20,1013.25,0,0,0,0,0,16.300012588500977,0,0,0,0,0,0,0,0,0,0,0,0,0,0
55,1,0,1,Night,,132.6927947998047,-42.69279098510742,157.43992614746094,0,0,0,0,15.309991836547852,5.000100135803223,=NA(),0,64.81599426269531,1.4163999557495117,0.34380000829696655,0.08399999886751175,=NA(),20,1013.25,0,0,0,0,0,15.309991836547852,0,0,0,0,0,0,0,0,0,0,0,0,0,0
55,2,0,1,Night,,126.31382751464844,-36.3138313293457,140.09898376464844,0,0,0,0,14.700006484985352,4.889999866485596,=NA(),0,64.81599426269531,1.4163999557495117,0.34380000829696655,0.08399999886751175,=NA(),20,1013.25,0,0,0,0,0,14.700006484985352,0,0,0,0,0,0,0,0,0,0,0,0,0,0
55,3,0,1,Night,,117.35969543457031,-27.35969352722168,126.21316528320312,0,0,0,0,14.890008926391602,4.930099964141846,=NA(),0,64.81599426269531,1.4163999557495117,0.34380000829696655,0.08399999886751175,=NA(),20,1013.25,0,0,0,0,0,14.890008926391602,0,0,0,0,0,0,0,0,0,0,0,0,0,0
55,4,0,1,Night,,106.81903839111328,-16.81903839111328,115.01312255859375,0,0,0,0,14.899988174438477,4.920100212097168,=NA(),0,64.81599426269531,1.4163999557495117,0.34380000829696655,0.08399999886751175,=NA(),20,1013.25,0,0,0,0,0,14.899988174438477,0,0,0,0,0,0,0,0,0,0,0,0,0,0
55,5,0,1,Night,Sun below height limit of 1 degrees.,89.459716796875,0.5402829051017761,101.60285186767578,0,0,0,0,14.300012588500977,5.970099925994873,=NA(),0,30.898794174194336,1.4163999557495117,0.34380000829696655,0.08399999886751175,=NA(),20,1013.25,0,0,0,0,0,14.300012588500977,0,0,0,0,0,0,0,0,0,0,0,0,0,0
55,6,0,1,Day,,83.10779571533203,6.892200946807861,96.89339447021484,131.60000610351562,118.4106216430664,109.91000366210938,0.8997766971588135,15.679986953735352,7.009900093078613,=NA(),=NA(),7.836923599243164,1.4163999557495117,0.34380000829696655,0.08399999886751175,=NA(),20,1013.25,10.146455764770508,73.03709411621094,220.52999877929688,213.01998901367188,7.510000228881836,25.0731143951416,1049.97998046875,1047.6300048828125,1039.7567138671875,39.62372970581055,1.6400560140609741,1.6288050413131714,45.05332565307617,1.767530083656311,0.006244749762117863,0,0.00017162499716505408,0,2.3499755859375,7.873291015625
55,7,0,1,Day,,70.93733978271484,19.062658309936523,88.3613510131836,323.8999938964844,240.71446228027344,254.6999969482422,0.7431752681732178,18.2600040435791,6.680099964141846,=NA(),=NA(),3.0385468006134033,1.4163999557495117,0.34380000829696655,0.08399999886751175,=NA(),20,1013.25,33.52280807495117,37.43465805053711,555.8499755859375,532.125,23.720001220703125,40.92375946044922,3297.18994140625,3121.550048828125,3125.82421875,38.0840950012207,5.1298508644104,5.061374664306641,44.964866638183594,5.423418998718262,0.018941499292850494,0,0.0005680624744854867,0,175.639892578125,-4.274169921875
55,8,0,1,Day,,58.769287109375,31.230710983276367,79.06707763671875,191.3000030517578,188.0825958251953,6.205399990081787,0.983181357383728,18.93999671936035,5.749899864196777,=NA(),=NA(),1.9241441488265991,1.4163999557495117,0.34380000829696655,0.08399999886751175,=NA(),20,1013.25,58.30205154418945,9.333182334899902,199.77999877929688,156.75,43.025001525878906,27.261255264282227,1075.47998046875,1064.8199462890625,1049.602294921875,39.50737762451172,1.6598955392837524,1.5565088987350464,44.79077911376953,1.8058357238769531,0.00566112482920289,0,0.0009003750164993107,0,10.6600341796875,15.2176513671875
55,9,0,1,Day,,47.022525787353516,42.977474212646484,67.74457550048828,772.4000244140625,332.6965637207031,645,0.4307309091091156,21.5200138092041,4.639999866485596,=NA(),=NA(),1.4653993844985962,1.4163999557495117,0.34380000829696655,0.08399999886751175,=NA(),20,1013.25,44.80640411376953,16.08670425415039,1038.10498046875,981.300048828125,56.80500030517578,64.31563568115234,6282.6201171875,5488.2197265625,5495.16845703125,35.103736877441406,9.783856391906738,9.701683044433594,43.18572998046875,10.399025917053223,0.035807687789201736,0,0.0012742499820888042,0,794.400390625,-6.94873046875
55,10,0,1,Day,,36.388431549072266,53.611568450927734,52.157901763916016,887.4000244140625,290.6434326171875,741.2999877929688,0.3275224566459656,23.30999183654785,3.390000104904175,=NA(),=NA(),1.2415534257888794,1.4163999557495117,0.34380000829696655,0.08399999886751175,=NA(),20,1013.25,30.19830322265625,21.343305587768555,1055.2850341796875,996.1849975585938,59.099998474121094,66.90123748779297,6403.56005859375,5541.009765625,5546.93505859375,34.765403747558594,9.97208023071289,9.936789512634277,42.893768310546875,10.60157585144043,0.03646418824791908,0,0.001340687507763505,0,862.55029296875,-5.92529296875
55,11,0,1,Day,,28.365550994873047,61.63444900512695,28.66776466369629,1120.699951171875,297.2573547363281,935.7999877929688,0.2652425765991211,24.95000648498535,2.2899999618530273,=NA(),=NA(),1.136069416999817,1.4163999557495117,0.34380000829696655,0.08399999886751175,=NA(),20,1013.25,14.521414756774902,24.636268615722656,1234.8599853515625,1152.429931640625,82.43000030517578,76.46688079833984,7419.85009765625,6194.89990234375,6200.896484375,33.45802307128906,11.58335018157959,11.56449031829834,41.97924041748047,12.353724479675293,0.04208468645811081,0,0.001840875018388033,0,1224.9501953125,-5.99658203125
55,12,0,1,Day,,25.665679931640625,64.33432006835938,356.263916015625,766.4000244140625,362.5110778808594,448.1000061035156,0.4730050563812256,25.30999183654785,1.5198999643325806,=NA(),=NA(),1.1091476678848267,1.4163999557495117,0.34380000829696655,0.08399999886751175,=NA(),20,1013.25,-1.7934385538101196,25.6071834564209,826.0650024414062,766.64501953125,59.40999984741211,59.38561248779297,4957.30029296875,4404.81982421875,4407.55078125,35.783226013183594,7.6983513832092285,7.685275077819824,43.34457015991211,8.167649269104004,0.027874374762177467,0,0.0013470625272020698,0,552.48046875,-2.73095703125
55,13,0,1,Day,,29.802663803100586,60.19733428955078,325.36712646484375,793.5,325.52655029296875,539.2999877929688,0.41024139523506165,25.20000648498535,1.100100040435791,=NA(),=NA(),1.1519979238510132,1.4163999557495117,0.34380000829696655,0.08399999886751175,=NA(),20,1013.25,-18.030725479125977,24.1387996673584,882.300048828125,823.1950073242188,59.10499954223633,61.605003356933594,5313.22021484375,4684.5,4688.40185546875,35.48925018310547,8.256728172302246,8.235928535461426,43.19630432128906,8.766992568969727,0.029997937381267548,0,0.001323312520980835,0,628.72021484375,-3.90185546875
55,14,0,1,Day,,38.60818862915039,51.39181137084961,303.974609375,505.010009765625,398.96197509765625,135.7100067138672,0.7900080680847168,25.5100040435791,1.1198999881744385,=NA(),=NA(),1.2789256572723389,1.4163999557495117,0.34380000829696655,0.08399999886751175,=NA(),20,1013.25,-33.51268005371094,20.4079647064209,575.02001953125,525.6849975585938,49.33000183105469,49.14250946044922,3391.56005859375,3120.530029296875,3123.040283203125,37.00482940673828,5.274781227111816,5.183792591094971,43.942543029785156,5.598343372344971,0.01899074949324131,0,0.0010681250132620335,0,271.030029296875,-2.51025390625
55,15,0,1,Day,,49.587257385253906,40.412742614746094,289.6134338378906,203.61000061035156,200.8804473876953,4.210400104522705,0.9865942001342773,25.83001136779785,1.2099000215530396,=NA(),=NA(),1.540656328201294,1.4163999557495117,0.34380000829696655,0.08399999886751175,=NA(),20,1013.25,-47.88971710205078,14.807897567749023,208.4550018310547,170.77000427246094,37.68000030517578,34.53874969482422,1126.929931640625,1087.5999755859375,1077.5556640625,38.35658645629883,1.755334734916687,1.6515953540802002,43.88138961791992,1.9009037017822266,0.006071312353014946,0,0.000792687525972724,0,39.3299560546875,10.0443115234375
55,16,0,1,Day,,61.482479095458984,28.517518997192383,278.8999938964844,278.70001220703125,253.5873260498047,52.599998474121094,0.9098935127258301,24.70000648498535,1.2200000286102295,=NA(),=NA(),2.088372230529785,1.4163999557495117,0.34380000829696655,0.08399999886751175,=NA(),20,1013.25,-60,7.902544021606445,360.2799987792969,308.46002197265625,51.81999969482422,39.545616149902344,2070.6201171875,1966.780029296875,1961.645263671875,38.09159469604492,3.2184596061706543,3.0897183418273926,44.29600524902344,3.4351325035095215,0.011283312924206257,0,0.0010896874591708183,0,103.840087890625,5.134765625
55,17,0,1,Day,,73.7008285522461,16.299171447753906,269.87774658203125,183.50999450683594,169.1944580078125,51.007999420166016,0.9219904541969299,24.350000381469727,1.2700999975204468,=NA(),=NA(),3.5247373580932617,1.4163999557495117,0.34380000829696655,0.08399999886751175,=NA(),20,1013.25,-26.727184295654297,46.973716735839844,266.43499755859375,250.0800018310547,16.354999542236328,35.26250457763672,1530.5899658203125,1474.6199951171875,1475.835205078125,38.16185760498047,2.417064905166626,2.3790197372436523,44.32935333251953,2.560044288635254,0.008866813033819199,0,0.00035868751001544297,0,55.969970703125,-1.2152099609375
55,18,0,1,Day,,85.09061431884766,4.909389019012451,261.9293518066406,6.700399875640869,6.700228691101074,0.0020000000949949026,0.9999744296073914,22.5100040435791,2.119999885559082,=NA(),=NA(),10.46383285522461,1.4163999557495117,0.34380000829696655,0.08399999886751175,=NA(),20,1013.25,-7.171810150146484,77.99098205566406,7.324999809265137,6.659999847412109,0.6649999618530273,22.825647354125977,31.530000686645508,31.770000457763672,31.66459083557129,34.095489501953125,0.05804400146007538,0.0574994757771492,39.44197463989258,0.06812141835689545,0.0002316250029252842,0,0.000015062500096973963,0,-0.23999977111816406,0.10540962219238281
55,19,0,1,Night,,98.0467758178711,-8.046778678894043,252.67849731445312,0,0,0,0,21.0100040435791,3.98009991645813,=NA(),0,64.81599426269531,1.4163999557495117,0.34380000829696655,0.08399999886751175,=NA(),20,1013.25,0,0,0,0,0,21.0100040435791,0,0,0,0,0,0,0,0,0,0,0,0,0,0
55,20,0,1,Night,,109.38790130615234,-19.38789939880371,242.9119415283203,0,0,0,0,20.05999183654785,5.429900169372559,=NA(),0,64.81599426269531,1.4163999557495117,0.34380000829696655,0.08399999886751175,=NA(),20,1013.25,0,0,0,0,0,20.05999183654785,0,0,0,0,0,0,0,0,0,0,0,0,0,0
55,21,0,1,Night,,119.69548797607422,-29.695484161376953,231.22335815429688,0,0,0,0,19.600000381469727,6.29010009765625,=NA(),0,64.81599426269531,1.4163999557495117,0.34380000829696655,0.08399999886751175,=NA(),20,1013.25,0,0,0,0,0,19.600000381469727,0,0,0,0,0,0,0,0,0,0,0,0,0,0
55,22,0,1,Night,,128.2391815185547,-38.23918151855469,216.6122283935547,0,0,0,0,19.110010147094727,6.469900131225586,=NA(),0,64.81599426269531,1.4163999557495117,0.34380000829696655,0.08399999886751175,=NA(),20,1013.25,0,0,0,0,0,19.110010147094727,0,0,0,0,0,0,0,0,0,0,0,0,0,0
55,23,0,1,Night,,133.9568634033203,-43.956871032714844,198.44033813476562,0,0,0,0,18.8900089263916,6,=NA(),0,64.81599426269531,1.4163999557495117,0.34380000829696655,0.08399999886751175,=NA(),20,1013.25,0,0,0,0,0,18.8900089263916,0,0,0,0,0,0,0,0,0,0,0,0,0,0
56,0,0,1,Night,,135.7053680419922,-45.70537185668945,177.6560516357422,0,0,0,0,18.089990615844727,5.349899768829346,=NA(),0,64.81599426269531,1.4163999557495117,0.34380000829696655,0.08399999886751175,=NA(),20,1013.25,0,0,0,0,0,18.089990615844727,0,0,0,0,0,0,0,0,0,0,0,0,0,0
56,1,0,1,Night,,133.03106689453125,-43.03107452392578,157.2310333251953,0,0,0,0,16.899988174438477,4.829999923706055,=NA(),0,64.81599426269531,1.4163999557495117,0.34380000829696655,0.08399999886751175,=NA(),20,1013.25,0,0,0,0,0,16.899988174438477,0,0,0,0,0,0,0,0,0,0,0,0,0,0
56,2,0,1,Night,,126.60643768310547,-36.60643768310547,139.81468200683594,0,0,0,0,16.990015029907227,4.329999923706055,=NA(),0,64.81599426269531,1.4163999557495117,0.34380000829696655,0.08399999886751175,=NA(),20,1013.25,0,0,0,0,0,16.990015029907227,0,0,0,0,0,0,0,0,0,0,0,0,0,0
56,3,0,1,Night,,117.60863494873047,-27.60863494873047,125.90251922607422,0,0,0,0,17.2499942779541,3.8101000785827637,=NA(),0,64.81599426269531,1.4163999557495117,0.34380000829696655,0.08399999886751175,=NA(),20,1013.25,0,0,0,0,0,17.2499942779541,0,0,0,0,0,0,0,0,0,0,0,0,0,0
56,4,0,1,Night,,107.03363037109375,-17.033632278442383,114.69640350341797,0,0,0,0,16.860010147094727,3.4700000286102295,=NA(),0,64.81599426269531,1.4163999557495117,0.34380000829696655,0.08399999886751175,=NA(),20,1013.25,0,0,0,0,0,16.860010147094727,0,0,0,0,0,0,0,0,0,0,0,0,0,0
56,5,0,1,Night,Sun below height limit of 1 degrees.,89.54422760009766,0.45577070116996765,101.2153549194336,0,0,0,0,16.20000648498535,3.51990008354187,=NA(),0,31.8710880279541,1.4163999557495117,0.34380000829696655,0.08399999886751175,=NA(),20,1013.25,0,0,0,0,0,16.20000648498535,0,0,0,0,0,0,0,0,0,0,0,0,0,0
56,6,0,1,Day,,83.28404998779297,6.715949535369873,96.56491088867188,10.196999549865723,10.185351371765137,0.09960000216960907,0.9988576769828796,15.740015029907227,3.2600998878479004,=NA(),=NA(),8.017958641052246,1.4163999557495117,0.34380000829696655,0.08399999886751175,=NA(),20,1013.25,9.869352340698242,73.4814224243164,11.125,10.09000015258789,1.0299999713897705,16.21123695373535,50.7400016784668,52.43000030517578,52.40635681152344,35.916080474853516,0.09119553864002228,0.09042032808065414,41.257728576660156,0.10316801816225052,0.00035181251587346196,0,0.00002300000051036477,0,-1.6899986267089844,0.02364349365234375
56,7,0,1,Day,,71.11296081542969,18.887042999267578,88.0145492553711,336.989990234375,247.23025512695312,277.2900085449219,0.7336426973342896,19.149988174438477,2.740000009536743,=NA(),=NA(),3.0652594566345215,1.4163999557495117,0.34380000829696655,0.08399999886751175,=NA(),20,1013.25,33.047767639160156,38.09396743774414,584.6950073242188,560.8900146484375,23.815000534057617,43.011863708496094,3478.02001953125,3269.760009765625,3273.82373046875,37.83481216430664,5.4081339836120605,5.338361740112305,44.79084396362305,5.718398571014404,0.01999368704855442,0,0.0005686249933205545,0,208.260009765625,-4.063720703125
56,8,0,1,Day,,58.95382308959961,31.046178817749023,78.68937683105469,77.49400329589844,77.13438415527344,0.6973000168800354,0.9953594207763672,20.459985733032227,2.569999933242798,=NA(),=NA(),1.9343607425689697,1.4163999557495117,0.34380000829696655,0.08399999886751175,=NA(),20,1013.25,58.455039978027344,9.673470497131348,73.63499450683594,54.47999954223633,19.154998779296875,23.57500648498535,367.69000244140625,368.8699951171875,360.1154479980469,38.69002914428711,0.5813962817192078,0.534180760383606,43.4703483581543,0.6494344472885132,0.0019527499098330736,0,0.0003988750104326755,0,-1.17999267578125,8.754547119140625
56,9,0,1,Day,,47.23137664794922,42.76862335205078,67.3240737915039,145.00999450683594,143.6460723876953,2.0085999965667725,0.9905942678451538,20.42998695373535,3.299999952316284,=NA(),=NA(),1.4711439609527588,1.4163999557495117,0.34380000829696655,0.08399999886751175,=NA(),20,1013.25,44.92888641357422,16.439916610717773,145.8300018310547,119.69000244140625,26.139999389648438,26.511255264282227,774.2100219726562,768.47998046875,761.1486206054688,39.0255012512207,1.2186259031295776,1.1502528190612793,44.32971954345703,1.321014642715454,0.0042375000193715096,0,0.0005469375173561275,0,5.73004150390625,7.33135986328125
56,10,0,1,Day,,36.6442756652832,53.3557243347168,51.70317077636719,737,329.7238464355469,507.6000061035156,0.4473865032196045,22.100000381469727,4.039999961853027,=NA(),=NA(),1.245654821395874,1.4163999557495117,0.34380000829696655,0.08399999886751175,=NA(),20,1013.25,30.276098251342773,21.70859718322754,868.2750244140625,815.4649658203125,52.80999755859375,57.759361267089844,5252.2900390625,4695.6201171875,4700.6787109375,35.99203872680664,8.162713050842285,8.119758605957031,43.668556213378906,8.659605026245117,0.02977631241083145,0,0.0011850000591948628,0,556.669921875,-5.05859375
56,11,0,1,Day,,28.690929412841797,61.3090705871582,28.287960052490234,751.010009765625,358.8829040527344,447.010009765625,0.4778670072555542,24.600000381469727,4.429999828338623,=NA(),=NA(),1.139574646949768,1.4163999557495117,0.34380000829696655,0.08399999886751175,=NA(),20,1013.25,14.539698600769043,25.0084228515625,825.7049560546875,767.6950073242188,58.0099983215332,58.63249969482422,4952.0400390625,4412.10009765625,4415.78564453125,35.876346588134766,7.69271993637085,7.670660018920898,43.439414978027344,8.162919044494629,0.027899187058210373,0,0.0012910000514239073,0,539.93994140625,-3.685546875
56,12,0,1,Day,,26.037879943847656,63.962120056152344,356.22308349609375,417.1000061035156,387.4439697265625,33.00600051879883,0.9288994669914246,24.839990615844727,4.409999847412109,=NA(),=NA(),1.1126372814178467,1.4163999557495117,0.34380000829696655,0.08399999886751175,=NA(),20,1013.25,-1.8432471752166748,25.977100372314453,454.2900085449219,417.04998779296875,37.23999786376953,43.52873992919922,2629.919921875,2465.739990234375,2466.7421875,37.58965301513672,4.1014323234558105,4.094614028930664,44.206050872802734,4.348315238952637,0.014779187738895416,0,0.0008478750241920352,0,164.179931640625,-1.002197265625
56,13,0,1,Day,,30.147958755493164,59.8520393371582,325.64837646484375,626.9000244140625,418.0674133300781,241.5,0.6668805480003357,27.240015029907227,4.409999847412109,=NA(),=NA(),1.1560007333755493,1.4163999557495117,0.34380000829696655,0.08399999886751175,=NA(),20,1013.25,-18.145387649536133,24.49665069580078,691.9150390625,640.510009765625,51.404998779296875,55.748130798339844,4120.93994140625,3706.760009765625,3709.898681640625,36.2064094543457,6.404088973999023,6.371972560882568,43.4538688659668,6.797441482543945,0.023174749687314034,0,0.0011385000543668866,0,414.179931640625,-3.138671875
56,14,0,1,Day,,38.90422821044922,51.09577178955078,304.3368835449219,916.7000122070312,321.0681457519531,765.4000244140625,0.3502434194087982,27.779993057250977,4.429999828338623,=NA(),=NA(),1.2842274904251099,1.4163999557495117,0.34380000829696655,0.08399999886751175,=NA(),20,1013.25,-33.67890167236328,20.746850967407227,1116.3050537109375,1055.320068359375,60.98999786376953,74.17937469482422,6766.47998046875,5697.5498046875,5703.46728515625,33.794769287109375,10.547987937927246,10.504347801208496,42.076656341552734,11.23878288269043,0.038595374673604965,0,0.0013861875049769878,0,1068.93017578125,-5.91748046875
56,15,0,1,Day,,49.849239349365234,40.150760650634766,289.9615478515625,669,318.6150817871094,543.4000244140625,0.47625571489334106,28.659997940063477,4.570000171661377,=NA(),=NA(),1.5489575862884521,1.4163999557495117,0.34380000829696655,0.08399999886751175,=NA(),20,1013.25,-48.0915641784668,15.125900268554688,926.9349975585938,873.6600341796875,53.275001525878906,66.93123626708984,5618.31982421875,4858.18017578125,4864.36474609375,34.768890380859375,8.744181632995605,8.654953956604004,42.6224479675293,9.305678367614746,0.03193668648600578,0,0.0011907500447705388,0,760.1396484375,-6.1845703125
56,16,0,1,Day,,61.726959228515625,28.273040771484375,279.22039794921875,404.0899963378906,291.78192138671875,237.10000610351562,0.722071647644043,27.469995498657227,4.119999885559082,=NA(),=NA(),2.1047887802124023,1.4163999557495117,0.34380000829696655,0.08399999886751175,=NA(),20,1013.25,-60,8.234152793884277,619.3150024414062,563.3200073242188,55.9900016784668,52.90563201904297,3713.1298828125,3372.330078125,3374.440673828125,36.55207061767578,5.7700676918029785,5.636192798614502,43.62299346923828,6.126458168029785,0.02073574997484684,0,0.0011961874552071095,0,340.7998046875,-2.110595703125
56,17,0,1,Day,,73.94001770019531,16.059982299804688,270.17584228515625,185.2100067138672,169.826416015625,55.608001708984375,0.9169397354125977,27.240015029907227,3.1898999214172363,=NA(),=NA(),3.57453989982605,1.4163999557495117,0.34380000829696655,0.08399999886751175,=NA(),20,1013.25,-26.207162857055664,47.73300552368164,271.2200012207031,255.05999755859375,16.15999984741211,38.37438201904297,1558.5799560546875,1485.239990234375,1486.5216064453125,37.74235534667969,2.4616260528564453,2.424147129058838,43.94175338745117,2.6088943481445312,0.009032875299453735,0,0.00035600000410340726,0,73.3399658203125,-1.2816162109375
56,18,0,1,Day,,85.2038803100586,4.796123504638672,262.30267333984375,2.598099946975708,2.598099946975708,0,1,24.550012588500977,3.5000998973846436,=NA(),=NA(),10.664491653442383,1.4163999557495117,0.34380000829696655,0.08399999886751175,=NA(),20,1013.25,-6.996527671813965,78.2713623046875,2.8399999141693115,2.5850000381469727,0.2549999952316284,24.67998695373535,9.800000190734863,9.780000686645508,9.760326385498047,31.4343204498291,0.0194061491638422,0.019245820119976997,37.12613296508789,0.026422256603837013,0.00009000000136438757,0,0.000006000000212225132,0,0.01999950408935547,0.019674301147460938
56,19,0,1,Night,,98.30433654785156,-8.304337501525879,252.95187377929688,0,0,0,0,21.540002822875977,3.7899999618530273,=NA(),0,64.81599426269531,1.4163999557495117,0.34380000829696655,0.08399999886751175,=NA(),20,1013.25,0,0,0,0,0,21.540002822875977,0,0,0,0,0,0,0,0,0,0,0,0,0,0
56,20,0,1,Night,,109.66631317138672,-19.66631317138672,243.17550659179688,0,0,0,0,19.839990615844727,3.7799999713897705,=NA(),0,64.81599426269531,1.4163999557495117,0.34380000829696655,0.08399999886751175,=NA(),20,1013.25,0,0,0,0,0,19.839990615844727,0,0,0,0,0,0,0,0,0,0,0,0,0,0
56,21,0,1,Night,,120.00373077392578,-30.00373077392578,231.46653747558594,0,0,0,0,18.480005264282227,3.609999895095825,=NA(),0,64.81599426269531,1.4163999557495117,0.34380000829696655,0.08399999886751175,=NA(),20,1013.25,0,0,0,0,0,18.480005264282227,0,0,0,0,0,0,0,0,0,0,0,0,0,0
56,22,0,1,Night,,128.58152770996094,-38.58153533935547,216.80401611328125,0,0,0,0,14.200006484985352,3.420099973678589,=NA(),0,64.81599426269531,1.4163999557495117,0.34380000829696655,0.08399999886751175,=NA(),20,1013.25,0,0,0,0,0,14.200006484985352,0,0,0,0,0,0,0,0,0,0,0,0,0,0
56,23,0,1,Night,,134.32608032226562,-44.32608413696289,198.52386474609375,0,0,0,0,12.939996719360352,3.240000009536743,=NA(),0,64.81599426269531,1.4163999557495117,0.34380000829696655,0.08399999886751175,=NA(),20,1013.25,0,0,0,0,0,12.939996719360352,0,0,0,0,0,0,0,0,0,0,0,0,0,0
57,0,0,1,Night,,136.07586669921875,-46.075862884521484,177.581298828125,0,0,0,0,12.379999160766602,3.039900064468384,=NA(),0,64.81599426269531,1.4163999557495117,0.34380000829696655,0.08399999886751175,=NA(),20,1013.25,0,0,0,0,0,12.379999160766602,0,0,0,0,0,0,0,0,0,0,0,0,0,0
57,1,0,1,Night,,133.37074279785156,-43.37074279785156,157.01551818847656,0,0,0,0,11.179986953735352,2.850100040435791,=NA(),0,64.81599426269531,1.4163999557495117,0.34380000829696655,0.08399999886751175,=NA(),20,1013.25,0,0,0,0,0,11.179986953735352,0,0,0,0,0,0,0,0,0,0,0,0,0,0
57,2,0,1,Night,,126.8995590209961,-36.899559020996094,139.52403259277344,0,0,0,0,11.209985733032227,2.6900999546051025,=NA(),0,64.81599426269531,1.4163999557495117,0.34380000829696655,0.08399999886751175,=NA(),20,1013.25,0,0,0,0,0,11.209985733032227,0,0,0,0,0,0,0,0,0,0,0,0,0,0
57,3,0,1,Night,,117.85781860351562,-27.857820510864258,125.58661651611328,0,0,0,0,10.800012588500977,2.5199999809265137,=NA(),0,64.81599426269531,1.4163999557495117,0.34380000829696655,0.08399999886751175,=NA(),20,1013.25,0,0,0,0,0,10.800012588500977,0,0,0,0,0,0,0,0,0,0,0,0,0,0
57,4,0,1,Night,,107.24903869628906,-17.249040603637695,114.37545013427734,0,0,0,0,9.500085830688477,2.3099000453948975,=NA(),0,64.81599426269531,1.4163999557495117,0.34380000829696655,0.08399999886751175,=NA(),20,1013.25,0,0,0,0,0,9.499994277954102,0,0,0,0,0,0,0,0,0,0,0,0,0,0
57,5,0,1,Night,Sun below height limit of 1 degrees.,89.61656188964844,0.38343992829322815,100.8268814086914,0,0,0,0,10.020013809204102,2.2899999618530273,=NA(),0,32.73870849609375,1.4163999557495117,0.34380000829696655,0.08399999886751175,=NA(),20,1013.25,0,0,0,0,0,10.020013809204102,0,0,0,0,0,0,0,0,0,0,0,0,0,0
57,6,0,1,Day,,83.45736694335938,6.542631149291992,96.23336791992188,121.9000015258789,110.30178833007812,101.79000091552734,0.9048547148704529,10.879999160766602,2.5599000453948975,=NA(),=NA(),8.203968048095703,1.4163999557495117,0.34380000829696655,0.08399999886751175,=NA(),20,1013.25,9.598282814025879,73.91748809814453,201.97500610351562,194.86500549316406,7.105000019073486,19.482507705688477,942.8599853515625,958.969970703125,951.8831787109375,40.29803466796875,1.4763180017471313,1.4697445631027222,45.63298034667969,1.5924152135849,0.005623562261462212,0,0.00016199999663513154,0,-16.1099853515625,7.0867919921875
57,7,0,1,Day,,71.28790283203125,18.71209716796875,87.6650390625,346.4100036621094,253.59559631347656,289.30999755859375,0.7320677638053894,16.990015029907227,4.300099849700928,=NA(),=NA(),3.0923640727996826,1.4163999557495117,0.34380000829696655,0.08399999886751175,=NA(),20,1013.25,32.58476638793945,38.74192428588867,604.9199829101562,581.0499877929688,23.869998931884766,41.64250946044922,3605.85009765625,3406.239990234375,3409.869873046875,38.047264099121094,5.601416110992432,5.530568599700928,45.0361328125,5.917948246002197,0.02073931135237217,0,0.0005672500119544566,0,199.610107421875,-3.6298828125
57,8,0,1,Day,,59.13849639892578,30.86150550842285,78.30931854248047,565.1900024414062,323.0758361816406,471.989990234375,0.5716233849525452,19.5100040435791,4.949900150299072,=NA(),=NA(),1.9447141885757446,1.4163999557495117,0.34380000829696655,0.08399999886751175,=NA(),20,1013.25,58.607025146484375,10.016853332519531,891.8699951171875,831.8499755859375,60.01499938964844,56.009361267089844,5428.240234375,4883.93994140625,4889.61328125,36.22517776489258,8.436323165893555,8.309647560119629,43.9582633972168,8.949721336364746,0.030691999942064285,0,0.0013096875045448542,0,544.30029296875,-5.67333984375
57,9,0,1,Day,,47.44144821166992,42.55855178833008,66.90190887451172,755.5999755859375,328.8949890136719,630.9000244140625,0.435276597738266,21.779993057250977,5.080100059509277,=NA(),=NA(),1.476987361907959,1.4163999557495117,0.34380000829696655,0.08399999886751175,=NA(),20,1013.25,45.05055236816406,16.796161651611328,1017.4649658203125,961.4549560546875,56,63.746238708496094,6157.669921875,5389.919921875,5395.0966796875,35.19402313232422,9.581043243408203,9.497376441955566,43.21783447265625,10.171635627746582,0.03508174791932106,0,0.0012541250325739384,0,767.75,-5.1767578125
57,10,0,1,Day,,36.90200424194336,53.09799575805664,51.24831771850586,896.7000122070312,297.9918518066406,748.7000122070312,0.33232057094573975,23.029993057250977,5.080100059509277,=NA(),=NA(),1.249839186668396,1.4163999557495117,0.34380000829696655,0.08399999886751175,=NA(),20,1013.25,30.352502822875977,22.076757431030273,1066.3900146484375,1006.27001953125,60.11499786376953,67.09935760498047,6464.2001953125,5589.58984375,5595.93896484375,34.73447036743164,10.069137573242188,10.034196853637695,42.88798904418945,10.708231925964355,0.03680706396698952,0,0.0013606875436380506,0,874.6103515625,-6.34912109375
57,11,0,1,Day,,29.018417358398438,60.98158264160156,27.909467697143555,973.4099731445312,262.63702392578125,812.8099975585938,0.2698113024234772,23.7499942779541,5.070000171661377,=NA(),=NA(),1.1431617736816406,1.4163999557495117,0.34380000829696655,0.08399999886751175,=NA(),20,1013.25,14.555721282958984,25.38312339782715,1072.824951171875,1001.4599609375,71.36500549316406,68.2300033569336,6462.81005859375,5564.85009765625,5569.2119140625,34.59825134277344,10.060501098632812,10.040517807006836,42.74272537231445,10.693076133728027,0.036565251648426056,0,0.0015943124890327454,0,897.9599609375,-4.36181640625
57,12,0,1,Day,,26.4124698638916,63.58753204345703,356.17803955078125,993.2999877929688,250.38735961914062,829.5,0.25207626819610596,25.350000381469727,5.130000114440918,=NA(),=NA(),1.116219162940979,1.4163999557495117,0.34380000829696655,0.08399999886751175,=NA(),20,1013.25,-1.896180272102356,26.349193572998047,1068.06005859375,993.7750244140625,74.27999877929688,69.68187713623047,6439.7998046875,5514.8701171875,5519.33203125,34.4063720703125,10.025999069213867,10.009572982788086,42.549591064453125,10.662626266479492,0.036340437829494476,0,0.001681625028140843,0,924.9296875,-4.4619140625
57,13,0,1,Day,,30.496856689453125,59.503143310546875,325.9215393066406,933.2100219726562,263.099365234375,777.7000122070312,0.2819294333457947,25.980005264282227,5.109899997711182,=NA(),=NA(),1.16011643409729,1.4163999557495117,0.34380000829696655,0.08399999886751175,=NA(),20,1013.25,-18.26375389099121,24.856067657470703,1041.8399658203125,975.344970703125,66.48999786376953,69.17623138427734,6293.02978515625,5398.8798828125,5403.15625,34.479827880859375,9.794052124023438,9.774374961853027,42.56654739379883,10.415046691894531,0.03564700111746788,0,0.0014968749601393938,0,894.14990234375,-4.2763671875
57,14,0,1,Day,,39.20452880859375,50.79547119140625,304.6940002441406,731.2999877929688,323.62799072265625,526.0999755859375,0.44253793358802795,26.540002822875977,4.920100212097168,=NA(),=NA(),1.289685845375061,1.4163999557495117,0.34380000829696655,0.08399999886751175,=NA(),20,1013.25,-33.8490104675293,21.086795806884766,883.64501953125,831.800048828125,51.84000015258789,63.01811981201172,5350.830078125,4693.4501953125,4696.6435546875,35.308677673339844,8.31355094909668,8.26323413848877,43.02825164794922,8.822872161865234,0.030375687405467033,0,0.0011679375311359763,0,657.3798828125,-3.193359375
57,15,0,1,Day,,50.11526870727539,39.88473129272461,290.3071594238281,643.3900146484375,319.4393615722656,505.19000244140625,0.4964941143989563,26.790002822875977,4.739999771118164,=NA(),=NA(),1.5575124025344849,1.4163999557495117,0.34380000829696655,0.08399999886751175,=NA(),20,1013.25,-48.29703140258789,15.44458293914795,882.5799560546875,827.989990234375,54.584999084472656,63.162498474121094,5337.5400390625,4679.169921875,4684.55029296875,35.271148681640625,8.301056861877441,8.201018333435059,43.00435256958008,8.82249641418457,0.030251625925302505,0,0.0012135000433772802,0,658.3701171875,-5.38037109375
57,16,0,1,Day,,61.97513198852539,28.024866104125977,279.53973388671875,421.5,292.0550231933594,275.5,0.692894458770752,26.969995498657227,4.03000020980835,=NA(),=NA(),2.121757745742798,1.4163999557495117,0.34380000829696655,0.08399999886751175,=NA(),20,1013.25,-60,8.570289611816406,659.530029296875,603.2000122070312,56.334999084472656,54.058738708496094,3967.280029296875,3589.43994140625,3591.412353515625,36.4307861328125,6.161523818969727,6.027488708496094,43.59973907470703,6.538984775543213,0.022207187488675117,0,0.0012078124564141035,0,377.840087890625,-1.972412109375
57,17,0,1,Day,,74.18207550048828,15.817923545837402,270.4736633300781,155.69000244140625,148.27906799316406,27.187999725341797,0.9523994326591492,25.850000381469727,2.6201000213623047,=NA(),=NA(),3.6264381408691406,1.4163999557495117,0.34380000829696655,0.08399999886751175,=NA(),20,1013.25,-25.690032958984375,48.493133544921875,202.7949981689453,187.05999755859375,15.734999656677246,34.195640563964844,1139.929931640625,1101.5999755859375,1101.8551025390625,37.96895217895508,1.8137290477752686,1.7776535749435425,43.9513053894043,1.9241770505905151,0.00659599993377924,0,0.0003434999962337315,0,38.3299560546875,-0.255126953125
57,18,0,1,Night,Sun above horizon but GHI below 1,85.32787322998047,4.672123432159424,262.6693420410156,0,0,0,0,22.67998695373535,2.490000009536743,=NA(),0,10.89258098602295,1.4163999557495117,0.34380000829696655,0.08399999886751175,=NA(),20,1013.25,0,0,0,0,0,22.67998695373535,0,0,0,0,0,0,0,0,0,0,0,0,0,0
57,19,0,1,Night,,98.56517791748047,-8.565178871154785,253.22581481933594,0,0,0,0,20.20000648498535,2.3801000118255615,=NA(),0,64.81599426269531,1.4163999557495117,0.34380000829696655,0.08399999886751175,=NA(),20,1013.25,0,0,0,0,0,20.20000648498535,0,0,0,0,0,0,0,0,0,0,0,0,0,0
57,20,0,1,Night,,109.9480972290039,-19.94809913635254,243.43994140625,0,0,0,0,16.6299991607666,2.2499001026153564,=NA(),0,64.81599426269531,1.4163999557495117,0.34380000829696655,0.08399999886751175,=NA(),20,1013.25,0,0,0,0,0,16.6299991607666,0,0,0,0,0,0,0,0,0,0,0,0,0,0
57,21,0,1,Night,,120.3149185180664,-30.31492042541504,231.710693359375,0,0,0,0,15.770013809204102,2.089900016784668,=NA(),0,64.81599426269531,1.4163999557495117,0.34380000829696655,0.08399999886751175,=NA(),20,1013.25,0,0,0,0,0,15.770013809204102,0,0,0,0,0,0,0,0,0,0,0,0,0,0
57,22,0,1,Night,,128.92616271972656,-38.9261589050293,216.99630737304688,0,0,0,0,16.659997940063477,1.8600000143051147,=NA(),0,64.81599426269531,1.4163999557495117,0.34380000829696655,0.08399999886751175,=NA(),20,1013.25,0,0,0,0,0,16.659997940063477,0,0,0,0,0,0,0,0,0,0,0,0,0,0
57,23,0,1,Night,,134.69747924804688,-44.697479248046875,198.60594177246094,0,0,0,0,15.570001602172852,1.8899999856948853,=NA(),0,64.81599426269531,1.4163999557495117,0.34380000829696655,0.08399999886751175,=NA(),20,1013.25,0,0,0,0,0,15.570001602172852,0,0,0,0,0,0,0,0,0,0,0,0,0,0
58,0,0,1,Night,,136.4479522705078,-46.44795227050781,177.5019073486328,0,0,0,0,14.839990615844727,2.0701000690460205,=NA(),0,64.81599426269531,1.4163999557495117,0.34380000829696655,0.08399999886751175,=NA(),20,1013.25,0,0,0,0,0,14.839990615844727,0,0,0,0,0,0,0,0,0,0,0,0,0,0
58,1,0,1,Night,,133.71067810058594,-43.71067810058594,156.79342651367188,0,0,0,0,14.980005264282227,2.180000066757202,=NA(),0,64.81599426269531,1.4163999557495117,0.34380000829696655,0.08399999886751175,=NA(),20,1013.25,0,0,0,0,0,14.980005264282227,0,0,0,0,0,0,0,0,0,0,0,0,0,0
58,2,0,1,Night,,127.19178771972656,-37.1917839050293,139.2271270751953,0,0,0,0,14.159997940063477,2.2799999713897705,=NA(),0,64.81599426269531,1.4163999557495117,0.34380000829696655,0.08399999886751175,=NA(),20,1013.25,0,0,0,0,0,14.159997940063477,0,0,0,0,0,0,0,0,0,0,0,0,0,0
58,3,0,1,Night,,118.10515594482422,-28.105159759521484,125.26559448242188,0,0,0,0,14.249994277954102,2.469899892807007,=NA(),0,64.81599426269531,1.4163999557495117,0.34380000829696655,0.08399999886751175,=NA(),20,1013.25,0,0,0,0,0,14.249994277954102,0,0,0,0,0,0,0,0,0,0,0,0,0,0
58,4,0,1,Night,,107.46134948730469,-17.46135139465332,114.05037689208984,0,0,0,0,14.010004043579102,2.5199999809265137,=NA(),0,64.81599426269531,1.4163999557495117,0.34380000829696655,0.08399999886751175,=NA(),20,1013.25,0,0,0,0,0,14.010004043579102,0,0,0,0,0,0,0,0,0,0,0,0,0,0
58,5,0,1,Night,Sun below height limit of 1 degrees.,89.6960220336914,0.3039790093898773,100.42796325683594,0,0,0,0,13.619989395141602,2.4100000858306885,=NA(),0,33.731170654296875,1.4163999557495117,0.34380000829696655,0.08399999886751175,=NA(),20,1013.25,0,0,0,0,0,13.619989395141602,0,0,0,0,0,0,0,0,0,0,0,0,0,0
58,6,0,1,Day,,83.6337890625,6.366214275360107,95.8989028930664,35.70899963378906,35.60853958129883,0.906000018119812,0.9971867203712463,14.300012588500977,3.049999952316284,=NA(),=NA(),8.401996612548828,1.4163999557495117,0.34380000829696655,0.08399999886751175,=NA(),20,1013.25,9.323966979980469,74.36054992675781,40.505001068115234,37.025001525878906,3.4800000190734863,15.988733291625977,202.77000427246094,209.39999389648438,209.13043212890625,38.214874267578125,0.34203040599823,0.3385375738143921,43.575347900390625,0.3694186210632324,0.0012628750409930944,0,0.0000779999973019585,0,-6.6299896240234375,0.269561767578125
58,7,0,1,Day,,71.46316528320312,18.536832809448242,87.31294250488281,445.70001220703125,327.3723449707031,372.20001220703125,0.7345127463340759,17.790002822875977,1.6399999856948853,=NA(),=NA(),3.120028018951416,1.4163999557495117,0.34380000829696655,0.08399999886751175,=NA(),20,1013.25,32.13053894042969,39.382720947265625,816.1300048828125,789.4550170898438,26.674999237060547,51.20751190185547,4903.31982421875,4485.68017578125,4490.33154296875,36.8623161315918,7.613419532775879,7.531128406524658,44.377952575683594,8.05516529083252,0.02826075069606304,0,0.0006424374878406525,0,417.6396484375,-4.6513671875
58,8,0,1,Day,,59.32388687133789,30.676111221313477,77.92707061767578,273.30999755859375,253.40924072265625,39.00699996948242,0.927186131477356,21.93999671936035,2.4798998832702637,=NA(),=NA(),1.9552397727966309,1.4163999557495117,0.34380000829696655,0.08399999886751175,=NA(),20,1013.25,58.75859451293945,10.363245964050293,335.4150085449219,284.44500732421875,50.974998474121094,35.756858825683594,1913.469970703125,1841.219970703125,1833.73828125,38.6175537109375,2.9674246311187744,2.846668243408203,44.65891647338867,3.174438953399658,0.010386187583208084,0,0.0010723124723881483,0,72.25,7.481689453125
58,9,0,1,Day,,47.652591705322266,42.347408294677734,66.478271484375,841.0999755859375,368.013671875,702.2999877929688,0.4375385642051697,22.8900089263916,3.309999942779541,=NA(),=NA(),1.4829275608062744,1.4163999557495117,0.34380000829696655,0.08399999886751175,=NA(),20,1013.25,45.1712646484375,17.155261993408203,1130.554931640625,1067.0050048828125,63.55000305175781,69.77623748779297,6826.77001953125,5845.39990234375,5849.8017578125,34.37900161743164,10.634849548339844,10.535533905029297,42.65810775756836,11.303723335266113,0.038924623280763626,0,0.001419687527231872,0,981.3701171875,-4.40185546875
58,10,0,1,Day,,37.161617279052734,52.838382720947266,50.79358673095703,601.510009765625,392.5457458496094,262.2099914550781,0.6526005268096924,26.029993057250977,4.010000228881836,=NA(),=NA(),1.2541083097457886,1.4163999557495117,0.34380000829696655,0.08399999886751175,=NA(),20,1013.25,30.427566528320312,22.447668075561523,692.5700073242188,642.2249755859375,50.345001220703125,54.51500701904297,4139.56982421875,3740.130126953125,3743.519775390625,36.37472152709961,6.432255268096924,6.361917018890381,43.62305450439453,6.82633113861084,0.023315999656915665,0,0.001106187468394637,0,399.439697265625,-3.3896484375
58,11,0,1,Day,,29.348085403442383,60.651912689208984,27.532516479492188,908.6900024414062,261.143798828125,742.8900146484375,0.28738492727279663,26.469995498657227,4.590000152587891,=NA(),=NA(),1.1468335390090942,1.4163999557495117,0.34380000829696655,0.08399999886751175,=NA(),20,1013.25,14.569602966308594,25.760360717773438,1001.39501953125,934.5650024414062,66.83000183105469,67.99687957763672,6036.10986328125,5200.47998046875,5203.3271484375,34.650638580322266,9.385334968566895,9.364336013793945,42.631893157958984,9.96966552734375,0.034118812531232834,0,0.0014921874972060323,0,835.6298828125,-2.84716796875
58,12,0,1,Day,,26.789369583129883,63.21063232421875,356.12908935546875,998.2999877929688,254.17962646484375,833.5900268554688,0.2546124756336212,27.92998695373535,5.080100059509277,=NA(),=NA(),1.1198948621749878,1.4163999557495117,0.34380000829696655,0.08399999886751175,=NA(),20,1013.25,-1.9521905183792114,26.723390579223633,1073.534912109375,998.7999877929688,74.72999572753906,72.59749603271484,6470.740234375,5480.56982421875,5484.49365234375,34.02503204345703,10.074371337890625,10.06032943725586,42.18568420410156,10.718981742858887,0.03651568666100502,0,0.0016915624728426337,0,990.17041015625,-3.923828125
58,13,0,1,Day,,30.849393844604492,59.150604248046875,326.1868591308594,699.0999755859375,381.8689270019531,369.510009765625,0.546229362487793,28.20000648498535,5.410099983215332,=NA(),=NA(),1.164348840713501,1.4163999557495117,0.34380000829696655,0.08399999886751175,=NA(),20,1013.25,-18.38592529296875,25.217103958129883,774.1199951171875,718.60498046875,55.51499938964844,60.178123474121094,4630.68994140625,4101.2900390625,4103.88720703125,35.660770416259766,7.192587375640869,7.158764839172363,43.10712814331055,7.63490629196167,0.026065999642014503,0,0.0012341875117272139,0,529.39990234375,-2.59716796875
58,14,0,1,Day,,39.50923538208008,50.49076461791992,305.0460205078125,868.510009765625,308.9944763183594,725.2100219726562,0.355775386095047,29.050012588500977,5.360000133514404,=NA(),=NA(),1.295308232307434,1.4163999557495117,0.34380000829696655,0.08399999886751175,=NA(),20,1013.25,-34.02322006225586,21.4278507232666,1060.135009765625,1002.2899780273438,57.845001220703125,73.14873504638672,6431.93994140625,5436.08984375,5438.5068359375,33.96660614013672,10.007084846496582,9.96021556854248,42.102386474609375,10.639973640441895,0.03665956109762192,0,0.0013151875464245677,0,995.85009765625,-2.4169921875
58,15,0,1,Day,,50.38576126098633,39.61423873901367,290.6502380371094,630.2100219726562,320.4500427246094,485.80999755859375,0.5084813237190247,29.100000381469727,5.039999961853027,=NA(),=NA(),1.5663423538208008,1.4163999557495117,0.34380000829696655,0.08399999886751175,=NA(),20,1013.25,-48.50658416748047,15.763962745666504,864.0650024414062,809.7249755859375,54.34000015258789,64.77312469482422,5224.06005859375,4552.0498046875,4556.72265625,35.05888366699219,8.123441696166992,8.020148277282715,42.7535514831543,8.635997772216797,0.029587624594569206,0,0.0012069999938830733,0,672.01025390625,-4.6728515625
58,16,0,1,Day,,62.227439880371094,27.772560119628906,279.8580017089844,406.20001220703125,289.476318359375,250.5,0.7126447558403015,28.8699893951416,4.099999904632568,=NA(),=NA(),2.139331817626953,1.4163999557495117,0.34380000829696655,0.08399999886751175,=NA(),20,1013.25,-60,8.910837173461914,631.7650146484375,576.094970703125,55.665000915527344,54.868736267089844,3790.800048828125,3419.010009765625,3419.947265625,36.31011199951172,5.88685417175293,5.7524542808532715,43.40666580200195,6.2488017082214355,0.02119087427854538,0,0.0011940625263378024,0,371.7900390625,-0.937255859375
58,17,0,1,Day,,74.4283447265625,15.571653366088867,270.77117919921875,177.49000549316406,163.6947021484375,51.38999938964844,0.9222756028175354,28.20000648498535,2.780100107192993,=NA(),=NA(),3.680851936340332,1.4163999557495117,0.34380000829696655,0.08399999886751175,=NA(),20,1013.25,-25.172807693481445,49.25834274291992,258.5249938964844,243.16000366210938,15.364999771118164,38.83373260498047,1479.530029296875,1407.3900146484375,1408.2186279296875,37.626670837402344,2.3391270637512207,2.3037731647491455,43.786231994628906,2.479443311691284,0.00858750008046627,0,0.0003400624846108258,0,72.1400146484375,-0.82861328125
58,18,0,1,Night,Sun above horizon but GHI below 1,85.44390106201172,4.556098937988281,263.04583740234375,0,0,0,0,24.959985733032227,2.8299999237060547,=NA(),0,11.114389419555664,1.4163999557495117,0.34380000829696655,0.08399999886751175,=NA(),20,1013.25,0,0,0,0,0,24.959985733032227,0,0,0,0,0,0,0,0,0,0,0,0,0,0
58,19,0,1,Night,,98.82827758789062,-8.82827377319336,253.5003662109375,0,0,0,0,20.529993057250977,2.9400999546051025,=NA(),0,64.81599426269531,1.4163999557495117,0.34380000829696655,0.08399999886751175,=NA(),20,1013.25,0,0,0,0,0,20.529993057250977,0,0,0,0,0,0,0,0,0,0,0,0,0,0
58,20,0,1,Night,,110.23206329345703,-20.232059478759766,243.7052459716797,0,0,0,0,17.300012588500977,2.9700000286102295,=NA(),0,64.81599426269531,1.4163999557495117,0.34380000829696655,0.08399999886751175,=NA(),20,1013.25,0,0,0,0,0,17.300012588500977,0,0,0,0,0,0,0,0,0,0,0,0,0,0
58,21,0,1,Night,,120.62832641601562,-30.628324508666992,231.95590209960938,0,0,0,0,17.790002822875977,2.9400999546051025,=NA(),0,64.81599426269531,1.4163999557495117,0.34380000829696655,0.08399999886751175,=NA(),20,1013.25,0,0,0,0,0,17.790002822875977,0,0,0,0,0,0,0,0,0,0,0,0,0,0
58,22,0,1,Night,,129.27371215820312,-39.273719787597656,217.1891632080078,0,0,0,0,15.399988174438477,2.890000104904175,=NA(),0,64.81599426269531,1.4163999557495117,0.34380000829696655,0.08399999886751175,=NA(),20,1013.25,0,0,0,0,0,15.399988174438477,0,0,0,0,0,0,0,0,0,0,0,0,0,0
58,23,0,1,Night,,135.0716094970703,-45.07160568237305,198.6866455078125,0,0,0,0,15.249994277954102,2.7999000549316406,=NA(),0,64.81599426269531,1.4163999557495117,0.34380000829696655,0.08399999886751175,=NA(),20,1013.25,0,0,0,0,0,15.249994277954102,0,0,0,0,0,0,0,0,0,0,0,0,0,0
59,0,0,1,Night,,136.82211303710938,-46.822105407714844,177.41786193847656,0,0,0,0,14.490015029907227,2.6500000953674316,=NA(),0,64.81599426269531,1.4163999557495117,0.34380000829696655,0.08399999886751175,=NA(),20,1013.25,0,0,0,0,0,14.490015029907227,0,0,0,0,0,0,0,0,0,0,0,0,0,0
59,1,0,1,Night,,134.05169677734375,-44.051700592041016,156.56475830078125,0,0,0,0,12.920007705688477,2.4798998832702637,=NA(),0,64.81599426269531,1.4163999557495117,0.34380000829696655,0.08399999886751175,=NA(),20,1013.25,0,0,0,0,0,12.920007705688477,0,0,0,0,0,0,0,0,0,0,0,0,0,0
59,2,0,1,Night,,127.48409271240234,-37.48408889770508,138.9239959716797,0,0,0,0,12.279993057250977,2.3199000358581543,=NA(),0,64.81599426269531,1.4163999557495117,0.34380000829696655,0.08399999886751175,=NA(),20,1013.25,0,0,0,0,0,12.279993057250977,0,0,0,0,0,0,0,0,0,0,0,0,0,0
59,3,0,1,Night,,118.35243225097656,-28.35243034362793,124.9395523071289,0,0,0,0,10.749994277954102,2.23009991645813,=NA(),0,64.81599426269531,1.4163999557495117,0.34380000829696655,0.08399999886751175,=NA(),20,1013.25,0,0,0,0,0,10.749994277954102,0,0,0,0,0,0,0,0,0,0,0,0,0,0
59,4,0,1,Night,,107.67422485351562,-17.674224853515625,113.72132873535156,0,0,0,0,10.140008926391602,2.2100000381469727,=NA(),0,64.81599426269531,1.4163999557495117,0.34380000829696655,0.08399999886751175,=NA(),20,1013.25,0,0,0,0,0,10.140008926391602,0,0,0,0,0,0,0,0,0,0,0,0,0,0
59,5,0,1,Night,Sun below height limit of 1 degrees.,89.76538848876953,0.23461100459098816,100.03074645996094,0,0,0,0,9.139795303344727,1.999899983406067,=NA(),0,34.63215637207031,1.4163999557495117,0.34380000829696655,0.08399999886751175,=NA(),20,1013.25,0,0,0,0,0,9.140008926391602,0,0,0,0,0,0,0,0,0,0,0,0,0,0
59,6,0,1,Day,,83.8067855834961,6.193216800689697,95.56165313720703,114.38999938964844,104.0876235961914,95.49700164794922,0.9099363684654236,11.879999160766602,2.359999895095825,=NA(),=NA(),8.605268478393555,1.4163999557495117,0.34380000829696655,0.08399999886751175,=NA(),20,1013.25,9.056272506713867,74.79425048828125,188.31500244140625,181.58499145507812,6.735000133514404,19.938135147094727,861.3499755859375,874.7899780273438,866.9219360351562,40.15581512451172,1.3493115901947021,1.3406131267547607,45.4193115234375,1.4593143463134766,0.005150812678039074,0,0.00015368750609923154,0,-13.44000244140625,7.8680419921875
59,7,0,1,Day,,71.63777923583984,18.36221694946289,86.95842742919922,337.1099853515625,248.55380249023438,281.1099853515625,0.7373077273368835,15.540002822875977,1.3200000524520874,=NA(),=NA(),3.148108720779419,1.4163999557495117,0.34380000829696655,0.08399999886751175,=NA(),20,1013.25,31.687210083007812,40.0131950378418,586.8099975585938,563.7900390625,23.020000457763672,39.412498474121094,3504.22998046875,3335.219970703125,3337.821533203125,38.347923278808594,5.440069675445557,5.371281623840332,45.273441314697266,5.742940425872803,0.020175062119960785,0,0.0005395624903030694,0,169.010009765625,-2.6015625
59,8,0,1,Day,,59.509281158447266,30.490718841552734,77.54280090332031,555.1900024414062,319.8584289550781,463.79998779296875,0.5761242508888245,19.800012588500977,2.9000000953674316,=NA(),=NA(),1.9659000635147095,1.4163999557495117,0.34380000829696655,0.08399999886751175,=NA(),20,1013.25,58.90903091430664,10.712438583374023,879.4400024414062,819.6500244140625,59.79999923706055,55.821250915527344,5349.06005859375,4815.66015625,4820.0498046875,36.25973129272461,8.308374404907227,8.180502891540527,43.95349884033203,8.808038711547852,0.030233249068260193,0,0.0013000000035390258,0,533.39990234375,-4.3896484375
59,9,0,1,Day,,47.864891052246094,42.135108947753906,66.0533676147461,746.2000122070312,328.1739807128906,623.0999755859375,0.43979358673095703,24.529993057250977,3.7100000381469727,=NA(),=NA(),1.488968849182129,1.4163999557495117,0.34380000829696655,0.08399999886751175,=NA(),20,1013.25,45.2911376953125,17.51710319519043,1006.4549560546875,950.6500244140625,55.810001373291016,66.18123626708984,6090.35009765625,5283.02978515625,5284.8505859375,34.89729690551758,9.465067863464355,9.375201225280762,42.883426666259766,10.041223526000977,0.03468656167387962,0,0.0012476249830797315,0,807.3203125,-1.82080078125
59,10,0,1,Day,,37.42293167114258,52.57706832885742,50.339210510253906,883.7100219726562,297.6829833984375,737.9099731445312,0.336855947971344,26.7499942779541,4.119999885559082,=NA(),=NA(),1.2584609985351562,1.4163999557495117,0.34380000829696655,0.08399999886751175,=NA(),20,1013.25,30.501184463500977,22.82110595703125,1051.39501953125,991.949951171875,59.44499969482422,70.3449935913086,6370.56982421875,5441.68994140625,5446.341796875,34.32172775268555,9.917808532714844,9.874076843261719,42.44195556640625,10.55057430267334,0.03626462444663048,0,0.0013429999817162752,0,928.8798828125,-4.65185546875
59,11,0,1,Day,,29.679746627807617,60.32025146484375,27.15733528137207,963.7999877929688,264.7582092285156,804.5999755859375,0.27470242977142334,27.920007705688477,4.300099849700928,=NA(),=NA(),1.1505898237228394,1.4163999557495117,0.34380000829696655,0.08399999886751175,=NA(),20,1013.25,14.581323623657227,26.139892578125,1062.22509765625,991.4349975585938,70.79000091552734,72.13750457763672,6400.2900390625,5430.1298828125,5431.4423828125,34.10572052001953,9.953322410583496,9.930057525634766,42.221622467041016,10.575798988342285,0.036205124109983444,0,0.0015804375289008021,0,970.16015625,-1.3125
59,12,0,1,Day,,27.168384552001953,62.83161544799805,356.07659912109375,974.8900146484375,250.43299865722656,814.2999877929688,0.25688332319259644,29.05999183654785,4.329999923706055,=NA(),=NA(),1.1236648559570312,1.4163999557495117,0.34380000829696655,0.08399999886751175,=NA(),20,1013.25,-2.011225461959839,27.099489212036133,1048.4150390625,975.4100341796875,73.0050048828125,72.70812225341797,6320.43994140625,5350.43994140625,5352.85888671875,34.0242805480957,9.83279037475586,9.816961288452148,42.12241744995117,10.453165054321289,0.03565575182437897,0,0.0016522499499842525,0,970,-2.4189453125
59,13,0,1,Day,,31.205297470092773,58.79470443725586,326.4445495605469,922.4000244140625,265.59405517578125,767.9099731445312,0.28793802857398987,30.279993057250977,4.260000228881836,=NA(),=NA(),1.1686980724334717,1.4163999557495117,0.34380000829696655,0.08399999886751175,=NA(),20,1013.25,-18.511751174926758,25.57958221435547,1030.56494140625,964.800048828125,65.76499938964844,73.19185638427734,6225.39990234375,5259.89990234375,5261.72314453125,33.96988296508789,9.68086051940918,9.658740997314453,42.028751373291016,10.2965087890625,0.03525950014591217,0,0.0014806875260546803,0,965.5,-1.8232421875
59,14,0,1,Day,,39.817970275878906,50.182029724121094,305.3929748535156,803.2999877929688,298.20880126953125,657.5999755859375,0.3712296783924103,30.42998695373535,4.050099849700928,=NA(),=NA(),1.3010928630828857,1.4163999557495117,0.34380000829696655,0.08399999886751175,=NA(),20,1013.25,-34.201255798339844,21.76984214782715,980.6500244140625,926.6900024414062,53.959999084472656,71.1368637084961,5944.68994140625,5061.080078125,5064.828125,34.23017120361328,9.247745513916016,9.204695701599121,42.19723129272461,9.839418411254883,0.033840812742710114,0,0.0012255625333637,0,883.60986328125,-3.748046875
59,15,0,1,Day,,50.66024398803711,39.33975601196289,290.9907531738281,537.2999877929688,339.5810852050781,311.8999938964844,0.6320139169692993,30.600000381469727,3.650099992752075,=NA(),=NA(),1.5754414796829224,1.4163999557495117,0.34380000829696655,0.08399999886751175,=NA(),20,1013.25,-48.71979522705078,16.08395004272461,715.155029296875,661.93994140625,53.209999084472656,60.10686492919922,4291.1201171875,3799.81005859375,3802.43505859375,35.64303207397461,6.667675018310547,6.553898334503174,42.96599197387695,7.0819010734558105,0.02414037473499775,0,0.0011685624485835433,0,491.31005859375,-2.625
59,16,0,1,Day,,62.48351287841797,27.51648712158203,280.17510986328125,398.989990234375,287.5084533691406,241.3000030517578,0.7205906510353088,30.850000381469727,2.5599000453948975,=NA(),=NA(),2.1575093269348145,1.4163999557495117,0.34380000829696655,0.08399999886751175,=NA(),20,1013.25,-60,9.255450248718262,620.8250122070312,565.5849609375,55.23500061035156,56.45061492919922,3720.590087890625,3336.14013671875,3336.104248046875,36.096923828125,5.776451110839844,5.641448974609375,43.1639518737793,6.132791042327881,0.020788874477148056,0,0.0011866249842569232,0,384.449951171875,0.035888671875
59,17,0,1,Day,,74.67784881591797,15.322148323059082,271.068359375,171.1999969482422,158.93792724609375,46.40399932861328,0.928375780582428,29.7600040435791,1.7999999523162842,=NA(),=NA(),3.7377164363861084,1.4163999557495117,0.34380000829696655,0.08399999886751175,=NA(),20,1013.25,-24.657426834106445,50.02565383911133,247.38999938964844,232.5050048828125,14.885000228881836,39.959373474121094,1411.3299560546875,1336.8599853515625,1337.3360595703125,37.420799255371094,2.2336063385009766,2.199387788772583,43.54954147338867,2.368508815765381,0.008199186995625496,0,0.0003298124938737601,0,74.469970703125,-0.47607421875
59,18,0,1,Night,Sun above horizon but GHI below 1,85.56553649902344,4.434459686279297,263.4202880859375,0,0,0,0,26.45000648498535,1.309999942779541,=NA(),0,11.356136322021484,1.4163999557495117,0.34380000829696655,0.08399999886751175,=NA(),20,1013.25,0,0,0,0,0,26.45000648498535,0,0,0,0,0,0,0,0,0,0,0,0,0,0
59,19,0,1,Night,,99.09381103515625,-9.093807220458984,253.77545166015625,0,0,0,0,21.43999671936035,0.9900000095367432,=NA(),0,64.81599426269531,1.4163999557495117,0.34380000829696655,0.08399999886751175,=NA(),20,1013.25,0,0,0,0,0,21.43999671936035,0,0,0,0,0,0,0,0,0,0,0,0,0,0
59,20,0,1,Night,,110.5184555053711,-20.51845932006836,243.97145080566406,0,0,0,0,19.360010147094727,1.4600000381469727,=NA(),0,64.81599426269531,1.4163999557495117,0.34380000829696655,0.08399999886751175,=NA(),20,1013.25,0,0,0,0,0,19.360010147094727,0,0,0,0,0,0,0,0,0,0,0,0,0,0
59,21,0,1,Night,,120.94450378417969,-30.944507598876953,232.20216369628906,0,0,0,0,17.100000381469727,2.23009991645813,=NA(),0,64.81599426269531,1.4163999557495117,0.34380000829696655,0.08399999886751175,=NA(),20,1013.25,0,0,0,0,0,17.100000381469727,0,0,0,0,0,0,0,0,0,0,0,0,0,0
59,22,0,1,Night,,129.6236114501953,-39.623619079589844,217.38267517089844,0,0,0,0,16.670007705688477,2.860100030899048,=NA(),0,64.81599426269531,1.4163999557495117,0.34380000829696655,0.08399999886751175,=NA(),20,1013.25,0,0,0,0,0,16.670007705688477,0,0,0,0,0,0,0,0,0,0,0,0,0,0
59,23,0,1,Night,,135.4480743408203,-45.44807434082031,198.76600646972656,0,0,0,0,16.719995498657227,3.240000009536743,=NA(),0,64.81599426269531,1.4163999557495117,0.34380000829696655,0.08399999886751175,=NA(),20,1013.25,0,0,0,0,0,16.719995498657227,0,0,0,0,0,0,0,0,0,0,0,0,0,0