Day of year,Hour,Minute,Period (h),Flag,Message,Solar zenith (degrees),Solar elevation (degrees),Solar azimuth (degrees),GHI (W/m2),DHI (W/m2),DNI (W/m2),Diffuse fraction,Ambient temperature (°C),Wind velocity (m/s),Wind direction,Opaque cloud fraction,Air mass,Precipitable water vapour (cm),Ozone (atm.cm),Aerosol optical density,Relative humidity (%),Far field albedo (%),Surface pressure (mb),Module tilt (degrees),Incident angle (degrees),VF power for Tmod [average] (W/m2),VF power for Tmod front [average] (W/m2),VF power for Tmod rear [average] (W/m2),Module temperature [average] (C),Power - no mismatch @25C [unit-system] (W),Power - no mismatch [unit-system] (W),Power [unit-system] (W),Vmp [average] (V),Imp [average] (A),Imp [minimum] (A),Voc [average] (V),Isc [average] (A),Jfront [average] (A/cm2),Ifront [average] (A),Jrear [average] (A/cm2),Irear [average] (A),Temperature loss (W),Cell-to-cell mismatch loss (W)
121,0,0,1,Night,,159.28659057617188,-69.2865982055664,164.40634155273438,0,0,0,0,9.559900283813477,3.599900007247925,=NA(),0,64.81599426269531,1.4163999557495117,0.34380000829696655,0.08399999886751175,=NA(),20,1013.25,0,0,0,0,0,9.559991836547852,0,0,0,0,0,0,0,0,0,0,0,0,0,0
121,1,0,1,Night,,152.6849365234375,-62.684932708740234,132.07989501953125,0,0,0,0,8.449792861938477,3.700000047683716,=NA(),0,64.81599426269531,1.4163999557495117,0.34380000829696655,0.08399999886751175,=NA(),20,1013.25,0,0,0,0,0,8.450006484985352,0,0,0,0,0,0,0,0,0,0,0,0,0,0
121,2,0,1,Night,,142.30162048339844,-52.3016242980957,113.00837707519531,0,0,0,0,6.569787502288818,3.690000057220459,=NA(),0,64.81599426269531,1.4163999557495117,0.34380000829696655,0.08399999886751175,=NA(),20,1013.25,0,0,0,0,0,6.570001125335693,0,0,0,0,0,0,0,0,0,0,0,0,0,0
121,3,0,1,Night,,130.5606689453125,-40.560665130615234,100.60384368896484,0,0,0,0,7.069695949554443,3.690000057220459,=NA(),0,64.81599426269531,1.4163999557495117,0.34380000829696655,0.08399999886751175,=NA(),20,1013.25,0,0,0,0,0,7.070001125335693,0,0,0,0,0,0,0,0,0,0,0,0,0,0
121,4,0,1,Night,,118.37269592285156,-28.37269401550293,91.08329010009766,0,0,0,0,6.529901027679443,3.630000114440918,=NA(),0,64.81599426269531,1.4163999557495117,0.34380000829696655,0.08399999886751175,=NA(),20,1013.25,0,0,0,0,0,6.529992580413818,0,0,0,0,0,0,0,0,0,0,0,0,0,0
121,5,0,1,Night,,106.15308380126953,-16.15308380126953,82.69691467285156,0,0,0,0,5.849908351898193,3.559999942779541,=NA(),0,64.81599426269531,1.4163999557495117,0.34380000829696655,0.08399999886751175,=NA(),20,1013.25,0,0,0,0,0,5.849999904632568,0,0,0,0,0,0,0,0,0,0,0,0,0,0
121,6,0,1,Day,,88.98800659179688,1.0119969844818115,71.07352447509766,2.1096999645233154,2.1096999645233154,0,1,6.250085353851318,4.110000133514404,=NA(),=NA(),26.21192741394043,1.4163999557495117,0.34380000829696655,0.08399999886751175,=NA(),20,1013.25,1.531908631324768,87.53897857666016,2.2799999713897705,2.109999895095825,0.17500001192092896,6.349999904632568,7.199999809265137,7.519999980926514,7.529795169830322,33.484703063964844,0.014054542407393456,0.014025203883647919,39.463226318359375,0.021213926374912262,0.00007125000411178917,0,0.000003999999989900971,0,-0.32000017166137695,-0.009795188903808594
121,7,0,1,Day,,82.42417907714844,7.575817108154297,65.69010162353516,120.69999694824219,108.63655090332031,91.50199890136719,0.9000542759895325,8.280206680297852,4.370100021362305,=NA(),=NA(),7.203593730926514,1.4163999557495117,0.34380000829696655,0.08399999886751175,=NA(),20,1013.25,12.251129150390625,71.30504608154297,190.54000854492188,183.80499267578125,6.739999771118164,16.05437660217285,1023.8800048828125,1053.3299560546875,1054.76416015625,40.338172912597656,1.634252667427063,1.6283433437347412,46.188453674316406,1.7216956615447998,0.005936687346547842,0,0.00014512499910779297,0,-29.449951171875,-1.4342041015625
121,8,0,1,Day,,71.79248046875,18.207521438598633,55.66117858886719,296.5899963378906,224.88052368164062,229.5,0.7582201957702637,13.129999160766602,4.039999961853027,=NA(),=NA(),3.173431634902954,1.4163999557495117,0.34380000829696655,0.08399999886751175,=NA(),20,1013.25,42.403289794921875,40.565452575683594,494.91998291015625,469.43499755859375,25.489999771118164,33.18938446044922,2928.60009765625,2845.179931640625,2848.937744140625,39.04011535644531,4.560980796813965,4.471705436706543,45.70728302001953,4.8062286376953125,0.016298124566674232,0,0.0005648750229738653,0,83.420166015625,-3.7578125
121,9,0,1,Day,,62.450462341308594,27.54953956604004,43.64561080932617,459.8999938964844,287.4280090332031,372.8999938964844,0.6249793767929077,17.469995498657227,3.619999885559082,=NA(),=NA(),2.1551434993743896,1.4163999557495117,0.34380000829696655,0.08399999886751175,=NA(),20,1013.25,52.917137145996094,39.909141540527344,634.02001953125,588.0350341796875,45.98500061035156,43.316246032714844,3805.679931640625,3574.60986328125,3577.17626953125,37.84519577026367,5.9077348709106445,5.791860580444336,44.86236572265625,6.2362494468688965,0.020850999280810356,0,0.0009670624858699739,0,231.070068359375,-2.56640625
121,10,0,1,Day,,55.17475128173828,34.82524871826172,28.986297607421875,573.010009765625,305.9694519042969,467.6099853515625,0.5339687466621399,20.839990615844727,2.9300999641418457,=NA(),=NA(),1.7479480504989624,1.4163999557495117,0.34380000829696655,0.08399999886751175,=NA(),20,1013.25,34.86081314086914,45.89522933959961,673.9400024414062,631.64501953125,42.29999923706055,48.417503356933594,4029.260009765625,3719.050048828125,3722.781982421875,37.16728210449219,6.260228157043457,6.190721035003662,44.30666732788086,6.616297245025635,0.02219468727707863,0,0.0008893749909475446,0,310.2099609375,-3.73193359375
121,11,0,1,Day,,50.90408706665039,39.09591293334961,11.640176773071289,623.1900024414062,306.9338684082031,501.5,0.4925205409526825,22.089990615844727,2.259999990463257,=NA(),=NA(),1.5836440324783325,1.4163999557495117,0.34380000829696655,0.08399999886751175,=NA(),20,1013.25,13.94494915008545,49.475685119628906,675.4300537109375,632.1650390625,43.26499938964844,49.776878356933594,4011.820068359375,3685.31005859375,3690.395263671875,36.96609878540039,6.239495754241943,6.215139389038086,44.12168502807617,6.599608421325684,0.022060062736272812,0,0.0009255000040866435,0,326.510009765625,-5.085205078125
121,12,0,1,Day,,50.427406311035156,39.572593688964844,352.8998107910156,306.6000061035156,285.96197509765625,32.395999908447266,0.9326874613761902,22.6400089263916,1.7000000476837158,=NA(),=NA(),1.5677138566970825,1.4163999557495117,0.34380000829696655,0.08399999886751175,=NA(),20,1013.25,-8.506001472473145,49.89872741699219,329.8500061035156,305.58001708984375,24.274999618530273,36.154991149902344,1889.6099853515625,1815.7099609375,1816.926513671875,38.240623474121094,2.969562292098999,2.9561517238616943,44.531288146972656,3.1362054347991943,0.010471062734723091,0,0.0005251250113360584,0,73.9000244140625,-1.216552734375
121,13,0,1,Day,,53.84749221801758,36.15250778198242,335.0489807128906,172.1999969482422,170.19557189941406,3.397700071334839,0.9883599281311035,22.6299991607666,1.2798999547958374,=NA(),=NA(),1.6923434734344482,1.4163999557495117,0.34380000829696655,0.08399999886751175,=NA(),20,1013.25,-30.001258850097656,47.061832427978516,177.89498901367188,157.89500427246094,19.994998931884766,29.983118057250977,978.9000244140625,959.9600219726562,959.2373657226562,38.38054275512695,1.561978816986084,1.5108569860458374,44.20805740356445,1.6558454036712646,0.005428312346339226,0,0.00039543749880976975,0,18.94000244140625,0.72265625
121,14,0,1,Day,,60.49536895751953,29.5046329498291,319.7171936035156,273.5,249.0200958251953,49.70600128173828,0.9104939699172974,23.230005264282227,0.9100000262260437,=NA(),=NA(),2.0249650478363037,1.4163999557495117,0.34380000829696655,0.08399999886751175,=NA(),20,1013.25,-48.80710983276367,41.60038757324219,310.09002685546875,270.8699951171875,39.224998474121094,36.026268005371094,1749.8699951171875,1681.739990234375,1681.2513427734375,38.23666000366211,2.747990131378174,2.638453722000122,44.40983200073242,2.908856153488159,0.00941531267017126,0,0.0007906875107437372,0,68.1300048828125,0.4886474609375
121,15,0,1,Day,,69.42415618896484,20.575843811035156,307.1282043457031,168.50999450683594,162.2872772216797,17.70599937438965,0.9630721211433411,23.2499942779541,0.4399999976158142,=NA(),=NA(),2.82719087600708,1.4163999557495117,0.34380000829696655,0.08399999886751175,=NA(),20,1013.25,-60,34.699642181396484,191.56500244140625,155.85499572753906,35.709999084472656,31.194360733032227,1059.02001953125,1034.1700439453125,1031.4794921875,38.42955017089844,1.6772263050079346,1.5932128429412842,44.177764892578125,1.784850001335144,0.00568793760612607,0,0.0005937499809078872,0,24.8499755859375,2.6905517578125
121,16,0,1,Day,,79.81626892089844,10.183732986450195,296.70623779296875,33.09199905395508,33.00531005859375,0.4902999997138977,0.9973803758621216,20.980005264282227,0.460099995136261,=NA(),=NA(),5.493565559387207,1.4163999557495117,0.34380000829696655,0.08399999886751175,=NA(),20,1013.25,-17.26959991455078,64.54159545898438,35.18000030517578,32.03499984741211,3.1449999809265137,22.451257705688477,177.9199981689453,179.33999633789062,179.0928192138672,36.978057861328125,0.30269935727119446,0.29730841517448425,42.36674499511719,0.32776522636413574,0.0010878749890252948,0,0.00006568750541191548,0,-1.4199981689453125,0.2471771240234375
121,17,0,1,Night,Sun above horizon but GHI below 1,87.7443618774414,2.2556378841400146,290.1260681152344,0,0,0,0,17.7700138092041,0.9900000095367432,=NA(),0,18.155302047729492,1.4163999557495117,0.34380000829696655,0.08399999886751175,=NA(),20,1013.25,0,0,0,0,0,17.7700138092041,0,0,0,0,0,0,0,0,0,0,0,0,0,0
121,18,0,1,Night,,103.27725219726562,-13.277249336242676,279.4393005371094,0,0,0,0,14.839990615844727,1.4600000381469727,=NA(),0,64.81599426269531,1.4163999557495117,0.34380000829696655,0.08399999886751175,=NA(),20,1013.25,0,0,0,0,0,14.839990615844727,0,0,0,0,0,0,0,0,0,0,0,0,0,0
121,19,0,1,Night,,115.47052764892578,-25.47052574157715,271.203369140625,0,0,0,0,14.570001602172852,1.8799999952316284,=NA(),0,64.81599426269531,1.4163999557495117,0.34380000829696655,0.08399999886751175,=NA(),20,1013.25,0,0,0,0,0,14.570001602172852,0,0,0,0,0,0,0,0,0,0,0,0,0,0
121,20,0,1,Night,,127.7129898071289,-37.71299362182617,262.128173828125,0,0,0,0,13.270013809204102,2.2699999809265137,=NA(),0,64.81599426269531,1.4163999557495117,0.34380000829696655,0.08399999886751175,=NA(),20,1013.25,0,0,0,0,0,13.270013809204102,0,0,0,0,0,0,0,0,0,0,0,0,0,0
121,21,0,1,Night,,139.6454620361328,-49.64545440673828,250.73736572265625,0,0,0,0,12.570001602172852,2.610100030899048,=NA(),0,64.81599426269531,1.4163999557495117,0.34380000829696655,0.08399999886751175,=NA(),20,1013.25,0,0,0,0,0,12.570001602172852,0,0,0,0,0,0,0,0,0,0,0,0,0,0
121,22,0,1,Night,,150.55056762695312,-60.550559997558594,233.90228271484375,0,0,0,0,11.899988174438477,2.8399999141693115,=NA(),0,64.81599426269531,1.4163999557495117,0.34380000829696655,0.08399999886751175,=NA(),20,1013.25,0,0,0,0,0,11.899988174438477,0,0,0,0,0,0,0,0,0,0,0,0,0,0
121,23,0,1,Night,,158.5129852294922,-68.51297760009766,205.24444580078125,0,0,0,0,11.480005264282227,2.9800000190734863,=NA(),0,64.81599426269531,1.4163999557495117,0.34380000829696655,0.08399999886751175,=NA(),20,1013.25,0,0,0,0,0,11.480005264282227,0,0,0,0,0,0,0,0,0,0,0,0,0,0
122,0,0,1,Night,,159.57366943359375,-69.57366943359375,164.12789916992188,0,0,0,0,10.279993057250977,3.0799999237060547,=NA(),0,64.81599426269531,1.4163999557495117,0.34380000829696655,0.08399999886751175,=NA(),20,1013.25,0,0,0,0,0,10.279993057250977,0,0,0,0,0,0,0,0,0,0,0,0,0,0
122,1,0,1,Night,,152.90036010742188,-62.900360107421875,131.61366271972656,0,0,0,0,10.749994277954102,3.2600998878479004,=NA(),0,64.81599426269531,1.4163999557495117,0.34380000829696655,0.08399999886751175,=NA(),20,1013.25,0,0,0,0,0,10.749994277954102,0,0,0,0,0,0,0,0,0,0,0,0,0,0
122,2,0,1,Night,,142.4667510986328,-52.46674346923828,112.59249877929688,0,0,0,0,10.920007705688477,3.51990008354187,=NA(),0,64.81599426269531,1.4163999557495117,0.34380000829696655,0.08399999886751175,=NA(),20,1013.25,0,0,0,0,0,10.920007705688477,0,0,0,0,0,0,0,0,0,0,0,0,0,0
122,3,0,1,Night,,130.70252990722656,-40.70252990722656,100.2515869140625,0,0,0,0,9.940210342407227,3.599900007247925,=NA(),0,64.81599426269531,1.4163999557495117,0.34380000829696655,0.08399999886751175,=NA(),20,1013.25,0,0,0,0,0,9.939996719360352,0,0,0,0,0,0,0,0,0,0,0,0,0,0
122,4,0,1,Night,,118.50752258300781,-28.507524490356445,90.77543640136719,0,0,0,0,8.399896621704102,3.599900007247925,=NA(),0,64.81599426269531,1.4163999557495117,0.34380000829696655,0.08399999886751175,=NA(),20,1013.25,0,0,0,0,0,8.399988174438477,0,0,0,0,0,0,0,0,0,0,0,0,0,0
122,5,0,1,Night,,106.29069519042969,-16.290691375732422,82.41704559326172,0,0,0,0,9.159814834594727,3.630000114440918,=NA(),0,64.81599426269531,1.4163999557495117,0.34380000829696655,0.08399999886751175,=NA(),20,1013.25,0,0,0,0,0,9.159997940063477,0,0,0,0,0,0,0,0,0,0,0,0,0,0
122,6,0,1,Night,Sun below height limit of 1 degrees.,89.06292724609375,0.9370725750923157,70.75745391845703,0,0,0,0,9.470209121704102,3.98009991645813,=NA(),0,26.879737854003906,1.4163999557495117,0.34380000829696655,0.08399999886751175,=NA(),20,1013.25,0,0,0,0,0,9.469995498657227,0,0,0,0,0,0,0,0,0,0,0,0,0,0
122,7,0,1,Day,,82.59187316894531,7.40812349319458,65.43759155273438,128.60000610351562,114.88119506835938,106.4000015258789,0.8933218717575073,10.649988174438477,4.340000152587891,=NA(),=NA(),7.349604606628418,1.4163999557495117,0.34380000829696655,0.08399999886751175,=NA(),20,1013.25,11.989067077636719,71.73125457763672,208.6199951171875,201.8249969482422,6.795000076293945,19.1981143951416,1110.8199462890625,1130.679931640625,1132.312744140625,39.98490524291992,1.769906759262085,1.7642924785614014,45.89801788330078,1.865174412727356,0.006431687623262405,0,0.00014706249930895865,0,-19.8599853515625,-1.6328125
122,8,0,1,Day,,71.98719787597656,18.012802124023438,55.41863250732422,247.5,204.48617553710938,139.10000610351562,0.8262067437171936,15.200006484985352,4.309899806976318,=NA(),=NA(),3.2059166431427,1.4163999557495117,0.34380000829696655,0.08399999886751175,=NA(),20,1013.25,41.711177825927734,41.25254440307617,384.6500244140625,360.5849914550781,24.064998626708984,30.826868057250977,2243.800048828125,2196.360107421875,2198.822265625,39.1446533203125,3.5107672214508057,3.427978992462158,45.545528411865234,3.701150417327881,0.012464500032365322,0,0.0005323750083334744,0,47.43994140625,-2.462158203125
122,9,0,1,Day,,62.67764663696289,27.322351455688477,43.42194366455078,317.1099853515625,262.39764404296875,119.19999694824219,0.8274657130241394,19.95000648498535,4.530099868774414,=NA(),=NA(),2.171525001525879,1.4163999557495117,0.34380000829696655,0.08399999886751175,=NA(),20,1013.25,53.07101821899414,40.186885833740234,389.7149963378906,345.8349914550781,43.88500213623047,35.92937469482422,2257.02001953125,2171.239990234375,2170.73974609375,38.52530288696289,3.52158784866333,3.4006214141845703,44.87821960449219,3.7244484424591064,0.012163374572992325,0,0.0009084374760277569,0,85.780029296875,0.500244140625
122,10,0,1,Day,,55.43683624267578,34.56316375732422,28.80528450012207,580.6099853515625,308.179931640625,480.2099914550781,0.5307864546775818,21.43999671936035,4.619900226593018,=NA(),=NA(),1.7594739198684692,1.4163999557495117,0.34380000829696655,0.08399999886751175,=NA(),20,1013.25,34.9697265625,46.186988830566406,683.6749877929688,640.9000244140625,42.775001525878906,49.422508239746094,4086.739990234375,3759.070068359375,3763.79150390625,37.02783966064453,6.35302209854126,6.2833638191223145,44.20269012451172,6.718038082122803,0.022510500624775887,0,0.0008991875220090151,0,327.669921875,-4.721435546875
122,11,0,1,Day,,51.19478988647461,38.80521011352539,11.538750648498535,635.2100219726562,308.023193359375,522.0999755859375,0.48491552472114563,22.540002822875977,4.440000057220459,=NA(),=NA(),1.5935728549957275,1.4163999557495117,0.34380000829696655,0.08399999886751175,=NA(),20,1013.25,13.968364715576172,49.776519775390625,688.8300170898438,645.175048828125,43.654998779296875,50.792503356933594,4096.56005859375,3749.97998046875,3754.9873046875,36.84010314941406,6.37041711807251,6.347927093505859,44.02940368652344,6.7394537925720215,0.022531187161803246,0,0.0009343124693259597,0,346.580078125,-5.00732421875
122,12,0,1,Day,,50.72840881347656,39.27159118652344,352.90435791015625,631.010009765625,306.9787902832031,511.8999938964844,0.4864879846572876,23.0100040435791,4.079899787902832,=NA(),=NA(),1.5777230262756348,1.4163999557495117,0.34380000829696655,0.08399999886751175,=NA(),20,1013.25,-8.590811729431152,50.19478225708008,677.9649658203125,634.6600341796875,43.30500030517578,50.84062957763672,4022.85009765625,3681.610107421875,3686.255615234375,36.82789993286133,6.255882740020752,6.241469860076904,43.988731384277344,6.616636276245117,0.022110188379883766,0,0.0009379999828524888,0,341.239990234375,-4.6455078125
122,13,0,1,Day,,54.13728713989258,35.86271286010742,335.1490173339844,381.79998779296875,311.9086608886719,119.30000305175781,0.816942572593689,23.92998695373535,3.7499001026153564,=NA(),=NA(),1.7041040658950806,1.4163999557495117,0.34380000829696655,0.08399999886751175,=NA(),20,1013.25,-30.172067642211914,47.339439392089844,417.2449951171875,381.9750061035156,35.275001525878906,41.04125213623047,2415.25,2283.260009765625,2285.759765625,37.7972412109375,3.779672622680664,3.70583176612854,44.324195861816406,3.9950692653656006,0.01325168740004301,0,0.0007134375046007335,0,131.989990234375,-2.499755859375
122,14,0,1,Day,,60.76097869873047,29.23902130126953,319.8786926269531,183.2899932861328,179.77493286132812,7.196300029754639,0.9808223843574524,23.68999671936035,3.450000047683716,=NA(),=NA(),2.0415878295898438,1.4163999557495117,0.34380000829696655,0.08399999886751175,=NA(),20,1013.25,-49.020259857177734,41.85545349121094,186.96499633789062,154.81500244140625,32.14500045776367,31.5049991607666,1006.2799682617188,981.4700317382812,977.3247680664062,38.37910079956055,1.5911221504211426,1.501551866531372,44.04496383666992,1.697456955909729,0.005336937494575977,0,0.0006438125274144113,0,24.8099365234375,4.145263671875
122,15,0,1,Day,,69.66300201416016,20.336999893188477,307.3222351074219,216.88999938964844,196.2825469970703,59.29499816894531,0.9049866199493408,22.8699893951416,2.3099000453948975,=NA(),=NA(),2.8584656715393066,1.4163999557495117,0.34380000829696655,0.08399999886751175,=NA(),20,1013.25,-60,34.961517333984375,294.91497802734375,256.94000244140625,37.970001220703125,35.006248474121094,1684.3599853515625,1624.4200439453125,1623.2366943359375,38.3571662902832,2.644871473312378,2.5540690422058105,44.47992706298828,2.7997217178344727,0.009209937416017056,0,0.000624749984126538,0,59.93994140625,1.183349609375
122,16,0,1,Day,,80.03130340576172,9.968697547912598,296.91802978515625,71.00800323486328,70.29656982421875,4.1097002029418945,0.989980936050415,22.55999183654785,2.54010009765625,=NA(),=NA(),5.603719234466553,1.4163999557495117,0.34380000829696655,0.08399999886751175,=NA(),20,1013.25,-16.896018981933594,65.1103515625,83.48500061035156,77.32499694824219,6.159999847412109,26.0150089263916,443.66998291015625,441.1300048828125,441.3096618652344,37.773555755615234,0.7301859855651855,0.720429539680481,43.400516510009766,0.7771263122558594,0.002603125059977174,0,0.00012974999845027924,0,2.53997802734375,-0.179656982421875
122,17,0,1,Night,Sun above horizon but GHI below 1,87.8421401977539,2.1578562259674072,290.4229431152344,0,0,0,0,18.709985733032227,2.8399999141693115,=NA(),0,18.628135681152344,1.4163999557495117,0.34380000829696655,0.08399999886751175,=NA(),20,1013.25,0,0,0,0,0,18.709985733032227,0,0,0,0,0,0,0,0,0,0,0,0,0,0
122,18,0,1,Night,,103.46246337890625,-13.462467193603516,279.680908203125,0,0,0,0,17.360010147094727,3.140000104904175,=NA(),0,64.81599426269531,1.4163999557495117,0.34380000829696655,0.08399999886751175,=NA(),20,1013.25,0,0,0,0,0,17.360010147094727,0,0,0,0,0,0,0,0,0,0,0,0,0,0
122,19,0,1,Night,,115.65127563476562,-25.651273727416992,271.46826171875,0,0,0,0,16.149988174438477,3.589900016784668,=NA(),0,64.81599426269531,1.4163999557495117,0.34380000829696655,0.08399999886751175,=NA(),20,1013.25,0,0,0,0,0,16.149988174438477,0,0,0,0,0,0,0,0,0,0,0,0,0,0
122,20,0,1,Night,,127.89702606201172,-37.89702606201172,262.4272766113281,0,0,0,0,15.480005264282227,3.909899950027466,=NA(),0,64.81599426269531,1.4163999557495117,0.34380000829696655,0.08399999886751175,=NA(),20,1013.25,0,0,0,0,0,15.480005264282227,0,0,0,0,0,0,0,0,0,0,0,0,0,0
122,21,0,1,Night,,139.84512329101562,-49.84511947631836,251.08258056640625,0,0,0,0,15.490015029907227,3.9198999404907227,=NA(),0,64.81599426269531,1.4163999557495117,0.34380000829696655,0.08399999886751175,=NA(),20,1013.25,0,0,0,0,0,15.490015029907227,0,0,0,0,0,0,0,0,0,0,0,0,0,0
122,22,0,1,Night,,150.78549194335938,-60.78549575805664,234.2805633544922,0,0,0,0,14.300012588500977,3.7200000286102295,=NA(),0,64.81599426269531,1.4163999557495117,0.34380000829696655,0.08399999886751175,=NA(),20,1013.25,0,0,0,0,0,14.300012588500977,0,0,0,0,0,0,0,0,0,0,0,0,0,0
122,23,0,1,Night,,158.8002471923828,-68.80024719238281,205.47299194335938,0,0,0,0,13.809991836547852,3.420099973678589,=NA(),0,64.81599426269531,1.4163999557495117,0.34380000829696655,0.08399999886751175,=NA(),20,1013.25,0,0,0,0,0,13.809991836547852,0,0,0,0,0,0,0,0,0,0,0,0,0,0
123,0,0,1,Night,,159.8567352294922,-69.85673522949219,163.85130310058594,0,0,0,0,12.879999160766602,3.1600000858306885,=NA(),0,64.81599426269531,1.4163999557495117,0.34380000829696655,0.08399999886751175,=NA(),20,1013.25,0,0,0,0,0,12.879999160766602,0,0,0,0,0,0,0,0,0,0,0,0,0,0
123,1,0,1,Night,,153.112548828125,-63.112545013427734,131.15042114257812,0,0,0,0,12.020013809204102,3,=NA(),0,64.81599426269531,1.4163999557495117,0.34380000829696655,0.08399999886751175,=NA(),20,1013.25,0,0,0,0,0,12.020013809204102,0,0,0,0,0,0,0,0,0,0,0,0,0,0
123,2,0,1,Night,,142.62979125976562,-52.62979507446289,112.1812744140625,0,0,0,0,12.029993057250977,2.9300999641418457,=NA(),0,64.81599426269531,1.4163999557495117,0.34380000829696655,0.08399999886751175,=NA(),20,1013.25,0,0,0,0,0,12.029993057250977,0,0,0,0,0,0,0,0,0,0,0,0,0,0
123,3,0,1,Night,,130.84315490722656,-40.8431510925293,99.90413665771484,0,0,0,0,10.399988174438477,2.9300999641418457,=NA(),0,64.81599426269531,1.4163999557495117,0.34380000829696655,0.08399999886751175,=NA(),20,1013.25,0,0,0,0,0,10.399988174438477,0,0,0,0,0,0,0,0,0,0,0,0,0,0
123,4,0,1,Night,,118.64153289794922,-28.641529083251953,90.47222900390625,0,0,0,0,9.359888076782227,2.9800000190734863,=NA(),0,64.81599426269531,1.4163999557495117,0.34380000829696655,0.08399999886751175,=NA(),20,1013.25,0,0,0,0,0,9.360010147094727,0,0,0,0,0,0,0,0,0,0,0,0,0,0
123,5,0,1,Night,,106.42822265625,-16.428224563598633,82.14175415039062,0,0,0,0,9.599786758422852,3.049999952316284,=NA(),0,64.81599426269531,1.4163999557495117,0.34380000829696655,0.08399999886751175,=NA(),20,1013.25,0,0,0,0,0,9.600000381469727,0,0,0,0,0,0,0,0,0,0,0,0,0,0
123,6,0,1,Night,Sun below height limit of 1 degrees.,89.12904357910156,0.8709588050842285,70.44385528564453,0.5078999996185303,0.5078999996185303,0,1,9.030115127563477,3.599900007247925,=NA(),0,27.491573333740234,1.4163999557495117,0.34380000829696655,0.08399999886751175,=NA(),20,1013.25,0,0,0,0,0,9.029993057250977,0,0,0,0,0,0,0,0,0,0,0,0,0,0
123,7,0,1,Day,,82.75838470458984,7.241615295410156,65.19003295898438,124.30000305175781,111.40469360351562,102.30000305175781,0.8962565660476685,12.089990615844727,3.839900016784668,=NA(),=NA(),7.5003533363342285,1.4163999557495117,0.34380000829696655,0.08399999886751175,=NA(),20,1013.25,11.728734016418457,72.153564453125,200.6199951171875,194.0050048828125,6.614999771118164,20.3381290435791,1055.9300537109375,1070.739990234375,1072.2984619140625,39.75752639770508,1.685684323310852,1.6801648139953613,45.656471252441406,1.7773407697677612,0.006122250109910965,0,0.00014350000128615648,0,-14.8099365234375,-1.5584716796875
123,8,0,1,Day,,72.1803970336914,17.819604873657227,55.181453704833984,119.80999755859375,118.064208984375,5.704800128936768,0.9854286909103394,14.800012588500977,4.099999904632568,=NA(),=NA(),3.2388417720794678,1.4163999557495117,0.34380000829696655,0.08399999886751175,=NA(),20,1013.25,41.04293441772461,41.925865173339844,133.73500061035156,116.55000305175781,17.184999465942383,20.339990615844727,715.3400268554688,725.6699829101562,723.9085693359375,39.45311737060547,1.1465712785720825,1.0934131145477295,45.00075912475586,1.2199974060058594,0.003934625070542097,0,0.0003755000070668757,0,-10.3299560546875,1.76141357421875
123,9,0,1,Day,,62.9027214050293,27.09727668762207,43.20406723022461,458.9100036621094,287.5453796386719,376.2099914550781,0.6265833973884583,18.7499942779541,4.71999979019165,=NA(),=NA(),2.1880345344543457,1.4163999557495117,0.34380000829696655,0.08399999886751175,=NA(),20,1013.25,53.225738525390625,40.459449768066406,634.875,588.7000122070312,46.17499923706055,44.628746032714844,3808.9599609375,3561.590087890625,3566.0595703125,37.6454963684082,5.920626640319824,5.805300235748291,44.69351577758789,6.253910064697266,0.02086474932730198,0,0.0009720624657347798,0,247.369873046875,-4.469482421875
123,10,0,1,Day,,55.696292877197266,34.303707122802734,28.630062103271484,607.0999755859375,321.42156982421875,506.8999938964844,0.5294376015663147,22.1199893951416,4.70989990234375,=NA(),=NA(),1.7710713148117065,1.4163999557495117,0.34380000829696655,0.08399999886751175,=NA(),20,1013.25,35.080894470214844,46.47389602661133,715.760009765625,671.1300048828125,44.625,51.449363708496094,4279.1201171875,3908.7099609375,3914.16455078125,36.768131256103516,6.653509140014648,6.580885410308838,44.027408599853516,7.040713310241699,0.023562749847769737,0,0.0009382499847561121,0,370.41015625,-5.45458984375
123,11,0,1,Day,,51.481868743896484,38.518131256103516,11.441993713378906,715.010009765625,343.2147216796875,597.010009765625,0.4800138771533966,23.7499942779541,4.479899883270264,=NA(),=NA(),1.6035410165786743,1.4163999557495117,0.34380000829696655,0.08399999886751175,=NA(),20,1013.25,13.994745254516602,50.07289123535156,775.300048828125,726.0250244140625,49.275001525878906,55.66374969482422,4608.2099609375,4148,4153.38037109375,36.23096466064453,7.164768218994141,7.1386847496032715,43.62388610839844,7.588633060455322,0.02531675063073635,0,0.0010546875419095159,0,460.2099609375,-5.38037109375
123,12,0,1,Day,,51.02497482299805,38.97502517700195,352.91131591796875,725.2000122070312,344.3516540527344,605.5,0.4748367965221405,23.3900089263916,4.520100116729736,=NA(),=NA(),1.5877528190612793,1.4163999557495117,0.34380000829696655,0.08399999886751175,=NA(),20,1013.25,-8.672395706176758,50.486785888671875,779.2550048828125,729.4349975585938,49.81500244140625,55.467491149902344,4627.080078125,4168,4173.28515625,36.25914764404297,7.193502902984619,7.177048683166504,43.6573486328125,7.616724967956543,0.025400249287486076,0,0.001078624976798892,0,459.080078125,-5.28515625
123,13,0,1,Day,,54.42241287231445,35.57758712768555,335.24920654296875,390.80999755859375,312.66778564453125,134.30999755859375,0.8000506162643433,25.5200138092041,4.739999771118164,=NA(),=NA(),1.7158780097961426,1.4163999557495117,0.34380000829696655,0.08399999886751175,=NA(),20,1013.25,-30.33953285217285,47.61347961425781,428.27001953125,392.5,35.769996643066406,43.09874725341797,2483.139892578125,2330.81005859375,2333.512451171875,37.536495208740234,3.885439157485962,3.810967206954956,44.10165023803711,4.108605861663818,0.013623500242829323,0,0.0007249375339597464,0,152.329833984375,-2.702392578125
123,14,0,1,Day,,61.02195739746094,28.978042602539062,320.0389404296875,107.5999984741211,106.82585906982422,1.5979000329971313,0.9928054213523865,23.980005264282227,3.4398999214172363,=NA(),=NA(),2.05823016166687,1.4163999557495117,0.34380000829696655,0.08399999886751175,=NA(),20,1013.25,-49.229740142822266,42.10736083984375,104.88500213623047,84.5999984741211,20.28499984741211,28.40313148498535,542.6599731445312,534.8200073242188,530.9735107421875,38.041542053222656,0.8720003962516785,0.8125383257865906,43.40371322631836,0.9382487535476685,0.0029049376025795937,0,0.00040556248859502375,0,7.8399658203125,3.84649658203125
123,15,0,1,Day,,69.8973388671875,20.102663040161133,307.51446533203125,269.7900085449219,220.47201538085938,143.49000549316406,0.8171985745429993,22.300012588500977,2.4798998832702637,=NA(),=NA(),2.8898720741271973,1.4163999557495117,0.34380000829696655,0.08399999886751175,=NA(),20,1013.25,-60,35.220985412597656,406.83001708984375,366.1549987792969,40.66999816894531,38.974998474121094,2361.199951171875,2248.0400390625,2249.473876953125,38.08354949951172,3.6917543411254883,3.592305898666382,44.55613708496094,3.9005379676818848,0.012993937358260155,0,0.0006660624640062451,0,113.159912109375,-1.433837890625
123,16,0,1,Day,,80.24102020263672,9.758976936340332,297.1278381347656,17.190000534057617,17.175067901611328,0.08810000121593475,0.9991313219070435,21.170007705688477,2.430000066757202,=NA(),=NA(),5.7154364585876465,1.4163999557495117,0.34380000829696655,0.08399999886751175,=NA(),20,1013.25,-16.53376579284668,65.66290283203125,18.264999389648438,16.650001525878906,1.6150000095367432,21.93999671936035,87.75,88.66000366210938,88.69048309326172,35.84538269042969,0.15463890135288239,0.15219949185848236,41.25479507446289,0.17021486163139343,0.0005654374836012721,0,0.00003399999695830047,0,-0.910003662109375,-0.03047943115234375
123,17,0,1,Night,Sun above horizon but GHI below 1,87.92994689941406,2.0700509548187256,290.7176513671875,0,0,0,0,13.730005264282227,2.469899892807007,=NA(),0,19.071287155151367,1.4163999557495117,0.34380000829696655,0.08399999886751175,=NA(),20,1013.25,0,0,0,0,0,13.730005264282227,0,0,0,0,0,0,0,0,0,0,0,0,0,0
123,18,0,1,Night,,103.64430236816406,-13.644304275512695,279.9205627441406,0,0,0,0,14.899988174438477,2.6700000762939453,=NA(),0,64.81599426269531,1.4163999557495117,0.34380000829696655,0.08399999886751175,=NA(),20,1013.25,0,0,0,0,0,14.899988174438477,0,0,0,0,0,0,0,0,0,0,0,0,0,0
123,19,0,1,Night,,115.82772827148438,-25.827730178833008,271.73126220703125,0,0,0,0,14.499994277954102,2.9700000286102295,=NA(),0,64.81599426269531,1.4163999557495117,0.34380000829696655,0.08399999886751175,=NA(),20,1013.25,0,0,0,0,0,14.499994277954102,0,0,0,0,0,0,0,0,0,0,0,0,0,0
123,20,0,1,Night,,128.07632446289062,-38.076316833496094,262.7248840332031,0,0,0,0,14.050012588500977,3.450000047683716,=NA(),0,64.81599426269531,1.4163999557495117,0.34380000829696655,0.08399999886751175,=NA(),20,1013.25,0,0,0,0,0,14.050012588500977,0,0,0,0,0,0,0,0,0,0,0,0,0,0
123,21,0,1,Night,,140.03958129882812,-50.039573669433594,251.42747497558594,0,0,0,0,13.550012588500977,4.570000171661377,=NA(),0,64.81599426269531,1.4163999557495117,0.34380000829696655,0.08399999886751175,=NA(),20,1013.25,0,0,0,0,0,13.550012588500977,0,0,0,0,0,0,0,0,0,0,0,0,0,0
123,22,0,1,Night,,151.0147705078125,-61.014774322509766,234.661865234375,0,0,0,0,13.499994277954102,4.619900226593018,=NA(),0,64.81599426269531,1.4163999557495117,0.34380000829696655,0.08399999886751175,=NA(),20,1013.25,0,0,0,0,0,13.499994277954102,0,0,0,0,0,0,0,0,0,0,0,0,0,0
123,23,0,1,Night,,159.08242797851562,-69.08242797851562,205.70919799804688,0,0,0,0,13.320001602172852,3.1198999881744385,=NA(),0,64.81599426269531,1.4163999557495117,0.34380000829696655,0.08399999886751175,=NA(),20,1013.25,0,0,0,0,0,13.320001602172852,0,0,0,0,0,0,0,0,0,0,0,0,0,0
124,0,0,1,Night,,160.13583374023438,-70.1358413696289,163.5768280029297,0,0,0,0,13.899988174438477,2.440000057220459,=NA(),0,64.81599426269531,1.4163999557495117,0.34380000829696655,0.08399999886751175,=NA(),20,1013.25,0,0,0,0,0,13.899988174438477,0,0,0,0,0,0,0,0,0,0,0,0,0,0
124,1,0,1,Night,,153.32144165039062,-63.321434020996094,130.6904754638672,0,0,0,0,13.429986953735352,2.2499001026153564,=NA(),0,64.81599426269531,1.4163999557495117,0.34380000829696655,0.08399999886751175,=NA(),20,1013.25,0,0,0,0,0,13.429986953735352,0,0,0,0,0,0,0,0,0,0,0,0,0,0
124,2,0,1,Night,,142.79063415527344,-52.79064178466797,111.7749252319336,0,0,0,0,13.399988174438477,2.3801000118255615,=NA(),0,64.81599426269531,1.4163999557495117,0.34380000829696655,0.08399999886751175,=NA(),20,1013.25,0,0,0,0,0,13.399988174438477,0,0,0,0,0,0,0,0,0,0,0,0,0,0
124,3,0,1,Night,,130.9822540283203,-40.98225402832031,99.56165313720703,0,0,0,0,12.550012588500977,2.079900026321411,=NA(),0,64.81599426269531,1.4163999557495117,0.34380000829696655,0.08399999886751175,=NA(),20,1013.25,0,0,0,0,0,12.550012588500977,0,0,0,0,0,0,0,0,0,0,0,0,0,0
124,4,0,1,Night,,118.77444458007812,-28.774446487426758,90.1738052368164,0,0,0,0,11.899988174438477,2.0999999046325684,=NA(),0,64.81599426269531,1.4163999557495117,0.34380000829696655,0.08399999886751175,=NA(),20,1013.25,0,0,0,0,0,11.899988174438477,0,0,0,0,0,0,0,0,0,0,0,0,0,0
124,5,0,1,Night,,106.56475830078125,-16.564754486083984,81.87117004394531,0,0,0,0,11.709985733032227,1.9901000261306763,=NA(),0,64.81599426269531,1.4163999557495117,0.34380000829696655,0.08399999886751175,=NA(),20,1013.25,0,0,0,0,0,11.709985733032227,0,0,0,0,0,0,0,0,0,0,0,0,0,0
124,6,0,1,Night,Sun below height limit of 1 degrees.,89.19945526123047,0.8005416393280029,70.13762664794922,0,0,0,0,9.990015029907227,1.9901000261306763,=NA(),0,28.16735076904297,1.4163999557495117,0.34380000829696655,0.08399999886751175,=NA(),20,1013.25,0,0,0,0,0,9.990015029907227,0,0,0,0,0,0,0,0,0,0,0,0,0,0
124,7,0,1,Day,,82.92273712158203,7.077263355255127,64.9474868774414,118.80999755859375,106.95668029785156,96.20600128173828,0.9002329707145691,10.499994277954102,1.910099983215332,=NA(),=NA(),7.655121803283691,1.4163999557495117,0.34380000829696655,0.08399999886751175,=NA(),20,1013.25,11.47174072265625,72.56959533691406,190.0800018310547,183.66000366210938,6.420000076293945,18.3225040435791,989.0700073242188,1009.8699951171875,1011.2908935546875,39.96549606323242,1.5815062522888184,1.5759694576263428,45.82136154174805,1.6673541069030762,0.00574443768709898,0,0.00013912499707657844,0,-20.79998779296875,-1.4208984375
124,8,0,1,Day,,72.37201690673828,17.62798500061035,54.94969177246094,148.6999969482422,143.40219116210938,17.493999481201172,0.9643725156784058,12.119989395141602,1.7799999713897705,=NA(),=NA(),3.2722010612487793,1.4163999557495117,0.34380000829696655,0.08399999886751175,=NA(),20,1013.25,40.396629333496094,42.585792541503906,178.11000061035156,158.41000366210938,19.69499969482422,19.4368839263916,976.47998046875,993.260009765625,992.2761840820312,39.930747985839844,1.5529568195343018,1.4907665252685547,45.64667510986328,1.644472599029541,0.005377062596380711,0,0.0004328749782871455,0,-16.780029296875,0.98382568359375
124,9,0,1,Day,,63.125423431396484,26.87457847595215,42.99200439453125,109.48999786376953,108.6810302734375,1.7896000146865845,0.9926114678382874,12.499994277954102,1.4399000406265259,=NA(),=NA(),2.204650640487671,1.4163999557495117,0.34380000829696655,0.08399999886751175,=NA(),20,1013.25,53.381038665771484,40.72665786743164,106.07499694824219,83.66999816894531,22.405000686645508,16.946252822875977,546.8900146484375,561.5999755859375,555.9285888671875,39.834205627441406,0.8719009757041931,0.8081198930740356,45.021141052246094,0.9403464794158936,0.0028772500809282064,0,0.00045793750905431807,0,-14.7099609375,5.67138671875
124,10,0,1,Day,,55.952171325683594,34.047828674316406,28.460613250732422,122.5,121.49114227294922,1.801900029182434,0.9917644262313843,12.550012588500977,1.25,=NA(),=NA(),1.7826943397521973,1.4163999557495117,0.34380000829696655,0.08399999886751175,=NA(),20,1013.25,35.193424224853516,46.75523376464844,123.96499633789062,107.56500244140625,16.399999618530273,17.6662540435791,664.8400268554688,680.8099975585938,679.5613403320312,39.717430114746094,1.0692211389541626,1.0247371196746826,45.24881362915039,1.1368659734725952,0.0036931876093149185,0,0.00032543748966418207,0,-15.969970703125,1.2486572265625
124,11,0,1,Day,,51.76433563232422,38.23566436767578,11.349872589111328,233.58999633789062,227.77378845214844,9.397700309753418,0.9751007556915283,12.980005264282227,1.1101000308990479,=NA(),=NA(),1.6135106086730957,1.4163999557495117,0.34380000829696655,0.08399999886751175,=NA(),20,1013.25,14.023714065551758,50.36384582519531,249.94500732421875,229.53500366210938,20.40999984741211,23.1918888092041,1408.3800048828125,1414.1199951171875,1412.3641357421875,39.824798583984375,2.2165327072143555,2.1903412342071533,45.75809097290039,2.340158462524414,0.007840375415980816,0,0.00042968749767169356,0,-5.739990234375,1.755859375
124,12,0,1,Day,,51.316253662109375,38.683746337890625,352.920654296875,169.6999969482422,167.76292419433594,3.0992000102996826,0.9885852932929993,13.050012588500977,0.9200000166893005,=NA(),=NA(),1.5977703332901,1.4163999557495117,0.34380000829696655,0.08399999886751175,=NA(),20,1013.25,-8.75045108795166,50.77391815185547,182.64999389648438,168.3300018310547,14.319999694824219,20.503137588500977,1015.0499877929688,1028.75,1028.9881591796875,39.73972702026367,1.6183216571807861,1.6095243692398071,45.568572998046875,1.708323359489441,0.005720875225961208,0,0.00030943751335144043,0,-13.70001220703125,-0.2381591796875
124,13,0,1,Day,,54.701663970947266,35.298336029052734,335.3494873046875,212.1999969482422,207.8063201904297,7.603700160980225,0.9792946577072144,13.209985733032227,1.4700000286102295,=NA(),=NA(),1.727609395980835,1.4163999557495117,0.34380000829696655,0.08399999886751175,=NA(),20,1013.25,-30.502437591552734,47.883033752441406,220.48001098632812,196.19000244140625,24.290000915527344,22.241235733032227,1226.1400146484375,1235.1500244140625,1234.5123291015625,39.77757263183594,1.9396286010742188,1.8788961172103882,45.649620056152344,2.0490968227386475,0.0067523750476539135,0,0.00048193748807534575,0,-9.010009765625,0.6376953125
124,14,0,1,Day,,61.27716064453125,28.722841262817383,320.197998046875,93.70700073242188,93.12776947021484,1.205299973487854,0.9938187003135681,13.800012588500977,2.460099935531616,=NA(),=NA(),2.0748093128204346,1.4163999557495117,0.34380000829696655,0.08399999886751175,=NA(),20,1013.25,-49.434139251708984,42.35560989379883,90.55999755859375,72.6199951171875,17.939998626708984,17.6037540435791,463.80999755859375,475.3399963378906,470.80126953125,39.47744369506836,0.7450785040855408,0.6904693245887756,44.65613555908203,0.8037784695625305,0.002491687424480915,0,0.00035881251096725464,0,-11.529998779296875,4.538726806640625
124,15,0,1,Day,,70.1257553100586,19.87424659729004,307.70489501953125,59.20899963378906,58.96684646606445,0.7123000025749207,0.9959101676940918,13.029993057250977,3.1800999641418457,=NA(),=NA(),2.921196699142456,1.4163999557495117,0.34380000829696655,0.08399999886751175,=NA(),20,1013.25,-60,35.47738265991211,55.29999923706055,40.75,14.549999237060547,15.351861953735352,283.4100036621094,293.1499938964844,290.0789489746094,39.04500198364258,0.4641372859477997,0.4322686493396759,44.16310119628906,0.504697859287262,0.001554187503643334,0,0.00023249999503605068,0,-9.739990234375,3.071044921875
124,16,0,1,Day,,80.44404602050781,9.555957794189453,297.33563232421875,9.493800163269043,9.493800163269043,0,1,12.999994277954102,3.51990008354187,=NA(),=NA(),5.827849864959717,1.4163999557495117,0.34380000829696655,0.08399999886751175,=NA(),20,1013.25,-16.185218811035156,66.19583892822266,10.085000038146973,9.194999694824219,0.8899999856948853,13.425012588500977,45.45000076293945,47.470001220703125,47.50225830078125,36.08100891113281,0.08228302001953125,0.08099402487277985,41.45111846923828,0.09359811991453171,0.0003124375070910901,0,0.000018999999156221747,0,-2.020000457763672,-0.032257080078125
124,17,0,1,Night,Sun above horizon but GHI below 1,88.02030944824219,1.9796909093856812,291.0077209472656,0,0,0,0,12.600000381469727,3.940000057220459,=NA(),0,19.546669006347656,1.4163999557495117,0.34380000829696655,0.08399999886751175,=NA(),20,1013.25,0,0,0,0,0,12.600000381469727,0,0,0,0,0,0,0,0,0,0,0,0,0,0
124,18,0,1,Night,,103.82164764404297,-13.821643829345703,280.1581726074219,0,0,0,0,12.279993057250977,4.140100002288818,=NA(),0,64.81599426269531,1.4163999557495117,0.34380000829696655,0.08399999886751175,=NA(),20,1013.25,0,0,0,0,0,12.279993057250977,0,0,0,0,0,0,0,0,0,0,0,0,0,0
124,19,0,1,Night,,115.9995346069336,-25.99953269958496,271.9923400878906,0,0,0,0,11.999994277954102,4.099999904632568,=NA(),0,64.81599426269531,1.4163999557495117,0.34380000829696655,0.08399999886751175,=NA(),20,1013.25,0,0,0,0,0,11.999994277954102,0,0,0,0,0,0,0,0,0,0,0,0,0,0
124,20,0,1,Night,,128.2506103515625,-38.25061798095703,263.0209045410156,0,0,0,0,11.999994277954102,3.98009991645813,=NA(),0,64.81599426269531,1.4163999557495117,0.34380000829696655,0.08399999886751175,=NA(),20,1013.25,0,0,0,0,0,11.999994277954102,0,0,0,0,0,0,0,0,0,0,0,0,0,0
124,21,0,1,Night,,140.22854614257812,-50.22854232788086,251.77182006835938,0,0,0,0,11.800012588500977,4.110000133514404,=NA(),0,64.81599426269531,1.4163999557495117,0.34380000829696655,0.08399999886751175,=NA(),20,1013.25,0,0,0,0,0,11.800012588500977,0,0,0,0,0,0,0,0,0,0,0,0,0,0
124,22,0,1,Night,,151.2382354736328,-61.23823928833008,235.0458526611328,0,0,0,0,11.459985733032227,3.829900026321411,=NA(),0,64.81599426269531,1.4163999557495117,0.34380000829696655,0.08399999886751175,=NA(),20,1013.25,0,0,0,0,0,11.459985733032227,0,0,0,0,0,0,0,0,0,0,0,0,0,0
124,23,0,1,Night,,159.35939025878906,-69.3593978881836,205.9532012939453,0,0,0,0,11.459985733032227,3.420099973678589,=NA(),0,64.81599426269531,1.4163999557495117,0.34380000829696655,0.08399999886751175,=NA(),20,1013.25,0,0,0,0,0,11.459985733032227,0,0,0,0,0,0,0,0,0,0,0,0,0,0
125,0,0,1,Night,,160.4109344482422,-70.41092681884766,163.30490112304688,0,0,0,0,11.300012588500977,2.95989990234375,=NA(),0,64.81599426269531,1.4163999557495117,0.34380000829696655,0.08399999886751175,=NA(),20,1013.25,0,0,0,0,0,11.300012588500977,0,0,0,0,0,0,0,0,0,0,0,0,0,0
125,1,0,1,Night,,153.52716064453125,-63.527156829833984,130.23422241210938,0,0,0,0,11.179986953735352,2.490000009536743,=NA(),0,64.81599426269531,1.4163999557495117,0.34380000829696655,0.08399999886751175,=NA(),20,1013.25,0,0,0,0,0,11.179986953735352,0,0,0,0,0,0,0,0,0,0,0,0,0,0
125,2,0,1,Night,,142.949462890625,-52.949466705322266,111.37370300292969,0,0,0,0,11.200006484985352,2.2799999713897705,=NA(),0,64.81599426269531,1.4163999557495117,0.34380000829696655,0.08399999886751175,=NA(),20,1013.25,0,0,0,0,0,11.200006484985352,0,0,0,0,0,0,0,0,0,0,0,0,0,0
125,3,0,1,Night,,131.12017822265625,-41.12018585205078,99.22428894042969,0,0,0,0,11.499994277954102,2.2899999618530273,=NA(),0,64.81599426269531,1.4163999557495117,0.34380000829696655,0.08399999886751175,=NA(),20,1013.25,0,0,0,0,0,11.499994277954102,0,0,0,0,0,0,0,0,0,0,0,0,0,0
125,4,0,1,Night,,118.90675354003906,-28.90675163269043,89.88028717041016,0,0,0,0,11.610010147094727,2.4798998832702637,=NA(),0,64.81599426269531,1.4163999557495117,0.34380000829696655,0.08399999886751175,=NA(),20,1013.25,0,0,0,0,0,11.610010147094727,0,0,0,0,0,0,0,0,0,0,0,0,0,0
125,5,0,1,Night,,106.70099639892578,-16.70099449157715,81.60537719726562,0,0,0,0,11.700006484985352,2.850100040435791,=NA(),0,64.81599426269531,1.4163999557495117,0.34380000829696655,0.08399999886751175,=NA(),20,1013.25,0,0,0,0,0,11.700006484985352,0,0,0,0,0,0,0,0,0,0,0,0,0,0
125,6,0,1,Night,Sun below height limit of 1 degrees.,89.27290344238281,0.7270937561988831,69.83882904052734,0,0,0,0,11.529993057250977,3.869999885559082,=NA(),0,28.899986267089844,1.4163999557495117,0.34380000829696655,0.08399999886751175,=NA(),20,1013.25,0,0,0,0,0,11.529993057250977,0,0,0,0,0,0,0,0,0,0,0,0,0,0
125,7,0,1,Day,,83.08781433105469,6.912182807922363,64.71002197265625,164.08999633789062,147.60353088378906,136.99000549316406,0.899527907371521,12.700006484985352,4.340000152587891,=NA(),=NA(),7.816891670227051,1.4163999557495117,0.34380000829696655,0.08399999886751175,=NA(),20,1013.25,11.21313762664795,72.98665618896484,296.14501953125,289.47998046875,6.664999961853027,24.978113174438477,1521.31005859375,1518.3699951171875,1520.599365234375,39.539119720458984,2.403630495071411,2.3971786499023438,45.649497985839844,2.5342953205108643,0.00876731239259243,0,0.00014799999189563096,0,2.9400634765625,-2.2293701171875
125,8,0,1,Day,,72.56329345703125,17.43670654296875,54.72340393066406,209.89999389648438,184.8793487548828,83.4990005493164,0.8807973265647888,14.399988174438477,4.409999847412109,=NA(),=NA(),3.3062217235565186,1.4163999557495117,0.34380000829696655,0.08399999886751175,=NA(),20,1013.25,39.76504135131836,43.23708724975586,308.5350036621094,287.15997314453125,21.369998931884766,26.946863174438477,1774.6700439453125,1759.570068359375,1761.268310546875,39.45591735839844,2.7899293899536133,2.717824935913086,45.650978088378906,2.941157341003418,0.009867374785244465,0,0.0004783750046044588,0,15.0999755859375,-1.6982421875
125,9,0,1,Day,,63.34728240966797,26.652719497680664,42.78578186035156,488.7900085449219,305.6834716796875,408.19000244140625,0.6253881454467773,15.529993057250977,4.530099868774414,=NA(),=NA(),2.2214887142181396,1.4163999557495117,0.34380000829696655,0.08399999886751175,=NA(),20,1013.25,53.53878402709961,40.9891242980957,680.675048828125,631.6800537109375,48.99500274658203,43.219383239746094,4087.2900390625,3841.239990234375,3846.646484375,37.862220764160156,6.349938869476318,6.229909420013428,45.00835418701172,6.703488826751709,0.022379562258720398,0,0.0010331874946132302,0,246.050048828125,-5.406494140625
125,10,0,1,Day,,56.20653533935547,33.79346466064453,28.296920776367188,290.3999938964844,266.7597961425781,42.50299835205078,0.9185943603515625,18.58001136779785,4.71999979019165,=NA(),=NA(),1.7944356203079224,1.4163999557495117,0.34380000829696655,0.08399999886751175,=NA(),20,1013.25,35.309505462646484,47.03246307373047,313.4849853515625,281.55499267578125,31.93000030517578,31.42437171936035,1785.3699951171875,1743.52001953125,1743.8818359375,38.87645721435547,2.803532123565674,2.722702980041504,45.06327438354492,2.9634644985198975,0.009764312766492367,0,0.0006423125159926713,0,41.8499755859375,-0.36181640625
125,11,0,1,Day,,52.04413604736328,37.95586395263672,11.262349128723145,694.2999877929688,337.7530517578125,579.7000122070312,0.48646557331085205,19.07000160217285,5.410099983215332,=NA(),=NA(),1.6235480308532715,1.4163999557495117,0.34380000829696655,0.08399999886751175,=NA(),20,1013.25,14.056309700012207,50.65126037597656,752.8499755859375,704.885009765625,47.96500015258789,49.95812225341797,4473.18994140625,4108.2900390625,4111.9404296875,37.00357437133789,6.945178985595703,6.919312000274658,44.30558776855469,7.336666584014893,0.02457750029861927,0,0.0010259374976158142,0,364.89990234375,-3.650390625
125,12,0,1,Day,,51.60419845581055,38.39580154418945,352.93231201171875,398.19000244140625,324.4727783203125,118.69000244140625,0.814869225025177,20.8799991607666,6.079999923706055,=NA(),=NA(),1.607838749885559,1.4163999557495117,0.34380000829696655,0.08399999886751175,=NA(),20,1013.25,-8.825499534606934,51.05809783935547,428.2449951171875,397.80499267578125,30.435001373291016,38.415000915527344,2482.31005859375,2368.3798828125,2369.76318359375,38.20527648925781,3.876695156097412,3.861119031906128,44.72145080566406,4.092724323272705,0.01368581224232912,0,0.00065806251950562,0,113.93017578125,-1.38330078125
125,13,0,1,Day,,54.977638244628906,35.022361755371094,335.44989013671875,450.6000061035156,313.31829833984375,239.2100067138672,0.6953357458114624,20.93999671936035,6.050099849700928,=NA(),=NA(),1.7394018173217773,1.4163999557495117,0.34380000829696655,0.08399999886751175,=NA(),20,1013.25,-30.66316032409668,48.15012741088867,504.4949951171875,467.17999267578125,37.31500244140625,41.568748474121094,2958.989990234375,2794.10009765625,2797.186767578125,37.902687072753906,4.612481594085693,4.543909549713135,44.626487731933594,4.87155294418335,0.016268499195575714,0,0.0007662500138394535,0,164.889892578125,-3.086669921875
125,14,0,1,Day,,61.5294189453125,28.4705810546875,320.35577392578125,464.489990234375,288.4943542480469,369.19000244140625,0.6210991740226746,21.800012588500977,5.519999980926514,=NA(),=NA(),2.091501235961914,1.4163999557495117,0.34380000829696655,0.08399999886751175,=NA(),20,1013.25,-49.636756896972656,42.6015625,614.39501953125,569.77001953125,44.625,46.97374725341797,3638.47998046875,3373.97998046875,3377.37646484375,37.31151580810547,5.657514572143555,5.5492844581604,44.30210494995117,5.978577613830566,0.019952500239014626,0,0.0009203749941661954,0,264.5,-3.396484375
125,15,0,1,Day,,70.3521728515625,19.6478271484375,307.8934631347656,51.10300064086914,50.93454360961914,0.5009999871253967,0.996703565120697,20.899988174438477,4.420000076293945,=NA(),=NA(),2.9529645442962646,1.4163999557495117,0.34380000829696655,0.08399999886751175,=NA(),20,1013.25,-60,35.73220443725586,47.66999816894531,35.105003356933594,12.565000534057617,22.911890029907227,242.75999450683594,244.1999969482422,242.0846405029297,37.620880126953125,0.4019857943058014,0.3742981255054474,42.8172492980957,0.4379916191101074,0.0013456875458359718,0,0.0001984999980777502,0,-1.44000244140625,2.1153564453125
125,16,0,1,Day,,80.64720916748047,9.35279369354248,297.5414123535156,9.298500061035156,9.282427787780762,0.09889999777078629,0.9982715249061584,19.600000381469727,4.229899883270264,=NA(),=NA(),5.944787502288818,1.4163999557495117,0.34380000829696655,0.08399999886751175,=NA(),20,1013.25,-15.8373384475708,66.727294921875,9.904999732971191,9.039999961853027,0.8650000095367432,20.024988174438477,44.55999755859375,45.38999938964844,45.39504623413086,34.997249603271484,0.08106794953346252,0.07983677089214325,40.407047271728516,0.09226491302251816,0.00030700000934302807,0,0.00001799999881768599,0,-0.8300018310546875,-0.005046844482421875
125,17,0,1,Night,Sun above horizon but GHI below 1,88.11996459960938,1.8800345659255981,291.2906494140625,0,0,0,0,18.6400089263916,5.0100998878479,=NA(),0,20.094982147216797,1.4163999557495117,0.34380000829696655,0.08399999886751175,=NA(),20,1013.25,0,0,0,0,0,18.6400089263916,0,0,0,0,0,0,0,0,0,0,0,0,0,0
125,18,0,1,Night,,103.99287414550781,-13.992873191833496,280.39361572265625,0,0,0,0,16.610010147094727,5.199999809265137,=NA(),0,64.81599426269531,1.4163999557495117,0.34380000829696655,0.08399999886751175,=NA(),20,1013.25,0,0,0,0,0,16.610010147094727,0,0,0,0,0,0,0,0,0,0,0,0,0,0
125,19,0,1,Night,,116.1658935546875,-26.165895462036133,272.2513732910156,0,0,0,0,15.110010147094727,5.050000190734863,=NA(),0,64.81599426269531,1.4163999557495117,0.34380000829696655,0.08399999886751175,=NA(),20,1013.25,0,0,0,0,0,15.110010147094727,0,0,0,0,0,0,0,0,0,0,0,0,0,0
125,20,0,1,Night,,128.41946411132812,-38.419464111328125,263.3151550292969,0,0,0,0,14.379999160766602,4.5,=NA(),0,64.81599426269531,1.4163999557495117,0.34380000829696655,0.08399999886751175,=NA(),20,1013.25,0,0,0,0,0,14.379999160766602,0,0,0,0,0,0,0,0,0,0,0,0,0,0
125,21,0,1,Night,,140.4118194580078,-50.41181564331055,252.11541748046875,0,0,0,0,13.040002822875977,3.859999895095825,=NA(),0,64.81599426269531,1.4163999557495117,0.34380000829696655,0.08399999886751175,=NA(),20,1013.25,0,0,0,0,0,13.040002822875977,0,0,0,0,0,0,0,0,0,0,0,0,0,0
125,22,0,1,Night,,151.45567321777344,-61.4556770324707,235.43234252929688,0,0,0,0,13.100000381469727,3.380000114440918,=NA(),0,64.81599426269531,1.4163999557495117,0.34380000829696655,0.08399999886751175,=NA(),20,1013.25,0,0,0,0,0,13.100000381469727,0,0,0,0,0,0,0,0,0,0,0,0,0,0
125,23,0,1,Night,,159.63099670410156,-69.63098907470703,206.20504760742188,0,0,0,0,11.050012588500977,3.1198999881744385,=NA(),0,64.81599426269531,1.4163999557495117,0.34380000829696655,0.08399999886751175,=NA(),20,1013.25,0,0,0,0,0,11.050012588500977,0,0,0,0,0,0,0,0,0,0,0,0,0,0
126,0,0,1,Night,,160.68185424804688,-70.68185424804688,163.03579711914062,0,0,0,0,10.640008926391602,3.1500000953674316,=NA(),0,64.81599426269531,1.4163999557495117,0.34380000829696655,0.08399999886751175,=NA(),20,1013.25,0,0,0,0,0,10.640008926391602,0,0,0,0,0,0,0,0,0,0,0,0,0,0
126,1,0,1,Night,,153.72959899902344,-63.72959899902344,129.781982421875,0,0,0,0,10.059991836547852,3.5299999713897705,=NA(),0,64.81599426269531,1.4163999557495117,0.34380000829696655,0.08399999886751175,=NA(),20,1013.25,0,0,0,0,0,10.059991836547852,0,0,0,0,0,0,0,0,0,0,0,0,0,0
126,2,0,1,Night,,143.1060791015625,-53.106082916259766,110.97782897949219,0,0,0,0,10.140008926391602,3.880000114440918,=NA(),0,64.81599426269531,1.4163999557495117,0.34380000829696655,0.08399999886751175,=NA(),20,1013.25,0,0,0,0,0,10.140008926391602,0,0,0,0,0,0,0,0,0,0,0,0,0,0
126,3,0,1,Night,,131.25677490234375,-41.25677490234375,98.8921890258789,0,0,0,0,10.020013809204102,4.03000020980835,=NA(),0,64.81599426269531,1.4163999557495117,0.34380000829696655,0.08399999886751175,=NA(),20,1013.25,0,0,0,0,0,10.020013809204102,0,0,0,0,0,0,0,0,0,0,0,0,0,0
126,4,0,1,Night,,119.03821563720703,-29.038211822509766,89.59178161621094,0,0,0,0,10.390008926391602,3.9999001026153564,=NA(),0,64.81599426269531,1.4163999557495117,0.34380000829696655,0.08399999886751175,=NA(),20,1013.25,0,0,0,0,0,10.390008926391602,0,0,0,0,0,0,0,0,0,0,0,0,0,0
126,5,0,1,Night,,106.83666229248047,-16.836660385131836,81.34444427490234,0,0,0,0,10.879999160766602,3.630000114440918,=NA(),0,64.81599426269531,1.4163999557495117,0.34380000829696655,0.08399999886751175,=NA(),20,1013.25,0,0,0,0,0,10.879999160766602,0,0,0,0,0,0,0,0,0,0,0,0,0,0
126,6,0,1,Night,Sun below height limit of 1 degrees.,89.34275817871094,0.6572400331497192,69.54513549804688,0,0,0,0,11.240015029907227,3.7699999809265137,=NA(),0,29.624027252197266,1.4163999557495117,0.34380000829696655,0.08399999886751175,=NA(),20,1013.25,0,0,0,0,0,11.240015029907227,0,0,0,0,0,0,0,0,0,0,0,0,0,0
126,7,0,1,Day,,83.25098419189453,6.749015808105469,64.47770690917969,139.00999450683594,125.36470794677734,116.11000061035156,0.901839554309845,12.770013809204102,4.099999904632568,=NA(),=NA(),7.98337984085083,1.4163999557495117,0.34380000829696655,0.08399999886751175,=NA(),20,1013.25,10.957398414611816,73.39811706542969,237.60000610351562,231.114990234375,6.489999771118164,22.6356143951416,1206.5999755859375,1213.929931640625,1215.50439453125,39.60102844238281,1.9183598756790161,1.9121484756469727,45.57088088989258,2.0235180854797363,0.006984124891459942,0,0.0001424999936716631,0,-7.3299560546875,-1.574462890625
126,8,0,1,Day,,72.75300598144531,17.24699592590332,54.50261306762695,145.49000549316406,140.3930206298828,17.19099998474121,0.9649667739868164,15.270013809204102,4.170000076293945,=NA(),=NA(),3.3406968116760254,1.4163999557495117,0.34380000829696655,0.08399999886751175,=NA(),20,1013.25,39.15205001831055,43.876014709472656,174.58499145507812,155.86500549316406,18.724998474121094,22.454980850219727,956.260009765625,962.75,962.0402221679688,39.449546813964844,1.5240205526351929,1.4650049209594727,45.198978424072266,1.614086627960205,0.0052785626612603664,0,0.0004156875074841082,0,-6.489990234375,0.70977783203125
126,9,0,1,Day,,63.56706619262695,26.432933807373047,42.585391998291016,442.3999938964844,282.4576416015625,359.29998779296875,0.6384666562080383,17.92998695373535,5.419899940490723,=NA(),=NA(),2.238456964492798,1.4163999557495117,0.34380000829696655,0.08399999886751175,=NA(),20,1013.25,53.69757843017578,41.24628448486328,612.875,567.3150024414062,45.55999755859375,42.87749481201172,3669.02001953125,3451.090087890625,3456.090087890625,37.85636520385742,5.706088542938232,5.593812465667725,44.85169982910156,6.025320529937744,0.02008543722331524,0,0.0009599375189282,0,217.929931640625,-5
126,10,0,1,Day,,56.45765686035156,33.54234313964844,28.138961791992188,559.489990234375,305.1000671386719,460.3900146484375,0.5453181862831116,21.029993057250977,5.860000133514404,=NA(),=NA(),1.8062148094177246,1.4163999557495117,0.34380000829696655,0.08399999886751175,=NA(),20,1013.25,35.42746353149414,47.30433654785156,659.1849975585938,617.219970703125,41.959999084472656,47.980003356933594,3929.699951171875,3632.35009765625,3637.59375,37.19818115234375,6.1118950843811035,6.04110860824585,44.31637954711914,6.463139533996582,0.021640999242663383,0,0.0008790625142864883,0,297.349853515625,-5.24365234375
126,11,0,1,Day,,52.319801330566406,37.680198669433594,11.179375648498535,664.7999877929688,325.4931640625,555.0999755859375,0.4896106719970703,22.740015029907227,5.890100002288818,=NA(),=NA(),1.6335976123809814,1.4163999557495117,0.34380000829696655,0.08399999886751175,=NA(),20,1013.25,14.091896057128906,50.9337158203125,720.905029296875,674.969970703125,45.93499755859375,52.360618591308594,4280.16015625,3897.10009765625,3901.76123046875,36.651737213134766,6.6534423828125,6.6302809715271,43.90937042236328,7.038546562194824,0.023524750024080276,0,0.000982437515631318,0,383.06005859375,-4.6611328125
126,12,0,1,Day,,51.88705062866211,38.11294937133789,352.94622802734375,611.2999877929688,306.39642333984375,494,0.5012210607528687,23.240015029907227,5.650100231170654,=NA(),=NA(),1.617892861366272,1.4163999557495117,0.34380000829696655,0.08399999886751175,=NA(),20,1013.25,-8.89692211151123,51.33760070800781,657.0999755859375,614.675048828125,42.42499923706055,50.25749969482422,3887.60009765625,3564.64990234375,3567.12548828125,36.911651611328125,6.039971351623535,6.022064208984375,43.99957275390625,6.385765552520752,0.02136443741619587,0,0.0009178125183098018,0,322.9501953125,-2.4755859375
126,13,0,1,Day,,55.248287200927734,34.751712799072266,335.5503845214844,502.1000061035156,306.63970947265625,342.8999938964844,0.6107144355773926,24.100000381469727,5.28000020980835,=NA(),=NA(),1.751163125038147,1.4163999557495117,0.34380000829696655,0.08399999886751175,=NA(),20,1013.25,-30.819732666015625,48.41316223144531,570.9500122070312,532.655029296875,38.290000915527344,47.50749969482422,3374.929931640625,3122.85009765625,3126.60986328125,37.18539810180664,5.255133628845215,5.19368314743042,44.09122848510742,5.556580543518066,0.018589062616229057,0,0.0007951249717734754,0,252.079833984375,-3.759765625
126,14,0,1,Day,,61.776161193847656,28.223840713500977,320.51226806640625,403.1000061035156,280.9454345703125,258.29998779296875,0.6969621181488037,23.469995498657227,4.7600998878479,=NA(),=NA(),2.108128070831299,1.4163999557495117,0.34380000829696655,0.08399999886751175,=NA(),20,1013.25,-49.83456039428711,42.84391403198242,516.125,472.385009765625,43.73999786376953,44.64311981201172,3024.419921875,2825.669921875,2828.581787109375,37.504398345947266,4.713850498199463,4.6031107902526855,44.26188659667969,4.983158111572266,0.01650812476873398,0,0.0008967500180006027,0,198.75,-2.911865234375
126,15,0,1,Day,,70.57294464111328,19.42705726623535,308.08013916015625,150.39999389648438,146.2108154296875,12.595000267028809,0.9721463918685913,22.839990615844727,3.170099973678589,=NA(),=NA(),2.9846503734588623,1.4163999557495117,0.34380000829696655,0.08399999886751175,=NA(),20,1013.25,-59.6407356262207,36.036197662353516,168.66000366210938,136.59500122070312,32.06500244140625,29.831262588500977,930.9500122070312,913.3400268554688,910.9120483398438,38.45853805541992,1.4800407886505127,1.4077216386795044,44.14028549194336,1.5763700008392334,0.005041187629103661,0,0.0005076875095255673,0,17.6099853515625,2.427978515625
126,16,0,1,Day,,80.84428405761719,9.155714988708496,297.7450256347656,25.59000015258789,25.559226989746094,0.19339999556541443,0.9987974762916565,21.70000648498535,2.6500000953674316,=NA(),=NA(),6.062716007232666,1.4163999557495117,0.34380000829696655,0.08399999886751175,=NA(),20,1013.25,-15.50163459777832,67.2411117553711,27.264999389648438,24.895000457763672,2.375,22.844385147094727,135.6300048828125,136.47999572753906,136.57235717773438,36.40433120727539,0.23446907103061676,0.23111653327941895,41.85270690917969,0.2544293999671936,0.000845499977003783,0,0.00004993750189896673,0,-0.8499908447265625,-0.0923614501953125
126,17,0,1,Night,Sun above horizon but GHI below 1,88.210693359375,1.789305329322815,291.5712585449219,0,0,0,0,20.1400089263916,2.75,=NA(),0,20.617431640625,1.4163999557495117,0.34380000829696655,0.08399999886751175,=NA(),20,1013.25,0,0,0,0,0,20.1400089263916,0,0,0,0,0,0,0,0,0,0,0,0,0,0
126,18,0,1,Night,,104.15982818603516,-14.159829139709473,280.6268615722656,0,0,0,0,19.3799991607666,2.819999933242798,=NA(),0,64.81599426269531,1.4163999557495117,0.34380000829696655,0.08399999886751175,=NA(),20,1013.25,0,0,0,0,0,19.3799991607666,0,0,0,0,0,0,0,0,0,0,0,0,0,0
126,19,0,1,Night,,116.32733917236328,-26.327342987060547,272.5082092285156,0,0,0,0,19.1299991607666,2.819999933242798,=NA(),0,64.81599426269531,1.4163999557495117,0.34380000829696655,0.08399999886751175,=NA(),20,1013.25,0,0,0,0,0,19.1299991607666,0,0,0,0,0,0,0,0,0,0,0,0,0,0
126,20,0,1,Night,,128.5830841064453,-38.58308792114258,263.6074523925781,0,0,0,0,18.2499942779541,2.75,=NA(),0,64.81599426269531,1.4163999557495117,0.34380000829696655,0.08399999886751175,=NA(),20,1013.25,0,0,0,0,0,18.2499942779541,0,0,0,0,0,0,0,0,0,0,0,0,0,0
126,21,0,1,Night,,140.58935546875,-50.589359283447266,252.4580535888672,0,0,0,0,18.07000160217285,2.639899969100952,=NA(),0,64.81599426269531,1.4163999557495117,0.34380000829696655,0.08399999886751175,=NA(),20,1013.25,0,0,0,0,0,18.07000160217285,0,0,0,0,0,0,0,0,0,0,0,0,0,0
126,22,0,1,Night,,151.6671142578125,-61.6671142578125,235.82106018066406,0,0,0,0,15.339990615844727,2.5599000453948975,=NA(),0,64.81599426269531,1.4163999557495117,0.34380000829696655,0.08399999886751175,=NA(),20,1013.25,0,0,0,0,0,15.339990615844727,0,0,0,0,0,0,0,0,0,0,0,0,0,0
126,23,0,1,Night,,159.89706420898438,-69.89706420898438,206.46473693847656,0,0,0,0,13.469995498657227,2.5599000453948975,=NA(),0,64.81599426269531,1.4163999557495117,0.34380000829696655,0.08399999886751175,=NA(),20,1013.25,0,0,0,0,0,13.469995498657227,0,0,0,0,0,0,0,0,0,0,0,0,0,0
127,0,0,1,Night,,160.94851684570312,-70.94851684570312,162.76986694335938,0,0,0,0,14.080011367797852,2.639899969100952,=NA(),0,64.81599426269531,1.4163999557495117,0.34380000829696655,0.08399999886751175,=NA(),20,1013.25,0,0,0,0,0,14.080011367797852,0,0,0,0,0,0,0,0,0,0,0,0,0,0
127,1,0,1,Night,,153.9286346435547,-63.92863845825195,129.3341064453125,0,0,0,0,12.559991836547852,2.719899892807007,=NA(),0,64.81599426269531,1.4163999557495117,0.34380000829696655,0.08399999886751175,=NA(),20,1013.25,0,0,0,0,0,12.559991836547852,0,0,0,0,0,0,0,0,0,0,0,0,0,0
127,2,0,1,Night,,143.26036071777344,-53.2603645324707,110.58750915527344,0,0,0,0,13.559991836547852,2.740000009536743,=NA(),0,64.81599426269531,1.4163999557495117,0.34380000829696655,0.08399999886751175,=NA(),20,1013.25,0,0,0,0,0,13.559991836547852,0,0,0,0,0,0,0,0,0,0,0,0,0,0
127,3,0,1,Night,,131.39166259765625,-41.39166259765625,98.56550598144531,0,0,0,0,13.100000381469727,2.719899892807007,=NA(),0,64.81599426269531,1.4163999557495117,0.34380000829696655,0.08399999886751175,=NA(),20,1013.25,0,0,0,0,0,13.100000381469727,0,0,0,0,0,0,0,0,0,0,0,0,0,0
127,4,0,1,Night,,119.16849517822266,-29.16849708557129,89.30838012695312,0,0,0,0,11.439996719360352,2.680000066757202,=NA(),0,64.81599426269531,1.4163999557495117,0.34380000829696655,0.08399999886751175,=NA(),20,1013.25,0,0,0,0,0,11.439996719360352,0,0,0,0,0,0,0,0,0,0,0,0,0,0
127,5,0,1,Night,,106.9714126586914,-16.97141456604004,81.0884780883789,0,0,0,0,10.969995498657227,2.5599000453948975,=NA(),0,64.81599426269531,1.4163999557495117,0.34380000829696655,0.08399999886751175,=NA(),20,1013.25,0,0,0,0,0,10.969995498657227,0,0,0,0,0,0,0,0,0,0,0,0,0,0
127,6,0,1,Night,Sun below height limit of 1 degrees.,89.4058837890625,0.5941181778907776,69.2518310546875,0.19529999792575836,0.19529999792575836,0,1,10.719995498657227,2.119999885559082,=NA(),0,30.302120208740234,1.4163999557495117,0.34380000829696655,0.08399999886751175,=NA(),20,1013.25,0,0,0,0,0,10.719995498657227,0,0,0,0,0,0,0,0,0,0,0,0,0,0
127,7,0,1,Day,,83.41319274902344,6.58681058883667,64.25060272216797,54.696998596191406,53.96319580078125,6.39709997177124,0.9865842461585999,13.040002822875977,2.300100088119507,=NA(),=NA(),8.15577220916748,1.4163999557495117,0.34380000829696655,0.08399999886751175,=NA(),20,1013.25,10.702873229980469,73.80641174316406,66.3800048828125,62.09000015258789,4.295000076293945,15.786249160766602,339.5299987792969,350.510009765625,350.59979248046875,38.903255462646484,0.5632558465003967,0.5593191981315613,44.403316497802734,0.6001756191253662,0.002028687624260783,0,0.0000914999982342124,0,-10.980010986328125,-0.08978271484375
127,8,0,1,Day,,72.94092559814453,17.059078216552734,54.28737258911133,182.7100067138672,167.80567932128906,50.805999755859375,0.9184263348579407,14.040002822875977,2.440000057220459,=NA(),=NA(),3.3755898475646973,1.4163999557495117,0.34380000829696655,0.08399999886751175,=NA(),20,1013.25,38.55706024169922,44.502323150634766,255.9600067138672,236.53500366210938,19.43000030517578,24.464380264282227,1454.050048828125,1453.739990234375,1454.8211669921875,39.593711853027344,2.2964563369750977,2.232362747192383,45.640464782714844,2.4219369888305664,0.008094562217593193,0,0.0004346249916125089,0,0.31005859375,-1.0811767578125
127,9,0,1,Day,,63.78443145751953,26.215566635131836,42.3908576965332,283.19000244140625,245.5127410888672,85.29100036621094,0.8669541478157043,17.230005264282227,1.8301000595092773,=NA(),=NA(),2.255526065826416,1.4163999557495117,0.34380000829696655,0.08399999886751175,=NA(),20,1013.25,53.85704040527344,41.49794006347656,342,300.19000244140625,41.810001373291016,31.228113174438477,1961.06005859375,1916.56005859375,1916.46826171875,39.01784133911133,3.0698394775390625,2.951828956604004,45.25387954711914,3.242840051651001,0.010533999651670456,0,0.0008657500147819519,0,44.5,0.091796875
127,10,0,1,Day,,56.70543670654297,33.29456329345703,27.986703872680664,442.1099853515625,304.54473876953125,250.60000610351562,0.688843846321106,19.70000648498535,2.4798998832702637,=NA(),=NA(),1.8180233240127563,1.4163999557495117,0.34380000829696655,0.08399999886751175,=NA(),20,1013.25,35.54724884033203,47.57075881958008,506.3999938964844,467.8900146484375,38.5099983215332,40.357505798339844,2978.699951171875,2824.52001953125,2828.60302734375,38.06196212768555,4.644785404205322,4.564215660095215,44.79759216308594,4.906224250793457,0.016352687031030655,0,0.0007933750166557729,0,154.179931640625,-4.0830078125
127,11,0,1,Day,,52.591102600097656,37.408897399902344,11.10090446472168,623,309.34814453125,516.2999877929688,0.4965459704399109,22.05999183654785,3.279900074005127,=NA(),=NA(),1.6436469554901123,1.4163999557495117,0.34380000829696655,0.08399999886751175,=NA(),20,1013.25,14.130438804626465,51.21099853515625,675.385009765625,632.0350341796875,43.355003356933594,49.76311492919922,4002.81005859375,3677.14990234375,3682.098876953125,36.96842575073242,6.225076675415039,6.203700065612793,44.11907196044922,6.584283828735352,0.02200806327164173,0,0.0009265000117011368,0,325.66015625,-4.948974609375
127,12,0,1,Day,,52.16495895385742,37.83504104614258,352.96246337890625,601.9000244140625,306.0619812011719,482.29998779296875,0.5084930658340454,23.43999671936035,3.630000114440918,=NA(),=NA(),1.6279329061508179,1.4163999557495117,0.34380000829696655,0.08399999886751175,=NA(),20,1013.25,-8.964654922485352,51.612586975097656,647.0549926757812,605.2049560546875,41.849998474121094,50.024375915527344,3824.64990234375,3509.56005859375,3513.325439453125,36.92062759399414,5.947429656982422,5.931369304656982,43.99896240234375,6.290572643280029,0.02102074958384037,0,0.0009051875094883144,0,315.08984375,-3.765380859375
127,13,0,1,Day,,55.513668060302734,34.486331939697266,335.6509094238281,549.6099853515625,303.13330078125,435.30999755859375,0.5515425801277161,24.300012588500977,3.7400999069213867,=NA(),=NA(),1.762888789176941,1.4163999557495117,0.34380000829696655,0.08399999886751175,=NA(),20,1013.25,-30.972179412841797,48.672176361083984,629.489990234375,589.14501953125,40.345001220703125,50.115623474121094,3735.31005859375,3426.10009765625,3430.77734375,36.884925842285156,5.813342571258545,5.754582405090332,43.94157791137695,6.150899887084961,0.02057800069451332,0,0.0008425000123679638,0,309.2099609375,-4.67724609375
127,14,0,1,Day,,62.017845153808594,27.982154846191406,320.66748046875,423.6099853515625,281.5325927734375,302.80999755859375,0.6646032929420471,24.20000648498535,3.7100000381469727,=NA(),=NA(),2.1247096061706543,1.4163999557495117,0.34380000829696655,0.08399999886751175,=NA(),20,1013.25,-50.02802276611328,43.082916259765625,549.85498046875,505.4649963378906,44.38999938964844,46.78063201904297,3224.75,2991.010009765625,2994.688720703125,37.25349044799805,5.024288177490234,4.912790298461914,44.10087203979492,5.313459396362305,0.017625249922275543,0,0.000911374983843416,0,233.739990234375,-3.6787109375
127,15,0,1,Day,,70.78878784179688,19.21121597290039,308.26495361328125,258.3999938964844,212.8921661376953,138.3000030517578,0.8238860964775085,23.899988174438477,2.70989990234375,=NA(),=NA(),3.016329050064087,1.4163999557495117,0.34380000829696655,0.08399999886751175,=NA(),20,1013.25,-56.54996871948242,36.86966323852539,393.79998779296875,358.25,35.54999923706055,40.05126190185547,2280.68994140625,2163.030029296875,2165.48876953125,37.878990173339844,3.5731241703033447,3.4782426357269287,44.35090255737305,3.776794195175171,0.012594500556588173,0,0.0006107499939389527,0,117.659912109375,-2.458740234375
127,16,0,1,Day,,81.03636932373047,8.963628768920898,297.94647216796875,30.200000762939453,30.137723922729492,0.39969998598098755,0.9979378581047058,22.83001136779785,2.399899959564209,=NA(),=NA(),6.182161808013916,1.4163999557495117,0.34380000829696655,0.08399999886751175,=NA(),20,1013.25,-15.175873756408691,67.74032592773438,32.23500061035156,29.450000762939453,2.7849998474121094,24.178125381469727,162.38999938964844,162.57000732421875,162.5938720703125,36.503150939941406,0.27838757634162903,0.27443942427635193,41.95922088623047,0.3010927140712738,0.0010003750212490559,0,0.00005837500066263601,0,-0.1800079345703125,-0.02386474609375
127,17,0,1,Night,Sun above horizon but GHI below 1,88.291748046875,1.7082513570785522,291.85186767578125,0,0,0,0,19.300012588500977,2.389899969100952,=NA(),0,21.1040096282959,1.4163999557495117,0.34380000829696655,0.08399999886751175,=NA(),20,1013.25,0,0,0,0,0,19.300012588500977,0,0,0,0,0,0,0,0,0,0,0,0,0,0
127,18,0,1,Night,,104.32335662841797,-14.323354721069336,280.8578186035156,0,0,0,0,16.240015029907227,2.23009991645813,=NA(),0,64.81599426269531,1.4163999557495117,0.34380000829696655,0.08399999886751175,=NA(),20,1013.25,0,0,0,0,0,16.240015029907227,0,0,0,0,0,0,0,0,0,0,0,0,0,0
127,19,0,1,Night,,116.48487854003906,-26.484874725341797,272.76275634765625,0,0,0,0,14.800012588500977,2.0199999809265137,=NA(),0,64.81599426269531,1.4163999557495117,0.34380000829696655,0.08399999886751175,=NA(),20,1013.25,0,0,0,0,0,14.800012588500977,0,0,0,0,0,0,0,0,0,0,0,0,0,0
127,20,0,1,Night,,128.74215698242188,-38.742156982421875,263.8977355957031,0,0,0,0,13.980005264282227,1.750100016593933,=NA(),0,64.81599426269531,1.4163999557495117,0.34380000829696655,0.08399999886751175,=NA(),20,1013.25,0,0,0,0,0,13.980005264282227,0,0,0,0,0,0,0,0,0,0,0,0,0,0
127,21,0,1,Night,,140.76181030273438,-50.76181411743164,252.7994842529297,0,0,0,0,12.629999160766602,1.4800000190734863,=NA(),0,64.81599426269531,1.4163999557495117,0.34380000829696655,0.08399999886751175,=NA(),20,1013.25,0,0,0,0,0,12.629999160766602,0,0,0,0,0,0,0,0,0,0,0,0,0,0
127,22,0,1,Night,,151.8726806640625,-61.8726806640625,236.21165466308594,0,0,0,0,12.100000381469727,1.3401000499725342,=NA(),0,64.81599426269531,1.4163999557495117,0.34380000829696655,0.08399999886751175,=NA(),20,1013.25,0,0,0,0,0,12.100000381469727,0,0,0,0,0,0,0,0,0,0,0,0,0,0
127,23,0,1,Night,,160.1576690673828,-70.15766906738281,206.7322998046875,0,0,0,0,11.839990615844727,1.910099983215332,=NA(),0,64.81599426269531,1.4163999557495117,0.34380000829696655,0.08399999886751175,=NA(),20,1013.25,0,0,0,0,0,11.839990615844727,0,0,0,0,0,0,0,0,0,0,0,0,0,0
128,0,0,1,Night,,161.2110595703125,-71.2110595703125,162.50746154785156,0,0,0,0,11.600000381469727,2.359999895095825,=NA(),0,64.81599426269531,1.4163999557495117,0.34380000829696655,0.08399999886751175,=NA(),20,1013.25,0,0,0,0,0,11.600000381469727,0,0,0,0,0,0,0,0,0,0,0,0,0,0
128,1,0,1,Night,,154.12452697753906,-64.1245346069336,128.89093017578125,0,0,0,0,11.300012588500977,2.2399001121520996,=NA(),0,64.81599426269531,1.4163999557495117,0.34380000829696655,0.08399999886751175,=NA(),20,1013.25,0,0,0,0,0,11.300012588500977,0,0,0,0,0,0,0,0,0,0,0,0,0,0
128,2,0,1,Night,,143.41273498535156,-53.41272735595703,110.20295715332031,0,0,0,0,11.899988174438477,2.0701000690460205,=NA(),0,64.81599426269531,1.4163999557495117,0.34380000829696655,0.08399999886751175,=NA(),20,1013.25,0,0,0,0,0,11.899988174438477,0,0,0,0,0,0,0,0,0,0,0,0,0,0
128,3,0,1,Night,,131.5254669189453,-41.525474548339844,98.244384765625,0,0,0,0,11.800012588500977,1.940000057220459,=NA(),0,64.81599426269531,1.4163999557495117,0.34380000829696655,0.08399999886751175,=NA(),20,1013.25,0,0,0,0,0,11.800012588500977,0,0,0,0,0,0,0,0,0,0,0,0,0,0
128,4,0,1,Night,,119.29801177978516,-29.298015594482422,89.03022003173828,0,0,0,0,10.600000381469727,1.2798999547958374,=NA(),0,64.81599426269531,1.4163999557495117,0.34380000829696655,0.08399999886751175,=NA(),20,1013.25,0,0,0,0,0,10.600000381469727,0,0,0,0,0,0,0,0,0,0,0,0,0,0
128,5,0,1,Night,,107.10552978515625,-17.105525970458984,80.83757781982422,0,0,0,0,10.200006484985352,1.059999942779541,=NA(),0,64.81599426269531,1.4163999557495117,0.34380000829696655,0.08399999886751175,=NA(),20,1013.25,0,0,0,0,0,10.200006484985352,0,0,0,0,0,0,0,0,0,0,0,0,0,0
128,6,0,1,Night,Sun below height limit of 1 degrees.,89.46878814697266,0.5312100052833557,68.96617889404297,0,0,0,0,8.960290908813477,0.8899000287055969,=NA(),0,31.001123428344727,1.4163999557495117,0.34380000829696655,0.08399999886751175,=NA(),20,1013.25,0,0,0,0,0,8.959985733032227,0,0,0,0,0,0,0,0,0,0,0,0,0,0
128,7,0,1,Day,,83.57291412353516,6.427082538604736,64.02876281738281,67.60900115966797,65.52571105957031,18.611000061035156,0.9691861867904663,10.450006484985352,1.3598999977111816,=NA(),=NA(),8.33265209197998,1.4163999557495117,0.34380000829696655,0.08399999886751175,=NA(),20,1013.25,10.45210075378418,74.2077865600586,91.66999816894531,86.98500061035156,4.675000190734863,14.243738174438477,460.95001220703125,478.0899963378906,478.6212463378906,39.54033660888672,0.756538987159729,0.7525421380996704,45.123477935791016,0.8018650412559509,0.0027340624947100878,0,0.0001005000012810342,0,-17.139984130859375,-0.53125
128,8,0,1,Day,,73.12738800048828,16.87261199951172,54.07770919799805,358.2099914550781,271.39776611328125,299.1000061035156,0.7576498985290527,13.029993057250977,1.820099949836731,=NA(),=NA(),3.4109675884246826,1.4163999557495117,0.34380000829696655,0.08399999886751175,=NA(),20,1013.25,37.97738265991211,45.117584228515625,628.0849609375,603.3400268554688,24.744998931884766,38.52623748779297,3740.919921875,3571.489990234375,3576.19091796875,38.46265411376953,5.811223983764648,5.724780559539795,45.45344924926758,6.126141548156738,0.020886188372969627,0,0.0005658125155605376,0,169.429931640625,-4.700927734375
128,9,0,1,Day,,63.999542236328125,26.000459671020508,42.202171325683594,200.30999755859375,192.5485076904297,17.704999923706055,0.9612526297569275,15.990015029907227,2.7300000190734863,=NA(),=NA(),2.272706985473633,1.4163999557495117,0.34380000829696655,0.08399999886751175,=NA(),20,1013.25,54.017391204833984,41.74413299560547,211.43499755859375,174.23500061035156,37.19499969482422,24.7600040435791,1152.0699462890625,1150.6099853515625,1145.3394775390625,39.55194091796875,1.8094754219055176,1.7041828632354736,45.19972610473633,1.9267336130142212,0.006048624869436026,0,0.0007641250267624855,0,1.4599609375,5.2705078125
128,10,0,1,Day,,56.950096130371094,33.049903869628906,27.84010887145996,534.510009765625,300.86834716796875,428.4100036621094,0.5628862977027893,18.55999183654785,3.410099983215332,=NA(),=NA(),1.8298684358596802,1.4163999557495117,0.34380000829696655,0.08399999886751175,=NA(),20,1013.25,35.66913604736328,47.83189010620117,628.9300537109375,588.0999755859375,40.83000183105469,44.196861267089844,3745.52001953125,3507.340087890625,3512.414306640625,37.68727493286133,5.824982643127441,5.752492904663086,44.718223571777344,6.153447151184082,0.02062418684363365,0,0.0008539374684914947,0,238.179931640625,-5.07421875
128,11,0,1,Day,,52.85806655883789,37.14193344116211,11.026877403259277,189.2899932861328,186.69786071777344,4.293099880218506,0.9863060116767883,18.980005264282227,3.4700000286102295,=NA(),=NA(),1.6536933183670044,1.4163999557495117,0.34380000829696655,0.08399999886751175,=NA(),20,1013.25,14.172013282775879,51.483150482177734,202.32998657226562,185.54998779296875,16.78499984741211,27.279993057250977,1128.550048828125,1117.449951171875,1117.922607421875,38.90064239501953,1.79611337184906,1.7780590057373047,44.82478713989258,1.8986904621124268,0.006324999965727329,0,0.00035325001226738095,0,11.10009765625,-0.47265625
128,12,0,1,Day,,52.43777084350586,37.56222915649414,352.9809265136719,604.2999877929688,306.13348388671875,489.1000061035156,0.5065919160842896,20.4999942779541,3.369999885559082,=NA(),=NA(),1.637947678565979,1.4163999557495117,0.34380000829696655,0.08399999886751175,=NA(),20,1013.25,-9.02863597869873,51.88290023803711,649.6900024414062,607.6799926757812,42.01000213623047,47.12438201904297,3838.6298828125,3558.510009765625,3563.000732421875,37.308753967285156,5.968776226043701,5.954091548919678,44.383060455322266,6.3092122077941895,0.02109674923121929,0,0.0009083750192075968,0,280.119873046875,-4.49072265625
128,13,0,1,Day,,55.773651123046875,34.226348876953125,335.75152587890625,394.3999938964844,307.15625,155.11000061035156,0.7787937521934509,20.8799991607666,3.309999942779541,=NA(),=NA(),1.7745654582977295,1.4163999557495117,0.34380000829696655,0.08399999886751175,=NA(),20,1013.25,-31.120275497436523,48.92707443237305,437.58001708984375,402.92999267578125,34.650001525878906,38.761253356933594,2550.030029296875,2430.300048828125,2433.11572265625,38.1617546081543,3.9849021434783936,3.9166436195373535,44.72438430786133,4.208629131317139,0.014017375186085701,0,0.0007087499834597111,0,119.72998046875,-2.815673828125
128,14,0,1,Day,,62.254207611083984,27.745792388916016,320.8214111328125,361.19000244140625,274.13690185546875,186.99000549316406,0.7589825391769409,22.0100040435791,3.049999952316284,=NA(),=NA(),2.1412155628204346,1.4163999557495117,0.34380000829696655,0.08399999886751175,=NA(),20,1013.25,-50.2168083190918,43.318382263183594,453.69500732421875,411.45501708984375,42.244998931884766,40.61998748779297,2633.949951171875,2494.2900390625,2496.4677734375,37.952110290527344,4.111281871795654,4.000036716461182,44.53752517700195,4.345015048980713,0.014336374588310719,0,0.0008632499957457185,0,139.659912109375,-2.177734375
128,15,0,1,Day,,70.99918365478516,19.000818252563477,308.44775390625,94.0979995727539,93.48092651367188,1.895300030708313,0.9934422373771667,21.20000648498535,2.2399001121520996,=NA(),=NA(),3.0478973388671875,1.4163999557495117,0.34380000829696655,0.08399999886751175,=NA(),20,1013.25,-54.37733840942383,37.6678581237793,94.55000305175781,75.16999816894531,19.380001068115234,25.154993057250977,501.1199951171875,499.760009765625,497.0015869140625,38.34030532836914,0.80989670753479,0.7603747248649597,43.72539520263672,0.8696344494819641,0.002729187486693263,0,0.00033868750324472785,0,1.3599853515625,2.7584228515625
128,16,0,1,Day,,81.22233581542969,8.777663230895996,298.14569091796875,31.509000778198242,31.43096160888672,0.5113999843597412,0.9975232481956482,19.8699893951416,2.5,=NA(),=NA(),6.302280426025391,1.4163999557495117,0.34380000829696655,0.08399999886751175,=NA(),20,1013.25,-14.861979484558105,68.22218322753906,33.67500305175781,30.779998779296875,2.8899998664855957,21.274988174438477,170.1999969482422,172.3300018310547,172.22935485839844,37.05038833618164,0.29052993655204773,0.2863266170024872,42.463768005371094,0.3141717314720154,0.0010456874733790755,0,0.00006093750198488124,0,-2.1300048828125,0.10064697265625
128,17,0,1,Night,Sun above horizon but GHI below 1,88.37458038330078,1.6254196166992188,292.122802734375,0,0,0,0,16.170007705688477,2.5899999141693115,=NA(),0,21.62166404724121,1.4163999557495117,0.34380000829696655,0.08399999886751175,=NA(),20,1013.25,0,0,0,0,0,16.170007705688477,0,0,0,0,0,0,0,0,0,0,0,0,0,0
128,18,0,1,Night,,104.48152160644531,-14.481518745422363,281.0863342285156,0,0,0,0,16.1299991607666,2.5899999141693115,=NA(),0,64.81599426269531,1.4163999557495117,0.34380000829696655,0.08399999886751175,=NA(),20,1013.25,0,0,0,0,0,16.1299991607666,0,0,0,0,0,0,0,0,0,0,0,0,0,0
128,19,0,1,Night,,116.63677215576172,-26.63677406311035,273.014892578125,0,0,0,0,16.959985733032227,2.54010009765625,=NA(),0,64.81599426269531,1.4163999557495117,0.34380000829696655,0.08399999886751175,=NA(),20,1013.25,0,0,0,0,0,16.959985733032227,0,0,0,0,0,0,0,0,0,0,0,0,0,0
128,20,0,1,Night,,128.89552307128906,-38.89552307128906,264.1856994628906,0,0,0,0,16.8799991607666,2.4200000762939453,=NA(),0,64.81599426269531,1.4163999557495117,0.34380000829696655,0.08399999886751175,=NA(),20,1013.25,0,0,0,0,0,16.8799991607666,0,0,0,0,0,0,0,0,0,0,0,0,0,0
128,21,0,1,Night,,140.92820739746094,-50.92820358276367,253.1394500732422,0,0,0,0,16.20000648498535,2.23009991645813,=NA(),0,64.81599426269531,1.4163999557495117,0.34380000829696655,0.08399999886751175,=NA(),20,1013.25,0,0,0,0,0,16.20000648498535,0,0,0,0,0,0,0,0,0,0,0,0,0,0
128,22,0,1,Night,,152.0719451904297,-62.07194519042969,236.60386657714844,0,0,0,0,15.700006484985352,2.049999952316284,=NA(),0,64.81599426269531,1.4163999557495117,0.34380000829696655,0.08399999886751175,=NA(),20,1013.25,0,0,0,0,0,15.700006484985352,0,0,0,0,0,0,0,0,0,0,0,0,0,0
128,23,0,1,Night,,160.4125213623047,-70.41251373291016,207.00772094726562,0,0,0,0,15.189996719360352,1.8899999856948853,=NA(),0,64.81599426269531,1.4163999557495117,0.34380000829696655,0.08399999886751175,=NA(),20,1013.25,0,0,0,0,0,15.189996719360352,0,0,0,0,0,0,0,0,0,0,0,0,0,0
129,0,0,1,Night,,161.4691925048828,-71.46920013427734,162.24893188476562,0,0,0,0,14.399988174438477,1.7698999643325806,=NA(),0,64.81599426269531,1.4163999557495117,0.34380000829696655,0.08399999886751175,=NA(),20,1013.25,0,0,0,0,0,14.399988174438477,0,0,0,0,0,0,0,0,0,0,0,0,0,0
129,1,0,1,Night,,154.3170623779297,-64.31705474853516,128.45281982421875,0,0,0,0,13.730005264282227,1.6899000406265259,=NA(),0,64.81599426269531,1.4163999557495117,0.34380000829696655,0.08399999886751175,=NA(),20,1013.25,0,0,0,0,0,13.730005264282227,0,0,0,0,0,0,0,0,0,0,0,0,0,0
129,2,0,1,Night,,143.56288146972656,-53.562889099121094,109.82440185546875,0,0,0,0,11.999994277954102,1.5198999643325806,=NA(),0,64.81599426269531,1.4163999557495117,0.34380000829696655,0.08399999886751175,=NA(),20,1013.25,0,0,0,0,0,11.999994277954102,0,0,0,0,0,0,0,0,0,0,0,0,0,0
129,3,0,1,Night,,131.6579132080078,-41.65790557861328,97.928955078125,0,0,0,0,10.330011367797852,1.3300000429153442,=NA(),0,64.81599426269531,1.4163999557495117,0.34380000829696655,0.08399999886751175,=NA(),20,1013.25,0,0,0,0,0,10.330011367797852,0,0,0,0,0,0,0,0,0,0,0,0,0,0
129,4,0,1,Night,,119.42648315429688,-29.426483154296875,88.75738525390625,0,0,0,0,10.200006484985352,0.8199999928474426,=NA(),0,64.81599426269531,1.4163999557495117,0.34380000829696655,0.08399999886751175,=NA(),20,1013.25,0,0,0,0,0,10.200006484985352,0,0,0,0,0,0,0,0,0,0,0,0,0,0
129,5,0,1,Night,,107.23845672607422,-17.238452911376953,80.59180450439453,0,0,0,0,11.399988174438477,0.14010000228881836,=NA(),0,64.81599426269531,1.4163999557495117,0.34380000829696655,0.08399999886751175,=NA(),20,1013.25,0,0,0,0,0,11.399988174438477,0,0,0,0,0,0,0,0,0,0,0,0,0,0
129,6,0,1,Night,Sun below height limit of 1 degrees.,89.53219604492188,0.4678063988685608,68.68345642089844,0,0,0,0,9.649713516235352,0.9800000190734863,=NA(),0,31.729856491088867,1.4163999557495117,0.34380000829696655,0.08399999886751175,=NA(),20,1013.25,0,0,0,0,0,9.649988174438477,0,0,0,0,0,0,0,0,0,0,0,0,0,0
129,7,0,1,Day,,83.7320785522461,6.267918109893799,63.81222915649414,109.19999694824219,99.27584838867188,90.89900207519531,0.9091194868087769,9.309991836547852,2.089900016784668,=NA(),=NA(),8.516355514526367,1.4163999557495117,0.34380000829696655,0.08399999886751175,=NA(),20,1013.25,10.20181941986084,74.6070785522461,175.45999145507812,169.67999267578125,5.779999732971191,16.6087589263916,862.5900268554688,886.0700073242188,887.3399047851562,40.03546905517578,1.3852399587631226,1.3805140256881714,45.82815170288086,1.4612855911254883,0.005033812485635281,0,0.00012618750042747706,0,-23.47998046875,-1.2698974609375
129,8,0,1,Day,,73.31269073486328,16.68731117248535,53.873653411865234,279.0899963378906,215.0013427734375,223.19000244140625,0.7703656554222107,14.240015029907227,1.910099983215332,=NA(),=NA(),3.4468932151794434,1.4163999557495117,0.34380000829696655,0.08399999886751175,=NA(),20,1013.25,37.41077423095703,45.72315216064453,465.92999267578125,444.5250244140625,21.404998779296875,33.125633239746094,2745.969970703125,2668.0400390625,2671.73291015625,38.99480438232422,4.2822370529174805,4.209380149841309,45.60033416748047,4.513065338134766,0.015345124527812004,0,0.00048637500731274486,0,77.929931640625,-3.69287109375
129,9,0,1,Day,,64.21265411376953,25.787343978881836,42.01933670043945,434.20001220703125,280.07244873046875,354.2900085449219,0.6450309753417969,17.2600040435791,1.9198999404907227,=NA(),=NA(),2.2900187969207764,1.4163999557495117,0.34380000829696655,0.08399999886751175,=NA(),20,1013.25,54.17898941040039,41.984947204589844,603.8050537109375,558.3800048828125,45.43000030517578,41.83812713623047,3624.669921875,3421.39990234375,3424.329345703125,38.01368713378906,5.630265712738037,5.512137413024902,44.96445083618164,5.94012451171875,0.019832750782370567,0,0.0009617499890737236,0,203.27001953125,-2.929443359375
129,10,0,1,Day,,57.191650390625,32.808349609375,27.699142456054688,542.2999877929688,302.26898193359375,443,0.5573833584785461,18.990015029907227,2.2499001026153564,=NA(),=NA(),1.8417481184005737,1.4163999557495117,0.34380000829696655,0.08399999886751175,=NA(),20,1013.25,35.79319763183594,48.08770751953125,639.1500244140625,597.864990234375,41.28499984741211,45.058128356933594,3809.050048828125,3556.449951171875,3561.49267578125,37.57963943481445,5.923291206359863,5.849634170532227,44.637962341308594,6.258364677429199,0.020973436534404755,0,0.0008639374864287674,0,252.60009765625,-5.042724609375
129,11,0,1,Day,,53.12107467651367,36.87892532348633,10.95723819732666,602,306.5579528808594,492.29998779296875,0.5092324614524841,19.8799991607666,2.639899969100952,=NA(),=NA(),1.6637464761734009,1.4163999557495117,0.34380000829696655,0.08399999886751175,=NA(),20,1013.25,14.2168550491333,51.75053024291992,652.5899658203125,610.52001953125,42.064998626708984,46.596885681152344,3859.929931640625,3584.9599609375,3589.84765625,37.38051986694336,6.0022053718566895,5.979933261871338,44.46262741088867,6.343181133270264,0.02122706174850464,0,0.0008986875182017684,0,274.969970703125,-4.8876953125
129,12,0,1,Day,,52.70583724975586,37.29416275024414,353.0014953613281,623.4099731445312,309.8468933105469,517.510009765625,0.4970194697380066,20.7600040435791,2.8399999141693115,=NA(),=NA(),1.647945523262024,1.4163999557495117,0.34380000829696655,0.08399999886751175,=NA(),20,1013.25,-9.088944435119629,52.148895263671875,670.280029296875,627.030029296875,43.25,48.248130798339844,3960.889892578125,3657.909912109375,3662.729248046875,37.17002487182617,6.1587443351745605,6.145098686218262,44.29632568359375,6.512342929840088,0.021762125194072723,0,0.0009349375031888485,0,302.97998046875,-4.8193359375
129,13,0,1,Day,,56.02874755859375,33.97125244140625,335.8521423339844,228.80999755859375,221.65374755859375,12.807000160217285,0.9687240719795227,21.30999183654785,2.819999933242798,=NA(),=NA(),1.7862093448638916,1.4163999557495117,0.34380000829696655,0.08399999886751175,=NA(),20,1013.25,-31.2645206451416,49.17823791503906,238.510009765625,212.3350067138672,26.174999237060547,31.133752822875977,1331.699951171875,1301.22998046875,1301.24658203125,38.58284378051758,2.1078133583068848,2.042072057723999,44.587554931640625,2.2296032905578613,0.007313250098377466,0,0.0005218124715611339,0,30.469970703125,-0.0166015625
129,14,0,1,Day,,62.48566436767578,27.51433563232422,320.9740295410156,259.5,236.44998168945312,49.89500045776367,0.9111752510070801,21.740015029907227,2.7701001167297363,=NA(),=NA(),2.157663345336914,1.4163999557495117,0.34380000829696655,0.08399999886751175,=NA(),20,1013.25,-50.401371002197266,43.55052947998047,296.41998291015625,257.9800109863281,38.43499755859375,33.982505798339844,1665.7099609375,1612.1199951171875,1610.5677490234375,38.52341079711914,2.612760066986084,2.5089406967163086,44.5966911315918,2.769803762435913,0.00895174965262413,0,0.0007781250169500709,0,53.5899658203125,1.55224609375
129,15,0,1,Day,,71.20504760742188,18.79494857788086,308.6286315917969,180.60000610351562,169.45217895507812,34.60100173950195,0.9382733702659607,21.07000160217285,1.9500000476837158,=NA(),=NA(),3.079465389251709,1.4163999557495117,0.34380000829696655,0.08399999886751175,=NA(),20,1013.25,-52.63098907470703,38.436126708984375,238.4499969482422,210.3800048828125,28.064998626708984,30.8749942779541,1346.489990234375,1316.8699951171875,1316.5986328125,38.65167236328125,2.1288719177246094,2.0493156909942627,44.64242172241211,2.2528138160705566,0.007410624995827675,0,0.0005080624832771719,0,29.6199951171875,0.2713623046875
129,16,0,1,Day,,81.4041519165039,8.595845222473145,298.3426513671875,27.5049991607666,27.44451141357422,0.40470001101493835,0.9978008270263672,18.980005264282227,1.9901000261306763,=NA(),=NA(),6.424221038818359,1.4163999557495117,0.34380000829696655,0.08399999886751175,=NA(),20,1013.25,-14.556135177612305,68.69197845458984,29.404998779296875,26.889999389648438,2.5149998664855957,20.204980850219727,147.1999969482422,149.67999267578125,149.6951446533203,36.95737075805664,0.2531532645225525,0.24973292648792267,42.37888717651367,0.27428528666496277,0.0009136250009760261,0,0.00005300000339047983,0,-2.4799957275390625,-0.0151519775390625
129,17,0,1,Night,Sun above horizon but GHI below 1,88.44973754882812,1.5502620935440063,292.3960266113281,0,0,0,0,15.320001602172852,1.999899983406067,=NA(),0,22.11002540588379,1.4163999557495117,0.34380000829696655,0.08399999886751175,=NA(),20,1013.25,0,0,0,0,0,15.320001602172852,0,0,0,0,0,0,0,0,0,0,0,0,0,0
129,18,0,1,Night,,104.6356430053711,-14.635642051696777,281.3123474121094,0,0,0,0,12.629999160766602,1.9600000381469727,=NA(),0,64.81599426269531,1.4163999557495117,0.34380000829696655,0.08399999886751175,=NA(),20,1013.25,0,0,0,0,0,12.629999160766602,0,0,0,0,0,0,0,0,0,0,0,0,0,0
129,19,0,1,Night,,116.7845230102539,-26.78452491760254,273.264404296875,0,0,0,0,12.540002822875977,1.929900050163269,=NA(),0,64.81599426269531,1.4163999557495117,0.34380000829696655,0.08399999886751175,=NA(),20,1013.25,0,0,0,0,0,12.540002822875977,0,0,0,0,0,0,0,0,0,0,0,0,0,0
129,20,0,1,Night,,129.044189453125,-39.04419708251953,264.47119140625,0,0,0,0,12.760004043579102,1.8600000143051147,=NA(),0,64.81599426269531,1.4163999557495117,0.34380000829696655,0.08399999886751175,=NA(),20,1013.25,0,0,0,0,0,12.760004043579102,0,0,0,0,0,0,0,0,0,0,0,0,0,0
129,21,0,1,Night,,141.08926391601562,-51.089263916015625,253.47775268554688,0,0,0,0,13.589990615844727,1.820099949836731,=NA(),0,64.81599426269531,1.4163999557495117,0.34380000829696655,0.08399999886751175,=NA(),20,1013.25,0,0,0,0,0,13.589990615844727,0,0,0,0,0,0,0,0,0,0,0,0,0,0
129,22,0,1,Night,,152.26528930664062,-62.26529312133789,236.99737548828125,0,0,0,0,12.420007705688477,1.929900050163269,=NA(),0,64.81599426269531,1.4163999557495117,0.34380000829696655,0.08399999886751175,=NA(),20,1013.25,0,0,0,0,0,12.420007705688477,0,0,0,0,0,0,0,0,0,0,0,0,0,0
129,23,0,1,Night,,160.66175842285156,-70.66175842285156,207.29092407226562,0,0,0,0,11.339990615844727,2.109999895095825,=NA(),0,64.81599426269531,1.4163999557495117,0.34380000829696655,0.08399999886751175,=NA(),20,1013.25,0,0,0,0,0,11.339990615844727,0,0,0,0,0,0,0,0,0,0,0,0,0,0
130,0,0,1,Night,,161.7230682373047,-71.72307586669922,161.99461364746094,0,0,0,0,11.700006484985352,2.23009991645813,=NA(),0,64.81599426269531,1.4163999557495117,0.34380000829696655,0.08399999886751175,=NA(),20,1013.25,0,0,0,0,0,11.700006484985352,0,0,0,0,0,0,0,0,0,0,0,0,0,0
130,1,0,1,Night,,154.50645446777344,-64.50646209716797,128.0200958251953,0,0,0,0,10.610010147094727,2.259999990463257,=NA(),0,64.81599426269531,1.4163999557495117,0.34380000829696655,0.08399999886751175,=NA(),20,1013.25,0,0,0,0,0,10.610010147094727,0,0,0,0,0,0,0,0,0,0,0,0,0,0
130,2,0,1,Night,,143.7109832763672,-53.71098709106445,109.45204162597656,0,0,0,0,10.640008926391602,2.3099000453948975,=NA(),0,64.81599426269531,1.4163999557495117,0.34380000829696655,0.08399999886751175,=NA(),20,1013.25,0,0,0,0,0,10.640008926391602,0,0,0,0,0,0,0,0,0,0,0,0,0,0
130,3,0,1,Night,,131.78890991210938,-41.788909912109375,97.6193618774414,0,0,0,0,9.419702529907227,2.389899969100952,=NA(),0,64.81599426269531,1.4163999557495117,0.34380000829696655,0.08399999886751175,=NA(),20,1013.25,0,0,0,0,0,9.420007705688477,0,0,0,0,0,0,0,0,0,0,0,0,0,0
130,4,0,1,Night,,119.55404663085938,-29.554048538208008,88.48997497558594,0,0,0,0,8.990198135375977,2.5199999809265137,=NA(),0,64.81599426269531,1.4163999557495117,0.34380000829696655,0.08399999886751175,=NA(),20,1013.25,0,0,0,0,0,8.990015029907227,0,0,0,0,0,0,0,0,0,0,0,0,0,0
130,5,0,1,Night,,107.37129211425781,-17.371292114257812,80.35124969482422,0,0,0,0,8.320093154907227,2.6900999546051025,=NA(),0,64.81599426269531,1.4163999557495117,0.34380000829696655,0.08399999886751175,=NA(),20,1013.25,0,0,0,0,0,8.320001602172852,0,0,0,0,0,0,0,0,0,0,0,0,0,0
130,6,0,1,Night,Sun below height limit of 1 degrees.,89.60061645507812,0.3993806540966034,68.41327667236328,0,0,0,0,9.099908828735352,3.349900007247925,=NA(),0,32.54467010498047,1.4163999557495117,0.34380000829696655,0.08399999886751175,=NA(),20,1013.25,0,0,0,0,0,9.100000381469727,0,0,0,0,0,0,0,0,0,0,0,0,0,0
130,7,0,1,Day,,83.89176177978516,6.108238697052002,63.60105514526367,65.91000366210938,63.791229248046875,19.91200065612793,0.9678535461425781,11.850000381469727,4.039999961853027,=NA(),=NA(),8.70859432220459,1.4163999557495117,0.34380000829696655,0.08399999886751175,=NA(),20,1013.25,9.95017147064209,75.00701904296875,89.83999633789062,85.33000183105469,4.510000228881836,15.584375381469727,444.79998779296875,459.19000244140625,459.82452392578125,39.28094482421875,0.7316275238990784,0.728341817855835,44.87674331665039,0.7756537199020386,0.00264293747022748,0,0.00009712499740999192,0,-14.3900146484375,-0.634521484375
130,8,0,1,Day,,73.4959945678711,16.50400733947754,53.675228118896484,146.50999450683594,140.5138702392578,21.10700035095215,0.9590736031532288,13.700006484985352,4.779900074005127,=NA(),=NA(),3.4832088947296143,1.4163999557495117,0.34380000829696655,0.08399999886751175,=NA(),20,1013.25,36.859519958496094,46.31667709350586,179.52000427246094,161.94500732421875,17.579999923706055,21.06499671936035,988.3599853515625,999.7999877929688,999.4237670898438,39.66539001464844,1.5746735334396362,1.5194674730300903,45.44495391845703,1.6653363704681396,0.005486562382429838,0,0.0003911250096280128,0,-11.44000244140625,0.376220703125
130,9,0,1,Day,,64.423095703125,25.576902389526367,41.842342376708984,345.6099853515625,261.6788635253906,194.41000366210938,0.7571507692337036,16.0200138092041,5.78000020980835,=NA(),=NA(),2.307403564453125,1.4163999557495117,0.34380000829696655,0.08399999886751175,=NA(),20,1013.25,54.34101486206055,42.22005081176758,454.69500732421875,411.8999938964844,42.79499816894531,34.52062225341797,2681.830078125,2593.31005859375,2595.060791015625,38.81412124633789,4.178784370422363,4.060640811920166,45.374366760253906,4.407435894012451,0.014570624567568302,0,0.0008986250031739473,0,88.52001953125,-1.750732421875
130,10,0,1,Day,,57.42975997924805,32.57024002075195,27.56376075744629,429.510009765625,300.8968505859375,238.91000366210938,0.7005584239959717,18.300012588500977,6.219900131225586,=NA(),=NA(),1.8536421060562134,1.4163999557495117,0.34380000829696655,0.08399999886751175,=NA(),20,1013.25,35.91911697387695,48.337982177734375,491.85498046875,453.8900146484375,37.96500015258789,38.336875915527344,2890.719970703125,2759.89990234375,2763.755859375,38.31818771362305,4.507955074310303,4.42587423324585,45.007911682128906,4.759195804595947,0.015866875648498535,0,0.0007823749911040068,0,130.820068359375,-3.85595703125
130,11,0,1,Day,,53.379634857177734,36.620365142822266,10.891928672790527,239.1999969482422,231.80148315429688,12.402999877929688,0.96906977891922,19.399988174438477,6.420000076293945,=NA(),=NA(),1.673783302307129,1.4163999557495117,0.34380000829696655,0.08399999886751175,=NA(),20,1013.25,14.264771461486816,52.012664794921875,255.94500732421875,235.0800018310547,20.864999771118164,29.8850040435791,1443.1700439453125,1416.4599609375,1417.3626708984375,38.820037841796875,2.2819409370422363,2.259305477142334,44.89762878417969,2.4100894927978516,0.008028875105082989,0,0.0004389375098980963,0,26.7100830078125,-0.9027099609375
130,12,0,1,Day,,52.96876525878906,37.03123474121094,353.02423095703125,685.3900146484375,340.7281799316406,572.2899780273438,0.4971303641796112,19.6299991607666,6.480000019073486,=NA(),=NA(),1.6579054594039917,1.4163999557495117,0.34380000829696655,0.08399999886751175,=NA(),20,1013.25,-9.145339012145996,52.4101676940918,736.9749755859375,689.469970703125,47.505001068115234,49.894981384277344,4357.52978515625,4002.550048828125,4007.431396484375,36.990760803222656,6.771003246307373,6.756313323974609,44.263614654541016,7.160660266876221,0.02391962520778179,0,0.001026562531478703,0,354.979736328125,-4.88134765625
130,13,0,1,Day,,56.278480529785156,33.721519470214844,335.9527587890625,60.59600067138672,60.37604904174805,0.3962000012397766,0.9963701963424683,20.5100040435791,6.239999771118164,=NA(),=NA(),1.7977912425994873,1.4163999557495117,0.34380000829696655,0.08399999886751175,=NA(),20,1013.25,-31.404396057128906,49.42527770996094,61.58000183105469,54.02000045776367,7.564999580383301,23.076257705688477,319.6099853515625,321.2799987792969,321.0277404785156,37.799320220947266,0.5307503938674927,0.5109735131263733,43.26160430908203,0.5685474872589111,0.0018523749895393848,0,0.00014968750474508852,0,-1.670013427734375,0.25225830078125
130,14,0,1,Day,,62.71181106567383,27.28818702697754,321.125244140625,34.0099983215332,33.913124084472656,0.21130000054836273,0.9971516132354736,20.1400089263916,5.460000038146973,=NA(),=NA(),2.1740128993988037,1.4163999557495117,0.34380000829696655,0.08399999886751175,=NA(),20,1013.25,-50.58122634887695,43.779090881347656,32.47999954223633,25.735000610351562,6.744999885559082,21.52813148498535,155.6300048828125,157.4199981689453,155.86386108398438,37.158424377441406,0.26204875111579895,0.241038516163826,42.27196502685547,0.2888554632663727,0.0008826249977573752,0,0.00013537499762605876,0,-1.7899932861328125,1.5561370849609375
130,15,0,1,Day,,71.40507507324219,18.594921112060547,308.8074645996094,18.304000854492188,18.302597045898438,0.004399999976158142,0.9999232888221741,15.740015029907227,4.25,=NA(),=NA(),3.110801935195923,1.4163999557495117,0.34380000829696655,0.08399999886751175,=NA(),20,1013.25,-51.16053771972656,39.171241760253906,17.40999984741211,13.719999313354492,3.684999942779541,16.485010147094727,80.90999603271484,83.52999877929688,82.893310546875,36.79167175292969,0.14076289534568787,0.12990398705005646,41.93301773071289,0.1576838344335556,0.0004891874850727618,0,0.00006718750228174031,0,-2.6200027465820312,0.636688232421875
130,16,0,1,Day,,81.58016204833984,8.419841766357422,298.5372619628906,5.098499774932861,5.098499774932861,0,1,15.459985733032227,3.7599000930786133,=NA(),=NA(),6.546736717224121,1.4163999557495117,0.34380000829696655,0.08399999886751175,=NA(),20,1013.25,-14.261274337768555,69.14553833007812,5.440000057220459,4.970000267028809,0.4650000035762787,15.695001602172852,22.239999771118164,23.040000915527344,23.005765914916992,34.46645736694336,0.0417172946035862,0.04111839458346367,39.91276550292969,0.05062758922576904,0.00016900000628083944,0,0.000009999999747378752,0,-0.8000011444091797,0.03423500061035156
130,17,0,1,Night,Sun above horizon but GHI below 1,88.52984619140625,1.470150351524353,292.6593933105469,0,0,0,0,15.100000381469727,4.130099773406982,=NA(),0,22.651226043701172,1.4163999557495117,0.34380000829696655,0.08399999886751175,=NA(),20,1013.25,0,0,0,0,0,15.100000381469727,0,0,0,0,0,0,0,0,0,0,0,0,0,0
130,18,0,1,Night,,104.78385162353516,-14.783849716186523,281.5357360839844,0,0,0,0,14.600000381469727,4.340000152587891,=NA(),0,64.81599426269531,1.4163999557495117,0.34380000829696655,0.08399999886751175,=NA(),20,1013.25,0,0,0,0,0,14.600000381469727,0,0,0,0,0,0,0,0,0,0,0,0,0,0
130,19,0,1,Night,,116.9266586303711,-26.926660537719727,273.5113220214844,0,0,0,0,14.170007705688477,4.739999771118164,=NA(),0,64.81599426269531,1.4163999557495117,0.34380000829696655,0.08399999886751175,=NA(),20,1013.25,0,0,0,0,0,14.170007705688477,0,0,0,0,0,0,0,0,0,0,0,0,0,0
130,20,0,1,Night,,129.18727111816406,-39.18727493286133,264.754150390625,0,0,0,0,13.959985733032227,4.060100078582764,=NA(),0,64.81599426269531,1.4163999557495117,0.34380000829696655,0.08399999886751175,=NA(),20,1013.25,0,0,0,0,0,13.959985733032227,0,0,0,0,0,0,0,0,0,0,0,0,0,0
130,21,0,1,Night,,141.2445068359375,-51.24451446533203,253.81405639648438,0,0,0,0,14.059991836547852,2.9800000190734863,=NA(),0,64.81599426269531,1.4163999557495117,0.34380000829696655,0.08399999886751175,=NA(),20,1013.25,0,0,0,0,0,14.059991836547852,0,0,0,0,0,0,0,0,0,0,0,0,0,0
130,22,0,1,Night,,152.4523468017578,-62.45234680175781,237.39178466796875,0,0,0,0,13.499994277954102,2.460099935531616,=NA(),0,64.81599426269531,1.4163999557495117,0.34380000829696655,0.08399999886751175,=NA(),20,1013.25,0,0,0,0,0,13.499994277954102,0,0,0,0,0,0,0,0,0,0,0,0,0,0
130,23,0,1,Night,,160.905029296875,-70.905029296875,207.5818328857422,0,0,0,0,13.499994277954102,2.359999895095825,=NA(),0,64.81599426269531,1.4163999557495117,0.34380000829696655,0.08399999886751175,=NA(),20,1013.25,0,0,0,0,0,13.499994277954102,0,0,0,0,0,0,0,0,0,0,0,0,0,0
131,0,0,1,Night,,161.97247314453125,-71.97247314453125,161.744873046875,0,0,0,0,13.200006484985352,2.5,=NA(),0,64.81599426269531,1.4163999557495117,0.34380000829696655,0.08399999886751175,=NA(),20,1013.25,0,0,0,0,0,13.200006484985352,0,0,0,0,0,0,0,0,0,0,0,0,0,0
131,1,0,1,Night,,154.69244384765625,-64.69244384765625,127.59312438964844,0,0,0,0,12.600000381469727,2.75,=NA(),0,64.81599426269531,1.4163999557495117,0.34380000829696655,0.08399999886751175,=NA(),20,1013.25,0,0,0,0,0,12.600000381469727,0,0,0,0,0,0,0,0,0,0,0,0,0,0
131,2,0,1,Night,,143.85682678222656,-53.85682678222656,109.0860824584961,0,0,0,0,12.399988174438477,3.100100040435791,=NA(),0,64.81599426269531,1.4163999557495117,0.34380000829696655,0.08399999886751175,=NA(),20,1013.25,0,0,0,0,0,12.399988174438477,0,0,0,0,0,0,0,0,0,0,0,0,0,0
131,3,0,1,Night,,131.91827392578125,-41.918270111083984,97.31574249267578,0,0,0,0,12.200006484985352,3.299999952316284,=NA(),0,64.81599426269531,1.4163999557495117,0.34380000829696655,0.08399999886751175,=NA(),20,1013.25,0,0,0,0,0,12.200006484985352,0,0,0,0,0,0,0,0,0,0,0,0,0,0
131,4,0,1,Night,,119.68018341064453,-29.680185317993164,88.22811126708984,0,0,0,0,11.499994277954102,3.049999952316284,=NA(),0,64.81599426269531,1.4163999557495117,0.34380000829696655,0.08399999886751175,=NA(),20,1013.25,0,0,0,0,0,11.499994277954102,0,0,0,0,0,0,0,0,0,0,0,0,0,0
131,5,0,1,Night,,107.50215911865234,-17.502161026000977,80.11598205566406,0,0,0,0,11.040002822875977,2.860100030899048,=NA(),0,64.81599426269531,1.4163999557495117,0.34380000829696655,0.08399999886751175,=NA(),20,1013.25,0,0,0,0,0,11.040002822875977,0,0,0,0,0,0,0,0,0,0,0,0,0,0
131,6,0,1,Night,Sun below height limit of 1 degrees.,89.66673278808594,0.33326685428619385,68.14374542236328,0,0,0,0,10.839990615844727,2.890000104904175,=NA(),0,33.36051559448242,1.4163999557495117,0.34380000829696655,0.08399999886751175,=NA(),20,1013.25,0,0,0,0,0,10.839990615844727,0,0,0,0,0,0,0,0,0,0,0,0,0,0
131,7,0,1,Day,,84.04832458496094,5.951677322387695,63.395286560058594,35.29899978637695,35.1744384765625,1.201300024986267,0.9964712262153625,10.800012588500977,2.8798999786376953,=NA(),=NA(),8.905264854431152,1.4163999557495117,0.34380000829696655,0.08399999886751175,=NA(),20,1013.25,9.70332145690918,75.39852142333984,39.82499694824219,36.88500213623047,2.940000057220459,12.449975967407227,200.2899932861328,209.5800018310547,209.72349548339844,38.592247009277344,0.3396461606025696,0.33758100867271423,44.020687103271484,0.3644139766693115,0.0012260000221431255,0,0.00006274999759625643,0,-9.290008544921875,-0.14349365234375
131,8,0,1,Day,,73.67707061767578,16.322927474975586,53.48246383666992,122.30999755859375,119.77960968017578,9.003299713134766,0.9793117046356201,10.800012588500977,2.460099935531616,=NA(),=NA(),3.519868850708008,1.4163999557495117,0.34380000829696655,0.08399999886751175,=NA(),20,1013.25,36.32341384887695,46.897850036621094,141.91000366210938,126.625,15.289999961853027,16.6299991607666,767.5900268554688,788.6199951171875,787.8983154296875,40.0114860534668,1.2306087017059326,1.1837680339813232,45.630523681640625,1.3040515184402466,0.004271687474101782,0,0.00033962499583140016,0,-21.02996826171875,0.7216796875
131,9,0,1,Day,,64.6306381225586,25.369361877441406,41.67118835449219,238.00999450683594,218.9820098876953,44.4109992980957,0.9200538396835327,11.499994277954102,1.5999000072479248,=NA(),=NA(),2.324838638305664,1.4163999557495117,0.34380000829696655,0.08399999886751175,=NA(),20,1013.25,54.50322723388672,42.449337005615234,276.92999267578125,238.48001098632812,38.459999084472656,22.829370498657227,1564.3399658203125,1572.449951171875,1570.132568359375,40.040794372558594,2.450643301010132,2.3430557250976562,45.98386764526367,2.5926895141601562,0.008356374688446522,0,0.0007986875134520233,0,-8.1099853515625,2.3173828125
131,10,0,1,Day,,57.66387939453125,32.33612060546875,27.433923721313477,257.19000244140625,242.37689208984375,27.694000244140625,0.94240403175354,11.619989395141602,0.9900000095367432,=NA(),=NA(),1.8655182123184204,1.4163999557495117,0.34380000829696655,0.08399999886751175,=NA(),20,1013.25,36.046348571777344,48.582313537597656,269.9800109863281,238.48001098632812,31.494998931884766,22.6712589263916,1513.010009765625,1521.75,1520.4381103515625,39.987579345703125,2.3763067722320557,2.2928929328918457,45.949180603027344,2.511211395263672,0.008236000314354897,0,0.000628374982625246,0,-8.739990234375,1.3118896484375
131,11,0,1,Day,,53.63326644897461,36.36673355102539,10.830883979797363,239.1999969482422,231.6683349609375,12.70199966430664,0.9685131311416626,12.740015029907227,0.41999998688697815,=NA(),=NA(),1.683780550956726,1.4163999557495117,0.34380000829696655,0.08399999886751175,=NA(),20,1013.25,14.315560340881348,52.26911544799805,255.93499755859375,235.06500244140625,20.869998931884766,23.181238174438477,1442.9300537109375,1448.8699951171875,1448.6290283203125,39.813690185546875,2.274066686630249,2.2515294551849365,45.800437927246094,2.4001073837280273,0.008027500472962856,0,0.00043881250894628465,0,-5.93994140625,0.240966796875
131,12,0,1,Day,,53.226112365722656,36.773887634277344,353.0491027832031,263.6000061035156,251.6873016357422,19.89900016784668,0.9548076391220093,12.800012588500977,0.23989999294281006,=NA(),=NA(),1.6678053140640259,1.4163999557495117,0.34380000829696655,0.08399999886751175,=NA(),20,1013.25,-9.19767951965332,52.66631317138672,283.55999755859375,261.8349914550781,21.725000381469727,24.357507705688477,1606,1606.239990234375,1606.65576171875,39.7406120300293,2.5267839431762695,2.5139875411987305,45.825889587402344,2.664555549621582,0.008922562003135681,0,0.00046868750359863043,0,-0.239990234375,-0.415771484375
131,13,0,1,Day,,56.52238464355469,33.47761535644531,336.0533447265625,319,281.4893493652344,68.00199890136719,0.882411777973175,14.080011367797852,0.3499999940395355,=NA(),=NA(),1.809281587600708,1.4163999557495117,0.34380000829696655,0.08399999886751175,=NA(),20,1013.25,-31.5394287109375,49.66782760620117,345.3800048828125,313.69500732421875,31.68000030517578,28.1506290435791,1980.719970703125,1956.0799560546875,1957.5390625,39.413116455078125,3.104205369949341,3.0332493782043457,45.68180465698242,3.272948741912842,0.010871250182390213,0,0.0006398750119842589,0,24.6400146484375,-1.4591064453125
131,14,0,1,Day,,62.9322624206543,27.067737579345703,321.27508544921875,103.19999694824219,102.47224426269531,1.5993000268936157,0.9929481148719788,14.480005264282227,0.5501000285148621,=NA(),=NA(),2.1902222633361816,1.4163999557495117,0.34380000829696655,0.08399999886751175,=NA(),20,1013.25,-50.75585174560547,44.003875732421875,100.17500305175781,80.05999755859375,20.115001678466797,18.693750381469727,515.739990234375,526.4400024414062,520.5283203125,39.517845153808594,0.8229764103889465,0.7602872848510742,44.67955017089844,0.889585554599762,0.002749500097706914,0,0.0004041875072289258,0,-10.70001220703125,5.91168212890625
131,15,0,1,Day,,71.60067749023438,18.399320602416992,308.98419189453125,272.70001220703125,215.56642150878906,181.00999450683594,0.7904891967773438,14.300012588500977,0.9900000095367432,=NA(),=NA(),3.1420981884002686,1.4163999557495117,0.34380000829696655,0.08399999886751175,=NA(),20,1013.25,-49.87247848510742,39.87987518310547,438.7749938964844,409.010009765625,29.759998321533203,32.13500213623047,2568.5,2503.6201171875,2506.271484375,39.0889892578125,4.0073933601379395,3.9156436920166016,45.61156463623047,4.223831653594971,0.014259500429034233,0,0.000570437521673739,0,64.8798828125,-2.6513671875
131,16,0,1,Day,,81.75206756591797,8.247932434082031,298.7294921875,31.509000778198242,31.435636520385742,0.5113999843597412,0.9976716637611389,14.300012588500977,1.399999976158142,=NA(),=NA(),6.670876979827881,1.4163999557495117,0.34380000829696655,0.08399999886751175,=NA(),20,1013.25,-13.974138259887695,69.58740997314453,33.730003356933594,30.869998931884766,2.8600001335144043,15.698114395141602,170.6199951171875,176.47999572753906,176.52976989746094,37.86861801147461,0.291350781917572,0.28769350051879883,43.28408432006836,0.3141184151172638,0.001049000071361661,0,0.00006018749991199002,0,-5.8600006103515625,-0.049774169921875
131,17,0,1,Night,Sun above horizon but GHI below 1,88.60342407226562,1.396576166152954,292.9201354980469,0,0,0,0,13.179986953735352,1.6200000047683716,=NA(),0,23.167970657348633,1.4163999557495117,0.34380000829696655,0.08399999886751175,=NA(),20,1013.25,0,0,0,0,0,13.179986953735352,0,0,0,0,0,0,0,0,0,0,0,0,0,0
131,18,0,1,Night,,104.92802429199219,-14.928025245666504,281.75640869140625,0,0,0,0,12.800012588500977,1.5801000595092773,=NA(),0,64.81599426269531,1.4163999557495117,0.34380000829696655,0.08399999886751175,=NA(),20,1013.25,0,0,0,0,0,12.800012588500977,0,0,0,0,0,0,0,0,0,0,0,0,0,0
131,19,0,1,Night,,117.06423950195312,-27.064241409301758,273.75537109375,0,0,0,0,12.309991836547852,1.409999966621399,=NA(),0,64.81599426269531,1.4163999557495117,0.34380000829696655,0.08399999886751175,=NA(),20,1013.25,0,0,0,0,0,12.309991836547852,0,0,0,0,0,0,0,0,0,0,0,0,0,0
131,20,0,1,Night,,129.3253936767578,-39.32539749145508,265.0342712402344,0,0,0,0,11.800012588500977,1.2300000190734863,=NA(),0,64.81599426269531,1.4163999557495117,0.34380000829696655,0.08399999886751175,=NA(),20,1013.25,0,0,0,0,0,11.800012588500977,0,0,0,0,0,0,0,0,0,0,0,0,0,0
131,21,0,1,Night,,141.39425659179688,-51.394256591796875,254.1481475830078,0,0,0,0,11.420007705688477,1.1999000310897827,=NA(),0,64.81599426269531,1.4163999557495117,0.34380000829696655,0.08399999886751175,=NA(),20,1013.25,0,0,0,0,0,11.420007705688477,0,0,0,0,0,0,0,0,0,0,0,0,0,0
131,22,0,1,Night,,152.63331604003906,-62.63331985473633,237.78675842285156,0,0,0,0,10.300012588500977,1.3401000499725342,=NA(),0,64.81599426269531,1.4163999557495117,0.34380000829696655,0.08399999886751175,=NA(),20,1013.25,0,0,0,0,0,10.300012588500977,0,0,0,0,0,0,0,0,0,0,0,0,0,0
131,23,0,1,Night,,161.14247131347656,-71.14246368408203,207.8803253173828,0,0,0,0,10.499994277954102,1.5999000072479248,=NA(),0,64.81599426269531,1.4163999557495117,0.34380000829696655,0.08399999886751175,=NA(),20,1013.25,0,0,0,0,0,10.499994277954102,0,0,0,0,0,0,0,0,0,0,0,0,0,0
132,0,0,1,Night,,162.2174835205078,-72.21748352050781,161.5000762939453,0,0,0,0,9.799890518188477,1.7000000476837158,=NA(),0,64.81599426269531,1.4163999557495117,0.34380000829696655,0.08399999886751175,=NA(),20,1013.25,0,0,0,0,0,9.800012588500977,0,0,0,0,0,0,0,0,0,0,0,0,0,0
132,1,0,1,Night,,154.87530517578125,-64.87530517578125,127.17223358154297,0,0,0,0,9.159814834594727,1.750100016593933,=NA(),0,64.81599426269531,1.4163999557495117,0.34380000829696655,0.08399999886751175,=NA(),20,1013.25,0,0,0,0,0,9.159997940063477,0,0,0,0,0,0,0,0,0,0,0,0,0,0
132,2,0,1,Night,,144.00079345703125,-54.00078582763672,108.72675323486328,0,0,0,0,9.260095596313477,1.8700000047683716,=NA(),0,64.81599426269531,1.4163999557495117,0.34380000829696655,0.08399999886751175,=NA(),20,1013.25,0,0,0,0,0,9.260004043579102,0,0,0,0,0,0,0,0,0,0,0,0,0,0
132,3,0,1,Night,,132.0465850830078,-42.04658508300781,97.01821899414062,0,0,0,0,9.409692764282227,1.9600000381469727,=NA(),0,64.81599426269531,1.4163999557495117,0.34380000829696655,0.08399999886751175,=NA(),20,1013.25,0,0,0,0,0,9.409997940063477,0,0,0,0,0,0,0,0,0,0,0,0,0,0
132,4,0,1,Night,,119.80586242675781,-29.805864334106445,87.97186279296875,0,0,0,0,8.179895401000977,2.0299999713897705,=NA(),0,64.81599426269531,1.4163999557495117,0.34380000829696655,0.08399999886751175,=NA(),20,1013.25,0,0,0,0,0,8.179986953735352,0,0,0,0,0,0,0,0,0,0,0,0,0,0
132,5,0,1,Night,,107.63330078125,-17.63330078125,79.88609313964844,0,0,0,0,7.029809474945068,2.0999999046325684,=NA(),0,64.81599426269531,1.4163999557495117,0.34380000829696655,0.08399999886751175,=NA(),20,1013.25,0,0,0,0,0,7.029992580413818,0,0,0,0,0,0,0,0,0,0,0,0,0,0
132,6,0,1,Night,Sun below height limit of 1 degrees.,89.72694396972656,0.2730591893196106,67.88447570800781,0,0,0,0,7.009912014007568,1.9198999404907227,=NA(),0,34.12874221801758,1.4163999557495117,0.34380000829696655,0.08399999886751175,=NA(),20,1013.25,0,0,0,0,0,7.010003566741943,0,0,0,0,0,0,0,0,0,0,0,0,0,0
132,7,0,1,Day,,84.20220184326172,5.797797203063965,63.19497299194336,55.106998443603516,53.995296478271484,11.005000114440918,0.9798265099525452,7.450006008148193,2.180000066757202,=NA(),=NA(),9.106986999511719,1.4163999557495117,0.34380000829696655,0.08399999886751175,=NA(),20,1013.25,9.460467338562012,75.78276824951172,68.9949951171875,64.85499572753906,4.144999980926514,10.305627822875977,343.4100036621094,361.44000244140625,361.7937927246094,39.70823287963867,0.5694559812545776,0.5666094422340393,45.20207977294922,0.605254590511322,0.0020541874691843987,0,0.00008918750245356932,0,-18.029998779296875,-0.353790283203125
132,8,0,1,Day,,73.85665130615234,16.143348693847656,53.295379638671875,150.80999755859375,143.49501037597656,26.30900001525879,0.951495349407196,9.760004043579102,1.7999999523162842,=NA(),=NA(),3.557018756866455,1.4163999557495117,0.34380000829696655,0.08399999886751175,=NA(),20,1013.25,35.79889678955078,47.469322204589844,188.45001220703125,171.125,17.325000762939453,17.454370498657227,1043,1067.9300537109375,1068.0081787109375,40.234954833984375,1.658934473991394,1.6040693521499634,46.02803421020508,1.7515485286712646,0.00580425001680851,0,0.00038587499875575304,0,-24.9300537109375,-0.078125
132,9,0,1,Day,,64.8362045288086,25.163793563842773,41.505855560302734,289.79998779296875,244.64295959472656,106.19999694824219,0.8441786170005798,12.059991836547852,1.839900016784668,=NA(),=NA(),2.342398166656494,1.4163999557495117,0.34380000829696655,0.08399999886751175,=NA(),20,1013.25,54.66676330566406,42.67317581176758,358.04998779296875,316.0249938964844,42.025001525878906,26.63811683654785,2066.97998046875,2051.56005859375,2051.66015625,39.71444320678711,3.2287561893463135,3.1120221614837646,45.956321716308594,3.4068424701690674,0.011121749877929688,0,0.000876687525305897,0,15.419921875,-0.10009765625
132,10,0,1,Day,,57.89524459838867,32.10475540161133,27.30958366394043,543.489990234375,304.1217041015625,450.3900146484375,0.5595718622207642,13.670007705688477,1.4600000381469727,=NA(),=NA(),1.877435326576233,1.4163999557495117,0.34380000829696655,0.08399999886751175,=NA(),20,1013.25,36.17621612548828,48.82157897949219,641.925048828125,600.2949829101562,41.62999725341797,39.763755798339844,3818.93994140625,3630.9599609375,3635.90576171875,38.30298614501953,5.932859420776367,5.857364654541016,45.33074188232422,6.2582597732543945,0.021023936569690704,0,0.0008695625001564622,0,187.97998046875,-4.94580078125
132,11,0,1,Day,,53.88308334350586,36.11691665649414,10.774044036865234,599.4000244140625,307.5708312988281,495.1000061035156,0.5131311416625977,15.249994277954102,1.0300999879837036,=NA(),=NA(),1.6937768459320068,1.4163999557495117,0.34380000829696655,0.08399999886751175,=NA(),20,1013.25,14.369807243347168,52.52093505859375,649.9000244140625,607.9400024414062,41.959999084472656,41.784996032714844,3839.130126953125,3625.260009765625,3629.470703125,38.03868103027344,5.963456153869629,5.942824363708496,45.07809829711914,6.293997287750244,0.02111225016415119,0,0.0008955625235103071,0,213.8701171875,-4.210693359375
132,12,0,1,Day,,53.4791145324707,36.5208854675293,353.07598876953125,593.8900146484375,305.8004455566406,484.0899963378906,0.514910876750946,17.170007705688477,0.7699999809265137,=NA(),=NA(),1.6776865720748901,1.4163999557495117,0.34380000829696655,0.08399999886751175,=NA(),20,1013.25,-9.24630069732666,52.91852951049805,638.6799926757812,597.2750244140625,41.404998779296875,43.326255798339844,3764.340087890625,3535.669921875,3538.456787109375,37.83535385131836,5.845158576965332,5.830413818359375,44.841033935546875,6.1702046394348145,0.020690562203526497,0,0.0008942499989643693,0,228.670166015625,-2.786865234375
132,13,0,1,Day,,56.761802673339844,33.238197326660156,336.1538391113281,525.7000122070312,300.04412841796875,411.69000244140625,0.5707516074180603,18.43999671936035,0.6301000118255615,=NA(),=NA(),1.8207358121871948,1.4163999557495117,0.34380000829696655,0.08399999886751175,=NA(),20,1013.25,-31.67084503173828,49.90693664550781,602.7999877929688,563.4249877929688,39.37999725341797,43.039390563964844,3573.369873046875,3359.06005859375,3363.302490234375,37.82661819458008,5.557137966156006,5.494411468505859,44.78213119506836,5.867390155792236,0.01968393847346306,0,0.000820937508251518,0,214.309814453125,-4.242431640625
132,14,0,1,Day,,63.14852523803711,26.851472854614258,321.4234924316406,246.60000610351562,227.17689514160156,43.00199890136719,0.9212363958358765,18.82000160217285,0.4099000096321106,=NA(),=NA(),2.206390857696533,1.4163999557495117,0.34380000829696655,0.08399999886751175,=NA(),20,1013.25,-50.92703628540039,44.2255973815918,280.30999755859375,242.85501098632812,37.459999084472656,30.3962345123291,1570.9599609375,1539.22998046875,1535.791015625,39.02691650390625,2.459243059158325,2.35884428024292,44.97547912597656,2.6095223426818848,0.008432624861598015,0,0.0007603749982081354,0,31.72998046875,3.43896484375
132,15,0,1,Day,,71.79229736328125,18.207706451416016,309.1587829589844,233.11000061035156,198.70474243164062,110.11000061035156,0.8524076342582703,19.399988174438477,0.36000001430511475,=NA(),=NA(),3.173401355743408,1.4163999557495117,0.34380000829696655,0.08399999886751175,=NA(),20,1013.25,-48.71891403198242,40.564796447753906,349.1300048828125,320.9049987792969,28.224998474121094,33.66063690185547,2020.8699951171875,1958.8499755859375,1960.5211181640625,38.65775680541992,3.1697134971618652,3.0810370445251465,44.9835319519043,3.3458080291748047,0.01119293738156557,0,0.0005445000133477151,0,62.02001953125,-1.671142578125
132,16,0,1,Day,,81.92073059082031,8.079267501831055,298.91925048828125,53.40800094604492,53.08372497558594,2.307300090789795,0.9939283132553101,17.740015029907227,1.3300000429153442,=NA(),=NA(),6.797224521636963,1.4163999557495117,0.34380000829696655,0.08399999886751175,=NA(),20,1013.25,-13.693024635314941,70.01992797851562,61.709999084472656,57.18000030517578,4.529999732971191,20.290613174438477,321.79998779296875,326.82000732421875,327.0696105957031,38.13393783569336,0.5360524654388428,0.5300152897834778,43.673011779785156,0.571851909160614,0.0019193125190213323,0,0.0000958125019678846,0,-5.02001953125,-0.249603271484375
132,17,0,1,Night,Sun above horizon but GHI below 1,88.67892456054688,1.3210785388946533,293.1756896972656,0,0,0,0,14.119989395141602,1.9000999927520752,=NA(),0,23.71866798400879,1.4163999557495117,0.34380000829696655,0.08399999886751175,=NA(),20,1013.25,0,0,0,0,0,14.119989395141602,0,0,0,0,0,0,0,0,0,0,0,0,0,0
132,18,0,1,Night,,105.06719970703125,-15.067198753356934,281.97430419921875,0,0,0,0,11.920007705688477,2.130000114440918,=NA(),0,64.81599426269531,1.4163999557495117,0.34380000829696655,0.08399999886751175,=NA(),20,1013.25,0,0,0,0,0,11.920007705688477,0,0,0,0,0,0,0,0,0,0,0,0,0,0
132,19,0,1,Night,,117.19696044921875,-27.196964263916016,273.9964904785156,0,0,0,0,9.710199356079102,2.159899950027466,=NA(),0,64.81599426269531,1.4163999557495117,0.34380000829696655,0.08399999886751175,=NA(),20,1013.25,0,0,0,0,0,9.709985733032227,0,0,0,0,0,0,0,0,0,0,0,0,0,0
132,20,0,1,Night,,129.45835876464844,-39.4583625793457,265.3114318847656,0,0,0,0,8.790094375610352,2.0999999046325684,=NA(),0,64.81599426269531,1.4163999557495117,0.34380000829696655,0.08399999886751175,=NA(),20,1013.25,0,0,0,0,0,8.790002822875977,0,0,0,0,0,0,0,0,0,0,0,0,0,0
132,21,0,1,Night,,141.5383758544922,-51.53837203979492,254.479736328125,0,0,0,0,8.219812393188477,1.9198999404907227,=NA(),0,64.81599426269531,1.4163999557495117,0.34380000829696655,0.08399999886751175,=NA(),20,1013.25,0,0,0,0,0,8.219995498657227,0,0,0,0,0,0,0,0,0,0,0,0,0,0
132,22,0,1,Night,,152.8080291748047,-62.80802917480469,238.18185424804688,0,0,0,0,8.169885635375977,1.7000000476837158,=NA(),0,64.81599426269531,1.4163999557495117,0.34380000829696655,0.08399999886751175,=NA(),20,1013.25,0,0,0,0,0,8.170007705688477,0,0,0,0,0,0,0,0,0,0,0,0,0,0
132,23,0,1,Night,,161.37387084960938,-71.37387084960938,208.18626403808594,0,0,0,0,8.209802627563477,1.4399000406265259,=NA(),0,64.81599426269531,1.4163999557495117,0.34380000829696655,0.08399999886751175,=NA(),20,1013.25,0,0,0,0,0,8.209985733032227,0,0,0,0,0,0,0,0,0,0,0,0,0,0
133,0,0,1,Night,,162.4579315185547,-72.45793151855469,161.2606201171875,0,0,0,0,8.610010147094727,1.1198999881744385,=NA(),0,64.81599426269531,1.4163999557495117,0.34380000829696655,0.08399999886751175,=NA(),20,1013.25,0,0,0,0,0,8.610010147094727,0,0,0,0,0,0,0,0,0,0,0,0,0,0
133,1,0,1,Night,,155.05482482910156,-65.05482482910156,126.7578125,0,0,0,0,7.999688625335693,0.7299000024795532,=NA(),0,64.81599426269531,1.4163999557495117,0.34380000829696655,0.08399999886751175,=NA(),20,1013.25,0,0,0,0,0,7.999993801116943,0,0,0,0,0,0,0,0,0,0,0,0,0,0
133,2,0,1,Night,,144.142578125,-54.142574310302734,108.37422943115234,0,0,0,0,6.860314846038818,0.27000001072883606,=NA(),0,64.81599426269531,1.4163999557495117,0.34380000829696655,0.08399999886751175,=NA(),20,1013.25,0,0,0,0,0,6.860009670257568,0,0,0,0,0,0,0,0,0,0,0,0,0,0
133,3,0,1,Night,,132.17352294921875,-42.173519134521484,96.72692108154297,0,0,0,0,6.119805812835693,0.3700000047683716,=NA(),0,64.81599426269531,1.4163999557495117,0.34380000829696655,0.08399999886751175,=NA(),20,1013.25,0,0,0,0,0,6.119988918304443,0,0,0,0,0,0,0,0,0,0,0,0,0,0
133,4,0,1,Night,,119.93038940429688,-29.930389404296875,87.72135162353516,0,0,0,0,5.349999904632568,0.7998999953269958,=NA(),0,64.81599426269531,1.4163999557495117,0.34380000829696655,0.08399999886751175,=NA(),20,1013.25,0,0,0,0,0,5.349999904632568,0,0,0,0,0,0,0,0,0,0,0,0,0,0
133,5,0,1,Night,,107.76296997070312,-17.762971878051758,79.66165161132812,0,0,0,0,5.559991359710693,1.1198999881744385,=NA(),0,64.81599426269531,1.4163999557495117,0.34380000829696655,0.08399999886751175,=NA(),20,1013.25,0,0,0,0,0,5.559991359710693,0,0,0,0,0,0,0,0,0,0,0,0,0,0
133,6,0,1,Night,Sun below height limit of 1 degrees.,89.78807830810547,0.21191899478435516,67.62835693359375,0,0,0,0,5.849908351898193,1.2898999452590942,=NA(),0,34.93410873413086,1.4163999557495117,0.34380000829696655,0.08399999886751175,=NA(),20,1013.25,0,0,0,0,0,5.849999904632568,0,0,0,0,0,0,0,0,0,0,0,0,0,0
133,7,0,1,Day,,84.35569763183594,5.644305229187012,63.00014877319336,73.99700164794922,70.41697692871094,36.400001525878906,0.9516193270683289,6.400292873382568,1.5801000595092773,=NA(),=NA(),9.317025184631348,1.4163999557495117,0.34380000829696655,0.08399999886751175,=NA(),20,1013.25,9.217741012573242,76.16551208496094,106.92500305175781,102.28500366210938,4.640000343322754,10.859369277954102,510.4499816894531,535.47998046875,536.21044921875,40.16864776611328,0.8343112468719482,0.8311120271682739,45.764610290527344,0.8824602365493774,0.0030234374571591616,0,0.00010093750461237505,0,-25.029998779296875,-0.73046875
133,8,0,1,Day,,74.0344009399414,15.965597152709961,53.113983154296875,268.4100036621094,209.02175903320312,215.91000366210938,0.7787405848503113,9.329889297485352,1.910099983215332,=NA(),=NA(),3.5945937633514404,1.4163999557495117,0.34380000829696655,0.08399999886751175,=NA(),20,1013.25,35.28644561767578,48.030364990234375,447.17999267578125,427.42999267578125,19.75,27.370630264282227,2630.070068359375,2604.550048828125,2608.669189453125,39.74694061279297,4.102027893066406,4.034914016723633,46.28050994873047,4.317665100097656,0.014728499576449394,0,0.0004487500118557364,0,25.52001953125,-4.119140625
133,9,0,1,Day,,65.03910827636719,24.960891723632812,41.346336364746094,439.6099853515625,284.81634521484375,366.80999755859375,0.6478841304779053,12.839990615844727,3.279900074005127,=NA(),=NA(),2.360020160675049,1.4163999557495117,0.34380000829696655,0.08399999886751175,=NA(),20,1013.25,54.83079147338867,42.8912467956543,616.75,570.219970703125,46.53499984741211,37.842491149902344,3696.679931640625,3537.239990234375,3542.07861328125,38.54909896850586,5.742981433868408,5.626546382904053,45.520790100097656,6.055459022521973,0.02021656185388565,0,0.000985187478363514,0,159.43994140625,-4.838623046875
133,10,0,1,Day,,58.12288284301758,31.877117156982422,27.190690994262695,557.1099853515625,311.3273010253906,465.4100036621094,0.5588255524635315,14.899988174438477,4.329999923706055,=NA(),=NA(),1.8893393278121948,1.4163999557495117,0.34380000829696655,0.08399999886751175,=NA(),20,1013.25,36.30771255493164,49.05508804321289,658.8250122070312,616.1600341796875,42.65999984741211,41.708763122558594,3921.8798828125,3704.5400390625,3709.866943359375,38.04747772216797,6.09419584274292,6.016717433929443,45.127201080322266,6.431682109832764,0.021584749221801758,0,0.000891187519300729,0,217.33984375,-5.326904296875
133,11,0,1,Day,,54.12816619873047,35.87183380126953,10.72134017944336,359.69000244140625,304.43792724609375,94.29100036621094,0.8463897109031677,16.42998695373535,5.090099811553955,=NA(),=NA(),1.7037307024002075,1.4163999557495117,0.34380000829696655,0.08399999886751175,=NA(),20,1013.25,14.427074432373047,52.76726150512695,387.0400085449219,358.29498291015625,28.744998931884766,32.212486267089844,2231.75,2174.409912109375,2176.757568359375,38.94794464111328,3.4930591583251953,3.46787691116333,45.35251998901367,3.685324192047119,0.012321124784648418,0,0.0006079999729990959,0,57.340087890625,-2.34765625
133,12,0,1,Day,,53.72653579711914,36.27346420288086,353.10479736328125,402.20001220703125,316.2347412109375,145.3000030517578,0.7862623929977417,17.779993057250977,5.360000133514404,=NA(),=NA(),1.687495231628418,1.4163999557495117,0.34380000829696655,0.08399999886751175,=NA(),20,1013.25,-9.290837287902832,53.16558837890625,432.5899963378906,402.43499755859375,30.145000457763672,35.46123504638672,2509.7099609375,2418.969970703125,2420.716064453125,38.62171173095703,3.917351484298706,3.90303635597229,45.13157653808594,4.135098457336426,0.013848062604665756,0,0.0006505625206045806,0,90.739990234375,-1.74609375
133,13,0,1,Day,,56.995323181152344,33.004676818847656,336.25421142578125,469.7099914550781,300.95416259765625,309.80999755859375,0.6407233476638794,17.959985733032227,5.339900016784668,=NA(),=NA(),1.8320785760879517,1.4163999557495117,0.34380000829696655,0.08399999886751175,=NA(),20,1013.25,-31.797285079956055,50.14145278930664,534.4349975585938,497.4700012207031,36.964996337890625,39.74687957763672,3151.47998046875,2995.159912109375,2998.942626953125,38.19557571411133,4.907247543334961,4.843286514282227,44.9808349609375,5.178972244262695,0.01735656149685383,0,0.000765874981880188,0,156.320068359375,-3.78271484375
133,14,0,1,Day,,63.358795166015625,26.641202926635742,321.57037353515625,482.19000244140625,301.6633605957031,402.6000061035156,0.6256110072135925,17.529993057250977,5.099899768829346,=NA(),=NA(),2.2223706245422363,1.4163999557495117,0.34380000829696655,0.08399999886751175,=NA(),20,1013.25,-51.092594146728516,44.44331359863281,648.719970703125,601.4600219726562,47.255001068115234,44.034385681152344,3848.409912109375,3605.969970703125,3610.181640625,37.734928131103516,5.97966194152832,5.863895416259766,44.78994369506836,6.314536094665527,0.021079249680042267,0,0.0009810625342652202,0,242.43994140625,-4.211669921875
133,15,0,1,Day,,71.97763061523438,18.022371292114258,309.3312072753906,186.39999389648438,172.10748291015625,46.19599914550781,0.9233234524726868,17.7700138092041,3.900099992752075,=NA(),=NA(),3.2043039798736572,1.4163999557495117,0.34380000829696655,0.08399999886751175,=NA(),20,1013.25,-47.687747955322266,41.2189826965332,255.02999877929688,229.875,25.149999618530273,28.1975040435791,1455.3800048828125,1436.699951171875,1437.050048828125,39.090904235839844,2.297574043273926,2.2161991596221924,45.138797760009766,2.42643141746521,0.008049124851822853,0,0.00048743750085122883,0,18.6800537109375,-0.35009765625
133,16,0,1,Day,,82.082763671875,7.917236804962158,299.1064453125,56.70899963378906,56.23975372314453,3.4066998958587646,0.9917253851890564,16.70000648498535,2.95989990234375,=NA(),=NA(),6.923056125640869,1.4163999557495117,0.34380000829696655,0.08399999886751175,=NA(),20,1013.25,-13.424062728881836,70.43446350097656,66.63999938964844,61.91999816894531,4.71999979019165,19.451257705688477,348.2900085449219,354.79998779296875,355.1085205078125,38.369956970214844,0.5784271955490112,0.572489857673645,43.92380905151367,0.6160920858383179,0.0020719999447464943,0,0.0000999375042738393,0,-6.509979248046875,-0.30853271484375
133,17,0,1,Night,Sun above horizon but GHI below 1,88.75068664550781,1.2493112087249756,293.42608642578125,0,0,0,0,13.409997940063477,3.130000114440918,=NA(),0,24.262386322021484,1.4163999557495117,0.34380000829696655,0.08399999886751175,=NA(),20,1013.25,0,0,0,0,0,13.409997940063477,0,0,0,0,0,0,0,0,0,0,0,0,0,0
133,18,0,1,Night,,105.20125579833984,-15.201251983642578,282.1892395019531,0,0,0,0,12.360010147094727,3.340100049972534,=NA(),0,64.81599426269531,1.4163999557495117,0.34380000829696655,0.08399999886751175,=NA(),20,1013.25,0,0,0,0,0,12.360010147094727,0,0,0,0,0,0,0,0,0,0,0,0,0,0
133,19,0,1,Night,,117.32427215576172,-27.324275970458984,274.2345275878906,0,0,0,0,10.980005264282227,3.589900016784668,=NA(),0,64.81599426269531,1.4163999557495117,0.34380000829696655,0.08399999886751175,=NA(),20,1013.25,0,0,0,0,0,10.980005264282227,0,0,0,0,0,0,0,0,0,0,0,0,0,0
133,20,0,1,Night,,129.58580017089844,-39.585792541503906,265.58538818359375,0,0,0,0,10.350000381469727,4.019999980926514,=NA(),0,64.81599426269531,1.4163999557495117,0.34380000829696655,0.08399999886751175,=NA(),20,1013.25,0,0,0,0,0,10.350000381469727,0,0,0,0,0,0,0,0,0,0,0,0,0,0
133,21,0,1,Night,,141.67645263671875,-51.67646026611328,254.80859375,0,0,0,0,12.860010147094727,4.75,=NA(),0,64.81599426269531,1.4163999557495117,0.34380000829696655,0.08399999886751175,=NA(),20,1013.25,0,0,0,0,0,12.860010147094727,0,0,0,0,0,0,0,0,0,0,0,0,0,0
133,22,0,1,Night,,152.97628784179688,-62.976295471191406,238.5767364501953,0,0,0,0,12.270013809204102,5.059999942779541,=NA(),0,64.81599426269531,1.4163999557495117,0.34380000829696655,0.08399999886751175,=NA(),20,1013.25,0,0,0,0,0,12.270013809204102,0,0,0,0,0,0,0,0,0,0,0,0,0,0
133,23,0,1,Night,,161.59906005859375,-71.59905242919922,208.49942016601562,0,0,0,0,11.809991836547852,4.939899921417236,=NA(),0,64.81599426269531,1.4163999557495117,0.34380000829696655,0.08399999886751175,=NA(),20,1013.25,0,0,0,0,0,11.809991836547852,0,0,0,0,0,0,0,0,0,0,0,0,0,0
134,0,0,1,Night,,162.69371032714844,-72.69371032714844,161.02685546875,0,0,0,0,11.730005264282227,5.53000020980835,=NA(),0,64.81599426269531,1.4163999557495117,0.34380000829696655,0.08399999886751175,=NA(),20,1013.25,0,0,0,0,0,11.730005264282227,0,0,0,0,0,0,0,0,0,0,0,0,0,0
134,1,0,1,Night,,155.23094177246094,-65.2309341430664,126.35015106201172,0,0,0,0,11.399988174438477,6.200099945068359,=NA(),0,64.81599426269531,1.4163999557495117,0.34380000829696655,0.08399999886751175,=NA(),20,1013.25,0,0,0,0,0,11.399988174438477,0,0,0,0,0,0,0,0,0,0,0,0,0,0
134,2,0,1,Night,,144.28204345703125,-54.282039642333984,108.02873992919922,0,0,0,0,9.930200576782227,6.050099849700928,=NA(),0,64.81599426269531,1.4163999557495117,0.34380000829696655,0.08399999886751175,=NA(),20,1013.25,0,0,0,0,0,9.929986953735352,0,0,0,0,0,0,0,0,0,0,0,0,0,0
134,3,0,1,Night,,132.29861450195312,-42.298614501953125,96.44200897216797,0,0,0,0,8.669794082641602,5.480100154876709,=NA(),0,64.81599426269531,1.4163999557495117,0.34380000829696655,0.08399999886751175,=NA(),20,1013.25,0,0,0,0,0,8.670007705688477,0,0,0,0,0,0,0,0,0,0,0,0,0,0
134,4,0,1,Night,,120.05329132080078,-30.05329132080078,87.47665405273438,0,0,0,0,7.319695949554443,4.829999923706055,=NA(),0,64.81599426269531,1.4163999557495117,0.34380000829696655,0.08399999886751175,=NA(),20,1013.25,0,0,0,0,0,7.320001125335693,0,0,0,0,0,0,0,0,0,0,0,0,0,0
134,5,0,1,Night,,107.89115142822266,-17.891149520874023,79.4427261352539,0,0,0,0,6.490014553070068,4.5,=NA(),0,64.81599426269531,1.4163999557495117,0.34380000829696655,0.08399999886751175,=NA(),20,1013.25,0,0,0,0,0,6.490014553070068,0,0,0,0,0,0,0,0,0,0,0,0,0,0
134,6,0,1,Night,Sun below height limit of 1 degrees.,89.84555053710938,0.1544506847858429,67.37305450439453,0,0,0,0,6.109796047210693,4.380099773406982,=NA(),0,35.71471405029297,1.4163999557495117,0.34380000829696655,0.08399999886751175,=NA(),20,1013.25,0,0,0,0,0,6.110009670257568,0,0,0,0,0,0,0,0,0,0,0,0,0,0
134,7,0,1,Day,,84.50808715820312,5.4919114112854,62.810855865478516,99.802001953125,91.8197021484375,83.40499877929688,0.9200186133384705,6.299890041351318,4.629899978637695,=NA(),=NA(),9.534821510314941,1.4163999557495117,0.34380000829696655,0.08399999886751175,=NA(),20,1013.25,8.976344108581543,76.54496002197266,161.09500122070312,155.91500854492188,5.175000190734863,13.069391250610352,743.3099975585938,773.010009765625,774.154541015625,40.35027313232422,1.1991162300109863,1.1956536769866943,46.07093048095703,1.2654019594192505,0.0043618748895823956,0,0.00011362499935785308,0,-29.70001220703125,-1.14453125
134,8,0,1,Day,,74.20986938476562,15.790131568908691,52.93830490112305,276.489990234375,214.1240692138672,229.19000244140625,0.7744369506835938,7.729791164398193,5.400100231170654,=NA(),=NA(),3.6324961185455322,1.4163999557495117,0.34380000829696655,0.08399999886751175,=NA(),20,1013.25,34.786956787109375,48.57989501953125,464.7300109863281,444.9949951171875,19.735000610351562,26.46062660217285,2737.340087890625,2718.89990234375,2723.14208984375,39.90609359741211,4.264954090118408,4.197789192199707,46.46953582763672,4.487735271453857,0.01533456239849329,0,0.00044856249587610364,0,18.440185546875,-4.2421875
134,9,0,1,Day,,65.2386703491211,24.76133155822754,41.19261169433594,466.2900085449219,303.1981506347656,389.3900146484375,0.650235116481781,9.339899063110352,6.079999923706055,=NA(),=NA(),2.3776395320892334,1.4163999557495117,0.34380000829696655,0.08399999886751175,=NA(),20,1013.25,54.994468688964844,43.10325622558594,656.8050537109375,607.469970703125,49.334999084472656,35.923118591308594,3938.300048828125,3793.169921875,3798.1083984375,38.84093475341797,6.111839771270752,5.989653587341309,45.884830474853516,6.4394330978393555,0.021525437012314796,0,0.0010433124843984842,0,145.130126953125,-4.9384765625
134,10,0,1,Day,,58.34622573852539,31.653772354125977,27.07720184326172,343.010009765625,285.0684814453125,110.41000366210938,0.8310791850090027,10.390008926391602,6.5,=NA(),=NA(),1.9011952877044678,1.4163999557495117,0.34380000829696655,0.08399999886751175,=NA(),20,1013.25,36.44023895263672,49.282432556152344,379.92498779296875,344.5050048828125,35.41999816894531,25.81499671936035,2190.5400390625,2180.22998046875,2182.129638671875,39.83604049682617,3.4236233234405518,3.3370933532714844,46.16653823852539,3.606701612472534,0.011977874673902988,0,0.0007186250295490026,0,10.31005859375,-1.899658203125
134,11,0,1,Day,,54.36798858642578,35.63201141357422,10.672707557678223,314.1000061035156,283.5752868652344,52.395999908447266,0.9028184413909912,10.839990615844727,6.789999961853027,=NA(),=NA(),1.7136149406433105,1.4163999557495117,0.34380000829696655,0.08399999886751175,=NA(),20,1013.25,14.487104415893555,53.00759506225586,337.4949951171875,311.78997802734375,25.69499969482422,24.54375648498535,1933.260009765625,1932.31005859375,1934.259765625,39.88047409057617,3.031339645385742,3.0071287155151367,46.12005615234375,3.1935198307037354,0.010700125247240067,0,0.0005426874849945307,0,0.949951171875,-1.94970703125
134,12,0,1,Day,,53.968082427978516,36.031917572021484,353.13555908203125,222.3000030517578,216.94581604003906,9.102100372314453,0.9759145975112915,11.920007705688477,6.730000019073486,=NA(),=NA(),1.6972122192382812,1.4163999557495117,0.34380000829696655,0.08399999886751175,=NA(),20,1013.25,-9.33108901977539,53.40720748901367,239.11500549316406,220.5449981689453,18.56999969482422,21.6712589263916,1343.6099853515625,1356.06005859375,1356.0909423828125,39.93287658691406,2.1224522590637207,2.11094069480896,45.883663177490234,2.2394859790802,0.007501875050365925,0,0.00040049999370239675,0,-12.4500732421875,-0.0308837890625
134,13,0,1,Day,,57.222984313964844,32.777015686035156,336.3544616699219,418,301.605224609375,215,0.7215436100959778,14.059991836547852,6.570000171661377,=NA(),=NA(),1.8433027267456055,1.4163999557495117,0.34380000829696655,0.08399999886751175,=NA(),20,1013.25,-31.91871452331543,50.371421813964844,468.4599914550781,432.66998291015625,35.790000915527344,33.10124969482422,2739.22998046875,2661.719970703125,2664.980712890625,39.0022087097168,4.270596981048584,4.201334476470947,45.59905242919922,4.50182580947876,0.015059624798595905,0,0.0007342500030063093,0,77.510009765625,-3.2607421875
134,14,0,1,Day,,63.56333923339844,26.43665885925293,321.7157897949219,420.8900146484375,276.5579528808594,324.19000244140625,0.6570789217948914,13.600000381469727,6.200099945068359,=NA(),=NA(),2.238166570663452,1.4163999557495117,0.34380000829696655,0.08399999886751175,=NA(),20,1013.25,-51.25279235839844,44.65715026855469,556.1099853515625,511.84002685546875,44.26499938964844,36.222496032714844,3279.64013671875,3154.52001953125,3158.4697265625,38.70950698852539,5.099756717681885,4.987642288208008,45.513824462890625,5.377680778503418,0.017930062487721443,0,0.0009162499918602407,0,125.1201171875,-3.94970703125
134,15,0,1,Day,,72.15726470947266,17.84273338317871,309.5013732910156,112.30000305175781,111.0425796508789,4.103799819946289,0.988802969455719,13.429986953735352,4.920100212097168,=NA(),=NA(),3.23486328125,1.4163999557495117,0.34380000829696655,0.08399999886751175,=NA(),20,1013.25,-46.75310516357422,41.84569549560547,121.47000122070312,102.61500549316406,18.854999542236328,18.462488174438477,648.47998046875,662.22998046875,659.9898071289062,39.62858963012695,1.0406553745269775,0.9829262495040894,45.095672607421875,1.1090915203094482,0.003557437565177679,0,0.00036656251177191734,0,-13.75,2.24017333984375
134,16,0,1,Day,,82.23871612548828,7.761287689208984,299.2910461425781,14.592000007629395,14.579710960388184,0.09099999815225601,0.9991578459739685,13.010004043579102,3.450000047683716,=NA(),=NA(),7.048516273498535,1.4163999557495117,0.34380000829696655,0.08399999886751175,=NA(),20,1013.25,-13.166104316711426,70.83259582519531,15.614999771118164,14.300000190734863,1.315000057220459,13.665002822875977,74.16999816894531,77.44000244140625,77.44806671142578,36.860389709472656,0.13131937384605408,0.12975181639194489,42.220252990722656,0.14542119204998016,0.00048656249418854713,0,0.000027624999347608536,0,-3.2700042724609375,-0.00806427001953125
134,17,0,1,Night,Sun above horizon but GHI below 1,88.8110122680664,1.1889870166778564,293.6783752441406,0,0,0,0,11.689996719360352,3.4600000381469727,=NA(),0,24.73526382446289,1.4163999557495117,0.34380000829696655,0.08399999886751175,=NA(),20,1013.25,0,0,0,0,0,11.689996719360352,0,0,0,0,0,0,0,0,0,0,0,0,0,0
134,18,0,1,Night,,105.33100128173828,-15.331003189086914,282.40118408203125,0,0,0,0,10.050012588500977,3.7100000381469727,=NA(),0,64.81599426269531,1.4163999557495117,0.34380000829696655,0.08399999886751175,=NA(),20,1013.25,0,0,0,0,0,10.050012588500977,0,0,0,0,0,0,0,0,0,0,0,0,0,0
134,19,0,1,Night,,117.4468994140625,-27.446895599365234,274.4693298339844,0,0,0,0,9.930200576782227,3.7200000286102295,=NA(),0,64.81599426269531,1.4163999557495117,0.34380000829696655,0.08399999886751175,=NA(),20,1013.25,0,0,0,0,0,9.929986953735352,0,0,0,0,0,0,0,0,0,0,0,0,0,0
134,20,0,1,Night,,129.70814514160156,-39.70814895629883,265.8560485839844,0,0,0,0,10.020013809204102,3.5701000690460205,=NA(),0,64.81599426269531,1.4163999557495117,0.34380000829696655,0.08399999886751175,=NA(),20,1013.25,0,0,0,0,0,10.020013809204102,0,0,0,0,0,0,0,0,0,0,0,0,0,0
134,21,0,1,Night,,141.80929565429688,-51.809288024902344,255.13438415527344,0,0,0,0,9.169702529907227,3.5299999713897705,=NA(),0,64.81599426269531,1.4163999557495117,0.34380000829696655,0.08399999886751175,=NA(),20,1013.25,0,0,0,0,0,9.170007705688477,0,0,0,0,0,0,0,0,0,0,0,0,0,0
134,22,0,1,Night,,153.13853454589844,-63.138526916503906,238.97097778320312,0,0,0,0,8.949701309204102,3.51990008354187,=NA(),0,64.81599426269531,1.4163999557495117,0.34380000829696655,0.08399999886751175,=NA(),20,1013.25,0,0,0,0,0,8.950006484985352,0,0,0,0,0,0,0,0,0,0,0,0,0,0
134,23,0,1,Night,,161.8181610107422,-71.81816864013672,208.8196258544922,0,0,0,0,9.639703750610352,3.7400999069213867,=NA(),0,64.81599426269531,1.4163999557495117,0.34380000829696655,0.08399999886751175,=NA(),20,1013.25,0,0,0,0,0,9.640008926391602,0,0,0,0,0,0,0,0,0,0,0,0,0,0
135,0,0,1,Night,,162.92494201660156,-72.92494201660156,160.7991485595703,0,0,0,0,9.799890518188477,4.229899883270264,=NA(),0,64.81599426269531,1.4163999557495117,0.34380000829696655,0.08399999886751175,=NA(),20,1013.25,0,0,0,0,0,9.800012588500977,0,0,0,0,0,0,0,0,0,0,0,0,0,0
135,1,0,1,Night,,155.40390014648438,-65.40390014648438,125.94966125488281,0,0,0,0,10.029993057250977,4.779900074005127,=NA(),0,64.81599426269531,1.4163999557495117,0.34380000829696655,0.08399999886751175,=NA(),20,1013.25,0,0,0,0,0,10.029993057250977,0,0,0,0,0,0,0,0,0,0,0,0,0,0
135,2,0,1,Night,,144.41949462890625,-54.41950225830078,107.69046020507812,0,0,0,0,9.999994277954102,5.240099906921387,=NA(),0,64.81599426269531,1.4163999557495117,0.34380000829696655,0.08399999886751175,=NA(),20,1013.25,0,0,0,0,0,9.999994277954102,0,0,0,0,0,0,0,0,0,0,0,0,0,0
135,3,0,1,Night,,132.42234802246094,-42.42234420776367,96.16357421875,0,0,0,0,9.999994277954102,5.28000020980835,=NA(),0,64.81599426269531,1.4163999557495117,0.34380000829696655,0.08399999886751175,=NA(),20,1013.25,0,0,0,0,0,9.999994277954102,0,0,0,0,0,0,0,0,0,0,0,0,0,0
135,4,0,1,Night,,120.1749496459961,-30.174949645996094,87.23786926269531,0,0,0,0,10.230005264282227,5.509900093078613,=NA(),0,64.81599426269531,1.4163999557495117,0.34380000829696655,0.08399999886751175,=NA(),20,1013.25,0,0,0,0,0,10.230005264282227,0,0,0,0,0,0,0,0,0,0,0,0,0,0
135,5,0,1,Night,,108.017822265625,-18.017820358276367,79.2293930053711,0,0,0,0,9.700189590454102,6.7600998878479,=NA(),0,64.81599426269531,1.4163999557495117,0.34380000829696655,0.08399999886751175,=NA(),20,1013.25,0,0,0,0,0,9.700006484985352,0,0,0,0,0,0,0,0,0,0,0,0,0,0
135,6,0,1,Night,Sun below height limit of 1 degrees.,89.91568756103516,0.08431527018547058,67.13054656982422,0,0,0,0,9.329889297485352,7.760000228881836,=NA(),0,36.698936462402344,1.4163999557495117,0.34380000829696655,0.08399999886751175,=NA(),20,1013.25,0,0,0,0,0,9.330011367797852,0,0,0,0,0,0,0,0,0,0,0,0,0,0
135,7,0,1,Day,,84.66049194335938,5.339507579803467,62.62712860107422,63.70199966430664,61.4404296875,24.30299949645996,0.9644976854324341,9.230188369750977,8.09000015258789,=NA(),=NA(),9.762474060058594,1.4163999557495117,0.34380000829696655,0.08399999886751175,=NA(),20,1013.25,8.734380722045898,76.9239501953125,88.82499694824219,84.63999938964844,4.185000419616699,12.949365615844727,419.82000732421875,437.5199890136719,438.09881591796875,39.58848571777344,0.6916446685791016,0.6888303756713867,45.153133392333984,0.7335242033004761,0.002503187395632267,0,0.00009093750122701749,0,-17.699981689453125,-0.578826904296875
135,8,0,1,Day,,74.38400268554688,15.615998268127441,52.768348693847656,153.5,144.85769653320312,32.10499954223633,0.9436983466148376,9.970087051391602,9.430000305175781,=NA(),=NA(),3.670931100845337,1.4163999557495117,0.34380000829696655,0.08399999886751175,=NA(),20,1013.25,34.296443939208984,49.121150970458984,207.97500610351562,192.4250030517578,15.550000190734863,18.425622940063477,1168.4599609375,1192.280029296875,1192.899169921875,40.20624542236328,1.8543070554733276,1.8039551973342896,46.086700439453125,1.955464243888855,0.006559187546372414,0,0.00034649998997338116,0,-23.820068359375,-0.619140625
135,9,0,1,Day,,65.43588256835938,24.564115524291992,41.0446662902832,356.2900085449219,259.1424255371094,233.69000244140625,0.7273356318473816,10.149988174438477,9.719900131225586,=NA(),=NA(),2.395339012145996,1.4163999557495117,0.34380000829696655,0.08399999886751175,=NA(),20,1013.25,55.15902328491211,43.30961608886719,480.82000732421875,437.64501953125,43.17499923706055,29.613733291625977,2840.489990234375,2792.31005859375,2795.100341796875,39.52630615234375,4.419792175292969,4.307313442230225,46.12104415893555,4.655734062194824,0.01545956265181303,0,0.00090562499826774,0,48.179931640625,-2.790283203125
135,10,0,1,Day,,58.56613540649414,31.433866500854492,26.969057083129883,165.91000366210938,163.8731231689453,3.9056999683380127,0.9877229928970337,10.379999160766602,9.829999923706055,=NA(),=NA(),1.9130425453186035,1.4163999557495117,0.34380000829696655,0.08399999886751175,=NA(),20,1013.25,36.57470703125,49.50423049926758,169.30999755859375,147.07501220703125,22.235000610351562,17.34063148498535,922.1099853515625,944.7000122070312,942.8289794921875,40.209110260009766,1.4653079509735107,1.4059416055679321,45.83742141723633,1.5539318323135376,0.005056062713265419,0,0.000442687509348616,0,-22.59002685546875,1.87103271484375
135,11,0,1,Day,,54.60354995727539,35.39645004272461,10.628080368041992,615.4000244140625,317.7333679199219,513.9000244140625,0.5163037776947021,12.129999160766602,9.809900283813477,=NA(),=NA(),1.723464846611023,1.4163999557495117,0.34380000829696655,0.08399999886751175,=NA(),20,1013.25,14.550416946411133,53.24289321899414,667.4450073242188,624.3300170898438,43.119998931884766,39.321250915527344,3939.530029296875,3751.56005859375,3756.44921875,38.379337310791016,6.117307186126709,6.0947089195251465,45.445438385009766,6.452653408050537,0.02165631204843521,0,0.000920062477234751,0,187.969970703125,-4.88916015625
135,12,0,1,Day,,54.20471954345703,35.79528045654297,353.168212890625,669.3900146484375,342.4418640136719,558.989990234375,0.5115730166435242,12.939996719360352,9.65999984741211,=NA(),=NA(),1.706870198249817,1.4163999557495117,0.34380000829696655,0.08399999886751175,=NA(),20,1013.25,-9.367396354675293,53.64434051513672,719.97998046875,673.39501953125,46.59000015258789,42.363121032714844,4247.259765625,4003.8798828125,4008.500732421875,38.003055572509766,6.592398643493652,6.5764031410217285,45.190711975097656,6.957874774932861,0.023315437138080597,0,0.0010049999691545963,0,243.3798828125,-4.620849609375
135,13,0,1,Day,,57.445228576660156,32.554771423339844,336.4544677734375,330.70001220703125,283.7772216796875,87.19999694824219,0.8581107258796692,12.580011367797852,9.39009952545166,=NA(),=NA(),1.8544212579727173,1.4163999557495117,0.34380000829696655,0.08399999886751175,=NA(),20,1013.25,-32.035579681396484,50.5971565246582,360.03997802734375,327.56500244140625,32.474998474121094,27.219995498657227,2069.0400390625,2049.72998046875,2051.60986328125,39.577003479003906,3.2399191856384277,3.1668381690979004,45.88167190551758,3.4139668941497803,0.011353624984622002,0,0.0006567499949596822,0,19.31005859375,-1.8798828125
135,14,0,1,Day,,63.762725830078125,26.237274169921875,321.859619140625,437.69000244140625,280.74822998046875,355,0.6414316892623901,12.580011367797852,8.869999885559082,=NA(),=NA(),2.2538084983825684,1.4163999557495117,0.34380000829696655,0.08399999886751175,=NA(),20,1013.25,-51.4083137512207,44.86732864379883,586.7349853515625,542.5250244140625,44.20500183105469,36.415000915527344,3473.639892578125,3339.340087890625,3343.83642578125,38.71211624145508,5.398688793182373,5.289349555969238,45.59282684326172,5.692083358764648,0.019023561850190163,0,0.0009180624620057642,0,134.2998046875,-4.496337890625
135,15,0,1,Day,,72.33219909667969,17.667802810668945,309.6692810058594,238.7899932861328,199.4900665283203,129.49000549316406,0.835420548915863,12.240015029907227,7.649899959564209,=NA(),=NA(),3.2652101516723633,1.4163999557495117,0.34380000829696655,0.08399999886751175,=NA(),20,1013.25,-45.89377212524414,42.449283599853516,366.06500244140625,339.8800048828125,26.190000534057617,27.066247940063477,2138.909912109375,2120.050048828125,2122.304443359375,39.624267578125,3.347585916519165,3.2594404220581055,45.95939636230469,3.5267601013183594,0.011881625279784203,0,0.0005223749903962016,0,18.85986328125,-2.25439453125
135,16,0,1,Day,,82.39034271240234,7.609661102294922,299.47296142578125,53.70100021362305,53.290592193603516,3.0992000102996826,0.9923575520515442,11.339990615844727,5.800099849700928,=NA(),=NA(),7.174805641174316,1.4163999557495117,0.34380000829696655,0.08399999886751175,=NA(),20,1013.25,-12.915857315063477,71.21892547607422,62.875,58.40999984741211,4.465000152587891,13.926233291625977,327.44000244140625,340.30999755859375,340.5668029785156,39.10797119140625,0.5442724227905273,0.5392346382141113,44.609493255615234,0.5795701742172241,0.0019542500376701355,0,0.00009424999734619632,0,-12.8699951171875,-0.256805419921875
135,17,0,1,Night,Sun above horizon but GHI below 1,88.8749008178711,1.125097632408142,293.9205322265625,0,0,0,0,9.790002822875977,5.230000019073486,=NA(),0,25.252559661865234,1.4163999557495117,0.34380000829696655,0.08399999886751175,=NA(),20,1013.25,0,0,0,0,0,9.790002822875977,0,0,0,0,0,0,0,0,0,0,0,0,0,0
135,18,0,1,Night,,105.45559692382812,-15.455595016479492,282.6099548339844,0,0,0,0,9.200311660766602,4.820000171661377,=NA(),0,64.81599426269531,1.4163999557495117,0.34380000829696655,0.08399999886751175,=NA(),20,1013.25,0,0,0,0,0,9.200006484985352,0,0,0,0,0,0,0,0,0,0,0,0,0,0
135,19,0,1,Night,,117.5645751953125,-27.564571380615234,274.7008056640625,0,0,0,0,8.669794082641602,4.090000152587891,=NA(),0,64.81599426269531,1.4163999557495117,0.34380000829696655,0.08399999886751175,=NA(),20,1013.25,0,0,0,0,0,8.670007705688477,0,0,0,0,0,0,0,0,0,0,0,0,0,0
135,20,0,1,Night,,129.82546997070312,-39.825477600097656,266.1231384277344,0,0,0,0,7.370202541351318,3.5399999618530273,=NA(),0,64.81599426269531,1.4163999557495117,0.34380000829696655,0.08399999886751175,=NA(),20,1013.25,0,0,0,0,0,7.369988918304443,0,0,0,0,0,0,0,0,0,0,0,0,0,0
135,21,0,1,Night,,141.93646240234375,-51.936466217041016,255.4568634033203,0,0,0,0,5.820001125335693,3.3598999977111816,=NA(),0,64.81599426269531,1.4163999557495117,0.34380000829696655,0.08399999886751175,=NA(),20,1013.25,0,0,0,0,0,5.820001125335693,0,0,0,0,0,0,0,0,0,0,0,0,0,0
135,22,0,1,Night,,153.2945098876953,-63.29450607299805,239.36407470703125,0,0,0,0,4.699792385101318,3.199899911880493,=NA(),0,64.81599426269531,1.4163999557495117,0.34380000829696655,0.08399999886751175,=NA(),20,1013.25,0,0,0,0,0,4.700006008148193,0,0,0,0,0,0,0,0,0,0,0,0,0,0
135,23,0,1,Night,,162.0310821533203,-72.03107452392578,209.14657592773438,0,0,0,0,3.1202940940856934,3.029900074005127,=NA(),0,64.81599426269531,1.4163999557495117,0.34380000829696655,0.08399999886751175,=NA(),20,1013.25,0,0,0,0,0,3.1199889183044434,0,0,0,0,0,0,0,0,0,0,0,0,0,0
136,0,0,1,Night,,163.15158081054688,-73.15157318115234,160.5779266357422,0,0,0,0,2.4901061058044434,2.8798999786376953,=NA(),0,64.81599426269531,1.4163999557495117,0.34380000829696655,0.08399999886751175,=NA(),20,1013.25,0,0,0,0,0,2.4900145530700684,0,0,0,0,0,0,0,0,0,0,0,0,0,0
136,1,0,1,Night,,155.5737762451172,-65.57376861572266,125.55665588378906,0,0,0,0,2.0201048851013184,2.6600000858306885,=NA(),0,64.81599426269531,1.4163999557495117,0.34380000829696655,0.08399999886751175,=NA(),20,1013.25,0,0,0,0,0,2.0200133323669434,0,0,0,0,0,0,0,0,0,0,0,0,0,0
136,2,0,1,Night,,144.5552520751953,-54.55525588989258,107.35960388183594,0,0,0,0,0.6401001214981079,2.490000009536743,=NA(),0,64.81599426269531,1.4163999557495117,0.34380000829696655,0.08399999886751175,=NA(),20,1013.25,0,0,0,0,0,0.6400085687637329,0,0,0,0,0,0,0,0,0,0,0,0,0,0
136,3,0,1,Night,,132.54530334472656,-42.54530334472656,95.89175415039062,0,0,0,0,0.5497070550918579,2.3801000118255615,=NA(),0,64.81599426269531,1.4163999557495117,0.34380000829696655,0.08399999886751175,=NA(),20,1013.25,0,0,0,0,0,0.5500122308731079,0,0,0,0,0,0,0,0,0,0,0,0,0,0
136,4,0,1,Night,,120.29669952392578,-30.296695709228516,87.00508117675781,0,0,0,0,0.7297912836074829,2.2699999809265137,=NA(),0,64.81599426269531,1.4163999557495117,0.34380000829696655,0.08399999886751175,=NA(),20,1013.25,0,0,0,0,0,0.7300049066543579,0,0,0,0,0,0,0,0,0,0,0,0,0,0
136,5,0,1,Night,,108.14564514160156,-18.145647048950195,79.02172088623047,0,0,0,0,0.15010985732078552,2.079900026321411,=NA(),0,64.81599426269531,1.4163999557495117,0.34380000829696655,0.08399999886751175,=NA(),20,1013.25,0,0,0,0,0,0.14998778700828552,0,0,0,0,0,0,0,0,0,0,0,0,0,0
136,6,0,1,Night,Sun below height limit of 1 degrees.,89.96391296386719,0.03608502820134163,66.89846801757812,0,0,0,0,0.01989135704934597,1.7000000476837158,=NA(),0,37.39620590209961,1.4163999557495117,0.34380000829696655,0.08399999886751175,=NA(),20,1013.25,0,0,0,0,0,0.02001342736184597,0,0,0,0,0,0,0,0,0,0,0,0,0,0
136,7,0,1,Day,,84.80458068847656,5.1954193115234375,62.448997497558594,89.09700012207031,82.74933624267578,70.0989990234375,0.9287555813789368,0.9099975824356079,1.7899999618530273,=NA(),=NA(),9.987347602844238,1.4163999557495117,0.34380000829696655,0.08399999886751175,=NA(),20,1013.25,8.505863189697266,77.28182983398438,140.3249969482422,135.5,4.824999809265137,6.806237697601318,636.280029296875,676.02001953125,676.9259643554688,41.06464385986328,1.0302743911743164,1.0271072387695312,46.68267822265625,1.0872586965560913,0.0037511249538511038,0,0.00010593749902909622,0,-39.739990234375,-0.90594482421875
136,8,0,1,Day,,74.5542984008789,15.445700645446777,52.604129791259766,279.7900085449219,217.54986572265625,233.6999969482422,0.7775469422340393,4.679894924163818,2.9800000190734863,=NA(),=NA(),3.7093348503112793,1.4163999557495117,0.34380000829696655,0.08399999886751175,=NA(),20,1013.25,33.82296371459961,49.646671295166016,472.71002197265625,453.3800048828125,19.329999923706055,23.6874942779541,2779.47998046875,2785.64990234375,2790.201171875,40.297325134277344,4.327554702758789,4.2621564865112305,46.859249114990234,4.550302028656006,0.015577499754726887,0,0.00044350000098347664,0,-6.169921875,-4.55126953125
136,9,0,1,Day,,65.62962341308594,24.370378494262695,40.9024772644043,423.7099914550781,278.38043212890625,352.20001220703125,0.6570069789886475,7.380212306976318,4.739999771118164,=NA(),=NA(),2.413011074066162,1.4163999557495117,0.34380000829696655,0.08399999886751175,=NA(),20,1013.25,55.323055267333984,43.50982666015625,595.1300048828125,548.7750244140625,46.349998474121094,31.4168643951416,3554.3798828125,3474.18994140625,3478.463623046875,39.4131965637207,5.516173839569092,5.3995771408081055,46.284202575683594,5.8073344230651855,0.019421124830842018,0,0.0009763124980963767,0,80.18994140625,-4.273681640625
136,10,0,1,Day,,58.781959533691406,31.21803855895996,26.866214752197266,546.5,309.8459167480469,456.6000061035156,0.5669641494750977,9.099908828735352,5.090099811553955,=NA(),=NA(),1.9248415231704712,1.4163999557495117,0.34380000829696655,0.08399999886751175,=NA(),20,1013.25,36.710426330566406,49.72001647949219,647.1099853515625,604.739990234375,42.37000274658203,35.32500457763672,3851.85986328125,3717.22998046875,3721.523681640625,38.91777420043945,5.97663688659668,5.89611291885376,45.922245025634766,6.2943267822265625,0.021195625886321068,0,0.0008842499810270965,0,134.6298828125,-4.293701171875
136,11,0,1,Day,,54.83395767211914,35.16604232788086,10.587388038635254,381.7099914550781,307.81011962890625,128.30999755859375,0.8063978552818298,10.360010147094727,5.300000190734863,=NA(),=NA(),1.7332375049591064,1.4163999557495117,0.34380000829696655,0.08399999886751175,=NA(),20,1013.25,14.61655044555664,53.47231674194336,411.1099853515625,380.989990234375,30.119998931884766,27.048730850219727,2376.280029296875,2355.64013671875,2358.28125,39.72471618652344,3.710352897644043,3.6855955123901367,46.14531707763672,3.908379077911377,0.013108625076711178,0,0.0006366875022649765,0,20.639892578125,-2.64111328125
136,12,0,1,Day,,54.435546875,35.564453125,353.20257568359375,221.30999755859375,215.8370819091797,9.409799575805664,0.9752703905105591,10.429986953735352,5.369999885559082,=NA(),=NA(),1.7164252996444702,1.4163999557495117,0.34380000829696655,0.08399999886751175,=NA(),20,1013.25,-9.399430274963379,53.87607955932617,238.02999877929688,219.54000854492188,18.489999771118164,20.1193790435791,1337.22998046875,1356.6400146484375,1357.2801513671875,40.126922607421875,2.114041805267334,2.102905035018921,46.08498764038086,2.229137420654297,0.007467625197023153,0,0.00039868749445304275,0,-19.4100341796875,-0.64013671875
136,13,0,1,Day,,57.66178894042969,32.33821105957031,336.5542297363281,249.58999633789062,236.75575256347656,23.993000030517578,0.9485787153244019,11.020013809204102,5.400100231170654,=NA(),=NA(),1.865411400794983,1.4163999557495117,0.34380000829696655,0.08399999886751175,=NA(),20,1013.25,-32.147586822509766,50.81840515136719,261.80999755859375,233.44000244140625,28.375,21.70562171936035,1468.8699951171875,1482.1400146484375,1482.30322265625,40.028743743896484,2.3143937587738037,2.2425615787506104,46.02879333496094,2.440633535385132,0.00804781261831522,0,0.0005660000024363399,0,-13.27001953125,-0.1632080078125
136,14,0,1,Day,,63.956668853759766,26.043333053588867,322.0018310546875,534.510009765625,338.5572814941406,446.30999755859375,0.6333974599838257,12.390008926391602,5.349899768829346,=NA(),=NA(),2.269259452819824,1.4163999557495117,0.34380000829696655,0.08399999886751175,=NA(),20,1013.25,-51.55876159667969,45.073692321777344,724.050048828125,671.5650024414062,52.47999954223633,41.87749481201172,4306.7998046875,4066.719970703125,4072.070556640625,38.06724166870117,6.685859203338623,6.558185577392578,45.279117584228516,7.055119037628174,0.02356562577188015,0,0.0010928750270977616,0,240.079833984375,-5.3505859375
136,15,0,1,Day,,72.5020523071289,17.497943878173828,309.8348083496094,108.58999633789062,107.45005798339844,3.791300058364868,0.9895023703575134,12.309991836547852,4.090000152587891,=NA(),=NA(),3.295250177383423,1.4163999557495117,0.34380000829696655,0.08399999886751175,=NA(),20,1013.25,-45.10136413574219,43.029361724853516,117.4749984741211,99.89500427246094,17.579999923706055,17.17376136779785,625.489990234375,641.6599731445312,639.7034301757812,39.75443649291992,1.0054819583892822,0.9516704678535461,45.214622497558594,1.0713257789611816,0.0034425624180585146,0,0.0003486250061541796,0,-16.16998291015625,1.95654296875
136,16,0,1,Day,,82.53770446777344,7.46229887008667,299.65216064453125,37.89699935913086,37.8061408996582,0.6995999813079834,0.9976024627685547,11.679986953735352,3.029900074005127,=NA(),=NA(),7.3018107414245605,1.4163999557495117,0.34380000829696655,0.08399999886751175,=NA(),20,1013.25,-12.673162460327148,71.5936508178711,41.775001525878906,38.46500015258789,3.309999942779541,13.404993057250977,213.9199981689453,222.97999572753906,223.0298309326172,38.56685256958008,0.3614330589771271,0.3578578531742096,43.98930740356445,0.3878238797187805,0.001300937496125698,0,0.0000698750009178184,0,-9.05999755859375,-0.049835205078125
136,17,0,1,Night,Sun above horizon but GHI below 1,88.94696807861328,1.053029179573059,294.1500244140625,0,0,0,0,9.109888076782227,2.9400999546051025,=NA(),0,25.857221603393555,1.4163999557495117,0.34380000829696655,0.08399999886751175,=NA(),20,1013.25,0,0,0,0,0,9.110010147094727,0,0,0,0,0,0,0,0,0,0,0,0,0,0
136,18,0,1,Night,,105.57544708251953,-15.575447082519531,282.81549072265625,0,0,0,0,7.689904689788818,2.9400999546051025,=NA(),0,64.81599426269531,1.4163999557495117,0.34380000829696655,0.08399999886751175,=NA(),20,1013.25,0,0,0,0,0,7.689996242523193,0,0,0,0,0,0,0,0,0,0,0,0,0,0
136,19,0,1,Night,,117.67716979980469,-27.677167892456055,274.92877197265625,0,0,0,0,8.619989395141602,3.029900074005127,=NA(),0,64.81599426269531,1.4163999557495117,0.34380000829696655,0.08399999886751175,=NA(),20,1013.25,0,0,0,0,0,8.619989395141602,0,0,0,0,0,0,0,0,0,0,0,0,0,0
136,20,0,1,Night,,129.9373016357422,-39.93730545043945,266.38653564453125,0,0,0,0,9.070001602172852,3.1198999881744385,=NA(),0,64.81599426269531,1.4163999557495117,0.34380000829696655,0.08399999886751175,=NA(),20,1013.25,0,0,0,0,0,9.070001602172852,0,0,0,0,0,0,0,0,0,0,0,0,0,0
136,21,0,1,Night,,142.05770874023438,-52.057716369628906,255.77574157714844,0,0,0,0,8.990198135375977,3.2200000286102295,=NA(),0,64.81599426269531,1.4163999557495117,0.34380000829696655,0.08399999886751175,=NA(),20,1013.25,0,0,0,0,0,8.990015029907227,0,0,0,0,0,0,0,0,0,0,0,0,0,0
136,22,0,1,Night,,153.44393920898438,-63.443939208984375,239.75570678710938,0,0,0,0,9.470209121704102,4.010000228881836,=NA(),0,64.81599426269531,1.4163999557495117,0.34380000829696655,0.08399999886751175,=NA(),20,1013.25,0,0,0,0,0,9.469995498657227,0,0,0,0,0,0,0,0,0,0,0,0,0,0
136,23,0,1,Night,,162.23741149902344,-72.2374038696289,209.4800262451172,0,0,0,0,9.550012588500977,4.349999904632568,=NA(),0,64.81599426269531,1.4163999557495117,0.34380000829696655,0.08399999886751175,=NA(),20,1013.25,0,0,0,0,0,9.550012588500977,0,0,0,0,0,0,0,0,0,0,0,0,0,0
137,0,0,1,Night,,163.37318420410156,-73.3731918334961,160.3635711669922,0,0,0,0,9.670312881469727,3.940000057220459,=NA(),0,64.81599426269531,1.4163999557495117,0.34380000829696655,0.08399999886751175,=NA(),20,1013.25,0,0,0,0,0,9.670007705688477,0,0,0,0,0,0,0,0,0,0,0,0,0,0
137,1,0,1,Night,,155.7399139404297,-65.73992156982422,125.17152404785156,0,0,0,0,9.649713516235352,3.8901000022888184,=NA(),0,64.81599426269531,1.4163999557495117,0.34380000829696655,0.08399999886751175,=NA(),20,1013.25,0,0,0,0,0,9.649988174438477,0,0,0,0,0,0,0,0,0,0,0,0,0,0
137,2,0,1,Night,,144.68807983398438,-54.68807601928711,107.03636169433594,0,0,0,0,9.730096817016602,3.7400999069213867,=NA(),0,64.81599426269531,1.4163999557495117,0.34380000829696655,0.08399999886751175,=NA(),20,1013.25,0,0,0,0,0,9.730005264282227,0,0,0,0,0,0,0,0,0,0,0,0,0,0
137,3,0,1,Night,,132.66558837890625,-42.665592193603516,95.6266860961914,0,0,0,0,8.639886856079102,3.26990008354187,=NA(),0,64.81599426269531,1.4163999557495117,0.34380000829696655,0.08399999886751175,=NA(),20,1013.25,0,0,0,0,0,8.640008926391602,0,0,0,0,0,0,0,0,0,0,0,0,0,0
137,4,0,1,Night,,120.4154052734375,-30.415401458740234,86.77839660644531,0,0,0,0,8.350091934204102,2.95989990234375,=NA(),0,64.81599426269531,1.4163999557495117,0.34380000829696655,0.08399999886751175,=NA(),20,1013.25,0,0,0,0,0,8.350000381469727,0,0,0,0,0,0,0,0,0,0,0,0,0,0
137,5,0,1,Night,,108.2688980102539,-18.26889991760254,78.81977844238281,0,0,0,0,8.990198135375977,2.740000009536743,=NA(),0,64.81599426269531,1.4163999557495117,0.34380000829696655,0.08399999886751175,=NA(),20,1013.25,0,0,0,0,0,8.990015029907227,0,0,0,0,0,0,0,0,0,0,0,0,0,0
137,6,0,1,Night,,96.44589233398438,-6.445894241333008,70.86682891845703,0,0,0,0,8.889886856079102,3.450000047683716,=NA(),0,64.81599426269531,1.4163999557495117,0.34380000829696655,0.08399999886751175,=NA(),20,1013.25,0,0,0,0,0,8.890008926391602,0,0,0,0,0,0,0,0,0,0,0,0,0,0
137,7,0,1,Day,,84.91831970214844,5.081677436828613,62.24360656738281,49.40299987792969,48.62296676635742,8.806400299072266,0.9842107892036438,9.139795303344727,3.090100049972534,=NA(),=NA(),10.171842575073242,1.4163999557495117,0.34380000829696655,0.08399999886751175,=NA(),20,1013.25,8.330464363098145,77.56401062011719,61.69000244140625,58,3.694999933242798,11.711236953735352,299.0299987792969,313.32000732421875,313.50286865234375,39.312904357910156,0.49840936064720154,0.4959753155708313,44.77766799926758,0.5314741134643555,0.0018005624879151583,0,0.00007993749750312418,0,-14.290008544921875,-0.182861328125
137,8,0,1,Day,,74.72450256347656,15.275496482849121,52.44565200805664,109.38999938964844,107.60002136230469,6.794099807739258,0.983636736869812,9.770013809204102,3.0799999237060547,=NA(),=NA(),3.748548746109009,1.4163999557495117,0.34380000829696655,0.08399999886751175,=NA(),20,1013.25,33.35314178466797,50.16826248168945,125.89999389648438,112.98500061035156,12.915000915527344,14.935632705688477,677.469970703125,700.260009765625,699.9608154296875,40.0517692565918,1.0921968221664429,1.0510832071304321,45.658748626708984,1.1565741300582886,0.003803499974310398,0,0.000288125011138618,0,-22.7900390625,0.2991943359375
137,9,0,1,Day,,65.82109832763672,24.17890167236328,40.76602554321289,271,233.56332397460938,91.4010009765625,0.8618572950363159,10.999994277954102,3.1898999214172363,=NA(),=NA(),2.430760622024536,1.4163999557495117,0.34380000829696655,0.08399999886751175,=NA(),20,1013.25,55.48806381225586,43.70440673828125,333.95501708984375,292.94500732421875,41.01000213623047,24.605005264282227,1915.3199462890625,1913.8499755859375,1913.27294921875,39.944271087646484,2.993579387664795,2.881035327911377,46.09486770629883,3.159775733947754,0.010289687663316727,0,0.0008517500245943666,0,1.469970703125,0.5770263671875
137,10,0,1,Day,,58.99412536621094,31.005874633789062,26.768611907958984,269.6000061035156,248.68743896484375,40.59700012207031,0.9224311113357544,11.909997940063477,3.609999895095825,=NA(),=NA(),1.9366092681884766,1.4163999557495117,0.34380000829696655,0.08399999886751175,=NA(),20,1013.25,36.84783172607422,49.93011474609375,291.1300048828125,260.364990234375,30.764999389648438,23.784997940063477,1650.2000732421875,1653.52001953125,1653.62744140625,39.882652282714844,2.591320276260376,2.5134544372558594,45.948394775390625,2.7345497608184814,0.009020937606692314,0,0.0006205000099726021,0,-3.3199462890625,-0.107421875
137,11,0,1,Day,,55.05974197387695,34.94025802612305,10.55056095123291,349.489990234375,297.7766418457031,90.29399871826172,0.852031946182251,12.869989395141602,3.940000057220459,=NA(),=NA(),1.7429490089416504,1.4163999557495117,0.34380000829696655,0.08399999886751175,=NA(),20,1013.25,14.68576717376709,53.69636917114258,376.010009765625,347.95501708984375,28.05500030517578,28.1612491607666,2164.260009765625,2137.429931640625,2139.841552734375,39.48152160644531,3.3874142169952393,3.3625636100769043,45.835105895996094,3.5701448917388916,0.011955750174820423,0,0.0005923749995417893,0,26.830078125,-2.41162109375
137,12,0,1,Day,,54.661346435546875,35.338653564453125,353.23876953125,649.7000122070312,335.9136047363281,542.5,0.51702880859375,14.809991836547852,4.119999885559082,=NA(),=NA(),1.7259032726287842,1.4163999557495117,0.34380000829696655,0.08399999886751175,=NA(),20,1013.25,-9.427443504333496,54.10319900512695,698.8599853515625,653.5549926757812,45.30000305175781,43.386863708496094,4117.259765625,3867.429931640625,3872.375,37.84734344482422,6.394726753234863,6.378270626068115,45.0000114440918,6.752121448516846,0.02260587550699711,0,0.0009773124475032091,0,249.829833984375,-4.945068359375
137,13,0,1,Day,,57.87318420410156,32.12681579589844,336.6536865234375,306.69000244140625,271.96697998046875,65.29399871826172,0.8867813944816589,15.800012588500977,4.130099773406982,=NA(),=NA(),1.8762911558151245,1.4163999557495117,0.34380000829696655,0.08399999886751175,=NA(),20,1013.25,-32.25519561767578,51.035587310791016,332.04998779296875,301.05999755859375,30.989999771118164,29.342493057250977,1899.530029296875,1868.3499755859375,1869.9378662109375,39.19672775268555,2.9816606044769287,2.909543991088867,45.449745178222656,3.145047426223755,0.010425625368952751,0,0.0006264374824240804,0,31.1800537109375,-1.587890625
137,14,0,1,Day,,64.14534759521484,25.854652404785156,322.1423645019531,221.88999938964844,208.8112335205078,29.990999221801758,0.9410574436187744,14.899988174438477,3.9899001121520996,=NA(),=NA(),2.2845191955566406,1.4163999557495117,0.34380000829696655,0.08399999886751175,=NA(),20,1013.25,-51.704368591308594,45.27626037597656,238.36000061035156,200.30999755859375,38.05000305175781,24.753747940063477,1309.6099853515625,1307.969970703125,1303.893310546875,39.648582458496094,2.05501389503479,1.9508000612258911,45.42072677612305,2.1842775344848633,0.006937624886631966,0,0.0007722500013187528,0,1.6400146484375,4.07666015625
137,15,0,1,Day,,72.66693878173828,17.33306312561035,309.9979248046875,82.70899963378906,82.2593994140625,1.5090999603271484,0.9945640563964844,14.290002822875977,2.789900064468384,=NA(),=NA(),3.3249640464782715,1.4163999557495117,0.34380000829696655,0.08399999886751175,=NA(),20,1013.25,-44.366966247558594,43.58698654174805,84.9000015258789,71.19499969482422,13.710000038146973,17.83062171936035,440.57000732421875,451.239990234375,449.345947265625,39.19409942626953,0.7163302898406982,0.6746274828910828,44.54180908203125,0.7676299214363098,0.002441062591969967,0,0.00027368750306777656,0,-10.66998291015625,1.89404296875
137,16,0,1,Day,,82.68045043945312,7.31955099105835,299.8284912109375,18.304000854492188,18.278011322021484,0.20399999618530273,0.9985800981521606,13.219995498657227,2.54010009765625,=NA(),=NA(),7.4290595054626465,1.4163999557495117,0.34380000829696655,0.08399999886751175,=NA(),20,1013.25,-12.438575744628906,71.95600891113281,19.6299991607666,18,1.6299999952316284,14.040002822875977,95.36000061035156,99.33000183105469,99.30960845947266,37.2232551574707,0.16674618422985077,0.1651139110326767,42.57522201538086,0.18299837410449982,0.000612374977208674,0,0.000034500000765547156,0,-3.970001220703125,0.02039337158203125
137,17,0,1,Night,Sun below height limit of 1 degrees.,89.00100708007812,0.9989899396896362,294.39324951171875,0,0,0,0,12.490015029907227,2.4500999450683594,=NA(),0,26.325950622558594,1.4163999557495117,0.34380000829696655,0.08399999886751175,=NA(),20,1013.25,0,0,0,0,0,12.490015029907227,0,0,0,0,0,0,0,0,0,0,0,0,0,0
137,18,0,1,Night,,105.68937683105469,-15.689373016357422,283.0177001953125,0,0,0,0,11.260004043579102,2.2499001026153564,=NA(),0,64.81599426269531,1.4163999557495117,0.34380000829696655,0.08399999886751175,=NA(),20,1013.25,0,0,0,0,0,11.260004043579102,0,0,0,0,0,0,0,0,0,0,0,0,0,0
137,19,0,1,Night,,117.78469848632812,-27.78470230102539,275.1531066894531,0,0,0,0,9.589899063110352,2.049999952316284,=NA(),0,64.81599426269531,1.4163999557495117,0.34380000829696655,0.08399999886751175,=NA(),20,1013.25,0,0,0,0,0,9.589990615844727,0,0,0,0,0,0,0,0,0,0,0,0,0,0
137,20,0,1,Night,,130.0443115234375,-40.044315338134766,266.6460266113281,0,0,0,0,6.109796047210693,1.8700000047683716,=NA(),0,64.81599426269531,1.4163999557495117,0.34380000829696655,0.08399999886751175,=NA(),20,1013.25,0,0,0,0,0,6.110009670257568,0,0,0,0,0,0,0,0,0,0,0,0,0,0
137,21,0,1,Night,,142.1737518310547,-52.17374801635742,256.09075927734375,0,0,0,0,4.420007228851318,1.649999976158142,=NA(),0,64.81599426269531,1.4163999557495117,0.34380000829696655,0.08399999886751175,=NA(),20,1013.25,0,0,0,0,0,4.420007228851318,0,0,0,0,0,0,0,0,0,0,0,0,0,0
137,22,0,1,Night,,153.58743286132812,-63.587432861328125,240.14532470703125,0,0,0,0,3.3702940940856934,1.3401000499725342,=NA(),0,64.81599426269531,1.4163999557495117,0.34380000829696655,0.08399999886751175,=NA(),20,1013.25,0,0,0,0,0,3.3699889183044434,0,0,0,0,0,0,0,0,0,0,0,0,0,0
137,23,0,1,Night,,162.43756103515625,-72.43756103515625,209.819580078125,0,0,0,0,2.9500975608825684,1,=NA(),0,64.81599426269531,1.4163999557495117,0.34380000829696655,0.08399999886751175,=NA(),20,1013.25,0,0,0,0,0,2.9500060081481934,0,0,0,0,0,0,0,0,0,0,0,0,0,0
138,0,0,1,Night,,163.59024047851562,-73.59024047851562,160.156494140625,0,0,0,0,2.5400023460388184,0.8098999857902527,=NA(),0,64.81599426269531,1.4163999557495117,0.34380000829696655,0.08399999886751175,=NA(),20,1013.25,0,0,0,0,0,2.5400023460388184,0,0,0,0,0,0,0,0,0,0,0,0,0,0
138,1,0,1,Night,,155.9031982421875,-65.90320587158203,124.79459381103516,0,0,0,0,1.830011010169983,0.9599000215530396,=NA(),0,64.81599426269531,1.4163999557495117,0.34380000829696655,0.08399999886751175,=NA(),20,1013.25,0,0,0,0,0,1.830011010169983,0,0,0,0,0,0,0,0,0,0,0,0,0,0
138,2,0,1,Night,,144.8195343017578,-54.81953430175781,106.72093963623047,0,0,0,0,1.479699730873108,1.2700999975204468,=NA(),0,64.81599426269531,1.4163999557495117,0.34380000829696655,0.08399999886751175,=NA(),20,1013.25,0,0,0,0,0,1.480004906654358,0,0,0,0,0,0,0,0,0,0,0,0,0,0
138,3,0,1,Night,,132.78543090820312,-42.785423278808594,95.36847686767578,0,0,0,0,0.8500915765762329,1.750100016593933,=NA(),0,64.81599426269531,1.4163999557495117,0.34380000829696655,0.08399999886751175,=NA(),20,1013.25,0,0,0,0,0,0.8500000238418579,0,0,0,0,0,0,0,0,0,0,0,0,0,0
138,4,0,1,Night,,120.53447723388672,-30.53447723388672,86.55789184570312,0,0,0,0,0.3203063905239105,2.119999885559082,=NA(),0,64.81599426269531,1.4163999557495117,0.34380000829696655,0.08399999886751175,=NA(),20,1013.25,0,0,0,0,0,0.3200012147426605,0,0,0,0,0,0,0,0,0,0,0,0,0,0
138,5,0,1,Night,,108.3941421508789,-18.394142150878906,78.62361907958984,0,0,0,0,-0.08978881686925888,2.2399001121520996,=NA(),0,64.81599426269531,1.4163999557495117,0.34380000829696655,0.08399999886751175,=NA(),20,1013.25,0,0,0,0,0,-0.09000243991613388,0,0,0,0,0,0,0,0,0,0,0,0,0,0
138,6,0,1,Night,,96.58585357666016,-6.585854530334473,70.6871109008789,0,0,0,0,-0.4600891172885895,2.890000104904175,=NA(),0,64.81599426269531,1.4163999557495117,0.34380000829696655,0.08399999886751175,=NA(),20,1013.25,0,0,0,0,0,-0.4599975645542145,0,0,0,0,0,0,0,0,0,0,0,0,0,0
138,7,0,1,Day,,84.9993667602539,5.000633239746094,62.0262336730957,63.29199981689453,61.113704681396484,24.989999771118164,0.9655833840370178,0.01989135704934597,2.890000104904175,=NA(),=NA(),10.307266235351562,1.4163999557495117,0.34380000829696655,0.08399999886751175,=NA(),20,1013.25,8.210841178894043,77.76493072509766,89.38500213623047,85.31500244140625,4.074999809265137,3.7568907737731934,413.2200012207031,444.42999267578125,444.9187316894531,40.93906784057617,0.6792389750480652,0.6766995787620544,46.42301559448242,0.7194616198539734,0.002466874895617366,0,0.00008874999912222847,0,-31.209991455078125,-0.488739013671875
138,8,0,1,Day,,74.8892593383789,15.11074161529541,52.29292297363281,188.61000061035156,166.78932189941406,83.70500183105469,0.8843079209327698,1.129998803138733,2.150099992752075,=NA(),=NA(),3.787325382232666,1.4163999557495117,0.34380000829696655,0.08399999886751175,=NA(),20,1013.25,32.90444564819336,50.669822692871094,280.43499755859375,264.1700134277344,16.264999389648438,12.406244277954102,1605.8399658203125,1669.8900146484375,1671.390869140625,41.40192413330078,2.523115873336792,2.4687485694885254,47.42435073852539,2.651881217956543,0.009022874757647514,0,0.00036700000055134296,0,-64.050048828125,-1.5008544921875
138,9,0,1,Day,,66.0079574584961,23.992042541503906,40.635284423828125,413.70001220703125,274.3548583984375,342.70001220703125,0.6631734371185303,4.130090236663818,1.1198999881744385,=NA(),=NA(),2.448359966278076,1.4163999557495117,0.34380000829696655,0.08399999886751175,=NA(),20,1013.25,55.65107345581055,43.892337799072266,582.47998046875,536.4749755859375,46.005001068115234,27.586267471313477,3477.64990234375,3441.81005859375,3446.322509765625,39.92333984375,5.395364761352539,5.277474403381348,46.74273681640625,5.675627708435059,0.018996750935912132,0,0.000967187515925616,0,35.83984375,-4.512451171875
138,10,0,1,Day,,59.201656341552734,30.798343658447266,26.67620086669922,535.3099975585938,306.43280029296875,447.010009765625,0.5724399089813232,9.760004043579102,0.7299000024795532,=NA(),=NA(),1.9482851028442383,1.4163999557495117,0.34380000829696655,0.08399999886751175,=NA(),20,1013.25,36.985836029052734,50.13382339477539,634.3699951171875,592.5,41.875,35.461265563964844,3772.949951171875,3639.320068359375,3644.522216796875,38.88011169433594,5.858645915985107,5.779287338256836,45.86717224121094,6.172122001647949,0.020759936422109604,0,0.0008733749855309725,0,133.6298828125,-5.2021484375
138,11,0,1,Day,,55.280242919921875,34.719757080078125,10.51753044128418,589.6900024414062,309.81243896484375,491.3900146484375,0.525381863117218,12.909997940063477,0.9699000120162964,=NA(),=NA(),1.752564787864685,1.4163999557495117,0.34380000829696655,0.08399999886751175,=NA(),20,1013.25,14.757706642150879,53.914424896240234,639.6799926757812,598.2099609375,41.470001220703125,38.97875213623047,3767.02001953125,3591.02001953125,3595.935791015625,38.40263366699219,5.852362155914307,5.830126762390137,45.407752990722656,6.173017501831055,0.0207156240940094,0,0.0008845624979585409,0,176,-4.915771484375
138,12,0,1,Day,,54.88098907470703,35.11901092529297,353.2766418457031,583.4000244140625,306.28924560546875,481.70001220703125,0.5250072479248047,13.309991836547852,1.159999966621399,=NA(),=NA(),1.7352492809295654,1.4163999557495117,0.34380000829696655,0.08399999886751175,=NA(),20,1013.25,-9.451037406921387,54.32457733154297,627.5599975585938,586.7449951171875,40.80999755859375,38.904380798339844,3689.510009765625,3517.8701171875,3522.413330078125,38.40568542480469,5.7322468757629395,5.7169976234436035,45.37968444824219,6.046712398529053,0.020281312987208366,0,0.0008805000106804073,0,171.639892578125,-4.543212890625
138,13,0,1,Day,,58.07822799682617,31.92177391052246,336.75286865234375,512.7100219726562,297.1341857910156,407.70001220703125,0.5795365571975708,14.610010147094727,1.3200000524520874,=NA(),=NA(),1.886989951133728,1.4163999557495117,0.34380000829696655,0.08399999886751175,=NA(),20,1013.25,-32.357200622558594,51.247745513916016,589.260009765625,550.3200073242188,38.94499969482422,38.56438446044922,3486.830078125,3327.93994140625,3333.047607421875,38.411865234375,5.423242568969727,5.3602495193481445,45.31986999511719,5.720147609710693,0.019205188378691673,0,0.0008107500034384429,0,158.89013671875,-5.107666015625
138,14,0,1,Day,,64.32817077636719,25.671829223632812,322.2812194824219,394.6000061035156,269.6171875,288.5,0.6832670569419861,15.570001602172852,1.4399000406265259,=NA(),=NA(),2.299525260925293,1.4163999557495117,0.34380000829696655,0.08399999886751175,=NA(),20,1013.25,-51.84434509277344,45.4747314453125,519.7100219726562,476.5050048828125,43.20500183105469,36.72124481201172,3059.10009765625,2937.1201171875,2940.85595703125,38.58998489379883,4.763101100921631,4.652065277099609,45.322418212890625,5.025504112243652,0.016705187037587166,0,0.0008953124633990228,0,121.97998046875,-3.73583984375
138,15,0,1,Day,,72.8262939453125,17.173707962036133,310.1585998535156,214.6999969482422,186.5306854248047,95.4020004272461,0.8687968850135803,15.450006484985352,1.2099000215530396,=NA(),=NA(),3.354215621948242,1.4163999557495117,0.34380000829696655,0.08399999886751175,=NA(),20,1013.25,-43.687129974365234,44.121036529541016,318.5249938964844,294.89501953125,23.630001068115234,28.398767471313477,1843.9200439453125,1819.3599853515625,1821.013916015625,39.2926025390625,2.896578550338745,2.8158493041992188,45.52401351928711,3.054762840270996,0.0102549372240901,0,0.00048225000500679016,0,24.56005859375,-1.6539306640625
138,16,0,1,Day,,82.81809997558594,7.181902885437012,300.001953125,41.902000427246094,41.752201080322266,1.198199987411499,0.9964250326156616,14.770013809204102,1.3300000429153442,=NA(),=NA(),7.555882930755615,1.4163999557495117,0.34380000829696655,0.08399999886751175,=NA(),20,1013.25,-12.21291732788086,72.30481719970703,47.23500061035156,43.65999984741211,3.575000047683716,16.725000381469727,243.77999877929688,250.97999572753906,250.85662841796875,38.289310455322266,0.40947550535202026,0.4060160517692566,43.72325897216797,0.4391940236091614,0.0014752499992027879,0,0.00007500000356230885,0,-7.1999969482421875,0.1233673095703125
138,17,0,1,Night,Sun below height limit of 1 degrees.,89.06755828857422,0.9324389696121216,294.6116638183594,0,0,0,0,10.409997940063477,1.2898999452590942,=NA(),0,26.921892166137695,1.4163999557495117,0.34380000829696655,0.08399999886751175,=NA(),20,1013.25,0,0,0,0,0,10.409997940063477,0,0,0,0,0,0,0,0,0,0,0,0,0,0
138,18,0,1,Night,,105.80008697509766,-15.800084114074707,283.2164306640625,0,0,0,0,6.670190334320068,1.1198999881744385,=NA(),0,64.81599426269531,1.4163999557495117,0.34380000829696655,0.08399999886751175,=NA(),20,1013.25,0,0,0,0,0,6.670007228851318,0,0,0,0,0,0,0,0,0,0,0,0,0,0
138,19,0,1,Night,,117.88796997070312,-27.887971878051758,275.3736572265625,0,0,0,0,4.560204982757568,0.9599000215530396,=NA(),0,64.81599426269531,1.4163999557495117,0.34380000829696655,0.08399999886751175,=NA(),20,1013.25,0,0,0,0,0,4.559991359710693,0,0,0,0,0,0,0,0,0,0,0,0,0,0
138,20,0,1,Night,,130.1461639404297,-40.14616775512695,266.9013977050781,0,0,0,0,3.5298094749450684,0.9300000071525574,=NA(),0,64.81599426269531,1.4163999557495117,0.34380000829696655,0.08399999886751175,=NA(),20,1013.25,0,0,0,0,0,3.5299925804138184,0,0,0,0,0,0,0,0,0,0,0,0,0,0
138,21,0,1,Night,,142.2840576171875,-52.284053802490234,256.4015808105469,0,0,0,0,3.0200133323669434,1.0099999904632568,=NA(),0,64.81599426269531,1.4163999557495117,0.34380000829696655,0.08399999886751175,=NA(),20,1013.25,0,0,0,0,0,3.0200133323669434,0,0,0,0,0,0,0,0,0,0,0,0,0,0
138,22,0,1,Night,,153.72450256347656,-63.724510192871094,240.5325469970703,0,0,0,0,2.4901061058044434,1.0800000429153442,=NA(),0,64.81599426269531,1.4163999557495117,0.34380000829696655,0.08399999886751175,=NA(),20,1013.25,0,0,0,0,0,2.4900145530700684,0,0,0,0,0,0,0,0,0,0,0,0,0,0
138,23,0,1,Night,,162.63111877441406,-72.6311264038086,210.16493225097656,0,0,0,0,2.2600951194763184,1.2700999975204468,=NA(),0,64.81599426269531,1.4163999557495117,0.34380000829696655,0.08399999886751175,=NA(),20,1013.25,0,0,0,0,0,2.2600035667419434,0,0,0,0,0,0,0,0,0,0,0,0,0,0
139,0,0,1,Night,,163.80233764648438,-73.80233764648438,159.95706176757812,0,0,0,0,1.379998803138733,1.5700000524520874,=NA(),0,64.81599426269531,1.4163999557495117,0.34380000829696655,0.08399999886751175,=NA(),20,1013.25,0,0,0,0,0,1.379998803138733,0,0,0,0,0,0,0,0,0,0,0,0,0,0
139,1,0,1,Night,,156.06298828125,-66.06298828125,124.42622375488281,0,0,0,0,0.6799865961074829,1.8700000047683716,=NA(),0,64.81599426269531,1.4163999557495117,0.34380000829696655,0.08399999886751175,=NA(),20,1013.25,0,0,0,0,0,0.6799865961074829,0,0,0,0,0,0,0,0,0,0,0,0,0,0
139,2,0,1,Night,,144.9485321044922,-54.94852828979492,106.41351318359375,0,0,0,0,0.4998107850551605,2.130000114440918,=NA(),0,64.81599426269531,1.4163999557495117,0.34380000829696655,0.08399999886751175,=NA(),20,1013.25,0,0,0,0,0,0.4999938905239105,0,0,0,0,0,0,0,0,0,0,0,0,0,0
139,3,0,1,Night,,132.9032440185547,-42.903236389160156,95.11726379394531,0,0,0,0,-0.18021240830421448,2.2899999618530273,=NA(),0,64.81599426269531,1.4163999557495117,0.34380000829696655,0.08399999886751175,=NA(),20,1013.25,0,0,0,0,0,-0.17999878525733948,0,0,0,0,0,0,0,0,0,0,0,0,0,0
139,4,0,1,Night,,120.65138244628906,-30.651386260986328,86.34363555908203,0,0,0,0,0.4399963319301605,2.3701000213623047,=NA(),0,64.81599426269531,1.4163999557495117,0.34380000829696655,0.08399999886751175,=NA(),20,1013.25,0,0,0,0,0,0.4399963319301605,0,0,0,0,0,0,0,0,0,0,0,0,0,0
139,5,0,1,Night,,108.5163345336914,-18.51633644104004,78.43331909179688,0,0,0,0,0.3096862733364105,2.4500999450683594,=NA(),0,64.81599426269531,1.4163999557495117,0.34380000829696655,0.08399999886751175,=NA(),20,1013.25,0,0,0,0,0,0.3099914491176605,0,0,0,0,0,0,0,0,0,0,0,0,0,0
139,6,0,1,Night,,96.72139739990234,-6.7213945388793945,70.51307678222656,0,0,0,0,-0.10980834811925888,2.300100088119507,=NA(),0,64.81599426269531,1.4163999557495117,0.34380000829696655,0.08399999886751175,=NA(),20,1013.25,0,0,0,0,0,-0.10999145358800888,0,0,0,0,0,0,0,0,0,0,0,0,0,0
139,7,0,1,Day,,85.07843780517578,4.921560764312744,61.809600830078125,67.1989974975586,64.30780792236328,33.70000076293945,0.9569756984710693,0.20998534560203552,2.460099935531616,=NA(),=NA(),10.442679405212402,1.4163999557495117,0.34380000829696655,0.08399999886751175,=NA(),20,1013.25,8.094286918640137,77.9608154296875,96.72000122070312,92.55500030517578,4.164999961853027,4.261254787445068,442.0299987792969,474.4499816894531,475.0552062988281,40.9495735168457,0.7250609993934631,0.7225737571716309,46.45760726928711,0.7672877311706543,0.0026339376345276833,0,0.00009087500075111166,0,-32.41998291015625,-0.605224609375
139,8,0,1,Day,,75.05355072021484,14.946447372436523,52.14595413208008,239.00999450683594,192.24722290039062,181.30999755859375,0.8043480515480042,1.760186791419983,1.3300000429153442,=NA(),=NA(),3.8268184661865234,1.4163999557495117,0.34380000829696655,0.08399999886751175,=NA(),20,1013.25,32.45973587036133,51.16679763793945,390.81500244140625,373.614990234375,17.204999923706055,17.4431095123291,2279.699951171875,2331.239990234375,2334.3623046875,41.01385498046875,3.557295322418213,3.4992642402648926,47.339942932128906,3.73762583732605,0.012808187864720821,0,0.00039125001057982445,0,-51.5400390625,-3.122314453125
139,9,0,1,Day,,66.1927261352539,23.807270050048828,40.51023483276367,425.8900146484375,282.2673034667969,355.79998779296875,0.6627703905105591,6.210198879241943,0.8999999761581421,=NA(),=NA(),2.466038942337036,1.4163999557495117,0.34380000829696655,0.08399999886751175,=NA(),20,1013.25,55.815242767333984,44.074703216552734,603.39501953125,556.3499755859375,47.04499816894531,30.553125381469727,3607.7099609375,3536.3701171875,3541.00390625,39.53443908691406,5.598133087158203,5.476926326751709,46.42283630371094,5.892481327056885,0.019710062071681023,0,0.0009886249899864197,0,71.33984375,-4.6337890625
139,10,0,1,Day,,59.405174255371094,30.594825744628906,26.588924407958984,524.8900146484375,302.4728698730469,437,0.5762595534324646,10.170007705688477,1.5999000072479248,=NA(),=NA(),1.9598971605300903,1.4163999557495117,0.34380000829696655,0.08399999886751175,=NA(),20,1013.25,37.125099182128906,50.331600189208984,622.1099853515625,580.8099975585938,41.29999923706055,35.42687225341797,3688.56005859375,3558.179931640625,3561.54052734375,38.89332580566406,5.723306655883789,5.645078182220459,45.830257415771484,6.029053211212158,0.020297875627875328,0,0.0008583749877288938,0,130.380126953125,-3.360595703125
139,11,0,1,Day,,55.49559783935547,34.50440216064453,10.488228797912598,584.8099975585938,308.99029541015625,486.9100036621094,0.52836012840271,13.159997940063477,2.2100000381469727,=NA(),=NA(),1.7620840072631836,1.4163999557495117,0.34380000829696655,0.08399999886751175,=NA(),20,1013.25,14.832418441772461,54.12663650512695,634.4349975585938,593.260009765625,41.16999816894531,39.048118591308594,3733.85986328125,3558.47998046875,3561.228515625,38.41269302368164,5.7943596839904785,5.768500328063965,45.38263702392578,6.109985828399658,0.020533937960863113,0,0.0008784374804235995,0,175.3798828125,-2.74853515625
139,12,0,1,Day,,55.0951042175293,34.9048957824707,353.31610107421875,425.3999938964844,311.2944030761719,199.41000366210938,0.7317687273025513,14.369989395141602,2.300100088119507,=NA(),=NA(),1.744482398033142,1.4163999557495117,0.34380000829696655,0.08399999886751175,=NA(),20,1013.25,-9.470494270324707,54.540828704833984,457.58001708984375,426.04998779296875,31.53499984741211,33.01500701904297,2657.199951171875,2582.679931640625,2585.527099609375,38.99492645263672,4.144014835357666,4.129717826843262,45.55702590942383,4.370019912719727,0.01465118769556284,0,0.0006798125104978681,0,74.52001953125,-2.84716796875
139,13,0,1,Day,,58.277626037597656,31.722373962402344,336.8515625,553.4000244140625,310.3209228515625,462.29998779296875,0.560753345489502,15.980005264282227,2.130000114440918,=NA(),=NA(),1.8975348472595215,1.4163999557495117,0.34380000829696655,0.08399999886751175,=NA(),20,1013.25,-32.45436096191406,51.45538330078125,638.0850219726562,596.6650390625,41.415000915527344,41.974388122558594,3782.239990234375,3569.010009765625,3574.25390625,37.99345779418945,5.8797607421875,5.81431245803833,45.02579116821289,6.205871105194092,0.020822249352931976,0,0.0008635625126771629,0,213.22998046875,-5.243896484375
139,14,0,1,Day,,64.50521850585938,25.494779586791992,322.41827392578125,244.58999633789062,223.20155334472656,49.691001892089844,0.9125539064407349,15.600000381469727,1.9198999404907227,=NA(),=NA(),2.314267873764038,1.4163999557495117,0.34380000829696655,0.08399999886751175,=NA(),20,1013.25,-51.97879409790039,45.66908645629883,281.54998779296875,244.16500854492188,37.38500213623047,27.154993057250977,1582.9300537109375,1568.22998046875,1566.9525146484375,39.406436920166016,2.4851012229919434,2.380162000656128,45.42438888549805,2.6296844482421875,0.008497624658048153,0,0.0007631250191479921,0,14.7000732421875,1.2774658203125
139,15,0,1,Day,,72.98007202148438,17.019926071166992,310.31671142578125,159.11000061035156,150.9710693359375,27.805999755859375,0.9488471150398254,15.719995498657227,1.3300000429153442,=NA(),=NA(),3.3829548358917236,1.4163999557495117,0.34380000829696655,0.08399999886751175,=NA(),20,1013.25,-43.05643081665039,44.63200759887695,196.49000549316406,174.7050018310547,21.78499984741211,23.78875160217285,1091.699951171875,1094.010009765625,1093.3155517578125,39.413291931152344,1.7336302995681763,1.662593960762024,45.24222183227539,1.8343003988265991,0.0060247499495744705,0,0.00044318748405203223,0,-2.31005859375,0.6944580078125
139,16,0,1,Day,,82.95001983642578,7.049976348876953,300.1724548339844,62.9010009765625,61.74732971191406,9.399700164794922,0.981658935546875,14.969995498657227,1.1399999856948853,=NA(),=NA(),7.681414604187012,1.4163999557495117,0.34380000829696655,0.08399999886751175,=NA(),20,1013.25,-11.997247695922852,72.63859558105469,77.875,72.97000122070312,4.900000095367432,18.1818790435791,408.0299987792969,417.4599914550781,417.4679260253906,38.82267761230469,0.672074556350708,0.6677972078323364,44.36756896972656,0.7151220440864563,0.0024201874621212482,0,0.00010362500324845314,0,-9.42999267578125,-0.0079345703125
139,17,0,1,Night,Sun below height limit of 1 degrees.,89.12741088867188,0.8725907206535339,294.83404541015625,0,0,0,0,12.499994277954102,0.7299000024795532,=NA(),0,27.476205825805664,1.4163999557495117,0.34380000829696655,0.08399999886751175,=NA(),20,1013.25,0,0,0,0,0,12.499994277954102,0,0,0,0,0,0,0,0,0,0,0,0,0,0
139,18,0,1,Night,,105.90412139892578,-15.904121398925781,283.41156005859375,0,0,0,0,10.969995498657227,0.2800000011920929,=NA(),0,64.81599426269531,1.4163999557495117,0.34380000829696655,0.08399999886751175,=NA(),20,1013.25,0,0,0,0,0,10.969995498657227,0,0,0,0,0,0,0,0,0,0,0,0,0,0
139,19,0,1,Night,,117.98512268066406,-27.985122680664062,275.5903015136719,0,0,0,0,10.010004043579102,0.7599999904632568,=NA(),0,64.81599426269531,1.4163999557495117,0.34380000829696655,0.08399999886751175,=NA(),20,1013.25,0,0,0,0,0,10.010004043579102,0,0,0,0,0,0,0,0,0,0,0,0,0,0
139,20,0,1,Night,,130.24227905273438,-40.242279052734375,267.1524963378906,0,0,0,0,9.399713516235352,1.399999976158142,=NA(),0,64.81599426269531,1.4163999557495117,0.34380000829696655,0.08399999886751175,=NA(),20,1013.25,0,0,0,0,0,9.399988174438477,0,0,0,0,0,0,0,0,0,0,0,0,0,0
139,21,0,1,Night,,142.3884735107422,-52.38847732543945,256.7079772949219,0,0,0,0,9.089990615844727,1.9500000476837158,=NA(),0,64.81599426269531,1.4163999557495117,0.34380000829696655,0.08399999886751175,=NA(),20,1013.25,0,0,0,0,0,9.089990615844727,0,0,0,0,0,0,0,0,0,0,0,0,0,0
139,22,0,1,Night,,153.8551025390625,-63.855106353759766,240.9168243408203,0,0,0,0,9.010187149047852,2.3199000358581543,=NA(),0,64.81599426269531,1.4163999557495117,0.34380000829696655,0.08399999886751175,=NA(),20,1013.25,0,0,0,0,0,9.010004043579102,0,0,0,0,0,0,0,0,0,0,0,0,0,0
139,23,0,1,Night,,162.81800842285156,-72.8180160522461,210.51564025878906,0,0,0,0,8.589990615844727,2.530100107192993,=NA(),0,64.81599426269531,1.4163999557495117,0.34380000829696655,0.08399999886751175,=NA(),20,1013.25,0,0,0,0,0,8.589990615844727,0,0,0,0,0,0,0,0,0,0,0,0,0,0
140,0,0,1,Night,,164.00933837890625,-74.00934600830078,159.76573181152344,0,0,0,0,8.270288467407227,2.5499000549316406,=NA(),0,64.81599426269531,1.4163999557495117,0.34380000829696655,0.08399999886751175,=NA(),20,1013.25,0,0,0,0,0,8.270013809204102,0,0,0,0,0,0,0,0,0,0,0,0,0,0
140,1,0,1,Night,,156.21926879882812,-66.21926879882812,124.06676483154297,0,0,0,0,7.989800930023193,2.389899969100952,=NA(),0,64.81599426269531,1.4163999557495117,0.34380000829696655,0.08399999886751175,=NA(),20,1013.25,0,0,0,0,0,7.990014553070068,0,0,0,0,0,0,0,0,0,0,0,0,0,0
140,2,0,1,Night,,145.0750274658203,-55.07502365112305,106.11429595947266,0,0,0,0,7.860101222991943,2.2499001026153564,=NA(),0,64.81599426269531,1.4163999557495117,0.34380000829696655,0.08399999886751175,=NA(),20,1013.25,0,0,0,0,0,7.860009670257568,0,0,0,0,0,0,0,0,0,0,0,0,0,0
140,3,0,1,Night,,133.0189208984375,-43.0189208984375,94.87313842773438,0,0,0,0,7.539697170257568,2.23009991645813,=NA(),0,64.81599426269531,1.4163999557495117,0.34380000829696655,0.08399999886751175,=NA(),20,1013.25,0,0,0,0,0,7.540002346038818,0,0,0,0,0,0,0,0,0,0,0,0,0,0
140,4,0,1,Night,,120.76619720458984,-30.76619529724121,86.13573455810547,0,0,0,0,7.529809474945068,2.259999990463257,=NA(),0,64.81599426269531,1.4163999557495117,0.34380000829696655,0.08399999886751175,=NA(),20,1013.25,0,0,0,0,0,7.529992580413818,0,0,0,0,0,0,0,0,0,0,0,0,0,0
140,5,0,1,Night,,108.63595581054688,-18.635953903198242,78.24893188476562,0,0,0,0,7.370202541351318,2.3199000358581543,=NA(),0,64.81599426269531,1.4163999557495117,0.34380000829696655,0.08399999886751175,=NA(),20,1013.25,0,0,0,0,0,7.369988918304443,0,0,0,0,0,0,0,0,0,0,0,0,0,0
140,6,0,1,Night,,96.85298156738281,-6.852981090545654,70.34477996826172,47.19599914550781,47.19599914550781,0,1,7.200006008148193,2.2899999618530273,=NA(),0,64.81599426269531,1.4163999557495117,0.34380000829696655,0.08399999886751175,=NA(),20,1013.25,0,0,0,0,0,7.200006008148193,0,0,0,0,0,0,0,0,0,0,0,0,0,0
140,7,0,1,Day,,85.1545181274414,4.845480442047119,61.59373092651367,78.60700225830078,73.68204498291016,58.30500030517578,0.9373471140861511,7.800286769866943,2.5599000453948975,=NA(),=NA(),10.576164245605469,1.4163999557495117,0.34380000829696655,0.08399999886751175,=NA(),20,1013.25,7.982494831085205,78.1491928100586,119.14500427246094,114.70999908447266,4.435000419616699,12.838769912719727,531.989990234375,554.1799926757812,554.9954833984375,39.931419372558594,0.8686695694923401,0.8660241365432739,45.55611038208008,0.9191575050354004,0.0031536875758320093,0,0.00009706249693408608,0,-22.19000244140625,-0.81549072265625
140,8,0,1,Day,,75.21550750732422,14.784489631652832,52.004737854003906,241.19000244140625,193.21795654296875,187.99000549316406,0.8011026978492737,3.5497984886169434,1.9801000356674194,=NA(),=NA(),3.866582155227661,1.4163999557495117,0.34380000829696655,0.08399999886751175,=NA(),20,1013.25,32.02485275268555,51.65370178222656,396.2850036621094,379.2550048828125,17.030000686645508,19.4737491607666,2312.659912109375,2349.679931640625,2352.946533203125,40.74176025390625,3.6095597743988037,3.552665948867798,47.09779357910156,3.7942607402801514,0.012998624704778194,0,0.00038718749419786036,0,-37.02001953125,-3.2666015625
140,9,0,1,Day,,66.37393951416016,23.626060485839844,40.39084243774414,451.0899963378906,300.12554931640625,376.69000244140625,0.6653341054916382,7.189996242523193,1.350100040435791,=NA(),=NA(),2.4836504459381104,1.4163999557495117,0.34380000829696655,0.08399999886751175,=NA(),20,1013.25,55.978694915771484,44.250877380371094,644.6849975585938,595.5599975585938,49.125,33.237510681152344,3863.080078125,3753.830078125,3758.58984375,39.20035934448242,5.992775917053223,5.866035461425781,46.19776916503906,6.310492515563965,0.02111087553203106,0,0.001032250002026558,0,109.25,-4.759765625
140,10,0,1,Day,,59.60442352294922,30.39557456970215,26.50672721862793,506.20001220703125,296.37542724609375,414.70001220703125,0.5854907631874084,11.290002822875977,2.3099000453948975,=NA(),=NA(),1.9714241027832031,1.4163999557495117,0.34380000829696655,0.08399999886751175,=NA(),20,1013.25,37.26531219482422,50.52327346801758,599.4299926757812,559.155029296875,40.27000045776367,35.62688446044922,3550.02001953125,3422.02001953125,3426.12353515625,38.83683776855469,5.513704776763916,5.436791896820068,45.73538589477539,5.810189723968506,0.019536875188350677,0,0.0008360000210814178,0,128,-4.103515625
140,11,0,1,Day,,55.70574951171875,34.29425048828125,10.462587356567383,456.989990234375,307.007080078125,266.19000244140625,0.6718026399612427,13.959985733032227,2.740000009536743,=NA(),=NA(),1.7714974880218506,1.4163999557495117,0.34380000829696655,0.08399999886751175,=NA(),20,1013.25,14.909847259521484,54.332950592041016,494.135009765625,460.0899963378906,34.040000915527344,34.081260681152344,2880.7900390625,2790.380126953125,2793.18359375,38.91619873046875,4.485899925231934,4.459427356719971,45.561256408691406,4.729247570037842,0.01587081328034401,0,0.0007226875168271363,0,90.409912109375,-2.803466796875
140,12,0,1,Day,,55.30325698852539,34.69674301147461,353.35711669921875,646.010009765625,338.9601745605469,539.4099731445312,0.52469801902771,13.570001602172852,2.75,=NA(),=NA(),1.7535761594772339,1.4163999557495117,0.34380000829696655,0.08399999886751175,=NA(),20,1013.25,-9.485583305358887,54.75150680541992,694.9400024414062,649.8049926757812,45.13999938964844,41.995628356933594,4088.2900390625,3858.429931640625,3861.716796875,38.049495697021484,6.3432464599609375,6.325601100921631,45.167213439941406,6.691044807434082,0.022445062175393105,0,0.0009738749940879643,0,229.860107421875,-3.286865234375
140,13,0,1,Day,,58.47095489501953,31.52904510498047,336.9498596191406,494.1099853515625,294.7635498046875,381.2099914550781,0.5965545177459717,15.730005264282227,2.469899892807007,=NA(),=NA(),1.907893419265747,1.4163999557495117,0.34380000829696655,0.08399999886751175,=NA(),20,1013.25,-32.54616165161133,51.658164978027344,567.155029296875,529.0650024414062,38.09000015258789,38.808738708496094,3348.840087890625,3193.280029296875,3198.013427734375,38.358028411865234,5.210829734802246,5.147322177886963,45.2148323059082,5.496846675872803,0.018445437774062157,0,0.0007914375164546072,0,155.56005859375,-4.7333984375
140,14,0,1,Day,,64.67656707763672,25.323429107666016,322.5535583496094,289.5,244.8837432861328,104.30999755859375,0.8458850979804993,15.959985733032227,2.0999999046325684,=NA(),=NA(),2.3287367820739746,1.4163999557495117,0.34380000829696655,0.08399999886751175,=NA(),20,1013.25,-52.10775375366211,45.859336853027344,348.9100036621094,308.5,40.40999984741211,30.230615615844727,1995.6300048828125,1957.010009765625,1957.104248046875,39.16633605957031,3.1230649948120117,3.0098798274993896,45.41767501831055,3.29844069480896,0.010766874998807907,0,0.0008285000221803784,0,38.6199951171875,-0.09423828125
140,15,0,1,Day,,73.1285400390625,16.8714599609375,310.47222900390625,251.61000061035156,202.44288635253906,169.41000366210938,0.8045899868011475,16.70000648498535,1.2898999452590942,=NA(),=NA(),3.411188840866089,1.4163999557495117,0.34380000829696655,0.08399999886751175,=NA(),20,1013.25,-42.46903991699219,45.12137222290039,404.17498779296875,380.7449951171875,23.43000030517578,33.112510681152344,2374.60009765625,2306.72998046875,2309.3369140625,38.87813949584961,3.7125043869018555,3.6300947666168213,45.34293746948242,3.9160265922546387,0.01324743777513504,0,0.0004873750149272382,0,67.8701171875,-2.60693359375
140,16,0,1,Day,,83.0768814086914,6.923120975494385,300.33990478515625,21.507999420166016,21.4829158782959,0.20810000598430634,0.9988337755203247,15.379999160766602,1.0200999975204468,=NA(),=NA(),7.805965423583984,1.4163999557495117,0.34380000829696655,0.08399999886751175,=NA(),20,1013.25,-11.790345191955566,72.95903778076172,23.079999923706055,21.18000030517578,1.9049999713897705,16.344995498657227,113.80000305175781,117.48999786376953,117.29222869873047,37.204864501953125,0.19703778624534607,0.19535315036773682,42.52228927612305,0.21570280194282532,0.0007211875054053962,0,0.000039999998989515007,0,-3.6899948120117188,0.1977691650390625
140,17,0,1,Night,Sun below height limit of 1 degrees.,89.16506958007812,0.8349294066429138,295.0627136230469,0,0,0,0,9.940210342407227,0.8500000238418579,=NA(),0,27.83418083190918,1.4163999557495117,0.34380000829696655,0.08399999886751175,=NA(),20,1013.25,0,0,0,0,0,9.939996719360352,0,0,0,0,0,0,0,0,0,0,0,0,0,0
140,18,0,1,Night,,106.00476837158203,-16.00476837158203,283.6030578613281,0,0,0,0,7.769708156585693,0.9300000071525574,=NA(),0,64.81599426269531,1.4163999557495117,0.34380000829696655,0.08399999886751175,=NA(),20,1013.25,0,0,0,0,0,7.770013332366943,0,0,0,0,0,0,0,0,0,0,0,0,0,0
140,19,0,1,Night,,118.0782699584961,-28.078269958496094,275.80291748046875,0,0,0,0,7.479913234710693,1.2099000215530396,=NA(),0,64.81599426269531,1.4163999557495117,0.34380000829696655,0.08399999886751175,=NA(),20,1013.25,0,0,0,0,0,7.480004787445068,0,0,0,0,0,0,0,0,0,0,0,0,0,0
140,20,0,1,Night,,130.33396911621094,-40.33396911621094,267.39910888671875,0,0,0,0,6.270013332366943,1.5999000072479248,=NA(),0,64.81599426269531,1.4163999557495117,0.34380000829696655,0.08399999886751175,=NA(),20,1013.25,0,0,0,0,0,6.270013332366943,0,0,0,0,0,0,0,0,0,0,0,0,0,0
140,21,0,1,Night,,142.4878387451172,-52.48784255981445,257.0096740722656,0,0,0,0,5.700311183929443,1.9000999927520752,=NA(),0,64.81599426269531,1.4163999557495117,0.34380000829696655,0.08399999886751175,=NA(),20,1013.25,0,0,0,0,0,5.700006008148193,0,0,0,0,0,0,0,0,0,0,0,0,0,0
140,22,0,1,Night,,153.97982788085938,-63.97982406616211,241.2977752685547,0,0,0,0,4.209893703460693,2.109999895095825,=NA(),0,64.81599426269531,1.4163999557495117,0.34380000829696655,0.08399999886751175,=NA(),20,1013.25,0,0,0,0,0,4.209985256195068,0,0,0,0,0,0,0,0,0,0,0,0,0,0
140,23,0,1,Night,,162.99851989746094,-72.99851989746094,210.8712921142578,0,0,0,0,3.8203063011169434,2.2399001121520996,=NA(),0,64.81599426269531,1.4163999557495117,0.34380000829696655,0.08399999886751175,=NA(),20,1013.25,0,0,0,0,0,3.8200011253356934,0,0,0,0,0,0,0,0,0,0,0,0,0,0
141,0,0,1,Night,,164.21160888671875,-74.21160888671875,159.5829315185547,0,0,0,0,2.7899107933044434,2.220099925994873,=NA(),0,64.81599426269531,1.4163999557495117,0.34380000829696655,0.08399999886751175,=NA(),20,1013.25,0,0,0,0,0,2.7900023460388184,0,0,0,0,0,0,0,0,0,0,0,0,0,0
141,1,0,1,Night,,156.37257385253906,-66.3725814819336,123.71658325195312,0,0,0,0,2.6097960472106934,2.200000047683716,=NA(),0,64.81599426269531,1.4163999557495117,0.34380000829696655,0.08399999886751175,=NA(),20,1013.25,0,0,0,0,0,2.6100096702575684,0,0,0,0,0,0,0,0,0,0,0,0,0,0
141,2,0,1,Night,,145.19992065429688,-55.199928283691406,105.82344055175781,0,0,0,0,1.899804711341858,2.23009991645813,=NA(),0,64.81599426269531,1.4163999557495117,0.34380000829696655,0.08399999886751175,=NA(),20,1013.25,0,0,0,0,0,1.899987816810608,0,0,0,0,0,0,0,0,0,0,0,0,0,0
141,3,0,1,Night,,133.13389587402344,-43.13389587402344,94.63623809814453,0,0,0,0,1.720300316810608,2.2699999809265137,=NA(),0,64.81599426269531,1.4163999557495117,0.34380000829696655,0.08399999886751175,=NA(),20,1013.25,0,0,0,0,0,1.719995141029358,0,0,0,0,0,0,0,0,0,0,0,0,0,0
141,4,0,1,Night,,120.88104248046875,-30.881044387817383,85.93425750732422,0,0,0,0,1.070214867591858,2.3099000453948975,=NA(),0,64.81599426269531,1.4163999557495117,0.34380000829696655,0.08399999886751175,=NA(),20,1013.25,0,0,0,0,0,1.070001244544983,0,0,0,0,0,0,0,0,0,0,0,0,0,0
141,5,0,1,Night,,108.75652313232422,-18.75652503967285,78.0705337524414,0,0,0,0,1.090112328529358,2.4200000762939453,=NA(),0,64.81599426269531,1.4163999557495117,0.34380000829696655,0.08399999886751175,=NA(),20,1013.25,0,0,0,0,0,1.089990258216858,0,0,0,0,0,0,0,0,0,0,0,0,0,0
141,6,0,1,Night,,96.98628997802734,-6.986286640167236,70.18226623535156,0,0,0,0,0.6899048089981079,2.440000057220459,=NA(),0,64.81599426269531,1.4163999557495117,0.34380000829696655,0.08399999886751175,=NA(),20,1013.25,0,0,0,0,0,0.6899963617324829,0,0,0,0,0,0,0,0,0,0,0,0,0,0
141,7,0,1,Day,,85.2320556640625,4.767942905426025,61.39382553100586,84.60399627685547,78.93452453613281,68.20800018310547,0.9329881072044373,2.0301146507263184,3.1800999641418457,=NA(),=NA(),10.715527534484863,1.4163999557495117,0.34380000829696655,0.08399999886751175,=NA(),20,1013.25,7.86680793762207,78.341064453125,130.95999145507812,126.44499969482422,4.524999618530273,7.564996242523193,576.3900146484375,611.0900268554688,611.9869995117188,40.8149299621582,0.9371371269226074,0.9343923926353455,46.42023468017578,0.989772617816925,0.003410374978557229,0,0.0000992499990388751,0,-34.70001220703125,-0.89697265625
141,8,0,1,Day,,75.37484741210938,14.625155448913574,51.86927795410156,248.7899932861328,197.65992736816406,202.5,0.7944850325584412,5.639794826507568,2.4200000762939453,=NA(),=NA(),3.9065334796905518,1.4163999557495117,0.34380000829696655,0.08399999886751175,=NA(),20,1013.25,31.60030746459961,52.12989807128906,412.9049987792969,395.8699951171875,17.03499984741211,22.26311683654785,2412.909912109375,2429.580078125,2432.880615234375,40.39187240600586,3.7645134925842285,3.7076339721679688,46.80244445800781,3.959486246109009,0.013563812710344791,0,0.0003877500130329281,0,-16.670166015625,-3.300537109375
141,9,0,1,Day,,66.552001953125,23.447996139526367,40.27709197998047,411.9100036621094,275.2256774902344,343.5,0.6681694388389587,10.689996719360352,2.7300000190734863,=NA(),=NA(),2.501225233078003,1.4163999557495117,0.34380000829696655,0.08399999886751175,=NA(),20,1013.25,56.14191436767578,44.42103576660156,584.5800170898438,538.219970703125,46.36000061035156,34.358116149902344,3491.8701171875,3380,3384.248046875,39.00050735473633,5.42355489730835,5.301673412322998,45.870269775390625,5.714802265167236,0.01907181181013584,0,0.000972187495790422,0,111.8701171875,-4.248046875
141,10,0,1,Day,,59.79926300048828,30.200735092163086,26.429563522338867,520.6900024414062,302.3795471191406,433.989990234375,0.5807285308837891,12.679986953735352,2.3299999237060547,=NA(),=NA(),1.982850193977356,1.4163999557495117,0.34380000829696655,0.08399999886751175,=NA(),20,1013.25,37.40626525878906,50.70874786376953,617.8250122070312,576.5499877929688,41.275001525878906,37.78874969482422,3661.419921875,3504.080078125,3508.852783203125,38.551483154296875,5.6886396408081055,5.610550880432129,45.51005172729492,5.998151779174805,0.02014506235718727,0,0.0008575000101700425,0,157.33984375,-4.772705078125
141,11,0,1,Day,,55.91067123413086,34.08932876586914,10.440544128417969,574.9000244140625,307.15087890625,477.7099914550781,0.534268319606781,15.779993057250977,1.7000000476837158,=NA(),=NA(),1.7807966470718384,1.4163999557495117,0.34380000829696655,0.08399999886751175,=NA(),20,1013.25,14.989941596984863,54.5333366394043,623.7850341796875,583.2249755859375,40.56500244140625,41.25749969482422,3667.81005859375,3469.239990234375,3473.448974609375,38.084964752197266,5.700169086456299,5.676519870758057,45.06239700317383,6.015424728393555,0.020174313336610794,0,0.0008646249771118164,0,198.570068359375,-4.208984375
141,12,0,1,Day,,55.50593185424805,34.49406814575195,353.399658203125,565.4099731445312,303.5941467285156,462.30999755859375,0.5369451642036438,17.4999942779541,1.2898999452590942,=NA(),=NA(),1.7625441551208496,1.4163999557495117,0.34380000829696655,0.08399999886751175,=NA(),20,1013.25,-9.49651050567627,54.95708465576172,608.2449951171875,568.5550537109375,39.69000244140625,42.391868591308594,3568.969970703125,3362.409912109375,3366.26708984375,37.91842269897461,5.5485358238220215,5.5333571434021,44.863914489746094,5.85749626159668,0.01962418667972088,0,0.0008561250288039446,0,206.56005859375,-3.857177734375
141,13,0,1,Day,,58.65861129760742,31.341388702392578,337.04766845703125,500.80999755859375,295.0389404296875,395.6099853515625,0.5891234874725342,18.779993057250977,0.9800000190734863,=NA(),=NA(),1.9180773496627808,1.4163999557495117,0.34380000829696655,0.08399999886751175,=NA(),20,1013.25,-32.63298034667969,51.856388092041016,575.6400146484375,537.2050170898438,38.435001373291016,42.29625701904297,3399.800048828125,3203.550048828125,3206.578369140625,37.91006088256836,5.286527156829834,5.2186784744262695,44.786827087402344,5.57954740524292,0.01872587576508522,0,0.0007986249984242022,0,196.25,-3.0283203125
141,14,0,1,Day,,64.84257507324219,25.157426834106445,322.68695068359375,377.79998779296875,264.9341125488281,265.5,0.7012549638748169,19.8900089263916,0.710099995136261,=NA(),=NA(),2.3429465293884277,1.4163999557495117,0.34380000829696655,0.08399999886751175,=NA(),20,1013.25,-52.23167037963867,46.04558563232422,496.2449951171875,453.72998046875,42.51499938964844,40.159385681152344,2915.77001953125,2766.530029296875,2769.27783203125,38.09004592895508,4.544077396392822,4.433633327484131,44.78437805175781,4.799707412719727,0.01590925082564354,0,0.0008813749882392585,0,149.239990234375,-2.747802734375
141,15,0,1,Day,,73.2718276977539,16.728174209594727,310.6250915527344,220.89999389648438,188.26278686523438,113.38999938964844,0.8522534966468811,19.33001136779785,0.5199999809265137,=NA(),=NA(),3.438903570175171,1.4163999557495117,0.34380000829696655,0.08399999886751175,=NA(),20,1013.25,-41.92057418823242,45.5900993347168,335.08502197265625,312.5849914550781,22.505001068115234,32.987510681152344,1945.949951171875,1890.489990234375,1892.1551513671875,38.707305908203125,3.0552525520324707,2.9769139289855957,45.00625991821289,3.225220203399658,0.01084587536752224,0,0.0004682500148192048,0,55.4599609375,-1.6651611328125
141,16,0,1,Day,,83.19939422607422,6.800607204437256,300.5042419433594,38.30699920654297,38.1873893737793,1.01010000705719,0.9968776106834412,17.7600040435791,0.8899000287055969,=NA(),=NA(),7.930008888244629,1.4163999557495117,0.34380000829696655,0.08399999886751175,=NA(),20,1013.25,-11.590832710266113,73.26810455322266,42.900001525878906,39.63500213623047,3.2649998664855957,19.5418643951416,219.4300079345703,223.60000610351562,223.48904418945312,37.705726623535156,0.3704491853713989,0.36759963631629944,43.141117095947266,0.39840635657310486,0.0013354375259950757,0,0.00006887500057928264,0,-4.1699981689453125,0.1109619140625
141,17,0,1,Night,Sun below height limit of 1 degrees.,89.22746276855469,0.772536039352417,295.268798828125,0,0,0,0,12.379999160766602,1.2200000286102295,=NA(),0,28.443340301513672,1.4163999557495117,0.34380000829696655,0.08399999886751175,=NA(),20,1013.25,0,0,0,0,0,12.379999160766602,0,0,0,0,0,0,0,0,0,0,0,0,0,0
141,18,0,1,Night,,106.09961700439453,-16.09961700439453,283.7908020019531,0,0,0,0,9.210290908813477,1.5499999523162842,=NA(),0,64.81599426269531,1.4163999557495117,0.34380000829696655,0.08399999886751175,=NA(),20,1013.25,0,0,0,0,0,9.209985733032227,0,0,0,0,0,0,0,0,0,0,0,0,0,0
141,19,0,1,Night,,118.166259765625,-28.166259765625,276.0113525390625,0,0,0,0,7.370202541351318,1.9801000356674194,=NA(),0,64.81599426269531,1.4163999557495117,0.34380000829696655,0.08399999886751175,=NA(),20,1013.25,0,0,0,0,0,7.369988918304443,0,0,0,0,0,0,0,0,0,0,0,0,0,0
141,20,0,1,Night,,130.42041015625,-40.420413970947266,267.64111328125,0,0,0,0,5.500207424163818,2.469899892807007,=NA(),0,64.81599426269531,1.4163999557495117,0.34380000829696655,0.08399999886751175,=NA(),20,1013.25,0,0,0,0,0,5.499993801116943,0,0,0,0,0,0,0,0,0,0,0,0,0,0
141,21,0,1,Night,,142.5815887451172,-52.58159255981445,257.3063659667969,0,0,0,0,5.510186672210693,2.9200000762939453,=NA(),0,64.81599426269531,1.4163999557495117,0.34380000829696655,0.08399999886751175,=NA(),20,1013.25,0,0,0,0,0,5.510003566741943,0,0,0,0,0,0,0,0,0,0,0,0,0,0
141,22,0,1,Night,,154.09817504882812,-64.0981674194336,241.67489624023438,0,0,0,0,4.780206203460693,3.240000009536743,=NA(),0,64.81599426269531,1.4163999557495117,0.34380000829696655,0.08399999886751175,=NA(),20,1013.25,0,0,0,0,0,4.779992580413818,0,0,0,0,0,0,0,0,0,0,0,0,0,0
141,23,0,1,Night,,163.17227172851562,-73.1722640991211,211.2313995361328,0,0,0,0,3.7099852561950684,3.4298999309539795,=NA(),0,64.81599426269531,1.4163999557495117,0.34380000829696655,0.08399999886751175,=NA(),20,1013.25,0,0,0,0,0,3.7099852561950684,0,0,0,0,0,0,0,0,0,0,0,0,0,0
142,0,0,1,Night,,164.40872192382812,-74.40872955322266,159.40907287597656,0,0,0,0,3.6600890159606934,3.609999895095825,=NA(),0,64.81599426269531,1.4163999557495117,0.34380000829696655,0.08399999886751175,=NA(),20,1013.25,0,0,0,0,0,3.6599974632263184,0,0,0,0,0,0,0,0,0,0,0,0,0,0
142,1,0,1,Night,,156.52243041992188,-66.5224380493164,123.37603759765625,0,0,0,0,3.3496947288513184,3.8901000022888184,=NA(),0,64.81599426269531,1.4163999557495117,0.34380000829696655,0.08399999886751175,=NA(),20,1013.25,0,0,0,0,0,3.3499999046325684,0,0,0,0,0,0,0,0,0,0,0,0,0,0
142,2,0,1,Night,,145.32244873046875,-55.32244110107422,105.54116821289062,0,0,0,0,2.1297850608825684,4.199999809265137,=NA(),0,64.81599426269531,1.4163999557495117,0.34380000829696655,0.08399999886751175,=NA(),20,1013.25,0,0,0,0,0,2.1299986839294434,0,0,0,0,0,0,0,0,0,0,0,0,0,0
142,3,0,1,Night,,133.24684143066406,-43.24684143066406,94.40665435791016,0,0,0,0,2.5699095726013184,4.370100021362305,=NA(),0,64.81599426269531,1.4163999557495117,0.34380000829696655,0.08399999886751175,=NA(),20,1013.25,0,0,0,0,0,2.5700011253356934,0,0,0,0,0,0,0,0,0,0,0,0,0,0
142,4,0,1,Night,,120.9935073852539,-30.99350357055664,85.73928833007812,0,0,0,0,3.4999022483825684,4.2399001121521,=NA(),0,64.81599426269531,1.4163999557495117,0.34380000829696655,0.08399999886751175,=NA(),20,1013.25,0,0,0,0,0,3.4999938011169434,0,0,0,0,0,0,0,0,0,0,0,0,0,0
142,5,0,1,Night,,108.87419891357422,-18.87420082092285,77.89815521240234,0,0,0,0,2.7500853538513184,4.110000133514404,=NA(),0,64.81599426269531,1.4163999557495117,0.34380000829696655,0.08399999886751175,=NA(),20,1013.25,0,0,0,0,0,2.7499938011169434,0,0,0,0,0,0,0,0,0,0,0,0,0,0
142,6,0,1,Night,,97.11541748046875,-7.115415573120117,70.02555847167969,0,0,0,0,1.850000023841858,3.859999895095825,=NA(),0,64.81599426269531,1.4163999557495117,0.34380000829696655,0.08399999886751175,=NA(),20,1013.25,0,0,0,0,0,1.850000023841858,0,0,0,0,0,0,0,0,0,0,0,0,0,0
142,7,0,1,Day,,85.3028335571289,4.697166442871094,61.19221115112305,79.40799713134766,74.36304473876953,61.606998443603516,0.9364679455757141,2.5500121116638184,4.019999980926514,=NA(),=NA(),10.845779418945312,1.4163999557495117,0.34380000829696655,0.08399999886751175,=NA(),20,1013.25,7.76246452331543,78.51612091064453,120.05000305175781,115.66999816894531,4.385000228881836,7.621240139007568,529.5299682617188,561.52001953125,562.3173217773438,40.695350646972656,0.8636081218719482,0.8610292673110962,46.2756233215332,0.9128761887550354,0.0031409375369548798,0,0.00009612499707145616,0,-31.99005126953125,-0.79730224609375
142,8,0,1,Day,,75.53118896484375,14.468812942504883,51.739585876464844,239.7100067138672,192.16049194335938,190.30999755859375,0.8016373515129089,6.829797267913818,4.170000076293945,=NA(),=NA(),3.946561098098755,1.4163999557495117,0.34380000829696655,0.08399999886751175,=NA(),20,1013.25,31.186838150024414,52.594512939453125,394.8399963378906,378.30499267578125,16.53499984741211,22.74688148498535,2302.219970703125,2314.530029296875,2317.421875,40.286861419677734,3.5952048301696777,3.540286064147949,46.65804672241211,3.7824630737304688,0.012950937263667583,0,0.00037575000897049904,0,-12.31005859375,-2.891845703125
142,9,0,1,Day,,66.72602844238281,23.273969650268555,40.1689567565918,390.1099853515625,264.9294128417969,316.80999755859375,0.6791146397590637,10.909997940063477,3.7899999618530273,=NA(),=NA(),2.518665075302124,1.4163999557495117,0.34380000829696655,0.08399999886751175,=NA(),20,1013.25,56.30376052856445,44.58478927612305,550.655029296875,505.54498291015625,45.10499954223633,33.22624969482422,3265.5400390625,3172.590087890625,3176.6572265625,39.116703033447266,5.075743675231934,4.960860252380371,45.897422790527344,5.349126815795898,0.017823874950408936,0,0.0009425624739378691,0,92.949951171875,-4.067138671875
142,10,0,1,Day,,59.989566802978516,30.010433197021484,26.357378005981445,504.7900085449219,296.6243591308594,416.20001220703125,0.5876193046569824,13.909997940063477,3.049999952316284,=NA(),=NA(),1.994160532951355,1.4163999557495117,0.34380000829696655,0.08399999886751175,=NA(),20,1013.25,37.547794342041016,50.8879508972168,598.6749877929688,558.2999877929688,40.375,38.24748992919922,3544.43994140625,3386.659912109375,3391.7060546875,38.46696090698242,5.510805606842041,5.433770179748535,45.39136505126953,5.812835693359375,0.019503187388181686,0,0.000838312495034188,0,157.780029296875,-5.046142578125
142,11,0,1,Day,,56.11006164550781,33.88993835449219,10.422041893005371,560,303.44854736328125,460.1000061035156,0.5418723821640015,15.950006484985352,1.910099983215332,=NA(),=NA(),1.7899603843688965,1.4163999557495117,0.34380000829696655,0.08399999886751175,=NA(),20,1013.25,15.072509765625,54.72751998901367,607.614990234375,567.9949951171875,39.62000274658203,40.761863708496094,3569.679931640625,3381.89990234375,3386.44482421875,38.13383483886719,5.550268650054932,5.527746200561523,45.077117919921875,5.857293128967285,0.019640374928712845,0,0.0008440000237897038,0,187.780029296875,-4.544921875
142,12,0,1,Day,,55.70235824584961,34.29764175415039,353.44366455078125,551.0900268554688,301.5813903808594,442.7900085449219,0.5472452044487,17.709985733032227,1.2898999452590942,=NA(),=NA(),1.7713444232940674,1.4163999557495117,0.34380000829696655,0.08399999886751175,=NA(),20,1013.25,-9.503016471862793,55.156803131103516,592.8399658203125,554.0550537109375,38.779998779296875,41.993125915527344,3476.590087890625,3279.6298828125,3282.387451171875,37.97193908691406,5.402654647827148,5.383916854858398,44.867549896240234,5.703974723815918,0.019121812656521797,0,0.000836874998640269,0,196.960205078125,-2.757568359375
142,13,0,1,Day,,58.839881896972656,31.160120010375977,337.1448669433594,484.5,293.20556640625,369.70001220703125,0.6051714420318604,18.0200138092041,1.26010000705719,=NA(),=NA(),1.9280372858047485,1.4163999557495117,0.34380000829696655,0.08399999886751175,=NA(),20,1013.25,-32.71412658691406,52.049434661865234,555.9299926757812,518.2650146484375,37.665000915527344,40.70311737060547,3277.800048828125,3105.25,3108.8291015625,38.09660339355469,5.100276470184326,5.033740997314453,44.92766571044922,5.382080078125,0.018054001033306122,0,0.0007814374985173345,0,172.550048828125,-3.5791015625
142,14,0,1,Day,,65.00206756591797,24.997936248779297,322.81842041015625,366.1000061035156,262.355224609375,245.5,0.7166217565536499,18.18999671936035,1.3401000499725342,=NA(),=NA(),2.356780767440796,1.4163999557495117,0.34380000829696655,0.08399999886751175,=NA(),20,1013.25,-52.34902572631836,46.22726821899414,478.44500732421875,436.3949890136719,42.05500030517578,37.706871032714844,2805.780029296875,2684.31005859375,2686.803955078125,38.398746490478516,4.373298645019531,4.263183116912842,45.036659240722656,4.617062568664551,0.015298187732696533,0,0.0008715000003576279,0,121.469970703125,-2.493896484375
142,15,0,1,Day,,73.40887451171875,16.591123580932617,310.7752685546875,202.3000030517578,178.3140869140625,84.00199890136719,0.88143390417099,18.07000160217285,1.2099000215530396,=NA(),=NA(),3.4658522605895996,1.4163999557495117,0.34380000829696655,0.08399999886751175,=NA(),20,1013.25,-41.413238525390625,46.03528594970703,296.8399963378906,275.3800048828125,21.459999084472656,30.16936683654785,1710.6400146484375,1677.6900634765625,1679.08740234375,38.9647216796875,2.6932899951934814,2.6195485591888428,45.156044006347656,2.8426012992858887,0.009535437449812889,0,0.000447750004241243,0,32.949951171875,-1.3973388671875
142,16,0,1,Day,,83.31533813476562,6.6846604347229,300.6654357910156,31.60700035095215,31.536109924316406,0.609000027179718,0.9977571368217468,16.980005264282227,1.4700000286102295,=NA(),=NA(),8.050931930541992,1.4163999557495117,0.34380000829696655,0.08399999886751175,=NA(),20,1013.25,-11.402700424194336,73.56019592285156,34.46500015258789,31.709999084472656,2.75,18.4118595123291,174.52000427246094,178.63999938964844,178.58628845214844,37.51243209838867,0.297544926404953,0.2951553761959076,42.924827575683594,0.3212902247905731,0.0010748124914243817,0,0.000057999997807201,0,-4.1199951171875,0.0537109375
142,17,0,1,Night,Sun below height limit of 1 degrees.,89.272216796875,0.7277834415435791,295.4786376953125,0,0,0,0,11.480005264282227,1.660099983215332,=NA(),0,28.89297103881836,1.4163999557495117,0.34380000829696655,0.08399999886751175,=NA(),20,1013.25,0,0,0,0,0,11.480005264282227,0,0,0,0,0,0,0,0,0,0,0,0,0,0
142,18,0,1,Night,,106.18994140625,-16.189937591552734,283.974609375,0,0,0,0,8.869897842407227,1.8301000595092773,=NA(),0,64.81599426269531,1.4163999557495117,0.34380000829696655,0.08399999886751175,=NA(),20,1013.25,0,0,0,0,0,8.869989395141602,0,0,0,0,0,0,0,0,0,0,0,0,0,0
142,19,0,1,Night,,118.24935150146484,-28.249353408813477,276.21551513671875,0,0,0,0,7.390100002288818,2.0199999809265137,=NA(),0,64.81599426269531,1.4163999557495117,0.34380000829696655,0.08399999886751175,=NA(),20,1013.25,0,0,0,0,0,7.390008449554443,0,0,0,0,0,0,0,0,0,0,0,0,0,0
142,20,0,1,Night,,130.50169372558594,-40.50168991088867,267.8782958984375,0,0,0,0,6.569787502288818,2.220099925994873,=NA(),0,64.81599426269531,1.4163999557495117,0.34380000829696655,0.08399999886751175,=NA(),20,1013.25,0,0,0,0,0,6.570001125335693,0,0,0,0,0,0,0,0,0,0,0,0,0,0
142,21,0,1,Night,,142.66990661621094,-52.66990280151367,257.59783935546875,0,0,0,0,5.159814357757568,2.440000057220459,=NA(),0,64.81599426269531,1.4163999557495117,0.34380000829696655,0.08399999886751175,=NA(),20,1013.25,0,0,0,0,0,5.159997463226318,0,0,0,0,0,0,0,0,0,0,0,0,0,0
142,22,0,1,Night,,154.2103729248047,-64.21037292480469,242.04776000976562,0,0,0,0,4.100213527679443,2.6298999786376953,=NA(),0,64.81599426269531,1.4163999557495117,0.34380000829696655,0.08399999886751175,=NA(),20,1013.25,0,0,0,0,0,4.099999904632568,0,0,0,0,0,0,0,0,0,0,0,0,0,0
142,23,0,1,Night,,163.33932495117188,-73.33932495117188,211.59556579589844,0,0,0,0,3.6003050804138184,2.780100107192993,=NA(),0,64.81599426269531,1.4163999557495117,0.34380000829696655,0.08399999886751175,=NA(),20,1013.25,0,0,0,0,0,3.5999999046325684,0,0,0,0,0,0,0,0,0,0,0,0,0,0
143,0,0,1,Night,,164.60081481933594,-74.60081481933594,159.24461364746094,0,0,0,0,3.2799010276794434,2.890000104904175,=NA(),0,64.81599426269531,1.4163999557495117,0.34380000829696655,0.08399999886751175,=NA(),20,1013.25,0,0,0,0,0,3.2799925804138184,0,0,0,0,0,0,0,0,0,0,0,0,0,0
143,1,0,1,Night,,156.66903686523438,-66.66902923583984,123.04548645019531,0,0,0,0,2.5500121116638184,2.95989990234375,=NA(),0,64.81599426269531,1.4163999557495117,0.34380000829696655,0.08399999886751175,=NA(),20,1013.25,0,0,0,0,0,2.5500121116638184,0,0,0,0,0,0,0,0,0,0,0,0,0,0
143,2,0,1,Night,,145.44276428222656,-55.44276809692383,105.26763916015625,0,0,0,0,2.7799925804138184,3.0201001167297363,=NA(),0,64.81599426269531,1.4163999557495117,0.34380000829696655,0.08399999886751175,=NA(),20,1013.25,0,0,0,0,0,2.7799925804138184,0,0,0,0,0,0,0,0,0,0,0,0,0,0
143,3,0,1,Night,,133.3582763671875,-43.358272552490234,94.18452453613281,0,0,0,0,1.540185570716858,3.069999933242798,=NA(),0,64.81599426269531,1.4163999557495117,0.34380000829696655,0.08399999886751175,=NA(),20,1013.25,0,0,0,0,0,1.540002465248108,0,0,0,0,0,0,0,0,0,0,0,0,0,0
143,4,0,1,Night,,121.10503387451172,-31.105031967163086,85.5509033203125,0,0,0,0,1.140008568763733,3.090100049972534,=NA(),0,64.81599426269531,1.4163999557495117,0.34380000829696655,0.08399999886751175,=NA(),20,1013.25,0,0,0,0,0,1.140008568763733,0,0,0,0,0,0,0,0,0,0,0,0,0,0
143,5,0,1,Night,,108.99089813232422,-18.990896224975586,77.73187255859375,0,0,0,0,1.260308861732483,3.100100040435791,=NA(),0,64.81599426269531,1.4163999557495117,0.34380000829696655,0.08399999886751175,=NA(),20,1013.25,0,0,0,0,0,1.260003685951233,0,0,0,0,0,0,0,0,0,0,0,0,0,0
143,6,0,1,Night,,97.24320220947266,-7.243204116821289,69.87471008300781,0,0,0,0,0.5296875238418579,3.049999952316284,=NA(),0,64.81599426269531,1.4163999557495117,0.34380000829696655,0.08399999886751175,=NA(),20,1013.25,0,0,0,0,0,0.5299926996231079,0,0,0,0,0,0,0,0,0,0,0,0,0,0
143,7,0,1,Day,,85.37899780273438,4.620998382568359,61.004066467285156,52.801998138427734,51.45641326904297,16.70199966430664,0.9745163917541504,1.119989037513733,3.650099992752075,=NA(),=NA(),10.989290237426758,1.4163999557495117,0.34380000829696655,0.08399999886751175,=NA(),20,1013.25,7.647778034210205,78.70440673828125,70.01499938964844,66.45999908447266,3.559999942779541,4.050622463226318,323,347.4700012207031,347.82275390625,40.556644439697266,0.5360135436058044,0.5336898565292358,45.991127014160156,0.5695846676826477,0.0019455625442788005,0,0.00007756250124657527,0,-24.470001220703125,-0.352752685546875
143,8,0,1,Day,,75.6838607788086,14.316137313842773,51.61566162109375,250.38999938964844,199.0563507080078,207.60000610351562,0.7949852347373962,4.550195217132568,2.850100040435791,=NA(),=NA(),3.986464023590088,1.4163999557495117,0.34380000829696655,0.08399999886751175,=NA(),20,1013.25,30.786128997802734,53.0457763671875,417.614990234375,400.92999267578125,16.684999465942383,21.32561683654785,2445,2469.27001953125,2473.19873046875,40.52405548095703,3.8144185543060303,3.7633275985717773,46.94857406616211,4.009675025939941,0.013757624663412571,0,0.00037487500230781734,0,-24.27001953125,-3.9287109375
143,9,0,1,Day,,66.89611053466797,23.103885650634766,40.0664176940918,394.6000061035156,267.0701904296875,325,0.6768124103546143,9.119897842407227,1.6200000047683716,=NA(),=NA(),2.5359675884246826,1.4163999557495117,0.34380000829696655,0.08399999886751175,=NA(),20,1013.25,56.46430206298828,44.742191314697266,559.8099975585938,514.3200073242188,45.48999786376953,31.772485733032227,3322.8701171875,3243.840087890625,3248.15478515625,39.324737548828125,5.162527561187744,5.047078609466553,46.11769485473633,5.438161373138428,0.01814006268978119,0,0.0009501249878667295,0,79.030029296875,-4.314697265625
143,10,0,1,Day,,60.174983978271484,29.825016021728516,26.290130615234375,511.8999938964844,299.9729919433594,426.1099853515625,0.5859991908073425,12.409997940063477,1.090000033378601,=NA(),=NA(),2.00532603263855,1.4163999557495117,0.34380000829696655,0.08399999886751175,=NA(),20,1013.25,37.689453125,51.060638427734375,607.9450073242188,567.0150146484375,40.93000030517578,37.09624481201172,3600.219970703125,3453.449951171875,3458.727783203125,38.630680084228516,5.595886707305908,5.518165588378906,45.56976318359375,5.9006171226501465,0.019806625321507454,0,0.0008503749850206077,0,146.77001953125,-5.27783203125
143,11,0,1,Day,,56.303958892822266,33.696041107177734,10.407021522521973,569,306.6412658691406,472.8999938964844,0.5389125943183899,15.879999160766602,0.9501000046730042,=NA(),=NA(),1.7989833354949951,1.4163999557495117,0.34380000829696655,0.08399999886751175,=NA(),20,1013.25,15.157537460327148,54.91554260253906,617.510009765625,577.2899780273438,40.220001220703125,41.09874725341797,3628.1201171875,3433.510009765625,3438.282958984375,38.093990325927734,5.641122817993164,5.618430137634277,45.06317138671875,5.953380107879639,0.0199582502245903,0,0.0008563125156797469,0,194.610107421875,-4.77294921875
143,12,0,1,Day,,55.89280319213867,34.10719680786133,353.4890441894531,555.2899780273438,302.2322692871094,451.2900085449219,0.5442782640457153,18.110010147094727,0.9800000190734863,=NA(),=NA(),1.7799808979034424,1.4163999557495117,0.34380000829696655,0.08399999886751175,=NA(),20,1013.25,-9.505202293395996,55.35090637207031,597.3599853515625,558.3050537109375,39.05500030517578,42.57500457763672,3502.4599609375,3297.469970703125,3300.98095703125,37.887264251708984,5.445399761199951,5.42742919921875,44.80564498901367,5.75001335144043,0.01926206238567829,0,0.0008428124710917473,0,204.989990234375,-3.510986328125
143,13,0,1,Day,,59.01524353027344,30.984756469726562,337.2415771484375,495.5899963378906,293.9389343261719,391.70001220703125,0.5931090712547302,19.219995498657227,1.0700000524520874,=NA(),=NA(),1.9377899169921875,1.4163999557495117,0.34380000829696655,0.08399999886751175,=NA(),20,1013.25,-32.790000915527344,52.237693786621094,569.7650146484375,531.5450439453125,38.220001220703125,42.487510681152344,3361.199951171875,3165.010009765625,3169.213134765625,37.86328887939453,5.231377124786377,5.1660051345825195,44.740535736083984,5.523280620574951,0.018512938171625137,0,0.0007938125054351985,0,196.18994140625,-4.203125
143,14,0,1,Day,,65.15601348876953,24.843982696533203,322.9479675292969,376.6099853515625,263.62774658203125,268.9100036621094,0.7000020146369934,19.209985733032227,1.0200999975204468,=NA(),=NA(),2.370306968688965,1.4163999557495117,0.34380000829696655,0.08399999886751175,=NA(),20,1013.25,-52.46101760864258,46.40481948852539,496.375,453.94000244140625,42.435001373291016,39.467491149902344,2917.52001953125,2774.7900390625,2777.8974609375,38.18070602416992,4.547397613525391,4.437257289886475,44.87602615356445,4.802579402923584,0.015920188277959824,0,0.0008805624675005674,0,142.72998046875,-3.107421875
143,15,0,1,Day,,73.54080200195312,16.45920181274414,310.9226989746094,212.91000366210938,183.5255889892578,103.70999908447266,0.8619866967201233,19.07000160217285,0.5598999857902527,=NA(),=NA(),3.492206335067749,1.4163999557495117,0.34380000829696655,0.08399999886751175,=NA(),20,1013.25,-40.9388313293457,46.4609489440918,320.06500244140625,298.57501220703125,21.5,32.110618591308594,1853.56005859375,1805.989990234375,1807.902587890625,38.7708625793457,2.9144201278686523,2.840611696243286,45.037925720214844,3.076260566711426,0.010340437293052673,0,0.00045125000178813934,0,47.570068359375,-1.91259765625
143,16,0,1,Day,,83.42667388916016,6.573327541351318,300.8233337402344,35.904998779296875,35.801753997802734,0.9018999934196472,0.9971244931221008,17.6299991607666,0.41999998688697815,=NA(),=NA(),8.170431137084961,1.4163999557495117,0.34380000829696655,0.08399999886751175,=NA(),20,1013.25,-11.222372055053711,73.84033966064453,39.98999786376953,36.93000030517578,3.065000057220459,19.2912540435791,203.52999877929688,207.60000610351562,207.63548278808594,37.59870910644531,0.34515029191970825,0.3425397574901581,43.053123474121094,0.37121322751045227,0.001243687467649579,0,0.00006487499922513962,0,-4.07000732421875,-0.0354766845703125
143,17,0,1,Night,Sun below height limit of 1 degrees.,89.31758117675781,0.6824188232421875,295.6801452636719,0,0,0,0,10.429986953735352,0.9900000095367432,=NA(),0,29.359933853149414,1.4163999557495117,0.34380000829696655,0.08399999886751175,=NA(),20,1013.25,0,0,0,0,0,10.429986953735352,0,0,0,0,0,0,0,0,0,0,0,0,0,0
143,18,0,1,Night,,106.27520751953125,-16.27520751953125,284.1545104980469,0,0,0,0,9.440301895141602,1.8301000595092773,=NA(),0,64.81599426269531,1.4163999557495117,0.34380000829696655,0.08399999886751175,=NA(),20,1013.25,0,0,0,0,0,9.439996719360352,0,0,0,0,0,0,0,0,0,0,0,0,0,0
143,19,0,1,Night,,118.32758331298828,-28.32758140563965,276.4152526855469,0,0,0,0,7.400109767913818,2.7701001167297363,=NA(),0,64.81599426269531,1.4163999557495117,0.34380000829696655,0.08399999886751175,=NA(),20,1013.25,0,0,0,0,0,7.399987697601318,0,0,0,0,0,0,0,0,0,0,0,0,0,0
143,20,0,1,Night,,130.5780792236328,-40.57808303833008,268.11053466796875,0,0,0,0,6.190209865570068,3.549999952316284,=NA(),0,64.81599426269531,1.4163999557495117,0.34380000829696655,0.08399999886751175,=NA(),20,1013.25,0,0,0,0,0,6.189996242523193,0,0,0,0,0,0,0,0,0,0,0,0,0,0
143,21,0,1,Night,,142.7528076171875,-52.75281524658203,257.8837890625,0,0,0,0,5.330010890960693,4.119999885559082,=NA(),0,64.81599426269531,1.4163999557495117,0.34380000829696655,0.08399999886751175,=NA(),20,1013.25,0,0,0,0,0,5.330010890960693,0,0,0,0,0,0,0,0,0,0,0,0,0,0
143,22,0,1,Night,,154.31631469726562,-64.31631469726562,242.41590881347656,0,0,0,0,6.609704494476318,4.619900226593018,=NA(),0,64.81599426269531,1.4163999557495117,0.34380000829696655,0.08399999886751175,=NA(),20,1013.25,0,0,0,0,0,6.610009670257568,0,0,0,0,0,0,0,0,0,0,0,0,0,0
143,23,0,1,Night,,163.4995574951172,-73.49954986572266,211.96322631835938,0,0,0,0,8.439813613891602,4.789899826049805,=NA(),0,64.81599426269531,1.4163999557495117,0.34380000829696655,0.08399999886751175,=NA(),20,1013.25,0,0,0,0,0,8.439996719360352,0,0,0,0,0,0,0,0,0,0,0,0,0,0
144,0,0,1,Night,,164.78768920898438,-74.78768920898438,159.09005737304688,0,0,0,0,7.949914455413818,4.980000019073486,=NA(),0,64.81599426269531,1.4163999557495117,0.34380000829696655,0.08399999886751175,=NA(),20,1013.25,0,0,0,0,0,7.950006008148193,0,0,0,0,0,0,0,0,0,0,0,0,0,0
144,1,0,1,Night,,156.812255859375,-66.812255859375,122.72528839111328,0,0,0,0,5.909692287445068,4.989999771118164,=NA(),0,64.81599426269531,1.4163999557495117,0.34380000829696655,0.08399999886751175,=NA(),20,1013.25,0,0,0,0,0,5.909997463226318,0,0,0,0,0,0,0,0,0,0,0,0,0,0
144,2,0,1,Night,,145.5608673095703,-55.56086349487305,105.00305938720703,0,0,0,0,5.359887599945068,4.909999847412109,=NA(),0,64.81599426269531,1.4163999557495117,0.34380000829696655,0.08399999886751175,=NA(),20,1013.25,0,0,0,0,0,5.360009670257568,0,0,0,0,0,0,0,0,0,0,0,0,0,0
144,3,0,1,Night,,133.46778869628906,-43.46778869628906,93.9699478149414,0,0,0,0,4.770287990570068,4.75,=NA(),0,64.81599426269531,1.4163999557495117,0.34380000829696655,0.08399999886751175,=NA(),20,1013.25,0,0,0,0,0,4.770013332366943,0,0,0,0,0,0,0,0,0,0,0,0,0,0
144,4,0,1,Night,,121.21411895751953,-31.214120864868164,85.36917114257812,0,0,0,0,7.959893703460693,4.600100040435791,=NA(),0,64.81599426269531,1.4163999557495117,0.34380000829696655,0.08399999886751175,=NA(),20,1013.25,0,0,0,0,0,7.959985256195068,0,0,0,0,0,0,0,0,0,0,0,0,0,0
144,5,0,1,Night,,109.10433959960938,-19.104337692260742,77.57174682617188,0,0,0,0,9.529993057250977,4.510000228881836,=NA(),0,64.81599426269531,1.4163999557495117,0.34380000829696655,0.08399999886751175,=NA(),20,1013.25,0,0,0,0,0,9.529993057250977,0,0,0,0,0,0,0,0,0,0,0,0,0,0
144,6,0,1,Night,,97.36591339111328,-7.365911960601807,69.72976684570312,0,0,0,0,9.349908828735352,4.530099868774414,=NA(),0,64.81599426269531,1.4163999557495117,0.34380000829696655,0.08399999886751175,=NA(),20,1013.25,0,0,0,0,0,9.350000381469727,0,0,0,0,0,0,0,0,0,0,0,0,0,0
144,7,0,1,Day,,85.45133209228516,4.548667907714844,60.81426239013672,70.20700073242188,66.56622314453125,45.90800094604492,0.9481422305107117,10.369989395141602,5.029900074005127,=NA(),=NA(),11.128870010375977,1.4163999557495117,0.34380000829696655,0.08399999886751175,=NA(),20,1013.25,7.539520263671875,78.88309478759766,101.36500549316406,97.25999450683594,4.105000019073486,14.670007705688477,449.4599914550781,465.489990234375,466.0446472167969,39.43522262573242,0.7386235594749451,0.7363227605819702,45.02278518676758,0.783482015132904,0.002678999910131097,0,0.00009000000136438757,0,-16.029998779296875,-0.554656982421875
144,8,0,1,Day,,75.83619689941406,14.163805961608887,51.49750518798828,245.10000610351562,195.67161560058594,202,0.7983337640762329,13.390008926391602,5.189899921417236,=NA(),=NA(),4.027102470397949,1.4163999557495117,0.34380000829696655,0.08399999886751175,=NA(),20,1013.25,30.38760757446289,53.49366760253906,407.4800109863281,391.16497802734375,16.315000534057617,29.873743057250977,2382.1298828125,2339.43994140625,2343.163330078125,39.31288146972656,3.725201368331909,3.6752219200134277,45.77685546875,3.925041675567627,0.013411625288426876,0,0.00036618750891648233,0,42.68994140625,-3.723388671875
144,9,0,1,Day,,67.06362915039062,22.936372756958008,39.969444274902344,357.79998779296875,253.942626953125,266.5,0.7097334861755371,15.890008926391602,4.850100040435791,=NA(),=NA(),2.5532619953155518,1.4163999557495117,0.34380000829696655,0.08399999886751175,=NA(),20,1013.25,56.625247955322266,44.893821716308594,499.1199951171875,455.46002197265625,43.654998779296875,36.196250915527344,2946.239990234375,2833.510009765625,2836.859375,38.63931655883789,4.588798999786377,4.475273132324219,45.32331466674805,4.842017650604248,0.016053125262260437,0,0.0009093750268220901,0,112.72998046875,-3.349365234375
144,10,0,1,Day,,60.356407165527344,29.643590927124023,26.227773666381836,511.1000061035156,300.3940734863281,426.010009765625,0.5877403020858765,17.610010147094727,4.329999923706055,=NA(),=NA(),2.016392469406128,1.4163999557495117,0.34380000829696655,0.08399999886751175,=NA(),20,1013.25,37.83220291137695,51.227447509765625,607.4100341796875,566.4099731445312,40.994998931884766,42.37248992919922,3596.2900390625,3388.389892578125,3393.7373046875,37.90904235839844,5.595259666442871,5.516658782958984,44.88043975830078,5.908858776092529,0.01978299953043461,0,0.0008516249945387244,0,207.900146484375,-5.347412109375
144,11,0,1,Day,,56.492576599121094,33.507423400878906,10.39543342590332,567.5999755859375,306.92987060546875,472.19000244140625,0.5407503247261047,18.779993057250977,3.8101000785827637,=NA(),=NA(),1.8078677654266357,1.4163999557495117,0.34380000829696655,0.08399999886751175,=NA(),20,1013.25,15.245107650756836,55.09760665893555,616.0650024414062,575.9200439453125,40.154998779296875,43.99498748779297,3618.489990234375,3390.419921875,3395.275146484375,37.69767379760742,5.629122257232666,5.605152606964111,44.680458068847656,5.945839881896973,0.019905749708414078,0,0.0008544999873265624,0,228.070068359375,-4.855224609375
144,12,0,1,Day,,56.077274322509766,33.922725677490234,353.53582763671875,544.7999877929688,300.8099060058594,437.20001220703125,0.552147388458252,19.43999671936035,3.4800000190734863,=NA(),=NA(),1.7884454727172852,1.4163999557495117,0.34380000829696655,0.08399999886751175,=NA(),20,1013.25,-9.503005981445312,55.53940200805664,586.0700073242188,547.675048828125,38.38999938964844,43.451866149902344,3433.320068359375,3222.39990234375,3226.395751953125,37.74811553955078,5.341982364654541,5.324995040893555,44.65409469604492,5.6427483558654785,0.018885686993598938,0,0.0008285624790005386,0,210.920166015625,-3.995849609375
144,13,0,1,Day,,59.184410095214844,30.81559181213379,337.337646484375,276.80999755859375,252.67819213867188,47.106998443603516,0.9128217697143555,19.6199893951416,3.309999942779541,=NA(),=NA(),1.9473084211349487,1.4163999557495117,0.34380000829696655,0.08399999886751175,=NA(),20,1013.25,-32.86029052734375,52.42091751098633,298.0249938964844,269.010009765625,29.014999389648438,31.834375381469727,1692.47998046875,1650.3399658203125,1651.148193359375,38.74040603637695,2.6637868881225586,2.593475580215454,44.91409683227539,2.8134188652038574,0.009296812117099762,0,0.000584250024985522,0,42.1400146484375,-0.8082275390625
144,14,0,1,Day,,65.30402374267578,24.695974349975586,323.0755920410156,403.70001220703125,269.71051025390625,320.70001220703125,0.6680963635444641,19.959985733032227,2.719899892807007,=NA(),=NA(),2.3834731578826904,1.4163999557495117,0.34380000829696655,0.08399999886751175,=NA(),20,1013.25,-52.56709671020508,46.57801055908203,540.5150146484375,496.93499755859375,43.584999084472656,42.02812957763672,3191.360107421875,3009.35986328125,3013.45947265625,37.8896369934082,4.970911979675293,4.85993766784668,44.7047004699707,5.252014636993408,0.017440374940633774,0,0.000907062494661659,0,182.000244140625,-4.099609375
144,15,0,1,Day,,73.66691589355469,16.333084106445312,311.06732177734375,55.301998138427734,55.076148986816406,0.8030999898910522,0.9959160685539246,18.860010147094727,2.0299999713897705,=NA(),=NA(),3.517791748046875,1.4163999557495117,0.34380000829696655,0.08399999886751175,=NA(),20,1013.25,-40.49838638305664,46.86538314819336,54.79499816894531,46.220001220703125,8.574999809265137,21.165002822875977,276.05999755859375,279.510009765625,278.3514404296875,37.973445892333984,0.4579947292804718,0.43199241161346436,43.288021087646484,0.49436938762664795,0.0015655625611543655,0,0.00017756249872036278,0,-3.45001220703125,1.1585693359375
144,16,0,1,Day,,83.5329360961914,6.467065811157227,300.9779968261719,37.29199981689453,37.18027877807617,0.9919000267982483,0.9970041513442993,18.610010147094727,2.430000066757202,=NA(),=NA(),8.287689208984375,1.4163999557495117,0.34380000829696655,0.08399999886751175,=NA(),20,1013.25,-11.05068588256836,74.10737609863281,41.88999938964844,38.72999954223633,3.1549999713897705,20.35125160217285,213.22999572753906,216.61000061035156,216.712158203125,37.50164031982422,0.36117082834243774,0.3585300147533417,42.9757194519043,0.3880111277103424,0.0013000625185668468,0,0.0000668124994263053,0,-3.3800048828125,-0.1021575927734375
144,17,0,1,Night,Sun below height limit of 1 degrees.,89.36376190185547,0.6362382769584656,295.8804931640625,0,0,0,0,14.379999160766602,2.850100040435791,=NA(),0,29.847095489501953,1.4163999557495117,0.34380000829696655,0.08399999886751175,=NA(),20,1013.25,0,0,0,0,0,14.379999160766602,0,0,0,0,0,0,0,0,0,0,0,0,0,0
144,18,0,1,Night,,106.3552017211914,-16.35520362854004,284.3303527832031,0,0,0,0,12.100000381469727,3.039900064468384,=NA(),0,64.81599426269531,1.4163999557495117,0.34380000829696655,0.08399999886751175,=NA(),20,1013.25,0,0,0,0,0,12.100000381469727,0,0,0,0,0,0,0,0,0,0,0,0,0,0
144,19,0,1,Night,,118.40045928955078,-28.400455474853516,276.6105041503906,0,0,0,0,11.999994277954102,3.1198999881744385,=NA(),0,64.81599426269531,1.4163999557495117,0.34380000829696655,0.08399999886751175,=NA(),20,1013.25,0,0,0,0,0,11.999994277954102,0,0,0,0,0,0,0,0,0,0,0,0,0,0
144,20,0,1,Night,,130.64903259277344,-40.64903259277344,268.337646484375,0,0,0,0,12.200006484985352,3.2200000286102295,=NA(),0,64.81599426269531,1.4163999557495117,0.34380000829696655,0.08399999886751175,=NA(),20,1013.25,0,0,0,0,0,12.200006484985352,0,0,0,0,0,0,0,0,0,0,0,0,0,0
144,21,0,1,Night,,142.83004760742188,-52.83005142211914,258.1640319824219,0,0,0,0,12.200006484985352,3.309999942779541,=NA(),0,64.81599426269531,1.4163999557495117,0.34380000829696655,0.08399999886751175,=NA(),20,1013.25,0,0,0,0,0,12.200006484985352,0,0,0,0,0,0,0,0,0,0,0,0,0,0
144,22,0,1,Night,,154.41604614257812,-64.41605377197266,242.7788848876953,0,0,0,0,13.100000381469727,3.410099983215332,=NA(),0,64.81599426269531,1.4163999557495117,0.34380000829696655,0.08399999886751175,=NA(),20,1013.25,0,0,0,0,0,13.100000381469727,0,0,0,0,0,0,0,0,0,0,0,0,0,0
144,23,0,1,Night,,163.6530303955078,-73.65303039550781,212.3339080810547,0,0,0,0,10.270013809204102,3.7799999713897705,=NA(),0,64.81599426269531,1.4163999557495117,0.34380000829696655,0.08399999886751175,=NA(),20,1013.25,0,0,0,0,0,10.270013809204102,0,0,0,0,0,0,0,0,0,0,0,0,0,0
145,0,0,1,Night,,164.9694366455078,-74.96944427490234,158.94581604003906,0,0,0,0,9.430292129516602,4.520100116729736,=NA(),0,64.81599426269531,1.4163999557495117,0.34380000829696655,0.08399999886751175,=NA(),20,1013.25,0,0,0,0,0,9.429986953735352,0,0,0,0,0,0,0,0,0,0,0,0,0,0
145,1,0,1,Night,,156.95220947265625,-66.95220184326172,122.41578674316406,0,0,0,0,9.280115127563477,5.179900169372559,=NA(),0,64.81599426269531,1.4163999557495117,0.34380000829696655,0.08399999886751175,=NA(),20,1013.25,0,0,0,0,0,9.279993057250977,0,0,0,0,0,0,0,0,0,0,0,0,0,0
145,2,0,1,Night,,145.6768035888672,-55.67679977416992,104.74756622314453,0,0,0,0,8.919794082641602,5.679999828338623,=NA(),0,64.81599426269531,1.4163999557495117,0.34380000829696655,0.08399999886751175,=NA(),20,1013.25,0,0,0,0,0,8.920007705688477,0,0,0,0,0,0,0,0,0,0,0,0,0,0
145,3,0,1,Night,,133.5756378173828,-43.57563400268555,93.76302337646484,0,0,0,0,8.469690322875977,5.440000057220459,=NA(),0,64.81599426269531,1.4163999557495117,0.34380000829696655,0.08399999886751175,=NA(),20,1013.25,0,0,0,0,0,8.469995498657227,0,0,0,0,0,0,0,0,0,0,0,0,0,0
145,4,0,1,Night,,121.32235717773438,-31.32235336303711,85.19417572021484,0,0,0,0,8.280206680297852,4.800000190734863,=NA(),0,64.81599426269531,1.4163999557495117,0.34380000829696655,0.08399999886751175,=NA(),20,1013.25,0,0,0,0,0,8.279993057250977,0,0,0,0,0,0,0,0,0,0,0,0,0,0
145,5,0,1,Night,,109.21792602539062,-19.217924118041992,77.41780853271484,0,0,0,0,7.560296535491943,4.670000076293945,=NA(),0,64.81599426269531,1.4163999557495117,0.34380000829696655,0.08399999886751175,=NA(),20,1013.25,0,0,0,0,0,7.559991359710693,0,0,0,0,0,0,0,0,0,0,0,0,0,0
145,6,0,1,Night,,97.48957061767578,-7.489571571350098,69.59074401855469,0,0,0,0,7.630090236663818,4.889999866485596,=NA(),0,64.81599426269531,1.4163999557495117,0.34380000829696655,0.08399999886751175,=NA(),20,1013.25,0,0,0,0,0,7.629998683929443,0,0,0,0,0,0,0,0,0,0,0,0,0,0
145,7,0,1,Day,,85.51678466796875,4.483214378356934,60.63291931152344,69.09400177001953,65.46775817871094,46.39099884033203,0.9475172162055969,7.810296535491943,5.849999904632568,=NA(),=NA(),11.258077621459961,1.4163999557495117,0.34380000829696655,0.08399999886751175,=NA(),20,1013.25,7.442069053649902,79.04473114013672,99.08499908447266,95.04499816894531,4.045000076293945,12.010004043579102,438.1700134277344,458.05999755859375,458.5201721191406,39.80123519897461,0.7200155854225159,0.7176059484481812,45.355350494384766,0.7637580037117004,0.002614062512293458,0,0.00008850000449456275,0,-19.889984130859375,-0.460174560546875
145,8,0,1,Day,,75.98371887207031,14.016283988952637,51.385108947753906,241.19000244140625,193.2106475830078,198.10000610351562,0.801072359085083,14.439996719360352,6.710000038146973,=NA(),=NA(),4.067270755767822,1.4163999557495117,0.34380000829696655,0.08399999886751175,=NA(),20,1013.25,30.004636764526367,53.925262451171875,400.1500244140625,384.1449890136719,16.0049991607666,30.644372940063477,2336.5,2288.679931640625,2292.2646484375,39.190216064453125,3.655686140060425,3.6068053245544434,45.64094161987305,3.852998971939087,0.013161624781787395,0,0.0003585625090636313,0,47.820068359375,-3.584716796875
145,9,0,1,Day,,67.22650909423828,22.773487091064453,39.87801742553711,403.79998779296875,273.2735900878906,337.20001220703125,0.6767548322677612,16.7700138092041,7.569900035858154,=NA(),=NA(),2.570326089859009,1.4163999557495117,0.34380000829696655,0.08399999886751175,=NA(),20,1013.25,56.7839469909668,45.038814544677734,578.030029296875,531.60498046875,46.41999816894531,40.30748748779297,3435.89013671875,3259.719970703125,3264.12255859375,38.17472839355469,5.344197750091553,5.22504186630249,45.065555572509766,5.641225337982178,0.01875968836247921,0,0.000968562497291714,0,176.170166015625,-4.402587890625
145,10,0,1,Day,,60.53263473510742,29.467363357543945,26.17026710510254,505.3999938964844,298.54437255859375,420.5,0.5907090902328491,18.32000160217285,8.3100004196167,=NA(),=NA(),2.027278423309326,1.4163999557495117,0.34380000829696655,0.08399999886751175,=NA(),20,1013.25,37.974632263183594,51.38754653930664,600.8599853515625,560.125,40.73500061035156,42.82561492919922,3555.820068359375,3344.919921875,3350.16162109375,37.841453552246094,5.533283710479736,5.454258918762207,44.80058670043945,5.843980312347412,0.01955999992787838,0,0.0008458124939352274,0,210.900146484375,-5.24169921875
145,11,0,1,Day,,56.67542266845703,33.32457733154297,10.387228965759277,559.9000244140625,304.9321594238281,464.1000061035156,0.5446189641952515,19.469995498657227,8.819999694824219,=NA(),=NA(),1.8165827989578247,1.4163999557495117,0.34380000829696655,0.08399999886751175,=NA(),20,1013.25,15.334903717041016,55.27324676513672,607.7550048828125,568.0899658203125,39.665000915527344,44.35686492919922,3567.760009765625,3338.510009765625,3343.226806640625,37.64033508300781,5.551276206970215,5.526266098022461,44.606929779052734,5.864247798919678,0.01962956227362156,0,0.0008436875068582594,0,229.25,-4.716796875
145,12,0,1,Day,,56.255619049072266,33.744380950927734,353.5838928222656,550.9000244140625,301.7133483886719,448.5899963378906,0.5476735234260559,20.399988174438477,9.060099601745605,=NA(),=NA(),1.7967232465744019,1.4163999557495117,0.34380000829696655,0.08399999886751175,=NA(),20,1013.25,-9.496432304382324,55.722129821777344,592.6300048828125,553.844970703125,38.779998779296875,44.69561004638672,3471.52001953125,3244.360107421875,3248.7158203125,37.581146240234375,5.402835845947266,5.3865885734558105,44.51206970214844,5.708731651306152,0.01909293793141842,0,0.000836812483612448,0,227.159912109375,-4.355712890625
145,13,0,1,Day,,59.347476959228516,30.65252113342285,337.43310546875,481.70001220703125,291.7831726074219,372.510009765625,0.605736255645752,20.969995498657227,9.070099830627441,=NA(),=NA(),1.956588864326477,1.4163999557495117,0.34380000829696655,0.08399999886751175,=NA(),20,1013.25,-32.92507553100586,52.599159240722656,553.2049560546875,515.6300048828125,37.56999969482422,43.58000946044922,3257.449951171875,3055.47998046875,3060.154052734375,37.685646057128906,5.075168132781982,5.0091776847839355,44.53958511352539,5.362123966217041,0.017941687256097794,0,0.0007792499964125454,0,201.969970703125,-4.674072265625
145,14,0,1,Day,,65.4460220336914,24.553974151611328,323.2011413574219,139.11000061035156,137.52874755859375,3.8052000999450684,0.9886330962181091,20.219995498657227,8.739999771118164,=NA(),=NA(),2.396257162094116,1.4163999557495117,0.34380000829696655,0.08399999886751175,=NA(),20,1013.25,-52.66715621948242,46.746761322021484,139.05999755859375,112.03500366210938,27.024999618530273,26.0468692779541,732.6799926757812,728.4299926757812,723.5949096679688,38.81046676635742,1.164846420288086,1.0900205373764038,44.24843215942383,1.249343991279602,0.003861937439069152,0,0.0005486875306814909,0,4.25,4.8350830078125
145,15,0,1,Day,,73.78764343261719,16.212358474731445,311.2091369628906,48.99300003051758,48.8273811340332,0.5932000279426575,0.9966195225715637,19.800012588500977,7.800099849700928,=NA(),=NA(),3.542646884918213,1.4163999557495117,0.34380000829696655,0.08399999886751175,=NA(),20,1013.25,-40.0880241394043,47.250267028808594,48.55500030517578,41.03499984741211,7.524999618530273,21.844385147094727,242.89999389648438,245.3300018310547,244.38014221191406,37.66181182861328,0.40542638301849365,0.3826640546321869,42.97505187988281,0.43848055601119995,0.0013888125540688634,0,0.00015624999650754035,0,-2.4300079345703125,0.949859619140625
145,16,0,1,Day,,83.6337890625,6.366214275360107,301.1293029785156,1.7971999645233154,1.7971999645233154,0,1,19.2499942779541,7.590000152587891,=NA(),=NA(),8.40200424194336,1.4163999557495117,0.34380000829696655,0.08399999886751175,=NA(),20,1013.25,-10.888191223144531,74.3605728149414,1.9300000667572021,1.7699999809265137,0.1550000011920929,19.339990615844727,5.599999904632568,5.680000305175781,5.66569185256958,30.731348037719727,0.011522533372044563,0.011408441700041294,36.92404556274414,0.018035126850008965,0.00005999999848427251,0,0.0000035000000480067683,0,-0.08000040054321289,0.014308452606201172
145,17,0,1,Night,Sun below height limit of 1 degrees.,89.40876770019531,0.5912330746650696,296.0748291015625,0,0,0,0,18.709985733032227,7.880099773406982,=NA(),0,30.333635330200195,1.4163999557495117,0.34380000829696655,0.08399999886751175,=NA(),20,1013.25,0,0,0,0,0,18.709985733032227,0,0,0,0,0,0,0,0,0,0,0,0,0,0
145,18,0,1,Night,,106.42992401123047,-16.42992401123047,284.5020751953125,0,0,0,0,17.07000160217285,7.929999828338623,=NA(),0,64.81599426269531,1.4163999557495117,0.34380000829696655,0.08399999886751175,=NA(),20,1013.25,0,0,0,0,0,17.07000160217285,0,0,0,0,0,0,0,0,0,0,0,0,0,0
145,19,0,1,Night,,118.4686508178711,-28.46864891052246,276.8011474609375,0,0,0,0,15.399988174438477,7.809899806976318,=NA(),0,64.81599426269531,1.4163999557495117,0.34380000829696655,0.08399999886751175,=NA(),20,1013.25,0,0,0,0,0,15.399988174438477,0,0,0,0,0,0,0,0,0,0,0,0,0,0
145,20,0,1,Night,,130.7152862548828,-40.71528244018555,268.5594787597656,0,0,0,0,14.700006484985352,7.099899768829346,=NA(),0,64.81599426269531,1.4163999557495117,0.34380000829696655,0.08399999886751175,=NA(),20,1013.25,0,0,0,0,0,14.700006484985352,0,0,0,0,0,0,0,0,0,0,0,0,0,0
145,21,0,1,Night,,142.9022216796875,-52.90221405029297,258.4382629394531,0,0,0,0,13.700006484985352,5.960100173950195,=NA(),0,64.81599426269531,1.4163999557495117,0.34380000829696655,0.08399999886751175,=NA(),20,1013.25,0,0,0,0,0,13.700006484985352,0,0,0,0,0,0,0,0,0,0,0,0,0,0
145,22,0,1,Night,,154.5098876953125,-64.50988006591797,243.13632202148438,0,0,0,0,13.580011367797852,7.230100154876709,=NA(),0,64.81599426269531,1.4163999557495117,0.34380000829696655,0.08399999886751175,=NA(),20,1013.25,0,0,0,0,0,13.580011367797852,0,0,0,0,0,0,0,0,0,0,0,0,0,0
145,23,0,1,Night,,163.7997283935547,-73.79973602294922,212.70706176757812,0,0,0,0,12.100000381469727,5.090099811553955,=NA(),0,64.81599426269531,1.4163999557495117,0.34380000829696655,0.08399999886751175,=NA(),20,1013.25,0,0,0,0,0,12.100000381469727,0,0,0,0,0,0,0,0,0,0,0,0,0,0
146,0,0,1,Night,,165.14602661132812,-75.14602661132812,158.8123779296875,0,0,0,0,11.709985733032227,1.839900016784668,=NA(),0,64.81599426269531,1.4163999557495117,0.34380000829696655,0.08399999886751175,=NA(),20,1013.25,0,0,0,0,0,11.709985733032227,0,0,0,0,0,0,0,0,0,0,0,0,0,0
146,1,0,1,Night,,157.08897399902344,-67.0889663696289,122.11735534667969,0,0,0,0,10.320001602172852,1.8499000072479248,=NA(),0,64.81599426269531,1.4163999557495117,0.34380000829696655,0.08399999886751175,=NA(),20,1013.25,0,0,0,0,0,10.320001602172852,0,0,0,0,0,0,0,0,0,0,0,0,0,0
146,2,0,1,Night,,145.79067993164062,-55.790679931640625,104.5013656616211,0,0,0,0,10.499994277954102,2.300100088119507,=NA(),0,64.81599426269531,1.4163999557495117,0.34380000829696655,0.08399999886751175,=NA(),20,1013.25,0,0,0,0,0,10.499994277954102,0,0,0,0,0,0,0,0,0,0,0,0,0,0
146,3,0,1,Night,,133.6819610595703,-43.68196487426758,93.56385040283203,0,0,0,0,9.900293350219727,2.5499000549316406,=NA(),0,64.81599426269531,1.4163999557495117,0.34380000829696655,0.08399999886751175,=NA(),20,1013.25,0,0,0,0,0,9.899988174438477,0,0,0,0,0,0,0,0,0,0,0,0,0,0
146,4,0,1,Night,,121.4290542602539,-31.429052352905273,85.02596282958984,0,0,0,0,8.600000381469727,2.5999999046325684,=NA(),0,64.81599426269531,1.4163999557495117,0.34380000829696655,0.08399999886751175,=NA(),20,1013.25,0,0,0,0,0,8.600000381469727,0,0,0,0,0,0,0,0,0,0,0,0,0,0
146,5,0,1,Night,,109.3296127319336,-19.329614639282227,77.27011108398438,0,0,0,0,7.019891262054443,2.54010009765625,=NA(),0,64.81599426269531,1.4163999557495117,0.34380000829696655,0.08399999886751175,=NA(),20,1013.25,0,0,0,0,0,7.020013332366943,0,0,0,0,0,0,0,0,0,0,0,0,0,0
146,6,0,1,Night,,97.61044311523438,-7.610443592071533,69.45767974853516,0,0,0,0,8.179895401000977,2.850100040435791,=NA(),0,64.81599426269531,1.4163999557495117,0.34380000829696655,0.08399999886751175,=NA(),20,1013.25,0,0,0,0,0,8.179986953735352,0,0,0,0,0,0,0,0,0,0,0,0,0,0
146,7,0,1,Day,,85.5824203491211,4.417576789855957,60.457523345947266,26.801000595092773,26.731786727905273,0.8985999822616577,0.9974175095558167,9.000207901000977,3.799999952316284,=NA(),=NA(),11.390453338623047,1.4163999557495117,0.34380000829696655,0.08399999886751175,=NA(),20,1013.25,7.3437042236328125,79.20673370361328,29.854999542236328,27.655000686645508,2.200000047683716,10.245630264282227,146.1699981689453,154.32000732421875,154.178955078125,38.5223388671875,0.2501455545425415,0.24816982448101044,43.83208465576172,0.2711799442768097,0.0009125000215135515,0,0.00004793750122189522,0,-8.150009155273438,0.14105224609375
146,8,0,1,Day,,76.12679290771484,13.873210906982422,51.27847671508789,142.5,134.13116455078125,34.90299987792969,0.9412713050842285,9.500085830688477,4.5,=NA(),=NA(),4.107011318206787,1.4163999557495117,0.34380000829696655,0.08399999886751175,=NA(),20,1013.25,29.635665893554688,54.34184646606445,196.0500030517578,183.22000122070312,12.829999923706055,17.453760147094727,1100.43994140625,1126.6700439453125,1127.6875,40.24643325805664,1.7512084245681763,1.7123167514801025,46.117942810058594,1.8456718921661377,0.006235749926418066,0,0.0002820625086314976,0,-26.2301025390625,-1.0174560546875
146,9,0,1,Day,,67.3844985961914,22.615497589111328,39.792118072509766,159.60000610351562,155.83311462402344,9.795700073242188,0.9763979315757751,10.369989395141602,5.429900169372559,=NA(),=NA(),2.5871145725250244,1.4163999557495117,0.34380000829696655,0.08399999886751175,=NA(),20,1013.25,56.93998336791992,45.17706298828125,165.92498779296875,133.17999267578125,32.73999786376953,17.26751136779785,884.22998046875,906.1300048828125,898.7323608398438,40.398712158203125,1.390015959739685,1.2990672588348389,45.77544021606445,1.4882491827011108,0.004610000178217888,0,0.0006718750228174031,0,-21.9000244140625,7.39764404296875
146,10,0,1,Day,,60.703189849853516,29.296810150146484,26.117565155029297,207.5,200.7476806640625,13.798999786376953,0.9674587249755859,10.700006484985352,5.840000152587891,=NA(),=NA(),2.0379445552825928,1.4163999557495117,0.34380000829696655,0.08399999886751175,=NA(),20,1013.25,38.116146087646484,51.54059600830078,214.89999389648438,187.36500549316406,27.53499984741211,19.519372940063477,1185.3900146484375,1205.1099853515625,1203.5546875,40.18210220336914,1.8718301057815552,1.7989673614501953,45.960819244384766,1.9807424545288086,0.006452625151723623,0,0.0005499374819919467,0,-19.719970703125,1.5552978515625
146,11,0,1,Day,,56.85177993774414,33.14822006225586,10.382359504699707,176.69000244140625,174.34310913085938,4.291999816894531,0.9867174625396729,10.679986953735352,6.099999904632568,=NA(),=NA(),1.825085997581482,1.4163999557495117,0.34380000829696655,0.08399999886751175,=NA(),20,1013.25,15.426488876342773,55.441795349121094,188.47500610351562,172.56500244140625,15.90999984741211,18.357507705688477,1047.6099853515625,1069.4300537109375,1069.873291015625,40.0820426940918,1.6682485342025757,1.649133563041687,45.91384506225586,1.760245442390442,0.005884312558919191,0,0.0003319999959785491,0,-21.820068359375,-0.4432373046875
146,12,0,1,Day,,56.42699432373047,33.57300567626953,353.6332702636719,199.89999389648438,195.97508239746094,7.097499847412109,0.9803656339645386,11.879999160766602,6.299900054931641,=NA(),=NA(),1.804766297340393,1.4163999557495117,0.34380000829696655,0.08399999886751175,=NA(),20,1013.25,-9.4851713180542,55.898250579833984,214.989990234375,198.2050018310547,16.779998779296875,20.644983291625977,1201.949951171875,1217.3699951171875,1217.92724609375,39.92295455932617,1.906682014465332,1.8950003385543823,45.833251953125,2.010887622833252,0.006734750233590603,0,0.0003617500187829137,0,-15.4200439453125,-0.5572509765625
146,13,0,1,Day,,59.5034294128418,30.496572494506836,337.52789306640625,456.0899963378906,289.9438781738281,327.3900146484375,0.6357163786888123,12.820001602172852,6.520100116729736,=NA(),=NA(),1.9655613899230957,1.4163999557495117,0.34380000829696655,0.08399999886751175,=NA(),20,1013.25,-32.983272552490234,52.77158737182617,521.8200073242188,485.42999267578125,36.39500045776367,34.00749969482422,3064.43994140625,2969.27001953125,2973.663818359375,38.95552062988281,4.770962715148926,4.704524040222168,45.68129348754883,5.02857780456543,0.01687762513756752,0,0.000752874999307096,0,95.169921875,-4.393798828125
146,14,0,1,Day,,65.5810775756836,24.418920516967773,323.32464599609375,130.61000061035156,129.32406616210938,3.110599994659424,0.9901543855667114,12.749994277954102,6.520100116729736,=NA(),=NA(),2.4085564613342285,1.4163999557495117,0.34380000829696655,0.08399999886751175,=NA(),20,1013.25,-52.75996398925781,46.91059494018555,129.66000366210938,104.00999450683594,25.649999618530273,18.161890029907227,679.6500244140625,694.719970703125,689.2724609375,39.884056091308594,1.079717755317688,1.009462833404541,45.213134765625,1.1586686372756958,0.0035837499890476465,0,0.000520500005222857,0,-15.0699462890625,5.447509765625
146,15,0,1,Day,,73.90123748779297,16.09876251220703,311.3480529785156,106.08999633789062,104.78948974609375,4.690000057220459,0.9877414703369141,12.999994277954102,5.360000133514404,=NA(),=NA(),3.5663681030273438,1.4163999557495117,0.34380000829696655,0.08399999886751175,=NA(),20,1013.25,-39.714046478271484,47.61048126220703,117.64999389648438,102.80999755859375,14.84000015258789,17.857507705688477,629.1699829101562,643.9500122070312,642.7088012695312,39.610958099365234,1.0139236450195312,0.9689984321594238,45.13029479980469,1.07866632938385,0.0035025000106543303,0,0.00030981251620687544,0,-14.780029296875,1.2412109375
146,16,0,1,Day,,83.72574615478516,6.274251461029053,301.2772216796875,19.104999542236328,19.082399368286133,0.20679999887943268,0.9988170266151428,12.100000381469727,4.060100078582764,=NA(),=NA(),8.508899688720703,1.4163999557495117,0.34380000829696655,0.08399999886751175,=NA(),20,1013.25,-10.741114616394043,74.59120178222656,20.540000915527344,18.869998931884766,1.6700000762939453,12.955621719360352,100.22999572753906,104.84000396728516,104.85415649414062,37.45976257324219,0.1749444156885147,0.17354322969913483,42.8172492980957,0.19146862626075745,0.0006416874821297824,0,0.00003550000110408291,0,-4.610008239746094,-0.01415252685546875
146,17,0,1,Night,Sun below height limit of 1 degrees.,89.4330825805664,0.5669188499450684,296.2630615234375,0,0,0,0,11.100000381469727,3.98009991645813,=NA(),0,30.601444244384766,1.4163999557495117,0.34380000829696655,0.08399999886751175,=NA(),20,1013.25,0,0,0,0,0,11.100000381469727,0,0,0,0,0,0,0,0,0,0,0,0,0,0
146,18,0,1,Night,,106.5019302368164,-16.501934051513672,284.6695861816406,0,0,0,0,10.529993057250977,3.799999952316284,=NA(),0,64.81599426269531,1.4163999557495117,0.34380000829696655,0.08399999886751175,=NA(),20,1013.25,0,0,0,0,0,10.529993057250977,0,0,0,0,0,0,0,0,0,0,0,0,0,0
146,19,0,1,Night,,118.532958984375,-28.532955169677734,276.9870300292969,0,0,0,0,9.950098037719727,3.5000998973846436,=NA(),0,64.81599426269531,1.4163999557495117,0.34380000829696655,0.08399999886751175,=NA(),20,1013.25,0,0,0,0,0,9.950006484985352,0,0,0,0,0,0,0,0,0,0,0,0,0,0
146,20,0,1,Night,,130.77725219726562,-40.77724838256836,268.77593994140625,0,0,0,0,8.260309219360352,3.369999885559082,=NA(),0,64.81599426269531,1.4163999557495117,0.34380000829696655,0.08399999886751175,=NA(),20,1013.25,0,0,0,0,0,8.260004043579102,0,0,0,0,0,0,0,0,0,0,0,0,0,0
146,21,0,1,Night,,142.96949768066406,-52.969505310058594,258.70635986328125,0,0,0,0,6.529901027679443,3.069999933242798,=NA(),0,64.81599426269531,1.4163999557495117,0.34380000829696655,0.08399999886751175,=NA(),20,1013.25,0,0,0,0,0,6.529992580413818,0,0,0,0,0,0,0,0,0,0,0,0,0,0
146,22,0,1,Night,,154.59788513183594,-64.5978775024414,243.4877471923828,0,0,0,0,6.149713039398193,2.990000009536743,=NA(),0,64.81599426269531,1.4163999557495117,0.34380000829696655,0.08399999886751175,=NA(),20,1013.25,0,0,0,0,0,6.149987697601318,0,0,0,0,0,0,0,0,0,0,0,0,0,0
146,23,0,1,Night,,163.93971252441406,-73.93971252441406,213.08213806152344,0,0,0,0,5.649804592132568,3.1898999214172363,=NA(),0,64.81599426269531,1.4163999557495117,0.34380000829696655,0.08399999886751175,=NA(),20,1013.25,0,0,0,0,0,5.649987697601318,0,0,0,0,0,0,0,0,0,0,0,0,0,0
147,0,0,1,Night,,165.31748962402344,-75.31749725341797,158.69021606445312,0,0,0,0,5.639794826507568,3.2300000190734863,=NA(),0,64.81599426269531,1.4163999557495117,0.34380000829696655,0.08399999886751175,=NA(),20,1013.25,0,0,0,0,0,5.640008449554443,0,0,0,0,0,0,0,0,0,0,0,0,0,0
147,1,0,1,Night,,157.22267150878906,-67.22267150878906,121.8302993774414,0,0,0,0,4.199914455413818,3.130000114440918,=NA(),0,64.81599426269531,1.4163999557495117,0.34380000829696655,0.08399999886751175,=NA(),20,1013.25,0,0,0,0,0,4.200006008148193,0,0,0,0,0,0,0,0,0,0,0,0,0,0
147,2,0,1,Night,,145.90280151367188,-55.90279769897461,104.26461791992188,0,0,0,0,3.4699950218200684,2.949899911880493,=NA(),0,64.81599426269531,1.4163999557495117,0.34380000829696655,0.08399999886751175,=NA(),20,1013.25,0,0,0,0,0,3.4699950218200684,0,0,0,0,0,0,0,0,0,0,0,0,0,0
147,3,0,1,Night,,133.78720092773438,-43.78719711303711,93.3725357055664,0,0,0,0,2.5997862815856934,2.6600000858306885,=NA(),0,64.81599426269531,1.4163999557495117,0.34380000829696655,0.08399999886751175,=NA(),20,1013.25,0,0,0,0,0,2.5999999046325684,0,0,0,0,0,0,0,0,0,0,0,0,0,0
147,4,0,1,Night,,121.53479766845703,-31.534799575805664,84.86463165283203,0,0,0,0,2.7001891136169434,2.460099935531616,=NA(),0,64.81599426269531,1.4163999557495117,0.34380000829696655,0.08399999886751175,=NA(),20,1013.25,0,0,0,0,0,2.7000060081481934,0,0,0,0,0,0,0,0,0,0,0,0,0,0
147,5,0,1,Night,,109.44023895263672,-19.44023895263672,77.12871551513672,0,0,0,0,2.9002928733825684,2.359999895095825,=NA(),0,64.81599426269531,1.4163999557495117,0.34380000829696655,0.08399999886751175,=NA(),20,1013.25,0,0,0,0,0,2.8999876976013184,0,0,0,0,0,0,0,0,0,0,0,0,0,0
147,6,0,1,Night,,97.73120880126953,-7.731208324432373,69.33061218261719,0,0,0,0,1.909814476966858,2.3499999046325684,=NA(),0,64.81599426269531,1.4163999557495117,0.34380000829696655,0.08399999886751175,=NA(),20,1013.25,0,0,0,0,0,1.909997582435608,0,0,0,0,0,0,0,0,0,0,0,0,0,0
147,7,0,1,Day,,85.65535736083984,4.344643592834473,60.300662994384766,62.49100112915039,59.83258056640625,35.09199905395508,0.9574591517448425,3.0797972679138184,2.9100000858306885,=NA(),=NA(),11.540987014770508,1.4163999557495117,0.34380000829696655,0.08399999886751175,=NA(),20,1013.25,7.231389999389648,79.38665771484375,86.41499328613281,82.60499572753906,3.809999942779541,6.731256008148193,384,409,409.1424865722656,40.4317626953125,0.632458508014679,0.6293003559112549,45.88746643066406,0.6719469428062439,0.002300749998539686,0,0.00008349999552592635,0,-25,-0.142486572265625
147,8,0,1,Day,,76.2669906616211,13.733007431030273,51.1776123046875,234.7100067138672,189.15098571777344,191.91000366210938,0.805892288684845,5.899713039398193,3.029900074005127,=NA(),=NA(),4.146726608276367,1.4163999557495117,0.34380000829696655,0.08399999886751175,=NA(),20,1013.25,29.275604248046875,54.74822235107422,388.20001220703125,372.7449951171875,15.454999923706055,21.522485733032227,2262.02001953125,2283.159912109375,2286.392578125,40.434906005859375,3.5340750217437744,3.487215518951416,46.78961944580078,3.7164742946624756,0.01275468710809946,0,0.00034506249357946217,0,-21.139892578125,-3.232666015625
147,9,0,1,Day,,67.53912353515625,22.460874557495117,39.71171188354492,367.79998779296875,256.27886962890625,291.8999938964844,0.6967886686325073,8.300195693969727,4.869900226593018,=NA(),=NA(),2.603776454925537,1.4163999557495117,0.34380000829696655,0.08399999886751175,=NA(),20,1013.25,57.095279693603516,45.30922317504883,521.4550170898438,477.0849914550781,44.375,29.396265029907227,3085.780029296875,3035.869873046875,3039.053955078125,39.61542510986328,4.794728755950928,4.677643299102783,46.2959098815918,5.04840612411499,0.016828186810016632,0,0.0009228750132024288,0,49.91015625,-3.18408203125
147,10,0,1,Day,,60.869590759277344,29.130407333374023,26.069631576538086,488.70001220703125,293.0068054199219,402,0.599563717842102,10.179986953735352,5.330100059509277,=NA(),=NA(),2.048476457595825,1.4163999557495117,0.34380000829696655,0.08399999886751175,=NA(),20,1013.25,38.25840377807617,51.68769454956055,581.0599975585938,541.1699829101562,39.88999938964844,33.72686004638672,3434.070068359375,3331.0400390625,3335.6591796875,39.070213317871094,5.336059093475342,5.25701904296875,45.922550201416016,5.620489120483398,0.018890436738729477,0,0.0008276249864138663,0,103.030029296875,-4.619140625
147,11,0,1,Day,,57.02324676513672,32.97675323486328,10.380779266357422,556.7000122070312,305.0707092285156,462.29998779296875,0.5479983687400818,11.140008926391602,5.570099830627441,=NA(),=NA(),1.8334463834762573,1.4163999557495117,0.34380000829696655,0.08399999886751175,=NA(),20,1013.25,15.520695686340332,55.60476303100586,604.4400024414062,564.9450073242188,39.494998931884766,35.74126434326172,3543.85009765625,3414.81005859375,3419.4765625,38.813873291015625,5.5062150955200195,5.478907108306885,45.71754837036133,5.803516387939453,0.01949831284582615,0,0.0008401250233873725,0,129.0400390625,-4.66650390625
147,12,0,1,Day,,56.5928955078125,33.4071044921875,353.68389892578125,186.39999389648438,183.53684997558594,5.200200080871582,0.9846397638320923,11.760004043579102,5.829899787902832,=NA(),=NA(),1.8126366138458252,1.4163999557495117,0.34380000829696655,0.08399999886751175,=NA(),20,1013.25,-9.469738006591797,56.06922149658203,200.47500610351562,184.76499938964844,15.709999084472656,19.93499183654785,1117.4100341796875,1134.56005859375,1135.0517578125,39.933937072753906,1.776450514793396,1.7656012773513794,45.806739807128906,1.873713493347168,0.006276187486946583,0,0.00033862501732073724,0,-17.1500244140625,-0.49169921875
147,13,0,1,Day,,59.65393829345703,30.3460636138916,337.62200927734375,118.11000061035156,117.14851379394531,1.9031000137329102,0.9918593764305115,13.200006484985352,6.019999980926514,=NA(),=NA(),1.9743130207061768,1.4163999557495117,0.34380000829696655,0.08399999886751175,=NA(),20,1013.25,-33.036582946777344,52.93952178955078,120.27999877929688,105.27499389648438,15.010000228881836,18.162500381469727,646.0999755859375,660.5399780273438,659.651123046875,39.575660705566406,1.0416418313980103,1.0017257928848267,45.1328239440918,1.1064610481262207,0.003613062435761094,0,0.0002973125083371997,0,-14.44000244140625,0.88885498046875
147,14,0,1,Day,,65.7110824584961,24.288917541503906,323.4461364746094,73.89900207519531,73.52838897705078,0.9010000228881836,0.9949848651885986,12.980005264282227,6,=NA(),=NA(),2.420527696609497,1.4163999557495117,0.34380000829696655,0.08399999886751175,=NA(),20,1013.25,-52.847896575927734,47.070438385009766,70.0999984741211,54.73999786376953,15.359999656677246,15.937494277954102,351.44000244140625,362.54998779296875,358.6180114746094,39.318756103515625,0.5697895884513855,0.5267653465270996,44.433231353759766,0.6184641718864441,0.00187924993224442,0,0.00031125001260079443,0,-11.1099853515625,3.931976318359375
147,15,0,1,Day,,74.01046752929688,15.989532470703125,311.48406982421875,31.392000198364258,31.338396072387695,0.19460000097751617,0.9982924461364746,12.899988174438477,4.789899826049805,=NA(),=NA(),3.589487075805664,1.4163999557495117,0.34380000829696655,0.08399999886751175,=NA(),20,1013.25,-39.362300872802734,47.95508575439453,31.114999771118164,26.369998931884766,4.744999885559082,14.210626602172852,151.0800018310547,157.13999938964844,156.5115203857422,38.079708099365234,0.25680622458457947,0.24256518483161926,43.30015563964844,0.2802169620990753,0.0008913124911487103,0,0.0000990624976111576,0,-6.05999755859375,0.62847900390625
147,16,0,1,Day,,83.81588745117188,6.184114933013916,301.4216613769531,3.594399929046631,3.594399929046631,0,1,12.399988174438477,3.630000114440918,=NA(),=NA(),8.616217613220215,1.4163999557495117,0.34380000829696655,0.08399999886751175,=NA(),20,1013.25,-10.59679889678955,74.8170394897461,3.8550000190734863,3.5450000762939453,0.3149999976158142,12.570001602172852,14.640000343322754,15.269999504089355,15.249950408935547,34.15931701660156,0.027902163565158844,0.02766413986682892,39.69678497314453,0.03596831113100052,0.0001205000007757917,0,0.00000650000038149301,0,-0.6299991607666016,0.020049095153808594
147,17,0,1,Night,Sun below height limit of 1 degrees.,89.47586822509766,0.5241284370422363,296.43798828125,0,0,0,0,11.300012588500977,3.7499001026153564,=NA(),0,31.08123779296875,1.4163999557495117,0.34380000829696655,0.08399999886751175,=NA(),20,1013.25,0,0,0,0,0,11.300012588500977,0,0,0,0,0,0,0,0,0,0,0,0,0,0
147,18,0,1,Night,,106.56788635253906,-16.567882537841797,284.8327941894531,0,0,0,0,10.459985733032227,3.8101000785827637,=NA(),0,64.81599426269531,1.4163999557495117,0.34380000829696655,0.08399999886751175,=NA(),20,1013.25,0,0,0,0,0,10.459985733032227,0,0,0,0,0,0,0,0,0,0,0,0,0,0
147,19,0,1,Night,,118.59183502197266,-28.591833114624023,277.1681213378906,0,0,0,0,10.700006484985352,3.4900999069213867,=NA(),0,64.81599426269531,1.4163999557495117,0.34380000829696655,0.08399999886751175,=NA(),20,1013.25,0,0,0,0,0,10.700006484985352,0,0,0,0,0,0,0,0,0,0,0,0,0,0
147,20,0,1,Night,,130.833740234375,-40.833736419677734,268.9868469238281,0,0,0,0,10.290002822875977,3.240000009536743,=NA(),0,64.81599426269531,1.4163999557495117,0.34380000829696655,0.08399999886751175,=NA(),20,1013.25,0,0,0,0,0,10.290002822875977,0,0,0,0,0,0,0,0,0,0,0,0,0,0
147,21,0,1,Night,,143.03109741210938,-53.03110122680664,258.9680480957031,0,0,0,0,9.809900283813477,3.609999895095825,=NA(),0,64.81599426269531,1.4163999557495117,0.34380000829696655,0.08399999886751175,=NA(),20,1013.25,0,0,0,0,0,9.809991836547852,0,0,0,0,0,0,0,0,0,0,0,0,0,0
147,22,0,1,Night,,154.6795654296875,-64.6795654296875,243.83274841308594,0,0,0,0,10.010004043579102,4.140100002288818,=NA(),0,64.81599426269531,1.4163999557495117,0.34380000829696655,0.08399999886751175,=NA(),20,1013.25,0,0,0,0,0,10.010004043579102,0,0,0,0,0,0,0,0,0,0,0,0,0,0
147,23,0,1,Night,,164.0726776123047,-74.07267761230469,213.4585418701172,0,0,0,0,9.149805068969727,4.090000152587891,=NA(),0,64.81599426269531,1.4163999557495117,0.34380000829696655,0.08399999886751175,=NA(),20,1013.25,0,0,0,0,0,9.149988174438477,0,0,0,0,0,0,0,0,0,0,0,0,0,0
148,0,0,1,Night,,165.4835662841797,-75.48356628417969,158.57981872558594,0,0,0,0,8.290185928344727,3.619999885559082,=NA(),0,64.81599426269531,1.4163999557495117,0.34380000829696655,0.08399999886751175,=NA(),20,1013.25,0,0,0,0,0,8.290002822875977,0,0,0,0,0,0,0,0,0,0,0,0,0,0
148,1,0,1,Night,,157.35293579101562,-67.35293579101562,121.55500793457031,0,0,0,0,7.499810695648193,3.5701000690460205,=NA(),0,64.81599426269531,1.4163999557495117,0.34380000829696655,0.08399999886751175,=NA(),20,1013.25,0,0,0,0,0,7.499993801116943,0,0,0,0,0,0,0,0,0,0,0,0,0,0
148,2,0,1,Night,,146.0123748779297,-56.01237106323242,104.03746032714844,0,0,0,0,6.460107326507568,4.099999904632568,=NA(),0,64.81599426269531,1.4163999557495117,0.34380000829696655,0.08399999886751175,=NA(),20,1013.25,0,0,0,0,0,6.459985256195068,0,0,0,0,0,0,0,0,0,0,0,0,0,0
148,3,0,1,Night,,133.89007568359375,-43.89007568359375,93.18917083740234,0,0,0,0,5.619897365570068,4.269999980926514,=NA(),0,64.81599426269531,1.4163999557495117,0.34380000829696655,0.08399999886751175,=NA(),20,1013.25,0,0,0,0,0,5.619988918304443,0,0,0,0,0,0,0,0,0,0,0,0,0,0
148,4,0,1,Night,,121.63789367675781,-31.637895584106445,84.710205078125,0,0,0,0,7.499810695648193,4.060100078582764,=NA(),0,64.81599426269531,1.4163999557495117,0.34380000829696655,0.08399999886751175,=NA(),20,1013.25,0,0,0,0,0,7.499993801116943,0,0,0,0,0,0,0,0,0,0,0,0,0,0
148,5,0,1,Night,,109.54749298095703,-19.5474910736084,76.99364471435547,0,0,0,0,8.399896621704102,3.8499999046325684,=NA(),0,64.81599426269531,1.4163999557495117,0.34380000829696655,0.08399999886751175,=NA(),20,1013.25,0,0,0,0,0,8.399988174438477,0,0,0,0,0,0,0,0,0,0,0,0,0,0
148,6,0,1,Night,,97.84596252441406,-7.84596061706543,69.20956420898438,0,0,0,0,8.399896621704102,3.9198999404907227,=NA(),0,64.81599426269531,1.4163999557495117,0.34380000829696655,0.08399999886751175,=NA(),20,1013.25,0,0,0,0,0,8.399988174438477,0,0,0,0,0,0,0,0,0,0,0,0,0,0
148,7,0,1,Day,,85.7219009399414,4.278102397918701,60.13970947265625,22.797000885009766,22.767162322998047,0.4000000059604645,0.9986911416053772,8.300195693969727,4.450099945068359,=NA(),=NA(),11.681578636169434,1.4163999557495117,0.34380000829696655,0.08399999886751175,=NA(),20,1013.25,7.130056381225586,79.55074310302734,24.935001373291016,23.03499984741211,1.9000000953674316,9.335626602172852,122.04000091552734,129.33999633789062,129.3856658935547,38.32661819458008,0.2109917253255844,0.20990364253520966,43.67495346069336,0.22924131155014038,0.0007708125049248338,0,0.000041437499021412805,0,-7.299995422363281,-0.0456695556640625
148,8,0,1,Day,,76.40557098388672,13.59443187713623,51.08250045776367,113.91000366210938,110.78175354003906,13.309000015258789,0.9725375175476074,8.800104141235352,4.530099868774414,=NA(),=NA(),4.186753749847412,1.4163999557495117,0.34380000829696655,0.08399999886751175,=NA(),20,1013.25,28.920570373535156,55.148136138916016,138.010009765625,126.31999969482422,11.690000534057617,14.435632705688477,753.8499755859375,780.3499755859375,780.1918334960938,40.24544143676758,1.2115845680236816,1.1768379211425781,45.90463638305664,1.280789852142334,0.004277937579900026,0,0.00025443750200793147,0,-26.5,0.15814208984375
148,9,0,1,Day,,67.69026184082031,22.309738159179688,39.63678741455078,177.49000549316406,170.8118438720703,17.591999053955078,0.9623744487762451,9.999994277954102,4.840099811553955,=NA(),=NA(),2.620288372039795,1.4163999557495117,0.34380000829696655,0.08399999886751175,=NA(),20,1013.25,57.249656677246094,45.435245513916016,189.90499877929688,154.375,35.525001525878906,17.868127822875977,1024.510009765625,1047.5,1040.0751953125,40.47591781616211,1.6056628227233887,1.5038083791732788,45.93909454345703,1.7149277925491333,0.005355937406420708,0,0.0007291875081136823,0,-22.989990234375,7.4248046875
148,10,0,1,Day,,61.03124237060547,28.9687557220459,26.02641487121582,367.30999755859375,278.62384033203125,183.11000061035156,0.7585523128509521,11.429986953735352,5.460000038146973,=NA(),=NA(),2.058828353881836,1.4163999557495117,0.34380000829696655,0.08399999886751175,=NA(),20,1013.25,38.400657653808594,51.82842254638672,420.989990234375,385.54498291015625,35.44000244140625,28.516870498657227,2445.639892578125,2412.64990234375,2414.87841796875,39.55316925048828,3.815910577774048,3.73362135887146,46.00183868408203,4.0190653800964355,0.013411874882876873,0,0.0007249374757520854,0,32.989990234375,-2.228515625
148,11,0,1,Day,,57.18901062011719,32.81098937988281,10.382436752319336,584.0999755859375,319.83026123046875,487.70001220703125,0.5475608110427856,12.309991836547852,5.669899940490723,=NA(),=NA(),1.841617465019226,1.4163999557495117,0.34380000829696655,0.08399999886751175,=NA(),20,1013.25,15.617022514343262,55.761390686035156,634.3499755859375,592.949951171875,41.400001525878906,38.170616149902344,3721.449951171875,3557.139892578125,3561.880615234375,38.50950241088867,5.780852317810059,5.751270294189453,45.49009704589844,6.095951080322266,0.02046193741261959,0,0.0008804374956525862,0,164.31005859375,-4.74072265625
148,12,0,1,Day,,56.75270462036133,33.24729537963867,353.7357177734375,528.6099853515625,298.7765197753906,419.2099914550781,0.5652116537094116,13.300012588500977,5.819900035858154,=NA(),=NA(),1.8202972412109375,1.4163999557495117,0.34380000829696655,0.08399999886751175,=NA(),20,1013.25,-9.44994831085205,56.23442840576172,568.6199951171875,531.239990234375,37.37999725341797,36.476890563964844,3323.85986328125,3194.510009765625,3198.904296875,38.67710494995117,5.169248104095459,5.155630111694336,45.50508117675781,5.448977470397949,0.01828950084745884,0,0.0008068124880082905,0,129.349853515625,-4.394287109375
148,13,0,1,Day,,59.79819107055664,30.20180892944336,337.71533203125,492.4100036621094,292.84613037109375,396.7099914550781,0.5947201251983643,13.899988174438477,5.860000133514404,=NA(),=NA(),1.982786774635315,1.4163999557495117,0.34380000829696655,0.08399999886751175,=NA(),20,1013.25,-33.08415985107422,53.10227966308594,566.7650146484375,528.5999755859375,38.16999816894531,36.94811248779297,3336.52001953125,3201.60986328125,3206.459716796875,38.608604431152344,5.190686225891113,5.122982501983643,45.450408935546875,5.474366188049316,0.018375249579548836,0,0.0007923124940134585,0,134.91015625,-4.849853515625
148,14,0,1,Day,,65.83512115478516,24.164878845214844,323.5654602050781,254.69000244140625,225.58750915527344,71.09200286865234,0.8857336640357971,13.809991836547852,5.659900188446045,=NA(),=NA(),2.4320716857910156,1.4163999557495117,0.34380000829696655,0.08399999886751175,=NA(),20,1013.25,-52.92976760864258,47.225772857666016,301.0950012207031,263.04498291015625,38.05000305175781,26.1350040435791,1705.179931640625,1695.219970703125,1694.2410888671875,39.63492965698242,2.6714673042297363,2.569082498550415,45.68988800048828,2.826324224472046,0.009172249585390091,0,0.0007806874928064644,0,9.9599609375,0.9788818359375
148,15,0,1,Day,,74.11410522460938,15.885892868041992,311.6170959472656,204.38999938964844,177.4305419921875,98.49199676513672,0.8680979609489441,13.230005264282227,4.140100002288818,=NA(),=NA(),3.6117100715637207,1.4163999557495117,0.34380000829696655,0.08399999886751175,=NA(),20,1013.25,-39.03712463378906,48.280521392822266,306.3500061035156,286.47998046875,19.869998931884766,25.6562442779541,1769.18994140625,1761.760009765625,1763.666015625,39.62807846069336,2.7815959453582764,2.715834856033325,45.81822967529297,2.931140184402466,0.00989262480288744,0,0.0004218749818392098,0,7.429931640625,-1.906005859375
148,16,0,1,Day,,83.90025329589844,6.099748611450195,301.5626220703125,34.20500183105469,34.10878372192383,0.9054999947547913,0.9971870183944702,11.719995498657227,3.8499999046325684,=NA(),=NA(),8.719046592712402,1.4163999557495117,0.34380000829696655,0.08399999886751175,=NA(),20,1013.25,-10.46226978302002,75.02826690673828,38.209999084472656,35.31999969482422,2.8949999809265137,13.302515029907227,193.11000061035156,201.44000244140625,201.4785614013672,38.433902740478516,0.32763782143592834,0.3252013921737671,43.83742904663086,0.3523816764354706,0.0011839375365525484,0,0.00006143750215414912,0,-8.330001831054688,-0.0385589599609375
148,17,0,1,Night,Sun below height limit of 1 degrees.,89.50262451171875,0.4973759651184082,296.6163330078125,0,0,0,0,9.300012588500977,4.360000133514404,=NA(),0,31.38698387145996,1.4163999557495117,0.34380000829696655,0.08399999886751175,=NA(),20,1013.25,0,0,0,0,0,9.300012588500977,0,0,0,0,0,0,0,0,0,0,0,0,0,0
148,18,0,1,Night,,106.6292724609375,-16.629276275634766,284.9916687011719,0,0,0,0,8.939691543579102,4.309899806976318,=NA(),0,64.81599426269531,1.4163999557495117,0.34380000829696655,0.08399999886751175,=NA(),20,1013.25,0,0,0,0,0,8.939996719360352,0,0,0,0,0,0,0,0,0,0,0,0,0,0
148,19,0,1,Night,,118.64649200439453,-28.646493911743164,277.3442687988281,0,0,0,0,6.369714260101318,3.880000114440918,=NA(),0,64.81599426269531,1.4163999557495117,0.34380000829696655,0.08399999886751175,=NA(),20,1013.25,0,0,0,0,0,6.369988918304443,0,0,0,0,0,0,0,0,0,0,0,0,0,0
148,20,0,1,Night,,130.88580322265625,-40.88580322265625,269.1920471191406,0,0,0,0,6.270013332366943,3.5099000930786133,=NA(),0,64.81599426269531,1.4163999557495117,0.34380000829696655,0.08399999886751175,=NA(),20,1013.25,0,0,0,0,0,6.270013332366943,0,0,0,0,0,0,0,0,0,0,0,0,0,0
148,21,0,1,Night,,143.08790588378906,-53.08790969848633,259.22308349609375,0,0,0,0,4.350091457366943,3.1898999214172363,=NA(),0,64.81599426269531,1.4163999557495117,0.34380000829696655,0.08399999886751175,=NA(),20,1013.25,0,0,0,0,0,4.349999904632568,0,0,0,0,0,0,0,0,0,0,0,0,0,0
148,22,0,1,Night,,154.755615234375,-64.755615234375,244.17095947265625,0,0,0,0,3.4200987815856934,2.9300999641418457,=NA(),0,64.81599426269531,1.4163999557495117,0.34380000829696655,0.08399999886751175,=NA(),20,1013.25,0,0,0,0,0,3.4200072288513184,0,0,0,0,0,0,0,0,0,0,0,0,0,0
148,23,0,1,Night,,164.19894409179688,-74.19894409179688,213.83566284179688,0,0,0,0,1.100091576576233,2.680000066757202,=NA(),0,64.81599426269531,1.4163999557495117,0.34380000829696655,0.08399999886751175,=NA(),20,1013.25,0,0,0,0,0,1.100000023841858,0,0,0,0,0,0,0,0,0,0,0,0,0,0
149,0,0,1,Night,,165.6444854736328,-75.64449310302734,158.48159790039062,0,0,0,0,1.449792504310608,2.490000009536743,=NA(),0,64.81599426269531,1.4163999557495117,0.34380000829696655,0.08399999886751175,=NA(),20,1013.25,0,0,0,0,0,1.450006127357483,0,0,0,0,0,0,0,0,0,0,0,0,0,0
149,1,0,1,Night,,157.480224609375,-67.48023223876953,121.29178619384766,0,0,0,0,0.8002868890762329,2.440000057220459,=NA(),0,64.81599426269531,1.4163999557495117,0.34380000829696655,0.08399999886751175,=NA(),20,1013.25,0,0,0,0,0,0.8000122308731079,0,0,0,0,0,0,0,0,0,0,0,0,0,0
149,2,0,1,Night,,146.12025451660156,-56.12025451660156,103.82008361816406,0,0,0,0,-0.7598937749862671,2.469899892807007,=NA(),0,64.81599426269531,1.4163999557495117,0.34380000829696655,0.08399999886751175,=NA(),20,1013.25,0,0,0,0,0,-0.7599853277206421,0,0,0,0,0,0,0,0,0,0,0,0,0,0
149,3,0,1,Night,,133.991943359375,-43.991947174072266,93.01384735107422,0,0,0,0,-1.380102515220642,2.4500999450683594,=NA(),0,64.81599426269531,1.4163999557495117,0.34380000829696655,0.08399999886751175,=NA(),20,1013.25,0,0,0,0,0,-1.380010962486267,0,0,0,0,0,0,0,0,0,0,0,0,0,0
149,4,0,1,Night,,121.74079895019531,-31.74079704284668,84.56278228759766,0,0,0,0,-1.969793677330017,2.3499999046325684,=NA(),0,64.81599426269531,1.4163999557495117,0.34380000829696655,0.08399999886751175,=NA(),20,1013.25,0,0,0,0,0,-1.970007300376892,0,0,0,0,0,0,0,0,0,0,0,0,0,0
149,5,0,1,Night,,109.65570831298828,-19.65570640563965,76.86495208740234,0,0,0,0,-2.0801148414611816,2.200000047683716,=NA(),0,64.81599426269531,1.4163999557495117,0.34380000829696655,0.08399999886751175,=NA(),20,1013.25,0,0,0,0,0,-2.0799927711486816,0,0,0,0,0,0,0,0,0,0,0,0,0,0
149,6,0,1,Night,,97.96366882324219,-7.96366548538208,69.09457397460938,0,0,0,0,-2.0701966285705566,2.0299999713897705,=NA(),0,64.81599426269531,1.4163999557495117,0.34380000829696655,0.08399999886751175,=NA(),20,1013.25,0,0,0,0,0,-2.0700135231018066,0,0,0,0,0,0,0,0,0,0,0,0,0,0
149,7,0,1,Day,,85.78453063964844,4.215466022491455,59.99226379394531,86.4990005493164,81.19198608398438,72.1969985961914,0.9386464953422546,-1.009893774986267,1.9600000381469727,=NA(),=NA(),11.816859245300293,1.4163999557495117,0.34380000829696655,0.08399999886751175,=NA(),20,1013.25,7.034201622009277,79.70513916015625,130.70999145507812,126.47000122070312,4.239999771118164,4.551232814788818,547.6300048828125,586.5599975585938,587.3905639648438,41.18980026245117,0.8912865519523621,0.8886419534683228,46.75725555419922,0.941482663154602,0.003249750006943941,0,0.00009362499986309558,0,-38.92999267578125,-0.83056640625
149,8,0,1,Day,,76.53832244873047,13.461679458618164,50.993141174316406,276,222.33843994140625,230.50999450683594,0.8055740594863892,1.419885277748108,1.4399000406265259,=NA(),=NA(),4.225838661193848,1.4163999557495117,0.34380000829696655,0.08399999886751175,=NA(),20,1013.25,28.58259391784668,55.52963638305664,473.8900146484375,457.40997314453125,16.479999542236328,20.45061683654785,2778.840087890625,2814,2817.78369140625,40.756752014160156,4.3210554122924805,4.271483421325684,47.28261947631836,4.539921760559082,0.01564881205558777,0,0.0003685624978970736,0,-35.159912109375,-3.78369140625
149,9,0,1,Day,,67.8362808227539,22.16371726989746,39.56731033325195,398.1000061035156,272.6667175292969,332.489990234375,0.6849201321601868,4.810204982757568,0.7001000046730042,=NA(),=NA(),2.6364572048187256,1.4163999557495117,0.34380000829696655,0.08399999886751175,=NA(),20,1013.25,57.40092849731445,45.55447006225586,575.02001953125,528.3699951171875,46.650001525878906,28.032495498657227,3416.570068359375,3376.4599609375,3379.33935546875,39.8729248046875,5.297174453735352,5.173647880554199,46.65330505371094,5.571932792663574,0.018649186939001083,0,0.0009698125068098307,0,40.110107421875,-2.87939453125
149,10,0,1,Day,,61.18738555908203,28.812612533569336,25.987876892089844,510.5,305.0943908691406,426.20001220703125,0.5976383686065674,8.019708633422852,1.1800999641418457,=NA(),=NA(),2.0689427852630615,1.4163999557495117,0.34380000829696655,0.08399999886751175,=NA(),20,1013.25,38.5419807434082,51.9622688293457,608.72998046875,567.10498046875,41.625,32.675621032714844,3599.969970703125,3504.35009765625,3508.138427734375,39.250797271728516,5.586159706115723,5.503224849700928,46.14348602294922,5.880135536193848,0.019791312515735626,0,0.0008641874883323908,0,95.619873046875,-3.788330078125
149,11,0,1,Day,,57.348690032958984,32.651309967041016,10.387283325195312,568.010009765625,312,474.510009765625,0.5492860674858093,10.429986953735352,2.0199999809265137,=NA(),=NA(),1.849571943283081,1.4163999557495117,0.34380000829696655,0.08399999886751175,=NA(),20,1013.25,15.71517562866211,55.91130828857422,616.9400024414062,576.6300048828125,40.30999755859375,35.53936004638672,3616.85009765625,3487.590087890625,3492.073486328125,38.85619354248047,5.6169867515563965,5.587186813354492,45.78034210205078,5.91918420791626,0.019894374534487724,0,0.0008566250326111913,0,129.260009765625,-4.4833984375
149,12,0,1,Day,,56.90594482421875,33.09405517578125,353.7887268066406,561.5999755859375,306.3379211425781,467.5,0.5454735159873962,11.649988174438477,2.569999933242798,=NA(),=NA(),1.8277169466018677,1.4163999557495117,0.34380000829696655,0.08399999886751175,=NA(),20,1013.25,-9.425633430480957,56.39338302612305,604.0899658203125,564.5700073242188,39.52000045776367,36.26561737060547,3535.280029296875,3400.570068359375,3404.830078125,38.744014739990234,5.4925103187561035,5.479382038116455,45.64440155029297,5.787162780761719,0.019437188282608986,0,0.0008529999759048223,0,134.7099609375,-4.260009765625
149,13,0,1,Day,,59.93587112426758,30.06412696838379,337.8079528808594,490.7099914550781,292.4715576171875,395.7099914550781,0.5960171222686768,12.179986953735352,2.7701001167297363,=NA(),=NA(),1.9909541606903076,1.4163999557495117,0.34380000829696655,0.08399999886751175,=NA(),20,1013.25,-33.1256103515625,53.25961685180664,564.8150024414062,526.7149658203125,38.095001220703125,35.123741149902344,3323.449951171875,3208.610107421875,3213.2822265625,38.859275817871094,5.1681742668151855,5.100192070007324,45.68150329589844,5.448223114013672,0.01830306276679039,0,0.0007906249957159162,0,114.83984375,-4.672119140625
149,14,0,1,Day,,65.95281219482422,24.04718780517578,323.68267822265625,366.1000061035156,258.8081970214844,263.29998779296875,0.7069330811500549,12.580011367797852,2.7701001167297363,=NA(),=NA(),2.4431369304656982,1.4163999557495117,0.34380000829696655,0.08399999886751175,=NA(),20,1013.25,-53.00504684448242,47.376407623291016,484.4150085449219,442.5299987792969,41.8849983215332,32.258750915527344,2844.409912109375,2771.800048828125,2774.8115234375,39.1593017578125,4.428820610046387,4.319204807281494,45.776832580566406,4.66945743560791,0.015517249703407288,0,0.0008704375359229743,0,72.60986328125,-3.011474609375
149,15,0,1,Day,,74.21178436279297,15.788213729858398,311.7471618652344,198.89999389648438,174.22186279296875,90.70099639892578,0.8759269118309021,12.230005264282227,2.2100000381469727,=NA(),=NA(),3.6329152584075928,1.4163999557495117,0.34380000829696655,0.08399999886751175,=NA(),20,1013.25,-38.73916244506836,48.58588409423828,295.5299987792969,276.04498291015625,19.485000610351562,24.214380264282227,1702.9000244140625,1703.9200439453125,1705.5537109375,39.79503631591797,2.6786510944366455,2.614525079727173,45.945396423339844,2.8222084045410156,0.009525500237941742,0,0.00041375000728294253,0,-1.02001953125,-1.6336669921875
149,16,0,1,Day,,83.97967529296875,6.020326614379883,301.7000427246094,30.200000762939453,30.137155532836914,0.5992000102996826,0.9979190230369568,11.709985733032227,2.809999942779541,=NA(),=NA(),8.818000793457031,1.4163999557495117,0.34380000829696655,0.08399999886751175,=NA(),20,1013.25,-10.336074829101562,75.22693634033203,33.154998779296875,30.56999969482422,2.5900001525878906,13.086267471313477,166.77999877929688,174.20999145507812,174.15174865722656,38.25858688354492,0.28449752926826477,0.2822954058647156,43.62901306152344,0.3072085380554199,0.001030812505632639,0,0.0000549374999536667,0,-7.42999267578125,0.0582427978515625
149,17,0,1,Night,Sun below height limit of 1 degrees.,89.53430938720703,0.4656887352466583,296.7789001464844,0,0,0,0,5.290093898773193,3.090100049972534,=NA(),0,31.75470542907715,1.4163999557495117,0.34380000829696655,0.08399999886751175,=NA(),20,1013.25,0,0,0,0,0,5.290002346038818,0,0,0,0,0,0,0,0,0,0,0,0,0,0
149,18,0,1,Night,,106.68659210205078,-16.686588287353516,285.1460876464844,0,0,0,0,3.6401915550231934,3.1500000953674316,=NA(),0,64.81599426269531,1.4163999557495117,0.34380000829696655,0.08399999886751175,=NA(),20,1013.25,0,0,0,0,0,3.6400084495544434,0,0,0,0,0,0,0,0,0,0,0,0,0,0
149,19,0,1,Night,,118.69640350341797,-28.69640350341797,277.5154113769531,0,0,0,0,2.3000121116638184,3.0799999237060547,=NA(),0,64.81599426269531,1.4163999557495117,0.34380000829696655,0.08399999886751175,=NA(),20,1013.25,0,0,0,0,0,2.3000121116638184,0,0,0,0,0,0,0,0,0,0,0,0,0,0
149,20,0,1,Night,,130.93313598632812,-40.93313217163086,269.39141845703125,0,0,0,0,1.580102562904358,2.9000000953674316,=NA(),0,64.81599426269531,1.4163999557495117,0.34380000829696655,0.08399999886751175,=NA(),20,1013.25,0,0,0,0,0,1.580011010169983,0,0,0,0,0,0,0,0,0,0,0,0,0,0
149,21,0,1,Night,,143.13951110839844,-53.13951110839844,259.47125244140625,0,0,0,0,0.8402038812637329,2.70989990234375,=NA(),0,64.81599426269531,1.4163999557495117,0.34380000829696655,0.08399999886751175,=NA(),20,1013.25,0,0,0,0,0,0.8399902582168579,0,0,0,0,0,0,0,0,0,0,0,0,0,0
149,22,0,1,Night,,154.82566833496094,-64.82567596435547,244.50189208984375,0,0,0,0,-0.00009765625145519152,2.6900999546051025,=NA(),0,64.81599426269531,1.4163999557495117,0.34380000829696655,0.08399999886751175,=NA(),20,1013.25,0,0,0,0,0,-0.00000610351571594947,0,0,0,0,0,0,0,0,0,0,0,0,0,0
149,23,0,1,Night,,164.31820678710938,-74.3182144165039,214.21279907226562,0,0,0,0,-0.01999511756002903,2.789900064468384,=NA(),0,64.81599426269531,1.4163999557495117,0.34380000829696655,0.08399999886751175,=NA(),20,1013.25,0,0,0,0,0,-0.01999511756002903,0,0,0,0,0,0,0,0,0,0,0,0,0,0
150,0,0,1,Night,,165.7999725341797,-75.79997253417969,158.39601135253906,0,0,0,0,-0.7001098394393921,2.850100040435791,=NA(),0,64.81599426269531,1.4163999557495117,0.34380000829696655,0.08399999886751175,=NA(),20,1013.25,0,0,0,0,0,-0.6999877691268921,0,0,0,0,0,0,0,0,0,0,0,0,0,0
150,1,0,1,Night,,157.60421752929688,-67.60420989990234,121.04096984863281,0,0,0,0,-1.170111060142517,2.8399999141693115,=NA(),0,64.81599426269531,1.4163999557495117,0.34380000829696655,0.08399999886751175,=NA(),20,1013.25,0,0,0,0,0,-1.169988989830017,0,0,0,0,0,0,0,0,0,0,0,0,0,0
150,2,0,1,Night,,146.22576904296875,-56.22576904296875,103.61263275146484,0,0,0,0,-1.719885230064392,2.7999000549316406,=NA(),0,64.81599426269531,1.4163999557495117,0.34380000829696655,0.08399999886751175,=NA(),20,1013.25,0,0,0,0,0,-1.720007300376892,0,0,0,0,0,0,0,0,0,0,0,0,0,0
150,3,0,1,Night,,134.0916290283203,-44.09162521362305,92.8466567993164,0,0,0,0,-1.380102515220642,2.719899892807007,=NA(),0,64.81599426269531,1.4163999557495117,0.34380000829696655,0.08399999886751175,=NA(),20,1013.25,0,0,0,0,0,-1.380010962486267,0,0,0,0,0,0,0,0,0,0,0,0,0,0
150,4,0,1,Night,,121.84112548828125,-31.841123580932617,84.42240905761719,0,0,0,0,-2.2297120094299316,2.610100030899048,=NA(),0,64.81599426269531,1.4163999557495117,0.34380000829696655,0.08399999886751175,=NA(),20,1013.25,0,0,0,0,0,-2.2299866676330566,0,0,0,0,0,0,0,0,0,0,0,0,0,0
150,5,0,1,Night,,109.76028442382812,-19.76028823852539,76.74269104003906,0,0,0,0,-2.0303101539611816,2.5199999809265137,=NA(),0,64.81599426269531,1.4163999557495117,0.34380000829696655,0.08399999886751175,=NA(),20,1013.25,0,0,0,0,0,-2.0300049781799316,0,0,0,0,0,0,0,0,0,0,0,0,0,0
150,6,0,1,Night,,98.07605743408203,-8.076057434082031,68.98566436767578,0,0,0,0,-2.6000123023986816,2.4100000858306885,=NA(),0,64.81599426269531,1.4163999557495117,0.34380000829696655,0.08399999886751175,=NA(),20,1013.25,0,0,0,0,0,-2.6000123023986816,0,0,0,0,0,0,0,0,0,0,0,0,0,0
150,7,0,1,Day,,85.85077667236328,4.149226188659668,59.85079574584961,82.39700317382812,77.41952514648438,68.79299926757812,0.9395915269851685,-1.400091528892517,2.9300999641418457,=NA(),=NA(),11.96310043334961,1.4163999557495117,0.34380000829696655,0.08399999886751175,=NA(),20,1013.25,6.931634902954102,79.86833953857422,122.26499938964844,118.11500549316406,4.15500020980835,3.7981200218200684,513.2999877929688,551.3300170898438,552.0723876953125,41.21820068359375,0.8371188044548035,0.8344781398773193,46.759483337402344,0.8847997188568115,0.0030516874976456165,0,0.00009156249871011823,0,-38.030029296875,-0.74237060546875
150,8,0,1,Day,,76.66940307617188,13.330598831176758,50.909523010253906,299,241.4268035888672,249.6999969482422,0.8074474930763245,0.8002868890762329,2.7000999450683594,=NA(),=NA(),4.265161991119385,1.4163999557495117,0.34380000829696655,0.08399999886751175,=NA(),20,1013.25,28.249324798583984,55.90483093261719,523.77001953125,506.8999938964844,16.8700008392334,21.846887588500977,3079.85009765625,3104.81005859375,3108.9501953125,40.637115478515625,4.781595706939697,4.730949878692627,47.27735900878906,5.023516654968262,0.01733974926173687,0,0.00037806248292326927,0,-24.9599609375,-4.14013671875
150,9,0,1,Day,,67.9788589477539,22.02114486694336,39.50325393676758,387.79998779296875,266.50408935546875,323.5,0.6872204542160034,4.449914455413818,2.3299999237060547,=NA(),=NA(),2.6524529457092285,1.4163999557495117,0.34380000829696655,0.08399999886751175,=NA(),20,1013.25,57.55121612548828,45.667598724365234,559.864990234375,513.864990234375,46,27.05999183654785,3322.699951171875,3294.030029296875,3296.35009765625,40.000389099121094,5.150614261627197,5.0277934074401855,46.73096466064453,5.417238235473633,0.01813424937427044,0,0.0009551249677315354,0,28.669921875,-2.320068359375
150,10,0,1,Day,,61.33881759643555,28.66118049621582,25.953969955444336,498.5,298.92156982421875,416.1099853515625,0.5996420383453369,7.989800930023193,1.3401000499725342,=NA(),=NA(),2.0788612365722656,1.4163999557495117,0.34380000829696655,0.08399999886751175,=NA(),20,1013.25,38.68319320678711,52.08980941772461,594.6199951171875,553.7750244140625,40.845001220703125,32.076255798339844,3513.9599609375,3427.2900390625,3430.453125,39.32769012451172,5.451777458190918,5.369684219360352,46.17804718017578,5.738155364990234,0.01932162418961525,0,0.0008478125091642141,0,86.669921875,-3.1630859375
150,11,0,1,Day,,57.5026741027832,32.4973258972168,10.39526653289795,554.510009765625,306.2366638183594,462.1099853515625,0.5522653460502625,10.540002822875977,0.5799999833106995,=NA(),=NA(),1.8573212623596191,1.4163999557495117,0.34380000829696655,0.08399999886751175,=NA(),20,1013.25,15.815299987792969,56.05489730834961,602.3299560546875,562.9199829101562,39.404998779296875,35.05376434326172,3528.889892578125,3408.139892578125,3412.253662109375,38.911590576171875,5.4807844161987305,5.450747489929199,45.798797607421875,5.774982929229736,0.019416937604546547,0,0.0008371250005438924,0,120.75,-4.11376953125
150,12,0,1,Day,,57.05310821533203,32.94689178466797,353.84283447265625,547.5900268554688,302.2052001953125,451.19000244140625,0.5518822073936462,12.909997940063477,0.6899999976158142,=NA(),=NA(),1.8349120616912842,1.4163999557495117,0.34380000829696655,0.08399999886751175,=NA(),20,1013.25,-9.397055625915527,56.546573638916016,588.9949951171875,550.4000244140625,38.599998474121094,36.933738708496094,3443.989990234375,3305.10986328125,3309.095703125,38.64131164550781,5.352266311645508,5.340295791625977,45.5101318359375,5.640500545501709,0.01894131302833557,0,0.00083318748511374,0,138.880126953125,-3.98583984375
150,13,0,1,Day,,60.067535400390625,29.932462692260742,337.8997802734375,481.510009765625,290.6456298828125,382.510009765625,0.6036128401756287,13.999994277954102,1.0700000524520874,=NA(),=NA(),1.9988383054733276,1.4163999557495117,0.34380000829696655,0.08399999886751175,=NA(),20,1013.25,-33.161556243896484,53.41191864013672,553.7149658203125,516.094970703125,37.625,36.527488708496094,3254.800048828125,3127.4599609375,3131.80859375,38.656612396240234,5.06354284286499,4.995254993438721,45.46051025390625,5.340422630310059,0.017925811931490898,0,0.0007801874889992177,0,127.340087890625,-4.3486328125
150,14,0,1,Day,,66.06478118896484,23.935218811035156,323.79766845703125,362.30999755859375,257.5938720703125,258.1099853515625,0.7109764218330383,14.200006484985352,1.3200000524520874,=NA(),=NA(),2.4537670612335205,1.4163999557495117,0.34380000829696655,0.08399999886751175,=NA(),20,1013.25,-53.07453918457031,47.52257537841797,478.95501708984375,437.25,41.70000076293945,33.68688201904297,2810.489990234375,2725.64990234375,2728.37109375,38.95674133300781,4.377337455749512,4.267779350280762,45.56803512573242,4.617144584655762,0.01532956212759018,0,0.0008666249923408031,0,84.840087890625,-2.72119140625
150,15,0,1,Day,,74.30438232421875,15.695613861083984,311.8741455078125,195.6999969482422,172.21853637695312,86.79900360107422,0.8800129890441895,14.390008926391602,1.4300999641418457,=NA(),=NA(),3.653254508972168,1.4163999557495117,0.34380000829696655,0.08399999886751175,=NA(),20,1013.25,-38.463539123535156,48.87417221069336,289.510009765625,270.32000732421875,19.184999465942383,26.15313148498535,1666.030029296875,1656.27001953125,1657.72705078125,39.50199508666992,2.6228489875793457,2.5598483085632324,45.64793395996094,2.7651588916778564,0.009322937577962875,0,0.00040768750477582216,0,9.760009765625,-1.45703125
150,16,0,1,Day,,84.0546875,5.945314407348633,301.83380126953125,27.895000457763672,27.84361457824707,0.4961000084877014,0.9981578588485718,13.450006484985352,1.8799999952316284,=NA(),=NA(),8.913440704345703,1.4163999557495117,0.34380000829696655,0.08399999886751175,=NA(),20,1013.25,-10.217245101928711,75.4144287109375,30.334999084472656,27.924999237060547,2.4049999713897705,14.711236953735352,152.0800018310547,157.88999938964844,157.81192016601562,37.88225173950195,0.2603655457496643,0.25833743810653687,43.24009323120117,0.28210029006004333,0.0009451250080019236,0,0.00005100000271340832,0,-5.80999755859375,0.0780792236328125
150,17,0,1,Night,Sun below height limit of 1 degrees.,89.56975555419922,0.4302421808242798,296.93994140625,0,0,0,0,7.420007228851318,2.0999999046325684,=NA(),0,32.173553466796875,1.4163999557495117,0.34380000829696655,0.08399999886751175,=NA(),20,1013.25,0,0,0,0,0,7.420007228851318,0,0,0,0,0,0,0,0,0,0,0,0,0,0
150,18,0,1,Night,,106.73780059814453,-16.73780059814453,285.29595947265625,0,0,0,0,4.860009670257568,2.2699999809265137,=NA(),0,64.81599426269531,1.4163999557495117,0.34380000829696655,0.08399999886751175,=NA(),20,1013.25,0,0,0,0,0,4.860009670257568,0,0,0,0,0,0,0,0,0,0,0,0,0,0
150,19,0,1,Night,,118.74108123779297,-28.741079330444336,277.6813659667969,0,0,0,0,2.8697142601013184,2.4100000858306885,=NA(),0,64.81599426269531,1.4163999557495117,0.34380000829696655,0.08399999886751175,=NA(),20,1013.25,0,0,0,0,0,2.8699889183044434,0,0,0,0,0,0,0,0,0,0,0,0,0,0
150,20,0,1,Night,,130.97531127929688,-40.97530746459961,269.5848693847656,0,0,0,0,1.990197777748108,2.530100107192993,=NA(),0,64.81599426269531,1.4163999557495117,0.34380000829696655,0.08399999886751175,=NA(),20,1013.25,0,0,0,0,0,1.990014672279358,0,0,0,0,0,0,0,0,0,0,0,0,0,0
150,21,0,1,Night,,143.18585205078125,-53.185848236083984,259.71240234375,0,0,0,0,1.340112328529358,2.5599000453948975,=NA(),0,64.81599426269531,1.4163999557495117,0.34380000829696655,0.08399999886751175,=NA(),20,1013.25,0,0,0,0,0,1.339990258216858,0,0,0,0,0,0,0,0,0,0,0,0,0,0
150,22,0,1,Night,,154.88978576660156,-64.88978576660156,244.82516479492188,0,0,0,0,0.7199035882949829,2.5599000453948975,=NA(),0,64.81599426269531,1.4163999557495117,0.34380000829696655,0.08399999886751175,=NA(),20,1013.25,0,0,0,0,0,0.7199951410293579,0,0,0,0,0,0,0,0,0,0,0,0,0,0
150,23,0,1,Night,,164.43055725097656,-74.4305648803711,214.58926391601562,0,0,0,0,-0.16031494736671448,2.5599000453948975,=NA(),0,64.81599426269531,1.4163999557495117,0.34380000829696655,0.08399999886751175,=NA(),20,1013.25,0,0,0,0,0,-0.16000977158546448,0,0,0,0,0,0,0,0,0,0,0,0,0,0
151,0,0,1,Night,,165.95001220703125,-75.95001220703125,158.3234405517578,0,0,0,0,0.13021239638328552,2.5799999237060547,=NA(),0,64.81599426269531,1.4163999557495117,0.34380000829696655,0.08399999886751175,=NA(),20,1013.25,0,0,0,0,0,0.12999877333641052,0,0,0,0,0,0,0,0,0,0,0,0,0,0
151,1,0,1,Night,,157.7248992919922,-67.72489929199219,120.80286407470703,0,0,0,0,-0.6601928472518921,2.5799999237060547,=NA(),0,64.81599426269531,1.4163999557495117,0.34380000829696655,0.08399999886751175,=NA(),20,1013.25,0,0,0,0,0,-0.6600097417831421,0,0,0,0,0,0,0,0,0,0,0,0,0,0
151,2,0,1,Night,,146.32908630371094,-56.3290901184082,103.41527557373047,0,0,0,0,-1.539709448814392,2.5899999141693115,=NA(),0,64.81599426269531,1.4163999557495117,0.34380000829696655,0.08399999886751175,=NA(),20,1013.25,0,0,0,0,0,-1.540014624595642,0,0,0,0,0,0,0,0,0,0,0,0,0,0
151,3,0,1,Night,,134.1895751953125,-44.189571380615234,92.68768310546875,0,0,0,0,-1.630102515220642,2.6900999546051025,=NA(),0,64.81599426269531,1.4163999557495117,0.34380000829696655,0.08399999886751175,=NA(),20,1013.25,0,0,0,0,0,-1.630010962486267,0,0,0,0,0,0,0,0,0,0,0,0,0,0
151,4,0,1,Night,,121.93965148925781,-31.939653396606445,84.28913116455078,0,0,0,0,-1.560308814048767,2.9000000953674316,=NA(),0,64.81599426269531,1.4163999557495117,0.34380000829696655,0.08399999886751175,=NA(),20,1013.25,0,0,0,0,0,-1.560003638267517,0,0,0,0,0,0,0,0,0,0,0,0,0,0
151,5,0,1,Night,,109.86299133300781,-19.862993240356445,76.62688446044922,0,0,0,0,-1.929907202720642,3.1500000953674316,=NA(),0,64.81599426269531,1.4163999557495117,0.34380000829696655,0.08399999886751175,=NA(),20,1013.25,0,0,0,0,0,-1.929998755455017,0,0,0,0,0,0,0,0,0,0,0,0,0,0
151,6,0,1,Night,,98.18585205078125,-8.1858549118042,68.88284301757812,0,0,0,0,-2.2197937965393066,3.2300000190734863,=NA(),0,64.81599426269531,1.4163999557495117,0.34380000829696655,0.08399999886751175,=NA(),20,1013.25,0,0,0,0,0,-2.2200074195861816,0,0,0,0,0,0,0,0,0,0,0,0,0,0
151,7,0,1,Day,,85.91150665283203,4.088493824005127,59.712799072265625,80.98999786376953,76.17073822021484,67.59400177001953,0.9404956102371216,-1.830206274986267,3.909899950027466,=NA(),=NA(),12.1001558303833,1.4163999557495117,0.34380000829696655,0.08399999886751175,=NA(),20,1013.25,6.838033676147461,80.01791381835938,119.12000274658203,115.02499389648438,4.09499979019165,3.2368712425231934,498.8699951171875,536.9400024414062,537.5853881835938,41.26554489135742,0.8142161965370178,0.8115406036376953,46.791969299316406,0.8608893752098083,0.0029685625340789557,0,0.00009043750469572842,0,-38.07000732421875,-0.6453857421875
151,8,0,1,Day,,76.79747009277344,13.20252799987793,50.831634521484375,247.88999938964844,200.61476135253906,206.99000549316406,0.8092894554138184,1.730310082435608,3.4298999309539795,=NA(),=NA(),4.304305076599121,1.4163999557495117,0.34380000829696655,0.08399999886751175,=NA(),20,1013.25,27.92444610595703,56.27001953125,417.17498779296875,401.8599853515625,15.315000534057617,18.4943790435791,2433.60009765625,2480.06005859375,2482.52392578125,40.937843322753906,3.790092706680298,3.744520902633667,47.312435150146484,3.9824817180633545,0.013728500343859196,0,0.00033999999868683517,0,-46.4599609375,-2.4638671875
151,9,0,1,Day,,68.11738586425781,21.88261604309082,39.444583892822266,380.9100036621094,262.907470703125,316.6099853515625,0.690208911895752,5.419793605804443,2.2399001121520996,=NA(),=NA(),2.6681952476501465,1.4163999557495117,0.34380000829696655,0.08399999886751175,=NA(),20,1013.25,57.699668884277344,45.77440643310547,550.02001953125,504.3900146484375,45.63500213623047,27.6556339263916,3261.419921875,3227.030029296875,3228.73974609375,39.91648483276367,5.055566310882568,4.933028221130371,46.62055969238281,5.3185858726501465,0.017796624451875687,0,0.0009464999893680215,0,34.389892578125,-1.709716796875
151,10,0,1,Day,,61.485206604003906,28.514795303344727,25.924646377563477,497.8999938964844,299.4030456542969,415.79998779296875,0.6013317108154297,8.800104141235352,1.839900016784668,=NA(),=NA(),2.0885536670684814,1.4163999557495117,0.34380000829696655,0.08399999886751175,=NA(),20,1013.25,38.82383728027344,52.210819244384766,594.3250122070312,553.4000244140625,40.92500305175781,32.886253356933594,3505.489990234375,3409.89990234375,3414.425537109375,39.199058532714844,5.444114685058594,5.361896991729736,46.06903839111328,5.732056140899658,0.019274186342954636,0,0.0008473750203847885,0,95.590087890625,-4.525634765625
151,11,0,1,Day,,57.6508674621582,32.3491325378418,10.406325340270996,555.1900024414062,307.294189453125,463.2900085449219,0.5534937381744385,12.159997940063477,1.7999999523162842,=NA(),=NA(),1.8648533821105957,1.4163999557495117,0.34380000829696655,0.08399999886751175,=NA(),20,1013.25,15.917253494262695,56.19208526611328,603.1650390625,563.6949462890625,39.47999954223633,36.74687957763672,3533.119873046875,3393,3396.713623046875,38.68669891357422,5.4875383377075195,5.4568190574646,45.581111907958984,5.784549236297607,0.019439687952399254,0,0.0008383750100620091,0,140.119873046875,-3.713623046875
151,12,0,1,Day,,57.19394302368164,32.80605697631836,353.89801025390625,543.0999755859375,301.2959289550781,446.29998779296875,0.5547706484794617,14.700006484985352,1.929900050163269,=NA(),=NA(),1.8418617248535156,1.4163999557495117,0.34380000829696655,0.08399999886751175,=NA(),20,1013.25,-9.364090919494629,56.693721771240234,584.14501953125,545.8349609375,38.30999755859375,38.56188201904297,3413.919921875,3258.260009765625,3261.8505859375,38.416587829589844,5.306710243225098,5.295802116394043,45.28169631958008,5.594461441040039,0.01877756230533123,0,0.0008270000107586384,0,155.659912109375,-3.590576171875
151,13,0,1,Day,,60.19282531738281,29.80717658996582,337.9906921386719,475.8999938964844,289.59344482421875,374.79998779296875,0.6085174083709717,16.0200138092041,2.0099000930786133,=NA(),=NA(),2.0064079761505127,1.4163999557495117,0.34380000829696655,0.08399999886751175,=NA(),20,1013.25,-33.19160842895508,53.55887985229492,546.9550170898438,509.6099853515625,37.349998474121094,38.311241149902344,3212.5400390625,3068.27001953125,3072.22021484375,38.40596008300781,4.9996161460876465,4.931242942810059,45.203922271728516,5.2756147384643555,0.017693687230348587,0,0.0007740624714642763,0,144.27001953125,-3.9501953125
151,14,0,1,Day,,66.17066955566406,23.829330444335938,323.9104309082031,350.20001220703125,254.65481567382812,236.49000549316406,0.7271696329116821,16.240015029907227,1.660099983215332,=NA(),=NA(),2.4639134407043457,1.4163999557495117,0.34380000829696655,0.08399999886751175,=NA(),20,1013.25,-53.13774108886719,47.66410446166992,459.92498779296875,418.7349853515625,41.189998626708984,34.99187469482422,2692.419921875,2599.5,2601.635498046875,38.74882507324219,4.196389675140381,4.087361812591553,45.31906509399414,4.42883825302124,0.014674687758088112,0,0.0008551250211894512,0,92.919921875,-2.135498046875
151,15,0,1,Day,,74.39102172851562,15.608979225158691,311.9980163574219,193.50999450683594,170.7705535888672,84.51100158691406,0.8824895620346069,15.360010147094727,1.1399999856948853,=NA(),=NA(),3.672497034072876,1.4163999557495117,0.34380000829696655,0.08399999886751175,=NA(),20,1013.25,-38.21327590942383,49.14287185668945,285.56500244140625,266.6199951171875,18.94499969482422,26.97625160217285,1641.949951171875,1627.800048828125,1629.0648193359375,39.37514114379883,2.585798978805542,2.5237979888916016,45.51282501220703,2.727038860321045,0.009191562421619892,0,0.00040281249675899744,0,14.14990234375,-1.2647705078125
151,16,0,1,Day,,84.12345886230469,5.87653923034668,301.96392822265625,21,20.96940803527832,0.298799991607666,0.9985432624816895,13.270013809204102,1.149999976158142,=NA(),=NA(),9.002689361572266,1.4163999557495117,0.34380000829696655,0.08399999886751175,=NA(),20,1013.25,-10.109040260314941,75.58621215820312,22.604999542236328,20.779998779296875,1.8199999332427979,14.214380264282227,111.15999603271484,115.72000122070312,115.59850311279297,37.482421875,0.1927543431520462,0.1912565976381302,42.799720764160156,0.21089568734169006,0.0007060000207275152,0,0.000038875001337146387,0,-4.560005187988281,0.12149810791015625
151,17,0,1,Night,Sun below height limit of 1 degrees.,89.59979248046875,0.4002063572406769,297.0970458984375,0,0,0,0,8.960290908813477,1.4600000381469727,=NA(),0,32.53465270996094,1.4163999557495117,0.34380000829696655,0.08399999886751175,=NA(),20,1013.25,0,0,0,0,0,8.959985733032227,0,0,0,0,0,0,0,0,0,0,0,0,0,0
151,18,0,1,Night,,106.78413391113281,-16.784135818481445,285.44122314453125,0,0,0,0,6.549890041351318,2.109999895095825,=NA(),0,64.81599426269531,1.4163999557495117,0.34380000829696655,0.08399999886751175,=NA(),20,1013.25,0,0,0,0,0,6.550012111663818,0,0,0,0,0,0,0,0,0,0,0,0,0,0
151,19,0,1,Night,,118.78097534179688,-28.780975341796875,277.8421325683594,0,0,0,0,4.209893703460693,2.6700000762939453,=NA(),0,64.81599426269531,1.4163999557495117,0.34380000829696655,0.08399999886751175,=NA(),20,1013.25,0,0,0,0,0,4.209985256195068,0,0,0,0,0,0,0,0,0,0,0,0,0,0
151,20,0,1,Night,,131.0126953125,-41.01268768310547,269.7721862792969,0,0,0,0,3.9699034690856934,2.990000009536743,=NA(),0,64.81599426269531,1.4163999557495117,0.34380000829696655,0.08399999886751175,=NA(),20,1013.25,0,0,0,0,0,3.9699950218200684,0,0,0,0,0,0,0,0,0,0,0,0,0,0
151,21,0,1,Night,,143.22711181640625,-53.22711181640625,259.94622802734375,0,0,0,0,3.2997984886169434,3.199899911880493,=NA(),0,64.81599426269531,1.4163999557495117,0.34380000829696655,0.08399999886751175,=NA(),20,1013.25,0,0,0,0,0,3.3000121116638184,0,0,0,0,0,0,0,0,0,0,0,0,0,0
151,22,0,1,Night,,154.94808959960938,-64.94808959960938,245.14031982421875,0,0,0,0,2.1797118186950684,3.26990008354187,=NA(),0,64.81599426269531,1.4163999557495117,0.34380000829696655,0.08399999886751175,=NA(),20,1013.25,0,0,0,0,0,2.1799864768981934,0,0,0,0,0,0,0,0,0,0,0,0,0,0
151,23,0,1,Night,,164.5359649658203,-74.53596496582031,214.96432495117188,0,0,0,0,2.1098875999450684,3.2300000190734863,=NA(),0,64.81599426269531,1.4163999557495117,0.34380000829696655,0.08399999886751175,=NA(),20,1013.25,0,0,0,0,0,2.1100096702575684,0,0,0,0,0,0,0,0,0,0,0,0,0,0