Day of year,Hour,Minute,Period (h),Flag,Message,Solar zenith (degrees),Solar elevation (degrees),Solar azimuth (degrees),GHI (W/m2),DHI (W/m2),DNI (W/m2),Diffuse fraction,Ambient temperature (°C),Wind velocity (m/s),Wind direction,Opaque cloud fraction,Air mass,Precipitable water vapour (cm),Ozone (atm.cm),Aerosol optical density,Relative humidity (%),Far field albedo (%),Surface pressure (mb),Module tilt (degrees),Incident angle (degrees),VF power for Tmod [average] (W/m2),VF power for Tmod front [average] (W/m2),VF power for Tmod rear [average] (W/m2),Module temperature [average] (C),Power - no mismatch @25C [unit-system] (W),Power - no mismatch [unit-system] (W),Power [unit-system] (W),Vmp [average] (V),Imp [average] (A),Imp [minimum] (A),Voc [average] (V),Isc [average] (A),Jfront [average] (A/cm2),Ifront [average] (A),Jrear [average] (A/cm2),Irear [average] (A),Temperature loss (W),Cell-to-cell mismatch loss (W)
60,0,0,1,Night,,137.19798278808594,-47.19798278808594,177.32916259765625,0,0,0,0,15.679986953735352,3.4000000953674316,=NA(),0,64.81599426269531,1.4163999557495117,0.34380000829696655,0.08399999886751175,=NA(),20,1013.25,0,0,0,0,0,15.679986953735352,0,0,0,0,0,0,0,0,0,0,0,0,0,0
60,1,0,1,Night,,134.39312744140625,-44.39312744140625,156.3295135498047,0,0,0,0,14.559991836547852,3.4700000286102295,=NA(),0,64.81599426269531,1.4163999557495117,0.34380000829696655,0.08399999886751175,=NA(),20,1013.25,0,0,0,0,0,14.559991836547852,0,0,0,0,0,0,0,0,0,0,0,0,0,0
60,2,0,1,Night,,127.77583312988281,-37.77583312988281,138.61476135253906,0,0,0,0,12.730005264282227,3.4900999069213867,=NA(),0,64.81599426269531,1.4163999557495117,0.34380000829696655,0.08399999886751175,=NA(),20,1013.25,0,0,0,0,0,12.730005264282227,0,0,0,0,0,0,0,0,0,0,0,0,0,0
60,3,0,1,Night,,118.59830474853516,-28.598302841186523,124.60858917236328,0,0,0,0,11.869989395141602,3.4298999309539795,=NA(),0,64.81599426269531,1.4163999557495117,0.34380000829696655,0.08399999886751175,=NA(),20,1013.25,0,0,0,0,0,11.869989395141602,0,0,0,0,0,0,0,0,0,0,0,0,0,0
60,4,0,1,Night,,107.88522338867188,-17.885223388671875,113.38838958740234,0,0,0,0,11.279993057250977,3.299999952316284,=NA(),0,64.81599426269531,1.4163999557495117,0.34380000829696655,0.08399999886751175,=NA(),20,1013.25,0,0,0,0,0,11.279993057250977,0,0,0,0,0,0,0,0,0,0,0,0,0,0
60,5,0,1,Night,Sun below height limit of 1 degrees.,89.84548950195312,0.15450897812843323,99.6281509399414,0,0,0,0,12.600000381469727,3.4700000286102295,=NA(),0,35.7138671875,1.4163999557495117,0.34380000829696655,0.08399999886751175,=NA(),20,1013.25,0,0,0,0,0,12.600000381469727,0,0,0,0,0,0,0,0,0,0,0,0,0,0
60,6,0,1,Day,,83.98104095458984,6.018956661224365,95.22174072265625,109.19999694824219,99.68952178955078,90.6989974975586,0.9129077196121216,13.490015029907227,3.7899999618530273,=NA(),=NA(),8.819721221923828,1.4163999557495117,0.34380000829696655,0.08399999886751175,=NA(),20,1013.25,8.788057327270508,75.23035430908203,178.16500854492188,171.8300018310547,6.335000038146973,21.056238174438477,805.260009765625,810.7100219726562,815.4971923828125,39.323184967041016,1.2961455583572388,1.2913804054260254,45.10181427001953,1.3713840246200562,0.00469293724745512,0,0.00013987500278744847,0,-5.45001220703125,-4.78717041015625
60,7,0,1,Day,,71.81318664550781,18.186811447143555,86.60160827636719,330.4100036621094,244.66856384277344,274.7099914550781,0.7404998540878296,18.68999671936035,4.420000076293945,=NA(),=NA(),3.176854133605957,1.4163999557495117,0.34380000829696655,0.08399999886751175,=NA(),20,1013.25,31.250547409057617,40.63895034790039,573.0599975585938,550.9450073242188,22.114999771118164,41.977500915527344,3422.8798828125,3212.75,3234.39599609375,37.9298095703125,5.329617500305176,5.269254684448242,44.840904235839844,5.628942489624023,0.01916475035250187,0,0.0004896874888800085,0,210.1298828125,-21.64599609375
60,8,0,1,Day,,59.69583511352539,30.304166793823242,77.15666198730469,547.5,316.80126953125,457.20001220703125,0.5786324739456177,25.20000648498535,5.080100059509277,=NA(),=NA(),1.9767653942108154,1.4163999557495117,0.34380000829696655,0.08399999886751175,=NA(),20,1013.25,59.05952072143555,11.06442642211914,867.7550048828125,808.969970703125,58.779998779296875,60.850608825683594,5290.31005859375,4652.97021484375,4682.27197265625,35.57012939453125,8.227386474609375,8.099631309509277,43.22517395019531,8.72427749633789,0.029069874435663223,0,0.001195187447592616,0,637.33984375,-29.3017578125
60,9,0,1,Day,,48.078330993652344,41.921669006347656,65.62738800048828,737.7999877929688,326.16827392578125,616.1099853515625,0.4420822560787201,26.339990615844727,6.179999828338623,=NA(),=NA(),1.4951130151748657,1.4163999557495117,0.34380000829696655,0.08399999886751175,=NA(),20,1013.25,45.41017532348633,17.88154411315918,994.6900024414062,940.3349609375,54.345001220703125,67.43938446044922,6011.83984375,5163.60009765625,5196.71337890625,34.696617126464844,9.361045837402344,9.288110733032227,42.63422393798828,9.946532249450684,0.03326212614774704,0,0.0011493124766275287,0,848.23974609375,-33.11328125
60,10,0,1,Day,,37.68605422973633,52.31394577026367,49.88542556762695,880.3099975585938,298.56427001953125,735.1099853515625,0.3391581177711487,27.959985733032227,7.21999979019165,=NA(),=NA(),1.262900948524475,1.4163999557495117,0.34380000829696655,0.08399999886751175,=NA(),20,1013.25,30.573509216308594,23.19700813293457,1045.784912109375,988,57.78499984741211,71.31688690185547,6352.39013671875,5378.35986328125,5410.49560546875,34.19388961791992,9.889369010925293,9.843571662902832,42.24932098388672,10.508514404296875,0.03512656316161156,0,0.001253187539987266,0,974.0302734375,-32.1357421875
60,11,0,1,Day,,30.013370513916016,59.986629486083984,26.78414535522461,970.2100219726562,268.7287292480469,810.1099853515625,0.2769799530506134,28.839990615844727,8.270099639892578,=NA(),=NA(),1.1544322967529297,1.4163999557495117,0.34380000829696655,0.08399999886751175,=NA(),20,1013.25,14.590953826904297,26.52163314819336,1067.1099853515625,997.864990234375,69.25,73.24687957763672,6437.18994140625,5410.5302734375,5443.23779296875,33.936729431152344,10.02460765838623,10.01424503326416,42.02907180786133,10.65821647644043,0.03536618873476982,0,0.0015052499948069453,0,1026.65966796875,-32.70751953125
60,12,0,1,Day,,27.549442291259766,62.450557708740234,356.0208740234375,975.7899780273438,253.03271484375,815.1900024414062,0.25931063294410706,29.800012588500977,8.960000038146973,=NA(),=NA(),1.1275304555892944,1.4163999557495117,0.34380000829696655,0.08399999886751175,=NA(),20,1013.25,-2.073206663131714,27.477415084838867,1047.2900390625,976.3399658203125,70.94999694824219,73.36376190185547,6325.009765625,5313.43994140625,5345.65478515625,33.92230224609375,9.849079132080078,9.82766342163086,41.977516174316406,10.476515769958496,0.03465137630701065,0,0.001570250024087727,0,1011.56982421875,-32.21484375
60,13,0,1,Day,,31.564329147338867,58.435672760009766,326.6948547363281,918.6900024414062,266.9631652832031,764.8900146484375,0.29059112071990967,29.7600040435791,9.159899711608887,=NA(),=NA(),1.1731644868850708,1.4163999557495117,0.34380000829696655,0.08399999886751175,=NA(),20,1013.25,-18.641111373901367,25.94334602355957,1024.875,961.27001953125,63.60499572753906,72.37248992919922,6204.60009765625,5231.56982421875,5261.32275390625,34.06831741333008,9.652154922485352,9.630143165588379,42.06483459472656,10.255354881286621,0.03413587436079979,0,0.0013889999827370048,0,973.0302734375,-29.7529296875
60,14,0,1,Day,,40.13052749633789,49.86947250366211,305.7348937988281,796.1900024414062,299.29833984375,649.8900146484375,0.37591320276260376,29.6299991607666,9.159899711608887,=NA(),=NA(),1.3070405721664429,1.4163999557495117,0.34380000829696655,0.08399999886751175,=NA(),20,1013.25,-34.38297653198242,22.112672805786133,971.3099975585938,918.97998046875,52.334999084472656,69.83626556396484,5890.5400390625,5013.52978515625,5045.34228515625,34.38206481933594,9.17147159576416,9.127554893493652,42.284053802490234,9.755064010620117,0.03257349878549576,0,0.0011388125130906701,0,877.01025390625,-31.8125
60,15,0,1,Day,,50.93844223022461,39.06155776977539,291.3286437988281,612.0999755859375,321.47247314453125,461.20001220703125,0.5251960158348083,29.110010147094727,9.109999656677246,=NA(),=NA(),1.5848088264465332,1.4163999557495117,0.34380000829696655,0.08399999886751175,=NA(),20,1013.25,-48.93644714355469,16.404388427734375,838.85498046875,785.675048828125,53.185001373291016,63.70561981201172,5075.27001953125,4416.330078125,4444.07763671875,35.18202209472656,7.894924163818359,7.794461250305176,42.773433685302734,8.379138946533203,0.027915125712752342,0,0.001119874999858439,0,658.93994140625,-27.74755859375
60,16,0,1,Day,,62.74275207519531,27.257247924804688,280.4909973144531,399.989990234375,286.3223571777344,248.19000244140625,0.7158238291740417,28.4999942779541,8.479999542236328,=NA(),=NA(),2.176271677017212,1.4163999557495117,0.34380000829696655,0.08399999886751175,=NA(),20,1013.25,-60,9.603771209716797,626.489990234375,571.9649658203125,54.525001525878906,54.25749969482422,3742.090087890625,3364.820068359375,3386.347900390625,36.325523376464844,5.826584339141846,5.692903995513916,43.40396499633789,6.17335319519043,0.020348500460386276,0,0.0011099999537691474,0,377.27001953125,-21.52783203125
60,17,0,1,Day,,74.92977905273438,15.070223808288574,271.3651428222656,168.6999969482422,156.71412658691406,46.0989990234375,0.9289515614509583,26.92998695373535,6.090000152587891,=NA(),=NA(),3.796987295150757,1.4163999557495117,0.34380000829696655,0.08399999886751175,=NA(),20,1013.25,-24.145395278930664,50.79267120361328,243.5,229.27000427246094,14.235000610351562,36.91936492919922,1385.300048828125,1319.72998046875,1327.81591796875,37.7525520324707,2.19821834564209,2.1667819023132324,43.874176025390625,2.325507402420044,0.007835937663912773,0,0.00030300000798888505,0,65.570068359375,-8.0859375
60,18,0,1,Night,Sun above horizon but GHI below 1,85.68782043457031,4.312179088592529,263.7950744628906,0,0,0,0,24.540002822875977,4.360000133514404,=NA(),0,11.609199523925781,1.4163999557495117,0.34380000829696655,0.08399999886751175,=NA(),20,1013.25,0,0,0,0,0,24.540002822875977,0,0,0,0,0,0,0,0,0,0,0,0,0,0
60,19,0,1,Night,,99.36177062988281,-9.361769676208496,254.05111694335938,0,0,0,0,22.779993057250977,3.7200000286102295,=NA(),0,64.81599426269531,1.4163999557495117,0.34380000829696655,0.08399999886751175,=NA(),20,1013.25,0,0,0,0,0,22.779993057250977,0,0,0,0,0,0,0,0,0,0,0,0,0,0
60,20,0,1,Night,,110.80742645263672,-20.807422637939453,244.2386016845703,0,0,0,0,20.93999671936035,3.5000998973846436,=NA(),0,64.81599426269531,1.4163999557495117,0.34380000829696655,0.08399999886751175,=NA(),20,1013.25,0,0,0,0,0,20.93999671936035,0,0,0,0,0,0,0,0,0,0,0,0,0,0
60,21,0,1,Night,,121.26299285888672,-31.262990951538086,232.4495849609375,0,0,0,0,17.5200138092041,4.099999904632568,=NA(),0,64.81599426269531,1.4163999557495117,0.34380000829696655,0.08399999886751175,=NA(),20,1013.25,0,0,0,0,0,17.5200138092041,0,0,0,0,0,0,0,0,0,0,0,0,0,0
60,22,0,1,Night,,129.97586059570312,-39.975860595703125,217.57688903808594,0,0,0,0,18.850000381469727,4.859899997711182,=NA(),0,64.81599426269531,1.4163999557495117,0.34380000829696655,0.08399999886751175,=NA(),20,1013.25,0,0,0,0,0,18.850000381469727,0,0,0,0,0,0,0,0,0,0,0,0,0,0
60,23,0,1,Night,,135.82687377929688,-45.826873779296875,198.84413146972656,0,0,0,0,18.05999183654785,4.859899997711182,=NA(),0,64.81599426269531,1.4163999557495117,0.34380000829696655,0.08399999886751175,=NA(),20,1013.25,0,0,0,0,0,18.05999183654785,0,0,0,0,0,0,0,0,0,0,0,0,0,0
61,0,0,1,Night,,137.57559204101562,-47.57558822631836,177.23587036132812,0,0,0,0,16.45000648498535,4.269999980926514,=NA(),0,64.81599426269531,1.4163999557495117,0.34380000829696655,0.08399999886751175,=NA(),20,1013.25,0,0,0,0,0,16.45000648498535,0,0,0,0,0,0,0,0,0,0,0,0,0,0
61,1,0,1,Night,,134.7351837158203,-44.73517990112305,156.08778381347656,0,0,0,0,14.879999160766602,4.119999885559082,=NA(),0,64.81599426269531,1.4163999557495117,0.34380000829696655,0.08399999886751175,=NA(),20,1013.25,0,0,0,0,0,14.879999160766602,0,0,0,0,0,0,0,0,0,0,0,0,0,0
61,2,0,1,Night,,128.06712341308594,-38.0671272277832,138.2994842529297,0,0,0,0,12.990015029907227,4.28000020980835,=NA(),0,64.81599426269531,1.4163999557495117,0.34380000829696655,0.08399999886751175,=NA(),20,1013.25,0,0,0,0,0,12.990015029907227,0,0,0,0,0,0,0,0,0,0,0,0,0,0
61,3,0,1,Night,,118.84337615966797,-28.8433780670166,124.27281951904297,0,0,0,0,11.700006484985352,4.340000152587891,=NA(),0,64.81599426269531,1.4163999557495117,0.34380000829696655,0.08399999886751175,=NA(),20,1013.25,0,0,0,0,0,11.700006484985352,0,0,0,0,0,0,0,0,0,0,0,0,0,0
61,4,0,1,Night,,108.09562683105469,-18.095630645751953,113.05170440673828,0,0,0,0,10.110010147094727,4.179999828338623,=NA(),0,64.81599426269531,1.4163999557495117,0.34380000829696655,0.08399999886751175,=NA(),20,1013.25,0,0,0,0,0,10.110010147094727,0,0,0,0,0,0,0,0,0,0,0,0,0,0
61,5,0,1,Night,Sun below height limit of 1 degrees.,89.91534423828125,0.08465526252985,99.22753143310547,0,0,0,0,8.350091934204102,4.809999942779541,=NA(),0,36.69405746459961,1.4163999557495117,0.34380000829696655,0.08399999886751175,=NA(),20,1013.25,0,0,0,0,0,8.350000381469727,0,0,0,0,0,0,0,0,0,0,0,0,0,0
61,6,0,1,Day,,84.152099609375,5.847902297973633,94.87928009033203,114.30000305175781,104.57998657226562,95.39900207519531,0.914960503578186,10.040002822875977,5.320099830627441,=NA(),=NA(),9.04035758972168,1.4163999557495117,0.34380000829696655,0.08399999886751175,=NA(),20,1013.25,8.525991439819336,75.65771484375,190.88499450683594,184.58499145507812,6.305000305175781,18.15313148498535,847.8200073242188,862,867.3292846679688,39.7996826171875,1.362022876739502,1.35749089717865,45.587852478027344,1.4392127990722656,0.004938750062137842,0,0.00013943749945610762,0,-14.17999267578125,-5.32928466796875
61,7,0,1,Day,,71.98688507080078,18.013113021850586,86.24263763427734,346.8999938964844,257.3147277832031,289.70001220703125,0.7417547702789307,12.399988174438477,4.859899997711182,=NA(),=NA(),3.205864906311035,1.4163999557495117,0.34380000829696655,0.08399999886751175,=NA(),20,1013.25,30.82652473449707,41.25147247314453,607.3900146484375,584.8900146484375,22.5,36.962486267089844,3637.280029296875,3473.179931640625,3496.50048828125,38.648433685302734,5.65438175201416,5.5927276611328125,45.605621337890625,5.962018966674805,0.020370813086628914,0,0.0004951250157319009,0,164.10009765625,-23.320556640625
61,8,0,1,Day,,59.881351470947266,30.1186466217041,76.76880645751953,570.7000122070312,331.5909729003906,476.510009765625,0.5810250043869019,14.619989395141602,4.549900054931641,=NA(),=NA(),1.9877108335494995,1.4163999557495117,0.34380000829696655,0.08399999886751175,=NA(),20,1013.25,59.207847595214844,11.418817520141602,907.6950073242188,846.3200073242188,61.380001068115234,51.636253356933594,5531.7998046875,5029.08984375,5061.16943359375,36.800628662109375,8.595807075500488,8.4631986618042,44.49798583984375,9.08938217163086,0.03040362522006035,0,0.0012457499979063869,0,502.7099609375,-32.07958984375
61,9,0,1,Day,,48.29225158691406,41.70774841308594,65.20051574707031,760.3099975585938,337.9576721191406,634.7999877929688,0.4444998502731323,17.1299991607666,4.730000019073486,=NA(),=NA(),1.5013428926467896,1.4163999557495117,0.34380000829696655,0.08399999886751175,=NA(),20,1013.25,45.52775573730469,18.24827003479004,1024.919921875,968.375,56.54499816894531,59.21373748779297,6190.009765625,5480.18994140625,5515.513671875,35.781578063964844,9.634068489074707,9.556297302246094,43.748374938964844,10.207661628723145,0.03424643725156784,0,0.0011938749812543392,0,709.81982421875,-35.32373046875
61,10,0,1,Day,,37.95051574707031,52.04948425292969,49.432437896728516,895.7000122070312,305.9493103027344,747.9000244140625,0.34157565236091614,18.600000381469727,5.160099983215332,=NA(),=NA(),1.2674221992492676,1.4163999557495117,0.34380000829696655,0.08399999886751175,=NA(),20,1013.25,30.644187927246094,23.575000762939453,1063.7349853515625,1004.6099853515625,59.125,62.384361267089844,6456.52001953125,5651.68017578125,5686.390625,35.36357879638672,10.049875259399414,10.003191947937012,43.427242279052734,10.649953842163086,0.035700686275959015,0,0.0012825625017285347,0,804.83984375,-34.71044921875
61,11,0,1,Day,,30.348642349243164,59.65135955810547,26.41315460205078,977.7999877929688,273.1875,816.5,0.2793899476528168,20.7700138092041,5.579899787902832,=NA(),=NA(),1.1583592891693115,1.4163999557495117,0.34380000829696655,0.08399999886751175,=NA(),20,1013.25,14.598409652709961,26.905231475830078,1075.409912109375,1005.510009765625,69.89500427246094,65.24312591552734,6485.9599609375,5618.2900390625,5652.6298828125,34.9877815246582,10.097503662109375,10.087139129638672,43.07094955444336,10.70671272277832,0.035635437816381454,0,0.001518749981187284,0,867.669921875,-34.33984375
61,12,0,1,Day,,27.932209014892578,62.06779098510742,355.962158203125,983.9000244140625,258.0144348144531,821.5999755859375,0.26223644614219666,21.969995498657227,6.010000228881836,=NA(),=NA(),1.1314908266067505,1.4163999557495117,0.34380000829696655,0.08399999886751175,=NA(),20,1013.25,-2.1380655765533447,27.856834411621094,1056.114990234375,984.489990234375,71.625,65.64623260498047,6376.16015625,5514.56005859375,5548.2998046875,34.93751525878906,9.925399780273438,9.905718803405762,42.98440170288086,10.529104232788086,0.03493287414312363,0,0.001584624988026917,0,861.60009765625,-33.73974609375
61,13,0,1,Day,,31.92621612548828,58.07378387451172,326.93804931640625,927.7000122070312,270.1041564941406,774.7999877929688,0.2911546230316162,23.4999942779541,6.229899883270264,=NA(),=NA(),1.1777478456497192,1.4163999557495117,0.34380000829696655,0.08399999886751175,=NA(),20,1013.25,-18.77385711669922,26.308212280273438,1035.375,971.135009765625,64.23999786376953,66.33187103271484,6266.64990234375,5405.72021484375,5437.57763671875,34.85774612426758,9.749585151672363,9.730301856994629,42.861385345458984,10.341251373291016,0.03448062390089035,0,0.0014030624879524112,0,860.9296875,-31.857421875
61,14,0,1,Day,,40.44664764404297,49.55335235595703,306.0718078613281,803.1099853515625,299.3896179199219,661.9099731445312,0.37278780341148376,24.459985733032227,6.269999980926514,=NA(),=NA(),1.313151240348816,1.4163999557495117,0.34380000829696655,0.08399999886751175,=NA(),20,1013.25,-34.568214416503906,22.456205368041992,981.4299926757812,928.7650146484375,52.66999816894531,64.92626190185547,5952.5302734375,5160.43994140625,5193.4072265625,35.030460357666016,9.265884399414062,9.221535682678223,42.93706512451172,9.838375091552734,0.032922375947237015,0,0.0011470000026747584,0,792.09033203125,-32.96728515625
61,15,0,1,Day,,51.220191955566406,38.779808044433594,291.66387939453125,635.1099853515625,318.3691101074219,505.7099914550781,0.5012818574905396,24.839990615844727,6.219900131225586,=NA(),=NA(),1.5944483280181885,1.4163999557495117,0.34380000829696655,0.08399999886751175,=NA(),20,1013.25,-49.15644454956055,16.725257873535156,878.3699951171875,824.6650390625,53.70500183105469,60.956260681152344,5322.919921875,4680,4709.96875,35.55328369140625,8.279897689819336,8.182942390441895,43.22385787963867,8.780768394470215,0.029317624866962433,0,0.0011340000201016665,0,642.919921875,-29.96875
61,16,0,1,Day,,63.005245208740234,26.994754791259766,280.8056640625,414,286.67852783203125,280.5,0.6924602389335632,24.18999671936035,5.46999979019165,=NA(),=NA(),2.195648670196533,1.4163999557495117,0.34380000829696655,0.08399999886751175,=NA(),20,1013.25,-60,9.955591201782227,660.7049560546875,605.9249877929688,54.78499984741211,51.26311492919922,3956.2099609375,3596.639892578125,3619.768310546875,36.7592887878418,6.154706954956055,6.021493911743164,43.90114212036133,6.513733863830566,0.021552875638008118,0,0.0011175000108778477,0,359.570068359375,-23.12841796875
61,17,0,1,Day,,75.18455505371094,14.815448760986328,271.6615295410156,172.10000610351562,158.5738983154297,52.89699935913086,0.921405553817749,22.9999942779541,3.549999952316284,=NA(),=NA(),3.8589155673980713,1.4163999557495117,0.34380000829696655,0.08399999886751175,=NA(),20,1013.25,-23.6356258392334,51.56084442138672,251.69000244140625,237.55499267578125,14.135000228881836,33.288108825683594,1433.3199462890625,1383.260009765625,1391.9716796875,38.30321502685547,2.271301507949829,2.241196393966675,44.42606735229492,2.3999104499816895,0.008109812624752522,0,0.00030187499942258,0,50.0599365234375,-8.711669921875
61,18,0,1,Night,Sun above horizon but GHI below 1,85.80455780029297,4.195445537567139,264.1748352050781,0,0,0,0,20.409997940063477,3.5399999618530273,=NA(),0,11.86070728302002,1.4163999557495117,0.34380000829696655,0.08399999886751175,=NA(),20,1013.25,0,0,0,0,0,20.409997940063477,0,0,0,0,0,0,0,0,0,0,0,0,0,0
61,19,0,1,Night,,99.6336669921875,-9.633666038513184,254.3273468017578,0,0,0,0,18.350000381469727,3.7400999069213867,=NA(),0,64.81599426269531,1.4163999557495117,0.34380000829696655,0.08399999886751175,=NA(),20,1013.25,0,0,0,0,0,18.350000381469727,0,0,0,0,0,0,0,0,0,0,0,0,0,0
61,20,0,1,Night,,111.09955596923828,-21.09955406188965,244.50668334960938,0,0,0,0,16.850000381469727,3.829900026321411,=NA(),0,64.81599426269531,1.4163999557495117,0.34380000829696655,0.08399999886751175,=NA(),20,1013.25,0,0,0,0,0,16.850000381469727,0,0,0,0,0,0,0,0,0,0,0,0,0,0
61,21,0,1,Night,,121.58393096923828,-31.583934783935547,232.69818115234375,0,0,0,0,15.369989395141602,3.6698999404907227,=NA(),0,64.81599426269531,1.4163999557495117,0.34380000829696655,0.08399999886751175,=NA(),20,1013.25,0,0,0,0,0,15.369989395141602,0,0,0,0,0,0,0,0,0,0,0,0,0,0
61,22,0,1,Night,,130.33090209960938,-40.33089828491211,217.7719268798828,0,0,0,0,13.300012588500977,3.140000104904175,=NA(),0,64.81599426269531,1.4163999557495117,0.34380000829696655,0.08399999886751175,=NA(),20,1013.25,0,0,0,0,0,13.300012588500977,0,0,0,0,0,0,0,0,0,0,0,0,0,0
61,23,0,1,Night,,136.20831298828125,-46.20831298828125,198.92108154296875,0,0,0,0,11.700006484985352,2.2100000381469727,=NA(),0,64.81599426269531,1.4163999557495117,0.34380000829696655,0.08399999886751175,=NA(),20,1013.25,0,0,0,0,0,11.700006484985352,0,0,0,0,0,0,0,0,0,0,0,0,0,0
62,0,0,1,Night,,137.95510864257812,-47.95510482788086,177.1380157470703,0,0,0,0,11.279993057250977,1.9500000476837158,=NA(),0,64.81599426269531,1.4163999557495117,0.34380000829696655,0.08399999886751175,=NA(),20,1013.25,0,0,0,0,0,11.279993057250977,0,0,0,0,0,0,0,0,0,0,0,0,0,0
62,1,0,1,Night,,135.07797241210938,-45.077980041503906,155.83953857421875,0,0,0,0,9.920190811157227,2.3701000213623047,=NA(),0,64.81599426269531,1.4163999557495117,0.34380000829696655,0.08399999886751175,=NA(),20,1013.25,0,0,0,0,0,9.920007705688477,0,0,0,0,0,0,0,0,0,0,0,0,0,0
62,2,0,1,Night,,128.3582305908203,-38.35822677612305,137.97821044921875,0,0,0,0,8.850000381469727,2.719899892807007,=NA(),0,64.81599426269531,1.4163999557495117,0.34380000829696655,0.08399999886751175,=NA(),20,1013.25,0,0,0,0,0,8.850000381469727,0,0,0,0,0,0,0,0,0,0,0,0,0,0
62,3,0,1,Night,,119.087890625,-29.087890625,123.932373046875,0,0,0,0,7.779687404632568,3,=NA(),0,64.81599426269531,1.4163999557495117,0.34380000829696655,0.08399999886751175,=NA(),20,1013.25,0,0,0,0,0,7.779992580413818,0,0,0,0,0,0,0,0,0,0,0,0,0,0
62,4,0,1,Night,,108.30537414550781,-18.305376052856445,112.7114028930664,0,0,0,0,6.900201320648193,3.090100049972534,=NA(),0,64.81599426269531,1.4163999557495117,0.34380000829696655,0.08399999886751175,=NA(),20,1013.25,0,0,0,0,0,6.899987697601318,0,0,0,0,0,0,0,0,0,0,0,0,0,0
62,5,0,1,Night,Sun below height limit of 1 degrees.,89.99092864990234,0.009070263244211674,98.82661437988281,0,0,0,0,6.329797267913818,3.4800000190734863,=NA(),0,37.79420852661133,1.4163999557495117,0.34380000829696655,0.08399999886751175,=NA(),20,1013.25,0,0,0,0,0,6.330010890960693,0,0,0,0,0,0,0,0,0,0,0,0,0,0
62,6,0,1,Day,,84.32333374023438,5.676662921905518,94.53441619873047,107.30000305175781,98.45675659179688,89.40299987792969,0.9175838828086853,8.399896621704102,4.670000076293945,=NA(),=NA(),9.271982192993164,1.4163999557495117,0.34380000829696655,0.08399999886751175,=NA(),20,1013.25,8.264906883239746,76.0848617553711,176.76998901367188,170.69500732421875,6.079999923706055,15.911249160766602,779.5599975585938,798.8099975585938,803.8690795898438,40.00818634033203,1.2557885646820068,1.2517491579055786,45.756919860839844,1.326614260673523,0.004551187623292208,0,0.00013425000361166894,0,-19.25,-5.05908203125
62,7,0,1,Day,,72.1617660522461,17.83823585510254,85.88165283203125,331.989990234375,247.0169219970703,277.3900146484375,0.7440493106842041,13.270013809204102,4.060100078582764,=NA(),=NA(),3.235635757446289,1.4163999557495117,0.34380000829696655,0.08399999886751175,=NA(),20,1013.25,30.407411575317383,41.86128234863281,577.4249877929688,555.6799926757812,21.744998931884766,36.618736267089844,3455.97998046875,3303.5400390625,3325.87939453125,38.666255950927734,5.375978469848633,5.31653356552124,45.55769729614258,5.668347358703613,0.019368687644600868,0,0.0004728125059045851,0,152.43994140625,-22.33935546875
62,8,0,1,Day,,60.068580627441406,29.931419372558594,76.37940216064453,554.2899780273438,323.3699035644531,462.79998779296875,0.5833948254585266,16.57000160217285,2.5,=NA(),=NA(),1.998901128768921,1.4163999557495117,0.34380000829696655,0.08399999886751175,=NA(),20,1013.25,59.356807708740234,11.775795936584473,882.6099853515625,822.4300537109375,60.18000030517578,52.58873748779297,5375.669921875,4870.39013671875,4901.833984375,36.669227600097656,8.355023384094238,8.224992752075195,44.32009506225586,8.840532302856445,0.029535062611103058,0,0.0012187500251457095,0,505.27978515625,-31.44384765625
62,9,0,1,Day,,48.50804901123047,41.49195098876953,64.77295684814453,740.6900024414062,330.9312438964844,618.489990234375,0.4467877745628357,19.159997940063477,1.6299999952316284,=NA(),=NA(),1.5077016353607178,1.4163999557495117,0.34380000829696655,0.08399999886751175,=NA(),20,1013.25,45.64530944824219,18.617538452148438,999.6799926757812,944.47998046875,55.20500183105469,60.24498748779297,6037.9501953125,5325.22021484375,5359.56005859375,35.648345947265625,9.396645545959473,9.319374084472656,43.566707611083984,9.960071563720703,0.033397626131772995,0,0.0011646250495687127,0,712.72998046875,-34.33984375
62,10,0,1,Day,,38.217308044433594,51.782691955566406,48.98048782348633,875.2100219726562,301.03448486328125,730.8099975585938,0.343956857919693,21.80999183654785,2.049999952316284,=NA(),=NA(),1.2720434665679932,1.4163999557495117,0.34380000829696655,0.08399999886751175,=NA(),20,1013.25,30.714170455932617,23.955507278442383,1039.875,982.114990234375,57.75499725341797,64.6675033569336,6311.990234375,5478.68017578125,5513.1875,35.06123733520508,9.827786445617676,9.783528327941895,43.089351654052734,10.427447319030762,0.0348920002579689,0,0.0012539374874904752,0,833.31005859375,-34.50732421875
62,11,0,1,Day,,30.686124801635742,59.313873291015625,26.0445613861084,963,271.493408203125,804.0999755859375,0.28192460536956787,23.07000160217285,2.70989990234375,=NA(),=NA(),1.1623793840408325,1.4163999557495117,0.34380000829696655,0.08399999886751175,=NA(),20,1013.25,14.604100227355957,27.291107177734375,1059.114990234375,990.2349853515625,68.8800048828125,66.91686248779297,6388.830078125,5499.6201171875,5533.4140625,34.76844024658203,9.946907043457031,9.936870574951172,42.825721740722656,10.556160926818848,0.03509499877691269,0,0.0014959999825805426,0,889.2099609375,-33.7939453125
62,12,0,1,Day,,28.317094802856445,61.68290328979492,355.90087890625,1004.2000122070312,266.03839111328125,838.5,0.26492568850517273,23.540002822875977,3.2899999618530273,=NA(),=NA(),1.1355524063110352,1.4163999557495117,0.34380000829696655,0.08399999886751175,=NA(),20,1013.25,-2.205764055252075,28.238149642944336,1078.050048828125,1004.8349609375,73.21499633789062,68.22624969482422,6506.31005859375,5573.830078125,5607.255859375,34.59698486328125,10.129597663879395,10.110859870910645,42.69537353515625,10.753488540649414,0.03565293923020363,0,0.0016188749577850103,0,932.47998046875,-33.42578125
62,13,0,1,Day,,32.29123306274414,57.70876693725586,327.17437744140625,538.7100219726562,420.3534851074219,140.00999450683594,0.7802963852882385,24.300012588500977,4.019999980926514,=NA(),=NA(),1.1824551820755005,1.4163999557495117,0.34380000829696655,0.08399999886751175,=NA(),20,1013.25,-18.910194396972656,26.6744441986084,590.2950439453125,544.1600341796875,46.13500213623047,48.545616149902344,3484.22998046875,3196.5400390625,3216.7666015625,37.0623893737793,5.424598693847656,5.382821083068848,44.01559066772461,5.739574432373047,0.01902131177484989,0,0.000980187556706369,0,287.68994140625,-20.2265625
62,14,0,1,Day,,40.7665901184082,49.2334098815918,306.4037780761719,581.1900024414062,380.9473571777344,264.3900146484375,0.6554609537124634,24.58001136779785,4.670000076293945,=NA(),=NA(),1.3194352388381958,1.4163999557495117,0.34380000829696655,0.08399999886751175,=NA(),20,1013.25,-34.75729751586914,22.800559997558594,683.0350341796875,634.0700073242188,48.970001220703125,52.607505798339844,4079.2900390625,3691.5,3715.270263671875,36.59148406982422,6.345916748046875,6.267850875854492,43.785072326660156,6.718833923339844,0.02233712561428547,0,0.0010305000469088554,0,387.7900390625,-23.770263671875
62,15,0,1,Day,,51.50580978393555,38.49419021606445,291.9964904785156,686.7999877929688,329.715087890625,573.6900024414062,0.480074405670166,24.600000381469727,4.980000019073486,=NA(),=NA(),1.604379653930664,1.4163999557495117,0.34380000829696655,0.08399999886751175,=NA(),20,1013.25,-49.380126953125,17.04659652709961,962.8399658203125,907.5650024414062,55.275001525878906,64.24373626708984,5847.64013671875,5081.8798828125,5114.95068359375,35.11750793457031,9.103397369384766,9.010544776916504,42.988929748535156,9.665956497192383,0.032292187213897705,0,0.0011729999678209424,0,765.76025390625,-33.07080078125
62,16,0,1,Day,,63.27152633666992,26.728473663330078,281.1190490722656,269.1099853515625,243.9201202392578,56.00699996948242,0.906395673751831,24.409997940063477,4.409999847412109,=NA(),=NA(),2.2157070636749268,1.4163999557495117,0.34380000829696655,0.08399999886751175,=NA(),20,1013.25,-60,10.310961723327637,357.2550048828125,307.8800048828125,49.37999725341797,39.14812469482422,2042.530029296875,1932.800048828125,1941.5555419921875,37.98706817626953,3.1943552494049072,3.066228151321411,44.269813537597656,3.3851523399353027,0.01085718721151352,0,0.0010036249877884984,0,109.72998046875,-8.7554931640625
62,17,0,1,Day,,75.44324493408203,14.556754112243652,271.9574279785156,163.41000366210938,152.07235717773438,45.10900115966797,0.930618405342102,23.93999671936035,3.090100049972534,=NA(),=NA(),3.9239425659179688,1.4163999557495117,0.34380000829696655,0.08399999886751175,=NA(),20,1013.25,-23.125825881958008,52.33347702026367,235.85000610351562,222.26499938964844,13.59000015258789,33.589988708496094,1337.3599853515625,1289.0899658203125,1297.304931640625,38.17239761352539,2.124084949493408,2.095848798751831,44.26280212402344,2.245105266571045,0.00757618760690093,0,0.000290312513243407,0,48.27001953125,-8.2149658203125
62,18,0,1,Night,Sun above horizon but GHI below 1,85.93621063232422,4.063791275024414,264.5477600097656,0,0,0,0,20.80999183654785,3.2100000381469727,=NA(),0,12.15673828125,1.4163999557495117,0.34380000829696655,0.08399999886751175,=NA(),20,1013.25,0,0,0,0,0,20.80999183654785,0,0,0,0,0,0,0,0,0,0,0,0,0,0
62,19,0,1,Night,,99.90748596191406,-9.907485008239746,254.60409545898438,0,0,0,0,15.350000381469727,3.279900074005127,=NA(),0,64.81599426269531,1.4163999557495117,0.34380000829696655,0.08399999886751175,=NA(),20,1013.25,0,0,0,0,0,15.350000381469727,0,0,0,0,0,0,0,0,0,0,0,0,0,0
62,20,0,1,Night,,111.39388275146484,-21.393878936767578,244.77569580078125,0,0,0,0,12.820001602172852,3.26990008354187,=NA(),0,64.81599426269531,1.4163999557495117,0.34380000829696655,0.08399999886751175,=NA(),20,1013.25,0,0,0,0,0,12.820001602172852,0,0,0,0,0,0,0,0,0,0,0,0,0,0
62,21,0,1,Night,,121.90692901611328,-31.906925201416016,232.94796752929688,0,0,0,0,13.990015029907227,3.199899911880493,=NA(),0,64.81599426269531,1.4163999557495117,0.34380000829696655,0.08399999886751175,=NA(),20,1013.25,0,0,0,0,0,13.990015029907227,0,0,0,0,0,0,0,0,0,0,0,0,0,0
62,22,0,1,Night,,130.68777465820312,-40.687774658203125,217.9678497314453,0,0,0,0,11.839990615844727,2.9700000286102295,=NA(),0,64.81599426269531,1.4163999557495117,0.34380000829696655,0.08399999886751175,=NA(),20,1013.25,0,0,0,0,0,11.839990615844727,0,0,0,0,0,0,0,0,0,0,0,0,0,0
62,23,0,1,Night,,136.59158325195312,-46.591583251953125,198.9969482421875,0,0,0,0,10.200006484985352,2.5799999237060547,=NA(),0,64.81599426269531,1.4163999557495117,0.34380000829696655,0.08399999886751175,=NA(),20,1013.25,0,0,0,0,0,10.200006484985352,0,0,0,0,0,0,0,0,0,0,0,0,0,0
63,0,0,1,Night,,138.33590698242188,-48.335914611816406,177.0355682373047,0,0,0,0,9.799890518188477,2.119999885559082,=NA(),0,64.81599426269531,1.4163999557495117,0.34380000829696655,0.08399999886751175,=NA(),20,1013.25,0,0,0,0,0,9.800012588500977,0,0,0,0,0,0,0,0,0,0,0,0,0,0
63,1,0,1,Night,,135.4208984375,-45.420902252197266,155.58482360839844,0,0,0,0,8.209802627563477,1.7999999523162842,=NA(),0,64.81599426269531,1.4163999557495117,0.34380000829696655,0.08399999886751175,=NA(),20,1013.25,0,0,0,0,0,8.209985733032227,0,0,0,0,0,0,0,0,0,0,0,0,0,0
63,2,0,1,Night,,128.64842224121094,-38.648414611816406,137.6510772705078,0,0,0,0,8.500299453735352,1.7698999643325806,=NA(),0,64.81599426269531,1.4163999557495117,0.34380000829696655,0.08399999886751175,=NA(),20,1013.25,0,0,0,0,0,8.499994277954102,0,0,0,0,0,0,0,0,0,0,0,0,0,0
63,3,0,1,Night,,119.33100128173828,-29.331003189086914,123.58735656738281,0,0,0,0,7.200006008148193,1.9198999404907227,=NA(),0,64.81599426269531,1.4163999557495117,0.34380000829696655,0.08399999886751175,=NA(),20,1013.25,0,0,0,0,0,7.200006008148193,0,0,0,0,0,0,0,0,0,0,0,0,0,0
63,4,0,1,Night,,108.51349639892578,-18.513500213623047,112.36760711669922,0,0,0,0,6.980004787445068,2.0999999046325684,=NA(),0,64.81599426269531,1.4163999557495117,0.34380000829696655,0.08399999886751175,=NA(),20,1013.25,0,0,0,0,0,6.980004787445068,0,0,0,0,0,0,0,0,0,0,0,0,0,0
63,5,0,1,Night,,96.8503646850586,-6.850368022918701,102.87155151367188,0,0,0,0,6.139703273773193,2.430000066757202,=NA(),0,64.81599426269531,1.4163999557495117,0.34380000829696655,0.08399999886751175,=NA(),20,1013.25,0,0,0,0,0,6.140008449554443,0,0,0,0,0,0,0,0,0,0,0,0,0,0
63,6,0,1,Day,,84.4147720336914,5.585224628448486,94.13031005859375,100.69999694824219,92.92362213134766,79.9000015258789,0.9227768182754517,8.040307998657227,2.8399999141693115,=NA(),=NA(),9.4003267288208,1.4163999557495117,0.34380000829696655,0.08399999886751175,=NA(),20,1013.25,8.123647689819336,76.31266784667969,162.9849853515625,157.07000732421875,5.914999961853027,14.958765029907227,718.9500122070312,739.260009765625,743.99755859375,40.03584671020508,1.1614551544189453,1.1578278541564941,45.75462341308594,1.2271252870559692,0.004205499775707722,0,0.00013043750368524343,0,-20.30999755859375,-4.737548828125
63,7,0,1,Day,,72.33636474609375,17.663631439208984,85.51878356933594,322.29998779296875,240.82948303222656,268.5,0.7472215294837952,12.920007705688477,1.8700000047683716,=NA(),=NA(),3.2659413814544678,1.4163999557495117,0.34380000829696655,0.08399999886751175,=NA(),20,1013.25,29.99650001525879,42.46360397338867,558.094970703125,536.905029296875,21.189998626708984,35.45250701904297,3354.570068359375,3218.93994140625,3240.462158203125,38.81135559082031,5.218324184417725,5.160621166229248,45.655330657958984,5.499819755554199,0.018827125430107117,0,0.0004413124988786876,0,135.630126953125,-21.522216796875
63,8,0,1,Day,,60.25625228881836,29.74374771118164,75.98859405517578,538.7100219726562,315.45025634765625,450.010009765625,0.585565984249115,17.459985733032227,1.7899999618530273,=NA(),=NA(),2.010265588760376,1.4163999557495117,0.34380000829696655,0.08399999886751175,=NA(),20,1013.25,59.505130767822266,12.135076522827148,858.8699951171875,799.844970703125,59.019996643066406,52.508750915527344,5227.669921875,4737.2099609375,4767.96923828125,36.67605209350586,8.12533950805664,7.9978461265563965,44.27629852294922,8.599730491638184,0.028713500127196312,0,0.001192937488667667,0,490.4599609375,-30.75927734375
63,9,0,1,Day,,48.724979400634766,41.275020599365234,64.3448715209961,726.7100219726562,326.3537902832031,606.9000244140625,0.44908392429351807,20.100000381469727,2.5499000549316406,=NA(),=NA(),1.514169454574585,1.4163999557495117,0.34380000829696655,0.08399999886751175,=NA(),20,1013.25,45.762123107910156,18.98900604248047,981.8300170898438,927.5,54.33000183105469,60.46623992919922,5929.77001953125,5225.240234375,5258.6083984375,35.62265396118164,9.226302146911621,9.14808177947998,43.50204849243164,9.779306411743164,0.032793376594781876,0,0.0011450625024735928,0,704.52978515625,-33.3681640625
63,10,0,1,Day,,38.48576354980469,51.51423645019531,48.52976989746094,864.989990234375,299.6865234375,722.1900024414062,0.3464624285697937,22.730005264282227,3.380000114440918,=NA(),=NA(),1.2767558097839355,1.4163999557495117,0.34380000829696655,0.08399999886751175,=NA(),20,1013.25,30.78293800354004,24.338050842285156,1027.93994140625,970.77001953125,57.16999816894531,65.09624481201172,6238.56005859375,5406.06982421875,5440.61572265625,35.003509521484375,9.714411735534668,9.671762466430664,43.01060485839844,10.311026573181152,0.0344788134098053,0,0.0012419375125318766,0,832.490234375,-34.5458984375
63,11,0,1,Day,,31.02538299560547,58.97461700439453,25.678550720214844,941,267.3602294921875,786.0999755859375,0.2841235101222992,23.730005264282227,4.179999828338623,=NA(),=NA(),1.166489839553833,1.4163999557495117,0.34380000829696655,0.08399999886751175,=NA(),20,1013.25,14.607877731323242,27.678821563720703,1034.9200439453125,967.594970703125,67.32499694824219,66.56499481201172,6244.77001953125,5382.08984375,5414.8486328125,34.82052993774414,9.719207763671875,9.70772933959961,42.82395553588867,10.313309669494629,0.034295376390218735,0,0.0014617500128224492,0,862.68017578125,-32.7587890625
63,12,0,1,Day,,28.7037353515625,61.2962646484375,355.8371887207031,958.7000122070312,256.30645751953125,800.7999877929688,0.26734793186187744,25.32000160217285,4.840099811553955,=NA(),=NA(),1.1397138833999634,1.4163999557495117,0.34380000829696655,0.08399999886751175,=NA(),20,1013.25,-2.2762155532836914,28.621002197265625,1029.239990234375,959.344970703125,69.88999938964844,67.9599838256836,6214.72021484375,5328.2998046875,5360.9052734375,34.635807037353516,9.673707008361816,9.65785026550293,42.63514709472656,10.272080421447754,0.03403843566775322,0,0.0015449374914169312,0,886.42041015625,-32.60546875
63,13,0,1,Day,,32.65900421142578,57.34099578857422,327.404052734375,892.5900268554688,271.01739501953125,738.2999877929688,0.3036303222179413,25.70000648498535,5.499899864196777,=NA(),=NA(),1.1872849464416504,1.4163999557495117,0.34380000829696655,0.08399999886751175,=NA(),20,1013.25,-19.049915313720703,27.041770935058594,996.9450073242188,935.010009765625,61.93499755859375,66.94686126708984,6033.60986328125,5191.93017578125,5223.95556640625,34.77056884765625,9.390046119689941,9.376130104064941,42.70504379272461,9.969511032104492,0.03318418562412262,0,0.0013530624564737082,0,841.6796875,-32.025390625
63,14,0,1,Day,,41.09003448486328,48.90996551513672,306.7308349609375,764.9000244140625,304.6290283203125,610.7000122070312,0.3982599377632141,26.399988174438477,6.099999904632568,=NA(),=NA(),1.3258914947509766,1.4163999557495117,0.34380000829696655,0.08399999886751175,=NA(),20,1013.25,-34.94997787475586,23.145612716674805,934.780029296875,883.60498046875,51.16999816894531,64.96749114990234,5666.14013671875,4910.31005859375,4941.2626953125,35.02793502807617,8.816655158996582,8.767181396484375,42.83200454711914,9.359452247619629,0.03130856156349182,0,0.0011123750591650605,0,755.830078125,-30.95263671875
63,15,0,1,Day,,51.7950439453125,38.2049560546875,292.3263854980469,593.4000244140625,321.332275390625,439.8999938964844,0.5415104031562805,26.9999942779541,6.570000171661377,=NA(),=NA(),1.6146044731140137,1.4163999557495117,0.34380000829696655,0.08399999886751175,=NA(),20,1013.25,-49.60732650756836,17.368297576904297,816.3399658203125,763.4150390625,52.92499923706055,60.565635681152344,4935.81005859375,4344.22998046875,4372.53466796875,35.58633041381836,7.679588317871094,7.577866077423096,43.124061584472656,8.147322654724121,0.02712312527000904,0,0.0011152500519528985,0,591.580078125,-28.3046875
63,16,0,1,Day,,63.54124069213867,26.458759307861328,281.43115234375,372.4100036621094,278.8393249511719,210.00999450683594,0.7487428188323975,26.93999671936035,6.25,=NA(),=NA(),2.236448287963867,1.4163999557495117,0.34380000829696655,0.08399999886751175,=NA(),20,1013.25,-60,10.66960334777832,580.9549560546875,528.010009765625,52.94000244140625,50.800010681152344,3450.35009765625,3139.89990234375,3159.86474609375,36.74754333496094,5.374453544616699,5.240729331970215,43.70136260986328,5.689391136169434,0.018728436902165413,0,0.0010813750559464097,0,310.4501953125,-19.96484375
63,17,0,1,Day,,75.7049789428711,14.295023918151855,272.25286865234375,151.10000610351562,142.68045043945312,34.0989990234375,0.9442782402038574,25.8900089263916,4.060100078582764,=NA(),=NA(),3.992046594619751,1.4163999557495117,0.34380000829696655,0.08399999886751175,=NA(),20,1013.25,-22.617626190185547,53.10799026489258,213.27499389648438,200.39500427246094,12.879999160766602,34.64812469482422,1200.6400146484375,1152.679931640625,1159.6104736328125,37.898223876953125,1.9123700857162476,1.885038137435913,43.92867660522461,2.023606777191162,0.006812999956309795,0,0.0002759374910965562,0,47.9600830078125,-6.9305419921875
63,18,0,1,Night,Sun above horizon but GHI below 1,86.06505584716797,3.934943914413452,264.9256286621094,0,0,0,0,23.649988174438477,3.700000047683716,=NA(),0,12.459918022155762,1.4163999557495117,0.34380000829696655,0.08399999886751175,=NA(),20,1013.25,0,0,0,0,0,23.649988174438477,0,0,0,0,0,0,0,0,0,0,0,0,0,0
63,19,0,1,Night,,100.18097686767578,-10.180974960327148,254.88143920898438,0,0,0,0,21.790002822875977,3.859999895095825,=NA(),0,64.81599426269531,1.4163999557495117,0.34380000829696655,0.08399999886751175,=NA(),20,1013.25,0,0,0,0,0,21.790002822875977,0,0,0,0,0,0,0,0,0,0,0,0,0,0
63,20,0,1,Night,,111.6885757446289,-21.688573837280273,245.04568481445312,0,0,0,0,20.68999671936035,4.179999828338623,=NA(),0,64.81599426269531,1.4163999557495117,0.34380000829696655,0.08399999886751175,=NA(),20,1013.25,0,0,0,0,0,20.68999671936035,0,0,0,0,0,0,0,0,0,0,0,0,0,0
63,21,0,1,Night,,122.23123931884766,-32.231239318847656,233.19906616210938,0,0,0,0,19.600000381469727,4.409999847412109,=NA(),0,64.81599426269531,1.4163999557495117,0.34380000829696655,0.08399999886751175,=NA(),20,1013.25,0,0,0,0,0,19.600000381469727,0,0,0,0,0,0,0,0,0,0,0,0,0,0
63,22,0,1,Night,,131.04605102539062,-41.04605484008789,218.1647491455078,0,0,0,0,19.159997940063477,4.610099792480469,=NA(),0,64.81599426269531,1.4163999557495117,0.34380000829696655,0.08399999886751175,=NA(),20,1013.25,0,0,0,0,0,19.159997940063477,0,0,0,0,0,0,0,0,0,0,0,0,0,0
63,23,0,1,Night,,136.97628784179688,-46.976287841796875,199.0718231201172,0,0,0,0,18.399988174438477,4.739999771118164,=NA(),0,64.81599426269531,1.4163999557495117,0.34380000829696655,0.08399999886751175,=NA(),20,1013.25,0,0,0,0,0,18.399988174438477,0,0,0,0,0,0,0,0,0,0,0,0,0,0
64,0,0,1,Night,,138.71768188476562,-48.71767807006836,176.92860412597656,0,0,0,0,17.100000381469727,4.680099964141846,=NA(),0,64.81599426269531,1.4163999557495117,0.34380000829696655,0.08399999886751175,=NA(),20,1013.25,0,0,0,0,0,17.100000381469727,0,0,0,0,0,0,0,0,0,0,0,0,0,0
64,1,0,1,Night,,135.7634735107422,-45.76348114013672,155.32366943359375,0,0,0,0,16.730005264282227,4.549900054931641,=NA(),0,64.81599426269531,1.4163999557495117,0.34380000829696655,0.08399999886751175,=NA(),20,1013.25,0,0,0,0,0,16.730005264282227,0,0,0,0,0,0,0,0,0,0,0,0,0,0
64,2,0,1,Night,,128.93734741210938,-38.93735122680664,137.31813049316406,0,0,0,0,16.100000381469727,4.420000076293945,=NA(),0,64.81599426269531,1.4163999557495117,0.34380000829696655,0.08399999886751175,=NA(),20,1013.25,0,0,0,0,0,16.100000381469727,0,0,0,0,0,0,0,0,0,0,0,0,0,0
64,3,0,1,Night,,119.57220458984375,-29.572202682495117,123.23786926269531,0,0,0,0,14.800012588500977,4.130099773406982,=NA(),0,64.81599426269531,1.4163999557495117,0.34380000829696655,0.08399999886751175,=NA(),20,1013.25,0,0,0,0,0,14.800012588500977,0,0,0,0,0,0,0,0,0,0,0,0,0,0
64,4,0,1,Night,,108.7193374633789,-18.71933937072754,112.02042388916016,0,0,0,0,14.200006484985352,3.900099992752075,=NA(),0,64.81599426269531,1.4163999557495117,0.34380000829696655,0.08399999886751175,=NA(),20,1013.25,0,0,0,0,0,14.200006484985352,0,0,0,0,0,0,0,0,0,0,0,0,0,0
64,5,0,1,Night,,97.03654479980469,-7.0365471839904785,102.52694702148438,0,0,0,0,13.600000381469727,4.590000152587891,=NA(),0,64.81599426269531,1.4163999557495117,0.34380000829696655,0.08399999886751175,=NA(),20,1013.25,0,0,0,0,0,13.600000381469727,0,0,0,0,0,0,0,0,0,0,0,0,0,0
64,6,0,1,Day,,84.4887466430664,5.511251926422119,93.70966339111328,77.10299682617188,73.36689758300781,38.9010009765625,0.9515440464019775,13.420007705688477,5.640100002288818,=NA(),=NA(),9.506653785705566,1.4163999557495117,0.34380000829696655,0.08399999886751175,=NA(),20,1013.25,8.009032249450684,76.49684143066406,114.16500091552734,108.875,5.295000076293945,18.26311683654785,515.27001953125,524.1699829101562,527.118408203125,39.12493133544922,0.8420432806015015,0.8387038111686707,44.74333190917969,0.8937104344367981,0.0030371251050382853,0,0.00011656249989755452,0,-8.89996337890625,-2.94842529296875
64,7,0,1,Day,,72.51161193847656,17.48838996887207,85.15418243408203,321.3999938964844,240.8025360107422,268.20001220703125,0.7492300868034363,16.1400089263916,5.499899864196777,=NA(),=NA(),3.296957015991211,1.4163999557495117,0.34380000829696655,0.08399999886751175,=NA(),20,1013.25,29.591245651245117,43.06182098388672,556.8150024414062,535.8599853515625,20.959999084472656,38.68938446044922,3343.1298828125,3173.14013671875,3194.2841796875,38.36790466308594,5.203409194946289,5.146415710449219,45.22740936279297,5.488697528839111,0.018765749409794807,0,0.0004380625032354146,0,169.98974609375,-21.14404296875
64,8,0,1,Day,,60.44444274902344,29.555557250976562,75.59654998779297,541.6900024414062,318.5408020019531,452.3900146484375,0.5880500078201294,17.92998695373535,4.900000095367432,=NA(),=NA(),2.0218136310577393,1.4163999557495117,0.34380000829696655,0.08399999886751175,=NA(),20,1013.25,59.65292739868164,12.496536254882812,865.5750122070312,805.8900146484375,59.68499755859375,53.276878356933594,5265.85009765625,4759.0302734375,4789.95263671875,36.57366180419922,8.185659408569336,8.057119369506836,44.19178009033203,8.666712760925293,0.028920873999595642,0,0.0012040624860674143,0,506.81982421875,-30.92236328125
64,9,0,1,Day,,48.94303512573242,41.05696487426758,63.916481018066406,736.4000244140625,332.5281066894531,614.9000244140625,0.45155906677246094,19.800012588500977,4.70989990234375,=NA(),=NA(),1.5207490921020508,1.4163999557495117,0.34380000829696655,0.08399999886751175,=NA(),20,1013.25,45.87823486328125,19.36254119873047,995.1199951171875,939.64501953125,55.474998474121094,60.743125915527344,6007.240234375,5288.47998046875,5321.607421875,35.589012145996094,9.345666885375977,9.263035774230957,43.49248504638672,9.903387069702148,0.03321737423539162,0,0.0011675625573843718,0,718.76025390625,-33.12744140625
64,10,0,1,Day,,38.75588607788086,51.24411392211914,48.08050537109375,874.2899780273438,304.9510498046875,730.0900268554688,0.3487985134124756,21.600000381469727,4.7600998878479,=NA(),=NA(),1.281561017036438,1.4163999557495117,0.34380000829696655,0.08399999886751175,=NA(),20,1013.25,30.850566864013672,24.722517013549805,1038.7550048828125,980.6900024414062,58.064998626708984,64.39498138427734,6300.7099609375,5474.31005859375,5509.41796875,35.09436798095703,9.811798095703125,9.769010543823242,43.12059783935547,10.412243843078613,0.03481899946928024,0,0.0012616249732673168,0,826.39990234375,-35.10791015625
64,11,0,1,Day,,31.366365432739258,58.63363265991211,25.315305709838867,958.5,275.1586608886719,800.2999877929688,0.28707215189933777,23.08001136779785,4.859899997711182,=NA(),=NA(),1.1706918478012085,1.4163999557495117,0.34380000829696655,0.08399999886751175,=NA(),20,1013.25,14.609810829162598,28.06826400756836,1054.06494140625,985.3399658203125,68.72999572753906,66.71749114990234,6354.77001953125,5474.18994140625,5507.7890625,34.7965202331543,9.892852783203125,9.88076114654541,42.840232849121094,10.498591423034668,0.03490093722939491,0,0.0014927500160411,0,880.580078125,-33.59912109375
64,12,0,1,Day,,29.091955184936523,60.908042907714844,355.771484375,971.5900268554688,262.6519775390625,811.2899780273438,0.27033209800720215,24.730005264282227,5.039999961853027,=NA(),=NA(),1.1439754962921143,1.4163999557495117,0.34380000829696655,0.08399999886751175,=NA(),20,1013.25,-2.3493406772613525,29.005210876464844,1043.215087890625,972.2850341796875,70.93000030517578,67.95000457763672,6296.3798828125,5398.81005859375,5432.10302734375,34.633968353271484,9.802701950073242,9.788897514343262,42.66322708129883,10.408066749572754,0.03448837623000145,0,0.001567250001244247,0,897.56982421875,-33.29296875
64,13,0,1,Day,,33.02931213378906,56.97068786621094,327.6273193359375,917.8900146484375,275.0195617675781,766.7899780273438,0.29962146282196045,25.8699893951416,5.410099983215332,=NA(),=NA(),1.1922378540039062,1.4163999557495117,0.34380000829696655,0.08399999886751175,=NA(),20,1013.25,-19.19291114807129,27.41004180908203,1025.7550048828125,962.125,63.63999938964844,68.3550033569336,6206.25,5313.14013671875,5346.13623046875,34.58031463623047,9.662534713745117,9.650294303894043,42.58194351196289,10.264240264892578,0.03414362668991089,0,0.001390625024214387,0,893.10986328125,-32.99609375
64,14,0,1,Day,,41.416656494140625,48.583343505859375,307.0530700683594,787.6900024414062,301.8175964355469,647.9000244140625,0.38316798210144043,26.2600040435791,5.840000152587891,=NA(),=NA(),1.3325185775756836,1.4163999557495117,0.34380000829696655,0.08399999886751175,=NA(),20,1013.25,-35.14603042602539,23.49117088317871,965.7099609375,913.6199951171875,52.09000015258789,66.14998626708984,5856.169921875,5053.5,5084.669921875,34.876678466796875,9.1118803024292,9.061067581176758,42.74675369262695,9.671615600585938,0.032379623502492905,0,0.0011346249375492334,0,802.669921875,-31.169921875
64,15,0,1,Day,,52.08736801147461,37.91263198852539,292.653564453125,612.7999877929688,318.10540771484375,479.6000061035156,0.5191015005111694,26.32000160217285,6.099999904632568,=NA(),=NA(),1.6251134872436523,1.4163999557495117,0.34380000829696655,0.08399999886751175,=NA(),20,1013.25,-49.83755111694336,17.690210342407227,850.719970703125,797.4249877929688,53.29499816894531,61.293113708496094,5162.41015625,4532.58984375,4561.85986328125,35.50132369995117,8.031280517578125,7.929633617401123,43.119014739990234,8.521342277526855,0.02840612456202507,0,0.0011269999668002129,0,629.8203125,-29.27001953125
64,16,0,1,Day,,63.81364440917969,26.186357498168945,281.74188232421875,393,280.5146179199219,254.89999389648438,0.7137776613235474,26.18999671936035,5.400100231170654,=NA(),=NA(),2.2578423023223877,1.4163999557495117,0.34380000829696655,0.08399999886751175,=NA(),20,1013.25,-60,11.03110122680664,629.8099975585938,576.3399658203125,53.474998474121094,52.04625701904297,3755.2900390625,3403.659912109375,3425.104248046875,36.630455017089844,5.844201564788818,5.7103447914123535,43.699554443359375,6.1859636306762695,0.020438876003026962,0,0.0010943125234916806,0,351.630126953125,-21.4443359375
64,17,0,1,Day,,75.96884155273438,14.031161308288574,272.54779052734375,153.88999938964844,144.3389434814453,39.39400100708008,0.9379358291625977,25.170007705688477,3.640000104904175,=NA(),=NA(),4.063183307647705,1.4163999557495117,0.34380000829696655,0.08399999886751175,=NA(),20,1013.25,-22.112613677978516,53.8818359375,219.97500610351562,207.17999267578125,12.795000076293945,34.19499969482422,1239.5400390625,1192.050048828125,1199.3983154296875,37.99872970581055,1.9727559089660645,1.9462028741836548,44.047054290771484,2.0867760181427,0.007035562302917242,0,0.0002749999985098839,0,47.489990234375,-7.3482666015625
64,18,0,1,Night,Sun above horizon but GHI below 1,86.18357849121094,3.816422939300537,265.310791015625,0,0,0,0,22.5100040435791,3.7499001026153564,=NA(),0,12.75131893157959,1.4163999557495117,0.34380000829696655,0.08399999886751175,=NA(),20,1013.25,0,0,0,0,0,22.5100040435791,0,0,0,0,0,0,0,0,0,0,0,0,0,0
64,19,0,1,Night,,100.45860290527344,-10.458601951599121,255.15927124023438,0,0,0,0,20.3799991607666,4.149899959564209,=NA(),0,64.81599426269531,1.4163999557495117,0.34380000829696655,0.08399999886751175,=NA(),20,1013.25,0,0,0,0,0,20.3799991607666,0,0,0,0,0,0,0,0,0,0,0,0,0,0
64,20,0,1,Night,,111.98670196533203,-21.986698150634766,245.31668090820312,0,0,0,0,17.899988174438477,4.2399001121521,=NA(),0,64.81599426269531,1.4163999557495117,0.34380000829696655,0.08399999886751175,=NA(),20,1013.25,0,0,0,0,0,17.899988174438477,0,0,0,0,0,0,0,0,0,0,0,0,0,0
64,21,0,1,Night,,122.55816650390625,-32.55816650390625,233.45147705078125,0,0,0,0,16.3699893951416,3.7100000381469727,=NA(),0,64.81599426269531,1.4163999557495117,0.34380000829696655,0.08399999886751175,=NA(),20,1013.25,0,0,0,0,0,16.3699893951416,0,0,0,0,0,0,0,0,0,0,0,0,0,0
64,22,0,1,Night,,131.4070281982422,-41.40703201293945,218.36270141601562,0,0,0,0,13.899988174438477,2.8399999141693115,=NA(),0,64.81599426269531,1.4163999557495117,0.34380000829696655,0.08399999886751175,=NA(),20,1013.25,0,0,0,0,0,13.899988174438477,0,0,0,0,0,0,0,0,0,0,0,0,0,0
64,23,0,1,Night,,137.3635711669922,-47.36357879638672,199.14576721191406,0,0,0,0,13.170007705688477,2.440000057220459,=NA(),0,64.81599426269531,1.4163999557495117,0.34380000829696655,0.08399999886751175,=NA(),20,1013.25,0,0,0,0,0,13.170007705688477,0,0,0,0,0,0,0,0,0,0,0,0,0,0
65,0,0,1,Night,,139.10134887695312,-49.10135269165039,176.81710815429688,0,0,0,0,11.420007705688477,2.5799999237060547,=NA(),0,64.81599426269531,1.4163999557495117,0.34380000829696655,0.08399999886751175,=NA(),20,1013.25,0,0,0,0,0,11.420007705688477,0,0,0,0,0,0,0,0,0,0,0,0,0,0
65,1,0,1,Night,,136.10707092285156,-46.1070671081543,155.0561065673828,0,0,0,0,9.930200576782227,3.039900064468384,=NA(),0,64.81599426269531,1.4163999557495117,0.34380000829696655,0.08399999886751175,=NA(),20,1013.25,0,0,0,0,0,9.929986953735352,0,0,0,0,0,0,0,0,0,0,0,0,0,0
65,2,0,1,Night,,129.22653198242188,-39.226539611816406,136.97947692871094,0,0,0,0,9.529993057250977,3.349900007247925,=NA(),0,64.81599426269531,1.4163999557495117,0.34380000829696655,0.08399999886751175,=NA(),20,1013.25,0,0,0,0,0,9.529993057250977,0,0,0,0,0,0,0,0,0,0,0,0,0,0
65,3,0,1,Night,,119.81368255615234,-29.813684463500977,122.88406372070312,0,0,0,0,8.800104141235352,3.2300000190734863,=NA(),0,64.81599426269531,1.4163999557495117,0.34380000829696655,0.08399999886751175,=NA(),20,1013.25,0,0,0,0,0,8.800012588500977,0,0,0,0,0,0,0,0,0,0,0,0,0,0
65,4,0,1,Night,,108.92652130126953,-18.92652130126953,111.66999816894531,0,0,0,0,7.259912014007568,3.26990008354187,=NA(),0,64.81599426269531,1.4163999557495117,0.34380000829696655,0.08399999886751175,=NA(),20,1013.25,0,0,0,0,0,7.260003566741943,0,0,0,0,0,0,0,0,0,0,0,0,0,0
65,5,0,1,Night,,97.2252197265625,-7.225223064422607,102.17982482910156,0,0,0,0,6.579797267913818,3.8499999046325684,=NA(),0,64.81599426269531,1.4163999557495117,0.34380000829696655,0.08399999886751175,=NA(),20,1013.25,0,0,0,0,0,6.580010890960693,0,0,0,0,0,0,0,0,0,0,0,0,0,0
65,6,0,1,Day,,84.5762710571289,5.4237284660339355,93.30111694335938,99.29399871826172,91.7420883178711,79.89700317382812,0.9239439368247986,7.969811916351318,5.440000057220459,=NA(),=NA(),9.635421752929688,1.4163999557495117,0.34380000829696655,0.08399999886751175,=NA(),20,1013.25,7.875014305114746,76.71458435058594,161.21499633789062,155.42999267578125,5.784999847412109,14.829370498657227,701.530029296875,721.6500244140625,726.2505493164062,40.02356719970703,1.1340982913970947,1.1309897899627686,45.73281478881836,1.1985970735549927,0.0041076247580349445,0,0.00012781249824911356,0,-20.1199951171875,-4.60052490234375
65,7,0,1,Day,,72.68577575683594,17.314226150512695,84.78797149658203,319.510009765625,240.1041717529297,266.80999755859375,0.7514762282371521,13.409997940063477,6.059899806976318,=NA(),=NA(),3.3283944129943848,1.4163999557495117,0.34380000829696655,0.08399999886751175,=NA(),20,1013.25,29.195465087890625,43.65036392211914,553.489990234375,532.7949829101562,20.69499969482422,35.787498474121094,3319.14990234375,3181.31005859375,3202.21044921875,38.76322937011719,5.16312313079834,5.106784820556641,45.59279251098633,5.441235065460205,0.018634311854839325,0,0.00043412501690909266,0,137.83984375,-20.900390625
65,8,0,1,Day,,60.633235931396484,29.36676597595215,75.20342254638672,542.4000244140625,320.29864501953125,452.8999938964844,0.5905210971832275,18.719995498657227,5.320099830627441,=NA(),=NA(),2.0335540771484375,1.4163999557495117,0.34380000829696655,0.08399999886751175,=NA(),20,1013.25,59.800289154052734,12.860040664672852,868.5650024414062,808.4349975585938,60.13500213623047,54.18498992919922,5299.91015625,4774.5400390625,4805.26513671875,36.45565414428711,8.238411903381348,8.099639892578125,44.087303161621094,8.721014976501465,0.029118312522768974,0,0.0012014999520033598,0,525.3701171875,-30.72509765625
65,9,0,1,Day,,49.16240692138672,40.83759307861328,63.48794174194336,731.489990234375,332.0839538574219,610.7899780273438,0.4539829194545746,21.100000381469727,4.309899806976318,=NA(),=NA(),1.5274485349655151,1.4163999557495117,0.34380000829696655,0.08399999886751175,=NA(),20,1013.25,45.99386978149414,19.738065719604492,989.1500244140625,933.77001953125,55.37999725341797,61.880638122558594,5970.2099609375,5234.0400390625,5264.93603515625,35.45201873779297,9.28187370300293,9.196354866027832,43.3343391418457,9.830812454223633,0.03300737589597702,0,0.001164000015705824,0,736.169921875,-30.89599609375
65,10,0,1,Day,,39.027854919433594,50.972145080566406,47.63288497924805,863.1900024414062,303.2438049316406,720.7999877929688,0.3513059616088867,22.93999671936035,3.1898999214172363,=NA(),=NA(),1.2864646911621094,1.4163999557495117,0.34380000829696655,0.08399999886751175,=NA(),20,1013.25,30.917293548583984,25.10889434814453,1026.719970703125,969.7099609375,57.00499725341797,65.2774887084961,6229.4599609375,5394.580078125,5428.947265625,34.981109619140625,9.699783325195312,9.660640716552734,42.984352111816406,10.295061111450195,0.03442768752574921,0,0.00124074995983392,0,834.8798828125,-34.3671875
65,11,0,1,Day,,31.709115982055664,58.2908821105957,24.954978942871094,947.0999755859375,274.3446960449219,790.7999877929688,0.28966814279556274,24.33001136779785,2.259999990463257,=NA(),=NA(),1.1749882698059082,1.4163999557495117,0.34380000829696655,0.08399999886751175,=NA(),20,1013.25,14.610017776489258,28.459413528442383,1041.4849853515625,973.5150146484375,67.96499633789062,67.48186492919922,6279.85986328125,5394.02001953125,5426.5810546875,34.70011901855469,9.774066925048828,9.759759902954102,42.71823501586914,10.373637199401855,0.03448431193828583,0,0.0014756874879822135,0,885.83984375,-32.56103515625
65,12,0,1,Day,,29.481746673583984,60.518253326416016,355.7038269042969,951.7999877929688,259.6554870605469,795.0999755859375,0.2728046774864197,25.149988174438477,1.500100016593933,=NA(),=NA(),1.1483397483825684,1.4163999557495117,0.34380000829696655,0.08399999886751175,=NA(),20,1013.25,-2.425114631652832,29.390771865844727,1022.0450439453125,952.5250244140625,69.5250015258789,67.48937225341797,6168.97998046875,5298.18994140625,5330.55615234375,34.69865798950195,9.601515769958496,9.58790397644043,42.68055725097656,10.19156551361084,0.03378324955701828,0,0.0015356249641627073,0,870.7900390625,-32.3662109375
65,13,0,1,Day,,33.40207290649414,56.59792709350586,327.84442138671875,893.5900268554688,273.4881896972656,742.7899780273438,0.30605554580688477,26.93999671936035,0.7800999879837036,=NA(),=NA(),1.19731605052948,1.4163999557495117,0.34380000829696655,0.08399999886751175,=NA(),20,1013.25,-19.33914566040039,27.77922248840332,999.030029296875,937.0350341796875,61.994998931884766,68.32250213623047,6044.9501953125,5175.0302734375,5206.9619140625,34.588069915771484,9.408884048461914,9.39799690246582,42.53192901611328,9.993721008300781,0.033247873187065125,0,0.0013548125280067325,0,869.919921875,-31.931640625
65,14,0,1,Day,,41.746402740478516,48.253597259521484,307.3705139160156,767.9099731445312,303.75421142578125,622.1099853515625,0.3955596685409546,26.7700138092041,0.460099995136261,=NA(),=NA(),1.3393207788467407,1.4163999557495117,0.34380000829696655,0.08399999886751175,=NA(),20,1013.25,-35.34546661376953,23.83722496032715,941.5899658203125,890.260009765625,51.33000183105469,65.6725082397461,5707.60009765625,4933.47021484375,4963.189453125,34.945220947265625,8.876742362976074,8.823402404785156,42.755985260009766,9.41777229309082,0.03154325112700462,0,0.0011159999994561076,0,774.1298828125,-29.71923828125
65,15,0,1,Day,,52.38291549682617,37.61708450317383,292.9780578613281,587.5,319.9027099609375,438.4100036621094,0.5445152521133423,26.83001136779785,0.8098999857902527,=NA(),=NA(),1.6359212398529053,1.4163999557495117,0.34380000829696655,0.08399999886751175,=NA(),20,1013.25,-50.07099151611328,18.012351989746094,812.1900024414062,759.3599853515625,52.83000183105469,60.206871032714844,4921.1201171875,4336.8798828125,4365.06396484375,35.63436508178711,7.656140327453613,7.5519914627075195,43.16461944580078,8.122420310974121,0.0270388126373291,0,0.0011157500557601452,0,584.240234375,-28.18408203125
65,16,0,1,Day,,64.08911895751953,25.91088104248047,282.05126953125,371,276.0021667480469,217.39999389648438,0.7439411282539368,27.029993057250977,0.9699000120162964,=NA(),=NA(),2.2799479961395264,1.4163999557495117,0.34380000829696655,0.08399999886751175,=NA(),20,1013.25,-60,11.39547061920166,586.875,534.4199829101562,52.45500183105469,51.15373992919922,3483.10986328125,3165.909912109375,3185.07763671875,36.715763092041016,5.422021865844727,5.288195610046387,43.672943115234375,5.737083435058594,0.018920186907052994,0,0.0010749375214800239,0,317.199951171875,-19.167724609375
65,17,0,1,Day,,76.23565673828125,13.7643404006958,272.8421936035156,130.3000030517578,125.5906753540039,19.792999267578125,0.9638578295707703,26.420007705688477,1.159999966621399,=NA(),=NA(),4.137784481048584,1.4163999557495117,0.34380000829696655,0.08399999886751175,=NA(),20,1013.25,-21.6090030670166,54.65756607055664,167.32000732421875,154.9949951171875,12.319999694824219,33.316246032714844,925.5,892.25,897.5067749023438,37.74732971191406,1.4860321283340454,1.4613618850708008,43.6530647277832,1.5745083093643188,0.005255312658846378,0,0.0002626249915920198,0,33.25,-5.25677490234375
65,18,0,1,Night,Sun above horizon but GHI below 1,86.31446075439453,3.6855359077453613,265.68896484375,0,0,0,0,22.33001136779785,1.4200999736785889,=NA(),0,13.087982177734375,1.4163999557495117,0.34380000829696655,0.08399999886751175,=NA(),20,1013.25,0,0,0,0,0,22.33001136779785,0,0,0,0,0,0,0,0,0,0,0,0,0,0
65,19,0,1,Night,,100.73822021484375,-10.738221168518066,255.4376678466797,0,0,0,0,18.790002822875977,1.649999976158142,=NA(),0,64.81599426269531,1.4163999557495117,0.34380000829696655,0.08399999886751175,=NA(),20,1013.25,0,0,0,0,0,18.790002822875977,0,0,0,0,0,0,0,0,0,0,0,0,0,0
65,20,0,1,Night,,112.28618621826172,-22.286182403564453,245.5886688232422,0,0,0,0,18.20000648498535,1.9801000356674194,=NA(),0,64.81599426269531,1.4163999557495117,0.34380000829696655,0.08399999886751175,=NA(),20,1013.25,0,0,0,0,0,18.20000648498535,0,0,0,0,0,0,0,0,0,0,0,0,0,0
65,21,0,1,Night,,122.88660430908203,-32.8866081237793,233.7052459716797,0,0,0,0,14.990015029907227,2.54010009765625,=NA(),0,64.81599426269531,1.4163999557495117,0.34380000829696655,0.08399999886751175,=NA(),20,1013.25,0,0,0,0,0,14.990015029907227,0,0,0,0,0,0,0,0,0,0,0,0,0,0
65,22,0,1,Night,,131.7694091796875,-41.769412994384766,218.56179809570312,0,0,0,0,13.339990615844727,3.2500998973846436,=NA(),0,64.81599426269531,1.4163999557495117,0.34380000829696655,0.08399999886751175,=NA(),20,1013.25,0,0,0,0,0,13.339990615844727,0,0,0,0,0,0,0,0,0,0,0,0,0,0
65,23,0,1,Night,,137.75209045410156,-47.75209045410156,199.21884155273438,0,0,0,0,17.300012588500977,4.360000133514404,=NA(),0,64.81599426269531,1.4163999557495117,0.34380000829696655,0.08399999886751175,=NA(),20,1013.25,0,0,0,0,0,17.300012588500977,0,0,0,0,0,0,0,0,0,0,0,0,0,0
66,0,0,1,Night,,139.48565673828125,-49.485660552978516,176.7010955810547,0,0,0,0,16.2700138092041,5.760000228881836,=NA(),0,64.81599426269531,1.4163999557495117,0.34380000829696655,0.08399999886751175,=NA(),20,1013.25,0,0,0,0,0,16.2700138092041,0,0,0,0,0,0,0,0,0,0,0,0,0,0
66,1,0,1,Night,,136.44998168945312,-46.449981689453125,154.78211975097656,0,0,0,0,15.600000381469727,6.190000057220459,=NA(),0,64.81599426269531,1.4163999557495117,0.34380000829696655,0.08399999886751175,=NA(),20,1013.25,0,0,0,0,0,15.600000381469727,0,0,0,0,0,0,0,0,0,0,0,0,0,0
66,2,0,1,Night,,129.51406860351562,-39.51406478881836,136.63519287109375,0,0,0,0,13.990015029907227,6.139900207519531,=NA(),0,64.81599426269531,1.4163999557495117,0.34380000829696655,0.08399999886751175,=NA(),20,1013.25,0,0,0,0,0,13.990015029907227,0,0,0,0,0,0,0,0,0,0,0,0,0,0
66,3,0,1,Night,,120.05296325683594,-30.052961349487305,122.52603912353516,0,0,0,0,12.839990615844727,5.789999961853027,=NA(),0,64.81599426269531,1.4163999557495117,0.34380000829696655,0.08399999886751175,=NA(),20,1013.25,0,0,0,0,0,12.839990615844727,0,0,0,0,0,0,0,0,0,0,0,0,0,0
66,4,0,1,Night,,109.13053894042969,-19.130535125732422,111.31645965576172,0,0,0,0,12.399988174438477,5.300000190734863,=NA(),0,64.81599426269531,1.4163999557495117,0.34380000829696655,0.08399999886751175,=NA(),20,1013.25,0,0,0,0,0,12.399988174438477,0,0,0,0,0,0,0,0,0,0,0,0,0,0
66,5,0,1,Night,,97.40892791748047,-7.408925533294678,101.830322265625,0,0,0,0,12.619989395141602,5.349899768829346,=NA(),0,64.81599426269531,1.4163999557495117,0.34380000829696655,0.08399999886751175,=NA(),20,1013.25,0,0,0,0,0,12.619989395141602,0,0,0,0,0,0,0,0,0,0,0,0,0,0
66,6,0,1,Day,,84.65614318847656,5.343859672546387,92.88106536865234,74.69999694824219,71.23517608642578,37.202999114990234,0.9536168575286865,13.890008926391602,5.519999980926514,=NA(),=NA(),9.75583267211914,1.4163999557495117,0.34380000829696655,0.08399999886751175,=NA(),20,1013.25,7.752991676330566,76.91313934326172,110.30999755859375,105.16499328613281,5.144999980926514,18.574365615844727,494.4200134277344,502.42999267578125,505.5060729980469,38.999176025390625,0.810122549533844,0.8072723150253296,44.63218688964844,0.8594973087310791,0.002918812446296215,0,0.00011312500282656401,0,-8.009979248046875,-3.076080322265625
66,7,0,1,Day,,72.86124420166016,17.138757705688477,84.42029571533203,295.70001220703125,225.6824188232422,237.60000610351562,0.763214111328125,17.839990615844727,5.460000038146973,=NA(),=NA(),3.3607027530670166,1.4163999557495117,0.34380000829696655,0.08399999886751175,=NA(),20,1013.25,28.80315399169922,44.2375373840332,504.44000244140625,484.69500732421875,19.744998931884766,38.30748748779297,3012.719970703125,2862.60009765625,2880.7919921875,38.357479095458984,4.694009780883789,4.640593528747559,45.08732986450195,4.951549530029297,0.016923625022172928,0,0.00041412501013837755,0,150.119873046875,-18.19189453125
66,8,0,1,Day,,60.82276153564453,29.1772403717041,74.80937194824219,527,312.4455871582031,440.1000061035156,0.5928758978843689,20.8900089263916,4.909999847412109,=NA(),=NA(),2.045499563217163,1.4163999557495117,0.34380000829696655,0.08399999886751175,=NA(),20,1013.25,59.94736862182617,13.22547721862793,844.844970703125,785.875,58.970001220703125,55.41875457763672,5151.89990234375,4620.35009765625,4650.32568359375,36.284889221191406,8.010293006896973,7.874274730682373,43.87306594848633,8.485193252563477,0.0282970629632473,0,0.00117575004696846,0,531.5498046875,-29.9755859375
66,9,0,1,Day,,49.38303756713867,40.61696243286133,63.0594482421875,704.5900268554688,321.6789245605469,588.1900024414062,0.45654764771461487,23.08001136779785,4.300099849700928,=NA(),=NA(),1.5342687368392944,1.4163999557495117,0.34380000829696655,0.08399999886751175,=NA(),20,1013.25,46.1090202331543,20.11542510986328,954.0899658203125,900.6900024414062,53.400001525878906,62.40813446044922,5759.0400390625,5038.43994140625,5069.33740234375,35.37474822998047,8.956561088562012,8.875203132629395,43.19425964355469,9.494109153747559,0.031832560896873474,0,0.001122812507674098,0,720.60009765625,-30.8974609375
66,10,0,1,Day,,39.30156326293945,50.69843673706055,47.18709945678711,858.989990234375,303.92681884765625,717.2999877929688,0.35381880402565,25.219995498657227,3.7799999713897705,=NA(),=NA(),1.2914670705795288,1.4163999557495117,0.34380000829696655,0.08399999886751175,=NA(),20,1013.25,30.98309898376465,25.49701690673828,1021.864990234375,965.02001953125,56.84000015258789,67.41374969482422,6208.93994140625,5334.2099609375,5368.3779296875,34.69766616821289,9.669920921325684,9.62890338897705,42.7037353515625,10.274767875671387,0.034314751625061035,0,0.0012351250043138862,0,874.72998046875,-34.16796875
66,11,0,1,Day,,32.053524017333984,57.946475982666016,24.59772300720215,937.4099731445312,274.1914978027344,782.510009765625,0.29249900579452515,26.399988174438477,3.349900007247925,=NA(),=NA(),1.179379940032959,1.4163999557495117,0.34380000829696655,0.08399999886751175,=NA(),20,1013.25,14.60853099822998,28.85211944580078,1030.7750244140625,963.4349975585938,67.33999633789062,69.20812225341797,6216.41015625,5304.85986328125,5334.31884765625,34.491512298583984,9.665996551513672,9.646546363830566,42.475467681884766,10.254927635192871,0.03413212299346924,0,0.001460937550291419,0,911.55029296875,-29.458984375
66,12,0,1,Day,,29.873029708862305,60.12696838378906,355.6346435546875,800.2000122070312,315.2135009765625,559.2999877929688,0.39391839504241943,27.70000648498535,3.1098999977111816,=NA(),=NA(),1.1528080701828003,1.4163999557495117,0.34380000829696655,0.08399999886751175,=NA(),20,1013.25,-2.503453254699707,29.777599334716797,860.5399780273438,800.75,59.790000915527344,63.31688690185547,5177.43017578125,4512.240234375,4537.7099609375,35.26103973388672,8.043067932128906,8.027132987976074,42.8636589050293,8.521748542785645,0.028299499303102493,0,0.0013195625506341457,0,665.18994140625,-25.4697265625
66,13,0,1,Day,,33.777156829833984,56.222843170166016,328.05548095703125,858.7999877929688,278.0362243652344,698.7000122070312,0.32374969124794006,29.399988174438477,2.9300999641418457,=NA(),=NA(),1.2025210857391357,1.4163999557495117,0.34380000829696655,0.08399999886751175,=NA(),20,1013.25,-19.488597869873047,28.149221420288086,960.2000122070312,900.3099975585938,59.88999938964844,69.2137680053711,5808.35009765625,4954.8701171875,4984.94482421875,34.47496032714844,9.037257194519043,9.0256986618042,42.33536148071289,9.600491523742676,0.03193112462759018,0,0.001308062463067472,0,853.47998046875,-30.07470703125
66,14,0,1,Day,,42.079200744628906,47.920799255371094,307.6831970214844,390.5,352.3551330566406,51.393001556396484,0.9023178815841675,29.600000381469727,2.7000999450683594,=NA(),=NA(),1.346301794052124,1.4163999557495117,0.34380000829696655,0.08399999886751175,=NA(),20,1013.25,-35.54829788208008,24.1837100982666,430.19500732421875,385.3999938964844,44.79499816894531,47.39250946044922,2479.93994140625,2280.969970703125,2292.891845703125,36.98950958251953,3.8742516040802,3.7725608348846436,43.52970504760742,4.103985786437988,0.013419999741017818,0,0.0009107500081881881,0,198.969970703125,-11.921875
66,15,0,1,Day,,52.68162155151367,37.31837844848633,293.2998046875,261.6099853515625,252.14955139160156,15.604999542236328,0.9638376235961914,29.709985733032227,1.940000057220459,=NA(),=NA(),1.6470357179641724,1.4163999557495117,0.34380000829696655,0.08399999886751175,=NA(),20,1013.25,-50.30765151977539,18.334644317626953,277.03497314453125,229.69500732421875,47.34000015258789,41.29875946044922,1525.06005859375,1430.52001953125,1433.3878173828125,37.48302459716797,2.3895697593688965,2.2656428813934326,43.45065689086914,2.5481667518615723,0.00796900037676096,0,0.0009643124649301171,0,94.5400390625,-2.8677978515625
66,16,0,1,Day,,64.36749267578125,25.632511138916016,282.3592224121094,172.7100067138672,169.46371459960938,7.504199981689453,0.9812037944793701,29.170007705688477,1.1800999641418457,=NA(),=NA(),2.302781581878662,1.4163999557495117,0.34380000829696655,0.08399999886751175,=NA(),20,1013.25,-60,11.762479782104492,187.20999145507812,147.5050048828125,39.70500183105469,37.06999969482422,996.5599975585938,947.8200073242188,943.9127197265625,37.74394226074219,1.5624818801879883,1.4587184190750122,43.26288986206055,1.6811360120773315,0.005112749990075827,0,0.0008130624773912132,0,48.739990234375,3.90728759765625
66,17,0,1,Day,,76.50501251220703,13.49498462677002,273.135986328125,72.10199737548828,71.75071716308594,1.5053000450134277,0.9951280355453491,28.290002822875977,0.7699999809265137,=NA(),=NA(),4.215964317321777,1.4163999557495117,0.34380000829696655,0.08399999886751175,=NA(),20,1013.25,-21.107439041137695,55.43407440185547,80.77999877929688,73.04000091552734,7.735000133514404,31.654382705688477,427.57000732421875,414.1499938964844,416.3515625,36.89726257324219,0.7052371501922607,0.6904882788658142,42.537986755371094,0.7526275515556335,0.0024744998663663864,0,0.00016387499636039138,0,13.420013427734375,-2.201568603515625
66,18,0,1,Night,Sun above horizon but GHI below 1,86.44257354736328,3.557426929473877,266.07196044921875,0,0,0,0,25.08001136779785,0.5400999784469604,=NA(),0,13.433600425720215,1.4163999557495117,0.34380000829696655,0.08399999886751175,=NA(),20,1013.25,0,0,0,0,0,25.08001136779785,0,0,0,0,0,0,0,0,0,0,0,0,0,0
66,19,0,1,Night,,101.01840209960938,-11.018403053283691,255.716552734375,0,0,0,0,22.20000648498535,0.7400000095367432,=NA(),0,64.81599426269531,1.4163999557495117,0.34380000829696655,0.08399999886751175,=NA(),20,1013.25,0,0,0,0,0,22.20000648498535,0,0,0,0,0,0,0,0,0,0,0,0,0,0
66,20,0,1,Night,,112.5870132446289,-22.587017059326172,245.8616180419922,0,0,0,0,20.790002822875977,0.9800000190734863,=NA(),0,64.81599426269531,1.4163999557495117,0.34380000829696655,0.08399999886751175,=NA(),20,1013.25,0,0,0,0,0,20.790002822875977,0,0,0,0,0,0,0,0,0,0,0,0,0,0
66,21,0,1,Night,,123.21611022949219,-33.21610641479492,233.96038818359375,0,0,0,0,18.990015029907227,1.159999966621399,=NA(),0,64.81599426269531,1.4163999557495117,0.34380000829696655,0.08399999886751175,=NA(),20,1013.25,0,0,0,0,0,18.990015029907227,0,0,0,0,0,0,0,0,0,0,0,0,0,0
66,22,0,1,Night,,132.13307189941406,-42.1330680847168,218.76210021972656,0,0,0,0,17.730005264282227,1.2200000286102295,=NA(),0,64.81599426269531,1.4163999557495117,0.34380000829696655,0.08399999886751175,=NA(),20,1013.25,0,0,0,0,0,17.730005264282227,0,0,0,0,0,0,0,0,0,0,0,0,0,0
66,23,0,1,Night,,138.14242553710938,-48.14242935180664,199.29115295410156,0,0,0,0,17.100000381469727,1.3598999977111816,=NA(),0,64.81599426269531,1.4163999557495117,0.34380000829696655,0.08399999886751175,=NA(),20,1013.25,0,0,0,0,0,17.100000381469727,0,0,0,0,0,0,0,0,0,0,0,0,0,0
67,0,0,1,Night,,139.8712158203125,-49.871219635009766,176.58059692382812,0,0,0,0,17.17998695373535,1.4700000286102295,=NA(),0,64.81599426269531,1.4163999557495117,0.34380000829696655,0.08399999886751175,=NA(),20,1013.25,0,0,0,0,0,17.17998695373535,0,0,0,0,0,0,0,0,0,0,0,0,0,0
67,1,0,1,Night,,136.7931365966797,-46.79314041137695,154.5017852783203,0,0,0,0,14.899988174438477,1.4600000381469727,=NA(),0,64.81599426269531,1.4163999557495117,0.34380000829696655,0.08399999886751175,=NA(),20,1013.25,0,0,0,0,0,14.899988174438477,0,0,0,0,0,0,0,0,0,0,0,0,0,0
67,2,0,1,Night,,129.8008575439453,-39.80086135864258,136.2853546142578,0,0,0,0,15.730005264282227,1.4300999641418457,=NA(),0,64.81599426269531,1.4163999557495117,0.34380000829696655,0.08399999886751175,=NA(),20,1013.25,0,0,0,0,0,15.730005264282227,0,0,0,0,0,0,0,0,0,0,0,0,0,0
67,3,0,1,Night,,120.29106140136719,-30.291061401367188,122.1639175415039,0,0,0,0,16.4999942779541,1.5399999618530273,=NA(),0,64.81599426269531,1.4163999557495117,0.34380000829696655,0.08399999886751175,=NA(),20,1013.25,0,0,0,0,0,16.4999942779541,0,0,0,0,0,0,0,0,0,0,0,0,0,0
67,4,0,1,Night,,109.33362579345703,-19.333627700805664,110.95993041992188,0,0,0,0,16.4999942779541,1.9901000261306763,=NA(),0,64.81599426269531,1.4163999557495117,0.34380000829696655,0.08399999886751175,=NA(),20,1013.25,0,0,0,0,0,16.4999942779541,0,0,0,0,0,0,0,0,0,0,0,0,0,0
67,5,0,1,Night,,97.59205627441406,-7.592054843902588,101.47854614257812,0,0,0,0,16.159997940063477,2.530100107192993,=NA(),0,64.81599426269531,1.4163999557495117,0.34380000829696655,0.08399999886751175,=NA(),20,1013.25,0,0,0,0,0,16.159997940063477,0,0,0,0,0,0,0,0,0,0,0,0,0,0
67,6,0,1,Day,,84.74410247802734,5.255898952484131,92.46626281738281,42.09700012207031,41.7950553894043,3.2962000370025635,0.9928274154663086,17.399988174438477,3.349900007247925,=NA(),=NA(),9.89178466796875,1.4163999557495117,0.34380000829696655,0.08399999886751175,=NA(),20,1013.25,7.619625091552734,77.13166809082031,50.650001525878906,46.92499923706055,3.7249999046325684,19.5256290435791,245.47000122070312,248.8699951171875,250.0834503173828,37.867820739746094,0.4127568304538727,0.41049113869667053,43.33049774169922,0.4427502453327179,0.0014794999733567238,0,0.00008143750164890662,0,-3.399993896484375,-1.2134552001953125
67,7,0,1,Day,,73.0361328125,16.963865280151367,84.05128479003906,139.91000366210938,135.91102600097656,13.706000328063965,0.9714174866676331,19.0200138092041,2.5999999046325684,=NA(),=NA(),3.393559217453003,1.4163999557495117,0.34380000829696655,0.08399999886751175,=NA(),20,1013.25,28.418498992919922,44.81724166870117,171.73001098632812,156.3249969482422,15.404999732971191,26.0618839263916,958.239990234375,948.010009765625,952.5841674804688,38.89384460449219,1.530701756477356,1.4946870803833008,44.70914077758789,1.6197059154510498,0.005394062492996454,0,0.0003108750097453594,0,10.22998046875,-4.57415771484375
67,8,0,1,Day,,61.012664794921875,28.987335205078125,74.41453552246094,253.08999633789062,236.90866088867188,33.38999938964844,0.9360648989677429,21.040002822875977,1.839900016784668,=NA(),=NA(),2.0576324462890625,1.4163999557495117,0.34380000829696655,0.08399999886751175,=NA(),20,1013.25,60,13.592981338500977,290.7750244140625,237.5500030517578,53.22999954223633,33.09874725341797,1621.56005859375,1566.1500244140625,1567.8477783203125,38.764808654785156,2.527357339859009,2.3957479000091553,44.666839599609375,2.692251682281494,0.008434874936938286,0,0.0010448750108480453,0,55.4100341796875,-1.69775390625
67,9,0,1,Day,,49.604820251464844,40.395179748535156,62.63116455078125,403,339.03753662109375,98.6989974975586,0.8412842154502869,24.300012588500977,3.390000104904175,=NA(),=NA(),1.541209101676941,1.4163999557495117,0.34380000829696655,0.08399999886751175,=NA(),20,1013.25,46.2236213684082,20.494470596313477,472.70001220703125,419.8800048828125,52.81999969482422,43.774986267089844,2729.56005859375,2544.0400390625,2558.115234375,37.56352615356445,4.256396293640137,4.123864650726318,44.18621826171875,4.501092433929443,0.01466981228441,0,0.0010702500585466623,0,185.52001953125,-14.0751953125
67,10,0,1,Day,,39.57688522338867,50.42311477661133,46.74333572387695,254.39999389648438,249.7736053466797,6.002299785614014,0.9818145036697388,26.30999183654785,4.389900207519531,=NA(),=NA(),1.2965682744979858,1.4163999557495117,0.34380000829696655,0.08399999886751175,=NA(),20,1013.25,31.047948837280273,25.886703491210938,266.70001220703125,234.72500610351562,31.974998474121094,37.344383239746094,1489.4400634765625,1417.06005859375,1424.162109375,37.84394836425781,2.3519601821899414,2.27652645111084,43.945159912109375,2.4921278953552246,0.008082999847829342,0,0.0006477499846369028,0,72.3800048828125,-7.10205078125
67,11,0,1,Day,,32.39948272705078,57.60051727294922,24.24366569519043,539.2899780273438,418.4659423828125,143.10000610351562,0.7759572267532349,28.219995498657227,4.949900150299072,=NA(),=NA(),1.1838676929473877,1.4163999557495117,0.34380000829696655,0.08399999886751175,=NA(),20,1013.25,14.605389595031738,29.246238708496094,588.0549926757812,542.3699951171875,45.69000244140625,52.469993591308594,3465.179931640625,3134.830078125,3154.279052734375,36.52879333496094,5.396915435791016,5.36628532409668,43.491241455078125,5.715826511383057,0.018919311463832855,0,0.0009745624847710133,0,330.349853515625,-19.448974609375
67,12,0,1,Day,,30.265642166137695,59.73435592651367,355.56396484375,930,260.6254577636719,775.010009765625,0.2802424132823944,30.3799991607666,5.410099983215332,=NA(),=NA(),1.1573809385299683,1.4163999557495117,0.34380000829696655,0.08399999886751175,=NA(),20,1013.25,-2.5843183994293213,30.16553497314453,998.8599853515625,930.7900390625,68.06999969482422,71.93563079833984,6027.16015625,5089.7099609375,5119.74560546875,34.120819091796875,9.377973556518555,9.361661911010742,42.0610466003418,9.965944290161133,0.03299781307578087,0,0.0015023750020191073,0,937.4501953125,-30.03564453125
67,13,0,1,Day,,34.154293060302734,55.845706939697266,328.2608337402344,578.5,410.1806640625,203.39999389648438,0.7090417742729187,30.0100040435791,5.9899001121521,=NA(),=NA(),1.2078527212142944,1.4163999557495117,0.34380000829696655,0.08399999886751175,=NA(),20,1013.25,-19.64108657836914,28.519868850708008,635.9599609375,587.3599853515625,48.599998474121094,56.28563690185547,3770.699951171875,3366,3385.0615234375,36.08163833618164,5.863565921783447,5.812963962554932,43.15378189086914,6.212220668792725,0.020585687831044197,0,0.0010349374497309327,0,404.699951171875,-19.0615234375
67,14,0,1,Day,,42.41462707519531,47.58537292480469,307.9912109375,393.8999938964844,353.52105712890625,54.69300079345703,0.8974893689155579,29.2600040435791,6.71999979019165,=NA(),=NA(),1.353458285331726,1.4163999557495117,0.34380000829696655,0.08399999886751175,=NA(),20,1013.25,-35.754188537597656,24.53042984008789,434.6499938964844,389.5050048828125,45.144996643066406,47.222496032714844,2506.9599609375,2307.35009765625,2320.145751953125,37.00843048095703,3.9183108806610107,3.816445827484131,43.57213592529297,4.1503190994262695,0.013565437868237495,0,0.0009176874882541597,0,199.60986328125,-12.795654296875
67,15,0,1,Day,,52.982940673828125,37.017059326171875,293.6187438964844,408.6099853515625,329.9758605957031,130.61000061035156,0.8075569868087769,29.2700138092041,7.059999942779541,=NA(),=NA(),1.658447027206421,1.4163999557495117,0.34380000829696655,0.08399999886751175,=NA(),20,1013.25,-50.547027587890625,18.65690803527832,501.8399963378906,446.6050109863281,55.23500061035156,49.977500915527344,2932.35009765625,2674.3798828125,2690.294189453125,36.754459381103516,4.574926376342773,4.432559490203857,43.50127029418945,4.847152233123779,0.015744000673294067,0,0.0011405624682083726,0,257.97021484375,-15.914306640625
67,16,0,1,Day,,64.6481704711914,25.35182762145996,282.6656799316406,198.49000549316406,191.7295379638672,15.788999557495117,0.965940535068512,28.42998695373535,6.04010009765625,=NA(),=NA(),2.326324939727783,1.4163999557495117,0.34380000829696655,0.08399999886751175,=NA(),20,1013.25,-60,12.131792068481445,225.489990234375,181.6199951171875,43.86499786376953,37.89562225341797,1221.219970703125,1158.780029296875,1157.1512451171875,37.81672286987305,1.9118908643722534,1.799324631690979,43.5126953125,2.048020362854004,0.006306062452495098,0,0.0009010625071823597,0,62.43994140625,1.6287841796875
67,17,0,1,Day,,76.77616882324219,13.223831176757812,273.4291687011719,175.69000244140625,157.29986572265625,80.39199829101562,0.8953261971473694,27.899988174438477,3.8101000785827637,=NA(),=NA(),4.297743797302246,1.4163999557495117,0.34380000829696655,0.08399999886751175,=NA(),20,1013.25,-20.609107971191406,56.20936965942383,268.8599853515625,255.98501586914062,12.875,38.94499969482422,1525.47998046875,1443.22998046875,1452.226806640625,37.58100891113281,2.4151601791381836,2.3891103267669678,43.772342681884766,2.5554912090301514,0.00865474995225668,0,0.0002799374924506992,0,82.25,-8.996826171875
67,18,0,1,Night,Sun above horizon but GHI below 1,86.57046508789062,3.4295318126678467,266.45501708984375,0,0,0,0,25.040002822875977,2.4100000858306885,=NA(),0,13.7955904006958,1.4163999557495117,0.34380000829696655,0.08399999886751175,=NA(),20,1013.25,0,0,0,0,0,25.040002822875977,0,0,0,0,0,0,0,0,0,0,0,0,0,0
67,19,0,1,Night,,101.30142974853516,-11.301431655883789,255.9959259033203,0,0,0,0,20.9999942779541,1.8799999952316284,=NA(),0,64.81599426269531,1.4163999557495117,0.34380000829696655,0.08399999886751175,=NA(),20,1013.25,0,0,0,0,0,20.9999942779541,0,0,0,0,0,0,0,0,0,0,0,0,0,0
67,20,0,1,Night,,112.89009857177734,-22.890094757080078,246.1355743408203,0,0,0,0,17.670007705688477,1.6399999856948853,=NA(),0,64.81599426269531,1.4163999557495117,0.34380000829696655,0.08399999886751175,=NA(),20,1013.25,0,0,0,0,0,17.670007705688477,0,0,0,0,0,0,0,0,0,0,0,0,0,0
67,21,0,1,Night,,123.5474624633789,-33.547462463378906,234.21697998046875,0,0,0,0,17.58001136779785,1.3899999856948853,=NA(),0,64.81599426269531,1.4163999557495117,0.34380000829696655,0.08399999886751175,=NA(),20,1013.25,0,0,0,0,0,17.58001136779785,0,0,0,0,0,0,0,0,0,0,0,0,0,0
67,22,0,1,Night,,132.4984588623047,-42.498451232910156,218.96365356445312,0,0,0,0,17.7600040435791,1.820099949836731,=NA(),0,64.81599426269531,1.4163999557495117,0.34380000829696655,0.08399999886751175,=NA(),20,1013.25,0,0,0,0,0,17.7600040435791,0,0,0,0,0,0,0,0,0,0,0,0,0,0
67,23,0,1,Night,,138.53419494628906,-48.53418731689453,199.3627166748047,0,0,0,0,18.399988174438477,2.259999990463257,=NA(),0,64.81599426269531,1.4163999557495117,0.34380000829696655,0.08399999886751175,=NA(),20,1013.25,0,0,0,0,0,18.399988174438477,0,0,0,0,0,0,0,0,0,0,0,0,0,0
68,0,0,1,Night,,140.25778198242188,-50.257781982421875,176.45558166503906,0,0,0,0,16.360010147094727,2.389899969100952,=NA(),0,64.81599426269531,1.4163999557495117,0.34380000829696655,0.08399999886751175,=NA(),20,1013.25,0,0,0,0,0,16.360010147094727,0,0,0,0,0,0,0,0,0,0,0,0,0,0
68,1,0,1,Night,,137.1360321044922,-47.13603591918945,154.21510314941406,0,0,0,0,15.800012588500977,2.440000057220459,=NA(),0,64.81599426269531,1.4163999557495117,0.34380000829696655,0.08399999886751175,=NA(),20,1013.25,0,0,0,0,0,15.800012588500977,0,0,0,0,0,0,0,0,0,0,0,0,0,0
68,2,0,1,Night,,130.0867462158203,-40.08674621582031,135.93008422851562,0,0,0,0,15.439996719360352,2.490000009536743,=NA(),0,64.81599426269531,1.4163999557495117,0.34380000829696655,0.08399999886751175,=NA(),20,1013.25,0,0,0,0,0,15.439996719360352,0,0,0,0,0,0,0,0,0,0,0,0,0,0
68,3,0,1,Night,,120.52837371826172,-30.52837562561035,121.79782104492188,0,0,0,0,14.999994277954102,2.3701000213623047,=NA(),0,64.81599426269531,1.4163999557495117,0.34380000829696655,0.08399999886751175,=NA(),20,1013.25,0,0,0,0,0,14.999994277954102,0,0,0,0,0,0,0,0,0,0,0,0,0,0
68,4,0,1,Night,,109.53655242919922,-19.53655433654785,110.60055541992188,0,0,0,0,14.290002822875977,2.259999990463257,=NA(),0,64.81599426269531,1.4163999557495117,0.34380000829696655,0.08399999886751175,=NA(),20,1013.25,0,0,0,0,0,14.290002822875977,0,0,0,0,0,0,0,0,0,0,0,0,0,0
68,5,0,1,Night,,97.7759780883789,-7.775980472564697,101.1246566772461,0,0,0,0,12.510004043579102,2.740000009536743,=NA(),0,64.81599426269531,1.4163999557495117,0.34380000829696655,0.08399999886751175,=NA(),20,1013.25,0,0,0,0,0,12.510004043579102,0,0,0,0,0,0,0,0,0,0,0,0,0,0
68,6,0,1,Day,,84.82080078125,5.179196834564209,92.04495239257812,42.19499969482422,41.89763641357422,3.294100046157837,0.9929526448249817,13.399988174438477,3.5299999713897705,=NA(),=NA(),10.013264656066895,1.4163999557495117,0.34380000829696655,0.08399999886751175,=NA(),20,1013.25,7.503591060638428,77.32207489013672,50.910003662109375,47.189998626708984,3.7199997901916504,15.533746719360352,246.0500030517578,253.1699981689453,254.21571350097656,38.512046813964844,0.4125591516494751,0.4095294177532196,43.90970230102539,0.4428393244743347,0.0014830000000074506,0,0.00008143750164890662,0,-7.1199951171875,-1.04571533203125
68,7,0,1,Day,,73.21012878417969,16.789873123168945,83.68109893798828,383.19000244140625,290.7568664550781,319.989990234375,0.7587798833847046,15.240015029907227,4.559999942779541,=NA(),=NA(),3.426912784576416,1.4163999557495117,0.34380000829696655,0.08399999886751175,=NA(),20,1013.25,28.041929244995117,45.3886833190918,689.594970703125,667.594970703125,22,43.23686981201172,4146.580078125,3877.47998046875,3903.009521484375,37.86020278930664,6.44316291809082,6.385131359100342,45.03307342529297,6.801138401031494,0.023277562111616135,0,0.000471249979455024,0,269.10009765625,-25.529541015625
68,8,0,1,Day,,61.202720642089844,28.797279357910156,74.01908111572266,477.30999755859375,296.4704895019531,375.4100036621094,0.6211277842521667,16.82000160217285,4.960000038146973,=NA(),=NA(),2.069941997528076,1.4163999557495117,0.34380000829696655,0.08399999886751175,=NA(),20,1013.25,60,13.963440895080566,758.5800170898438,702.6749877929688,55.90999984741211,47.68187713623047,4609.89990234375,4246.56005859375,4273.95263671875,37.300846099853516,7.1614670753479,7.029942989349365,44.657020568847656,7.570026397705078,0.025266436859965324,0,0.0011143124429509044,0,363.33984375,-27.392578125
68,9,0,1,Day,,49.8273811340332,40.1726188659668,62.203277587890625,713.8900146484375,329.3567810058594,596.0900268554688,0.461355060338974,19.300012588500977,5.119999885559082,=NA(),=NA(),1.5482605695724487,1.4163999557495117,0.34380000829696655,0.08399999886751175,=NA(),20,1013.25,46.33735656738281,20.87494468688965,967.2850341796875,912.449951171875,54.845001220703125,59.06188201904297,5831.39013671875,5164.41015625,5197.03759765625,35.8125,9.069948196411133,8.986848831176758,43.64894104003906,9.607706069946289,0.03221956267952919,0,0.0011518750106915832,0,666.97998046875,-32.62744140625
68,10,0,1,Day,,39.85356140136719,50.14643859863281,46.301761627197266,857.0999755859375,307.6679382324219,715.7000122070312,0.35896387696266174,21.43999671936035,5.289999961853027,=NA(),=NA(),1.3017654418945312,1.4163999557495117,0.34380000829696655,0.08399999886751175,=NA(),20,1013.25,31.1117000579834,26.277700424194336,1019.7900390625,962.8200073242188,56.970001220703125,63.49437713623047,6196.10009765625,5400.89013671875,5432.701171875,35.23440170288086,9.636719703674316,9.598072052001953,43.20209884643555,10.21336555480957,0.03423574939370155,0,0.0012396874371916056,0,795.2099609375,-31.81103515625
68,11,0,1,Day,,32.746665954589844,57.253334045410156,23.892925262451172,937.4099731445312,279.0956726074219,782.7100219726562,0.2977306544780731,22.709985733032227,5.490099906921387,=NA(),=NA(),1.1884492635726929,1.4163999557495117,0.34380000829696655,0.08399999886751175,=NA(),20,1013.25,14.600503921508789,29.641422271728516,1030.614990234375,963.0799560546875,67.53500366210938,65.3349838256836,6213.51025390625,5379.580078125,5412.2373046875,34.984493255615234,9.668991088867188,9.651457786560059,42.971778869628906,10.256916046142578,0.03411174938082695,0,0.001464437460526824,0,833.93017578125,-32.6572265625
68,12,0,1,Day,,30.65920066833496,59.34080123901367,355.4920349121094,943.4000244140625,265.464111328125,788.0999755859375,0.28139081597328186,24.459985733032227,5.730100154876709,=NA(),=NA(),1.1620562076568604,1.4163999557495117,0.34380000829696655,0.08399999886751175,=NA(),20,1013.25,-2.6676108837127686,30.55418586730957,1013.3800048828125,944.2550048828125,69.1300048828125,66.42937469482422,6111.72998046875,5269.60009765625,5301.4423828125,34.842498779296875,9.509653091430664,9.494854927062988,42.79763412475586,10.090311050415039,0.03346293792128563,0,0.0015253749443218112,0,842.1298828125,-31.84228515625
68,13,0,1,Day,,34.533206939697266,55.466793060302734,328.4605712890625,885.3099975585938,277.9156799316406,737.3099975585938,0.3139190673828125,25.600000381469727,5.880099773406982,=NA(),=NA(),1.2133102416992188,1.4163999557495117,0.34380000829696655,0.08399999886751175,=NA(),20,1013.25,-19.796506881713867,28.890932083129883,991.1749877929688,929.6949462890625,61.47999954223633,66.60124969482422,6004.2197265625,5173.18994140625,5203.26171875,34.828487396240234,9.337291717529297,9.315439224243164,42.739402770996094,9.902298927307129,0.03302568569779396,0,0.0013418125454336405,0,831.02978515625,-30.07177734375
68,14,0,1,Day,,42.75255584716797,47.24744415283203,308.2945556640625,742.6099853515625,307.6079406738281,592.4099731445312,0.41422542929649353,26.5200138092041,5.860000133514404,=NA(),=NA(),1.360792636871338,1.4163999557495117,0.34380000829696655,0.08399999886751175,=NA(),20,1013.25,-35.96310806274414,24.877277374267578,912.8499755859375,862.2950439453125,50.55500030517578,64.18688201904297,5521.7099609375,4798.39013671875,4828.56005859375,35.13145065307617,8.590179443359375,8.540346145629883,42.8807487487793,9.115595817565918,0.030496561899781227,0,0.0010948750423267484,0,723.31982421875,-30.169921875
68,15,0,1,Day,,53.28684616088867,36.71315383911133,293.9349060058594,566.3099975585938,319.2294616699219,413.30999755859375,0.5637009143829346,27.2600040435791,5.610000133514404,=NA(),=NA(),1.670163631439209,1.4163999557495117,0.34380000829696655,0.08399999886751175,=NA(),20,1013.25,-50.78914260864258,18.979127883911133,785.574951171875,733.074951171875,52.49500274658203,59.54125213623047,4755.080078125,4199.98974609375,4227.15869140625,35.715431213378906,7.397447109222412,7.290701866149902,43.18299102783203,7.846332550048828,0.0260973758995533,0,0.0011103125289082527,0,555.09033203125,-27.1689453125
68,16,0,1,Day,,64.9312515258789,25.06875228881836,282.9706726074219,358.69000244140625,269.8813171386719,209.60000610351562,0.7524082660675049,27.0200138092041,4.460100173950195,=NA(),=NA(),2.350616216659546,1.4163999557495117,0.34380000829696655,0.08399999886751175,=NA(),20,1013.25,-60,12.503308296203613,573.5849609375,523.0400390625,50.54499816894531,50.592491149902344,3398.22998046875,3094.60009765625,3114.0263671875,36.76920700073242,5.293374061584473,5.15872049331665,43.69973373413086,5.603185653686523,0.018449125811457634,0,0.0010666875168681145,0,303.6298828125,-19.42626953125
68,17,0,1,Day,,77.04908752441406,12.950910568237305,273.7216796875,125.19999694824219,120.5843276977539,20.594999313354492,0.9631336331367493,25.92998695373535,3.039900064468384,=NA(),=NA(),4.383358478546143,1.4163999557495117,0.34380000829696655,0.08399999886751175,=NA(),20,1013.25,-20.11383628845215,56.983558654785156,161.8249969482422,150.29998779296875,11.524999618530273,32.594993591308594,893.0999755859375,863.22998046875,868.5000610351562,37.79319381713867,1.4362632036209106,1.415739893913269,43.690330505371094,1.5212364196777344,0.005086500197649002,0,0.00024575000861659646,0,29.8699951171875,-5.27008056640625
68,18,0,1,Night,Sun above horizon but GHI below 1,86.69879913330078,3.3011996746063232,266.8380126953125,0,0,0,0,23.4999942779541,3.049999952316284,=NA(),0,14.177032470703125,1.4163999557495117,0.34380000829696655,0.08399999886751175,=NA(),20,1013.25,0,0,0,0,0,23.4999942779541,0,0,0,0,0,0,0,0,0,0,0,0,0,0
68,19,0,1,Night,,101.585693359375,-11.585693359375,256.2757568359375,0,0,0,0,21.20000648498535,3.090100049972534,=NA(),0,64.81599426269531,1.4163999557495117,0.34380000829696655,0.08399999886751175,=NA(),20,1013.25,0,0,0,0,0,21.20000648498535,0,0,0,0,0,0,0,0,0,0,0,0,0,0
68,20,0,1,Night,,113.19381713867188,-23.193815231323242,246.41050720214844,0,0,0,0,20.149988174438477,3.039900064468384,=NA(),0,64.81599426269531,1.4163999557495117,0.34380000829696655,0.08399999886751175,=NA(),20,1013.25,0,0,0,0,0,20.149988174438477,0,0,0,0,0,0,0,0,0,0,0,0,0,0
68,21,0,1,Night,,123.88004302978516,-33.880043029785156,234.4750213623047,0,0,0,0,16.800012588500977,2.9400999546051025,=NA(),0,64.81599426269531,1.4163999557495117,0.34380000829696655,0.08399999886751175,=NA(),20,1013.25,0,0,0,0,0,16.800012588500977,0,0,0,0,0,0,0,0,0,0,0,0,0,0
68,22,0,1,Night,,132.86524963378906,-42.86525344848633,219.1665496826172,0,0,0,0,16.18999671936035,2.780100107192993,=NA(),0,64.81599426269531,1.4163999557495117,0.34380000829696655,0.08399999886751175,=NA(),20,1013.25,0,0,0,0,0,16.18999671936035,0,0,0,0,0,0,0,0,0,0,0,0,0,0
68,23,0,1,Night,,138.9276123046875,-48.927616119384766,199.43360900878906,0,0,0,0,13.459985733032227,2.5899999141693115,=NA(),0,64.81599426269531,1.4163999557495117,0.34380000829696655,0.08399999886751175,=NA(),20,1013.25,0,0,0,0,0,13.459985733032227,0,0,0,0,0,0,0,0,0,0,0,0,0,0
69,0,0,1,Night,,140.6453094482422,-50.645301818847656,176.32608032226562,0,0,0,0,12.360010147094727,2.2699999809265137,=NA(),0,64.81599426269531,1.4163999557495117,0.34380000829696655,0.08399999886751175,=NA(),20,1013.25,0,0,0,0,0,12.360010147094727,0,0,0,0,0,0,0,0,0,0,0,0,0,0
69,1,0,1,Night,,137.47882080078125,-47.478824615478516,153.9220733642578,0,0,0,0,12.540002822875977,1.9198999404907227,=NA(),0,64.81599426269531,1.4163999557495117,0.34380000829696655,0.08399999886751175,=NA(),20,1013.25,0,0,0,0,0,12.540002822875977,0,0,0,0,0,0,0,0,0,0,0,0,0,0
69,2,0,1,Night,,130.3717803955078,-40.37178421020508,135.5694580078125,0,0,0,0,11.360010147094727,1.7999999523162842,=NA(),0,64.81599426269531,1.4163999557495117,0.34380000829696655,0.08399999886751175,=NA(),20,1013.25,0,0,0,0,0,11.360010147094727,0,0,0,0,0,0,0,0,0,0,0,0,0,0
69,3,0,1,Night,,120.76463317871094,-30.764631271362305,121.42787170410156,0,0,0,0,10.450006484985352,1.929900050163269,=NA(),0,64.81599426269531,1.4163999557495117,0.34380000829696655,0.08399999886751175,=NA(),20,1013.25,0,0,0,0,0,10.450006484985352,0,0,0,0,0,0,0,0,0,0,0,0,0,0
69,4,0,1,Night,,109.73860931396484,-19.738605499267578,110.2384262084961,0,0,0,0,9.950098037719727,2.180000066757202,=NA(),0,64.81599426269531,1.4163999557495117,0.34380000829696655,0.08399999886751175,=NA(),20,1013.25,0,0,0,0,0,9.950006484985352,0,0,0,0,0,0,0,0,0,0,0,0,0,0
69,5,0,1,Night,,97.95885467529297,-7.95885705947876,100.76874542236328,0,0,0,0,8.600000381469727,2.3399999141693115,=NA(),0,64.81599426269531,1.4163999557495117,0.34380000829696655,0.08399999886751175,=NA(),20,1013.25,0,0,0,0,0,8.600000381469727,0,0,0,0,0,0,0,0,0,0,0,0,0,0
69,6,0,1,Day,,84.90746307373047,5.092537879943848,91.62920379638672,87.39800262451172,81.41571044921875,67.3949966430664,0.9315511584281921,10.510004043579102,3.4000000953674316,=NA(),=NA(),10.153949737548828,1.4163999557495117,0.34380000829696655,0.08399999886751175,=NA(),20,1013.25,7.37341833114624,77.53707122802734,138.1300048828125,132.77999877929688,5.349999904632568,16.406885147094727,595.6699829101562,609.719970703125,613.432373046875,39.580142974853516,0.9686551690101624,0.9656495451927185,45.24354934692383,1.0257495641708374,0.003504500025883317,0,0.00011775000166380778,0,-14.04998779296875,-3.71240234375
69,7,0,1,Day,,73.38484954833984,16.615150451660156,83.30985260009766,294.19000244140625,225.0807342529297,241.69000244140625,0.76508629322052,15.420007705688477,2.6500000953674316,=NA(),=NA(),3.4610960483551025,1.4163999557495117,0.34380000829696655,0.08399999886751175,=NA(),20,1013.25,27.669408798217773,45.95745086669922,503.58001708984375,484.4599914550781,19.119998931884766,35.798118591308594,2998.159912109375,2873.070068359375,2892.36474609375,38.685428619384766,4.672913551330566,4.624880313873291,45.40781021118164,4.927419185638428,0.016850437968969345,0,0.00040499999886378646,0,125.08984375,-19.294677734375
69,8,0,1,Day,,61.39419937133789,28.60580062866211,73.6231460571289,514.7999877929688,309.11578369140625,429.6000061035156,0.600458025932312,20.850000381469727,2.460099935531616,=NA(),=NA(),2.0825159549713135,1.4163999557495117,0.34380000829696655,0.08399999886751175,=NA(),20,1013.25,60,14.336891174316406,829.719970703125,771.3099975585938,58.40999984741211,54.793113708496094,5047.9501953125,4536.89013671875,4565.6298828125,36.370487213134766,7.845897674560547,7.709469795227051,43.913944244384766,8.307074546813965,0.027709562331438065,0,0.0011691874824464321,0,511.06005859375,-28.73974609375
69,9,0,1,Day,,50.05177688598633,39.94822311401367,61.77593994140625,706.7999877929688,327.9638671875,590,0.4640122652053833,24.3799991607666,2.389899969100952,=NA(),=NA(),1.5554590225219727,1.4163999557495117,0.34380000829696655,0.08399999886751175,=NA(),20,1013.25,46.451332092285156,21.257061004638672,958.2950439453125,903.7249755859375,54.56999969482422,63.90874481201172,5776.10009765625,5025.6201171875,5057.81103515625,35.16600036621094,8.989248275756836,8.90684700012207,43.00706481933594,9.540550231933594,0.031907062977552414,0,0.0011461875401437283,0,750.47998046875,-32.19091796875
69,10,0,1,Day,,40.13225555419922,49.86774444580078,45.862545013427734,846,305.90814208984375,706.4099731445312,0.3615935444831848,26.6299991607666,2.159899950027466,=NA(),=NA(),1.307073712348938,1.4163999557495117,0.34380000829696655,0.08399999886751175,=NA(),20,1013.25,31.175033569335938,26.670307159423828,1006.7349853515625,950.405029296875,56.334999084472656,68.27001190185547,6114.72021484375,5236.08984375,5268.4482421875,34.593936920166016,9.518379211425781,9.480670928955078,42.562496185302734,10.111305236816406,0.03377950191497803,0,0.0012258124770596623,0,878.63037109375,-32.3583984375
69,11,0,1,Day,,33.09560775756836,56.90439224243164,23.54561424255371,922.7000122070312,277.2138671875,770.489990234375,0.30043768882751465,27.980005264282227,1.820099949836731,=NA(),=NA(),1.1931341886520386,1.4163999557495117,0.34380000829696655,0.08399999886751175,=NA(),20,1013.25,14.594256401062012,30.038110733032227,1014.385009765625,947.85498046875,66.52999877929688,70.0631332397461,6116.10986328125,5202.0498046875,5234.3115234375,34.35601043701172,9.522188186645508,9.505854606628418,42.33208465576172,10.1195707321167,0.03357131406664848,0,0.0014423124957829714,0,914.06005859375,-32.26171875
69,12,0,1,Day,,31.05417251586914,58.94582748413086,355.41900634765625,931.1900024414062,265.0442199707031,777.5900268554688,0.28462958335876465,28.670007705688477,1.3899999856948853,=NA(),=NA(),1.1668418645858765,1.4163999557495117,0.34380000829696655,0.08399999886751175,=NA(),20,1013.25,-2.753363609313965,30.944021224975586,1000.375,932.0849609375,68.29000091552734,70.23686981201172,6030.91015625,5125.81982421875,5156.32763671875,34.34271240234375,9.383952140808105,9.36768913269043,42.28085708618164,9.966653823852539,0.03301506116986275,0,0.0015067500062286854,0,905.09033203125,-30.5078125
69,13,0,1,Day,,34.91424560546875,55.08575439453125,328.6548767089844,900.7999877929688,283.7427673339844,752.5,0.31498974561691284,29.730005264282227,0.9300000071525574,=NA(),=NA(),1.2189022302627563,1.4163999557495117,0.34380000829696655,0.08399999886751175,=NA(),20,1013.25,-19.955106735229492,29.262725830078125,1008.9599609375,946.344970703125,62.61000061035156,71.60250091552734,6108.85986328125,5165.56005859375,5197.06787109375,34.1566162109375,9.509626388549805,9.49014663696289,42.13188171386719,10.11016845703125,0.033604562282562256,0,0.001366812502965331,0,943.2998046875,-31.5078125
69,14,0,1,Day,,43.09329605102539,46.90670394897461,308.5932922363281,695.6099853515625,320.9226989746094,513.0999755859375,0.4613543450832367,30.92998695373535,0.5598999857902527,=NA(),=NA(),1.3683170080184937,1.4163999557495117,0.34380000829696655,0.08399999886751175,=NA(),20,1013.25,-36.1754150390625,25.224414825439453,851.2349853515625,801.844970703125,49.38500213623047,66.11312103271484,5137.85986328125,4431.25,4459.5009765625,34.85968780517578,7.995469093322754,7.940898418426514,42.48628616333008,8.494949340820312,0.028330374509096146,0,0.0010621249675750732,0,706.60986328125,-28.2509765625
69,15,0,1,Day,,53.593727111816406,36.406272888183594,294.2482604980469,397.510009765625,324.91815185546875,122.30999755859375,0.8173835873603821,31.2600040435791,0.3801000118255615,=NA(),=NA(),1.682211995124817,1.4163999557495117,0.34380000829696655,0.08399999886751175,=NA(),20,1013.25,-51.03446960449219,19.301321029663086,487.96002197265625,433.22998046875,54.72999954223633,51.443748474121094,2846.739990234375,2582.239990234375,2596.834716796875,36.54159927368164,4.44170618057251,4.300041198730469,43.25189208984375,4.707998275756836,0.015269500203430653,0,0.0011319374898448586,0,264.5,-14.5947265625
69,16,0,1,Day,,65.21720886230469,24.782794952392578,283.27410888671875,378.5,272.19189453125,253.61000061035156,0.7191331386566162,30.32000160217285,0.3700000047683716,=NA(),=NA(),2.3757307529449463,1.4163999557495117,0.34380000829696655,0.08399999886751175,=NA(),20,1013.25,-60,12.877119064331055,622.1199951171875,571.5999755859375,50.52000045776367,55.964378356933594,3691.4599609375,3298.58984375,3319.78662109375,36.08454895019531,5.750218868255615,5.617499828338623,43.154632568359375,6.095690727233887,0.02011050097644329,0,0.0010621249675750732,0,392.8701171875,-21.19677734375
69,17,0,1,Day,,77.32498931884766,12.67501163482666,274.01348876953125,75.40399932861328,74.96382141113281,2.0060999393463135,0.994162380695343,28.339990615844727,0.5299999713897705,=NA(),=NA(),4.473475456237793,1.4163999557495117,0.34380000829696655,0.08399999886751175,=NA(),20,1013.25,-19.619224548339844,57.760196685791016,86.2449951171875,78.44499969482422,7.800000190734863,31.930017471313477,458.8500061035156,444.010009765625,446.1111145019531,36.990413665771484,0.7537495493888855,0.7396241426467896,42.62088394165039,0.8043208718299866,0.0026561873964965343,0,0.0001653125073062256,0,14.839996337890625,-2.101104736328125
69,18,0,1,Night,Sun above horizon but GHI below 1,86.83414459228516,3.16585373878479,267.2185974121094,0,0,0,0,25.2499942779541,0.6700000166893005,=NA(),0,14.600488662719727,1.4163999557495117,0.34380000829696655,0.08399999886751175,=NA(),20,1013.25,0,0,0,0,0,25.2499942779541,0,0,0,0,0,0,0,0,0,0,0,0,0,0
69,19,0,1,Night,,101.87130737304688,-11.871306419372559,256.5560302734375,0,0,0,0,21.7600040435791,1.0300999879837036,=NA(),0,64.81599426269531,1.4163999557495117,0.34380000829696655,0.08399999886751175,=NA(),20,1013.25,0,0,0,0,0,21.7600040435791,0,0,0,0,0,0,0,0,0,0,0,0,0,0
69,20,0,1,Night,,113.49911499023438,-23.499116897583008,246.68643188476562,0,0,0,0,19.92998695373535,2.089900016784668,=NA(),0,64.81599426269531,1.4163999557495117,0.34380000829696655,0.08399999886751175,=NA(),20,1013.25,0,0,0,0,0,19.92998695373535,0,0,0,0,0,0,0,0,0,0,0,0,0,0
69,21,0,1,Night,,124.21320343017578,-34.21320724487305,234.7344970703125,0,0,0,0,22.360010147094727,3.1500000953674316,=NA(),0,64.81599426269531,1.4163999557495117,0.34380000829696655,0.08399999886751175,=NA(),20,1013.25,0,0,0,0,0,22.360010147094727,0,0,0,0,0,0,0,0,0,0,0,0,0,0
69,22,0,1,Night,,133.2327880859375,-43.23279571533203,219.370849609375,0,0,0,0,21.659997940063477,4.730000019073486,=NA(),0,64.81599426269531,1.4163999557495117,0.34380000829696655,0.08399999886751175,=NA(),20,1013.25,0,0,0,0,0,21.659997940063477,0,0,0,0,0,0,0,0,0,0,0,0,0,0
69,23,0,1,Night,,139.32167053222656,-49.3216667175293,199.50389099121094,0,0,0,0,20.8699893951416,5.800099849700928,=NA(),0,64.81599426269531,1.4163999557495117,0.34380000829696655,0.08399999886751175,=NA(),20,1013.25,0,0,0,0,0,20.8699893951416,0,0,0,0,0,0,0,0,0,0,0,0,0,0
70,0,0,1,Night,,141.03294372558594,-51.03294372558594,176.1920623779297,0,0,0,0,20.339990615844727,5.619999885559082,=NA(),0,64.81599426269531,1.4163999557495117,0.34380000829696655,0.08399999886751175,=NA(),20,1013.25,0,0,0,0,0,20.339990615844727,0,0,0,0,0,0,0,0,0,0,0,0,0,0
70,1,0,1,Night,,137.82061767578125,-47.820621490478516,153.62271118164062,0,0,0,0,19.93999671936035,5.059999942779541,=NA(),0,64.81599426269531,1.4163999557495117,0.34380000829696655,0.08399999886751175,=NA(),20,1013.25,0,0,0,0,0,19.93999671936035,0,0,0,0,0,0,0,0,0,0,0,0,0,0
70,2,0,1,Night,,130.65475463867188,-40.654754638671875,135.20350646972656,0,0,0,0,19.600000381469727,4.960000038146973,=NA(),0,64.81599426269531,1.4163999557495117,0.34380000829696655,0.08399999886751175,=NA(),20,1013.25,0,0,0,0,0,19.600000381469727,0,0,0,0,0,0,0,0,0,0,0,0,0,0
70,3,0,1,Night,,120.9981689453125,-30.998167037963867,121.05419158935547,0,0,0,0,19.399988174438477,4.889999866485596,=NA(),0,64.81599426269531,1.4163999557495117,0.34380000829696655,0.08399999886751175,=NA(),20,1013.25,0,0,0,0,0,19.399988174438477,0,0,0,0,0,0,0,0,0,0,0,0,0,0
70,4,0,1,Night,,109.93724822998047,-19.93724822998047,109.87368774414062,0,0,0,0,19.399988174438477,4.659999847412109,=NA(),0,64.81599426269531,1.4163999557495117,0.34380000829696655,0.08399999886751175,=NA(),20,1013.25,0,0,0,0,0,19.399988174438477,0,0,0,0,0,0,0,0,0,0,0,0,0,0
70,5,0,1,Night,,98.13642120361328,-8.136420249938965,100.41094207763672,0,0,0,0,19.110010147094727,4.850100040435791,=NA(),0,64.81599426269531,1.4163999557495117,0.34380000829696655,0.08399999886751175,=NA(),20,1013.25,0,0,0,0,0,19.110010147094727,0,0,0,0,0,0,0,0,0,0,0,0,0,0
70,6,0,1,Day,,84.9867935180664,5.013203144073486,91.20242309570312,36.999000549316406,36.833316802978516,1.8960000276565552,0.9955219626426697,19.149988174438477,5.699999809265137,=NA(),=NA(),10.286033630371094,1.4163999557495117,0.34380000829696655,0.08399999886751175,=NA(),20,1013.25,7.254652976989746,77.73377227783203,43.65999984741211,40.33000183105469,3.3299999237060547,20.985620498657227,211.83999633789062,213.60000610351562,214.76039123535156,37.40261459350586,0.3588656783103943,0.3570706844329834,42.87407684326172,0.3857652246952057,0.0012861250434070826,0,0.0000729375024093315,0,-1.760009765625,-1.1603851318359375
70,7,0,1,Day,,73.56059265136719,16.439409255981445,82.93767547607422,175.69000244140625,163.04042053222656,44.698001861572266,0.9280005693435669,20.990015029907227,6.219900131225586,=NA(),=NA(),3.4961965084075928,1.4163999557495117,0.34380000829696655,0.08399999886751175,=NA(),20,1013.25,27.300100326538086,46.52458572387695,250.47999572753906,234.6199951171875,15.860000610351562,31.1981143951416,1438.0999755859375,1398,1406.747314453125,38.604888916015625,2.277472734451294,2.240115165710449,44.71393585205078,2.4047868251800537,0.008111187256872654,0,0.00032699998700991273,0,40.0999755859375,-8.747314453125
70,8,0,1,Day,,61.58605194091797,28.41394805908203,73.22688293457031,232.7899932861328,221.3717803955078,23.996000289916992,0.950950562953949,22.990015029907227,5.720099925994873,=NA(),=NA(),2.0952911376953125,1.4163999557495117,0.34380000829696655,0.08399999886751175,=NA(),20,1013.25,60,14.712932586669922,262.57000732421875,212.35000610351562,50.21500015258789,33.92375946044922,1449.8599853515625,1395.969970703125,1395.7413330078125,38.55747985839844,2.261939525604248,2.1386101245880127,44.357398986816406,2.4151611328125,0.007515687495470047,0,0.0009908125502988696,0,53.8900146484375,0.2286376953125
70,9,0,1,Day,,50.276939392089844,39.723060607910156,61.34931182861328,431.8900146484375,342.8729248046875,139.2899932861328,0.7938894629478455,23.70000648498535,5.170100212097168,=NA(),=NA(),1.5627739429473877,1.4163999557495117,0.34380000829696655,0.08399999886751175,=NA(),20,1013.25,46.56452941894531,21.640363693237305,527.574951171875,476.5899963378906,50.98999786376953,45.36998748779297,3083.340087890625,2859.179931640625,2876.769287109375,37.41598129272461,4.805502414703369,4.684682846069336,44.202362060546875,5.080937385559082,0.01669812574982643,0,0.001039499999023974,0,224.16015625,-17.58935546875
70,10,0,1,Day,,40.41203308105469,49.58796691894531,45.42583465576172,40.904998779296875,40.82718276977539,0.10220000147819519,0.9980976581573486,22.18999671936035,4.800000190734863,=NA(),=NA(),1.312477469444275,1.4163999557495117,0.34380000829696655,0.08399999886751175,=NA(),20,1013.25,31.23719024658203,27.06386947631836,42.025001525878906,36.52000045776367,5.510000228881836,23.951257705688477,212.33999633789062,211.72000122070312,212.5529327392578,37.02895736694336,0.35871830582618713,0.34536659717559814,42.444637298583984,0.38708215951919556,0.0012506250059232116,0,0.000110937500721775,0,0.6199951171875,-0.8329315185546875
70,11,0,1,Day,,33.445335388183594,56.554664611816406,23.201826095581055,57.70500183105469,57.53327941894531,0.20579999685287476,0.9970241189002991,18.600000381469727,4.629899978637695,=NA(),=NA(),1.1979115009307861,1.4163999557495117,0.34380000829696655,0.08399999886751175,=NA(),20,1013.25,14.586216926574707,30.435388565063477,62.18000030517578,56.23999786376953,5.940000057220459,21.17437171936035,326.0299987792969,328.3800048828125,330.1368713378906,38.04665756225586,0.5423175096511841,0.5354883670806885,43.56785583496094,0.5789042711257935,0.001915500033646822,0,0.00012456250260584056,0,-2.350006103515625,-1.756866455078125
70,12,0,1,Day,,31.44968032836914,58.55031967163086,355.3451232910156,42.60499954223633,42.514827728271484,0.10570000112056732,0.9978835582733154,19.20000648498535,4.600100040435791,=NA(),=NA(),1.171729564666748,1.4163999557495117,0.34380000829696655,0.08399999886751175,=NA(),20,1013.25,-2.8414273262023926,31.33417320251465,46.59000015258789,42.55999755859375,4.03000020980835,21.136255264282227,240.1999969482422,242.07000732421875,243.2753143310547,37.59699249267578,0.4044133424758911,0.402535080909729,43.06185531616211,0.43407875299453735,0.0014403124805539846,0,0.0000886249981704168,0,-1.8700103759765625,-1.2053070068359375
70,13,0,1,Day,,35.2963981628418,54.7036018371582,328.8439636230469,202.58999633789062,199.9011993408203,3.2943999767303467,0.9867278933525085,19.20000648498535,4.5,=NA(),=NA(),1.2246170043945312,1.4163999557495117,0.34380000829696655,0.08399999886751175,=NA(),20,1013.25,-20.11626434326172,29.63443946838379,216.32000732421875,194.60000610351562,21.719999313354492,28.09124183654785,1205.050048828125,1183.9100341796875,1189.65576171875,38.90658950805664,1.911049723625183,1.8789628744125366,44.82738494873047,2.0235776901245117,0.006664312444627285,0,0.000449937506346032,0,21.1400146484375,-5.7457275390625
70,14,0,1,Day,,43.4355583190918,46.5644416809082,308.88751220703125,320.5,305.1005859375,21.207000732421875,0.9519519209861755,19.82000160217285,4.360000133514404,=NA(),=NA(),1.3760082721710205,1.4163999557495117,0.34380000829696655,0.08399999886751175,=NA(),20,1013.25,-36.389949798583984,25.571178436279297,339.08502197265625,296.364990234375,42.720001220703125,33.807518005371094,1908.8900146484375,1839.8599853515625,1848.03515625,38.670188903808594,2.9867262840270996,2.881992816925049,44.86185836791992,3.162193775177002,0.010249875485897064,0,0.0008561249705962837,0,69.030029296875,-8.1751708984375
70,15,0,1,Day,,53.90192794799805,36.09807205200195,294.55877685546875,136.8000030517578,135.56350708007812,2.0987000465393066,0.9909613132476807,20.399988174438477,4.680099964141846,=NA(),=NA(),1.6945370435714722,1.4163999557495117,0.34380000829696655,0.08399999886751175,=NA(),20,1013.25,-51.2813720703125,19.623023986816406,135.41000366210938,107.58500671386719,27.825000762939453,26.09124183654785,707.9100341796875,700.1500244140625,697.688720703125,38.79591369628906,1.1235398054122925,1.046200156211853,44.1820068359375,1.2076603174209595,0.003701187437400222,0,0.0005665000062435865,0,7.760009765625,2.4613037109375
70,16,0,1,Day,,65.5039291381836,24.496068954467773,283.5759582519531,109.30000305175781,108.51485443115234,1.8935999870300293,0.9928165674209595,21.20000648498535,4.800000190734863,=NA(),=NA(),2.4015138149261475,1.4163999557495117,0.34380000829696655,0.08399999886751175,=NA(),20,1013.25,-60,13.252190589904785,108.93499755859375,82.1300048828125,26.80500030517578,25.816247940063477,555.2899780273438,549.7000122070312,544.702880859375,38.63682174682617,0.8807783722877502,0.8114241361618042,43.80466079711914,0.95633864402771,0.0028404374606907368,0,0.000543687492609024,0,5.5899658203125,4.99713134765625
70,17,0,1,Day,,77.6004638671875,12.3995361328125,274.3045654296875,55.00899887084961,54.81378936767578,0.9090999960899353,0.9964513182640076,20.9999942779541,4.75,=NA(),=NA(),4.567253112792969,1.4163999557495117,0.34380000829696655,0.08399999886751175,=NA(),20,1013.25,-19.131229400634766,58.5299072265625,60.06999969482422,54.18499755859375,5.885000228881836,23.496240615844727,312.5799865722656,312.1400146484375,313.58984375,37.66854476928711,0.5203004479408264,0.5101943612098694,43.164695739746094,0.5570490956306458,0.0018356250366196036,0,0.0001246250030817464,0,0.439971923828125,-1.4498291015625
70,18,0,1,Night,Sun above horizon but GHI below 1,86.95614624023438,3.0438549518585205,267.606201171875,0,0,0,0,20.6199893951416,4.260000228881836,=NA(),0,15.002182960510254,1.4163999557495117,0.34380000829696655,0.08399999886751175,=NA(),20,1013.25,0,0,0,0,0,20.6199893951416,0,0,0,0,0,0,0,0,0,0,0,0,0,0
70,19,0,1,Night,,102.15884399414062,-12.158842086791992,256.83673095703125,0,0,0,0,19.800012588500977,3.609999895095825,=NA(),0,64.81599426269531,1.4163999557495117,0.34380000829696655,0.08399999886751175,=NA(),20,1013.25,0,0,0,0,0,19.800012588500977,0,0,0,0,0,0,0,0,0,0,0,0,0,0
70,20,0,1,Night,,113.80555725097656,-23.805557250976562,246.96331787109375,0,0,0,0,19.399988174438477,3.170099973678589,=NA(),0,64.81599426269531,1.4163999557495117,0.34380000829696655,0.08399999886751175,=NA(),20,1013.25,0,0,0,0,0,19.399988174438477,0,0,0,0,0,0,0,0,0,0,0,0,0,0
70,21,0,1,Night,,124.54812622070312,-34.548126220703125,234.9954833984375,0,0,0,0,18.399988174438477,3.369999885559082,=NA(),0,64.81599426269531,1.4163999557495117,0.34380000829696655,0.08399999886751175,=NA(),20,1013.25,0,0,0,0,0,18.399988174438477,0,0,0,0,0,0,0,0,0,0,0,0,0,0
70,22,0,1,Night,,133.60191345214844,-43.60192108154297,219.57656860351562,0,0,0,0,18.1199893951416,3.4398999214172363,=NA(),0,64.81599426269531,1.4163999557495117,0.34380000829696655,0.08399999886751175,=NA(),20,1013.25,0,0,0,0,0,18.1199893951416,0,0,0,0,0,0,0,0,0,0,0,0,0,0
70,23,0,1,Night,,139.71734619140625,-49.71733856201172,199.5736083984375,0,0,0,0,17.600000381469727,3.420099973678589,=NA(),0,64.81599426269531,1.4163999557495117,0.34380000829696655,0.08399999886751175,=NA(),20,1013.25,0,0,0,0,0,17.600000381469727,0,0,0,0,0,0,0,0,0,0,0,0,0,0
71,0,0,1,Night,,141.42166137695312,-51.42165756225586,176.0535125732422,0,0,0,0,17.409997940063477,3.039900064468384,=NA(),0,64.81599426269531,1.4163999557495117,0.34380000829696655,0.08399999886751175,=NA(),20,1013.25,0,0,0,0,0,17.409997940063477,0,0,0,0,0,0,0,0,0,0,0,0,0,0
71,1,0,1,Night,,138.16238403320312,-48.162384033203125,153.3170623779297,0,0,0,0,17.490015029907227,2.70989990234375,=NA(),0,64.81599426269531,1.4163999557495117,0.34380000829696655,0.08399999886751175,=NA(),20,1013.25,0,0,0,0,0,17.490015029907227,0,0,0,0,0,0,0,0,0,0,0,0,0,0
71,2,0,1,Night,,130.9370880126953,-40.937095642089844,134.8323974609375,0,0,0,0,17.9999942779541,2.6201000213623047,=NA(),0,64.81599426269531,1.4163999557495117,0.34380000829696655,0.08399999886751175,=NA(),20,1013.25,0,0,0,0,0,17.9999942779541,0,0,0,0,0,0,0,0,0,0,0,0,0,0
71,3,0,1,Night,,121.231201171875,-31.231197357177734,120.6769027709961,0,0,0,0,18.219995498657227,2.569999933242798,=NA(),0,64.81599426269531,1.4163999557495117,0.34380000829696655,0.08399999886751175,=NA(),20,1013.25,0,0,0,0,0,18.219995498657227,0,0,0,0,0,0,0,0,0,0,0,0,0,0
71,4,0,1,Night,,110.13642883300781,-20.136425018310547,109.50647735595703,0,0,0,0,17.110010147094727,2.490000009536743,=NA(),0,64.81599426269531,1.4163999557495117,0.34380000829696655,0.08399999886751175,=NA(),20,1013.25,0,0,0,0,0,17.110010147094727,0,0,0,0,0,0,0,0,0,0,0,0,0,0
71,5,0,1,Night,,98.31669616699219,-8.316693305969238,100.05139923095703,0,0,0,0,16.100000381469727,2.5499000549316406,=NA(),0,64.81599426269531,1.4163999557495117,0.34380000829696655,0.08399999886751175,=NA(),20,1013.25,0,0,0,0,0,16.100000381469727,0,0,0,0,0,0,0,0,0,0,0,0,0,0
71,6,0,1,Day,,85.06608581542969,4.933917045593262,90.77909088134766,84.80000305175781,79.19270324707031,65.19599914550781,0.9338761568069458,16.7499942779541,3.029900074005127,=NA(),=NA(),10.421298027038574,1.4163999557495117,0.34380000829696655,0.08399999886751175,=NA(),20,1013.25,7.136536121368408,77.93021392822266,132.93499755859375,127.72999572753906,5.204999923706055,22.451868057250977,567.9100341796875,569.1199951171875,572.7744140625,38.6160888671875,0.9270334243774414,0.9242569208145142,44.32114028930664,0.9831173419952393,0.0033465626183897257,0,0.00011487500160001218,0,-1.2099609375,-3.6544189453125
71,7,0,1,Day,,73.7352523803711,16.264745712280273,82.564697265625,282,218.14263916015625,228,0.7735554575920105,20.740015029907227,2.890000104904175,=NA(),=NA(),3.5318167209625244,1.4163999557495117,0.34380000829696655,0.08399999886751175,=NA(),20,1013.25,26.938501358032227,47.08351516723633,479.4849853515625,461.0899963378906,18.389999389648438,40.22374725341797,2844.2099609375,2684.3798828125,2702.49951171875,38.0333251953125,4.441024303436279,4.396344184875488,44.73055648803711,4.690187454223633,0.015995187684893608,0,0.0003910624946001917,0,159.830078125,-18.11962890625
71,8,0,1,Day,,61.77823257446289,28.221765518188477,72.83042907714844,257.70001220703125,238.64178466796875,40.301998138427734,0.9260448813438416,22.790002822875977,2.389899969100952,=NA(),=NA(),2.108269214630127,1.4163999557495117,0.34380000829696655,0.08399999886751175,=NA(),20,1013.25,60,15.091300964355469,322.66998291015625,273.64501953125,49.025001525878906,36.09874725341797,1838.780029296875,1758.0799560546875,1764.64013671875,38.35575866699219,2.875230550765991,2.751474142074585,44.48895263671875,3.050943374633789,0.009739499539136887,0,0.0009692499879747629,0,80.7000732421875,-6.5601806640625
71,9,0,1,Day,,50.50325012207031,39.49674987792969,60.92356872558594,324.79998779296875,299.867431640625,39.20000076293945,0.9232372045516968,23.5100040435791,1.8301000595092773,=NA(),=NA(),1.570219874382019,1.4163999557495117,0.34380000829696655,0.08399999886751175,=NA(),20,1013.25,46.67739486694336,22.02484130859375,367.32000732421875,320,47.31999969482422,38.67186737060547,2083.3798828125,1974.8800048828125,1984.3504638671875,38.05137252807617,3.2592620849609375,3.1360085010528564,44.36940383911133,3.4492909908294678,0.011137187480926514,0,0.0009544999920763075,0,108.4998779296875,-9.470458984375
71,10,0,1,Day,,40.69356918334961,49.30643081665039,44.99179458618164,490.7099914550781,386.5246887207031,137.41000366210938,0.7876845598220825,24.07000160217285,1.7100000381469727,=NA(),=NA(),1.317992091178894,1.4163999557495117,0.34380000829696655,0.08399999886751175,=NA(),20,1013.25,31.298870086669922,27.458696365356445,552.1500244140625,506.0150146484375,46.13500213623047,46.703758239746094,3255.639892578125,3005.52001953125,3025.1748046875,37.258872985839844,5.074646472930908,4.993777275085449,44.12917709350586,5.367673397064209,0.017750749364495277,0,0.0009599999757483602,0,250.119873046875,-19.65478515625
71,11,0,1,Day,,33.796836853027344,56.203163146972656,22.86164665222168,944.9099731445312,289.2306823730469,789.010009765625,0.30609336495399475,24.70000648498535,1.7899999618530273,=NA(),=NA(),1.2027968168258667,1.4163999557495117,0.34380000829696655,0.08399999886751175,=NA(),20,1013.25,14.57699966430664,30.834096908569336,1038.550048828125,970.1199951171875,68.42500305175781,67.71874237060547,6252.8701171875,5365.9599609375,5399.3603515625,34.66282653808594,9.735498428344727,9.719512939453125,42.6786994934082,10.335885047912598,0.03432031348347664,0,0.0014835625188425183,0,886.91015625,-33.400390625
71,12,0,1,Day,,31.846622467041016,58.153377532958984,355.2704772949219,536.2100219726562,419.4002990722656,137.50999450683594,0.782156765460968,26.6199893951416,1.7698999643325806,=NA(),=NA(),1.1767326593399048,1.4163999557495117,0.34380000829696655,0.08399999886751175,=NA(),20,1013.25,-2.9318735599517822,31.725521087646484,580.4450073242188,536.3049926757812,44.13999938964844,50.52312469482422,3414.219970703125,3110.10009765625,3129.82177734375,36.778438568115234,5.3187103271484375,5.312819004058838,43.71818542480469,5.6296916007995605,0.018634187057614326,0,0.0009720000089146197,0,304.119873046875,-19.7216796875
71,13,0,1,Day,,35.68080520629883,54.31919479370117,329.02801513671875,923.6900024414062,297.1873779296875,771.2899780273438,0.3217393159866333,27.8799991607666,1.679900050163269,=NA(),=NA(),1.2304751873016357,1.4163999557495117,0.34380000829696655,0.08399999886751175,=NA(),20,1013.25,-20.280784606933594,30.00701141357422,1035.344970703125,970.9000244140625,64.44499969482422,70.80998992919922,6261.580078125,5311.31005859375,5344.81103515625,34.25160217285156,9.752848625183105,9.735613822937012,42.284725189208984,10.37253475189209,0.034446876496076584,0,0.001407312462106347,0,950.27001953125,-33.5009765625
71,14,0,1,Day,,43.78098678588867,46.21901321411133,309.1772155761719,726.489990234375,309.6130065917969,577.4000244140625,0.4261765480041504,28.57000160217285,1.6299999952316284,=NA(),=NA(),1.383908748626709,1.4163999557495117,0.34380000829696655,0.08399999886751175,=NA(),20,1013.25,-36.608367919921875,25.918371200561523,896.1900024414062,845.969970703125,50.220001220703125,65.60375213623047,5414.02001953125,4679.669921875,4708.9208984375,34.941890716552734,8.422792434692383,8.371936798095703,42.657814025878906,8.946379661560059,0.029891686514019966,0,0.0010821250034496188,0,734.35009765625,-29.2509765625
71,15,0,1,Day,,54.21381759643555,35.78618240356445,294.8664245605469,542.010009765625,318.39117431640625,382.4100036621094,0.5874267220497131,28.909997940063477,1.649999976158142,=NA(),=NA(),1.7072443962097168,1.4163999557495117,0.34380000829696655,0.08399999886751175,=NA(),20,1013.25,-51.53232192993164,19.94482421875,753.47998046875,701.3800048828125,52.105003356933594,59.91124725341797,4551.06005859375,4013.3701171875,4039.292724609375,35.65174102783203,7.0813307762146,6.9716715812683105,43.04839324951172,7.5128173828125,0.024942750111222267,0,0.001103187445551157,0,537.68994140625,-25.922607421875
71,16,0,1,Day,,65.79470825195312,24.205293655395508,283.8761901855469,327.3999938964844,258.96978759765625,166.89999389648438,0.7909889817237854,28.9999942779541,1.2400000095367432,=NA(),=NA(),2.4282970428466797,1.4163999557495117,0.34380000829696655,0.08399999886751175,=NA(),20,1013.25,-60,13.62989330291748,517.9400024414062,470.5950012207031,47.349998474121094,50.35625457763672,3025.030029296875,2755.679931640625,2772.912841796875,36.71327209472656,4.720725059509277,4.595427513122559,43.51074981689453,4.999904155731201,0.016430936753749847,0,0.0009773749625310302,0,269.35009765625,-17.23291015625
71,17,0,1,Day,,77.88107299804688,12.118926048278809,274.5948181152344,107.91000366210938,105.1572494506836,13.112000465393066,0.9744902849197388,27.9999942779541,0.6000000238418579,=NA(),=NA(),4.666928768157959,1.4163999557495117,0.34380000829696655,0.08399999886751175,=NA(),20,1013.25,-18.639673233032227,59.30834197998047,135.95001220703125,125.91000366210938,10.039999961853027,33.621238708496094,742.3200073242188,714.47998046875,718.6770629882812,37.39592361450195,1.2011215686798096,1.184190273284912,43.224185943603516,1.2745376825332642,0.0042512500658631325,0,0.00021418750111479312,0,27.84002685546875,-4.19708251953125
71,18,0,1,Night,Sun above horizon but GHI below 1,87.09593963623047,2.904060125350952,267.9864807128906,0,0,0,0,25.040002822875977,0.3801000118255615,=NA(),0,15.487517356872559,1.4163999557495117,0.34380000829696655,0.08399999886751175,=NA(),20,1013.25,0,0,0,0,0,25.040002822875977,0,0,0,0,0,0,0,0,0,0,0,0,0,0
71,19,0,1,Night,,102.44679260253906,-12.446795463562012,257.1177978515625,0,0,0,0,21.240015029907227,1.1800999641418457,=NA(),0,64.81599426269531,1.4163999557495117,0.34380000829696655,0.08399999886751175,=NA(),20,1013.25,0,0,0,0,0,21.240015029907227,0,0,0,0,0,0,0,0,0,0,0,0,0,0
71,20,0,1,Night,,114.11266326904297,-24.112667083740234,247.24118041992188,0,0,0,0,21.20000648498535,1.910099983215332,=NA(),0,64.81599426269531,1.4163999557495117,0.34380000829696655,0.08399999886751175,=NA(),20,1013.25,0,0,0,0,0,21.20000648498535,0,0,0,0,0,0,0,0,0,0,0,0,0,0
71,21,0,1,Night,,124.88345336914062,-34.88345718383789,235.25796508789062,0,0,0,0,19.83001136779785,2.3199000358581543,=NA(),0,64.81599426269531,1.4163999557495117,0.34380000829696655,0.08399999886751175,=NA(),20,1013.25,0,0,0,0,0,19.83001136779785,0,0,0,0,0,0,0,0,0,0,0,0,0,0
71,22,0,1,Night,,133.9716796875,-43.971675872802734,219.78382873535156,0,0,0,0,19.18999671936035,2.5899999141693115,=NA(),0,64.81599426269531,1.4163999557495117,0.34380000829696655,0.08399999886751175,=NA(),20,1013.25,0,0,0,0,0,19.18999671936035,0,0,0,0,0,0,0,0,0,0,0,0,0,0
71,23,0,1,Night,,140.11375427246094,-50.1137580871582,199.64285278320312,0,0,0,0,19.20000648498535,2.780100107192993,=NA(),0,64.81599426269531,1.4163999557495117,0.34380000829696655,0.08399999886751175,=NA(),20,1013.25,0,0,0,0,0,19.20000648498535,0,0,0,0,0,0,0,0,0,0,0,0,0,0
72,0,0,1,Night,,141.81065368652344,-51.8106575012207,175.9104461669922,0,0,0,0,18.42998695373535,2.9300999641418457,=NA(),0,64.81599426269531,1.4163999557495117,0.34380000829696655,0.08399999886751175,=NA(),20,1013.25,0,0,0,0,0,18.42998695373535,0,0,0,0,0,0,0,0,0,0,0,0,0,0
72,1,0,1,Night,,138.5033416748047,-48.50334548950195,153.005126953125,0,0,0,0,17.6299991607666,3.049999952316284,=NA(),0,64.81599426269531,1.4163999557495117,0.34380000829696655,0.08399999886751175,=NA(),20,1013.25,0,0,0,0,0,17.6299991607666,0,0,0,0,0,0,0,0,0,0,0,0,0,0
72,2,0,1,Night,,131.21791076660156,-41.217918395996094,134.45619201660156,0,0,0,0,17.899988174438477,3.140000104904175,=NA(),0,64.81599426269531,1.4163999557495117,0.34380000829696655,0.08399999886751175,=NA(),20,1013.25,0,0,0,0,0,17.899988174438477,0,0,0,0,0,0,0,0,0,0,0,0,0,0
72,3,0,1,Night,,121.462646484375,-31.462644577026367,120.2961196899414,0,0,0,0,17.659997940063477,3.340100049972534,=NA(),0,64.81599426269531,1.4163999557495117,0.34380000829696655,0.08399999886751175,=NA(),20,1013.25,0,0,0,0,0,17.659997940063477,0,0,0,0,0,0,0,0,0,0,0,0,0,0
72,4,0,1,Night,,110.33390808105469,-20.333911895751953,109.13690948486328,0,0,0,0,17.339990615844727,3.609999895095825,=NA(),0,64.81599426269531,1.4163999557495117,0.34380000829696655,0.08399999886751175,=NA(),20,1013.25,0,0,0,0,0,17.339990615844727,0,0,0,0,0,0,0,0,0,0,0,0,0,0
72,5,0,1,Night,,98.49478912353516,-8.494791030883789,99.69022369384766,0,0,0,0,16.899988174438477,4.429999828338623,=NA(),0,64.81599426269531,1.4163999557495117,0.34380000829696655,0.08399999886751175,=NA(),20,1013.25,0,0,0,0,0,16.899988174438477,0,0,0,0,0,0,0,0,0,0,0,0,0,0
72,6,0,1,Day,,85.15042114257812,4.849579811096191,90.35694885253906,71.2040023803711,67.94058227539062,38.60200119018555,0.9541680216789246,18.399988174438477,5.119999885559082,=NA(),=NA(),10.568893432617188,1.4163999557495117,0.34380000829696655,0.08399999886751175,=NA(),20,1013.25,7.01150369644165,78.13904571533203,104.77000427246094,99.95999908447266,4.815000057220459,22.880640029907227,457.0799865722656,457.3900146484375,460.33160400390625,38.239105224609375,0.7523899674415588,0.7499422430992126,43.89341354370117,0.7994488477706909,0.0027079374995082617,0,0.00010574999760137871,0,-0.310028076171875,-2.94158935546875
72,7,0,1,Day,,73.91022491455078,16.089771270751953,82.1910629272461,339.7099914550781,261.1121826171875,283.6000061035156,0.7686326503753662,22.2700138092041,5.53000020980835,=NA(),=NA(),3.5682590007781982,1.4163999557495117,0.34380000829696655,0.08399999886751175,=NA(),20,1013.25,26.58124351501465,47.6389045715332,599.9749755859375,579.9299926757812,20.040000915527344,46.72686004638672,3579.739990234375,3305.580078125,3328.096923828125,37.306400299072266,5.575642108917236,5.525970458984375,44.30413818359375,5.896148204803467,0.020109249278903008,0,0.00043143751099705696,0,274.159912109375,-22.516845703125
72,8,0,1,Day,,61.97117614746094,28.028825759887695,72.43392944335938,465.70001220703125,293.0999755859375,367.29998779296875,0.6293750405311584,24.589990615844727,6.379899978637695,=NA(),=NA(),2.1214845180511475,1.4163999557495117,0.34380000829696655,0.08399999886751175,=NA(),20,1013.25,60,15.471855163574219,745.85498046875,690.5450439453125,55.310001373291016,55.115623474121094,4530.39990234375,4065.080078125,4091.51220703125,36.292850494384766,7.046186447143555,6.917576313018799,43.66173553466797,7.46651029586792,0.024829061701893806,0,0.0010991875315085053,0,465.31982421875,-26.43212890625
72,9,0,1,Day,,50.73099136352539,39.26900863647461,60.498844146728516,693.2000122070312,326.71490478515625,579,0.47131404280662537,28.399988174438477,6.379899978637695,=NA(),=NA(),1.5778095722198486,1.4163999557495117,0.34380000829696655,0.08399999886751175,=NA(),20,1013.25,46.79025650024414,22.410472869873047,941.47998046875,887.1300048828125,54.355003356933594,67.3662338256836,5671.52978515625,4871.2001953125,4901.32275390625,34.71396255493164,8.824565887451172,8.734206199645996,42.52485656738281,9.373693466186523,0.031309936195611954,0,0.0011419374495744705,0,800.32958984375,-30.12255859375
72,10,0,1,Day,,40.97672653198242,49.02327346801758,44.560550689697266,915.6099853515625,338.42327880859375,764.510009765625,0.3696151077747345,30.7600040435791,6.309899806976318,=NA(),=NA(),1.3236178159713745,1.4163999557495117,0.34380000829696655,0.08399999886751175,=NA(),20,1013.25,31.360042572021484,27.85462188720703,1089.074951171875,1027.3349609375,61.73999786376953,76.04061126708984,6598.35009765625,5487.2900390625,5522.7783203125,33.550838470458984,10.28808307647705,10.240238189697266,41.722293853759766,10.966999053955078,0.03646500036120415,0,0.0013409999664872885,0,1111.06005859375,-35.48828125
72,11,0,1,Day,,34.149505615234375,55.850494384765625,22.52516746520996,882.2000122070312,275.0905456542969,733.5999755859375,0.3118233382701874,31.82000160217285,6.309899806976318,=NA(),=NA(),1.2077844142913818,1.4163999557495117,0.34380000829696655,0.08399999886751175,=NA(),20,1013.25,14.566375732421875,31.23365020751953,969.614990234375,905.7650146484375,63.849998474121094,72.11626434326172,5841.72998046875,4928.85986328125,4959.2275390625,34.0864143371582,9.093117713928223,9.073800086975098,41.973148345947266,9.668198585510254,0.03204699978232384,0,0.001384187489748001,0,912.8701171875,-30.36767578125
72,12,0,1,Day,,32.24425506591797,57.75574493408203,355.1951599121094,872.8099975585938,270.9520263671875,711.5999755859375,0.3104364275932312,31.7600040435791,6.130099773406982,=NA(),=NA(),1.1818444728851318,1.4163999557495117,0.34380000829696655,0.08399999886751175,=NA(),20,1013.25,-3.0245885848999023,32.11732864379883,938.155029296875,873.7900390625,64.36499786376953,70.73876190185547,5649.5400390625,4790.8798828125,4819.82763671875,34.27193069458008,8.789678573608398,8.768502235412598,42.08179473876953,9.342267990112305,0.03090706281363964,0,0.0014187500346451998,0,858.66015625,-28.94775390625
72,13,0,1,Day,,36.066444396972656,53.933555603027344,329.2071533203125,916.9000244140625,298.0389099121094,765.5999755859375,0.32505062222480774,33.05998992919922,5.970099925994873,=NA(),=NA(),1.2364646196365356,1.4163999557495117,0.34380000829696655,0.08399999886751175,=NA(),20,1013.25,-20.448020935058594,30.379629135131836,1028.239990234375,964.22998046875,64.01000213623047,75.8656234741211,6217.05029296875,5172.14013671875,5204.7421875,33.586097717285156,9.685446739196777,9.667457580566406,41.61957550048828,10.32090950012207,0.03419862315058708,0,0.001398000051267445,0,1044.91015625,-32.60205078125
72,14,0,1,Day,,44.12814712524414,45.87185287475586,309.4624938964844,289.8900146484375,280.2774353027344,13.392000198364258,0.9668406248092651,32.300010681152344,5.909900188446045,=NA(),=NA(),1.3919918537139893,1.4163999557495117,0.34380000829696655,0.08399999886751175,=NA(),20,1013.25,-36.82937240600586,26.2652530670166,304.45501708984375,264.6650085449219,39.78499984741211,44.99748992919922,1702.5999755859375,1576.679931640625,1582.771240234375,36.990909576416016,2.6740994453430176,2.572197914123535,43.15388107299805,2.841268301010132,0.00914399977773428,0,0.0007948749698698521,0,125.9200439453125,-6.09130859375
72,15,0,1,Day,,54.527442932128906,35.472557067871094,295.1712341308594,241.10000610351562,233.8489990234375,12.494999885559082,0.9699252843856812,32.279991149902344,5.130000114440918,=NA(),=NA(),1.7202669382095337,1.4163999557495117,0.34380000829696655,0.08399999886751175,=NA(),20,1013.25,-51.7853889465332,20.266159057617188,253.74501037597656,208.34500122070312,45.400001525878906,42.930625915527344,1388.320068359375,1294.02001953125,1295.4278564453125,37.16399002075195,2.1780507564544678,2.0582258701324463,43.05910873413086,2.326164484024048,0.007226812653243542,0,0.0009305624989792705,0,94.300048828125,-1.4078369140625
72,16,0,1,Day,,66.0868911743164,23.913110733032227,284.1747741699219,161.10000610351562,158.26136779785156,7.002900123596191,0.982379674911499,32.26000213623047,3.7499001026153564,=NA(),=NA(),2.4558780193328857,1.4163999557495117,0.34380000829696655,0.08399999886751175,=NA(),20,1013.25,-60,14.008943557739258,175.760009765625,138.85000610351562,36.90999984741211,39.675621032714844,938.1099853515625,883.47998046875,881.9922485351562,37.21589279174805,1.4807275533676147,1.3890827894210815,42.79667282104492,1.5907212495803833,0.004860749933868647,0,0.0007300000288523734,0,54.6300048828125,1.48773193359375
72,17,0,1,Day,,78.16226196289062,11.837738990783691,274.8842468261719,27.700000762939453,27.638315200805664,0.30070000886917114,0.9977731108665466,30.68999671936035,4.370100021362305,=NA(),=NA(),4.77128267288208,1.4163999557495117,0.34380000829696655,0.08399999886751175,=NA(),20,1013.25,-18.152549743652344,60.08292770385742,29.68000030517578,26.704999923706055,2.9749999046325684,31.941858291625977,147.5500030517578,142.489990234375,143.22393798828125,35.163665771484375,0.25456109642982483,0.2499690055847168,40.65079879760742,0.2765055298805237,0.000905562483239919,0,0.0000628749985480681,0,5.0600128173828125,-0.73394775390625
72,18,0,1,Night,Sun above horizon but GHI below 1,87.22730255126953,2.7726972103118896,268.3713073730469,0,0,0,0,25.649988174438477,6.090000152587891,=NA(),0,15.969776153564453,1.4163999557495117,0.34380000829696655,0.08399999886751175,=NA(),20,1013.25,0,0,0,0,0,25.649988174438477,0,0,0,0,0,0,0,0,0,0,0,0,0,0
72,19,0,1,Night,,102.73567199707031,-12.735671997070312,257.39923095703125,0,0,0,0,23.399988174438477,6.440100193023682,=NA(),0,64.81599426269531,1.4163999557495117,0.34380000829696655,0.08399999886751175,=NA(),20,1013.25,0,0,0,0,0,23.399988174438477,0,0,0,0,0,0,0,0,0,0,0,0,0,0
72,20,0,1,Night,,114.42074584960938,-24.420747756958008,247.51995849609375,0,0,0,0,21.95000648498535,6.260000228881836,=NA(),0,64.81599426269531,1.4163999557495117,0.34380000829696655,0.08399999886751175,=NA(),20,1013.25,0,0,0,0,0,21.95000648498535,0,0,0,0,0,0,0,0,0,0,0,0,0,0
72,21,0,1,Night,,125.21951293945312,-35.219512939453125,235.5220184326172,0,0,0,0,20.920007705688477,6.079999923706055,=NA(),0,64.81599426269531,1.4163999557495117,0.34380000829696655,0.08399999886751175,=NA(),20,1013.25,0,0,0,0,0,20.920007705688477,0,0,0,0,0,0,0,0,0,0,0,0,0,0
72,22,0,1,Night,,134.34219360351562,-44.34218978881836,219.99264526367188,0,0,0,0,20.589990615844727,6.120100021362305,=NA(),0,64.81599426269531,1.4163999557495117,0.34380000829696655,0.08399999886751175,=NA(),20,1013.25,0,0,0,0,0,20.589990615844727,0,0,0,0,0,0,0,0,0,0,0,0,0,0
72,23,0,1,Night,,140.51107788085938,-50.51107406616211,199.71165466308594,0,0,0,0,20.360010147094727,5.880099773406982,=NA(),0,64.81599426269531,1.4163999557495117,0.34380000829696655,0.08399999886751175,=NA(),20,1013.25,0,0,0,0,0,20.360010147094727,0,0,0,0,0,0,0,0,0,0,0,0,0,0
73,0,0,1,Night,,142.199951171875,-52.199947357177734,175.76284790039062,0,0,0,0,20.100000381469727,5.699999809265137,=NA(),0,64.81599426269531,1.4163999557495117,0.34380000829696655,0.08399999886751175,=NA(),20,1013.25,0,0,0,0,0,20.100000381469727,0,0,0,0,0,0,0,0,0,0,0,0,0,0
73,1,0,1,Night,,138.84349060058594,-48.843482971191406,152.68692016601562,0,0,0,0,18.800012588500977,5.829899787902832,=NA(),0,64.81599426269531,1.4163999557495117,0.34380000829696655,0.08399999886751175,=NA(),20,1013.25,0,0,0,0,0,18.800012588500977,0,0,0,0,0,0,0,0,0,0,0,0,0,0
73,2,0,1,Night,,131.49737548828125,-41.497371673583984,134.0749969482422,0,0,0,0,16.3799991607666,6.079999923706055,=NA(),0,64.81599426269531,1.4163999557495117,0.34380000829696655,0.08399999886751175,=NA(),20,1013.25,0,0,0,0,0,16.3799991607666,0,0,0,0,0,0,0,0,0,0,0,0,0,0
73,3,0,1,Night,,121.69264221191406,-31.692644119262695,119.9119873046875,0,0,0,0,15.580011367797852,6.170000076293945,=NA(),0,64.81599426269531,1.4163999557495117,0.34380000829696655,0.08399999886751175,=NA(),20,1013.25,0,0,0,0,0,15.580011367797852,0,0,0,0,0,0,0,0,0,0,0,0,0,0
73,4,0,1,Night,,110.53060913085938,-20.530611038208008,108.76512145996094,0,0,0,0,13.809991836547852,5.920000076293945,=NA(),0,64.81599426269531,1.4163999557495117,0.34380000829696655,0.08399999886751175,=NA(),20,1013.25,0,0,0,0,0,13.809991836547852,0,0,0,0,0,0,0,0,0,0,0,0,0,0
73,5,0,1,Night,,98.67301177978516,-8.673014640808105,99.3275375366211,0,0,0,0,13.350000381469727,5.659900188446045,=NA(),0,64.81599426269531,1.4163999557495117,0.34380000829696655,0.08399999886751175,=NA(),20,1013.25,0,0,0,0,0,13.350000381469727,0,0,0,0,0,0,0,0,0,0,0,0,0,0
73,6,0,1,Day,,85.22664642333984,4.773353576660156,89.93133544921875,13.498000144958496,13.489545822143555,0.10159999877214432,0.9993736743927002,12.679986953735352,5.669899940490723,=NA(),=NA(),10.705705642700195,1.4163999557495117,0.34380000829696655,0.08399999886751175,=NA(),20,1013.25,6.898953914642334,78.32769775390625,14.729999542236328,13.430000305175781,1.2999999523162842,13.300012588500977,69.16999816894531,71.93000030517578,72.3174057006836,36.79981231689453,0.12282222509384155,0.12212250381708145,42.15985870361328,0.13642655313014984,0.0004541249945759773,0,0.000028000000384054147,0,-2.7600021362304688,-0.3874053955078125
73,7,0,1,Day,,74.08296203613281,15.917036056518555,81.81690216064453,113.91000366210938,112.18110656738281,6.304200172424316,0.9848222732543945,12.300012588500977,5.640100002288818,=NA(),=NA(),3.6050021648406982,1.4163999557495117,0.34380000829696655,0.08399999886751175,=NA(),20,1013.25,26.233694076538086,48.18288040161133,134.66000366210938,122.11000061035156,12.549999237060547,17.8074893951416,738.1400146484375,751.5999755859375,755.3135375976562,39.73734664916992,1.187941312789917,1.1599875688552856,45.40483474731445,1.2576216459274292,0.004184812307357788,0,0.00025681249098852277,0,-13.4599609375,-3.71356201171875
73,8,0,1,Day,,62.163230895996094,27.836769104003906,72.03752899169922,245.3000030517578,229.65797424316406,33.49800109863281,0.9362330436706543,12.899988174438477,5.460000038146973,=NA(),=NA(),2.1348278522491455,1.4163999557495117,0.34380000829696655,0.08399999886751175,=NA(),20,1013.25,60,15.85403823852539,284.2300109863281,232.63999938964844,51.59000015258789,24.620630264282227,1583.3800048828125,1574.0999755859375,1574.96826171875,39.96134948730469,2.4628071784973145,2.338148832321167,45.763790130615234,2.620774030685425,0.008243812248110771,0,0.0010197500232607126,0,9.280029296875,-0.8682861328125
73,9,0,1,Day,,50.95846176147461,39.04153823852539,60.07530212402344,143.30999755859375,141.92135620117188,2.2046000957489014,0.9903102517127991,13.499994277954102,5.170100212097168,=NA(),=NA(),1.5854886770248413,1.4163999557495117,0.34380000829696655,0.08399999886751175,=NA(),20,1013.25,46.901458740234375,22.796567916870117,143.30999755859375,116.72000122070312,26.59000015258789,19.477502822875977,755.4000244140625,764.6699829101562,762.804931640625,39.8333625793457,1.1964995861053467,1.1237760782241821,45.20844268798828,1.2798712253570557,0.004009999800473452,0,0.000531375000718981,0,-9.26995849609375,1.86505126953125
73,10,0,1,Day,,41.2601318359375,48.7398681640625,44.13225555419922,302.1000061035156,291.65106201171875,13.899999618530273,0.9654123187065125,14.129999160766602,5.039999961853027,=NA(),=NA(),1.329329013824463,1.4163999557495117,0.34380000829696655,0.08399999886751175,=NA(),20,1013.25,31.419567108154297,28.25071144104004,318.93499755859375,281.70001220703125,37.230003356933594,27.201868057250977,1798.3599853515625,1772.5999755859375,1780.9957275390625,39.50809860229492,2.817392587661743,2.729843854904175,45.639739990234375,2.976468563079834,0.00972756277769804,0,0.0007530624861828983,0,25.760009765625,-8.395751953125
73,11,0,1,Day,,34.50236892700195,55.49763107299805,22.192462921142578,898.5900268554688,279.9443054199219,750.6900024414062,0.3115372955799103,16.089990615844727,5.300000190734863,=NA(),=NA(),1.212862253189087,1.4163999557495117,0.34380000829696655,0.08399999886751175,=NA(),20,1013.25,14.553932189941406,31.633148193359375,987.5350341796875,922.405029296875,65.12999725341797,56.70061492919922,5949.0400390625,5313.89013671875,5343.72314453125,36.149166107177734,9.239014625549316,9.21024227142334,43.99152374267578,9.760603904724121,0.032638248056173325,0,0.0014113124925643206,0,635.14990234375,-29.8330078125
73,12,0,1,Day,,32.64192199707031,57.35807800292969,355.1194152832031,871.9099731445312,271.4300231933594,713.1099853515625,0.31130510568618774,18.95000648498535,5.760000228881836,=NA(),=NA(),1.187058687210083,1.4163999557495117,0.34380000829696655,0.08399999886751175,=NA(),20,1013.25,-3.1194405555725098,32.508949279785156,937.2950439453125,872.9449462890625,64.34500122070312,57.53124237060547,5642.580078125,5024.22998046875,5053.0029296875,36.037322998046875,8.763490676879883,8.739730834960938,43.780120849609375,9.266648292541504,0.030867749825119972,0,0.0014178750570863485,0,618.35009765625,-28.77294921875
73,13,0,1,Day,,36.452613830566406,53.547386169433594,329.3815612792969,478.70001220703125,397.7825622558594,100.5999984741211,0.830964207649231,20.300012588500977,5.869999885559082,=NA(),=NA(),1.2425774335861206,1.4163999557495117,0.34380000829696655,0.08399999886751175,=NA(),20,1013.25,-20.617507934570312,30.75174903869629,521.89501953125,478.0050048828125,43.88500213623047,41.676231384277344,3051.719970703125,2866.469970703125,2884.194580078125,37.912513732910156,4.754707336425781,4.705193519592285,44.668861389160156,5.0229997634887695,0.01663506217300892,0,0.0009238750208169222,0,185.25,-17.724609375
73,14,0,1,Day,,44.476356506347656,45.523643493652344,309.743408203125,680.5999755859375,320.3266906738281,504.9100036621094,0.47065338492393494,20.709985733032227,5.619999885559082,=NA(),=NA(),1.4002463817596436,1.4163999557495117,0.34380000829696655,0.08399999886751175,=NA(),20,1013.25,-37.05236053466797,26.61149024963379,837.3150024414062,788.2000122070312,49.12000274658203,55.10875701904297,5045.47998046875,4529.64990234375,4555.64306640625,36.35115432739258,7.832730293273926,7.773295879364014,43.872379302978516,8.287653923034668,0.027814563363790512,0,0.0010501249926164746,0,515.830078125,-25.9931640625
73,15,0,1,Day,,54.84206008911133,35.15793991088867,295.4731750488281,601.2899780273438,316.7769775390625,494.0899963378906,0.526828944683075,22.550012588500977,5.289999961853027,=NA(),=NA(),1.7335834503173828,1.4163999557495117,0.34380000829696655,0.08399999886751175,=NA(),20,1013.25,-52.039852142333984,20.586822509765625,857.739990234375,803.97998046875,53.76000213623047,57.70500946044922,5216.18017578125,4640.08984375,4670.07568359375,35.982967376708984,8.111774444580078,8.006559371948242,43.602928161621094,8.5955810546875,0.028691250830888748,0,0.0011492499615997076,0,576.09033203125,-29.98583984375
73,16,0,1,Day,,66.37922668457031,23.620771408081055,284.4717102050781,342.70001220703125,260.0394592285156,206.3000030517578,0.7587961554527283,21.800012588500977,3.869999885559082,=NA(),=NA(),2.484168291091919,1.4163999557495117,0.34380000829696655,0.08399999886751175,=NA(),20,1013.25,-60,14.388628005981445,561.3199462890625,514.875,46.44000244140625,44.84874725341797,3271.110107421875,3039.43994140625,3058.748779296875,37.52375793457031,5.09487771987915,4.974398612976074,44.38093566894531,5.385115623474121,0.01784849911928177,0,0.0009502500179223716,0,231.670166015625,-19.308837890625
73,17,0,1,Day,,78.44186401367188,11.55813980102539,275.1728210449219,116.19000244140625,111.72332763671875,22.292999267578125,0.961557149887085,21.1299991607666,3.0799999237060547,=NA(),=NA(),4.87978458404541,1.4163999557495117,0.34380000829696655,0.08399999886751175,=NA(),20,1013.25,-17.673358917236328,60.84800338745117,151.91500854492188,141.65499877929688,10.260000228881836,27.368738174438477,833.5499877929688,820.8099975585938,825.8381958007812,38.4523811340332,1.342301845550537,1.3266624212265015,44.29109191894531,1.420527458190918,0.004771062638610601,0,0.0002195624983869493,0,12.739990234375,-5.0281982421875
73,18,0,1,Night,Sun above horizon but GHI below 1,87.353515625,2.646482467651367,268.755859375,0,0,0,0,19.07000160217285,2.9000000953674316,=NA(),0,16.458873748779297,1.4163999557495117,0.34380000829696655,0.08399999886751175,=NA(),20,1013.25,0,0,0,0,0,19.07000160217285,0,0,0,0,0,0,0,0,0,0,0,0,0,0
73,19,0,1,Night,,103.02723693847656,-13.027238845825195,257.68096923828125,0,0,0,0,17.6199893951416,2.180000066757202,=NA(),0,64.81599426269531,1.4163999557495117,0.34380000829696655,0.08399999886751175,=NA(),20,1013.25,0,0,0,0,0,17.6199893951416,0,0,0,0,0,0,0,0,0,0,0,0,0,0
73,20,0,1,Night,,114.73030853271484,-24.730304718017578,247.79971313476562,0,0,0,0,16.1400089263916,1.059999942779541,=NA(),0,64.81599426269531,1.4163999557495117,0.34380000829696655,0.08399999886751175,=NA(),20,1013.25,0,0,0,0,0,16.1400089263916,0,0,0,0,0,0,0,0,0,0,0,0,0,0
73,21,0,1,Night,,125.55671691894531,-35.55671691894531,235.78759765625,0,0,0,0,14.700006484985352,0.460099995136261,=NA(),0,64.81599426269531,1.4163999557495117,0.34380000829696655,0.08399999886751175,=NA(),20,1013.25,0,0,0,0,0,14.700006484985352,0,0,0,0,0,0,0,0,0,0,0,0,0,0
73,22,0,1,Night,,134.7138214111328,-44.713829040527344,220.20310974121094,0,0,0,0,13.499994277954102,0.9200000166893005,=NA(),0,64.81599426269531,1.4163999557495117,0.34380000829696655,0.08399999886751175,=NA(),20,1013.25,0,0,0,0,0,13.499994277954102,0,0,0,0,0,0,0,0,0,0,0,0,0,0
73,23,0,1,Night,,140.9095001220703,-50.90949630737305,199.7800750732422,0,0,0,0,13.600000381469727,1.4300999641418457,=NA(),0,64.81599426269531,1.4163999557495117,0.34380000829696655,0.08399999886751175,=NA(),20,1013.25,0,0,0,0,0,13.600000381469727,0,0,0,0,0,0,0,0,0,0,0,0,0,0
74,0,0,1,Night,,142.58987426757812,-52.58987045288086,175.61073303222656,0,0,0,0,12.399988174438477,1.8899999856948853,=NA(),0,64.81599426269531,1.4163999557495117,0.34380000829696655,0.08399999886751175,=NA(),20,1013.25,0,0,0,0,0,12.399988174438477,0,0,0,0,0,0,0,0,0,0,0,0,0,0
74,1,0,1,Night,,139.1831512451172,-49.18315505981445,152.3625030517578,0,0,0,0,11.800012588500977,2.1698999404907227,=NA(),0,64.81599426269531,1.4163999557495117,0.34380000829696655,0.08399999886751175,=NA(),20,1013.25,0,0,0,0,0,11.800012588500977,0,0,0,0,0,0,0,0,0,0,0,0,0,0
74,2,0,1,Night,,131.77552795410156,-41.77553176879883,133.68890380859375,0,0,0,0,10.429986953735352,2.2699999809265137,=NA(),0,64.81599426269531,1.4163999557495117,0.34380000829696655,0.08399999886751175,=NA(),20,1013.25,0,0,0,0,0,10.429986953735352,0,0,0,0,0,0,0,0,0,0,0,0,0,0
74,3,0,1,Night,,121.92141723632812,-31.921419143676758,119.5246353149414,0,0,0,0,9.200311660766602,2.3701000213623047,=NA(),0,64.81599426269531,1.4163999557495117,0.34380000829696655,0.08399999886751175,=NA(),20,1013.25,0,0,0,0,0,9.200006484985352,0,0,0,0,0,0,0,0,0,0,0,0,0,0
74,4,0,1,Night,,110.7261962890625,-20.726194381713867,108.3912353515625,0,0,0,0,8.639886856079102,2.4200000762939453,=NA(),0,64.81599426269531,1.4163999557495117,0.34380000829696655,0.08399999886751175,=NA(),20,1013.25,0,0,0,0,0,8.640008926391602,0,0,0,0,0,0,0,0,0,0,0,0,0,0
74,5,0,1,Night,,98.85057067871094,-8.850567817687988,98.96347045898438,0,0,0,0,8.449792861938477,2.8399999141693115,=NA(),0,64.81599426269531,1.4163999557495117,0.34380000829696655,0.08399999886751175,=NA(),20,1013.25,0,0,0,0,0,8.450006484985352,0,0,0,0,0,0,0,0,0,0,0,0,0,0
74,6,0,1,Day,,85.31663513183594,4.68336296081543,89.5143814086914,89.6050033569336,83.49724578857422,74.80500030517578,0.9318368434906006,8.949701309204102,3.5099000930786133,=NA(),=NA(),10.871526718139648,1.4163999557495117,0.34380000829696655,0.08399999886751175,=NA(),20,1013.25,6.76663064956665,78.55025482177734,141.44500732421875,136.3000030517578,5.150000095367432,15.016260147094727,586.9600219726562,603.7000122070312,607.5986328125,39.748939514160156,0.9553689360618591,0.9529032707214355,45.41283416748047,1.0112690925598145,0.003458874998614192,0,0.00011356249888194725,0,-16.739990234375,-3.89862060546875
74,7,0,1,Day,,74.25759887695312,15.742402076721191,81.44232177734375,287.6099853515625,222.5193328857422,239.91000366210938,0.7736843228340149,12.260004043579102,2.7300000190734863,=NA(),=NA(),3.6429483890533447,1.4163999557495117,0.34380000829696655,0.08399999886751175,=NA(),20,1013.25,25.886579513549805,48.7286491394043,493.28997802734375,475.2249755859375,18.064998626708984,32.19750213623047,2920.409912109375,2832.39990234375,2850.9482421875,39.16691589355469,4.549375534057617,4.505551338195801,45.83205795288086,4.793633937835693,0.016428999602794647,0,0.0003874374961014837,0,88.010009765625,-18.54833984375
74,8,0,1,Day,,62.357276916503906,27.64272117614746,71.64136505126953,498.30999755859375,305.29937744140625,416.010009765625,0.6126695871353149,14.959985733032227,1.2300000190734863,=NA(),=NA(),2.1485047340393066,1.4163999557495117,0.34380000829696655,0.08399999886751175,=NA(),20,1013.25,60,16.23822593688965,810.6199951171875,752.9249877929688,57.69499969482422,47.920616149902344,4936.8701171875,4545.02978515625,4574.27197265625,37.284881591796875,7.667971611022949,7.534076690673828,44.75669479370117,8.104569435119629,0.027102375403046608,0,0.0011418750509619713,0,391.84033203125,-29.2421875
74,9,0,1,Day,,51.18827819824219,38.81172180175781,59.65310287475586,688.6900024414062,328.24468994140625,575.0900268554688,0.4766218364238739,17.6400089263916,1.0300999879837036,=NA(),=NA(),1.593348503112793,1.4163999557495117,0.34380000829696655,0.08399999886751175,=NA(),20,1013.25,47.01372146606445,23.183883666992188,936.0699462890625,881.4199829101562,54.654998779296875,56.05248260498047,5634.8701171875,5043.8798828125,5074.98876953125,36.218711853027344,8.75762939453125,8.663219451904297,43.96735763549805,9.267293930053711,0.031094063073396683,0,0.001147374976426363,0,590.990234375,-31.10888671875
74,10,0,1,Day,,41.545875549316406,48.454124450683594,43.70703887939453,823.0900268554688,308.8547058105469,687.0900268554688,0.3752380609512329,19.100000381469727,1.5198999643325806,=NA(),=NA(),1.3351706266403198,1.4163999557495117,0.34380000829696655,0.08399999886751175,=NA(),20,1013.25,31.479415893554688,28.648157119750977,979.8499755859375,924.3499755859375,55.50499725341797,59.308128356933594,5951.7998046875,5266.81005859375,5300.44677734375,35.77646255493164,9.259665489196777,9.216346740722656,43.65807342529297,9.81273365020752,0.03286074846982956,0,0.001204562489874661,0,684.98974609375,-33.63671875
74,11,0,1,Day,,34.85690689086914,55.14309310913086,21.86361312866211,903.4000244140625,284.60736083984375,754.0900268554688,0.3150402307510376,19.68999671936035,2.0601000785827637,=NA(),=NA(),1.2180540561676025,1.4163999557495117,0.34380000829696655,0.08399999886751175,=NA(),20,1013.25,14.540539741516113,32.03386688232422,992.6849975585938,927.0599975585938,65.62000274658203,60.61376190185547,5977.52001953125,5264.73974609375,5295.91015625,35.61894226074219,9.292648315429688,9.265287399291992,43.49935531616211,9.83515453338623,0.03279243782162666,0,0.0014212500536814332,0,712.7802734375,-31.17041015625
74,12,0,1,Day,,33.040645599365234,56.959354400634766,355.04327392578125,909.0999755859375,272.6747741699219,759.2000122070312,0.29993927478790283,21.1400089263916,2.3701000213623047,=NA(),=NA(),1.1923909187316895,1.4163999557495117,0.34380000829696655,0.08399999886751175,=NA(),20,1013.25,-3.2165255546569824,32.901390075683594,977.300048828125,910.260009765625,67.04000091552734,61.49187469482422,5881.4599609375,5163.31005859375,5192.8671875,35.50990676879883,9.13982105255127,9.115612983703613,43.354400634765625,9.674219131469727,0.032183125615119934,0,0.0014770624693483114,0,718.14990234375,-29.55712890625
74,13,0,1,Day,,36.84044647216797,53.15955352783203,329.55145263671875,849.8900146484375,285.200439453125,705.5900268554688,0.33557334542274475,22.240015029907227,2.3801000118255615,=NA(),=NA(),1.2488349676132202,1.4163999557495117,0.34380000829696655,0.08399999886751175,=NA(),20,1013.25,-20.790081024169922,31.124286651611328,954.2949829101562,895.0250244140625,59.27000045776367,61.586875915527344,5770.66015625,5063.81005859375,5093.7294921875,35.491573333740234,8.969962120056152,8.952001571655273,43.303524017333984,9.501038551330566,0.031726814806461334,0,0.0012953749392181635,0,706.85009765625,-29.91943359375
74,14,0,1,Day,,44.826961517333984,45.173038482666016,310.01995849609375,712.7000122070312,310.77423095703125,566.7000122070312,0.43605196475982666,22.649988174438477,2.259999990463257,=NA(),=NA(),1.4087096452713013,1.4163999557495117,0.34380000829696655,0.08399999886751175,=NA(),20,1013.25,-37.27870559692383,26.957717895507812,882.6600341796875,832.6849975585938,49.970001220703125,58.977500915527344,5323.18017578125,4714.0400390625,4742.48583984375,35.83019256591797,8.272525787353516,8.21657657623291,43.478763580322266,8.76452922821045,0.02938087470829487,0,0.0010723124723881483,0,609.14013671875,-28.44580078125
74,15,0,1,Day,,55.159271240234375,34.840728759765625,295.772216796875,534.2899780273438,314.9176025390625,383.989990234375,0.5894132852554321,23.2600040435791,2.049999952316284,=NA(),=NA(),1.7472732067108154,1.4163999557495117,0.34380000829696655,0.08399999886751175,=NA(),20,1013.25,-52.29743576049805,20.907155990600586,749.5450439453125,697.5849609375,51.959999084472656,53.974388122558594,4524.52001953125,4076.35009765625,4102.4228515625,36.45035934448242,7.034435749053955,6.923778057098389,43.80720901489258,7.447206497192383,0.024792125448584557,0,0.0011028749868273735,0,448.169921875,-26.07275390625
74,16,0,1,Day,,66.67463684082031,23.325361251831055,284.76690673828125,322.80999755859375,253.8708038330078,174.11000061035156,0.7864403128623962,23.17998695373535,1.6299999952316284,=NA(),=NA(),2.5134875774383545,1.4163999557495117,0.34380000829696655,0.08399999886751175,=NA(),20,1013.25,-57.92119598388672,15.708118438720703,520.5,477.30999755859375,43.19499969482422,44.584373474121094,3017.25,2805.35986328125,2822.629638671875,37.50605773925781,4.703794002532959,4.586945056915283,44.26538848876953,4.972555160522461,0.016452312469482422,0,0.0009124999633058906,0,211.89013671875,-17.269775390625
74,17,0,1,Day,,78.72545623779297,11.274542808532715,275.4605407714844,91.5979995727539,90.07372283935547,7.79640007019043,0.9833590388298035,22.339990615844727,2.0399999618530273,=NA(),=NA(),4.994990825653076,1.4163999557495117,0.34380000829696655,0.08399999886751175,=NA(),20,1013.25,-17.192148208618164,61.61901092529297,112.46499633789062,103.85499572753906,8.614999771118164,26.978113174438477,607.5499877929688,599,602.5606689453125,38.07624816894531,0.9890622496604919,0.9769750833511353,43.80244827270508,1.049445629119873,0.0035033749882131815,0,0.00018343749979976565,0,8.54998779296875,-3.5606689453125
74,18,0,1,Night,Sun above horizon but GHI below 1,87.49598693847656,2.504016399383545,269.1329040527344,0,0,0,0,19.719995498657227,2.460099935531616,=NA(),0,17.04374885559082,1.4163999557495117,0.34380000829696655,0.08399999886751175,=NA(),20,1013.25,0,0,0,0,0,19.719995498657227,0,0,0,0,0,0,0,0,0,0,0,0,0,0
74,19,0,1,Night,,103.31876373291016,-13.318767547607422,257.96307373046875,0,0,0,0,15.679986953735352,2.6700000762939453,=NA(),0,64.81599426269531,1.4163999557495117,0.34380000829696655,0.08399999886751175,=NA(),20,1013.25,0,0,0,0,0,15.679986953735352,0,0,0,0,0,0,0,0,0,0,0,0,0,0
74,20,0,1,Night,,115.04000091552734,-25.03999900817871,248.0803985595703,0,0,0,0,13.839990615844727,2.780100107192993,=NA(),0,64.81599426269531,1.4163999557495117,0.34380000829696655,0.08399999886751175,=NA(),20,1013.25,0,0,0,0,0,13.839990615844727,0,0,0,0,0,0,0,0,0,0,0,0,0,0
74,21,0,1,Night,,125.8940200805664,-35.89401626586914,236.05477905273438,0,0,0,0,12.619989395141602,2.789900064468384,=NA(),0,64.81599426269531,1.4163999557495117,0.34380000829696655,0.08399999886751175,=NA(),20,1013.25,0,0,0,0,0,12.619989395141602,0,0,0,0,0,0,0,0,0,0,0,0,0,0
74,22,0,1,Night,,135.0856170654297,-45.08562469482422,220.41529846191406,0,0,0,0,12.119989395141602,2.6900999546051025,=NA(),0,64.81599426269531,1.4163999557495117,0.34380000829696655,0.08399999886751175,=NA(),20,1013.25,0,0,0,0,0,12.119989395141602,0,0,0,0,0,0,0,0,0,0,0,0,0,0
74,23,0,1,Night,,141.3083038330078,-51.30830764770508,199.84820556640625,0,0,0,0,11.499994277954102,2.7000999450683594,=NA(),0,64.81599426269531,1.4163999557495117,0.34380000829696655,0.08399999886751175,=NA(),20,1013.25,0,0,0,0,0,11.499994277954102,0,0,0,0,0,0,0,0,0,0,0,0,0,0
75,0,0,1,Night,,142.97958374023438,-52.97958755493164,175.45407104492188,0,0,0,0,11.450006484985352,2.9100000858306885,=NA(),0,64.81599426269531,1.4163999557495117,0.34380000829696655,0.08399999886751175,=NA(),20,1013.25,0,0,0,0,0,11.450006484985352,0,0,0,0,0,0,0,0,0,0,0,0,0,0
75,1,0,1,Night,,139.52149963378906,-49.5214958190918,152.0318603515625,0,0,0,0,11.540002822875977,3.1898999214172363,=NA(),0,64.81599426269531,1.4163999557495117,0.34380000829696655,0.08399999886751175,=NA(),20,1013.25,0,0,0,0,0,11.540002822875977,0,0,0,0,0,0,0,0,0,0,0,0,0,0
75,2,0,1,Night,,132.05148315429688,-42.05147933959961,133.2980194091797,0,0,0,0,13.379999160766602,3.660099983215332,=NA(),0,64.81599426269531,1.4163999557495117,0.34380000829696655,0.08399999886751175,=NA(),20,1013.25,0,0,0,0,0,13.379999160766602,0,0,0,0,0,0,0,0,0,0,0,0,0,0
75,3,0,1,Night,,122.1474838256836,-32.147483825683594,119.1341781616211,0,0,0,0,13.689996719360352,4.199999809265137,=NA(),0,64.81599426269531,1.4163999557495117,0.34380000829696655,0.08399999886751175,=NA(),20,1013.25,0,0,0,0,0,13.689996719360352,0,0,0,0,0,0,0,0,0,0,0,0,0,0
75,4,0,1,Night,,110.91889953613281,-20.918901443481445,108.0154037475586,0,0,0,0,13.070001602172852,4.360000133514404,=NA(),0,64.81599426269531,1.4163999557495117,0.34380000829696655,0.08399999886751175,=NA(),20,1013.25,0,0,0,0,0,13.070001602172852,0,0,0,0,0,0,0,0,0,0,0,0,0,0
75,5,0,1,Night,,99.02420043945312,-9.02419662475586,98.59815216064453,0,0,0,0,13.230005264282227,4.639999866485596,=NA(),0,64.81599426269531,1.4163999557495117,0.34380000829696655,0.08399999886751175,=NA(),20,1013.25,0,0,0,0,0,13.230005264282227,0,0,0,0,0,0,0,0,0,0,0,0,0,0
75,6,0,1,Day,,85.40138244628906,4.5986175537109375,89.08944702148438,71.49700164794922,67.88953399658203,44.994998931884766,0.9495437741279602,13.760004043579102,4.869900226593018,=NA(),=NA(),11.032135963439941,1.4163999557495117,0.34380000829696655,0.08399999886751175,=NA(),20,1013.25,6.642521858215332,78.75971984863281,104.5199966430664,99.81999969482422,4.704999923706055,18.23125648498535,447.5899963378906,455.5,458.3300476074219,38.90210723876953,0.736351490020752,0.7342348694801331,44.51430130004883,0.7821192741394043,0.002655062358826399,0,0.0001033750013448298,0,-7.910003662109375,-2.830047607421875
75,7,0,1,Day,,74.43330383300781,15.566694259643555,81.06747436523438,279.5,217.29417419433594,231.8000030517578,0.7774388790130615,17.6299991607666,5.909900188446045,=NA(),=NA(),3.681964874267578,1.4163999557495117,0.34380000829696655,0.08399999886751175,=NA(),20,1013.25,25.54158592224121,49.2736701965332,477.22998046875,459.58502197265625,17.645000457763672,37.01000213623047,2819.56005859375,2690.52001953125,2707.689697265625,38.48180389404297,4.397696495056152,4.355157852172852,45.13730239868164,4.640310287475586,0.015868250280618668,0,0.0003788124886341393,0,129.0400390625,-17.169677734375
75,8,0,1,Day,,62.55210494995117,27.44789695739746,71.24557495117188,492.510009765625,303.1505126953125,410.80999755859375,0.6155215501785278,19.399988174438477,5.46999979019165,=NA(),=NA(),2.162437677383423,1.4163999557495117,0.34380000829696655,0.08399999886751175,=NA(),20,1013.25,60,16.623987197875977,802.385009765625,745.0699462890625,57.31500244140625,52.170005798339844,4868.72021484375,4416.02978515625,4444.70947265625,36.709434509277344,7.5675811767578125,7.433630466461182,44.182281494140625,8.009293556213379,0.02671224996447563,0,0.0011434374609962106,0,452.6904296875,-28.6796875
75,9,0,1,Day,,51.41905212402344,38.58094787597656,59.232391357421875,675.7000122070312,323.72906494140625,564.4000244140625,0.4791017472743988,21.1299991607666,4.639999866485596,=NA(),=NA(),1.6013457775115967,1.4163999557495117,0.34380000829696655,0.08399999886751175,=NA(),20,1013.25,47.1257209777832,23.571834564208984,919.2100219726562,865.4000244140625,53.810001373291016,58.923118591308594,5531.8798828125,4900.60009765625,4931.4384765625,35.831199645996094,8.601948738098145,8.50819206237793,43.562015533447266,9.114069938659668,0.03052043728530407,0,0.0011296250158920884,0,631.27978515625,-30.83837890625
75,10,0,1,Day,,41.832763671875,48.167236328125,43.285037994384766,810,305.7944030761719,676.7000122070312,0.3775239586830139,22.420007705688477,3.900099992752075,=NA(),=NA(),1.3411210775375366,1.4163999557495117,0.34380000829696655,0.08399999886751175,=NA(),20,1013.25,31.538619995117188,29.046140670776367,964.4400024414062,909.7249755859375,54.709999084472656,62.08501434326172,5857.06005859375,5130.64990234375,5163.46240234375,35.408348083496094,9.114142417907715,9.071478843688965,43.26956558227539,9.66935920715332,0.03233231231570244,0,0.0011869999580085278,0,726.41015625,-32.8125
75,11,0,1,Day,,35.212303161621094,54.787696838378906,21.5386962890625,886.5,281.4958801269531,740.5,0.31753623485565186,23.110010147094727,3.4398999214172363,=NA(),=NA(),1.223350167274475,1.4163999557495117,0.34380000829696655,0.08399999886751175,=NA(),20,1013.25,14.52587604522705,32.43504333496094,974.0449829101562,909.60498046875,64.43499755859375,63.334983825683594,5864.85986328125,5114.009765625,5145.193359375,35.25225067138672,9.122102737426758,9.096894264221191,43.11140060424805,9.668652534484863,0.032169125974178314,0,0.0013951874570921063,0,750.85009765625,-31.18359375
75,12,0,1,Day,,33.439842224121094,56.560157775878906,354.96697998046875,893.8099975585938,272.37567138671875,744.7100219726562,0.30473554134368896,24.399988174438477,3.3301000595092773,=NA(),=NA(),1.1978358030319214,1.4163999557495117,0.34380000829696655,0.08399999886751175,=NA(),20,1013.25,-3.3157098293304443,33.2940788269043,961.0050048828125,895.010009765625,65.99000549316406,64.1462631225586,5781.2802734375,5025.77978515625,5055.5419921875,35.15101623535156,8.98896598815918,8.9694242477417,42.9781494140625,9.527438163757324,0.031629689037799835,0,0.0014535625232383609,0,755.50048828125,-29.76220703125
75,13,0,1,Day,,37.22921371459961,52.77078628540039,329.71697998046875,831.9000244140625,286.5679016113281,684.9000244140625,0.3444739580154419,24.219995498657227,3.369999885559082,=NA(),=NA(),1.255228877067566,1.4163999557495117,0.34380000829696655,0.08399999886751175,=NA(),20,1013.25,-20.96526336669922,31.496681213378906,934.449951171875,876.239990234375,58.209999084472656,62.80937957763672,5658.9599609375,4943.240234375,4970.4765625,35.344093322753906,8.78943920135498,8.767135620117188,43.10721206665039,9.306852340698242,0.031111374497413635,0,0.0012682500528171659,0,715.7197265625,-27.236328125
75,14,0,1,Day,,45.17912673950195,44.82087326049805,310.29229736328125,703.8900146484375,311.8357849121094,556.1900024414062,0.44301778078079224,25.18999671936035,3.6798999309539795,=NA(),=NA(),1.4173675775527954,1.4163999557495117,0.34380000829696655,0.08399999886751175,=NA(),20,1013.25,-37.507667541503906,27.30353355407715,872.469970703125,822.7099609375,49.76000213623047,61.15813446044922,5252.8701171875,4614.72021484375,4643.240234375,35.53226089477539,8.16732406616211,8.107869148254395,43.171234130859375,8.662332534790039,0.028985001146793365,0,0.001065562479197979,0,638.14990234375,-28.52001953125
75,15,0,1,Day,,55.47820281982422,34.52179718017578,296.06842041015625,555.5999755859375,312.53387451171875,428.8999938964844,0.5625159740447998,24.4999942779541,4.28000020980835,=NA(),=NA(),1.7613104581832886,1.4163999557495117,0.34380000829696655,0.08399999886751175,=NA(),20,1013.25,-52.557273864746094,21.2269344329834,788.969970703125,736.5799560546875,52.38999938964844,56.86687469482422,4774.85986328125,4258.60986328125,4286.1640625,36.075103759765625,7.42594051361084,7.317305088043213,43.5374755859375,7.868959426879883,0.026203813031315804,0,0.00111624994315207,0,516.25,-27.55419921875
75,16,0,1,Day,,66.97151947021484,23.028480529785156,285.06036376953125,315.19000244140625,250.4521942138672,165.49000549316406,0.7946070432662964,24.1299991607666,4.229899883270264,=NA(),=NA(),2.5437211990356445,1.4163999557495117,0.34380000829696655,0.08399999886751175,=NA(),20,1013.25,-54.6175537109375,17.997032165527344,505.9649963378906,466.44000244140625,39.525001525878906,44.948753356933594,2932.22998046875,2722.510009765625,2738.941162109375,37.43777847290039,4.572649955749512,4.458910942077637,44.16435241699219,4.834478855133057,0.015999000519514084,0,0.0008852499886415899,0,209.719970703125,-16.43115234375
75,17,0,1,Day,,79.0101318359375,10.989867210388184,275.747314453125,97.302001953125,95.07061767578125,11.704999923706055,0.9770674109458923,23.170007705688477,4.349999904632568,=NA(),=NA(),5.116221904754639,1.4163999557495117,0.34380000829696655,0.08399999886751175,=NA(),20,1013.25,-16.713825225830078,62.38811111450195,122.30999755859375,113.43000030517578,8.885000228881836,28.211877822875977,663.4400024414062,651.219970703125,655.1179809570312,38.020145416259766,1.0769201517105103,1.0651098489761353,43.78102493286133,1.142115592956543,0.0038209999911487103,0,0.00018950000230688602,0,12.22003173828125,-3.89801025390625
75,18,0,1,Night,Sun above horizon but GHI below 1,87.63044738769531,2.3695545196533203,269.51678466796875,0,0,0,0,21.600000381469727,5.369999885559082,=NA(),0,17.630184173583984,1.4163999557495117,0.34380000829696655,0.08399999886751175,=NA(),20,1013.25,0,0,0,0,0,21.600000381469727,0,0,0,0,0,0,0,0,0,0,0,0,0,0
75,19,0,1,Night,,103.60942840576172,-13.609431266784668,258.2454528808594,0,0,0,0,20.800012588500977,6.139900207519531,=NA(),0,64.81599426269531,1.4163999557495117,0.34380000829696655,0.08399999886751175,=NA(),20,1013.25,0,0,0,0,0,20.800012588500977,0,0,0,0,0,0,0,0,0,0,0,0,0,0
75,20,0,1,Night,,115.34913635253906,-25.349138259887695,248.36204528808594,0,0,0,0,19.740015029907227,6.260000228881836,=NA(),0,64.81599426269531,1.4163999557495117,0.34380000829696655,0.08399999886751175,=NA(),20,1013.25,0,0,0,0,0,19.740015029907227,0,0,0,0,0,0,0,0,0,0,0,0,0,0
75,21,0,1,Night,,126.23094940185547,-36.23094940185547,236.3235626220703,0,0,0,0,18.70000648498535,6.210100173950195,=NA(),0,64.81599426269531,1.4163999557495117,0.34380000829696655,0.08399999886751175,=NA(),20,1013.25,0,0,0,0,0,18.70000648498535,0,0,0,0,0,0,0,0,0,0,0,0,0,0
75,22,0,1,Night,,135.4573211669922,-45.45732116699219,220.6292724609375,0,0,0,0,18.899988174438477,5.9899001121521,=NA(),0,64.81599426269531,1.4163999557495117,0.34380000829696655,0.08399999886751175,=NA(),20,1013.25,0,0,0,0,0,18.899988174438477,0,0,0,0,0,0,0,0,0,0,0,0,0,0
75,23,0,1,Night,,141.7072296142578,-51.70723342895508,199.9161376953125,0,0,0,0,17.589990615844727,5.650100231170654,=NA(),0,64.81599426269531,1.4163999557495117,0.34380000829696655,0.08399999886751175,=NA(),20,1013.25,0,0,0,0,0,17.589990615844727,0,0,0,0,0,0,0,0,0,0,0,0,0,0
76,0,0,1,Night,,143.3689727783203,-53.36896514892578,175.29287719726562,0,0,0,0,18.159997940063477,5.659900188446045,=NA(),0,64.81599426269531,1.4163999557495117,0.34380000829696655,0.08399999886751175,=NA(),20,1013.25,0,0,0,0,0,18.159997940063477,0,0,0,0,0,0,0,0,0,0,0,0,0,0
76,1,0,1,Night,,139.85842895507812,-49.858436584472656,151.69508361816406,0,0,0,0,17.209985733032227,5.869999885559082,=NA(),0,64.81599426269531,1.4163999557495117,0.34380000829696655,0.08399999886751175,=NA(),20,1013.25,0,0,0,0,0,17.209985733032227,0,0,0,0,0,0,0,0,0,0,0,0,0,0
76,2,0,1,Night,,132.32565307617188,-42.32564926147461,132.90248107910156,0,0,0,0,17.2600040435791,6.239999771118164,=NA(),0,64.81599426269531,1.4163999557495117,0.34380000829696655,0.08399999886751175,=NA(),20,1013.25,0,0,0,0,0,17.2600040435791,0,0,0,0,0,0,0,0,0,0,0,0,0,0
76,3,0,1,Night,,122.3719482421875,-32.3719482421875,118.74079132080078,0,0,0,0,16.899988174438477,5.899899959564209,=NA(),0,64.81599426269531,1.4163999557495117,0.34380000829696655,0.08399999886751175,=NA(),20,1013.25,0,0,0,0,0,16.899988174438477,0,0,0,0,0,0,0,0,0,0,0,0,0,0
76,4,0,1,Night,,111.11033630371094,-21.110336303710938,107.63774108886719,0,0,0,0,16.70000648498535,5.230000019073486,=NA(),0,64.81599426269531,1.4163999557495117,0.34380000829696655,0.08399999886751175,=NA(),20,1013.25,0,0,0,0,0,16.70000648498535,0,0,0,0,0,0,0,0,0,0,0,0,0,0
76,5,0,1,Night,,99.1971435546875,-9.197145462036133,98.2317123413086,0,0,0,0,16.82000160217285,5.28000020980835,=NA(),0,64.81599426269531,1.4163999557495117,0.34380000829696655,0.08399999886751175,=NA(),20,1013.25,0,0,0,0,0,16.82000160217285,0,0,0,0,0,0,0,0,0,0,0,0,0,0
76,6,0,1,Day,,85.47802734375,4.521973609924316,88.65902709960938,46.90299987792969,46.129974365234375,9.804800033569336,0.983518660068512,16.969995498657227,6.340000152587891,=NA(),=NA(),11.181234359741211,1.4163999557495117,0.34380000829696655,0.08399999886751175,=NA(),20,1013.25,6.530810832977295,78.94902801513672,58.400001525878906,54.505001068115234,3.8899998664855957,19.43499183654785,273.05999755859375,276.8399963378906,278.3443908691406,38.02440643310547,0.4575091600418091,0.45550546050071716,43.52165603637695,0.4897119402885437,0.0016406250651925802,0,0.00008512500062352046,0,-3.779998779296875,-1.50439453125
76,7,0,1,Day,,74.60796356201172,15.392035484313965,80.69248962402344,174.99000549316406,160.44752502441406,54.790000915527344,0.9168953895568848,17.909997940063477,7.579899787902832,=NA(),=NA(),3.7216081619262695,1.4163999557495117,0.34380000829696655,0.08399999886751175,=NA(),20,1013.25,25.203067779541016,49.811519622802734,254.81500244140625,240.01499938964844,14.804999351501465,28.266870498657227,1459.93994140625,1433.719970703125,1442.7579345703125,39.03512954711914,2.3100292682647705,2.2754905223846436,45.13555145263672,2.437286376953125,0.008252187632024288,0,0.0003105000068899244,0,26.219970703125,-9.0379638671875
76,8,0,1,Day,,62.7469482421875,27.2530517578125,70.85029602050781,286.1000061035156,252.6250457763672,73.10199737548828,0.88299560546875,19.300012588500977,7.649899959564209,=NA(),=NA(),2.1765782833099365,1.4163999557495117,0.34380000829696655,0.08399999886751175,=NA(),20,1013.25,60,17.010957717895508,379.2799987792969,328.3450012207031,50.93499755859375,34.852500915527344,2190.0400390625,2103.89990234375,2113.9208984375,38.64678192138672,3.4186062812805176,3.2895238399505615,44.967647552490234,3.616081476211548,0.011681187897920609,0,0.001012687454931438,0,86.14013671875,-10.02099609375
76,9,0,1,Day,,51.650474548339844,38.349525451660156,58.81330490112305,293.510009765625,277.0647888183594,26.5049991607666,0.9439705014228821,19.83001136779785,7.179900169372559,=NA(),=NA(),1.609472393989563,1.4163999557495117,0.34380000829696655,0.08399999886751175,=NA(),20,1013.25,47.237178802490234,23.96019744873047,314.6199951171875,266.04498291015625,48.56999969482422,32.866233825683594,1745.8699951171875,1687.8499755859375,1692.8026123046875,38.780418395996094,2.727858543395996,2.5984201431274414,44.82900619506836,2.8935577869415283,0.00920912530273199,0,0.0009750624885782599,0,58.02001953125,-4.95263671875
76,10,0,1,Day,,42.12055969238281,47.87944030761719,42.866390228271484,340.1000061035156,320.1495666503906,26.89699935913086,0.9413394927978516,20.100000381469727,6.730000019073486,=NA(),=NA(),1.3471776247024536,1.4163999557495117,0.34380000829696655,0.08399999886751175,=NA(),20,1013.25,31.597068786621094,29.44441795349121,361.6449890136719,320.67999267578125,40.95500183105469,34.98937225341797,2053.239990234375,1971.300048828125,1980.268310546875,38.57282638549805,3.2085957527160645,3.1170475482940674,44.834590911865234,3.3952877521514893,0.011088562197983265,0,0.0008329999982379377,0,81.93994140625,-8.96826171875
76,11,0,1,Day,,35.568241119384766,54.431758880615234,21.217777252197266,350.70001220703125,333.12518310546875,21.606000900268555,0.9498864412307739,20.70000648498535,6.520100116729736,=NA(),=NA(),1.2287482023239136,1.4163999557495117,0.34380000829696655,0.08399999886751175,=NA(),20,1013.25,14.509880065917969,32.836360931396484,379.4049987792969,345.43499755859375,33.970001220703125,36.27623748779297,2168.260009765625,2072.89990234375,2084.82763671875,38.37107467651367,3.3958358764648438,3.363751173019409,44.761497497558594,3.586081027984619,0.011854312382638454,0,0.000716687529347837,0,95.360107421875,-11.927734375
76,12,0,1,Day,,33.83910369873047,56.16089630126953,354.890625,247.60000610351562,243.61468505859375,4.798099994659424,0.9839041829109192,20.600000381469727,6.489999771118164,=NA(),=NA(),1.2033900022506714,1.4163999557495117,0.34380000829696655,0.08399999886751175,=NA(),20,1013.25,-3.4168901443481445,33.68660354614258,270.2099914550781,247.32000732421875,22.889999389648438,31.704370498657227,1521.6199951171875,1476.75,1484.6646728515625,38.64223861694336,2.401298761367798,2.397603750228882,44.7451057434082,2.5380871295928955,0.008410312235355377,0,0.0005026874714531004,0,44.8699951171875,-7.9146728515625
76,13,0,1,Day,,37.618568420410156,52.381431579589844,329.8782958984375,393.6000061035156,359.9368896484375,42.499000549316406,0.9144737720489502,21.0200138092041,6.530099868774414,=NA(),=NA(),1.2617566585540771,1.4163999557495117,0.34380000829696655,0.08399999886751175,=NA(),20,1013.25,-21.1428165435791,31.868677139282227,426.8399963378906,389.0050048828125,37.834999084472656,38.514366149902344,2470.840087890625,2344.780029296875,2357.878662109375,38.1920280456543,3.858602285385132,3.8064560890197754,44.699928283691406,4.075206756591797,0.013485937379300594,0,0.0007931874715723097,0,126.06005859375,-13.0986328125
76,14,0,1,Day,,45.5323600769043,44.4676399230957,310.56048583984375,342.3999938964844,318.15966796875,34.604000091552734,0.9292046427726746,22.0200138092041,6.629899978637695,=NA(),=NA(),1.4262133836746216,1.4163999557495117,0.34380000829696655,0.08399999886751175,=NA(),20,1013.25,-37.73881530761719,27.648672103881836,375.2550048828125,333.0950012207031,42.15999984741211,37.46062469482422,2142.530029296875,2039.72998046875,2050.500732421875,38.22383117675781,3.3527650833129883,3.251636266708374,44.58145523071289,3.546670436859131,0.011576812714338303,0,0.0008488750318065286,0,102.800048828125,-10.770751953125
76,15,0,1,Day,,55.79832077026367,34.20167922973633,296.3617248535156,225,219.265380859375,10.20199966430664,0.9745128154754639,21.58001136779785,6.590000152587891,=NA(),=NA(),1.7756831645965576,1.4163999557495117,0.34380000829696655,0.08399999886751175,=NA(),20,1013.25,-52.81888198852539,21.54593849182129,235.3249969482422,191.69000244140625,43.630001068115234,31.397485733032227,1280.1500244140625,1243.25,1243.023681640625,38.7592658996582,2.0039188861846924,1.8841075897216797,44.48039245605469,2.1389496326446533,0.006646249908953905,0,0.0008962499559856951,0,36.9000244140625,0.226318359375
76,16,0,1,Day,,67.26924133300781,22.73076057434082,285.3520812988281,209.50999450683594,197.3348846435547,31.509000778198242,0.9418876767158508,20.93999671936035,6.099999904632568,=NA(),=NA(),2.574843406677246,1.4163999557495117,0.34380000829696655,0.08399999886751175,=NA(),20,1013.25,-52.158485412597656,20.043407440185547,258.79998779296875,222.27499389648438,36.529998779296875,31.675622940063477,1422.5400390625,1380.47998046875,1384.3853759765625,38.73372268676758,2.2335376739501953,2.131476402282715,44.62920379638672,2.373469352722168,0.007538437377661467,0,0.0008132500224746764,0,42.06005859375,-3.9053955078125
76,17,0,1,Day,,79.29485321044922,10.705148696899414,276.03314208984375,52.19599914550781,52.029449462890625,0.8966000080108643,0.9968091249465942,20.399988174438477,5.7399001121521,=NA(),=NA(),5.243471145629883,1.4163999557495117,0.34380000829696655,0.08399999886751175,=NA(),20,1013.25,-16.23994255065918,63.15269088745117,57.91999816894531,52.58000183105469,5.340000152587891,22.80437660217285,301.6700134277344,302.0299987792969,303.613525390625,37.69220733642578,0.503436267375946,0.4971356987953186,43.2047233581543,0.5386327505111694,0.0017825624672695994,0,0.00011293750139884651,0,-0.3599853515625,-1.583526611328125
76,18,0,1,Night,Sun above horizon but GHI below 1,87.75506591796875,2.2449328899383545,269.9049987792969,0,0,0,0,19.279993057250977,5.679999828338623,=NA(),0,18.206039428710938,1.4163999557495117,0.34380000829696655,0.08399999886751175,=NA(),20,1013.25,0,0,0,0,0,19.279993057250977,0,0,0,0,0,0,0,0,0,0,0,0,0,0
76,19,0,1,Night,,103.90221405029297,-13.902212142944336,258.528076171875,0,0,0,0,18.730005264282227,5.570099830627441,=NA(),0,64.81599426269531,1.4163999557495117,0.34380000829696655,0.08399999886751175,=NA(),20,1013.25,0,0,0,0,0,18.730005264282227,0,0,0,0,0,0,0,0,0,0,0,0,0,0
76,20,0,1,Night,,115.65940856933594,-25.659404754638672,248.64459228515625,0,0,0,0,18.3900089263916,5.259900093078613,=NA(),0,64.81599426269531,1.4163999557495117,0.34380000829696655,0.08399999886751175,=NA(),20,1013.25,0,0,0,0,0,18.3900089263916,0,0,0,0,0,0,0,0,0,0,0,0,0,0
76,21,0,1,Night,,126.568603515625,-36.568599700927734,236.59400939941406,0,0,0,0,17.70000648498535,4.939899921417236,=NA(),0,64.81599426269531,1.4163999557495117,0.34380000829696655,0.08399999886751175,=NA(),20,1013.25,0,0,0,0,0,17.70000648498535,0,0,0,0,0,0,0,0,0,0,0,0,0,0
76,22,0,1,Night,,135.82969665527344,-45.829689025878906,220.84510803222656,0,0,0,0,17.860010147094727,4.629899978637695,=NA(),0,64.81599426269531,1.4163999557495117,0.34380000829696655,0.08399999886751175,=NA(),20,1013.25,0,0,0,0,0,17.860010147094727,0,0,0,0,0,0,0,0,0,0,0,0,0,0
76,23,0,1,Night,,142.10679626464844,-52.1068000793457,199.98391723632812,0,0,0,0,17.80999183654785,4.380099773406982,=NA(),0,64.81599426269531,1.4163999557495117,0.34380000829696655,0.08399999886751175,=NA(),20,1013.25,0,0,0,0,0,17.80999183654785,0,0,0,0,0,0,0,0,0,0,0,0,0,0
77,0,0,1,Night,,143.75852966308594,-53.75852966308594,175.12716674804688,0,0,0,0,17.4999942779541,4.079899787902832,=NA(),0,64.81599426269531,1.4163999557495117,0.34380000829696655,0.08399999886751175,=NA(),20,1013.25,0,0,0,0,0,17.4999942779541,0,0,0,0,0,0,0,0,0,0,0,0,0,0
77,1,0,1,Night,,140.1944580078125,-50.19446563720703,151.35218811035156,0,0,0,0,17.08001136779785,3.880000114440918,=NA(),0,64.81599426269531,1.4163999557495117,0.34380000829696655,0.08399999886751175,=NA(),20,1013.25,0,0,0,0,0,17.08001136779785,0,0,0,0,0,0,0,0,0,0,0,0,0,0
77,2,0,1,Night,,132.59835815429688,-42.598350524902344,132.5023956298828,0,0,0,0,15.850000381469727,3.660099983215332,=NA(),0,64.81599426269531,1.4163999557495117,0.34380000829696655,0.08399999886751175,=NA(),20,1013.25,0,0,0,0,0,15.850000381469727,0,0,0,0,0,0,0,0,0,0,0,0,0,0
77,3,0,1,Night,,122.59500885009766,-32.59501266479492,118.34457397460938,0,0,0,0,16.1199893951416,3.650099992752075,=NA(),0,64.81599426269531,1.4163999557495117,0.34380000829696655,0.08399999886751175,=NA(),20,1013.25,0,0,0,0,0,16.1199893951416,0,0,0,0,0,0,0,0,0,0,0,0,0,0
77,4,0,1,Night,,111.30067443847656,-21.30067253112793,107.25839233398438,0,0,0,0,18.08001136779785,3.700000047683716,=NA(),0,64.81599426269531,1.4163999557495117,0.34380000829696655,0.08399999886751175,=NA(),20,1013.25,0,0,0,0,0,18.08001136779785,0,0,0,0,0,0,0,0,0,0,0,0,0,0
77,5,0,1,Night,,99.37042236328125,-9.3704252243042,97.86428833007812,0,0,0,0,15.399988174438477,3.73009991645813,=NA(),0,64.81599426269531,1.4163999557495117,0.34380000829696655,0.08399999886751175,=NA(),20,1013.25,0,0,0,0,0,15.399988174438477,0,0,0,0,0,0,0,0,0,0,0,0,0,0
77,6,0,1,Day,,85.55868530273438,4.441318035125732,88.23289489746094,16.409000396728516,16.392606735229492,0.21170000731945038,0.9990009069442749,16.659997940063477,4.159900188446045,=NA(),=NA(),11.34224796295166,1.4163999557495117,0.34380000829696655,0.08399999886751175,=NA(),20,1013.25,6.413620471954346,79.14816284179688,17.920000076293945,16.350000381469727,1.5750000476837158,17.414392471313477,85.76000213623047,87.80999755859375,88.15055847167969,36.554847717285156,0.15071623027324677,0.14986154437065125,41.89544677734375,0.16639216244220734,0.0005525625310838223,0,0.000034500000765547156,0,-2.0499954223632812,-0.3405609130859375
77,7,0,1,Day,,74.78224182128906,15.217761039733887,80.31748962402344,57.00199890136719,56.76594161987305,0.8992999792098999,0.9958587884902954,16.399988174438477,5.640100002288818,=NA(),=NA(),3.7620444297790527,1.4163999557495117,0.34380000829696655,0.08399999886751175,=NA(),20,1013.25,24.869401931762695,50.34439468383789,60.30999755859375,53.55500030517578,6.760000228881836,18.9006290435791,312.94000244140625,317.8699951171875,319.2124328613281,38.380218505859375,0.519788920879364,0.5053396821022034,43.823875427246094,0.556396484375,0.001823625061661005,0,0.0001388749951729551,0,-4.92999267578125,-1.342437744140625
77,8,0,1,Day,,62.942230224609375,27.057769775390625,70.45568084716797,223.10000610351562,212.36190795898438,23.606000900268555,0.9518686532974243,18.6400089263916,7.539999961853027,=NA(),=NA(),2.1909615993499756,1.4163999557495117,0.34380000829696655,0.08399999886751175,=NA(),20,1013.25,60,17.399023056030273,253.56500244140625,205.36000061035156,48.209999084472656,29.1662540435791,1396.3199462890625,1366.7900390625,1366.6619873046875,39.18689727783203,2.1792545318603516,2.0604565143585205,44.93452453613281,2.323420524597168,0.007243812549859285,0,0.0009585625375621021,0,29.5299072265625,0.1280517578125
77,9,0,1,Day,,51.883087158203125,38.116912841796875,58.39601135253906,342.70001220703125,307.27313232421875,57.393001556396484,0.8966242074966431,21.92998695373535,7.870100021362305,=NA(),=NA(),1.617750883102417,1.4163999557495117,0.34380000829696655,0.08399999886751175,=NA(),20,1013.25,47.34873962402344,24.34902572631836,394.21002197265625,345.2650146484375,48.94499969482422,38.175621032714844,2245.14990234375,2132.39990234375,2143.1611328125,38.1849479675293,3.507838010787964,3.381298303604126,44.57069396972656,3.709852933883667,0.012017062865197659,0,0.0009882500162348151,0,112.75,-10.76123046875
77,10,0,1,Day,,42.40971374511719,47.59028625488281,42.45121383666992,240.8000030517578,236.73638916015625,5.503699779510498,0.9831245541572571,22.860010147094727,7.460000038146973,=NA(),=NA(),1.3533525466918945,1.4163999557495117,0.34380000829696655,0.08399999886751175,=NA(),20,1013.25,31.655284881591797,29.843185424804688,251.9199981689453,221.17999267578125,30.735000610351562,33.27312469482422,1402.25,1353.260009765625,1358.953125,38.40168762207031,2.2116193771362305,2.1403393745422363,44.388301849365234,2.344921350479126,0.0076146251522004604,0,0.0006215000175870955,0,48.989990234375,-5.693115234375
77,11,0,1,Day,,35.92500686645508,54.07499313354492,20.90093231201172,175.60000610351562,173.57579040527344,2.4997000694274902,0.988472580909729,21.909997940063477,7.179900169372559,=NA(),=NA(),1.2342545986175537,1.4163999557495117,0.34380000829696655,0.08399999886751175,=NA(),20,1013.25,14.492804527282715,33.23802947998047,189.47500610351562,171.75,17.724998474121094,29.71001625061035,1050.72998046875,1026.320068359375,1031.806640625,38.46568298339844,1.6765022277832031,1.658228874206543,44.369136810302734,1.7741748094558716,0.0058611249551177025,0,0.00037287501618266106,0,24.409912109375,-5.486572265625
77,12,0,1,Day,,34.23872375488281,55.76127624511719,354.8143005371094,171.10000610351562,169.19554138183594,2.3036999702453613,0.988869309425354,21.0100040435791,7.249899864196777,=NA(),=NA(),1.2090599536895752,1.4163999557495117,0.34380000829696655,0.08399999886751175,=NA(),20,1013.25,-3.520082473754883,34.07926559448242,186.864990234375,170.8699951171875,16,28.699365615844727,1035.9000244140625,1015.4600219726562,1020.64599609375,38.600807189941406,1.652567744255066,1.6453571319580078,44.48373794555664,1.7491915225982666,0.005798437632620335,0,0.00035099999513477087,0,20.44000244140625,-5.18597412109375
77,13,0,1,Day,,38.00883483886719,51.99116516113281,330.03558349609375,500.80999755859375,396.3244934082031,132.61000061035156,0.7913669943809509,24.1299991607666,7.510000228881836,=NA(),=NA(),1.2684271335601807,1.4163999557495117,0.34380000829696655,0.08399999886751175,=NA(),20,1013.25,-21.323013305664062,32.24053955078125,549.9449462890625,506.15997314453125,43.78499984741211,46.693138122558594,3239.050048828125,2990.280029296875,3009.01953125,37.266422271728516,5.04648494720459,4.997853755950928,44.12098693847656,5.335009574890137,0.01769031211733818,0,0.0009268749854527414,0,248.77001953125,-18.739501953125
77,14,0,1,Day,,45.887142181396484,44.112857818603516,310.8245544433594,216.08999633789062,212.96226501464844,4.4934000968933105,0.9855257868766785,24.839990615844727,7.539999961853027,=NA(),=NA(),1.4352645874023438,1.4163999557495117,0.34380000829696655,0.08399999886751175,=NA(),20,1013.25,-37.97269821166992,27.993370056152344,223.07000732421875,191.40499877929688,31.65999984741211,34.112510681152344,1224.820068359375,1178.1300048828125,1181.9981689453125,38.157440185546875,1.9358044862747192,1.8549435138702393,44.035179138183594,2.057753801345825,0.006597937550395727,0,0.0006296249921433628,0,46.6900634765625,-3.8681640625
77,15,0,1,Day,,56.12030029296875,33.87969970703125,296.6522521972656,335.2900085449219,294.37811279296875,73.39099884033203,0.8779805898666382,24.899988174438477,6.800000190734863,=NA(),=NA(),1.7904341220855713,1.4163999557495117,0.34380000829696655,0.08399999886751175,=NA(),20,1013.25,-53.0830078125,21.8643741607666,404.625,353.32000732421875,51.30999755859375,41.579368591308594,2331.14013671875,2188.139892578125,2198.9697265625,37.760963439941406,3.6396090984344482,3.50496244430542,44.18691635131836,3.8544206619262695,0.012424125336110592,0,0.0010662500280886889,0,143.000244140625,-10.829833984375
77,16,0,1,Day,,67.56904602050781,22.43095588684082,285.64202880859375,167.61000061035156,163.41006469726562,11.006999969482422,0.9749422073364258,24.300012588500977,5.210000038146973,=NA(),=NA(),2.607027769088745,1.4163999557495117,0.34380000829696655,0.08399999886751175,=NA(),20,1013.25,-50.11440658569336,21.92293357849121,192.5449981689453,162.30999755859375,30.229999542236328,32.349998474121094,1032.3299560546875,998.8800048828125,999.8600463867188,38.308692932128906,1.630873203277588,1.546223759651184,43.97431945800781,1.7420395612716675,0.0054442500695586205,0,0.0006857499829493463,0,33.449951171875,-0.98004150390625
77,17,0,1,Day,,79.58194732666016,10.418049812316895,276.3179931640625,26.507999420166016,26.470657348632812,0.20649999380111694,0.9985913038253784,23.0100040435791,4.789899826049805,=NA(),=NA(),5.378312587738037,1.4163999557495117,0.34380000829696655,0.08399999886751175,=NA(),20,1013.25,-15.766337394714355,63.919189453125,28.53499984741211,25.770000457763672,2.7649998664855957,24.207483291625977,141.94000244140625,141.3800048828125,142.0551300048828,36.306034088134766,0.24454139173030853,0.24138790369033813,41.72768020629883,0.26572877168655396,0.0008758124895393848,0,0.00005843750113854185,0,0.55999755859375,-0.6751251220703125
77,18,0,1,Night,Sun above horizon but GHI below 1,87.89448547363281,2.1055169105529785,270.2855529785156,0,0,0,0,22.240015029907227,5.199999809265137,=NA(),0,18.89011001586914,1.4163999557495117,0.34380000829696655,0.08399999886751175,=NA(),20,1013.25,0,0,0,0,0,22.240015029907227,0,0,0,0,0,0,0,0,0,0,0,0,0,0
77,19,0,1,Night,,104.19435119628906,-14.194352149963379,258.8110046386719,0,0,0,0,21.659997940063477,5.490099906921387,=NA(),0,64.81599426269531,1.4163999557495117,0.34380000829696655,0.08399999886751175,=NA(),20,1013.25,0,0,0,0,0,21.659997940063477,0,0,0,0,0,0,0,0,0,0,0,0,0,0
77,20,0,1,Night,,115.9693374633789,-25.969341278076172,248.92808532714844,0,0,0,0,21.219995498657227,5.619999885559082,=NA(),0,64.81599426269531,1.4163999557495117,0.34380000829696655,0.08399999886751175,=NA(),20,1013.25,0,0,0,0,0,21.219995498657227,0,0,0,0,0,0,0,0,0,0,0,0,0,0
77,21,0,1,Night,,126.90593719482422,-36.905941009521484,236.8660888671875,0,0,0,0,20.800012588500977,5.749899864196777,=NA(),0,64.81599426269531,1.4163999557495117,0.34380000829696655,0.08399999886751175,=NA(),20,1013.25,0,0,0,0,0,20.800012588500977,0,0,0,0,0,0,0,0,0,0,0,0,0,0
77,22,0,1,Night,,136.2019500732422,-46.20195388793945,221.06288146972656,0,0,0,0,20.4999942779541,5.860000133514404,=NA(),0,64.81599426269531,1.4163999557495117,0.34380000829696655,0.08399999886751175,=NA(),20,1013.25,0,0,0,0,0,20.4999942779541,0,0,0,0,0,0,0,0,0,0,0,0,0,0
77,23,0,1,Night,,142.50653076171875,-52.50652313232422,200.05165100097656,0,0,0,0,19.899988174438477,5.849999904632568,=NA(),0,64.81599426269531,1.4163999557495117,0.34380000829696655,0.08399999886751175,=NA(),20,1013.25,0,0,0,0,0,19.899988174438477,0,0,0,0,0,0,0,0,0,0,0,0,0,0
78,0,0,1,Night,,144.14776611328125,-54.147769927978516,174.9569549560547,0,0,0,0,18.95000648498535,5.630000114440918,=NA(),0,64.81599426269531,1.4163999557495117,0.34380000829696655,0.08399999886751175,=NA(),20,1013.25,0,0,0,0,0,18.95000648498535,0,0,0,0,0,0,0,0,0,0,0,0,0,0
78,1,0,1,Night,,140.5291748046875,-50.529170989990234,151.0032196044922,0,0,0,0,17.100000381469727,5.320099830627441,=NA(),0,64.81599426269531,1.4163999557495117,0.34380000829696655,0.08399999886751175,=NA(),20,1013.25,0,0,0,0,0,17.100000381469727,0,0,0,0,0,0,0,0,0,0,0,0,0,0
78,2,0,1,Night,,132.8689727783203,-42.86896514892578,132.09788513183594,0,0,0,0,18.33001136779785,4.96999979019165,=NA(),0,64.81599426269531,1.4163999557495117,0.34380000829696655,0.08399999886751175,=NA(),20,1013.25,0,0,0,0,0,18.33001136779785,0,0,0,0,0,0,0,0,0,0,0,0,0,0
78,3,0,1,Night,,122.81597900390625,-32.815975189208984,117.9457015991211,0,0,0,0,18.55999183654785,4.450099945068359,=NA(),0,64.81599426269531,1.4163999557495117,0.34380000829696655,0.08399999886751175,=NA(),20,1013.25,0,0,0,0,0,18.55999183654785,0,0,0,0,0,0,0,0,0,0,0,0,0,0
78,4,0,1,Night,,111.48970794677734,-21.489707946777344,106.87749481201172,0,0,0,0,18.459985733032227,4.060100078582764,=NA(),0,64.81599426269531,1.4163999557495117,0.34380000829696655,0.08399999886751175,=NA(),20,1013.25,0,0,0,0,0,18.459985733032227,0,0,0,0,0,0,0,0,0,0,0,0,0,0
78,5,0,1,Night,,99.54164123535156,-9.541644096374512,97.49600219726562,0,0,0,0,17.589990615844727,4.349999904632568,=NA(),0,64.81599426269531,1.4163999557495117,0.34380000829696655,0.08399999886751175,=NA(),20,1013.25,0,0,0,0,0,17.589990615844727,0,0,0,0,0,0,0,0,0,0,0,0,0,0
78,6,0,1,Day,,85.64219665527344,4.357806205749512,87.80876922607422,29.594999313354492,29.503969192504883,1.1979999542236328,0.9969241619110107,16.409997940063477,5.610000133514404,=NA(),=NA(),11.513562202453613,1.4163999557495117,0.34380000829696655,0.08399999886751175,=NA(),20,1013.25,6.2926459312438965,79.35420989990234,33.790000915527344,31.084999084472656,2.700000047683716,17.826257705688477,163.49000549316406,166.91000366210938,167.72775268554688,37.493186950683594,0.27959707379341125,0.2782767117023468,42.902748107910156,0.3022310435771942,0.001006937469355762,0,0.000058999998145736754,0,-3.4199981689453125,-0.8177490234375
78,7,0,1,Day,,74.95741271972656,15.042587280273438,79.94261169433594,193.1999969482422,170.67245483398438,86.79900360107422,0.8833978176116943,19.43999671936035,6.859899997711182,=NA(),=NA(),3.8036062717437744,1.4163999557495117,0.34380000829696655,0.08399999886751175,=NA(),20,1013.25,24.537708282470703,50.87635803222656,294.41998291015625,279.3599853515625,15.059999465942383,31.413110733032227,1696.8699951171875,1648.81005859375,1659.455078125,38.7580680847168,2.6759862899780273,2.641925811767578,44.97596740722656,2.8240325450897217,0.009586312808096409,0,0.0003189374983776361,0,48.0599365234375,-10.64501953125
78,8,0,1,Day,,63.1383056640625,26.861692428588867,70.0618667602539,541.7899780273438,337.3828430175781,452.3900146484375,0.622718870639801,20.839990615844727,7.329899787902832,=NA(),=NA(),2.2056210041046143,1.4163999557495117,0.34380000829696655,0.08399999886751175,=NA(),20,1013.25,60,17.788103103637695,892.094970703125,829.1600341796875,62.93499755859375,57.399986267089844,5421.58984375,4828.81982421875,4859.8349609375,36.02900314331055,8.430682182312012,8.281742095947266,43.718116760253906,8.934306144714355,0.029771124944090843,0,0.0012463125167414546,0,592.77001953125,-31.01513671875
78,9,0,1,Day,,52.11655044555664,37.88344955444336,57.98064422607422,472.19000244140625,334.708740234375,223.88999938964844,0.7088433504104614,22.9999942779541,7.059999942779541,=NA(),=NA(),1.626172423362732,1.4163999557495117,0.34380000829696655,0.08399999886751175,=NA(),20,1013.25,47.46012878417969,24.73809242248535,595.3599853515625,543.0499877929688,52.314998626708984,47.443748474121094,3501.89990234375,3225.18994140625,3245.350830078125,37.2176628112793,5.450093746185303,5.328171730041504,44.168701171875,5.761387825012207,0.019029688090085983,0,0.0010717499535530806,0,276.7099609375,-20.160888671875
78,10,0,1,Day,,42.6998176574707,47.3001823425293,42.03964614868164,417.1000061035156,361.682861328125,75.40599822998047,0.8671370148658752,23.649988174438477,6.659999847412109,=NA(),=NA(),1.3596396446228027,1.4163999557495117,0.34380000829696655,0.08399999886751175,=NA(),20,1013.25,31.713010787963867,30.242111206054688,458.83502197265625,414.82501220703125,44.01499938964844,42.49187469482422,2664.739990234375,2494.659912109375,2509.9130859375,37.69374465942383,4.1617326736450195,4.073946475982666,44.31205749511719,4.4013872146606445,0.014468812383711338,0,0.0009046875056810677,0,170.080078125,-15.253173828125
78,11,0,1,Day,,36.282432556152344,53.717567443847656,20.58823013305664,696.510009765625,346.5697021484375,434.1099853515625,0.497580349445343,25.0200138092041,6.379899978637695,=NA(),=NA(),1.239869236946106,1.4163999557495117,0.34380000829696655,0.08399999886751175,=NA(),20,1013.25,14.474679946899414,33.639869689941406,763.469970703125,710.364990234375,53.11000061035156,56.443748474121094,4567.31982421875,4078.929931640625,4104.42529296875,36.125518798828125,7.100980281829834,7.079982757568359,43.5056266784668,7.519955635070801,0.02499374933540821,0,0.0011448124423623085,0,488.389892578125,-25.495361328125
78,12,0,1,Day,,34.638587951660156,55.361412048339844,354.7381591796875,367.19000244140625,345.8033447265625,25.993999481201172,0.9417558908462524,25.350000381469727,6.04010009765625,=NA(),=NA(),1.2148462533950806,1.4163999557495117,0.34380000829696655,0.08399999886751175,=NA(),20,1013.25,-3.625192403793335,34.47195053100586,400.0299987792969,366.8399963378906,33.18000030517578,41.84123992919922,2289.929931640625,2147.530029296875,2159.8349609375,37.65302658081055,3.5850963592529297,3.577406406402588,44.1204833984375,3.7924673557281494,0.012529624626040459,0,0.0007285624742507935,0,142.39990234375,-12.304931640625
78,13,0,1,Day,,38.399593353271484,51.600406646728516,330.18902587890625,658.2000122070312,357.0249328613281,384.29998779296875,0.5424262285232544,26.67998695373535,5.7399001121521,=NA(),=NA(),1.2752363681793213,1.4163999557495117,0.34380000829696655,0.08399999886751175,=NA(),20,1013.25,-21.505569458007812,32.61195755004883,733.364990234375,682.4000244140625,50.970001220703125,56.860008239746094,4392.41015625,3916.050048828125,3940.58740234375,36.05509948730469,6.830855369567871,6.791652202606201,43.375343322753906,7.235382556915283,0.02404981292784214,0,0.0010943750385195017,0,476.360107421875,-24.537353515625
78,14,0,1,Day,,46.24294662475586,43.75705337524414,311.0846252441406,510.6000061035156,362.52801513671875,214.10000610351562,0.7100039124488831,26.990015029907227,5.539999961853027,=NA(),=NA(),1.4445135593414307,1.4163999557495117,0.34380000829696655,0.08399999886751175,=NA(),20,1013.25,-38.208858489990234,28.337356567382812,599.2850341796875,549.7900390625,49.494998931884766,51.656883239746094,3536.550048828125,3208.969970703125,3229.466552734375,36.64617919921875,5.507948875427246,5.4065937995910645,43.6360969543457,5.8350138664245605,0.019275812432169914,0,0.001021374948322773,0,327.580078125,-20.49658203125
78,15,0,1,Day,,56.44342041015625,33.55657958984375,296.9399108886719,533.9000244140625,310.0321350097656,405,0.580693244934082,27.100000381469727,5.240099906921387,=NA(),=NA(),1.8055418729782104,1.4163999557495117,0.34380000829696655,0.08399999886751175,=NA(),20,1013.25,-53.34893798828125,22.181983947753906,761.7899780273438,709.7850341796875,52.00499725341797,58.412498474121094,4608.91015625,4086.909912109375,4112.83349609375,35.86199188232422,7.167998790740967,7.0589213371276855,43.267677307128906,7.5982866287231445,0.025263812392950058,0,0.001111250021494925,0,522.000244140625,-25.923583984375
78,16,0,1,Day,,67.86964416503906,22.130359649658203,285.9302062988281,177.61000061035156,171.73060607910156,15.607000350952148,0.966897189617157,25.399988174438477,5.019899845123291,=NA(),=NA(),2.640181303024292,1.4163999557495117,0.34380000829696655,0.08399999886751175,=NA(),20,1013.25,-48.33866882324219,23.66842269897461,209.72500610351562,179.510009765625,30.220001220703125,34.157493591308594,1132.3800048828125,1088.8499755859375,1091.2523193359375,38.11552429199219,1.789068579673767,1.7029114961624146,43.8900032043457,1.9068169593811035,0.006004250142723322,0,0.0006966874934732914,0,43.530029296875,-2.40234375
78,17,0,1,Day,,79.86921691894531,10.130781173706055,276.6018371582031,90.30799865722656,88.33621215820312,11.210000038146973,0.9781659841537476,23.529993057250977,5.499899864196777,=NA(),=NA(),5.520292282104492,1.4163999557495117,0.34380000829696655,0.08399999886751175,=NA(),20,1013.25,-15.296555519104004,64.6818618774414,113.6300048828125,105.50999450683594,8.114999771118164,28.221887588500977,613.6500244140625,602.2899780273438,605.6172485351562,37.925537109375,0.9980329871177673,0.9888569712638855,43.64577865600586,1.0596439838409424,0.0035496249329298735,0,0.00017281250620726496,0,11.36004638671875,-3.3272705078125
78,18,0,1,Night,Sun above horizon but GHI below 1,88.02437591552734,1.9756207466125488,270.6704406738281,0,0,0,0,21.800012588500977,6.260000228881836,=NA(),0,19.568525314331055,1.4163999557495117,0.34380000829696655,0.08399999886751175,=NA(),20,1013.25,0,0,0,0,0,21.800012588500977,0,0,0,0,0,0,0,0,0,0,0,0,0,0
78,19,0,1,Night,,104.48751068115234,-14.487512588500977,259.09417724609375,0,0,0,0,20.969995498657227,6,=NA(),0,64.81599426269531,1.4163999557495117,0.34380000829696655,0.08399999886751175,=NA(),20,1013.25,0,0,0,0,0,20.969995498657227,0,0,0,0,0,0,0,0,0,0,0,0,0,0
78,20,0,1,Night,,116.27976989746094,-26.279773712158203,249.21249389648438,0,0,0,0,19.7600040435791,5.349899768829346,=NA(),0,64.81599426269531,1.4163999557495117,0.34380000829696655,0.08399999886751175,=NA(),20,1013.25,0,0,0,0,0,19.7600040435791,0,0,0,0,0,0,0,0,0,0,0,0,0,0
78,21,0,1,Night,,127.24346160888672,-37.243465423583984,237.13987731933594,0,0,0,0,19.5200138092041,4.7600998878479,=NA(),0,64.81599426269531,1.4163999557495117,0.34380000829696655,0.08399999886751175,=NA(),20,1013.25,0,0,0,0,0,19.5200138092041,0,0,0,0,0,0,0,0,0,0,0,0,0,0
78,22,0,1,Night,,136.57440185546875,-46.574398040771484,221.2826690673828,0,0,0,0,18.18999671936035,4.389900207519531,=NA(),0,64.81599426269531,1.4163999557495117,0.34380000829696655,0.08399999886751175,=NA(),20,1013.25,0,0,0,0,0,18.18999671936035,0,0,0,0,0,0,0,0,0,0,0,0,0,0
78,23,0,1,Night,,142.90655517578125,-52.90654754638672,200.11941528320312,0,0,0,0,18.219995498657227,4.260000228881836,=NA(),0,64.81599426269531,1.4163999557495117,0.34380000829696655,0.08399999886751175,=NA(),20,1013.25,0,0,0,0,0,18.219995498657227,0,0,0,0,0,0,0,0,0,0,0,0,0,0
79,0,0,1,Night,,144.53677368164062,-54.53677749633789,174.78224182128906,0,0,0,0,17.42998695373535,4.110000133514404,=NA(),0,64.81599426269531,1.4163999557495117,0.34380000829696655,0.08399999886751175,=NA(),20,1013.25,0,0,0,0,0,17.42998695373535,0,0,0,0,0,0,0,0,0,0,0,0,0,0
79,1,0,1,Night,,140.86257934570312,-50.862586975097656,150.6482696533203,0,0,0,0,15.100000381469727,3.869999885559082,=NA(),0,64.81599426269531,1.4163999557495117,0.34380000829696655,0.08399999886751175,=NA(),20,1013.25,0,0,0,0,0,15.100000381469727,0,0,0,0,0,0,0,0,0,0,0,0,0,0
79,2,0,1,Night,,133.1381072998047,-43.13810348510742,131.68907165527344,0,0,0,0,13.260004043579102,3.549999952316284,=NA(),0,64.81599426269531,1.4163999557495117,0.34380000829696655,0.08399999886751175,=NA(),20,1013.25,0,0,0,0,0,13.260004043579102,0,0,0,0,0,0,0,0,0,0,0,0,0,0
79,3,0,1,Night,,123.03587341308594,-33.03587341308594,117.5443115234375,0,0,0,0,12.209985733032227,3.3598999977111816,=NA(),0,64.81599426269531,1.4163999557495117,0.34380000829696655,0.08399999886751175,=NA(),20,1013.25,0,0,0,0,0,12.209985733032227,0,0,0,0,0,0,0,0,0,0,0,0,0,0
79,4,0,1,Night,,111.67823791503906,-21.678237915039062,106.49520111083984,0,0,0,0,11.939996719360352,3.4398999214172363,=NA(),0,64.81599426269531,1.4163999557495117,0.34380000829696655,0.08399999886751175,=NA(),20,1013.25,0,0,0,0,0,11.939996719360352,0,0,0,0,0,0,0,0,0,0,0,0,0,0
79,5,0,1,Night,,99.71346282958984,-9.71346664428711,97.12699127197266,0,0,0,0,13.760004043579102,3.839900016784668,=NA(),0,64.81599426269531,1.4163999557495117,0.34380000829696655,0.08399999886751175,=NA(),20,1013.25,0,0,0,0,0,13.760004043579102,0,0,0,0,0,0,0,0,0,0,0,0,0,0
79,6,0,1,Day,,85.7242202758789,4.27578067779541,87.3843765258789,49.597999572753906,48.43490982055664,15.600000381469727,0.9765496850013733,14.580011367797852,4.850100040435791,=NA(),=NA(),11.686556816101074,1.4163999557495117,0.34380000829696655,0.08399999886751175,=NA(),20,1013.25,6.174252033233643,79.55648040771484,64.625,60.849998474121094,3.7750000953674316,17.325647354125977,288.6000061035156,294.8800048828125,296.6317138671875,38.40313720703125,0.4827595055103302,0.481166809797287,43.91509246826172,0.5155060887336731,0.0017362500075250864,0,0.00008299999899463728,0,-6.279998779296875,-1.751708984375
79,7,0,1,Day,,75.1313705444336,14.86862850189209,79.5679931640625,83.70600128173828,83.19110107421875,2.0065999031066895,0.9938486814498901,16.68999671936035,6.429999828338623,=NA(),=NA(),3.8458192348480225,1.4163999557495117,0.34380000829696655,0.08399999886751175,=NA(),20,1013.25,24.21223258972168,51.40110778808594,94.18499755859375,84.83499908447266,9.350000381469727,20.568750381469727,503.94000244140625,508.4800109863281,511.1873779296875,38.77660369873047,0.8239033818244934,0.804002583026886,44.38278579711914,0.8750095367431641,0.00289124995470047,0,0.00019356250413693488,0,-4.540008544921875,-2.707366943359375
79,8,0,1,Day,,63.33443069458008,26.665571212768555,69.66899108886719,201.7899932861328,195.0169677734375,15.092000007629395,0.9664352536201477,18.990015029907227,7.249899864196777,=NA(),=NA(),2.220505714416504,1.4163999557495117,0.34380000829696655,0.08399999886751175,=NA(),20,1013.25,60,18.177820205688477,223.52000427246094,178.66000366210938,44.86000061035156,28.2962589263916,1216.72998046875,1194.43994140625,1192.6829833984375,39.1954460144043,1.9013406038284302,1.7909232378005981,44.812660217285156,2.0322883129119873,0.006288312375545502,0,0.0008930000476539135,0,22.2900390625,1.7569580078125
79,9,0,1,Day,,52.350685119628906,37.649314880371094,57.567359924316406,379.7900085449219,321.768798828125,94.98799896240234,0.8472281694412231,20.92998695373535,7.4899001121521,=NA(),=NA(),1.6347335577011108,1.4163999557495117,0.34380000829696655,0.08399999886751175,=NA(),20,1013.25,47.57124328613281,25.127195358276367,447.625,396.17498779296875,51.45000076293945,39.33873748779297,2574.050048828125,2435.969970703125,2448.90771484375,38.135223388671875,4.013585090637207,3.8827171325683594,44.66477966308594,4.241247653961182,0.013819312676787376,0,0.0010428749956190586,0,138.080078125,-12.937744140625
79,10,0,1,Day,,42.9908447265625,47.0091552734375,41.631797790527344,508.6000061035156,376.3515625,180.8000030517578,0.7399755120277405,22.990015029907227,7.569900035858154,=NA(),=NA(),1.366040825843811,1.4163999557495117,0.34380000829696655,0.08399999886751175,=NA(),20,1013.25,31.77033233642578,30.641077041625977,576,529.0599975585938,46.94499969482422,46.589378356933594,3404.52001953125,3144.669921875,3165.28515625,37.30580520629883,5.302999019622803,5.222304821014404,44.2277946472168,5.608858585357666,0.018573187291622162,0,0.000977999996393919,0,259.85009765625,-20.615234375
79,11,0,1,Day,,36.64023208618164,53.35976791381836,20.279733657836914,353.69000244140625,334.51507568359375,23.89699935913086,0.9457860589027405,24.8900089263916,7.670000076293945,=NA(),=NA(),1.2455896139144897,1.4163999557495117,0.34380000829696655,0.08399999886751175,=NA(),20,1013.25,14.45547103881836,34.041587829589844,382.70501708984375,348.5299987792969,34.17500305175781,40.64812469482422,2188.169921875,2060.3798828125,2072.340576171875,37.76968002319336,3.4292452335357666,3.398604154586792,44.196380615234375,3.626621961593628,0.011962374672293663,0,0.0007210000185295939,0,127.7900390625,-11.960693359375
79,12,0,1,Day,,35.0382080078125,54.9617919921875,354.66229248046875,228.91000366210938,225.4683837890625,4.203400135040283,0.9849652051925659,23.589990615844727,7.569900035858154,=NA(),=NA(),1.220744252204895,1.4163999557495117,0.34380000829696655,0.08399999886751175,=NA(),20,1013.25,-3.7321066856384277,34.86417770385742,249.8249969482422,228.58999633789062,21.239999771118164,33.88561248779297,1402.219970703125,1350.3299560546875,1357.44580078125,38.240089416503906,2.2186245918273926,2.2119507789611816,44.30706024169922,2.34714412689209,0.0077696251682937145,0,0.00046581251081079245,0,51.8900146484375,-7.1158447265625
79,13,0,1,Day,,38.7905158996582,51.2094841003418,330.3387451171875,361.19000244140625,338.04449462890625,29.69499969482422,0.9359187483787537,24.57000160217285,7.169899940490723,=NA(),=NA(),1.282181739807129,1.4163999557495117,0.34380000829696655,0.08399999886751175,=NA(),20,1013.25,-21.69028091430664,32.9826774597168,390.89501953125,355.45001220703125,35.44499969482422,40.623741149902344,2252.39990234375,2121.25,2134.043701171875,37.7913932800293,3.529327392578125,3.4790804386138916,44.252105712890625,3.7313194274902344,0.01230631209909916,0,0.0007395624998025596,0,131.14990234375,-12.793701171875
79,14,0,1,Day,,46.599430084228516,43.400569915771484,311.3407897949219,138.60000610351562,137.36260986328125,1.8008999824523926,0.9910721778869629,25.050012588500977,6.730000019073486,=NA(),=NA(),1.4539566040039062,1.4163999557495117,0.34380000829696655,0.08399999886751175,=NA(),20,1013.25,-38.44699478149414,28.680463790893555,140.6649932861328,119.33999633789062,21.31999969482422,30.925622940063477,752.8200073242188,731.77001953125,733.350830078125,38.0123405456543,1.2055128812789917,1.1507668495178223,43.62058639526367,1.2871955633163452,0.004102437756955624,0,0.00042406251304782927,0,21.04998779296875,-1.580810546875
79,15,0,1,Day,,56.767215728759766,33.232784271240234,297.2247619628906,194.6999969482422,191.5764923095703,5.699399948120117,0.9839573502540588,24.4999942779541,6.200099945068359,=NA(),=NA(),1.8209965229034424,1.4163999557495117,0.34380000829696655,0.08399999886751175,=NA(),20,1013.25,-53.61626052856445,22.498628616333008,199.82501220703125,160.5,39.31999969482422,32.878746032714844,1073.260009765625,1036.5400390625,1034.696533203125,38.37080001831055,1.6849156618118286,1.578628659248352,43.96859359741211,1.803684949874878,0.005552874878048897,0,0.0008107500034384429,0,36.719970703125,1.843505859375
79,16,0,1,Day,,68.1704330444336,21.82956886291504,286.21661376953125,41.10100173950195,40.99037551879883,0.29750001430511475,0.9973084330558777,20.8799991607666,4.789899826049805,=NA(),=NA(),2.6742773056030273,1.4163999557495117,0.34380000829696655,0.08399999886751175,=NA(),20,1013.25,-46.7541389465332,25.304588317871094,40.34000015258789,32.48500061035156,7.855000019073486,22.600610733032227,193.10000610351562,193.5399932861328,192.6973876953125,37.35447311401367,0.32228943705558777,0.2996888756752014,42.476951599121094,0.3536849021911621,0.0010632500052452087,0,0.0001824375067371875,0,-0.4399871826171875,0.8426055908203125
79,17,0,1,Day,,80.15544891357422,9.844552040100098,276.8846740722656,5.000899791717529,5.000899791717529,0,1,18.600000381469727,3.930000066757202,=NA(),=NA(),5.669323921203613,1.4163999557495117,0.34380000829696655,0.08399999886751175,=NA(),20,1013.25,-14.832379341125488,65.43768310546875,5.385000228881836,4.869999885559082,0.5199999809265137,18.834985733032227,21.920000076293945,22.25,22.371253967285156,33.954559326171875,0.04117818921804428,0.04061118885874748,39.39438247680664,0.05007219314575195,0.0001660000125411898,0,0.000011000000085914508,0,-0.3299999237060547,-0.12125396728515625
79,18,0,1,Night,Sun above horizon but GHI below 1,88.15682983398438,1.8431696891784668,271.0499572753906,0,0,0,0,17.860010147094727,3.7799999713897705,=NA(),0,20.304548263549805,1.4163999557495117,0.34380000829696655,0.08399999886751175,=NA(),20,1013.25,0,0,0,0,0,17.860010147094727,0,0,0,0,0,0,0,0,0,0,0,0,0,0
79,19,0,1,Night,,104.78140258789062,-14.781401634216309,259.3775329589844,0,0,0,0,17.32000160217285,3.859999895095825,=NA(),0,64.81599426269531,1.4163999557495117,0.34380000829696655,0.08399999886751175,=NA(),20,1013.25,0,0,0,0,0,17.32000160217285,0,0,0,0,0,0,0,0,0,0,0,0,0,0
79,20,0,1,Night,,116.59019470214844,-26.590194702148438,249.49778747558594,0,0,0,0,17.110010147094727,4.479899883270264,=NA(),0,64.81599426269531,1.4163999557495117,0.34380000829696655,0.08399999886751175,=NA(),20,1013.25,0,0,0,0,0,17.110010147094727,0,0,0,0,0,0,0,0,0,0,0,0,0,0
79,21,0,1,Night,,127.58077239990234,-37.58077621459961,237.4154052734375,0,0,0,0,17.20000648498535,5.210000038146973,=NA(),0,64.81599426269531,1.4163999557495117,0.34380000829696655,0.08399999886751175,=NA(),20,1013.25,0,0,0,0,0,17.20000648498535,0,0,0,0,0,0,0,0,0,0,0,0,0,0
79,22,0,1,Night,,136.9465789794922,-46.946571350097656,221.50457763671875,0,0,0,0,17.32000160217285,5.9899001121521,=NA(),0,64.81599426269531,1.4163999557495117,0.34380000829696655,0.08399999886751175,=NA(),20,1013.25,0,0,0,0,0,17.32000160217285,0,0,0,0,0,0,0,0,0,0,0,0,0,0
79,23,0,1,Night,,143.3064727783203,-53.30646514892578,200.1873321533203,0,0,0,0,18.300012588500977,6.389900207519531,=NA(),0,64.81599426269531,1.4163999557495117,0.34380000829696655,0.08399999886751175,=NA(),20,1013.25,0,0,0,0,0,18.300012588500977,0,0,0,0,0,0,0,0,0,0,0,0,0,0
80,0,0,1,Night,,144.9251708984375,-54.925174713134766,174.60308837890625,0,0,0,0,18.9999942779541,6.71999979019165,=NA(),0,64.81599426269531,1.4163999557495117,0.34380000829696655,0.08399999886751175,=NA(),20,1013.25,0,0,0,0,0,18.9999942779541,0,0,0,0,0,0,0,0,0,0,0,0,0,0
80,1,0,1,Night,,141.19418334960938,-51.19418716430664,150.28738403320312,0,0,0,0,19.300012588500977,6.840099811553955,=NA(),0,64.81599426269531,1.4163999557495117,0.34380000829696655,0.08399999886751175,=NA(),20,1013.25,0,0,0,0,0,19.300012588500977,0,0,0,0,0,0,0,0,0,0,0,0,0,0
80,2,0,1,Night,,133.40455627441406,-43.40454864501953,131.27613830566406,0,0,0,0,19.4999942779541,7.259900093078613,=NA(),0,64.81599426269531,1.4163999557495117,0.34380000829696655,0.08399999886751175,=NA(),20,1013.25,0,0,0,0,0,19.4999942779541,0,0,0,0,0,0,0,0,0,0,0,0,0,0
80,3,0,1,Night,,123.25274658203125,-33.252750396728516,117.14054107666016,0,0,0,0,18.95000648498535,7.78000020980835,=NA(),0,64.81599426269531,1.4163999557495117,0.34380000829696655,0.08399999886751175,=NA(),20,1013.25,0,0,0,0,0,18.95000648498535,0,0,0,0,0,0,0,0,0,0,0,0,0,0
80,4,0,1,Night,,111.86334228515625,-21.863340377807617,106.11164093017578,0,0,0,0,19.2600040435791,8.579999923706055,=NA(),0,64.81599426269531,1.4163999557495117,0.34380000829696655,0.08399999886751175,=NA(),20,1013.25,0,0,0,0,0,19.2600040435791,0,0,0,0,0,0,0,0,0,0,0,0,0,0
80,5,0,1,Night,,99.8816146850586,-9.881616592407227,96.75738525390625,0,0,0,0,19.5200138092041,9.470100402832031,=NA(),0,64.81599426269531,1.4163999557495117,0.34380000829696655,0.08399999886751175,=NA(),20,1013.25,0,0,0,0,0,19.5200138092041,0,0,0,0,0,0,0,0,0,0,0,0,0,0
80,6,0,1,Day,,85.8058090209961,4.194192409515381,86.95748901367188,2.5004000663757324,2.5004000663757324,0,1,17.959985733032227,10.569999694824219,=NA(),=NA(),11.863470077514648,1.4163999557495117,0.34380000829696655,0.08399999886751175,=NA(),20,1013.25,6.056881904602051,79.75756072998047,2.7300000190734863,2.490000009536743,0.23499999940395355,18.08001136779785,9.199999809265137,9.34000015258789,9.37180233001709,32.25701141357422,0.018158426508307457,0.01805778592824936,38.01681900024414,0.0253455713391304,0.00008399999933317304,0,0.000004999999873689376,0,-0.1400003433227539,-0.03180217742919922
80,7,0,1,Day,,75.30609893798828,14.693902015686035,79.1937484741211,36.00199890136719,35.92559814453125,0.3012000024318695,0.9978778958320618,17.839990615844727,11.770000457763672,=NA(),=NA(),3.889193296432495,1.4163999557495117,0.34380000829696655,0.08399999886751175,=NA(),20,1013.25,23.8886775970459,51.92477798461914,37.959999084472656,33.73999786376953,4.21999979019165,19.422510147094727,191.3699951171875,194.16000366210938,195.1073455810547,37.50383758544922,0.3251284956932068,0.3163255751132965,42.93035888671875,0.3503459692001343,0.0011477500665932894,0,0.00008718750177649781,0,-2.790008544921875,-0.9473419189453125
80,8,0,1,Day,,63.531219482421875,26.468778610229492,69.2771987915039,199.6999969482422,193.10125732421875,14.805000305175781,0.9669567346572876,18.980005264282227,12.720000267028809,=NA(),=NA(),2.2356698513031006,1.4163999557495117,0.34380000829696655,0.08399999886751175,=NA(),20,1013.25,60,18.568161010742188,221.17498779296875,176.72000122070312,44.45500183105469,28.18999671936035,1203.0799560546875,1181.43994140625,1179.6053466796875,39.20286178588867,1.8801329135894775,1.7709192037582397,44.80762481689453,2.0105690956115723,0.006218125112354755,0,0.0008856249623931944,0,21.6400146484375,1.8345947265625
80,9,0,1,Day,,52.58586502075195,37.41413497924805,57.15629577636719,356.70001220703125,312.10302734375,73.4020004272461,0.8749734163284302,21.55999183654785,13.260000228881836,=NA(),=NA(),1.6434515714645386,1.4163999557495117,0.34380000829696655,0.08399999886751175,=NA(),20,1013.25,47.68253707885742,25.51636505126953,415.385009765625,365.4100036621094,49.974998474121094,38.667503356933594,2376.75,2253.929931640625,2264.947509765625,38.177005767822266,3.707975149154663,3.579948902130127,44.60860061645508,3.9203710556030273,0.012736749835312366,0,0.0010117499623447657,0,122.820068359375,-11.017578125
80,10,0,1,Day,,43.2828254699707,46.7171745300293,41.22779846191406,510.1099853515625,374.77880859375,185.89999389648438,0.7347019910812378,22.980005264282227,13.079999923706055,=NA(),=NA(),1.3725593090057373,1.4163999557495117,0.34380000829696655,0.08399999886751175,=NA(),20,1013.25,31.827402114868164,31.04001808166504,578.135009765625,531.14501953125,46.98500061035156,46.66936492919922,3417.18994140625,3155.52001953125,3176.08935546875,37.29825973510742,5.322176456451416,5.241235733032227,44.224300384521484,5.628722190856934,0.018643749877810478,0,0.0009788124589249492,0,261.669921875,-20.5693359375
80,11,0,1,Day,,36.99834060668945,53.00165939331055,19.975509643554688,399.989990234375,363.899658203125,45.18899917602539,0.9097719192504883,22.459985733032227,12.899999618530273,=NA(),=NA(),1.2514169216156006,1.4163999557495117,0.34380000829696655,0.08399999886751175,=NA(),20,1013.25,14.435259819030762,34.443084716796875,434.2349853515625,397.6600036621094,36.57500076293945,40.279380798339844,2511.93994140625,2369.419921875,2383.53662109375,37.94734573364258,3.9257373809814453,3.8946151733398438,44.49684143066406,4.149081707000732,0.013735874556005001,0,0.0007753749960102141,0,142.52001953125,-14.11669921875
80,12,0,1,Day,,35.43759536743164,54.56240463256836,354.5868835449219,77.2979965209961,76.88907623291016,0.5019000172615051,0.994709849357605,19.1400089263916,12.65999984741211,=NA(),=NA(),1.2267558574676514,1.4163999557495117,0.34380000829696655,0.08399999886751175,=NA(),20,1013.25,-3.8407511711120605,35.25596618652344,84.48500061035156,77.16000366210938,7.319999694824219,22.6356143951416,450.5400085449219,451.239990234375,453.349609375,38.34519958496094,0.7389287948608398,0.7364906668663025,43.90380096435547,0.7868877053260803,0.0026121875271201134,0,0.00016062500071711838,0,-0.699981689453125,-2.109619140625
80,13,0,1,Day,,39.18149185180664,50.81850814819336,330.48492431640625,292.1000061035156,283.8803405761719,10.604000091552734,0.9718601107597351,18.7600040435791,12.140000343322754,=NA(),=NA(),1.2892643213272095,1.4163999557495117,0.34380000829696655,0.08399999886751175,=NA(),20,1013.25,-21.87706756591797,33.3526496887207,312.19500732421875,281.02001953125,31.174999237060547,31.558130264282227,1766.6700439453125,1715.8399658203125,1725.325439453125,38.82419967651367,2.7774593830108643,2.7279224395751953,45.027122497558594,2.933020830154419,0.009656687267124653,0,0.0006444375030696392,0,50.830078125,-9.4854736328125
80,14,0,1,Day,,46.956390380859375,43.043609619140625,311.5931396484375,106.20999908447266,105.45318603515625,1.1088000535964966,0.9928743839263916,18.7600040435791,11.640000343322754,=NA(),=NA(),1.4635937213897705,1.4163999557495117,0.34380000829696655,0.08399999886751175,=NA(),20,1013.25,-38.68697738647461,29.02259635925293,106.96499633789062,90.2750015258789,16.689998626708984,23.221887588500977,563.4400024414062,563.0599975585938,563.5979614257812,38.767417907714844,0.9083855748176575,0.8657974600791931,44.19648742675781,0.9725961089134216,0.0030992499087005854,0,0.00033181250910274684,0,0.3800048828125,-0.5379638671875
80,15,0,1,Day,,57.09166717529297,32.90833282470703,297.5068054199219,101.5999984741211,100.89289855957031,1.3014999628067017,0.9930403828620911,19.100000381469727,10.9399995803833,=NA(),=NA(),1.8368083238601685,1.4163999557495117,0.34380000829696655,0.08399999886751175,=NA(),20,1013.25,-53.88499450683594,22.814281463623047,98.06500244140625,75.86000061035156,22.204999923706055,23.243127822875977,499.94000244140625,499.5899963378906,496.365966796875,38.812339782714844,0.7989731431007385,0.7373770475387573,43.98747634887695,0.8647933602333069,0.00260449992492795,0,0.00045718750334344804,0,0.350006103515625,3.224029541015625
80,16,0,1,Day,,68.47245788574219,21.527544021606445,286.5011901855469,110.51000213623047,109.7002182006836,2.2067999839782715,0.992672324180603,19.800012588500977,9.870100021362305,=NA(),=NA(),2.7094790935516357,1.4163999557495117,0.34380000829696655,0.08399999886751175,=NA(),20,1013.25,-45.30739212036133,26.856725692749023,116.98500061035156,97.55999755859375,19.419998168945312,24.712488174438477,603.6099853515625,599.9500122070312,599.1887817382812,38.74939727783203,0.9661414623260498,0.9118180274963379,44.10405349731445,1.0388681888580322,0.0032059999648481607,0,0.00045868748566135764,0,3.65997314453125,0.76123046875
80,17,0,1,Day,,80.44396209716797,9.556035041809082,277.1664733886719,8.692899703979492,8.692899703979492,0,1,19.899988174438477,8.819999694824219,=NA(),=NA(),5.827807426452637,1.4163999557495117,0.34380000829696655,0.08399999886751175,=NA(),20,1013.25,-14.368091583251953,66.19564056396484,9.370000839233398,8.475000381469727,0.8899999856948853,20.302515029907227,41.81999969482422,42.31999969482422,42.47080993652344,34.90475845336914,0.07604706287384033,0.07503621280193329,40.25739669799805,0.08728177100419998,0.0002887499867938459,0,0.00001849999898695387,0,-0.5,-0.15081024169921875
80,18,0,1,Night,Sun above horizon but GHI below 1,88.2854232788086,1.714575171470642,271.43609619140625,0,0,0,0,19.58001136779785,8.489999771118164,=NA(),0,21.065345764160156,1.4163999557495117,0.34380000829696655,0.08399999886751175,=NA(),20,1013.25,0,0,0,0,0,19.58001136779785,0,0,0,0,0,0,0,0,0,0,0,0,0,0
80,19,0,1,Night,,105.07417297363281,-15.074172973632812,259.6611022949219,0,0,0,0,19.300012588500977,8.350099563598633,=NA(),0,64.81599426269531,1.4163999557495117,0.34380000829696655,0.08399999886751175,=NA(),20,1013.25,0,0,0,0,0,19.300012588500977,0,0,0,0,0,0,0,0,0,0,0,0,0,0
80,20,0,1,Night,,116.89981079101562,-26.899810791015625,249.78407287597656,0,0,0,0,19.20000648498535,8.149999618530273,=NA(),0,64.81599426269531,1.4163999557495117,0.34380000829696655,0.08399999886751175,=NA(),20,1013.25,0,0,0,0,0,19.20000648498535,0,0,0,0,0,0,0,0,0,0,0,0,0,0
80,21,0,1,Night,,127.9173583984375,-37.917354583740234,237.69265747070312,0,0,0,0,18.9999942779541,7.849999904632568,=NA(),0,64.81599426269531,1.4163999557495117,0.34380000829696655,0.08399999886751175,=NA(),20,1013.25,0,0,0,0,0,18.9999942779541,0,0,0,0,0,0,0,0,0,0,0,0,0,0
80,22,0,1,Night,,137.3182830810547,-47.31829071044922,221.72865295410156,0,0,0,0,18.800012588500977,7.679999828338623,=NA(),0,64.81599426269531,1.4163999557495117,0.34380000829696655,0.08399999886751175,=NA(),20,1013.25,0,0,0,0,0,18.800012588500977,0,0,0,0,0,0,0,0,0,0,0,0,0,0
80,23,0,1,Night,,143.7062530517578,-53.70624923706055,200.25547790527344,0,0,0,0,18.4999942779541,7.710100173950195,=NA(),0,64.81599426269531,1.4163999557495117,0.34380000829696655,0.08399999886751175,=NA(),20,1013.25,0,0,0,0,0,18.4999942779541,0,0,0,0,0,0,0,0,0,0,0,0,0,0
81,0,0,1,Night,,145.31307983398438,-55.31307601928711,174.41949462890625,0,0,0,0,18.5200138092041,7.630099773406982,=NA(),0,64.81599426269531,1.4163999557495117,0.34380000829696655,0.08399999886751175,=NA(),20,1013.25,0,0,0,0,0,18.5200138092041,0,0,0,0,0,0,0,0,0,0,0,0,0,0
81,1,0,1,Night,,141.52439880371094,-51.52440643310547,149.92063903808594,0,0,0,0,18.839990615844727,7.429999828338623,=NA(),0,64.81599426269531,1.4163999557495117,0.34380000829696655,0.08399999886751175,=NA(),20,1013.25,0,0,0,0,0,18.839990615844727,0,0,0,0,0,0,0,0,0,0,0,0,0,0
81,2,0,1,Night,,133.6693572998047,-43.66935348510742,130.85919189453125,0,0,0,0,18.899988174438477,7.139999866485596,=NA(),0,64.81599426269531,1.4163999557495117,0.34380000829696655,0.08399999886751175,=NA(),20,1013.25,0,0,0,0,0,18.899988174438477,0,0,0,0,0,0,0,0,0,0,0,0,0,0
81,3,0,1,Night,,123.46833038330078,-33.46833419799805,116.73458099365234,0,0,0,0,18.800012588500977,6.880000114440918,=NA(),0,64.81599426269531,1.4163999557495117,0.34380000829696655,0.08399999886751175,=NA(),20,1013.25,0,0,0,0,0,18.800012588500977,0,0,0,0,0,0,0,0,0,0,0,0,0,0
81,4,0,1,Night,,112.04822540283203,-22.048227310180664,105.72697448730469,0,0,0,0,17.420007705688477,6.750100135803223,=NA(),0,64.81599426269531,1.4163999557495117,0.34380000829696655,0.08399999886751175,=NA(),20,1013.25,0,0,0,0,0,17.420007705688477,0,0,0,0,0,0,0,0,0,0,0,0,0,0
81,5,0,1,Night,,100.05104064941406,-10.051039695739746,96.38732147216797,0,0,0,0,16.7700138092041,6.900000095367432,=NA(),0,64.81599426269531,1.4163999557495117,0.34380000829696655,0.08399999886751175,=NA(),20,1013.25,0,0,0,0,0,16.7700138092041,0,0,0,0,0,0,0,0,0,0,0,0,0,0
81,6,0,1,Day,,85.88400268554688,4.115994453430176,86.53059387207031,5.391499996185303,5.391499996185303,0,1,16.70000648498535,7.269999980926514,=NA(),=NA(),12.037729263305664,1.4163999557495117,0.34380000829696655,0.08399999886751175,=NA(),20,1013.25,5.944839000701904,79.95018005371094,5.885000228881836,5.364999771118164,0.5199999809265137,16.95000648498535,24.360000610351562,24.93000030517578,25.068119049072266,34.429161071777344,0.04550665244460106,0.045306216925382614,39.86717987060547,0.054629549384117126,0.00018149999959859997,0,0.000011500000255182385,0,-0.5699996948242188,-0.13811874389648438
81,7,0,1,Day,,75.48039245605469,14.519607543945312,78.82003021240234,17.405000686645508,17.379051208496094,0.10350000113248825,0.9985090494155884,16.9999942779541,7.679999828338623,=NA(),=NA(),3.933464765548706,1.4163999557495117,0.34380000829696655,0.08399999886751175,=NA(),20,1013.25,23.56937599182129,52.4438362121582,18.354999542236328,16.325000762939453,2.0299999713897705,17.769983291625977,87.41999816894531,89.31999969482422,89.77864074707031,36.50396728515625,0.15370574593544006,0.14952825009822845,41.87263107299805,0.1692645102739334,0.0005551875219680369,0,0.000041875002352753654,0,-1.9000015258789062,-0.45864105224609375
81,8,0,1,Day,,63.728275299072266,26.271724700927734,68.88662719726562,67.70700073242188,67.39335632324219,0.7085999846458435,0.9953676462173462,17.209985733032227,8.180000305175781,=NA(),=NA(),2.2510883808135986,1.4163999557495117,0.34380000829696655,0.08399999886751175,=NA(),20,1013.25,60,18.958852767944336,64.00499725341797,46.80999755859375,17.19499969482422,19.93438148498535,313.66998291015625,317.4100036621094,313.5496520996094,38.67715072631836,0.5064795613288879,0.46116629242897034,43.67241668701172,0.5555174946784973,0.0016236875671893358,0,0.0003434999962337315,0,-3.740020751953125,3.8603515625
81,9,0,1,Day,,52.821533203125,37.178466796875,56.74759292602539,84.40899658203125,83.92120361328125,0.807200014591217,0.9942210912704468,17.540002822875977,8.710000038146973,=NA(),=NA(),1.6523090600967407,1.4163999557495117,0.34380000829696655,0.08399999886751175,=NA(),20,1013.25,47.79352951049805,25.905269622802734,82.50499725341797,66.0250015258789,16.479999542236328,21.018762588500977,419.7200012207031,422.8699951171875,420.72247314453125,38.84203338623047,0.6767385005950928,0.6309970021247864,44.0080451965332,0.7324102520942688,0.002263000002130866,0,0.0003293124900665134,0,-3.149993896484375,2.14752197265625
81,10,0,1,Day,,43.575401306152344,46.424598693847656,40.827754974365234,141.38999938964844,140.0904541015625,1.7937999963760376,0.9908087849617004,18.0100040435791,9.300100326538086,=NA(),=NA(),1.3791898488998413,1.4163999557495117,0.34380000829696655,0.08399999886751175,=NA(),20,1013.25,31.884016036987305,31.43862533569336,146.01998901367188,127.12999725341797,18.889999389648438,24.0468692779541,790.7100219726562,787.780029296875,790.4467163085938,39.024749755859375,1.2657958269119263,1.222861409187317,44.657772064208984,1.3460891246795654,0.0043649375438690186,0,0.00037943749339319766,0,2.92999267578125,-2.66668701171875
81,11,0,1,Day,,37.3567008972168,52.6432991027832,19.67561912536621,187.58999633789062,185.29051208496094,2.892899990081787,0.9877419471740723,18.740015029907227,9.739999771118164,=NA(),=NA(),1.2573524713516235,1.4163999557495117,0.34380000829696655,0.08399999886751175,=NA(),20,1013.25,14.414145469665527,34.84428405761719,202.47500610351562,183.60000610351562,18.875,27.06499671936035,1126.030029296875,1110.199951171875,1114.6912841796875,39.00096893310547,1.7863162755966187,1.7639325857162476,44.849857330322266,1.8919929265975952,0.006266687531024218,0,0.00039724999805912375,0,15.830078125,-4.4913330078125
81,12,0,1,Day,,35.836910247802734,54.163089752197266,354.5119934082031,168.89999389648438,167.0367889404297,2.29830002784729,0.9889686107635498,18.899988174438477,10,=NA(),=NA(),1.2328859567642212,1.4163999557495117,0.34380000829696655,0.08399999886751175,=NA(),20,1013.25,-3.951108932495117,35.647464752197266,184.4250030517578,168.61000061035156,15.819999694824219,26.4949893951416,1021.5900268554688,1009.2000122070312,1012.7772216796875,38.9824104309082,1.6237777471542358,1.616868257522583,44.76019287109375,1.7204492092132568,0.005721000023186207,0,0.00034681250690482557,0,12.3900146484375,-3.57720947265625
81,13,0,1,Day,,39.57280349731445,50.42719650268555,330.6277770996094,144.39999389648438,143.0109100341797,1.8020999431610107,0.9903802871704102,18.55999183654785,9.550100326538086,=NA(),=NA(),1.296492099761963,1.4163999557495117,0.34380000829696655,0.08399999886751175,=NA(),20,1013.25,-22.066137313842773,33.722103118896484,153.1300048828125,136.96499633789062,16.165000915527344,24.858118057250977,838.4000244140625,832.9400024414062,837.0450439453125,38.87757110595703,1.3456166982650757,1.3182376623153687,44.64683532714844,1.4248628616333008,0.004685999825596809,0,0.00033218751195818186,0,5.46002197265625,-4.10504150390625
81,14,0,1,Day,,47.31427764892578,42.68572235107422,311.8417053222656,125.48999786376953,124.47886657714844,1.4914000034332275,0.9919425249099731,18.100000381469727,8.750100135803223,=NA(),=NA(),1.4734420776367188,1.4163999557495117,0.34380000829696655,0.08399999886751175,=NA(),20,1013.25,-38.92928695678711,29.363956451416016,126.83000183105469,107.19499969482422,19.634998321533203,23.3850040435791,674.2899780273438,673.3900146484375,673.71435546875,39.011940002441406,1.0790812969207764,1.028289794921875,44.47775650024414,1.1538876295089722,0.0036821875255554914,0,0.0003911874955520034,0,0.89996337890625,-0.3243408203125
81,15,0,1,Day,,57.417205810546875,32.582794189453125,297.7861022949219,104,103.29841613769531,1.3028000593185425,0.9932540059089661,17.70000648498535,8.319999694824219,=NA(),=NA(),1.8530104160308838,1.4163999557495117,0.34380000829696655,0.08399999886751175,=NA(),20,1013.25,-54.15562057495117,23.129043579101562,100.45999908447266,77.65499877929688,22.799999237060547,21.938135147094727,512.8499755859375,514.8599853515625,511.5096740722656,39.03935623168945,0.8185568451881409,0.7557920217514038,44.21427917480469,0.8855490684509277,0.0026666249614208937,0,0.0004702500009443611,0,-2.010009765625,3.350311279296875
81,16,0,1,Day,,68.7750015258789,21.225000381469727,286.78399658203125,46.10200119018555,45.956138610839844,0.40290001034736633,0.9968360662460327,17.8799991607666,7.940000057220459,=NA(),=NA(),2.745751142501831,1.4163999557495117,0.34380000829696655,0.08399999886751175,=NA(),20,1013.25,-43.971961975097656,28.33539390563965,45.67500305175781,37.40999984741211,8.264999389648438,19.819360733032227,220.82000732421875,223.6199951171875,222.854736328125,37.9821891784668,0.36657604575157166,0.3423132598400116,43.10697937011719,0.4006079435348511,0.0012156874872744083,0,0.00019706250168383121,0,-2.79998779296875,0.7652587890625
81,17,0,1,Day,,80.73165893554688,9.268343925476074,277.4472351074219,6.407299995422363,6.405979156494141,0.008200000040233135,0.9997938275337219,17.6400089263916,7.610000133514404,=NA(),=NA(),5.994763374328613,1.4163999557495117,0.34380000829696655,0.08399999886751175,=NA(),20,1013.25,-13.908652305603027,66.94766998291016,6.914999961853027,6.260000228881836,0.6549999713897705,17.93499183654785,29.5,30.1299991607666,30.23130989074707,34.67030334472656,0.05449747294187546,0.053793150931596756,40.03780746459961,0.06438224762678146,0.00021337499492801726,0,0.000013999999282532372,0,-0.6299991607666016,-0.10131072998046875
81,18,0,1,Night,Sun above horizon but GHI below 1,88.41548919677734,1.584513783454895,271.8168029785156,0,0,0,0,17.300012588500977,7.269999980926514,=NA(),0,21.885215759277344,1.4163999557495117,0.34380000829696655,0.08399999886751175,=NA(),20,1013.25,0,0,0,0,0,17.300012588500977,0,0,0,0,0,0,0,0,0,0,0,0,0,0
81,19,0,1,Night,,105.36759185791016,-15.367595672607422,259.9448547363281,0,0,0,0,17.170007705688477,7.139999866485596,=NA(),0,64.81599426269531,1.4163999557495117,0.34380000829696655,0.08399999886751175,=NA(),20,1013.25,0,0,0,0,0,17.170007705688477,0,0,0,0,0,0,0,0,0,0,0,0,0,0
81,20,0,1,Night,,117.2094497680664,-27.20944595336914,250.07119750976562,0,0,0,0,17.040002822875977,7.169899940490723,=NA(),0,64.81599426269531,1.4163999557495117,0.34380000829696655,0.08399999886751175,=NA(),20,1013.25,0,0,0,0,0,17.040002822875977,0,0,0,0,0,0,0,0,0,0,0,0,0,0
81,21,0,1,Night,,128.25363159179688,-38.25362777709961,237.97171020507812,0,0,0,0,16.93999671936035,7.160099983215332,=NA(),0,64.81599426269531,1.4163999557495117,0.34380000829696655,0.08399999886751175,=NA(),20,1013.25,0,0,0,0,0,16.93999671936035,0,0,0,0,0,0,0,0,0,0,0,0,0,0
81,22,0,1,Night,,137.689697265625,-47.689697265625,221.9550323486328,0,0,0,0,16.93999671936035,7.150100231170654,=NA(),0,64.81599426269531,1.4163999557495117,0.34380000829696655,0.08399999886751175,=NA(),20,1013.25,0,0,0,0,0,16.93999671936035,0,0,0,0,0,0,0,0,0,0,0,0,0,0
81,23,0,1,Night,,144.10585021972656,-54.10585403442383,200.32398986816406,0,0,0,0,16.95000648498535,7.190000057220459,=NA(),0,64.81599426269531,1.4163999557495117,0.34380000829696655,0.08399999886751175,=NA(),20,1013.25,0,0,0,0,0,16.95000648498535,0,0,0,0,0,0,0,0,0,0,0,0,0,0
82,0,0,1,Night,,145.7003631591797,-55.700355529785156,174.2314910888672,0,0,0,0,16.800012588500977,7.259900093078613,=NA(),0,64.81599426269531,1.4163999557495117,0.34380000829696655,0.08399999886751175,=NA(),20,1013.25,0,0,0,0,0,16.800012588500977,0,0,0,0,0,0,0,0,0,0,0,0,0,0
82,1,0,1,Night,,141.85299682617188,-51.85300064086914,149.548095703125,0,0,0,0,16.600000381469727,7.289999961853027,=NA(),0,64.81599426269531,1.4163999557495117,0.34380000829696655,0.08399999886751175,=NA(),20,1013.25,0,0,0,0,0,16.600000381469727,0,0,0,0,0,0,0,0,0,0,0,0,0,0
82,2,0,1,Night,,133.93214416503906,-43.9321403503418,130.4384002685547,0,0,0,0,16.6400089263916,7.039999961853027,=NA(),0,64.81599426269531,1.4163999557495117,0.34380000829696655,0.08399999886751175,=NA(),20,1013.25,0,0,0,0,0,16.6400089263916,0,0,0,0,0,0,0,0,0,0,0,0,0,0
82,3,0,1,Night,,123.6821517944336,-33.68214797973633,116.32656860351562,0,0,0,0,16.800012588500977,6.71999979019165,=NA(),0,64.81599426269531,1.4163999557495117,0.34380000829696655,0.08399999886751175,=NA(),20,1013.25,0,0,0,0,0,16.800012588500977,0,0,0,0,0,0,0,0,0,0,0,0,0,0
82,4,0,1,Night,,112.23147583007812,-22.231473922729492,105.3413314819336,0,0,0,0,16.730005264282227,6.45989990234375,=NA(),0,64.81599426269531,1.4163999557495117,0.34380000829696655,0.08399999886751175,=NA(),20,1013.25,0,0,0,0,0,16.730005264282227,0,0,0,0,0,0,0,0,0,0,0,0,0,0
82,5,0,1,Night,,100.21866607666016,-10.21866512298584,96.01692962646484,0,0,0,0,16.899988174438477,5.849999904632568,=NA(),0,64.81599426269531,1.4163999557495117,0.34380000829696655,0.08399999886751175,=NA(),20,1013.25,0,0,0,0,0,16.899988174438477,0,0,0,0,0,0,0,0,0,0,0,0,0,0
82,6,0,1,Day,,85.96928405761719,4.030714988708496,86.10870361328125,3.0083000659942627,3.007716655731201,0.008299999870359898,0.9998060464859009,16.899988174438477,5.539999961853027,=NA(),=NA(),12.23325252532959,1.4163999557495117,0.34380000829696655,0.08399999886751175,=NA(),20,1013.25,5.822699069976807,80.16015625,3.2799999713897705,2.994999885559082,0.2849999964237213,17.045007705688477,11.760000228881836,12.020000457763672,12.082979202270508,32.9847297668457,0.02289499156177044,0.02277977019548416,38.617027282714844,0.030486563220620155,0.00010124999971594661,0,0.00000637500033917604,0,-0.26000022888183594,-0.06297874450683594
82,7,0,1,Day,,75.6548080444336,14.345191955566406,78.44696044921875,15.99899959564209,15.974024772644043,0.10080000013113022,0.9984389543533325,16.899988174438477,5.610000133514404,=NA(),=NA(),3.978806972503662,1.4163999557495117,0.34380000829696655,0.08399999886751175,=NA(),20,1013.25,23.253026962280273,52.960079193115234,16.889999389648438,15.03499984741211,1.8550000190734863,17.610620498657227,79.83999633789062,81.6500015258789,82.03273010253906,36.38541793823242,0.14090222120285034,0.13714905083179474,41.746482849121094,0.1557764708995819,0.0005112499929964542,0,0.000038437501643784344,0,-1.8100051879882812,-0.38272857666015625
82,8,0,1,Day,,63.925899505615234,26.0741024017334,68.4974136352539,17.697999954223633,17.697999954223633,0,1,16.600000381469727,5.800099849700928,=NA(),=NA(),2.2667922973632812,1.4163999557495117,0.34380000829696655,0.08399999886751175,=NA(),20,1013.25,60,19.349803924560547,16.6299991607666,12.114999771118164,4.514999866485596,17.32000160217285,73.54000091552734,75.29000091552734,74.53990936279297,36.602264404296875,0.12722517549991608,0.11490430682897568,41.64488983154297,0.1445477455854416,0.00041956250788643956,0,0.00009025000326801091,0,-1.75,0.750091552734375
82,9,0,1,Day,,53.058231353759766,36.941768646240234,56.341400146484375,67.80500030517578,67.50028991699219,0.5070000290870667,0.9955060482025146,16.899988174438477,5.890100002288818,=NA(),=NA(),1.6613301038742065,1.4163999557495117,0.34380000829696655,0.08399999886751175,=NA(),20,1013.25,47.90486526489258,26.293983459472656,66.19999694824219,52.91999816894531,13.28499984741211,19.693750381469727,332.6300048828125,336.83001708984375,335.4208068847656,38.65559768676758,0.5421128273010254,0.5056660771369934,43.80768585205078,0.5879525542259216,0.0018136875005438924,0,0.0002654999843798578,0,-4.20001220703125,1.409210205078125
82,10,0,1,Day,,43.86898422241211,46.13101577758789,40.431793212890625,33.20899963378906,33.13063430786133,0.10869999974966049,0.9976402521133423,17.100000381469727,5.509900093078613,=NA(),=NA(),1.3859440088272095,1.4163999557495117,0.34380000829696655,0.08399999886751175,=NA(),20,1013.25,31.940670013427734,31.837072372436523,34.05000305175781,29.510000228881836,4.539999961853027,18.52874183654785,169.3699951171875,172.45999145507812,173.08047485351562,37.51429748535156,0.28831779956817627,0.276825487613678,42.85690689086914,0.3123994767665863,0.0010101250372827053,0,0.00009137499728240073,0,-3.089996337890625,-0.6204833984375
82,11,0,1,Day,,37.715396881103516,52.284603118896484,19.380125045776367,148.5,146.99729919433594,1.8996000289916992,0.9898808002471924,17.670007705688477,4.869900226593018,=NA(),=NA(),1.2633997201919556,1.4163999557495117,0.34380000829696655,0.08399999886751175,=NA(),20,1013.25,14.392288208007812,35.24522399902344,160.20999145507812,145.15499877929688,15.055000305175781,24.254358291625977,881.469970703125,877.6099853515625,881.5774536132812,39.056678771972656,1.4107292890548706,1.3942482471466064,44.815589904785156,1.494593620300293,0.004948687739670277,0,0.00031674999627284706,0,3.8599853515625,-3.96746826171875
82,12,0,1,Day,,36.23585891723633,53.76414108276367,354.4377746582031,283.989990234375,277.3834533691406,8.190699577331543,0.9767367243766785,18.300012588500977,4.069900035858154,=NA(),=NA(),1.239132046699524,1.4163999557495117,0.34380000829696655,0.08399999886751175,=NA(),20,1013.25,-4.06303596496582,36.03840637207031,309.70501708984375,283.57000732421875,26.134998321533203,31.0200138092041,1753.72998046875,1706.4100341796875,1714.3787841796875,38.93634033203125,2.751896381378174,2.744013786315918,45.086299896240234,2.9069368839263916,0.00965499971061945,0,0.0005729374825023115,0,47.3199462890625,-7.96875
82,13,0,1,Day,,39.96405792236328,50.03594207763672,330.7673645019531,210.19000244140625,207.2860870361328,3.788800001144409,0.9861843585968018,18.469995498657227,3.299999952316284,=NA(),=NA(),1.3038612604141235,1.4163999557495117,0.34380000829696655,0.08399999886751175,=NA(),20,1013.25,-22.25722885131836,34.090755462646484,223.52000427246094,200.364990234375,23.15999984741211,27.649988174438477,1245.7900390625,1225.8499755859375,1231.7626953125,38.99958038330078,1.9739775657653809,1.9343370199203491,44.945213317871094,2.086592197418213,0.006870000157505274,0,0.00047637498937547207,0,19.9400634765625,-5.9127197265625
82,14,0,1,Day,,47.67269515991211,42.32730484008789,312.08660888671875,233.58999633789062,229.28201293945312,6.39769983291626,0.9815574884414673,19.029993057250977,3.2500998973846436,=NA(),=NA(),1.4834965467453003,1.4163999557495117,0.34380000829696655,0.08399999886751175,=NA(),20,1013.25,-39.17357635498047,29.704383850097656,241.94000244140625,207.3000030517578,34.63999938964844,29.0618839263916,1333.1600341796875,1305.4400634765625,1307.26904296875,39.07243347167969,2.0907695293426514,2.0010738372802734,44.868778228759766,2.2249279022216797,0.007149875164031982,0,0.0006936874706298113,0,27.719970703125,-1.8289794921875
82,15,0,1,Day,,57.7436408996582,32.2563591003418,298.0626525878906,146.61000061035156,145.2193145751953,2.6057000160217285,0.9905143976211548,19.600000381469727,3.8101000785827637,=NA(),=NA(),1.8696061372756958,1.4163999557495117,0.34380000829696655,0.08399999886751175,=NA(),20,1013.25,-54.42801284790039,23.44281768798828,145.78500366210938,114.55500030517578,31.229999542236328,25.725610733032227,764.5599975585938,757.1599731445312,753.7418212890625,39.01734161376953,1.2069319486618042,1.1238373517990112,44.36445999145508,1.2982957363128662,0.003948749974370003,0,0.0006455624825321138,0,7.4000244140625,3.41815185546875
82,16,0,1,Day,,69.07852172851562,20.92147445678711,287.0649719238281,89,88.50000762939453,1.4002000093460083,0.9943820834159851,19.360010147094727,4.060100078582764,=NA(),=NA(),2.7831995487213135,1.4163999557495117,0.34380000829696655,0.08399999886751175,=NA(),20,1013.25,-42.724491119384766,29.75377655029297,91.7699966430664,76.67500305175781,15.094999313354492,23.224390029907227,465.9599914550781,465.6700134277344,464.88970947265625,38.602474212646484,0.7524418830871582,0.709081768989563,43.87382507324219,0.8118516206741333,0.0024994376581162214,0,0.0003640000068116933,0,0.28997802734375,0.780303955078125
82,17,0,1,Day,,81.02068328857422,8.979317665100098,277.7268981933594,27.0939998626709,27.048160552978516,0.2937000095844269,0.9983081221580505,19.100000381469727,4.309899806976318,=NA(),=NA(),6.1722331047058105,1.4163999557495117,0.34380000829696655,0.08399999886751175,=NA(),20,1013.25,-13.45032787322998,67.69960021972656,29.31999969482422,26.56999969482422,2.75,20.32561683654785,146.8000030517578,148.4499969482422,148.98324584960938,36.999671936035156,0.25166237354278564,0.24880187213420868,42.35593032836914,0.27365243434906006,0.0009061875171028078,0,0.000057562498113838956,0,-1.649993896484375,-0.5332489013671875
82,18,0,1,Night,Sun above horizon but GHI below 1,88.55219268798828,1.447808027267456,272.1944885253906,0,0,0,0,18.70000648498535,4.960000038146973,=NA(),0,22.80613899230957,1.4163999557495117,0.34380000829696655,0.08399999886751175,=NA(),20,1013.25,0,0,0,0,0,18.70000648498535,0,0,0,0,0,0,0,0,0,0,0,0,0,0
82,19,0,1,Night,,105.66006469726562,-15.660065650939941,260.2287902832031,0,0,0,0,18.550012588500977,5.019899845123291,=NA(),0,64.81599426269531,1.4163999557495117,0.34380000829696655,0.08399999886751175,=NA(),20,1013.25,0,0,0,0,0,18.550012588500977,0,0,0,0,0,0,0,0,0,0,0,0,0,0
82,20,0,1,Night,,117.51815032958984,-27.51814842224121,250.3592987060547,0,0,0,0,18.399988174438477,4.570000171661377,=NA(),0,64.81599426269531,1.4163999557495117,0.34380000829696655,0.08399999886751175,=NA(),20,1013.25,0,0,0,0,0,18.399988174438477,0,0,0,0,0,0,0,0,0,0,0,0,0,0
82,21,0,1,Night,,128.58895874023438,-38.58895492553711,238.25259399414062,0,0,0,0,17.990015029907227,4.389900207519531,=NA(),0,64.81599426269531,1.4163999557495117,0.34380000829696655,0.08399999886751175,=NA(),20,1013.25,0,0,0,0,0,17.990015029907227,0,0,0,0,0,0,0,0,0,0,0,0,0,0
82,22,0,1,Night,,138.06031799316406,-48.06031799316406,222.18377685546875,0,0,0,0,17.9999942779541,4.380099773406982,=NA(),0,64.81599426269531,1.4163999557495117,0.34380000829696655,0.08399999886751175,=NA(),20,1013.25,0,0,0,0,0,17.9999942779541,0,0,0,0,0,0,0,0,0,0,0,0,0,0
82,23,0,1,Night,,144.50497436523438,-54.504974365234375,200.39295959472656,0,0,0,0,18.029993057250977,4.629899978637695,=NA(),0,64.81599426269531,1.4163999557495117,0.34380000829696655,0.08399999886751175,=NA(),20,1013.25,0,0,0,0,0,18.029993057250977,0,0,0,0,0,0,0,0,0,0,0,0,0,0
83,0,0,1,Night,,146.08670043945312,-56.086692810058594,174.03912353515625,0,0,0,0,18.100000381469727,4.779900074005127,=NA(),0,64.81599426269531,1.4163999557495117,0.34380000829696655,0.08399999886751175,=NA(),20,1013.25,0,0,0,0,0,18.100000381469727,0,0,0,0,0,0,0,0,0,0,0,0,0,0
83,1,0,1,Night,,142.17967224121094,-52.179664611816406,149.1698760986328,0,0,0,0,17.8799991607666,4.619900226593018,=NA(),0,64.81599426269531,1.4163999557495117,0.34380000829696655,0.08399999886751175,=NA(),20,1013.25,0,0,0,0,0,17.8799991607666,0,0,0,0,0,0,0,0,0,0,0,0,0,0
83,2,0,1,Night,,134.19256591796875,-44.192562103271484,130.01388549804688,0,0,0,0,17.740015029907227,4.349999904632568,=NA(),0,64.81599426269531,1.4163999557495117,0.34380000829696655,0.08399999886751175,=NA(),20,1013.25,0,0,0,0,0,17.740015029907227,0,0,0,0,0,0,0,0,0,0,0,0,0,0
83,3,0,1,Night,,123.89373779296875,-33.893741607666016,115.9166488647461,0,0,0,0,17.800012588500977,4.170000076293945,=NA(),0,64.81599426269531,1.4163999557495117,0.34380000829696655,0.08399999886751175,=NA(),20,1013.25,0,0,0,0,0,17.800012588500977,0,0,0,0,0,0,0,0,0,0,0,0,0,0
83,4,0,1,Night,,112.41300964355469,-22.413009643554688,104.95486450195312,0,0,0,0,17.600000381469727,4.329999923706055,=NA(),0,64.81599426269531,1.4163999557495117,0.34380000829696655,0.08399999886751175,=NA(),20,1013.25,0,0,0,0,0,17.600000381469727,0,0,0,0,0,0,0,0,0,0,0,0,0,0
83,5,0,1,Night,,100.38519287109375,-10.38519287109375,95.6463623046875,0,0,0,0,17.339990615844727,4.479899883270264,=NA(),0,64.81599426269531,1.4163999557495117,0.34380000829696655,0.08399999886751175,=NA(),20,1013.25,0,0,0,0,0,17.339990615844727,0,0,0,0,0,0,0,0,0,0,0,0,0,0
83,6,0,1,Day,,86.04752349853516,3.9524779319763184,85.6822738647461,7.091100215911865,7.084662437438965,0.0934000015258789,0.999092161655426,16.9999942779541,5.309999942779541,=NA(),=NA(),12.4178466796875,1.4163999557495117,0.34380000829696655,0.08399999886751175,=NA(),20,1013.25,5.711211681365967,80.3526840209961,7.75,7.069999694824219,0.675000011920929,17.33001136779785,33.57999801635742,34.380001068115234,34.5276985168457,34.952880859375,0.061739686876535416,0.06145941838622093,40.34809494018555,0.07189829647541046,0.00023887499992270023,0,0.00001449999945180025,0,-0.8000030517578125,-0.14769744873046875
83,7,0,1,Day,,75.82925415039062,14.170746803283691,78.07467651367188,92.90699768066406,92.00025939941406,3.7037999629974365,0.9902403950691223,17.0200138092041,6.010000228881836,=NA(),=NA(),4.025232791900635,1.4163999557495117,0.34380000829696655,0.08399999886751175,=NA(),20,1013.25,22.939680099487305,53.47331237792969,107.98500061035156,98.08499908447266,9.899999618530273,21.458765029907227,583.1699829101562,586.4400024414062,589.5149536132812,38.85986328125,0.9481199979782104,0.9283440709114075,44.503692626953125,1.0058915615081787,0.003339124843478203,0,0.00020637499983422458,0,-3.27001953125,-3.074951171875
83,8,0,1,Day,,64.1241683959961,25.87582778930664,68.10968780517578,304.2900085449219,255.7205810546875,111.29000091552734,0.8403844237327576,17.850000381469727,6.949999809265137,=NA(),=NA(),2.2827954292297363,1.4163999557495117,0.34380000829696655,0.08399999886751175,=NA(),20,1013.25,60,19.740890502929688,426.4800109863281,375.41998291015625,51.05500030517578,35.285606384277344,2485.110107421875,2384.469970703125,2397.287353515625,38.66679000854492,3.8749656677246094,3.7432870864868164,45.13616943359375,4.092774868011475,0.013341625221073627,0,0.0010177500080317259,0,100.64013671875,-12.8173828125
83,9,0,1,Day,,53.2958984375,36.7041015625,55.93784713745117,502.8999938964844,324.0136413574219,299.29998779296875,0.6442903876304626,18.969995498657227,8.04990005493164,=NA(),=NA(),1.6705161333084106,1.4163999557495117,0.34380000829696655,0.08399999886751175,=NA(),20,1013.25,48.016578674316406,26.682369232177734,658.280029296875,608.1950073242188,50.08000183105469,45.89061737060547,3912.139892578125,3624.199951171875,3646.65185546875,37.49021530151367,6.079460620880127,5.972724914550781,44.579185485839844,6.421117782592773,0.02138562500476837,0,0.0010354374535381794,0,287.93994140625,-22.451904296875
83,10,0,1,Day,,44.16345977783203,45.83654022216797,40.040016174316406,168.89999389648438,167.0366668701172,2.5975000858306885,0.9889678955078125,19.2499942779541,8.61989974975586,=NA(),=NA(),1.392822265625,1.4163999557495117,0.34380000829696655,0.08399999886751175,=NA(),20,1013.25,31.997394561767578,32.23521423339844,175.02000427246094,152.66500854492188,22.354999542236328,26.50249671936035,956.0899658203125,944.3900146484375,946.3487548828125,38.988525390625,1.5169192552566528,1.4559299945831299,44.644527435302734,1.6142491102218628,0.00524143734946847,0,0.0004519374924711883,0,11.699951171875,-1.958740234375
83,11,0,1,Day,,38.074337005615234,51.925662994384766,19.08908462524414,237.60000610351562,233.82044982910156,4.801199913024902,0.9840927720069885,19.300012588500977,8.76990032196045,=NA(),=NA(),1.269559383392334,1.4163999557495117,0.34380000829696655,0.08399999886751175,=NA(),20,1013.25,14.369768142700195,35.64579391479492,256.6400146484375,232.98500061035156,23.649999618530273,29.8337345123291,1441.75,1408.2099609375,1415.6199951171875,38.84677505493164,2.2775681018829346,2.252647638320923,44.90275573730469,2.4073455333709717,0.007961374707520008,0,0.0004985625273548067,0,33.5400390625,-7.4100341796875
83,12,0,1,Day,,36.6344108581543,53.3655891418457,354.3643493652344,214.1999969482422,211.23419189453125,3.6958999633789062,0.9861540198326111,19.08001136779785,8.840100288391113,=NA(),=NA(),1.2454957962036133,1.4163999557495117,0.34380000829696655,0.08399999886751175,=NA(),20,1013.25,-4.176477432250977,36.42875289916992,233.75999450683594,213.82000732421875,19.94499969482422,28.685632705688477,1308.5599365234375,1283.0899658203125,1289.2816162109375,38.91368865966797,2.0707406997680664,2.065081834793091,44.88926696777344,2.1887173652648926,0.007266500033438206,0,0.0004369374946691096,0,25.469970703125,-6.191650390625
83,13,0,1,Day,,40.35515594482422,49.64484405517578,330.9039001464844,470.20001220703125,383.2506408691406,114.0999984741211,0.8150800466537476,19.07000160217285,8.760100364685059,=NA(),=NA(),1.3113727569580078,1.4163999557495117,0.34380000829696655,0.08399999886751175,=NA(),20,1013.25,-22.450271606445312,34.45854187011719,513.7349853515625,470.1549987792969,43.584999084472656,40.09874725341797,3002.77001953125,2835.7099609375,2851.195068359375,38.148460388183594,4.671240329742432,4.6108269691467285,44.845985412597656,4.932346343994141,0.01636706292629242,0,0.0009153124992735684,0,167.06005859375,-15.485107421875
83,14,0,1,Day,,48.03135299682617,41.96864700317383,312.3279724121094,173.50999450683594,171.5682830810547,2.903599977493286,0.9888092279434204,19.230005264282227,8.350099563598633,=NA(),=NA(),1.493754506111145,1.4163999557495117,0.34380000829696655,0.08399999886751175,=NA(),20,1013.25,-39.419612884521484,30.0437068939209,177.10000610351562,150.35499572753906,26.75,26.5937442779541,958.7999877929688,946.72998046875,947.7153930664062,39.011131286621094,1.518024206161499,1.4488856792449951,44.63555908203125,1.6186840534210205,0.00517424987629056,0,0.0005346250254660845,0,12.07000732421875,-0.98541259765625
83,15,0,1,Day,,58.070308685302734,31.929691314697266,298.3365173339844,146.89999389648438,145.47244262695312,2.699199914932251,0.9902821779251099,19.100000381469727,7.009900093078613,=NA(),=NA(),1.886574149131775,1.4163999557495117,0.34380000829696655,0.08399999886751175,=NA(),20,1013.25,-54.70148849487305,23.755449295043945,146.14999389648438,114.73500061035156,31.41499900817871,25.241235733032227,766.469970703125,760.3699951171875,756.7418823242188,39.08243942260742,1.209723949432373,1.1259362697601318,44.43580627441406,1.3008192777633667,0.003956437576562166,0,0.0006488750223070383,0,6.0999755859375,3.62811279296875
83,16,0,1,Day,,69.38192749023438,20.618070602416992,287.34417724609375,85.60099792480469,85.1079330444336,1.4002000093460083,0.9942399859428406,17.6199893951416,5.150000095367432,=NA(),=NA(),2.82173752784729,1.4163999557495117,0.34380000829696655,0.08399999886751175,=NA(),20,1013.25,-41.554481506347656,31.11537742614746,88.19000244140625,74.04000091552734,14.155000686645508,21.3281192779541,447.3399963378906,450.1499938964844,449.42462158203125,38.820858001708984,0.7233317494392395,0.6823501586914062,44.073692321777344,0.7804154753684998,0.002409937558695674,0,0.0003443750028964132,0,-2.80999755859375,0.725372314453125
83,17,0,1,Day,,81.30903625488281,8.690960884094238,278.0055236816406,2.20740008354187,2.206568956375122,0.005499999970197678,0.9996234774589539,18.600000381469727,4.319900035858154,=NA(),=NA(),6.359858989715576,1.4163999557495117,0.34380000829696655,0.08399999886751175,=NA(),20,1013.25,-12.996186256408691,68.44636535644531,2.384999990463257,2.1649999618530273,0.2199999988079071,18.709985733032227,7.599999904632568,7.760000228881836,7.763542175292969,31.70486068725586,0.015304154716432095,0.015108192339539528,37.589969635009766,0.022236492484807968,0.00007356249989243224,0,0.000004499999704421498,0,-0.16000032424926758,-0.0035419464111328125
83,18,0,1,Night,Sun above horizon but GHI below 1,88.67800903320312,1.3219916820526123,272.57623291015625,0,0,0,0,16.800012588500977,4.25,=NA(),0,23.7119140625,1.4163999557495117,0.34380000829696655,0.08399999886751175,=NA(),20,1013.25,0,0,0,0,0,16.800012588500977,0,0,0,0,0,0,0,0,0,0,0,0,0,0
83,19,0,1,Night,,105.95268249511719,-15.952682495117188,260.5128479003906,0,0,0,0,16.8699893951416,4.130099773406982,=NA(),0,64.81599426269531,1.4163999557495117,0.34380000829696655,0.08399999886751175,=NA(),20,1013.25,0,0,0,0,0,16.8699893951416,0,0,0,0,0,0,0,0,0,0,0,0,0,0
83,20,0,1,Night,,117.82643127441406,-27.826433181762695,250.64830017089844,0,0,0,0,16.9999942779541,4.050099849700928,=NA(),0,64.81599426269531,1.4163999557495117,0.34380000829696655,0.08399999886751175,=NA(),20,1013.25,0,0,0,0,0,16.9999942779541,0,0,0,0,0,0,0,0,0,0,0,0,0,0
83,21,0,1,Night,,128.92352294921875,-38.923519134521484,238.53533935546875,0,0,0,0,17.4999942779541,4.079899787902832,=NA(),0,64.81599426269531,1.4163999557495117,0.34380000829696655,0.08399999886751175,=NA(),20,1013.25,0,0,0,0,0,17.4999942779541,0,0,0,0,0,0,0,0,0,0,0,0,0,0
83,22,0,1,Night,,138.4302215576172,-48.43022918701172,222.4149932861328,0,0,0,0,17.7600040435791,4.399899959564209,=NA(),0,64.81599426269531,1.4163999557495117,0.34380000829696655,0.08399999886751175,=NA(),20,1013.25,0,0,0,0,0,17.7600040435791,0,0,0,0,0,0,0,0,0,0,0,0,0,0
83,23,0,1,Night,,144.90362548828125,-54.903621673583984,200.4625244140625,0,0,0,0,17.800012588500977,4.949900150299072,=NA(),0,64.81599426269531,1.4163999557495117,0.34380000829696655,0.08399999886751175,=NA(),20,1013.25,0,0,0,0,0,17.800012588500977,0,0,0,0,0,0,0,0,0,0,0,0,0,0
84,0,0,1,Night,,146.47219848632812,-56.472206115722656,173.8424530029297,0,0,0,0,17.800012588500977,4.920100212097168,=NA(),0,64.81599426269531,1.4163999557495117,0.34380000829696655,0.08399999886751175,=NA(),20,1013.25,0,0,0,0,0,17.800012588500977,0,0,0,0,0,0,0,0,0,0,0,0,0,0
84,1,0,1,Night,,142.5045166015625,-52.50452423095703,148.7860565185547,0,0,0,0,17.600000381469727,4.329999923706055,=NA(),0,64.81599426269531,1.4163999557495117,0.34380000829696655,0.08399999886751175,=NA(),20,1013.25,0,0,0,0,0,17.600000381469727,0,0,0,0,0,0,0,0,0,0,0,0,0,0
84,2,0,1,Night,,134.4508514404297,-44.45084762573242,129.58583068847656,0,0,0,0,17.4999942779541,4.179999828338623,=NA(),0,64.81599426269531,1.4163999557495117,0.34380000829696655,0.08399999886751175,=NA(),20,1013.25,0,0,0,0,0,17.4999942779541,0,0,0,0,0,0,0,0,0,0,0,0,0,0
84,3,0,1,Night,,124.10358428955078,-34.10358428955078,115.5050277709961,0,0,0,0,16.659997940063477,4.099999904632568,=NA(),0,64.81599426269531,1.4163999557495117,0.34380000829696655,0.08399999886751175,=NA(),20,1013.25,0,0,0,0,0,16.659997940063477,0,0,0,0,0,0,0,0,0,0,0,0,0,0
84,4,0,1,Night,,112.59336853027344,-22.59337043762207,104.56771850585938,0,0,0,0,16.20000648498535,4.260000228881836,=NA(),0,64.81599426269531,1.4163999557495117,0.34380000829696655,0.08399999886751175,=NA(),20,1013.25,0,0,0,0,0,16.20000648498535,0,0,0,0,0,0,0,0,0,0,0,0,0,0
84,5,0,1,Night,,100.5511703491211,-10.551167488098145,95.27574157714844,0,0,0,0,16.100000381469727,4.440000057220459,=NA(),0,64.81599426269531,1.4163999557495117,0.34380000829696655,0.08399999886751175,=NA(),20,1013.25,0,0,0,0,0,16.100000381469727,0,0,0,0,0,0,0,0,0,0,0,0,0,0
84,6,0,1,Day,,86.12798309326172,3.872016429901123,85.2586898803711,33.40399932861328,33.1539306640625,3.703200101852417,0.9925138354301453,16.100000381469727,5.070000171661377,=NA(),=NA(),12.613094329833984,1.4163999557495117,0.34380000829696655,0.08399999886751175,=NA(),20,1013.25,5.596734046936035,80.55058288574219,38.869998931884766,35.94999694824219,2.9200000762939453,17.736902236938477,184.08999633789062,187.9600067138672,188.88673400878906,37.696407318115234,0.31317102909088135,0.3117675185203552,43.111454010009766,0.3376847505569458,0.0011272500269114971,0,0.00006399999983841553,0,-3.8700103759765625,-0.926727294921875
84,7,0,1,Day,,76.00341033935547,13.996593475341797,77.70330810546875,63.09700012207031,62.83245086669922,1.0937999486923218,0.9958072900772095,15.909997940063477,5.789999961853027,=NA(),=NA(),4.072693824768066,1.4163999557495117,0.34380000829696655,0.08399999886751175,=NA(),20,1013.25,22.62981414794922,53.98271560668945,68.66999816894531,61.59000015258789,7.085000038146973,18.748132705688477,360.1199951171875,365.9100036621094,367.6821594238281,38.581939697265625,0.5955963134765625,0.5821117758750916,44.07917022705078,0.6353946924209595,0.002094124909490347,0,0.000147312501212582,0,-5.790008544921875,-1.77215576171875
84,8,0,1,Day,,64.32257843017578,25.677419662475586,67.72360229492188,397.79998779296875,274.9583435058594,283.5,0.6911974549293518,16.4999942779541,6.170000076293945,=NA(),=NA(),2.2990634441375732,1.4163999557495117,0.34380000829696655,0.08399999886751175,=NA(),20,1013.25,60,20.13179588317871,633.2550048828125,580.425048828125,52.82499694824219,42.258750915527344,3799.590087890625,3563.889892578125,3586.762939453125,37.962646484375,5.905257701873779,5.774633407592773,44.99715042114258,6.234446048736572,0.020738687366247177,0,0.0010451249545440078,0,235.7001953125,-22.873046875
84,9,0,1,Day,,53.5340576171875,36.4659423828125,55.537078857421875,598.7000122070312,312.17230224609375,482.0899963378906,0.5214169025421143,17.8699893951416,6.489999771118164,=NA(),=NA(),1.67985200881958,1.4163999557495117,0.34380000829696655,0.08399999886751175,=NA(),20,1013.25,48.128238677978516,27.070127487182617,810.5599975585938,758.3900146484375,52.17500305175781,51.040000915527344,4861.5498046875,4427.169921875,4454.99853515625,36.867591857910156,7.552472114562988,7.454788684844971,44.325340270996094,7.9846882820129395,0.02672550082206726,0,0.001089437515474856,0,434.3798828125,-27.82861328125
84,10,0,1,Day,,44.458473205566406,45.541526794433594,39.65253829956055,898.4000244140625,362.9385681152344,750.2000122070312,0.4039832651615143,18.860010147094727,6.650000095367432,=NA(),=NA(),1.399818778038025,1.4163999557495117,0.34380000829696655,0.08399999886751175,=NA(),20,1013.25,32.05398941040039,32.632720947265625,1067.965087890625,1004.989990234375,62.980003356933594,62.868736267089844,6459.91015625,5644.64990234375,5679.31787109375,35.300804138183594,10.055241584777832,9.99831485748291,43.36663818359375,10.65591812133789,0.03564593940973282,0,0.0013568749418482184,0,815.26025390625,-34.66796875
84,11,0,1,Day,,38.43326950073242,51.56673049926758,18.802560806274414,583.9099731445312,384.073974609375,255.11000061035156,0.6577622890472412,19.850000381469727,6.590000152587891,=NA(),=NA(),1.2758294343948364,1.4163999557495117,0.34380000829696655,0.08399999886751175,=NA(),20,1013.25,14.346592903137207,36.04573059082031,638.050048828125,590.844970703125,47.21500015258789,45.96874237060547,3780.7099609375,3501.14990234375,3523.2685546875,37.458065032958984,5.878693103790283,5.852707386016846,44.50538635253906,6.213033676147461,0.020665686577558517,0,0.0010114375036209822,0,279.56005859375,-22.11865234375
84,12,0,1,Day,,37.03243637084961,52.96756362915039,354.2918395996094,855.2999877929688,285.6369323730469,713.5999755859375,0.3339610993862152,20.839990615844727,6.570000171661377,=NA(),=NA(),1.2519772052764893,1.4163999557495117,0.34380000829696655,0.08399999886751175,=NA(),20,1013.25,-4.291321277618408,36.818397521972656,920.9600219726562,857.1099853515625,63.849998474121094,58.820640563964844,5517.669921875,4889.81982421875,4919.205078125,35.8548583984375,8.574858665466309,8.563544273376465,43.570133209228516,9.07685661315918,0.030164875090122223,0,0.0014035624917596579,0,627.85009765625,-29.38525390625
84,13,0,1,Day,,40.745967864990234,49.254032135009766,331.0376281738281,354.8999938964844,331.48907470703125,30.900999069213867,0.9340351819992065,20.68999671936035,6.730000019073486,=NA(),=NA(),1.3190271854400635,1.4163999557495117,0.34380000829696655,0.08399999886751175,=NA(),20,1013.25,-22.6451473236084,34.82539749145508,384.02001953125,348.79998779296875,35.220001220703125,36.40874481201172,2210.18994140625,2112.090087890625,2124.764892578125,38.36033630371094,3.461862564086914,3.4093825817108154,44.77838134765625,3.656127691268921,0.012074937112629414,0,0.0007325625047087669,0,98.099853515625,-12.6748046875
84,14,0,1,Day,,48.3902587890625,41.6097412109375,312.5658874511719,696.2899780273438,313.7354736328125,576.0900268554688,0.4505816400051117,21.399988174438477,6.699900150299072,=NA(),=NA(),1.5042214393615723,1.4163999557495117,0.34380000829696655,0.08399999886751175,=NA(),20,1013.25,-39.667423248291016,30.38196563720703,877.0150146484375,826.425048828125,50.59000015258789,57.399986267089844,5302.52978515625,4722.4599609375,4752.2958984375,36.0306396484375,8.243547439575195,8.170804023742676,43.67465591430664,8.734426498413086,0.029252562671899796,0,0.0010824374621734023,0,580.06982421875,-29.8359375
84,15,0,1,Day,,58.39736557006836,31.602632522583008,298.6076965332031,475.3900146484375,303.7246398925781,327.5899963378906,0.6388956904411316,19.67998695373535,6.210100173950195,=NA(),=NA(),1.9039347171783447,1.4163999557495117,0.34380000829696655,0.08399999886751175,=NA(),20,1013.25,-54.976261138916016,24.066944122314453,679.7149658203125,628.6849975585938,51.03499984741211,47.438133239746094,4080.14990234375,3760.070068359375,3784.116455078125,37.29372787475586,6.341934680938721,6.22401762008667,44.457313537597656,6.702580451965332,0.022283000871539116,0,0.0010891874553635716,0,320.079833984375,-24.04638671875
84,16,0,1,Day,,69.68621826171875,20.313783645629883,287.6215515136719,163.41000366210938,158.37269592285156,14.510000228881836,0.969173789024353,20.540002822875977,4.539899826049805,=NA(),=NA(),2.8615448474884033,1.4163999557495117,0.34380000829696655,0.08399999886751175,=NA(),20,1013.25,-40.44593811035156,32.431663513183594,195.34500122070312,172.10499572753906,23.239999771118164,28.648767471313477,1058.449951171875,1037.699951171875,1040.9927978515625,38.7730827331543,1.6778043508529663,1.6076133251190186,44.525543212890625,1.7847439050674438,0.005705125164240599,0,0.0005738749750889838,0,20.75,-3.2928466796875
84,17,0,1,Day,,81.59764099121094,8.402356147766113,278.28302001953125,55.400001525878906,55.093448638916016,2.097899913787842,0.9944665431976318,19.30999183654785,3.199899911880493,=NA(),=NA(),6.559152603149414,1.4163999557495117,0.34380000829696655,0.08399999886751175,=NA(),20,1013.25,-12.544567108154297,69.19052124023438,64.73999786376953,59.51499938964844,5.224999904632568,21.99187660217285,337.70001220703125,339.1000061035156,340.9525146484375,37.96723937988281,0.5612598061561584,0.5568392276763916,43.51093292236328,0.5989677309989929,0.001998687395825982,0,0.00011074999929405749,0,-1.399993896484375,-1.852508544921875
84,18,0,1,Night,Sun above horizon but GHI below 1,88.8087387084961,1.1912600994110107,272.95489501953125,0,0,0,0,17.18999671936035,3,=NA(),0,24.717111587524414,1.4163999557495117,0.34380000829696655,0.08399999886751175,=NA(),20,1013.25,0,0,0,0,0,17.18999671936035,0,0,0,0,0,0,0,0,0,0,0,0,0,0
84,19,0,1,Night,,106.24473571777344,-16.244735717773438,260.797119140625,0,0,0,0,15.219995498657227,2.9400999546051025,=NA(),0,64.81599426269531,1.4163999557495117,0.34380000829696655,0.08399999886751175,=NA(),20,1013.25,0,0,0,0,0,15.219995498657227,0,0,0,0,0,0,0,0,0,0,0,0,0,0
84,20,0,1,Night,,118.1340103149414,-28.134010314941406,250.9381866455078,0,0,0,0,14.159997940063477,2.990000009536743,=NA(),0,64.81599426269531,1.4163999557495117,0.34380000829696655,0.08399999886751175,=NA(),20,1013.25,0,0,0,0,0,14.159997940063477,0,0,0,0,0,0,0,0,0,0,0,0,0,0
84,21,0,1,Night,,129.2572784423828,-39.25728225708008,238.81997680664062,0,0,0,0,14.080011367797852,2.95989990234375,=NA(),0,64.81599426269531,1.4163999557495117,0.34380000829696655,0.08399999886751175,=NA(),20,1013.25,0,0,0,0,0,14.080011367797852,0,0,0,0,0,0,0,0,0,0,0,0,0,0
84,22,0,1,Night,,138.79949951171875,-48.79949951171875,222.6488037109375,0,0,0,0,12.369989395141602,2.9100000858306885,=NA(),0,64.81599426269531,1.4163999557495117,0.34380000829696655,0.08399999886751175,=NA(),20,1013.25,0,0,0,0,0,12.369989395141602,0,0,0,0,0,0,0,0,0,0,0,0,0,0
84,23,0,1,Night,,145.30189514160156,-55.30189514160156,200.5328369140625,0,0,0,0,11.670007705688477,2.789900064468384,=NA(),0,64.81599426269531,1.4163999557495117,0.34380000829696655,0.08399999886751175,=NA(),20,1013.25,0,0,0,0,0,11.670007705688477,0,0,0,0,0,0,0,0,0,0,0,0,0,0
85,0,0,1,Night,,146.85694885253906,-56.85694885253906,173.64149475097656,0,0,0,0,11.050012588500977,2.5,=NA(),0,64.81599426269531,1.4163999557495117,0.34380000829696655,0.08399999886751175,=NA(),20,1013.25,0,0,0,0,0,11.050012588500977,0,0,0,0,0,0,0,0,0,0,0,0,0,0
85,1,0,1,Night,,142.82772827148438,-52.827728271484375,148.396728515625,0,0,0,0,10.339990615844727,2.150099992752075,=NA(),0,64.81599426269531,1.4163999557495117,0.34380000829696655,0.08399999886751175,=NA(),20,1013.25,0,0,0,0,0,10.339990615844727,0,0,0,0,0,0,0,0,0,0,0,0,0,0
85,2,0,1,Night,,134.70733642578125,-44.707340240478516,129.1544189453125,0,0,0,0,9.740106582641602,1.6098999977111816,=NA(),0,64.81599426269531,1.4163999557495117,0.34380000829696655,0.08399999886751175,=NA(),20,1013.25,0,0,0,0,0,9.740015029907227,0,0,0,0,0,0,0,0,0,0,0,0,0,0
85,3,0,1,Night,,124.31196594238281,-34.31196975708008,115.09183502197266,0,0,0,0,9.339899063110352,0.8399999737739563,=NA(),0,64.81599426269531,1.4163999557495117,0.34380000829696655,0.08399999886751175,=NA(),20,1013.25,0,0,0,0,0,9.339990615844727,0,0,0,0,0,0,0,0,0,0,0,0,0,0
85,4,0,1,Night,,112.77303314208984,-22.77303123474121,104.1800537109375,0,0,0,0,9.139795303344727,0.6301000118255615,=NA(),0,64.81599426269531,1.4163999557495117,0.34380000829696655,0.08399999886751175,=NA(),20,1013.25,0,0,0,0,0,9.140008926391602,0,0,0,0,0,0,0,0,0,0,0,0,0,0
85,5,0,1,Night,,100.71771240234375,-10.717714309692383,94.90519714355469,0,0,0,0,9.099908828735352,1.1101000308990479,=NA(),0,64.81599426269531,1.4163999557495117,0.34380000829696655,0.08399999886751175,=NA(),20,1013.25,0,0,0,0,0,9.100000381469727,0,0,0,0,0,0,0,0,0,0,0,0,0,0
85,6,0,1,Day,,86.21334075927734,3.786659002304077,84.84294128417969,58.70100021362305,56.257266998291016,37.00299835205078,0.958369791507721,8.850000381469727,1.910099983215332,=NA(),=NA(),12.826496124267578,1.4163999557495117,0.34380000829696655,0.08399999886751175,=NA(),20,1013.25,5.475268363952637,80.76044464111328,78.4749984741211,74.52000427246094,3.9600000381469727,12.205621719360352,331.07000732421875,344.42999267578125,346.5244140625,39.36698532104492,0.5501505732536316,0.5484247207641602,44.8714714050293,0.5857309103012085,0.0019848125521093607,0,0.00008718750177649781,0,-13.3599853515625,-2.09442138671875
85,7,0,1,Day,,76.1771469116211,13.822853088378906,77.33299255371094,250.8000030517578,200.8655548095703,209,0.8008993268013,13.040002822875977,1.9500000476837158,=NA(),=NA(),4.121187210083008,1.4163999557495117,0.34380000829696655,0.08399999886751175,=NA(),20,1013.25,22.323535919189453,54.48801803588867,425.010009765625,409.6300048828125,15.379999160766602,30.235620498657227,2475.68994140625,2416.300048828125,2432.556884765625,39.293399810791016,3.8692286014556885,3.8362183570861816,45.79672622680664,4.076940059661865,0.013971375301480293,0,0.0003348749887663871,0,59.389892578125,-16.2568359375
85,8,0,1,Day,,64.52152252197266,25.478479385375977,67.33928680419922,464.29998779296875,297.4362487792969,387.8999938964844,0.6406122446060181,16.0200138092041,2.119999885559082,=NA(),=NA(),2.3156354427337646,1.4163999557495117,0.34380000829696655,0.08399999886751175,=NA(),20,1013.25,60,20.522493362426758,770.6600341796875,714.4200439453125,56.23999786376953,47.40373992919922,4661.58984375,4298.52001953125,4326.22509765625,37.3411750793457,7.241251468658447,7.10533332824707,44.71403503417969,7.651731967926025,0.02556924894452095,0,0.0011059375246986747,0,363.06982421875,-27.705078125
85,9,0,1,Day,,53.77306365966797,36.22693634033203,55.13923645019531,643.2000122070312,325.781982421875,537.0999755859375,0.5065018534660339,18.670007705688477,1.8700000047683716,=NA(),=NA(),1.6893558502197266,1.4163999557495117,0.34380000829696655,0.08399999886751175,=NA(),20,1013.25,48.24034118652344,27.457265853881836,876.0050048828125,821.0549926757812,54.95000076293945,54.59123992919922,5261.10009765625,4732.66015625,4762.72509765625,36.402950286865234,8.177214622497559,8.076812744140625,44.020721435546875,8.654458999633789,0.028948312625288963,0,0.0011493749916553497,0,528.43994140625,-30.06494140625
85,10,0,1,Day,,44.754173278808594,45.245826721191406,39.26947021484375,778.7100219726562,316.9737243652344,650.2100219726562,0.4070497453212738,20.040002822875977,1.7999999523162842,=NA(),=NA(),1.4069398641586304,1.4163999557495117,0.34380000829696655,0.08399999886751175,=NA(),20,1013.25,32.110740661621094,33.02961730957031,926.8699951171875,872.614990234375,54.25499725341797,58.083763122558594,5611.580078125,4986.580078125,5017.8125,35.944984436035156,8.724824905395508,8.677369117736816,43.69844436645508,9.237485885620117,0.030937375500798225,0,0.001169937546364963,0,625,-31.232421875
85,11,0,1,Day,,38.79218673706055,51.20781326293945,18.520612716674805,324.1000061035156,310.4624328613281,17.496999740600586,0.9579216837882996,21.050012588500977,2.3399999141693115,=NA(),=NA(),1.2822117805480957,1.4163999557495117,0.34380000829696655,0.08399999886751175,=NA(),20,1013.25,14.322897911071777,36.44499969482422,350.58502197265625,319.07000732421875,31.509998321533203,35.44499969482422,1996.0699462890625,1913.3699951171875,1924.287841796875,38.40239715576172,3.1317873001098633,3.1017303466796875,44.72386932373047,3.309098720550537,0.010932374745607376,0,0.0006659374921582639,0,82.699951171875,-10.9178466796875
85,12,0,1,Day,,37.42974853515625,52.57025146484375,354.22027587890625,758.2000122070312,305.4046630859375,570.2000122070312,0.4028022289276123,21.350000381469727,2.95989990234375,=NA(),=NA(),1.2585753202438354,1.4163999557495117,0.34380000829696655,0.08399999886751175,=NA(),20,1013.25,-4.40747594833374,37.207149505615234,817.0350341796875,759.72998046875,57.29999923706055,54.969383239746094,4884.0400390625,4386.31005859375,4412.61962890625,36.35197067260742,7.586625576019287,7.574830532073975,43.827125549316406,8.025938034057617,0.026684187352657318,0,0.0012591250706464052,0,497.72998046875,-26.3095703125
85,13,0,1,Day,,41.13627243041992,48.86372756958008,331.1685791015625,560.0999755859375,377.2358703613281,242.8000030517578,0.673515260219574,21.42998695373535,2.9700000286102295,=NA(),=NA(),1.3268229961395264,1.4163999557495117,0.34380000829696655,0.08399999886751175,=NA(),20,1013.25,-22.841699600219727,35.191158294677734,620.2349853515625,572.8599853515625,47.375,46.824363708496094,3673.25,3391.130126953125,3412.82421875,37.32343673706055,5.714975357055664,5.6627068519592285,44.33982849121094,6.042374610900879,0.020066624507308006,0,0.0010029374388977885,0,282.119873046875,-21.694091796875
85,14,0,1,Day,,48.749046325683594,41.250953674316406,312.8003845214844,236.6999969482422,231.88555908203125,7.301700115203857,0.979660153388977,22.1400089263916,3.390000104904175,=NA(),=NA(),1.5148918628692627,1.4163999557495117,0.34380000829696655,0.08399999886751175,=NA(),20,1013.25,-39.91670227050781,30.718955993652344,245.3699951171875,209.8800048828125,35.494998931884766,32.321861267089844,1352.9100341796875,1309.8299560546875,1313.7314453125,38.56330108642578,2.1288559436798096,2.0386087894439697,44.45354461669922,2.2629313468933105,0.00724400021135807,0,0.0007118125213310122,0,43.080078125,-3.9014892578125
85,15,0,1,Day,,58.724693298339844,31.27530860900879,298.8762512207031,199.50999450683594,195.45843505859375,7.804200172424316,0.9796924591064453,21.649988174438477,3.1600000858306885,=NA(),=NA(),1.9216938018798828,1.4163999557495117,0.34380000829696655,0.08399999886751175,=NA(),20,1013.25,-55.25223922729492,24.377267837524414,207.3000030517578,166.23001098632812,41.07500076293945,30.32561683654785,1115.050048828125,1086.780029296875,1084.3902587890625,38.79402160644531,1.7465230226516724,1.6374468803405762,44.384361267089844,1.869583249092102,0.005752562545239925,0,0.0008496874943375587,0,28.27001953125,2.3897705078125
85,16,0,1,Day,,69.99024963378906,20.009754180908203,287.89715576171875,129.3000030517578,127.65692138671875,4.801799774169922,0.987292468547821,21.3900089263916,1.9700000286102295,=NA(),=NA(),2.9025278091430664,1.4163999557495117,0.34380000829696655,0.08399999886751175,=NA(),20,1013.25,-39.39434814453125,33.703399658203125,145.44000244140625,126.4000015258789,19.040000915527344,27.459985733032227,770.6500244140625,758.5800170898438,759.826904296875,38.585697174072266,1.2305121421813965,1.1746572256088257,44.14091873168945,1.3148990869522095,0.004159687552601099,0,0.00046962499618530273,0,12.07000732421875,-1.24688720703125
85,17,0,1,Day,,81.88594818115234,8.114052772521973,278.5594482421875,13.498000144958496,13.483659744262695,0.10159999877214432,0.9989376068115234,20.08001136779785,1.5901000499725342,=NA(),=NA(),6.770787239074707,1.4163999557495117,0.34380000829696655,0.08399999886751175,=NA(),20,1013.25,-12.096151351928711,69.9308090209961,14.635000228881836,13.280000686645508,1.3499999046325684,20.696252822875977,68.86000061035156,69.58000183105469,69.91799926757812,35.644813537597656,0.12259450554847717,0.12148846685886383,41.03384780883789,0.13635605573654175,0.00045175000559538603,0,0.0000289999989036005,0,-0.720001220703125,-0.3379974365234375
85,18,0,1,Night,Sun above horizon but GHI below 1,88.9478759765625,1.0521258115768433,273.3255920410156,0,0,0,0,17.860010147094727,1.350100040435791,=NA(),0,25.864933013916016,1.4163999557495117,0.34380000829696655,0.08399999886751175,=NA(),20,1013.25,0,0,0,0,0,17.860010147094727,0,0,0,0,0,0,0,0,0,0,0,0,0,0
85,19,0,1,Night,,106.53568267822266,-16.535680770874023,261.0814514160156,0,0,0,0,15.600000381469727,1.3300000429153442,=NA(),0,64.81599426269531,1.4163999557495117,0.34380000829696655,0.08399999886751175,=NA(),20,1013.25,0,0,0,0,0,15.600000381469727,0,0,0,0,0,0,0,0,0,0,0,0,0,0
85,20,0,1,Night,,118.44014739990234,-28.440147399902344,251.22903442382812,0,0,0,0,15.300012588500977,1.3899999856948853,=NA(),0,64.81599426269531,1.4163999557495117,0.34380000829696655,0.08399999886751175,=NA(),20,1013.25,0,0,0,0,0,15.300012588500977,0,0,0,0,0,0,0,0,0,0,0,0,0,0
85,21,0,1,Night,,129.5894775390625,-39.58948516845703,239.10650634765625,0,0,0,0,16.219995498657227,1.5700000524520874,=NA(),0,64.81599426269531,1.4163999557495117,0.34380000829696655,0.08399999886751175,=NA(),20,1013.25,0,0,0,0,0,16.219995498657227,0,0,0,0,0,0,0,0,0,0,0,0,0,0
85,22,0,1,Night,,139.16726684570312,-49.16726303100586,222.8852996826172,0,0,0,0,15.600000381469727,1.809999942779541,=NA(),0,64.81599426269531,1.4163999557495117,0.34380000829696655,0.08399999886751175,=NA(),20,1013.25,0,0,0,0,0,15.600000381469727,0,0,0,0,0,0,0,0,0,0,0,0,0,0
85,23,0,1,Night,,145.6990509033203,-55.69904708862305,200.60401916503906,0,0,0,0,14.999994277954102,2.079900026321411,=NA(),0,64.81599426269531,1.4163999557495117,0.34380000829696655,0.08399999886751175,=NA(),20,1013.25,0,0,0,0,0,14.999994277954102,0,0,0,0,0,0,0,0,0,0,0,0,0,0
86,0,0,1,Night,,147.24017333984375,-57.240177154541016,173.4363555908203,0,0,0,0,15.200006484985352,2.259999990463257,=NA(),0,64.81599426269531,1.4163999557495117,0.34380000829696655,0.08399999886751175,=NA(),20,1013.25,0,0,0,0,0,15.200006484985352,0,0,0,0,0,0,0,0,0,0,0,0,0,0
86,1,0,1,Night,,143.1483917236328,-53.148399353027344,148.00204467773438,0,0,0,0,14.580011367797852,2.3199000358581543,=NA(),0,64.81599426269531,1.4163999557495117,0.34380000829696655,0.08399999886751175,=NA(),20,1013.25,0,0,0,0,0,14.580011367797852,0,0,0,0,0,0,0,0,0,0,0,0,0,0
86,2,0,1,Night,,134.9608612060547,-44.96086502075195,128.7198028564453,0,0,0,0,13.469995498657227,2.430000066757202,=NA(),0,64.81599426269531,1.4163999557495117,0.34380000829696655,0.08399999886751175,=NA(),20,1013.25,0,0,0,0,0,13.469995498657227,0,0,0,0,0,0,0,0,0,0,0,0,0,0
86,3,0,1,Night,,124.51751708984375,-34.51751708984375,114.67723846435547,0,0,0,0,12.339990615844727,2.54010009765625,=NA(),0,64.81599426269531,1.4163999557495117,0.34380000829696655,0.08399999886751175,=NA(),20,1013.25,0,0,0,0,0,12.339990615844727,0,0,0,0,0,0,0,0,0,0,0,0,0,0
86,4,0,1,Night,,112.9498291015625,-22.949827194213867,103.7920150756836,0,0,0,0,12.200006484985352,2.6600000858306885,=NA(),0,64.81599426269531,1.4163999557495117,0.34380000829696655,0.08399999886751175,=NA(),20,1013.25,0,0,0,0,0,12.200006484985352,0,0,0,0,0,0,0,0,0,0,0,0,0,0
86,5,0,1,Night,,100.88046264648438,-10.880463600158691,94.53488159179688,0,0,0,0,12.700006484985352,2.6500000953674316,=NA(),0,64.81599426269531,1.4163999557495117,0.34380000829696655,0.08399999886751175,=NA(),20,1013.25,0,0,0,0,0,12.700006484985352,0,0,0,0,0,0,0,0,0,0,0,0,0,0
86,6,0,1,Day,,86.29048156738281,3.709519863128662,84.41581726074219,30.493999481201172,30.319631576538086,2.6951000690460205,0.9942818880081177,13.529993057250977,3.4398999214172363,=NA(),=NA(),13.025089263916016,1.4163999557495117,0.34380000829696655,0.08399999886751175,=NA(),20,1013.25,5.366188049316406,80.94998931884766,35.01000213623047,32.31500244140625,2.695000171661377,15.001886367797852,166.45999145507812,171.75999450683594,172.580810546875,37.95722961425781,0.2841697931289673,0.28308820724487305,43.346412658691406,0.3069591224193573,0.0010248124599456787,0,0.00005906249862164259,0,-5.3000030517578125,-0.8208160400390625
86,7,0,1,Day,,76.35234069824219,13.647660255432129,76.96385192871094,169.30999755859375,152.8861846923828,69.60700225830078,0.9029955863952637,16.4999942779541,3.5099000930786133,=NA(),=NA(),4.1712870597839355,1.4163999557495117,0.34380000829696655,0.08399999886751175,=NA(),20,1013.25,22.017017364501953,54.99473571777344,253.53500366210938,240.42999267578125,13.104999542236328,26.798120498657227,1443.0400390625,1424.25,1433.5289306640625,39.220314025878906,2.2844161987304688,2.257962226867676,45.313575744628906,2.4093494415283203,0.00818687491118908,0,0.00027981249149888754,0,18.7900390625,-9.2789306640625
86,8,0,1,Day,,64.72117614746094,25.27882194519043,66.95687866210938,371.8999938964844,269.1581115722656,240.60000610351562,0.723737895488739,18.050012588500977,3.640000104904175,=NA(),=NA(),2.332536458969116,1.4163999557495117,0.34380000829696655,0.08399999886751175,=NA(),20,1013.25,60,20.912878036499023,584.1799926757812,532.6300048828125,51.54999923706055,41.846885681152344,3491.550048828125,3278.75,3299.305419921875,37.9798583984375,5.429522514343262,5.297786712646484,44.89414596557617,5.733211994171143,0.019024811685085297,0,0.0010173125192523003,0,212.800048828125,-20.555419921875
86,9,0,1,Day,,54.01270294189453,35.98729705810547,54.744449615478516,275.80999755859375,261.2896728515625,24.711000442504883,0.9473538994789124,18.9999942779541,5.130000114440918,=NA(),=NA(),1.6990230083465576,1.4163999557495117,0.34380000829696655,0.08399999886751175,=NA(),20,1013.25,48.352752685546875,27.84359359741211,295.30999755859375,248.3800048828125,46.93499755859375,31.24187660217285,1632.800048828125,1587.260009765625,1591.1318359375,38.9536018371582,2.552593231201172,2.429891347885132,44.92900085449219,2.710214138031006,0.008598937653005123,0,0.0009451875230297446,0,45.5400390625,-3.871826171875
86,10,0,1,Day,,45.050392150878906,44.949607849121094,38.89091110229492,253.60000610351562,248.02230834960938,7.894999980926514,0.9780059456825256,20.6199893951416,6.090000152587891,=NA(),=NA(),1.4141840934753418,1.4163999557495117,0.34380000829696655,0.08399999886751175,=NA(),20,1013.25,32.167633056640625,33.42570877075195,265.89501953125,233.510009765625,32.380001068115234,31.5831241607666,1484.3699951171875,1441.0899658203125,1447.78466796875,38.6855354309082,2.3389194011688232,2.2634899616241455,44.716617584228516,2.4763972759246826,0.008047625422477722,0,0.0006545624928548932,0,43.280029296875,-6.6947021484375
86,11,0,1,Day,,39.150970458984375,50.849029541015625,18.243301391601562,786.5,292.8262634277344,636.5999755859375,0.3723156452178955,22.33001136779785,6.520100116729736,=NA(),=NA(),1.2887064218521118,1.4163999557495117,0.34380000829696655,0.08399999886751175,=NA(),20,1013.25,14.298766136169434,36.84346008300781,862.8250122070312,804.4299926757812,58.39500045776367,57.86186981201172,5172.02001953125,4598.14013671875,4626.54931640625,35.969608306884766,8.038990020751953,8.018460273742676,43.56576919555664,8.516339302062988,0.02832699939608574,0,0.0012611249694600701,0,573.8798828125,-28.4091796875
86,12,0,1,Day,,37.82627868652344,52.17372131347656,354.1498718261719,578.5,388.1404113769531,241,0.6709427833557129,21.7700138092041,6.510000228881836,=NA(),=NA(),1.2652908563613892,1.4163999557495117,0.34380000829696655,0.08399999886751175,=NA(),20,1013.25,-4.524827480316162,37.59495544433594,626,578.9349975585938,47.06500244140625,47.482505798339844,3687.550048828125,3396.550048828125,3417.4912109375,37.24559783935547,5.734723091125488,5.724547386169434,44.26102066040039,6.062437057495117,0.020118188112974167,0,0.001032250002026558,0,291,-20.941162109375
86,13,0,1,Day,,41.52596664428711,48.47403335571289,331.29693603515625,385.010009765625,348.6216125488281,48.60499954223633,0.9054871201515198,22.040002822875977,6.570000171661377,=NA(),=NA(),1.3347610235214233,1.4163999557495117,0.34380000829696655,0.08399999886751175,=NA(),20,1013.25,-23.039819717407227,35.55579376220703,417.7850036621094,380.1099853515625,37.67499923706055,39.16625213623047,2414.77001953125,2286.260009765625,2299.69384765625,38.06878662109375,3.7755699157714844,3.7192022800445557,44.57181930541992,3.98909330368042,0.01317793782800436,0,0.0007845624932087958,0,128.510009765625,-13.433837890625
86,14,0,1,Day,,49.10758590698242,40.89241409301758,313.0317077636719,564,333.69085693359375,351.80999755859375,0.5916504263877869,21.7600040435791,6.379899978637695,=NA(),=NA(),1.5257668495178223,1.4163999557495117,0.34380000829696655,0.08399999886751175,=NA(),20,1013.25,-40.16731262207031,31.054670333862305,691.9000244140625,643.43994140625,48.459999084472656,50.07750701904297,4142.31005859375,3782.5,3806.91064453125,36.93940353393555,6.441224098205566,6.3527045249938965,44.14321517944336,6.814617156982422,0.022706687450408936,0,0.0010181249817833304,0,359.81005859375,-24.41064453125
86,15,0,1,Day,,59.05195236206055,30.948047637939453,299.14227294921875,396.80999755859375,299.0490417480469,190.10000610351562,0.7536328434944153,23.110010147094727,5.46999979019165,=NA(),=NA(),1.9398459196090698,1.4163999557495117,0.34380000829696655,0.08399999886751175,=NA(),20,1013.25,-55.52909851074219,24.68635368347168,537.9949951171875,486.39501953125,51.599998474121094,45.17436981201172,3173.909912109375,2945.429931640625,2963.375244140625,37.47097396850586,4.942949295043945,4.812227249145508,44.28209686279297,5.225915431976318,0.01716218702495098,0,0.0010867499513551593,0,228.47998046875,-17.9453125
86,16,0,1,Day,,70.29421997070312,19.705781936645508,288.1710510253906,140.3000030517578,137.73809814453125,7.597799777984619,0.9817398190498352,22.529993057250977,4.269999980926514,=NA(),=NA(),2.9447641372680664,1.4163999557495117,0.34380000829696655,0.08399999886751175,=NA(),20,1013.25,-38.39153289794922,34.93625259399414,162.19500732421875,142.4250030517578,19.770000457763672,29.284387588500977,868.52001953125,849.4299926757812,851.959228515625,38.41997146606445,1.3857251405715942,1.3264353275299072,44.0957145690918,1.476416826248169,0.004702500067651272,0,0.000489375030156225,0,19.09002685546875,-2.52923583984375
86,17,0,1,Day,,82.17398834228516,7.826012134552002,278.8348083496094,60.694000244140625,60.08241271972656,4.491499900817871,0.9899234175682068,21.420007705688477,3.559999942779541,=NA(),=NA(),6.995919704437256,1.4163999557495117,0.34380000829696655,0.08399999886751175,=NA(),20,1013.25,-11.650714874267578,70.66747283935547,73.3699951171875,67.875,5.5,24.4681339263916,380.239990234375,378.3299865722656,380.551513671875,37.756710052490234,0.6299393177032471,0.6255356669425964,43.35860061645508,0.6711258888244629,0.0022430624812841415,0,0.00011731250560842454,0,1.910003662109375,-2.221527099609375
86,18,0,1,Night,Sun below height limit of 1 degrees.,89.07408142089844,0.925920844078064,273.70513916015625,0,0,0,0,18.850000381469727,3.100100040435791,=NA(),0,26.981447219848633,1.4163999557495117,0.34380000829696655,0.08399999886751175,=NA(),20,1013.25,0,0,0,0,0,18.850000381469727,0,0,0,0,0,0,0,0,0,0,0,0,0,0
86,19,0,1,Night,,106.82554626464844,-16.82554817199707,261.3659973144531,0,0,0,0,17.300012588500977,2.7701001167297363,=NA(),0,64.81599426269531,1.4163999557495117,0.34380000829696655,0.08399999886751175,=NA(),20,1013.25,0,0,0,0,0,17.300012588500977,0,0,0,0,0,0,0,0,0,0,0,0,0,0
86,20,0,1,Night,,118.74528503417969,-28.745285034179688,251.5208282470703,0,0,0,0,15.260004043579102,2.5799999237060547,=NA(),0,64.81599426269531,1.4163999557495117,0.34380000829696655,0.08399999886751175,=NA(),20,1013.25,0,0,0,0,0,15.260004043579102,0,0,0,0,0,0,0,0,0,0,0,0,0,0
86,21,0,1,Night,,129.92066955566406,-39.92067337036133,239.39505004882812,0,0,0,0,13.839990615844727,2.5,=NA(),0,64.81599426269531,1.4163999557495117,0.34380000829696655,0.08399999886751175,=NA(),20,1013.25,0,0,0,0,0,13.839990615844727,0,0,0,0,0,0,0,0,0,0,0,0,0,0
86,22,0,1,Night,,139.5341033935547,-49.53410339355469,223.12461853027344,0,0,0,0,13.200006484985352,2.4100000858306885,=NA(),0,64.81599426269531,1.4163999557495117,0.34380000829696655,0.08399999886751175,=NA(),20,1013.25,0,0,0,0,0,13.200006484985352,0,0,0,0,0,0,0,0,0,0,0,0,0,0
86,23,0,1,Night,,146.09555053710938,-56.095542907714844,200.67623901367188,0,0,0,0,12.240015029907227,2.2399001121520996,=NA(),0,64.81599426269531,1.4163999557495117,0.34380000829696655,0.08399999886751175,=NA(),20,1013.25,0,0,0,0,0,12.240015029907227,0,0,0,0,0,0,0,0,0,0,0,0,0,0
87,0,0,1,Night,,147.62249755859375,-57.622493743896484,173.2270965576172,0,0,0,0,11.629999160766602,1.9901000261306763,=NA(),0,64.81599426269531,1.4163999557495117,0.34380000829696655,0.08399999886751175,=NA(),20,1013.25,0,0,0,0,0,11.629999160766602,0,0,0,0,0,0,0,0,0,0,0,0,0,0
87,1,0,1,Night,,143.4673614501953,-53.46736145019531,147.6020965576172,0,0,0,0,10.429986953735352,1.6299999952316284,=NA(),0,64.81599426269531,1.4163999557495117,0.34380000829696655,0.08399999886751175,=NA(),20,1013.25,0,0,0,0,0,10.429986953735352,0,0,0,0,0,0,0,0,0,0,0,0,0,0
87,2,0,1,Night,,135.2125244140625,-45.21251678466797,128.28216552734375,0,0,0,0,9.500085830688477,1.2099000215530396,=NA(),0,64.81599426269531,1.4163999557495117,0.34380000829696655,0.08399999886751175,=NA(),20,1013.25,0,0,0,0,0,9.499994277954102,0,0,0,0,0,0,0,0,0,0,0,0,0,0
87,3,0,1,Night,,124.72160339355469,-34.72159957885742,114.26142883300781,0,0,0,0,9.379785537719727,0.7998999953269958,=NA(),0,64.81599426269531,1.4163999557495117,0.34380000829696655,0.08399999886751175,=NA(),20,1013.25,0,0,0,0,0,9.379999160766602,0,0,0,0,0,0,0,0,0,0,0,0,0,0
87,4,0,1,Night,,113.1260986328125,-23.1260986328125,103.40373229980469,0,0,0,0,8.659906387329102,0.4300000071525574,=NA(),0,64.81599426269531,1.4163999557495117,0.34380000829696655,0.08399999886751175,=NA(),20,1013.25,0,0,0,0,0,8.659997940063477,0,0,0,0,0,0,0,0,0,0,0,0,0,0
87,5,0,1,Night,,101.04438018798828,-11.044378280639648,94.1649169921875,0,0,0,0,8.479700088500977,0.12999999523162842,=NA(),0,64.81599426269531,1.4163999557495117,0.34380000829696655,0.08399999886751175,=NA(),20,1013.25,0,0,0,0,0,8.480005264282227,0,0,0,0,0,0,0,0,0,0,0,0,0,0
87,6,0,1,Day,,86.3733139038086,3.626688241958618,83.99922180175781,71.90699768066406,68.11123657226562,60.00699996948242,0.9472129344940186,8.510309219360352,0.460099995136261,=NA(),=NA(),13.244719505310059,1.4163999557495117,0.34380000829696655,0.08399999886751175,=NA(),20,1013.25,5.2488789558410645,81.1534423828125,99.7750015258789,95.56999969482422,4.204999923706055,12.820001602172852,397.8699951171875,412.79998779296875,415.2055358886719,39.54976272583008,0.656143844127655,0.6541114449501038,45.084022521972656,0.6976761817932129,0.002374500036239624,0,0.00009287500142818317,0,-14.92999267578125,-2.405548095703125
87,7,0,1,Day,,76.52564239501953,13.474356651306152,76.59600830078125,253.88999938964844,204.4941864013672,211.99000549316406,0.805444061756134,11.700006484985352,1.4800000190734863,=NA(),=NA(),4.222074508666992,1.4163999557495117,0.34380000829696655,0.08399999886751175,=NA(),20,1013.25,21.716712951660156,55.49327087402344,432.614990234375,417.3699951171875,15.244998931884766,29.191247940063477,2516.81005859375,2465.010009765625,2481.706787109375,39.45087432861328,3.9316487312316895,3.898564100265503,45.96356964111328,4.1415934562683105,0.014205499552190304,0,0.00033281248761340976,0,51.800048828125,-16.69677734375
87,8,0,1,Day,,64.92073822021484,25.079261779785156,66.5765151977539,338.20001220703125,261.9878845214844,179.8000030517578,0.7746536731719971,15.670007705688477,3.319999933242798,=NA(),=NA(),2.3497040271759033,1.4163999557495117,0.34380000829696655,0.08399999886751175,=NA(),20,1013.25,60,21.302553176879883,515.864990234375,465.8599853515625,50.00499725341797,36.660606384277344,3060.550048828125,2924.35986328125,2941.580810546875,38.61949920654297,4.760639667510986,4.630129337310791,45.33115768432617,5.0230255126953125,0.016620125621557236,0,0.000988187501206994,0,136.190185546875,-17.220947265625
87,9,0,1,Day,,54.2529411315918,35.7470588684082,54.35284423828125,620.2999877929688,318.2644348144531,517,0.5130814909934998,18.57000160217285,4.079899787902832,=NA(),=NA(),1.7088552713394165,1.4163999557495117,0.34380000829696655,0.08399999886751175,=NA(),20,1013.25,48.46551513671875,28.228965759277344,845.219970703125,791.5650024414062,53.654998779296875,53.20812225341797,5076.27001953125,4588.2197265625,4616.9306640625,36.587059020996094,7.887008190155029,7.7866363525390625,44.129268646240234,8.34326457977295,0.02791850082576275,0,0.0011223750188946724,0,488.05029296875,-28.7109375
87,10,0,1,Day,,45.34703063964844,44.65296936035156,38.516971588134766,764.1900024414062,315.5927734375,638.2899780273438,0.41297683119773865,19.92998695373535,4.600100040435791,=NA(),=NA(),1.4215518236160278,1.4163999557495117,0.34380000829696655,0.08399999886751175,=NA(),20,1013.25,32.22471618652344,33.82084655761719,909.5400390625,855.97998046875,53.55999755859375,57.23375701904297,5499.27978515625,4901.3701171875,4932.7138671875,36.05250549316406,8.551283836364746,8.503170013427734,43.767581939697266,9.054786682128906,0.030308563262224197,0,0.0011541249696165323,0,597.90966796875,-31.34375
87,11,0,1,Day,,39.509422302246094,50.490577697753906,17.97068977355957,947.2899780273438,337.0254211425781,790.989990234375,0.3557785153388977,20.850000381469727,5.039999961853027,=NA(),=NA(),1.2953118085861206,1.4163999557495117,0.34380000829696655,0.08399999886751175,=NA(),20,1013.25,14.274243354797363,37.24089813232422,1039.179931640625,968.875,70.30500030517578,63.826866149902344,6223.81005859375,5418.5498046875,5452.33984375,35.17723083496094,9.687267303466797,9.661291122436523,43.16844177246094,10.278708457946777,0.034117937088012695,0,0.0015178750036284328,0,805.26025390625,-33.7900390625
87,12,0,1,Day,,38.221923828125,51.778076171875,354.0806579589844,948.989990234375,326.472412109375,792.3900146484375,0.34402093291282654,21.899988174438477,5.309999942779541,=NA(),=NA(),1.2721240520477295,1.4163999557495117,0.34380000829696655,0.08399999886751175,=NA(),20,1013.25,-4.643265724182129,37.981727600097656,1022.6500244140625,951.1950073242188,71.45500183105469,64.27312469482422,6109.7802734375,5310.16015625,5341.92431640625,35.13099670410156,9.503579139709473,9.490479469299316,43.07383728027344,10.076528549194336,0.03340793773531914,0,0.0015690624713897705,0,799.6201171875,-31.76416015625
87,13,0,1,Day,,41.91484451293945,48.08515548706055,331.4229431152344,348.69000244140625,325.92681884765625,30.59000015258789,0.9347180128097534,20.800012588500977,5.330100059509277,=NA(),=NA(),1.3428394794464111,1.4163999557495117,0.34380000829696655,0.08399999886751175,=NA(),20,1013.25,-23.23934555053711,35.91914749145508,377.17498779296875,342.2900085449219,34.88500213623047,36.250633239746094,2168.4599609375,2073.22998046875,2085.560791015625,38.36574935913086,3.397507905960083,3.3465559482574463,44.76508712768555,3.5879251956939697,0.011849812231957912,0,0.0007219999679364264,0,95.22998046875,-12.330810546875
87,14,0,1,Day,,49.465797424316406,40.534202575683594,313.2598876953125,511.20001220703125,343.5903015136719,257.8999938964844,0.672124981880188,21.300012588500977,5.170100212097168,=NA(),=NA(),1.536848545074463,1.4163999557495117,0.34380000829696655,0.08399999886751175,=NA(),20,1013.25,-40.419193267822266,31.38907814025879,611.9749755859375,562.3699951171875,49.605003356933594,46.348106384277344,3628.93994140625,3355.590087890625,3377.19384765625,37.380645751953125,5.6467366218566895,5.542429447174072,44.37877655029297,5.970202922821045,0.019789062440395355,0,0.0010298750130459666,0,273.349853515625,-21.603759765625
87,15,0,1,Day,,59.378719329833984,30.621280670166016,299.40576171875,205.41000366210938,200.41531372070312,9.805800437927246,0.9756842851638794,21.029993057250977,4.859899997711182,=NA(),=NA(),1.9583786725997925,1.4163999557495117,0.34380000829696655,0.08399999886751175,=NA(),20,1013.25,-55.80643081665039,24.994049072265625,215.6199951171875,173.21499633789062,42.404998779296875,30.0518741607666,1162.0799560546875,1133.739990234375,1130.647216796875,38.90406036376953,1.8159236907958984,1.7000154256820679,44.49382019042969,1.9443295001983643,0.005993187427520752,0,0.0008770624990575016,0,28.3399658203125,3.0927734375
87,16,0,1,Day,,70.59740447998047,19.40259552001953,288.443115234375,118.4000015258789,117.23722076416016,3.500200033187866,0.9901792407035828,20.240015029907227,3.2600998878479004,=NA(),=NA(),2.9882049560546875,1.4163999557495117,0.34380000829696655,0.08399999886751175,=NA(),20,1013.25,-37.43397903442383,36.13142013549805,131.91500854492188,115,16.915000915527344,25.7449893951416,696.760009765625,690,690.7674560546875,38.715614318847656,1.1149595975875854,1.0648910999298096,44.20661544799805,1.1923894882202148,0.003788312431424856,0,0.00041506250272504985,0,6.760009765625,-0.7674560546875
87,17,0,1,Day,,82.46003723144531,7.5399627685546875,279.1090393066406,57.393001556396484,56.86935043334961,3.9907000064849854,0.9908760190010071,19.20000648498535,2.9200000762939453,=NA(),=NA(),7.234335422515869,1.4163999557495117,0.34380000829696655,0.08399999886751175,=NA(),20,1013.25,-11.210800170898438,71.396240234375,69.04000091552734,63.834999084472656,5.204999923706055,22.0668888092041,355.2699890136719,356.67999267578125,358.7280578613281,38.01670837402344,0.5897531509399414,0.5857213735580444,43.584564208984375,0.6286054253578186,0.0021016248501837254,0,0.00011162499868078157,0,-1.410003662109375,-2.048065185546875
87,18,0,1,Night,Sun below height limit of 1 degrees.,89.20043182373047,0.7995702624320984,274.0790710449219,0,0,0,0,16.670007705688477,2.9300999641418457,=NA(),0,28.176904678344727,1.4163999557495117,0.34380000829696655,0.08399999886751175,=NA(),20,1013.25,0,0,0,0,0,16.670007705688477,0,0,0,0,0,0,0,0,0,0,0,0,0,0
87,19,0,1,Night,,107.11518859863281,-17.115192413330078,261.6506652832031,0,0,0,0,14.649988174438477,2.9000000953674316,=NA(),0,64.81599426269531,1.4163999557495117,0.34380000829696655,0.08399999886751175,=NA(),20,1013.25,0,0,0,0,0,14.649988174438477,0,0,0,0,0,0,0,0,0,0,0,0,0,0
87,20,0,1,Night,,119.0494384765625,-29.049442291259766,251.8135223388672,0,0,0,0,11.980005264282227,2.890000104904175,=NA(),0,64.81599426269531,1.4163999557495117,0.34380000829696655,0.08399999886751175,=NA(),20,1013.25,0,0,0,0,0,11.980005264282227,0,0,0,0,0,0,0,0,0,0,0,0,0,0
87,21,0,1,Night,,130.2504425048828,-40.25044631958008,239.68563842773438,0,0,0,0,10.670007705688477,2.9100000858306885,=NA(),0,64.81599426269531,1.4163999557495117,0.34380000829696655,0.08399999886751175,=NA(),20,1013.25,0,0,0,0,0,10.670007705688477,0,0,0,0,0,0,0,0,0,0,0,0,0,0
87,22,0,1,Night,,139.899658203125,-49.899654388427734,223.3668670654297,0,0,0,0,9.700189590454102,2.9000000953674316,=NA(),0,64.81599426269531,1.4163999557495117,0.34380000829696655,0.08399999886751175,=NA(),20,1013.25,0,0,0,0,0,9.700006484985352,0,0,0,0,0,0,0,0,0,0,0,0,0,0
87,23,0,1,Night,,146.49107360839844,-56.49106979370117,200.7496795654297,0,0,0,0,9.399713516235352,2.8299999237060547,=NA(),0,64.81599426269531,1.4163999557495117,0.34380000829696655,0.08399999886751175,=NA(),20,1013.25,0,0,0,0,0,9.399988174438477,0,0,0,0,0,0,0,0,0,0,0,0,0,0
88,0,0,1,Night,,148.0034637451172,-58.00345993041992,173.01382446289062,0,0,0,0,9.409692764282227,2.680000066757202,=NA(),0,64.81599426269531,1.4163999557495117,0.34380000829696655,0.08399999886751175,=NA(),20,1013.25,0,0,0,0,0,9.409997940063477,0,0,0,0,0,0,0,0,0,0,0,0,0,0
88,1,0,1,Night,,143.78407287597656,-53.78407669067383,147.19703674316406,0,0,0,0,8.070215225219727,2.5599000453948975,=NA(),0,64.81599426269531,1.4163999557495117,0.34380000829696655,0.08399999886751175,=NA(),20,1013.25,0,0,0,0,0,8.070001602172852,0,0,0,0,0,0,0,0,0,0,0,0,0,0
88,2,0,1,Night,,135.46170043945312,-45.46170425415039,127.84169006347656,0,0,0,0,7.880090236663818,2.509999990463257,=NA(),0,64.81599426269531,1.4163999557495117,0.34380000829696655,0.08399999886751175,=NA(),20,1013.25,0,0,0,0,0,7.879998683929443,0,0,0,0,0,0,0,0,0,0,0,0,0,0
88,3,0,1,Night,,124.92367553710938,-34.92367172241211,113.84455871582031,0,0,0,0,7.319695949554443,2.5,=NA(),0,64.81599426269531,1.4163999557495117,0.34380000829696655,0.08399999886751175,=NA(),20,1013.25,0,0,0,0,0,7.320001125335693,0,0,0,0,0,0,0,0,0,0,0,0,0,0
88,4,0,1,Night,,113.30078887939453,-23.300785064697266,103.01538848876953,0,0,0,0,6.400292873382568,2.4500999450683594,=NA(),0,64.81599426269531,1.4163999557495117,0.34380000829696655,0.08399999886751175,=NA(),20,1013.25,0,0,0,0,0,6.399987697601318,0,0,0,0,0,0,0,0,0,0,0,0,0,0
88,5,0,1,Night,,101.20690155029297,-11.206904411315918,93.7954330444336,0,0,0,0,6.129785060882568,2.2899999618530273,=NA(),0,64.81599426269531,1.4163999557495117,0.34380000829696655,0.08399999886751175,=NA(),20,1013.25,0,0,0,0,0,6.129998683929443,0,0,0,0,0,0,0,0,0,0,0,0,0,0
88,6,0,1,Day,,86.45484924316406,3.5451483726501465,83.5811767578125,53.895999908447266,51.83102035522461,33.39500045776367,0.961685836315155,6.700097560882568,2.4500999450683594,=NA(),=NA(),13.467605590820312,1.4163999557495117,0.34380000829696655,0.08399999886751175,=NA(),20,1013.25,5.1336750984191895,81.35363006591797,69.8499984741211,66.1500015258789,3.700000047683716,9.688745498657227,294.7200012207031,309.5199890136719,311.04205322265625,39.629207611083984,0.49055051803588867,0.48871633410453796,45.043880462646484,0.5241807103157043,0.0017746875528246164,0,0.00008156249532476068,0,-14.79998779296875,-1.522064208984375
88,7,0,1,Day,,76.7000732421875,13.299925804138184,76.2296142578125,231.60000610351562,188.1438446044922,188.89999389648438,0.8123654723167419,11.580011367797852,2.819999933242798,=NA(),=NA(),4.274471759796143,1.4163999557495117,0.34380000829696655,0.08399999886751175,=NA(),20,1013.25,21.41657829284668,55.9924201965332,387.67999267578125,373.260009765625,14.420000076293945,27.254358291625977,2245.090087890625,2212.860107421875,2227.648193359375,39.62038040161133,3.5140559673309326,3.482774257659912,46.019344329833984,3.7011501789093018,0.012690500356256962,0,0.0003137500025331974,0,32.22998046875,-14.7880859375
88,8,0,1,Day,,65.12093353271484,24.879064559936523,66.19831848144531,450.510009765625,292.198974609375,376.29998779296875,0.6485959887504578,15.040002822875977,4.440000057220459,=NA(),=NA(),2.3672096729278564,1.4163999557495117,0.34380000829696655,0.08399999886751175,=NA(),20,1013.25,60,21.691606521606445,751.4849853515625,696.1700439453125,55.31999969482422,45.636253356933594,4544.16015625,4215.52001953125,4241.125,37.58697509765625,7.052382469177246,6.9132304191589355,44.8939208984375,7.446256160736084,0.024927062913775444,0,0.00107999995816499,0,328.64013671875,-25.60498046875
88,9,0,1,Day,,54.49376678466797,35.50623321533203,53.964561462402344,629.8900146484375,324.33563232421875,526.0999755859375,0.5149083733558655,17.709985733032227,4.770100116729736,=NA(),=NA(),1.7188568115234375,1.4163999557495117,0.34380000829696655,0.08399999886751175,=NA(),20,1013.25,48.57874298095703,28.61327362060547,859.27001953125,804.6600341796875,54.60499954223633,52.930015563964844,5161.8701171875,4670.43017578125,4699.07861328125,36.63193893432617,8.017508506774902,7.914757251739502,44.19744873046875,8.477993965148926,0.028387436643242836,0,0.0011426875134930015,0,491.43994140625,-28.6484375
88,10,0,1,Day,,45.644100189208984,44.355899810791016,38.14775466918945,761.5999755859375,317.0408935546875,635.8900146484375,0.4162827134132385,19.20000648498535,5.240099906921387,=NA(),=NA(),1.4290459156036377,1.4163999557495117,0.34380000829696655,0.08399999886751175,=NA(),20,1013.25,32.28215408325195,34.21495819091797,906.3349609375,852.7650146484375,53.57500076293945,56.355003356933594,5476.10986328125,4896.0302734375,4927.2001953125,36.17009353637695,8.513956069946289,8.464801788330078,43.872432708740234,9.011870384216309,0.030175937339663506,0,0.00115387502592057,0,580.07958984375,-31.169921875
88,11,0,1,Day,,39.86764907836914,50.13235092163086,17.702836990356445,832.989990234375,298.9522705078125,695.7899780273438,0.3588905930519104,20.899988174438477,5.760000228881836,=NA(),=NA(),1.3020319938659668,1.4163999557495117,0.34380000829696655,0.08399999886751175,=NA(),20,1013.25,14.249531745910645,37.63738250732422,913.7750244140625,852.02001953125,61.755001068115234,58.54936981201172,5477.580078125,4858.919921875,4888.65771484375,35.88694381713867,8.513993263244629,8.490275382995605,43.59064865112305,9.01795482635498,0.030005499720573425,0,0.0013329375069588423,0,618.66015625,-29.73779296875
88,12,0,1,Day,,38.61663818359375,51.38336181640625,354.0128173828125,842.7000122070312,292.7153015136719,703.9000244140625,0.34735408425331116,22.800012588500977,5.970099925994873,=NA(),=NA(),1.2790759801864624,1.4163999557495117,0.34380000829696655,0.08399999886751175,=NA(),20,1013.25,-4.762665748596191,38.367431640625,908.0650024414062,844.8150024414062,63.25,60.336265563964844,5429.7900390625,4785.25,4812.66650390625,35.662872314453125,8.434308052062988,8.423073768615723,43.343231201171875,8.931727409362793,0.029675500467419624,0,0.0013888124376535416,0,644.5400390625,-27.41650390625
88,13,0,1,Day,,42.30303192138672,47.69696807861328,331.5467529296875,750.1099853515625,300.9462585449219,607.3099975585938,0.40120285749435425,22.9999942779541,5.860000133514404,=NA(),=NA(),1.351063847541809,1.4163999557495117,0.34380000829696655,0.08399999886751175,=NA(),20,1013.25,-23.440324783325195,36.281375885009766,849.375,795.6500244140625,53.720001220703125,57.935630798339844,5109.98974609375,4541.52001953125,4570.09912109375,35.95387649536133,7.9443793296813965,7.913422107696533,43.532711029052734,8.417435646057129,0.028071938082575798,0,0.0011614374816417694,0,568.4697265625,-28.5791015625
88,14,0,1,Day,,49.82366180419922,40.17633819580078,313.48504638671875,425.0899963378906,341.74407958984375,129.19000244140625,0.8039335012435913,22.9999942779541,5.659900188446045,=NA(),=NA(),1.5481418371200562,1.4163999557495117,0.34380000829696655,0.08399999886751175,=NA(),20,1013.25,-40.67237091064453,31.72218894958496,487.69500732421875,438.80999755859375,48.88500213623047,43.019981384277344,2839.6298828125,2654.030029296875,2669.978515625,37.67869186401367,4.428950786590576,4.310988426208496,44.35883712768555,4.683093547821045,0.015361249446868896,0,0.0009998750174418092,0,185.599853515625,-15.948486328125
88,15,0,1,Day,,59.70556640625,30.294431686401367,299.66680908203125,513.510009765625,303.2023620605469,416.9100036621094,0.5904507040977478,23.300012588500977,5.059999942779541,=NA(),=NA(),1.9773361682891846,1.4163999557495117,0.34380000829696655,0.08399999886751175,=NA(),20,1013.25,-56.08484649658203,25.30055809020996,762.125,708.97998046875,53.150001525878906,54.58812713623047,4580.8701171875,4118.2998046875,4143.626953125,36.38031768798828,7.118781089782715,6.997221946716309,43.75159454345703,7.53211784362793,0.02508656308054924,0,0.0011290624970570207,0,462.5703125,-25.3271484375
88,16,0,1,Day,,70.90087890625,19.099124908447266,288.7135314941406,155.69000244140625,150.91610717773438,14.59000015258789,0.9693371653556824,22.3799991607666,3.26990008354187,=NA(),=NA(),3.0330612659454346,1.4163999557495117,0.34380000829696655,0.08399999886751175,=NA(),20,1013.25,-36.51301193237305,37.29659652709961,188.05999755859375,167.77999877929688,20.28499984741211,30.18499183654785,1024.4100341796875,998.9200439453125,1001.759521484375,38.50547409057617,1.6258760690689087,1.5638201236724854,44.25875473022461,1.7288674116134644,0.005586749874055386,0,0.0004976874915882945,0,25.489990234375,-2.8394775390625
88,17,0,1,Day,,82.74646759033203,7.253534317016602,279.3822326660156,25.200000762939453,25.16193389892578,0.30149999260902405,0.9984894394874573,20.1299991607666,3.2600998878479004,=NA(),=NA(),7.489364147186279,1.4163999557495117,0.34380000829696655,0.08399999886751175,=NA(),20,1013.25,-10.772482872009277,72.12336730957031,27.389999389648438,24.899999618530273,2.490000009536743,21.277490615844727,136.0699920654297,137.0800018310547,137.76795959472656,36.6743278503418,0.23478242754936218,0.23268404603004456,42.08869171142578,0.2550831437110901,0.0008448750013485551,0,0.000053499999921768904,0,-1.010009765625,-0.687957763671875
88,18,0,1,Night,Sun below height limit of 1 degrees.,89.3302993774414,0.6697031855583191,274.4522399902344,0,0,0,0,18.040002822875977,3.2300000190734863,=NA(),0,29.49282455444336,1.4163999557495117,0.34380000829696655,0.08399999886751175,=NA(),20,1013.25,0,0,0,0,0,18.040002822875977,0,0,0,0,0,0,0,0,0,0,0,0,0,0
88,19,0,1,Night,,107.40284729003906,-17.402843475341797,261.9354553222656,0,0,0,0,16.800012588500977,3.1198999881744385,=NA(),0,64.81599426269531,1.4163999557495117,0.34380000829696655,0.08399999886751175,=NA(),20,1013.25,0,0,0,0,0,16.800012588500977,0,0,0,0,0,0,0,0,0,0,0,0,0,0
88,20,0,1,Night,,119.35150146484375,-29.351499557495117,252.10719299316406,0,0,0,0,15.189996719360352,3.049999952316284,=NA(),0,64.81599426269531,1.4163999557495117,0.34380000829696655,0.08399999886751175,=NA(),20,1013.25,0,0,0,0,0,15.189996719360352,0,0,0,0,0,0,0,0,0,0,0,0,0,0
88,21,0,1,Night,,130.57815551757812,-40.57815933227539,239.97825622558594,0,0,0,0,14.300012588500977,2.9400999546051025,=NA(),0,64.81599426269531,1.4163999557495117,0.34380000829696655,0.08399999886751175,=NA(),20,1013.25,0,0,0,0,0,14.300012588500977,0,0,0,0,0,0,0,0,0,0,0,0,0,0
88,22,0,1,Night,,140.26348876953125,-50.26348114013672,223.6121826171875,0,0,0,0,11.100000381469727,2.5899999141693115,=NA(),0,64.81599426269531,1.4163999557495117,0.34380000829696655,0.08399999886751175,=NA(),20,1013.25,0,0,0,0,0,11.100000381469727,0,0,0,0,0,0,0,0,0,0,0,0,0,0
88,23,0,1,Night,,146.88534545898438,-56.885345458984375,200.8245086669922,0,0,0,0,10.450006484985352,2.2399001121520996,=NA(),0,64.81599426269531,1.4163999557495117,0.34380000829696655,0.08399999886751175,=NA(),20,1013.25,0,0,0,0,0,10.450006484985352,0,0,0,0,0,0,0,0,0,0,0,0,0,0
89,0,0,1,Night,,148.38294982910156,-58.38294982910156,172.79660034179688,0,0,0,0,10.390008926391602,2.200000047683716,=NA(),0,64.81599426269531,1.4163999557495117,0.34380000829696655,0.08399999886751175,=NA(),20,1013.25,0,0,0,0,0,10.390008926391602,0,0,0,0,0,0,0,0,0,0,0,0,0,0
89,1,0,1,Night,,144.09841918945312,-54.09842300415039,146.78697204589844,0,0,0,0,9.430292129516602,2.4100000858306885,=NA(),0,64.81599426269531,1.4163999557495117,0.34380000829696655,0.08399999886751175,=NA(),20,1013.25,0,0,0,0,0,9.429986953735352,0,0,0,0,0,0,0,0,0,0,0,0,0,0
89,2,0,1,Night,,135.70843505859375,-45.708438873291016,127.3985595703125,0,0,0,0,8.369989395141602,2.6298999786376953,=NA(),0,64.81599426269531,1.4163999557495117,0.34380000829696655,0.08399999886751175,=NA(),20,1013.25,0,0,0,0,0,8.369989395141602,0,0,0,0,0,0,0,0,0,0,0,0,0,0
89,3,0,1,Night,,125.12358093261719,-35.12357711791992,113.42680358886719,0,0,0,0,7.769708156585693,2.759999990463257,=NA(),0,64.81599426269531,1.4163999557495117,0.34380000829696655,0.08399999886751175,=NA(),20,1013.25,0,0,0,0,0,7.770013332366943,0,0,0,0,0,0,0,0,0,0,0,0,0,0
89,4,0,1,Night,,113.4736557006836,-23.473657608032227,102.6270980834961,0,0,0,0,7.200006008148193,2.7999000549316406,=NA(),0,64.81599426269531,1.4163999557495117,0.34380000829696655,0.08399999886751175,=NA(),20,1013.25,0,0,0,0,0,7.200006008148193,0,0,0,0,0,0,0,0,0,0,0,0,0,0
89,5,0,1,Night,,101.36773681640625,-11.3677396774292,93.42657470703125,0,0,0,0,6.950097560882568,2.789900064468384,=NA(),0,64.81599426269531,1.4163999557495117,0.34380000829696655,0.08399999886751175,=NA(),20,1013.25,0,0,0,0,0,6.950006008148193,0,0,0,0,0,0,0,0,0,0,0,0,0,0
89,6,0,1,Day,,86.53436279296875,3.4656388759613037,83.16182708740234,41.80400085449219,40.89102554321289,15.102999687194824,0.978160560131073,6.809808254241943,3.6798999309539795,=NA(),=NA(),13.691618919372559,1.4163999557495117,0.34380000829696655,0.08399999886751175,=NA(),20,1013.25,5.021627426147461,81.54874420166016,51.29499816894531,48.099998474121094,3.190000057220459,8.989374160766602,226.10000610351562,238.24000549316406,239.06692504882812,39.409828186035156,0.3791366219520569,0.37712860107421875,44.71583557128906,0.4079981744289398,0.0013749999925494194,0,0.0000700625023455359,0,-12.139999389648438,-0.8269195556640625
89,7,0,1,Day,,76.87460327148438,13.125393867492676,75.8647689819336,229.7100067138672,186.97071838378906,188.2100067138672,0.8139424324035645,11.610010147094727,3.380000114440918,=NA(),=NA(),4.328231334686279,1.4163999557495117,0.34380000829696655,0.08399999886751175,=NA(),20,1013.25,21.11849594116211,56.48929977416992,384.57501220703125,370.34002685546875,14.239999771118164,27.16875648498535,2224.530029296875,2193.22998046875,2207.700439453125,39.62699890136719,3.4820072650909424,3.450756788253784,46.01475143432617,3.6674461364746094,0.012578187510371208,0,0.00031025000498630106,0,31.300048828125,-14.470458984375
89,8,0,1,Day,,65.32160949707031,24.678386688232422,65.82241821289062,430.6000061035156,282.4206237792969,354.8999938964844,0.6558769345283508,14.760004043579102,2.2100000381469727,=NA(),=NA(),2.3850483894348145,1.4163999557495117,0.34380000829696655,0.08399999886751175,=NA(),20,1013.25,60,22.079858779907227,714.614990234375,660.6300048828125,53.98999786376953,43.847496032714844,4314.68994140625,4026.669921875,4050.17529296875,37.820709228515625,6.693235874176025,6.555030822753906,45.02780532836914,7.06330680847168,0.023650063201785088,0,0.0010527500417083502,0,288.02001953125,-23.50537109375
89,9,0,1,Day,,54.735252380371094,35.264747619628906,53.57971954345703,625.4000244140625,323.7895812988281,522.4000244140625,0.5177319645881653,17.469995498657227,1.350100040435791,=NA(),=NA(),1.7290340662002563,1.4163999557495117,0.34380000829696655,0.08399999886751175,=NA(),20,1013.25,48.69260025024414,28.996417999267578,853.5999755859375,799.114990234375,54.48500061035156,52.46623992919922,5128.35986328125,4647.64013671875,4675.2412109375,36.70057678222656,7.961922645568848,7.858758926391602,44.24445343017578,8.415616989135742,0.028198249638080597,0,0.001140187494456768,0,480.7197265625,-27.60107421875
89,10,0,1,Day,,45.94164276123047,44.05835723876953,37.78335189819336,665.4099731445312,314.36981201171875,504.80999755859375,0.4724453091621399,19.860010147094727,1.1198999881744385,=NA(),=NA(),1.4366700649261475,1.4163999557495117,0.34380000829696655,0.08399999886751175,=NA(),20,1013.25,32.340118408203125,34.60799026489258,787.7049560546875,739.0800170898438,48.625,52.084373474121094,4746.02001953125,4305.740234375,4332.7265625,36.72269058227539,7.374082565307617,7.322641372680664,44.14432907104492,7.797545909881592,0.02611437439918518,0,0.0010418749880045652,0,440.27978515625,-26.986328125
89,11,0,1,Day,,40.22554397583008,49.77445602416992,17.43979835510254,746.6900024414062,302.03045654296875,582.3900146484375,0.40449243783950806,21.839990615844727,1.5801000595092773,=NA(),=NA(),1.30886709690094,1.4163999557495117,0.34380000829696655,0.08399999886751175,=NA(),20,1013.25,14.22473430633545,38.03279113769531,818.64501953125,762.6649780273438,55.98500061035156,55.513755798339844,4900.93994140625,4393.009765625,4419.22900390625,36.2806510925293,7.612922668457031,7.588956832885742,43.763214111328125,8.056180000305176,0.026833124458789825,0,0.0012066875351592898,0,507.93017578125,-26.21923828125
89,12,0,1,Day,,39.010231018066406,50.989768981933594,353.9464416503906,748.510009765625,304.0467834472656,572,0.4062027037143707,22.409997940063477,2.3399999141693115,=NA(),=NA(),1.2861448526382446,1.4163999557495117,0.34380000829696655,0.08399999886751175,=NA(),20,1013.25,-4.8828911781311035,38.75188446044922,807.0499877929688,750.3399658203125,56.709999084472656,55.696861267089844,4817.2197265625,4314.83984375,4338.21533203125,36.27558517456055,7.474405288696289,7.455163955688477,43.706172943115234,7.907342910766602,0.02631756290793419,0,0.0012446249602362514,0,502.3798828125,-23.37548828125
89,13,0,1,Day,,42.690101623535156,47.309898376464844,331.6684875488281,463.7900085449219,373.53546142578125,122.79000091552734,0.8053978085517883,22.490015029907227,2.9000000953674316,=NA(),=NA(),1.359427571296692,1.4163999557495117,0.34380000829696655,0.08399999886751175,=NA(),20,1013.25,-23.642406463623047,36.64216995239258,507.58502197265625,464.2900085449219,43.30000305175781,43.308128356933594,2962.8798828125,2767.070068359375,2784.18310546875,37.664676666259766,4.620046138763428,4.562373638153076,44.39982223510742,4.88295316696167,0.016153937205672264,0,0.0009033125243149698,0,195.809814453125,-17.113037109375
89,14,0,1,Day,,50.18077850341797,39.81922149658203,313.707275390625,626.2999877929688,313.92877197265625,487.79998779296875,0.5012434720993042,22.68999671936035,3.029900074005127,=NA(),=NA(),1.5596386194229126,1.4163999557495117,0.34380000829696655,0.08399999886751175,=NA(),20,1013.25,-40.92643356323242,32.053829193115234,785.8900146484375,735.739990234375,50.150001525878906,54.925621032714844,4730.01025390625,4247.990234375,4274.5478515625,36.34012222290039,7.35170841217041,7.267816543579102,43.77003479003906,7.782633304595947,0.02600518800318241,0,0.001059749978594482,0,482.02001953125,-26.5576171875
89,15,0,1,Day,,60.03172302246094,29.968278884887695,299.92547607421875,461.6000061035156,296.50848388671875,330.5,0.6423494219779968,23.219995498657227,2.95989990234375,=NA(),=NA(),1.996686339378357,1.4163999557495117,0.34380000829696655,0.08399999886751175,=NA(),20,1013.25,-56.36356735229492,25.605649948120117,673.949951171875,622.39501953125,51.55500030517578,50.873130798339844,4026.8701171875,3666.260009765625,3688.025390625,36.8392333984375,6.257132053375244,6.1341352462768555,43.98579406738281,6.614564895629883,0.02198137529194355,0,0.0010892499703913927,0,360.610107421875,-21.765380859375
89,16,0,1,Day,,71.20357513427734,18.796424865722656,288.98223876953125,122.30999755859375,120.79356384277344,4.706399917602539,0.9876016974449158,23.159997940063477,2.3499999046325684,=NA(),=NA(),3.0792367458343506,1.4163999557495117,0.34380000829696655,0.08399999886751175,=NA(),20,1013.25,-35.628047943115234,38.4306640625,138.86500549316406,122.27999877929688,16.59000015258789,28.9575138092041,740.3300170898438,724.780029296875,725.35888671875,38.33983612060547,1.182323694229126,1.1326055526733398,43.864959716796875,1.2640403509140015,0.00405131233856082,0,0.00040318749961443245,0,15.54998779296875,-0.578857421875
89,17,0,1,Day,,83.0322494506836,6.967747211456299,279.65435791015625,31.509000778198242,31.446962356567383,0.5113999843597412,0.9980310797691345,21.839990615844727,2.809999942779541,=NA(),=NA(),7.761712074279785,1.4163999557495117,0.34380000829696655,0.08399999886751175,=NA(),20,1013.25,-10.337210655212402,72.84636688232422,34.595001220703125,31.514999389648438,3.0799999237060547,23.288110733032227,174.14999389648438,174.10000610351562,174.89414978027344,36.77041244506836,0.29727375507354736,0.2946917712688446,42.20816421508789,0.3214167654514313,0.0010645624715834856,0,0.00006600000051548705,0,0.04998779296875,-0.7941436767578125
89,18,0,1,Night,Sun below height limit of 1 degrees.,89.45509338378906,0.5449067950248718,274.82696533203125,0,0,0,0,19.040002822875977,3.039900064468384,=NA(),0,30.846858978271484,1.4163999557495117,0.34380000829696655,0.08399999886751175,=NA(),20,1013.25,0,0,0,0,0,19.040002822875977,0,0,0,0,0,0,0,0,0,0,0,0,0,0
89,19,0,1,Night,,107.68994140625,-17.689943313598633,262.2204284667969,0,0,0,0,14.850000381469727,3.1198999881744385,=NA(),0,64.81599426269531,1.4163999557495117,0.34380000829696655,0.08399999886751175,=NA(),20,1013.25,0,0,0,0,0,14.850000381469727,0,0,0,0,0,0,0,0,0,0,0,0,0,0
89,20,0,1,Night,,119.65254974365234,-29.65254783630371,252.40184020996094,0,0,0,0,12.800012588500977,3.029900074005127,=NA(),0,64.81599426269531,1.4163999557495117,0.34380000829696655,0.08399999886751175,=NA(),20,1013.25,0,0,0,0,0,12.800012588500977,0,0,0,0,0,0,0,0,0,0,0,0,0,0
89,21,0,1,Night,,130.90452575683594,-40.90453338623047,240.27304077148438,0,0,0,0,11.679986953735352,2.8299999237060547,=NA(),0,64.81599426269531,1.4163999557495117,0.34380000829696655,0.08399999886751175,=NA(),20,1013.25,0,0,0,0,0,11.679986953735352,0,0,0,0,0,0,0,0,0,0,0,0,0,0
89,22,0,1,Night,,140.625732421875,-50.625728607177734,223.8607177734375,0,0,0,0,11.230005264282227,2.850100040435791,=NA(),0,64.81599426269531,1.4163999557495117,0.34380000829696655,0.08399999886751175,=NA(),20,1013.25,0,0,0,0,0,11.230005264282227,0,0,0,0,0,0,0,0,0,0,0,0,0,0
89,23,0,1,Night,,147.2784423828125,-57.2784423828125,200.9009246826172,0,0,0,0,10.800012588500977,3.1198999881744385,=NA(),0,64.81599426269531,1.4163999557495117,0.34380000829696655,0.08399999886751175,=NA(),20,1013.25,0,0,0,0,0,10.800012588500977,0,0,0,0,0,0,0,0,0,0,0,0,0,0
90,0,0,1,Night,,148.7610321044922,-58.76102828979492,172.57550048828125,0,0,0,0,9.829797744750977,3.5000998973846436,=NA(),0,64.81599426269531,1.4163999557495117,0.34380000829696655,0.08399999886751175,=NA(),20,1013.25,0,0,0,0,0,9.830011367797852,0,0,0,0,0,0,0,0,0,0,0,0,0,0
90,1,0,1,Night,,144.4105682373047,-54.41056442260742,146.3720703125,0,0,0,0,9.430292129516602,3.900099992752075,=NA(),0,64.81599426269531,1.4163999557495117,0.34380000829696655,0.08399999886751175,=NA(),20,1013.25,0,0,0,0,0,9.429986953735352,0,0,0,0,0,0,0,0,0,0,0,0,0,0
90,2,0,1,Night,,135.95274353027344,-45.9527473449707,126.95294952392578,0,0,0,0,9.900293350219727,4.039999961853027,=NA(),0,64.81599426269531,1.4163999557495117,0.34380000829696655,0.08399999886751175,=NA(),20,1013.25,0,0,0,0,0,9.899988174438477,0,0,0,0,0,0,0,0,0,0,0,0,0,0
90,3,0,1,Night,,125.3215103149414,-35.321510314941406,113.00834655761719,0,0,0,0,8.939691543579102,3.8499999046325684,=NA(),0,64.81599426269531,1.4163999557495117,0.34380000829696655,0.08399999886751175,=NA(),20,1013.25,0,0,0,0,0,8.939996719360352,0,0,0,0,0,0,0,0,0,0,0,0,0,0
90,4,0,1,Night,,113.64510345458984,-23.645099639892578,102.23902130126953,0,0,0,0,8.600000381469727,3.51990008354187,=NA(),0,64.81599426269531,1.4163999557495117,0.34380000829696655,0.08399999886751175,=NA(),20,1013.25,0,0,0,0,0,8.600000381469727,0,0,0,0,0,0,0,0,0,0,0,0,0,0
90,5,0,1,Night,,101.52759552001953,-11.527593612670898,93.0584716796875,0,0,0,0,8.399896621704102,3.450000047683716,=NA(),0,64.81599426269531,1.4163999557495117,0.34380000829696655,0.08399999886751175,=NA(),20,1013.25,0,0,0,0,0,8.399988174438477,0,0,0,0,0,0,0,0,0,0,0,0,0,0
90,6,0,1,Day,,86.6145248413086,3.3854787349700928,82.74373626708984,47.702999114990234,46.28553771972656,24.003000259399414,0.9702857136726379,7.979791164398193,3.930000066757202,=NA(),=NA(),13.924395561218262,1.4163999557495117,0.34380000829696655,0.08399999886751175,=NA(),20,1013.25,4.908778190612793,81.74534606933594,59.75,56.32499694824219,3.4200000762939453,10.532495498657227,256.0400085449219,268.17999267578125,269.00494384765625,39.383235931396484,0.42690399289131165,0.4243459403514862,44.69408416748047,0.4590158462524414,0.0015496250707656145,0,0.00007518749771406874,0,-12.139984130859375,-0.824951171875
90,7,0,1,Day,,77.04937744140625,12.950618743896484,75.5016098022461,189.50999450683594,162.99765014648438,118.30000305175781,0.8601005673408508,12.290002822875977,3.4398999214172363,=NA(),=NA(),4.383452415466309,1.4163999557495117,0.34380000829696655,0.08399999886751175,=NA(),20,1013.25,20.822078704833984,56.98439025878906,300.7750244140625,287.7250061035156,13.050000190734863,24.475610733032227,1721.510009765625,1712.47998046875,1723.3421630859375,39.753562927246094,2.7094154357910156,2.681216239929199,45.92985916137695,2.85420298576355,0.009763374924659729,0,0.0002817499917000532,0,9.030029296875,-10.8621826171875
90,8,0,1,Day,,65.52278900146484,24.477214813232422,65.4489517211914,434.20001220703125,284.6678161621094,360.8999938964844,0.6556144952774048,14.929986953735352,2.8798999786376953,=NA(),=NA(),2.4032304286956787,1.4163999557495117,0.34380000829696655,0.08399999886751175,=NA(),20,1013.25,60,22.467164993286133,724.3399658203125,670.1199951171875,54.220001220703125,44.441856384277344,4375.580078125,4075.340087890625,4098.1494140625,37.7556037902832,6.784195899963379,6.6440110206604,44.977272033691406,7.158938407897949,0.023994186893105507,0,0.0010544999968260527,0,300.239990234375,-22.809326171875
90,9,0,1,Day,,54.977516174316406,35.022483825683594,53.198448181152344,615.010009765625,320.2503662109375,513.6099853515625,0.520723819732666,19.600000381469727,1.649999976158142,=NA(),=NA(),1.7393966913223267,1.4163999557495117,0.34380000829696655,0.08399999886751175,=NA(),20,1013.25,48.80731964111328,29.378337860107422,839.699951171875,785.8050537109375,53.89500045776367,54.089378356933594,5045.14990234375,4545.7099609375,4571.71142578125,36.49015808105469,7.830507278442383,7.7280473709106445,44.003456115722656,8.278677940368652,0.027734875679016113,0,0.001127874944359064,0,499.43994140625,-26.00146484375
90,10,0,1,Day,,46.23957824707031,43.76042175292969,37.42386245727539,741.9000244140625,313.35711669921875,619.5999755859375,0.4223710894584656,21.6400089263916,0.6100000143051147,=NA(),=NA(),1.444425106048584,1.4163999557495117,0.34380000829696655,0.08399999886751175,=NA(),20,1013.25,32.39870071411133,34.99981689453125,882.8800048828125,830.3900146484375,52.48500061035156,57.917503356933594,5328.10986328125,4736.5400390625,4765.52490234375,35.96882629394531,8.280668258666992,8.229692459106445,43.617286682128906,8.767078399658203,0.029351750388741493,0,0.0011294999858364463,0,591.56982421875,-28.98486328125
90,11,0,1,Day,,40.58300018310547,49.41699981689453,17.18163299560547,809.8099975585938,296.79180908203125,675.5,0.36649560928344727,22.850000381469727,1.3598999977111816,=NA(),=NA(),1.3158169984817505,1.4163999557495117,0.34380000829696655,0.08399999886751175,=NA(),20,1013.25,14.199950218200684,38.4269905090332,888.1300048828125,827.9299926757812,60.20500183105469,59.490013122558594,5322.27978515625,4704.52001953125,4731.55810546875,35.77214431762695,8.26683235168457,8.241604804992676,43.41238021850586,8.7527437210083,0.02915024943649769,0,0.0012981250183656812,0,617.759765625,-27.0380859375
90,12,0,1,Day,,39.40272521972656,50.59727478027344,353.88165283203125,814.0999755859375,291.3661193847656,676.5,0.35789966583251953,23.459985733032227,2.0399999618530273,=NA(),=NA(),1.2933332920074463,1.4163999557495117,0.34380000829696655,0.08399999886751175,=NA(),20,1013.25,-5.0038604736328125,39.135128021240234,877.5450439453125,816.3299560546875,61.21500015258789,59.777488708496094,5243.10986328125,4629.419921875,4652.68505859375,35.76609420776367,8.130412101745605,8.089487075805664,43.345733642578125,8.605806350708008,0.02865181304514408,0,0.001343499985523522,0,613.68994140625,-23.26513671875
90,13,0,1,Day,,43.07616424560547,46.92383575439453,331.788330078125,749.5999755859375,301.6171875,613.2999877929688,0.4023708701133728,23.93999671936035,2.430000066757202,=NA(),=NA(),1.3679356575012207,1.4163999557495117,0.34380000829696655,0.08399999886751175,=NA(),20,1013.25,-23.845645904541016,37.00164794921875,850.1849975585938,796.4649658203125,53.720001220703125,58.962486267089844,5115.9599609375,4530.0302734375,4557.1337890625,35.82710266113281,7.9498748779296875,7.9168701171875,43.402286529541016,8.424482345581055,0.02810800075531006,0,0.0011594999814406037,0,585.9296875,-27.103515625
90,14,0,1,Day,,50.537269592285156,39.462730407714844,313.9267578125,624.5,313.3854675292969,489.5,0.5018181800842285,24.55999183654785,2.6201000213623047,=NA(),=NA(),1.5713473558425903,1.4163999557495117,0.34380000829696655,0.08399999886751175,=NA(),20,1013.25,-41.18151092529297,32.38410949707031,785.4249877929688,735.219970703125,50.20500183105469,56.839988708496094,4726.16015625,4215.47021484375,4241.24072265625,36.08797073364258,7.345391750335693,7.260821342468262,43.521053314208984,7.778377056121826,0.025983499363064766,0,0.0010595000348985195,0,510.68994140625,-25.7705078125
90,15,0,1,Day,,60.357398986816406,29.642601013183594,300.1817932128906,450.4100036621094,294.70867919921875,314.80999755859375,0.654312014579773,24.600000381469727,2.569999933242798,=NA(),=NA(),2.016453266143799,1.4163999557495117,0.34380000829696655,0.08399999886751175,=NA(),20,1013.25,-56.64282989501953,25.9094181060791,649.489990234375,596.1849975585938,53.29999923706055,51.31249237060547,3862.52001953125,3510.510009765625,3530.422607421875,36.770626068115234,6.0009355545043945,5.870513916015625,43.84920120239258,6.344642639160156,0.021018562838435173,0,0.0011216874700039625,0,352.010009765625,-19.91259765625
90,16,0,1,Day,,71.50556945800781,18.494430541992188,289.2492980957031,116.98999786376953,115.72457122802734,3.9892001152038574,0.9891834855079651,23.850000381469727,2.259999990463257,=NA(),=NA(),3.126798629760742,1.4163999557495117,0.34380000829696655,0.08399999886751175,=NA(),20,1013.25,-34.77522277832031,39.53653335571289,132.125,116.44499969482422,15.680000305175781,29.37249183654785,703.5599975585938,687.7200317382812,687.6649169921875,38.243202209472656,1.1237268447875977,1.077034831047058,43.7195930480957,1.2031807899475098,0.0038640624843537807,0,0.000378249998902902,0,15.8399658203125,0.05511474609375
90,17,0,1,Day,,83.31658935546875,6.683407306671143,279.9254455566406,25.200000762939453,25.1649112701416,0.30149999260902405,0.9986075758934021,22.709985733032227,2.6700000762939453,=NA(),=NA(),8.052262306213379,1.4163999557495117,0.34380000829696655,0.08399999886751175,=NA(),20,1013.25,-9.906067848205566,73.56336212158203,27.424999237060547,24.950000762939453,2.4700000286102295,23.86187171936035,136.14999389648438,135.8000030517578,136.3392791748047,36.3094367980957,0.23468290269374847,0.23267386853694916,41.70867919921875,0.2555913031101227,0.000845562492031604,0,0.000052999999752501026,0,0.3499908447265625,-0.539276123046875
90,18,0,1,Night,Sun below height limit of 1 degrees.,89.57420349121094,0.4257931709289551,275.2008972167969,0,0,0,0,17.57000160217285,2.789900064468384,=NA(),0,32.22665023803711,1.4163999557495117,0.34380000829696655,0.08399999886751175,=NA(),20,1013.25,0,0,0,0,0,17.57000160217285,0,0,0,0,0,0,0,0,0,0,0,0,0,0
90,19,0,1,Night,,107.97529602050781,-17.975292205810547,262.5054931640625,0,0,0,0,14.700006484985352,2.809999942779541,=NA(),0,64.81599426269531,1.4163999557495117,0.34380000829696655,0.08399999886751175,=NA(),20,1013.25,0,0,0,0,0,14.700006484985352,0,0,0,0,0,0,0,0,0,0,0,0,0,0
90,20,0,1,Night,,119.95160675048828,-29.95160484313965,252.69752502441406,0,0,0,0,13.100000381469727,2.6900999546051025,=NA(),0,64.81599426269531,1.4163999557495117,0.34380000829696655,0.08399999886751175,=NA(),20,1013.25,0,0,0,0,0,13.100000381469727,0,0,0,0,0,0,0,0,0,0,0,0,0,0
90,21,0,1,Night,,131.2288055419922,-41.22880554199219,240.57000732421875,0,0,0,0,12.140008926391602,2.5999999046325684,=NA(),0,64.81599426269531,1.4163999557495117,0.34380000829696655,0.08399999886751175,=NA(),20,1013.25,0,0,0,0,0,12.140008926391602,0,0,0,0,0,0,0,0,0,0,0,0,0,0
90,22,0,1,Night,,140.9862060546875,-50.9862060546875,224.11256408691406,0,0,0,0,11.529993057250977,2.70989990234375,=NA(),0,64.81599426269531,1.4163999557495117,0.34380000829696655,0.08399999886751175,=NA(),20,1013.25,0,0,0,0,0,11.529993057250977,0,0,0,0,0,0,0,0,0,0,0,0,0,0
90,23,0,1,Night,,147.6702117919922,-57.67021179199219,200.97909545898438,0,0,0,0,10.899988174438477,2.8698999881744385,=NA(),0,64.81599426269531,1.4163999557495117,0.34380000829696655,0.08399999886751175,=NA(),20,1013.25,0,0,0,0,0,10.899988174438477,0,0,0,0,0,0,0,0,0,0,0,0,0,0