Day of year,Hour,Minute,Period (h),Flag,Message,Solar zenith (degrees),Solar elevation (degrees),Solar azimuth (degrees),GHI (W/m2),DHI (W/m2),DNI (W/m2),Diffuse fraction,Ambient temperature (°C),Wind velocity (m/s),Wind direction,Opaque cloud fraction,Air mass,Precipitable water vapour (cm),Ozone (atm.cm),Aerosol optical density,Relative humidity (%),Far field albedo (%),Surface pressure (mb),Module tilt (degrees),Incident angle (degrees),VF power for Tmod [average] (W/m2),VF power for Tmod front [average] (W/m2),VF power for Tmod rear [average] (W/m2),Module temperature [average] (C),Power - no mismatch @25C [unit-system] (W),Power - no mismatch [unit-system] (W),Power [unit-system] (W),Vmp [average] (V),Imp [average] (A),Imp [minimum] (A),Voc [average] (V),Isc [average] (A),Jfront [average] (A/cm2),Ifront [average] (A),Jrear [average] (A/cm2),Irear [average] (A),Temperature loss (W),Cell-to-cell mismatch loss (W)
244,0,0,1,Night,,153.00567626953125,-63.005680084228516,169.29052734375,0,0,0,0,7.200006008148193,3.73009991645813,=NA(),0,64.81599426269531,1.4163999557495117,0.34380000829696655,0.08399999886751175,=NA(),20,1013.25,0,0,0,0,0,7.200006008148193,0,0,0,0,0,0,0,0,0,0,0,0,0,0
244,1,0,1,Night,,147.7339630126953,-57.73396301269531,140.91868591308594,0,0,0,0,6.799798488616943,3.609999895095825,=NA(),0,64.81599426269531,1.4163999557495117,0.34380000829696655,0.08399999886751175,=NA(),20,1013.25,0,0,0,0,0,6.800012111663818,0,0,0,0,0,0,0,0,0,0,0,0,0,0
244,2,0,1,Night,,138.4369354248047,-48.43693923950195,121.47477722167969,0,0,0,0,7.100305080413818,3.410099983215332,=NA(),0,64.81599426269531,1.4163999557495117,0.34380000829696655,0.08399999886751175,=NA(),20,1013.25,0,0,0,0,0,7.099999904632568,0,0,0,0,0,0,0,0,0,0,0,0,0,0
244,3,0,1,Night,,127.27490997314453,-37.27490997314453,108.0556869506836,0,0,0,0,6.200189113616943,3.199899911880493,=NA(),0,64.81599426269531,1.4163999557495117,0.34380000829696655,0.08399999886751175,=NA(),20,1013.25,0,0,0,0,0,6.200006008148193,0,0,0,0,0,0,0,0,0,0,0,0,0,0
244,4,0,1,Night,,115.31478881835938,-25.314788818359375,97.75084686279297,0,0,0,0,5.669702053070068,3.130000114440918,=NA(),0,64.81599426269531,1.4163999557495117,0.34380000829696655,0.08399999886751175,=NA(),20,1013.25,0,0,0,0,0,5.670007228851318,0,0,0,0,0,0,0,0,0,0,0,0,0,0
244,5,0,1,Night,,103.08769989013672,-13.087698936462402,88.86821746826172,0,0,0,0,5.070092678070068,3.2200000286102295,=NA(),0,64.81599426269531,1.4163999557495117,0.34380000829696655,0.08399999886751175,=NA(),20,1013.25,0,0,0,0,0,5.070001125335693,0,0,0,0,0,0,0,0,0,0,0,0,0,0
244,6,0,1,Day,,87.40287780761719,2.59712553024292,78.13816833496094,22.19099998474121,22.096342086791992,2.0889999866485596,0.9957343935966492,4.320214748382568,4.060100078582764,=NA(),=NA(),16.657421112060547,1.4163999557495117,0.34380000829696655,0.08399999886751175,=NA(),20,1013.25,3.809493064880371,83.67507934570312,24.53499984741211,22.610000610351562,1.9149999618530273,5.347497463226318,115.61000061035156,124.36000061035156,124.2653579711914,38.90096664428711,0.19965031743049622,0.1989729106426239,44.17715072631836,0.21768425405025482,0.000730437517631799,0,0.00004199999966658652,0,-8.75,0.09464263916015625
244,7,0,1,Day,,78.79691314697266,11.203085899353027,71.46395111083984,194.2899932861328,163.69171142578125,157.49000549316406,0.842512309551239,7.479913234710693,4.340000152587891,=NA(),=NA(),5.024880409240723,1.4163999557495117,0.34380000829696655,0.08399999886751175,=NA(),20,1013.25,18.012285232543945,61.8125114440918,320.17999267578125,308.52001953125,11.664999961853027,20.44500160217285,1813.6500244140625,1837.3900146484375,1839.7373046875,40.37882995605469,2.8476216793060303,2.8279945850372314,46.55651092529297,2.9970595836639404,0.010312062688171864,0,0.00025493750581517816,0,-23.739990234375,-2.3472900390625
244,8,0,1,Day,,67.5763168334961,22.42367935180664,61.342491149902344,394.30999755859375,269.6856689453125,326.7099914550781,0.6839432716369629,12.149988174438477,3.7599000930786133,=NA(),=NA(),2.6078195571899414,1.4163999557495117,0.34380000829696655,0.08399999886751175,=NA(),20,1013.25,60,26.721193313598633,668.0250244140625,619.3150024414062,48.709999084472656,39.26561737060547,4003.72998046875,3813.3798828125,3818.151123046875,38.39712142944336,6.215100288391113,6.081411838531494,45.482078552246094,6.555305480957031,0.02202906273305416,0,0.0009102500043809414,0,190.35009765625,-4.771240234375
244,9,0,1,Day,,57.48550033569336,32.51449966430664,49.0543098449707,561.7999877929688,310.4588928222656,467.6000061035156,0.5526146292686462,15.730005264282227,3.4700000286102295,=NA(),=NA(),1.8564531803131104,1.4163999557495117,0.34380000829696655,0.08399999886751175,=NA(),20,1013.25,49.838890075683594,33.54707336425781,767.6600341796875,716.4450073242188,51.21500015258789,47.061241149902344,4604.7802734375,4272.43994140625,4277.96728515625,37.38842010498047,7.151362419128418,7.043156623840332,44.735233306884766,7.553219318389893,0.02528156153857708,0,0.0010703749721869826,0,332.34033203125,-5.52734375
244,10,0,1,Day,,49.34825134277344,40.65174865722656,33.548221588134766,685.3900146484375,313.02215576171875,571.5900268554688,0.45670661330223083,19.209985733032227,3.240000009536743,=NA(),=NA(),1.533187985420227,1.4163999557495117,0.34380000829696655,0.08399999886751175,=NA(),20,1013.25,32.765220642089844,39.22020721435547,811.7099609375,762.5849609375,49.125,52.41875457763672,4885.81005859375,4450.10009765625,4456.32275390625,36.678062438964844,7.593671798706055,7.53630256652832,44.157310485839844,8.033474922180176,0.026903187856078148,0,0.0010498125338926911,0,435.7099609375,-6.22265625
244,11,0,1,Day,,44.319732666015625,45.680267333984375,14.337394714355469,746.2999877929688,302.14727783203125,620.7999877929688,0.40486034750938416,20.6199893951416,3.090100049972534,=NA(),=NA(),1.3965150117874146,1.4163999557495117,0.34380000829696655,0.08399999886751175,=NA(),20,1013.25,13.59428596496582,42.60198211669922,815.0150146484375,760.2899780273438,54.72999954223633,54.105613708496094,4868.60009765625,4407.98974609375,4413.22705078125,36.45867156982422,7.5654616355896,7.546781539916992,43.93239212036133,8.003912925720215,0.026676813140511513,0,0.0011782499495893717,0,460.6103515625,-5.2373046875
244,12,0,1,Day,,43.52220916748047,46.47779083251953,352.90362548828125,744.7000122070312,298.8313903808594,614.9000244140625,0.4012775421142578,21.82000160217285,2.9100000858306885,=NA(),=NA(),1.377976894378662,1.4163999557495117,0.34380000829696655,0.08399999886751175,=NA(),20,1013.25,-6.691619396209717,43.1068115234375,802.989990234375,748.0350341796875,54.959999084472656,54.888755798339844,4783.8798828125,4318.85009765625,4322.84619140625,36.359214782714844,7.430797100067139,7.41350793838501,43.79698944091797,7.860251426696777,0.02617218717932701,0,0.0011998750269412994,0,465.02978515625,-3.99609375
244,13,0,1,Day,,47.174320220947266,42.825679779052734,332.61285400390625,672.1099853515625,306.31890869140625,538.1099853515625,0.45575711131095886,22.730005264282227,2.6900999546051025,=NA(),=NA(),1.469568133354187,1.4163999557495117,0.34380000829696655,0.08399999886751175,=NA(),20,1013.25,-26.395633697509766,40.633785247802734,767.0850219726562,718.8399658203125,48.23999786376953,54.214988708496094,4595.9697265625,4158.43017578125,4163.13525390625,36.43044662475586,7.142275333404541,7.098708152770996,43.80644607543945,7.558658123016357,0.025273438543081284,0,0.0010282499715685844,0,437.53955078125,-4.705078125
244,14,0,1,Day,,54.36980056762695,35.63019943237305,315.7958068847656,546.7000122070312,308.0286865234375,409.70001220703125,0.5634327530860901,22.800012588500977,2.430000066757202,=NA(),=NA(),1.713690161705017,1.4163999557495117,0.34380000829696655,0.08399999886751175,=NA(),20,1013.25,-44.209476470947266,35.63779067993164,697.7449951171875,649.9949951171875,47.75499725341797,51.40062713623047,4189.60986328125,3827.239990234375,3831.4453125,36.778114318847656,6.511170387268066,6.417913436889648,43.99333190917969,6.887641906738281,0.02299831248819828,0,0.0009947499493137002,0,362.369873046875,-4.205322265625
244,15,0,1,Day,,63.88751220703125,26.11248779296875,302.4903869628906,366.1000061035156,270.0625915527344,218.1999969482422,0.737674355506897,22.399988174438477,1.999899983406067,=NA(),=NA(),2.2637228965759277,1.4163999557495117,0.34380000829696655,0.08399999886751175,=NA(),20,1013.25,-59.83820724487305,28.8377742767334,535.155029296875,484.05499267578125,51.095001220703125,44.300010681152344,3171.139892578125,2966.7900390625,2970.484619140625,37.58244705200195,4.940074920654297,4.814244270324707,44.39508819580078,5.22412633895874,0.01724737510085106,0,0.0009858750272542238,0,204.349853515625,-3.694580078125
244,16,0,1,Day,,74.7858657836914,15.214132308959961,291.7176208496094,185.30999755859375,166.3622283935547,72.2020034790039,0.897750973701477,21.230005264282227,2.200000047683716,=NA(),=NA(),3.762895345687866,1.4163999557495117,0.34380000829696655,0.08399999886751175,=NA(),20,1013.25,-26.76565933227539,50.35544204711914,275.8599853515625,260.67999267578125,15.180000305175781,32.456871032714844,1597.0799560546875,1553.8399658203125,1555.74609375,38.549068450927734,2.5223491191864014,2.4851081371307373,44.728641510009766,2.6631782054901123,0.009021562524139881,0,0.00031818749266676605,0,43.239990234375,-1.9061279296875
244,17,0,1,Night,Sun above horizon but GHI below 1,85.39614868164062,4.603853225708008,283.2010192871094,0,0,0,0,18.240015029907227,2.6298999786376953,=NA(),0,11.022080421447754,1.4163999557495117,0.34380000829696655,0.08399999886751175,=NA(),20,1013.25,0,0,0,0,0,18.240015029907227,0,0,0,0,0,0,0,0,0,0,0,0,0,0
244,18,0,1,Night,,98.78961181640625,-8.78961181640625,273.8830871582031,0,0,0,0,12.360010147094727,3.029900074005127,=NA(),0,64.81599426269531,1.4163999557495117,0.34380000829696655,0.08399999886751175,=NA(),20,1013.25,0,0,0,0,0,12.360010147094727,0,0,0,0,0,0,0,0,0,0,0,0,0,0
244,19,0,1,Night,,111.011962890625,-21.011960983276367,265.19488525390625,0,0,0,0,10.879999160766602,3.340100049972534,=NA(),0,64.81599426269531,1.4163999557495117,0.34380000829696655,0.08399999886751175,=NA(),20,1013.25,0,0,0,0,0,10.879999160766602,0,0,0,0,0,0,0,0,0,0,0,0,0,0
244,20,0,1,Night,,123.0846939086914,-33.08469772338867,255.47787475585938,0,0,0,0,9.859796524047852,3.549999952316284,=NA(),0,64.81599426269531,1.4163999557495117,0.34380000829696655,0.08399999886751175,=NA(),20,1013.25,0,0,0,0,0,9.860010147094727,0,0,0,0,0,0,0,0,0,0,0,0,0,0
244,21,0,1,Night,,134.5636749267578,-44.56367874145508,243.3290557861328,0,0,0,0,8.409906387329102,3.690000057220459,=NA(),0,64.81599426269531,1.4163999557495117,0.34380000829696655,0.08399999886751175,=NA(),20,1013.25,0,0,0,0,0,8.409997940063477,0,0,0,0,0,0,0,0,0,0,0,0,0,0
244,22,0,1,Night,,144.61705017089844,-54.61705780029297,226.3271484375,0,0,0,0,6.539910793304443,3.859999895095825,=NA(),0,64.81599426269531,1.4163999557495117,0.34380000829696655,0.08399999886751175,=NA(),20,1013.25,0,0,0,0,0,6.540002346038818,0,0,0,0,0,0,0,0,0,0,0,0,0,0
244,23,0,1,Night,,151.5081787109375,-61.508182525634766,201.18614196777344,0,0,0,0,7.519799709320068,4.149899959564209,=NA(),0,64.81599426269531,1.4163999557495117,0.34380000829696655,0.08399999886751175,=NA(),20,1013.25,0,0,0,0,0,7.520013332366943,0,0,0,0,0,0,0,0,0,0,0,0,0,0
245,0,0,1,Night,,152.63526916503906,-62.63527297973633,169.2433624267578,0,0,0,0,7.790307521820068,4.399899959564209,=NA(),0,64.81599426269531,1.4163999557495117,0.34380000829696655,0.08399999886751175,=NA(),20,1013.25,0,0,0,0,0,7.790002346038818,0,0,0,0,0,0,0,0,0,0,0,0,0,0
245,1,0,1,Night,,147.38340759277344,-57.38340377807617,141.14566040039062,0,0,0,0,6.730004787445068,4.549900054931641,=NA(),0,64.81599426269531,1.4163999557495117,0.34380000829696655,0.08399999886751175,=NA(),20,1013.25,0,0,0,0,0,6.730004787445068,0,0,0,0,0,0,0,0,0,0,0,0,0,0
245,2,0,1,Night,,138.1241912841797,-48.12419509887695,121.7751235961914,0,0,0,0,6.609704494476318,4.539899826049805,=NA(),0,64.81599426269531,1.4163999557495117,0.34380000829696655,0.08399999886751175,=NA(),20,1013.25,0,0,0,0,0,6.610009670257568,0,0,0,0,0,0,0,0,0,0,0,0,0,0
245,3,0,1,Night,,126.9888687133789,-36.988868713378906,108.35247039794922,0,0,0,0,6.000085353851318,4.5,=NA(),0,64.81599426269531,1.4163999557495117,0.34380000829696655,0.08399999886751175,=NA(),20,1013.25,0,0,0,0,0,5.999993801116943,0,0,0,0,0,0,0,0,0,0,0,0,0,0
245,4,0,1,Night,,115.04244995117188,-25.04244613647461,98.02972412109375,0,0,0,0,6.930108547210693,4.619900226593018,=NA(),0,64.81599426269531,1.4163999557495117,0.34380000829696655,0.08399999886751175,=NA(),20,1013.25,0,0,0,0,0,6.929986476898193,0,0,0,0,0,0,0,0,0,0,0,0,0,0
245,5,0,1,Night,,102.81914520263672,-12.819144248962402,89.13099670410156,0,0,0,0,6.759912014007568,4.820000171661377,=NA(),0,64.81599426269531,1.4163999557495117,0.34380000829696655,0.08399999886751175,=NA(),20,1013.25,0,0,0,0,0,6.760003566741943,0,0,0,0,0,0,0,0,0,0,0,0,0,0
245,6,0,1,Day,,87.27368927001953,2.7263126373291016,78.48565673828125,23.792999267578125,23.66964340209961,2.593400001525879,0.994815468788147,7.110314846038818,5.320099830627441,=NA(),=NA(),16.146493911743164,1.4163999557495117,0.34380000829696655,0.08399999886751175,=NA(),20,1013.25,3.995147943496704,83.35933685302734,26.450000762939453,24.404998779296875,2.0399999618530273,8.219995498657227,124.52000427246094,132.5,132.3779754638672,38.57929611206055,0.21445780992507935,0.21371322870254517,43.870933532714844,0.23349064588546753,0.0007825000211596489,0,0.000045000000682193786,0,-7.9799957275390625,0.1220245361328125
245,7,0,1,Day,,78.51309967041016,11.48690128326416,71.7049331665039,195.39999389648438,164.47096252441406,155.30999755859375,0.8417142629623413,12.089990615844727,5.499899864196777,=NA(),=NA(),4.908222198486328,1.4163999557495117,0.34380000829696655,0.08399999886751175,=NA(),20,1013.25,18.50572395324707,61.04214859008789,321.0299987792969,309.1549987792969,11.875,25.1199893951416,1823.1800537109375,1818.7900390625,1821.4124755859375,39.7201042175293,2.8660128116607666,2.8452539443969727,45.94218063354492,3.019503355026245,0.010361562483012676,0,0.00025906250812113285,0,4.3900146484375,-2.6224365234375
245,8,0,1,Day,,67.27047729492188,22.729520797729492,61.56977081298828,396.20001220703125,269.96923828125,326.70001220703125,0.6813963651657104,16.529993057250977,5.480100154876709,=NA(),=NA(),2.574974536895752,1.4163999557495117,0.34380000829696655,0.08399999886751175,=NA(),20,1013.25,60,26.41101837158203,667.1700439453125,617.6749877929688,49.494998931884766,43.69249725341797,4000.39990234375,3753.22998046875,3758.358642578125,37.79161071777344,6.215791702270508,6.080776691436768,44.9064826965332,6.565342903137207,0.021991437301039696,0,0.0009291250025853515,0,247.169921875,-5.128662109375
245,9,0,1,Day,,57.15315246582031,32.84684753417969,49.25140380859375,574.2999877929688,314.221435546875,479.5,0.5471381545066833,19.20000648498535,6.549900054931641,=NA(),=NA(),1.8398423194885254,1.4163999557495117,0.34380000829696655,0.08399999886751175,=NA(),20,1013.25,49.562217712402344,33.25616455078125,783.4849853515625,731.6749877929688,51.81500244140625,51.27562713623047,4699.22021484375,4296.6796875,4302.4150390625,36.82511520385742,7.302247524261475,7.194159030914307,44.22927474975586,7.722123622894287,0.02580731362104416,0,0.0010820624884217978,0,402.54052734375,-5.7353515625
245,10,0,1,Day,,48.989139556884766,41.010860443115234,33.675514221191406,695.0999755859375,314.240234375,580.4000244140625,0.452079176902771,20.670007705688477,6.920100212097168,=NA(),=NA(),1.5221502780914307,1.4163999557495117,0.34380000829696655,0.08399999886751175,=NA(),20,1013.25,32.52248764038086,38.89971160888672,822.3800048828125,772.7900390625,49.59000015258789,54.360618591308594,4953.2001953125,4480.77978515625,4486.82177734375,36.422698974609375,7.699241638183594,7.644165992736816,43.93284225463867,8.148171424865723,0.027277374640107155,0,0.0010603124974295497,0,472.42041015625,-6.0419921875
245,11,0,1,Day,,43.94776916503906,46.05223083496094,14.333401679992676,757.7100219726562,302.8240661621094,631.8099975585938,0.3996569514274597,21.83001136779785,6.800000190734863,=NA(),=NA(),1.387774109840393,1.4163999557495117,0.34380000829696655,0.08399999886751175,=NA(),20,1013.25,13.421703338623047,42.252506256103516,827.1900024414062,771.6949462890625,55.494998931884766,55.86937713623047,4942.4296875,4447,4451.876953125,36.22990417480469,7.679910182952881,7.661703109741211,43.733768463134766,8.127923965454102,0.02708124928176403,0,0.0011952499626204371,0,495.4296875,-4.876953125
245,12,0,1,Day,,43.168678283691406,46.831321716308594,352.73443603515625,754.3099975585938,298.5364685058594,624.9099731445312,0.395774245262146,22.550012588500977,6.619900226593018,=NA(),=NA(),1.3699995279312134,1.4163999557495117,0.34380000829696655,0.08399999886751175,=NA(),20,1013.25,-6.765477180480957,42.7386474609375,813.3900146484375,757.800048828125,55.59000015258789,56.068748474121094,4848.330078125,4358.8701171875,4363.2138671875,36.201786041259766,7.532803058624268,7.516524314880371,43.67084503173828,7.972670555114746,0.02652600035071373,0,0.0012136249570176005,0,489.4599609375,-4.34375
245,13,0,1,Day,,46.86840057373047,43.13159942626953,332.3229675292969,685.510009765625,305.447509765625,555.9099731445312,0.4455770254135132,23.08001136779785,6.229899883270264,=NA(),=NA(),1.4612011909484863,1.4163999557495117,0.34380000829696655,0.08399999886751175,=NA(),20,1013.25,-26.372833251953125,40.2619514465332,782.9299926757812,734.0350341796875,48.89500045776367,55.225608825683594,4693.259765625,4231.5498046875,4236.9189453125,36.29548263549805,7.2958879470825195,7.252791881561279,43.71623229980469,7.725069999694824,0.025811875239014626,0,0.0010437499731779099,0,461.7099609375,-5.369140625
245,14,0,1,Day,,54.1187629699707,35.8812370300293,315.45703125,553.4000244140625,308.3486633300781,418.1000061035156,0.5571894645690918,23.600000381469727,5.289999961853027,=NA(),=NA(),1.7033460140228271,1.4163999557495117,0.34380000829696655,0.08399999886751175,=NA(),20,1013.25,-44.11794662475586,35.273040771484375,706.75,658.8049926757812,47.94499969482422,52.576866149902344,4244.3798828125,3861.340087890625,3866.372802734375,36.616424560546875,6.5995402336120605,6.507152557373047,43.86545944213867,6.985105514526367,0.023304875940084457,0,0.0009987499797716737,0,383.039794921875,-5.03271484375
245,15,0,1,Day,,63.68266296386719,26.317337036132812,302.143798828125,368.7900085449219,271.3876647949219,219.6999969482422,0.7358866930007935,23.300012588500977,3.6798999309539795,=NA(),=NA(),2.2474982738494873,1.4163999557495117,0.34380000829696655,0.08399999886751175,=NA(),20,1013.25,-59.70873260498047,28.483173370361328,538.3699951171875,487.1549987792969,51.209999084472656,45.344993591308594,3191.52001953125,2974.97998046875,2978.779052734375,37.44203186035156,4.972454071044922,4.846013069152832,44.27007293701172,5.259706974029541,0.017357125878334045,0,0.000990999978967011,0,216.5400390625,-3.799072265625
245,16,0,1,Day,,74.61470794677734,15.385293960571289,291.3748474121094,163.6999969482422,152.63583374023438,41.702999114990234,0.9324119687080383,22.1299991607666,3.4800000190734863,=NA(),=NA(),3.7231557369232178,1.4163999557495117,0.34380000829696655,0.08399999886751175,=NA(),20,1013.25,-27.08638572692871,49.83219909667969,231.57998657226562,217.04000854492188,14.539999961853027,31.58001136779785,1325.3800048828125,1293.050048828125,1294.49755859375,38.45391082763672,2.1039721965789795,2.0680289268493652,44.51967239379883,2.2228877544403076,0.007491812575608492,0,0.00030631248955614865,0,32.3299560546875,-1.447509765625
245,17,0,1,Day,,85.3230209350586,4.676980495452881,282.8030700683594,1.19159996509552,1.19159996509552,0,1,19.07000160217285,4.179999828338623,=NA(),=NA(),10.883477210998535,1.4163999557495117,0.34380000829696655,0.08399999886751175,=NA(),20,1013.25,-6.931857109069824,78.5660400390625,1.2949999570846558,1.184999942779541,0.10999999940395355,19.1299991607666,2.880000114440918,2.880000114440918,2.849344253540039,27.697004318237305,0.006429665721952915,0.006387139204889536,35.6188850402832,0.012054646387696266,0.000039999998989515007,0,0.000002499999936844688,0,0,0.030655860900878906
245,18,0,1,Night,,98.6479721069336,-8.647972106933594,273.5337219238281,0,0,0,0,16.6199893951416,5.080100059509277,=NA(),0,64.81599426269531,1.4163999557495117,0.34380000829696655,0.08399999886751175,=NA(),20,1013.25,0,0,0,0,0,16.6199893951416,0,0,0,0,0,0,0,0,0,0,0,0,0,0
245,19,0,1,Night,,110.86993408203125,-20.869932174682617,264.82537841796875,0,0,0,0,16.540002822875977,6.149899959564209,=NA(),0,64.81599426269531,1.4163999557495117,0.34380000829696655,0.08399999886751175,=NA(),20,1013.25,0,0,0,0,0,16.540002822875977,0,0,0,0,0,0,0,0,0,0,0,0,0,0
245,20,0,1,Night,,122.92864990234375,-32.92864990234375,255.0735626220703,0,0,0,0,16.670007705688477,6.889999866485596,=NA(),0,64.81599426269531,1.4163999557495117,0.34380000829696655,0.08399999886751175,=NA(),20,1013.25,0,0,0,0,0,16.670007705688477,0,0,0,0,0,0,0,0,0,0,0,0,0,0
245,21,0,1,Night,,134.37535095214844,-44.37535095214844,242.87730407714844,0,0,0,0,17.170007705688477,7.080100059509277,=NA(),0,64.81599426269531,1.4163999557495117,0.34380000829696655,0.08399999886751175,=NA(),20,1013.25,0,0,0,0,0,17.170007705688477,0,0,0,0,0,0,0,0,0,0,0,0,0,0
245,22,0,1,Night,,144.37098693847656,-54.37099075317383,225.8433837890625,0,0,0,0,16.33001136779785,7.139999866485596,=NA(),0,64.81599426269531,1.4163999557495117,0.34380000829696655,0.08399999886751175,=NA(),20,1013.25,0,0,0,0,0,16.33001136779785,0,0,0,0,0,0,0,0,0,0,0,0,0,0
245,23,0,1,Night,,151.18307495117188,-61.18307113647461,200.80255126953125,0,0,0,0,16.089990615844727,7.470099925994873,=NA(),0,64.81599426269531,1.4163999557495117,0.34380000829696655,0.08399999886751175,=NA(),20,1013.25,0,0,0,0,0,16.089990615844727,0,0,0,0,0,0,0,0,0,0,0,0,0,0
246,0,0,1,Night,,152.26229858398438,-62.262290954589844,169.19541931152344,0,0,0,0,15.770013809204102,7.400100231170654,=NA(),0,64.81599426269531,1.4163999557495117,0.34380000829696655,0.08399999886751175,=NA(),20,1013.25,0,0,0,0,0,15.770013809204102,0,0,0,0,0,0,0,0,0,0,0,0,0,0
246,1,0,1,Night,,147.02960205078125,-57.029598236083984,141.36839294433594,0,0,0,0,15.610010147094727,7.300000190734863,=NA(),0,64.81599426269531,1.4163999557495117,0.34380000829696655,0.08399999886751175,=NA(),20,1013.25,0,0,0,0,0,15.610010147094727,0,0,0,0,0,0,0,0,0,0,0,0,0,0
246,2,0,1,Night,,137.80775451660156,-47.8077507019043,122.07273864746094,0,0,0,0,15.399988174438477,7.269999980926514,=NA(),0,64.81599426269531,1.4163999557495117,0.34380000829696655,0.08399999886751175,=NA(),20,1013.25,0,0,0,0,0,15.399988174438477,0,0,0,0,0,0,0,0,0,0,0,0,0,0
246,3,0,1,Night,,126.69904327392578,-36.699039459228516,108.64815521240234,0,0,0,0,15.100000381469727,7.339900016784668,=NA(),0,64.81599426269531,1.4163999557495117,0.34380000829696655,0.08399999886751175,=NA(),20,1013.25,0,0,0,0,0,15.100000381469727,0,0,0,0,0,0,0,0,0,0,0,0,0,0
246,4,0,1,Night,,114.76641082763672,-24.76641273498535,98.3084945678711,0,0,0,0,15.429986953735352,7.199999809265137,=NA(),0,64.81599426269531,1.4163999557495117,0.34380000829696655,0.08399999886751175,=NA(),20,1013.25,0,0,0,0,0,15.429986953735352,0,0,0,0,0,0,0,0,0,0,0,0,0,0
246,5,0,1,Night,,102.54642486572266,-12.546422958374023,89.39430236816406,0,0,0,0,15.339990615844727,7.259900093078613,=NA(),0,64.81599426269531,1.4163999557495117,0.34380000829696655,0.08399999886751175,=NA(),20,1013.25,0,0,0,0,0,15.339990615844727,0,0,0,0,0,0,0,0,0,0,0,0,0,0
246,6,0,1,Day,,87.1370849609375,2.8629114627838135,78.82714080810547,21.507999420166016,21.4527587890625,1.1059999465942383,0.9974316358566284,15.200006484985352,8,=NA(),=NA(),15.6357421875,1.4163999557495117,0.34380000829696655,0.08399999886751175,=NA(),20,1013.25,4.1916985511779785,83.02526092529297,23.790000915527344,21.895000457763672,1.8899999856948853,16.20000648498535,112.97000122070312,116.70999908447266,116.68972778320312,37.1630973815918,0.19624604284763336,0.19554764032363892,42.53202819824219,0.2142193466424942,0.0007146875141188502,0,0.000041562499973224476,0,-3.7399978637695312,0.02027130126953125
246,7,0,1,Day,,78.22667694091797,11.773324966430664,71.94733428955078,145.80999755859375,133.7501983642578,59.10499954223633,0.917290985584259,15.499994277954102,8.239999771118164,=NA(),=NA(),4.795849800109863,1.4163999557495117,0.34380000829696655,0.08399999886751175,=NA(),20,1013.25,19.008270263671875,60.25963592529297,216.22500610351562,205.4949951171875,10.729999542236328,24.30437660217285,1211.1600341796875,1211.5899658203125,1213.235595703125,39.36943435668945,1.9260411262512207,1.9075126647949219,45.35032653808594,2.031820297241211,0.006918562576174736,0,0.00023031249293126166,0,-0.429931640625,-1.6456298828125
246,8,0,1,Day,,66.96204376220703,23.03795623779297,61.798831939697266,209.89999389648438,197.06478881835938,32.79800033569336,0.9388508796691895,17.170007705688477,8.990099906921387,=NA(),=NA(),2.542743444442749,1.4163999557495117,0.34380000829696655,0.08399999886751175,=NA(),20,1013.25,60,26.100587844848633,250.875,207.09500122070312,43.775001525878906,27.54375648498535,1391.8599853515625,1376.93994140625,1371.857177734375,39.35829544067383,2.178097724914551,2.0667903423309326,45.148075103759766,2.3188681602478027,0.007331999950110912,0,0.000844812486320734,0,14.9200439453125,5.082763671875
246,9,0,1,Day,,56.818328857421875,33.181671142578125,49.45041275024414,570.510009765625,310.9770202636719,474.2099914550781,0.5450860261917114,18.95000648498535,9.310099601745605,=NA(),=NA(),1.8234657049179077,1.4163999557495117,0.34380000829696655,0.08399999886751175,=NA(),20,1013.25,49.28456497192383,32.963130950927734,775.9549560546875,724.7099609375,51.24500274658203,50.711265563964844,4650.9599609375,4260.85986328125,4266.38623046875,36.89894104003906,7.226600170135498,7.120739459991455,44.28248977661133,7.64033317565918,0.025545500218868256,0,0.0010691250208765268,0,390.10009765625,-5.5263671875
246,10,0,1,Day,,48.62757110595703,41.37242889404297,33.804039001464844,681.7999877929688,309.0237121582031,564,0.4532468616962433,20.240015029907227,9.34000015258789,=NA(),=NA(),1.5112556219100952,1.4163999557495117,0.34380000829696655,0.08399999886751175,=NA(),20,1013.25,32.27947235107422,38.57698440551758,805.5150146484375,756.9749755859375,48.540000915527344,53.219383239746094,4853.52001953125,4408.0703125,4413.400390625,36.57621765136719,7.54146671295166,7.487197399139404,44.04084777832031,7.976691722869873,0.026730624958872795,0,0.0010379999876022339,0,445.44970703125,-5.330078125
246,11,0,1,Day,,43.573387145996094,46.426612854003906,14.328225135803223,741.2000122070312,299.11492919921875,610.2000122070312,0.4035549461841583,21.339990615844727,9.239899635314941,=NA(),=NA(),1.3791438341140747,1.4163999557495117,0.34380000829696655,0.08399999886751175,=NA(),20,1013.25,13.24895191192627,41.9007453918457,808.8350219726562,754.5150146484375,54.31999969482422,54.576866149902344,4837.68994140625,4372.5302734375,4377.669921875,36.395023345947266,7.51763391494751,7.501110553741455,43.859214782714844,7.953662872314453,0.026510125026106834,0,0.0011686874786391854,0,465.15966796875,-5.1396484375
246,12,0,1,Day,,42.813358306884766,47.186641693115234,352.5608825683594,754.0900268554688,297.37579345703125,622.5900268554688,0.394350528717041,22.0200138092041,8.85990047454834,=NA(),=NA(),1.3621257543563843,1.4163999557495117,0.34380000829696655,0.08399999886751175,=NA(),20,1013.25,-6.839908123016357,42.3681755065918,813.2149658203125,757.6799926757812,55.53499984741211,55.516868591308594,4849.14013671875,4368.18994140625,4372.39453125,36.27735900878906,7.532924652099609,7.5182881355285645,43.74209213256836,7.9719157218933105,0.026531999930739403,0,0.0012122499756515026,0,480.9501953125,-4.20458984375
246,13,0,1,Day,,46.56167221069336,43.43832778930664,332.02752685546875,352.8900146484375,320.7872009277344,46.689998626708984,0.9090288281440735,22.149988174438477,8.29990005493164,=NA(),=NA(),1.452947974205017,1.4163999557495117,0.34380000829696655,0.08399999886751175,=NA(),20,1013.25,-26.35103416442871,39.8877067565918,381.91998291015625,346.6199951171875,35.30500030517578,37.80248260498047,2196.47998046875,2099.35986328125,2101.534423828125,38.157493591308594,3.442223310470581,3.380985736846924,44.58142852783203,3.6383140087127686,0.01200681272894144,0,0.0007234999793581665,0,97.1201171875,-2.174560546875
246,14,0,1,Day,,53.86735916137695,36.13264083862305,315.11334228515625,240.7100067138672,233.2196044921875,12.70300006866455,0.9688820242881775,20.32000160217285,7.539999961853027,=NA(),=NA(),1.6931431293487549,1.4163999557495117,0.34380000829696655,0.08399999886751175,=NA(),20,1013.25,-44.02724075317383,34.90562057495117,251.0449981689453,212.7449951171875,38.30000305175781,30.7393741607666,1381.81005859375,1352.0699462890625,1348.568603515625,38.83824157714844,2.169785976409912,2.069995880126953,44.70431137084961,2.3065345287323,0.0073517500422894955,0,0.0007685000309720635,0,29.7401123046875,3.5013427734375
246,15,0,1,Day,,63.47761917114258,26.522380828857422,301.7933654785156,467.989990234375,294.0196228027344,389.5899963378906,0.6282604932785034,20.709985733032227,6.400000095367432,=NA(),=NA(),2.2315163612365723,1.4163999557495117,0.34380000829696655,0.08399999886751175,=NA(),20,1013.25,-59.5797233581543,28.125913619995117,728.2850341796875,673.5599975585938,54.720001220703125,50.48436737060547,4382.8798828125,4017.43994140625,4022.982421875,36.9083251953125,6.8126373291015625,6.685571670532227,44.1982307434082,7.207906246185303,0.02402656152844429,0,0.0010634999489411712,0,365.43994140625,-5.54248046875
246,16,0,1,Day,,74.44308471679688,15.556912422180176,291.029052734375,162,151.70101928710938,38.4010009765625,0.936426043510437,20.100000381469727,5.490099906921387,=NA(),=NA(),3.684161901473999,1.4163999557495117,0.34380000829696655,0.08399999886751175,=NA(),20,1013.25,-27.410682678222656,49.30389404296875,227.44500732421875,212.82000732421875,14.625,29.368127822875977,1299.280029296875,1277.3199462890625,1278.7918701171875,38.74262237548828,2.062955856323242,2.0262694358825684,44.785125732421875,2.1784889698028564,0.007338750176131725,0,0.0003108750097453594,0,21.9600830078125,-1.471923828125
246,17,0,1,Day,,85.23289489746094,4.7671074867248535,282.41485595703125,1.6017999649047852,1.6017999649047852,0,1,18.399988174438477,5.880099773406982,=NA(),=NA(),10.717056274414062,1.4163999557495117,0.34380000829696655,0.08399999886751175,=NA(),20,1013.25,-7.057290077209473,78.34314727783203,1.7450000047683716,1.590000033378601,0.15000000596046448,18.480005264282227,4.720000267028809,4.800000190734863,4.783543109893799,30.29450225830078,0.009868796914815903,0.009802639484405518,36.74567794799805,0.01619699038565159,0.00005400000009103678,0,0.000003000000106112566,0,-0.07999992370605469,0.016457080841064453
246,18,0,1,Night,,98.50675964355469,-8.506758689880371,273.18212890625,0,0,0,0,17.399988174438477,6.440100193023682,=NA(),0,64.81599426269531,1.4163999557495117,0.34380000829696655,0.08399999886751175,=NA(),20,1013.25,0,0,0,0,0,17.399988174438477,0,0,0,0,0,0,0,0,0,0,0,0,0,0
246,19,0,1,Night,,110.72765350341797,-20.727651596069336,264.45404052734375,0,0,0,0,17.300012588500977,6.71999979019165,=NA(),0,64.81599426269531,1.4163999557495117,0.34380000829696655,0.08399999886751175,=NA(),20,1013.25,0,0,0,0,0,17.300012588500977,0,0,0,0,0,0,0,0,0,0,0,0,0,0
246,20,0,1,Night,,122.77155303955078,-32.77155303955078,254.6678009033203,0,0,0,0,17.399988174438477,7.000100135803223,=NA(),0,64.81599426269531,1.4163999557495117,0.34380000829696655,0.08399999886751175,=NA(),20,1013.25,0,0,0,0,0,17.399988174438477,0,0,0,0,0,0,0,0,0,0,0,0,0,0
246,21,0,1,Night,,134.1852569580078,-44.18525695800781,242.4251251220703,0,0,0,0,17.339990615844727,7.099899768829346,=NA(),0,64.81599426269531,1.4163999557495117,0.34380000829696655,0.08399999886751175,=NA(),20,1013.25,0,0,0,0,0,17.339990615844727,0,0,0,0,0,0,0,0,0,0,0,0,0,0
246,22,0,1,Night,,144.12242126464844,-54.12241744995117,225.36163330078125,0,0,0,0,17.100000381469727,7.080100059509277,=NA(),0,64.81599426269531,1.4163999557495117,0.34380000829696655,0.08399999886751175,=NA(),20,1013.25,0,0,0,0,0,17.100000381469727,0,0,0,0,0,0,0,0,0,0,0,0,0,0
246,23,0,1,Night,,150.85552978515625,-60.855533599853516,200.42320251464844,0,0,0,0,15.499994277954102,6.96999979019165,=NA(),0,64.81599426269531,1.4163999557495117,0.34380000829696655,0.08399999886751175,=NA(),20,1013.25,0,0,0,0,0,15.499994277954102,0,0,0,0,0,0,0,0,0,0,0,0,0,0
247,0,0,1,Night,,151.8873291015625,-61.8873291015625,169.1468048095703,0,0,0,0,14.939996719360352,6.670100212097168,=NA(),0,64.81599426269531,1.4163999557495117,0.34380000829696655,0.08399999886751175,=NA(),20,1013.25,0,0,0,0,0,14.939996719360352,0,0,0,0,0,0,0,0,0,0,0,0,0,0
247,1,0,1,Night,,146.6734161376953,-56.67341232299805,141.58697509765625,0,0,0,0,14.249994277954102,6.680099964141846,=NA(),0,64.81599426269531,1.4163999557495117,0.34380000829696655,0.08399999886751175,=NA(),20,1013.25,0,0,0,0,0,14.249994277954102,0,0,0,0,0,0,0,0,0,0,0,0,0,0
247,2,0,1,Night,,137.48878479003906,-47.4887809753418,122.36762237548828,0,0,0,0,13.950006484985352,6.520100116729736,=NA(),0,64.81599426269531,1.4163999557495117,0.34380000829696655,0.08399999886751175,=NA(),20,1013.25,0,0,0,0,0,13.950006484985352,0,0,0,0,0,0,0,0,0,0,0,0,0,0
247,3,0,1,Night,,126.40706634521484,-36.407066345214844,108.94270324707031,0,0,0,0,14.100000381469727,6.079999923706055,=NA(),0,64.81599426269531,1.4163999557495117,0.34380000829696655,0.08399999886751175,=NA(),20,1013.25,0,0,0,0,0,14.100000381469727,0,0,0,0,0,0,0,0,0,0,0,0,0,0
247,4,0,1,Night,,114.48896026611328,-24.48895835876465,98.5871353149414,0,0,0,0,13.909997940063477,5.170100212097168,=NA(),0,64.81599426269531,1.4163999557495117,0.34380000829696655,0.08399999886751175,=NA(),20,1013.25,0,0,0,0,0,13.909997940063477,0,0,0,0,0,0,0,0,0,0,0,0,0,0
247,5,0,1,Night,,102.27372741699219,-12.273730278015137,89.6581039428711,0,0,0,0,13.899988174438477,4.520100116729736,=NA(),0,64.81599426269531,1.4163999557495117,0.34380000829696655,0.08399999886751175,=NA(),20,1013.25,0,0,0,0,0,13.899988174438477,0,0,0,0,0,0,0,0,0,0,0,0,0,0
247,6,0,1,Night,Sun above horizon but GHI below 1,87.00273132324219,2.9972665309906006,79.17951965332031,0,0,0,0,13.869989395141602,3.9899001121520996,=NA(),0,15.160881996154785,1.4163999557495117,0.34380000829696655,0.08399999886751175,=NA(),20,1013.25,0,0,0,0,0,13.869989395141602,0,0,0,0,0,0,0,0,0,0,0,0,0,0
247,7,0,1,Day,,77.9367904663086,12.063211441040039,72.1911392211914,15.706000328063965,15.68361759185791,0.1071000024676323,0.9985749125480652,13.700006484985352,3.9198999404907227,=NA(),=NA(),4.6872406005859375,1.4163999557495117,0.34380000829696655,0.08399999886751175,=NA(),20,1013.25,19.521936416625977,59.462242126464844,16.709999084472656,15.029999732971191,1.6749999523162842,14.404382705688477,79.1300048828125,82.33999633789062,82.34988403320312,36.86659622192383,0.1396041065454483,0.13675086200237274,42.21474075317383,0.15427717566490173,0.0005100624985061586,0,0.000035312499676365405,0,-3.209991455078125,-0.0098876953125
247,8,0,1,Day,,66.6511001586914,23.34889793395996,62.02969741821289,21,20.960683822631836,0.09920000284910202,0.998127818107605,13.600000381469727,4.099999904632568,=NA(),=NA(),2.5111241340637207,1.4163999557495117,0.34380000829696655,0.08399999886751175,=NA(),20,1013.25,60,25.790063858032227,19.724998474121094,14.424999237060547,5.304999828338623,14.446252822875977,89.87000274658203,93.4800033569336,92.2717056274414,37.3763542175293,0.15422798693180084,0.1402711570262909,42.40925598144531,0.17346517741680145,0.0005116250249557197,0,0.00010106249828822911,0,-3.6100006103515625,1.2082977294921875
247,9,0,1,Day,,56.48106384277344,33.51893615722656,49.65140151977539,30.70800018310547,30.647533416748047,0.10949999839067459,0.9980309009552002,13.700006484985352,4.309899806976318,=NA(),=NA(),1.8073221445083618,1.4163999557495117,0.34380000829696655,0.08399999886751175,=NA(),20,1013.25,49.00596618652344,32.66797637939453,29.740001678466797,23.639999389648438,6.099999904632568,14.964380264282227,141.69000244140625,146.99000549316406,145.74530029296875,37.96310806274414,0.2398470789194107,0.2218460738658905,43.08171844482422,0.2639252841472626,0.0008103125146590173,0,0.0001223125000251457,0,-5.3000030517578125,1.2447052001953125
247,10,0,1,Day,,48.26341247558594,41.73658752441406,33.93385696411133,74.30999755859375,73.96842193603516,0.5131000280380249,0.9954033493995667,13.860010147094727,4.199999809265137,=NA(),=NA(),1.5004987716674805,1.4163999557495117,0.34380000829696655,0.08399999886751175,=NA(),20,1013.25,32.03606033325195,38.25190734863281,76.0050048828125,66.02999877929688,9.975000381469727,17.01250648498535,397.260009765625,408.1400146484375,407.06744384765625,39.10839080810547,0.6504589915275574,0.6251705884933472,44.48688507080078,0.696276843547821,0.002260062377899885,0,0.00020024999685119838,0,-10.8800048828125,1.07257080078125
247,11,0,1,Day,,43.196346282958984,46.803653717041016,14.32190990447998,34.79100036621094,34.72706604003906,0.0877000018954277,0.9981623291969299,13.100000381469727,4.380099773406982,=NA(),=NA(),1.3706185817718506,1.4163999557495117,0.34380000829696655,0.08399999886751175,=NA(),20,1013.25,13.076001167297363,41.54646301269531,37.5,34.07499694824219,3.424999952316284,14.654382705688477,190.61000061035156,197.8699951171875,197.91590881347656,38.20492172241211,0.32377129793167114,0.32031187415122986,43.61846160888672,0.34827107191085815,0.0011578125413507223,0,0.00007256249955389649,0,-7.2599945068359375,-0.0459136962890625
247,12,0,1,Day,,42.455955505371094,47.544044494628906,352.3829040527344,119.80999755859375,118.91851806640625,1.208299994468689,0.9925591945648193,12.749994277954102,5.139999866485596,=NA(),=NA(),1.3543484210968018,1.4163999557495117,0.34380000829696655,0.08399999886751175,=NA(),20,1013.25,-6.914742469787598,41.99508285522461,130.2550048828125,119.13999938964844,11.114999771118164,18.0887393951416,711.1799926757812,727.1400146484375,726.436279296875,39.687843322753906,1.1439894437789917,1.1308842897415161,45.30340576171875,1.212277889251709,0.004044812638312578,0,0.0002415000053588301,0,-15.96002197265625,0.7037353515625
247,13,0,1,Day,,46.25375747680664,43.74624252319336,331.7264709472656,146.38999938964844,144.9438018798828,2.0915000438690186,0.9901209473609924,12.300012588500977,5.369999885559082,=NA(),=NA(),1.444797396659851,1.4163999557495117,0.34380000829696655,0.08399999886751175,=NA(),20,1013.25,-26.32986068725586,39.51074981689453,153.19000244140625,136.02000427246094,17.170000076293945,18.579370498657227,836.7000122070312,853.7899780273438,853.4426879882812,39.8098258972168,1.3398202657699585,1.3039673566818237,45.5064811706543,1.4183627367019653,0.0046625626273453236,0,0.0003461875021457672,0,-17.0899658203125,0.3472900390625
247,14,0,1,Day,,53.615577697753906,36.384422302246094,314.7647705078125,114.19999694824219,113.36809539794922,1.402400016784668,0.9927154183387756,11.839990615844727,5.000100135803223,=NA(),=NA(),1.683078408241272,1.4163999557495117,0.34380000829696655,0.08399999886751175,=NA(),20,1013.25,-43.93723678588867,34.53560256958008,113.51499938964844,93.63500213623047,19.875,16.5674991607666,594.3099975585938,611.0399780273438,607.5499267578125,39.84722137451172,0.9526569247245789,0.897314190864563,45.21329116821289,1.0193721055984497,0.0032136249355971813,0,0.00039681250927969813,0,-16.72998046875,3.49005126953125
247,15,0,1,Day,,63.272098541259766,26.727901458740234,301.43914794921875,28.599000930786133,28.508285522460938,0.20170000195503235,0.996828019618988,11.899988174438477,4.349999904632568,=NA(),=NA(),2.2157506942749023,1.4163999557495117,0.34380000829696655,0.08399999886751175,=NA(),20,1013.25,-59.45077896118164,27.766006469726562,26.915000915527344,19.795000076293945,7.125,13.050012588500977,125.47000122070312,131.13999938964844,129.19969177246094,38.20203399658203,0.21128998696804047,0.19224295020103455,43.16214370727539,0.2355768084526062,0.000694937480147928,0,0.00013818750448990613,0,-5.6699981689453125,1.9403076171875
247,16,0,1,Day,,74.27030944824219,15.729691505432129,290.6802673339844,44.792999267578125,44.659969329833984,0.49070000648498535,0.9970301389694214,11.600000381469727,3.090100049972534,=NA(),=NA(),3.645742416381836,1.4163999557495117,0.34380000829696655,0.08399999886751175,=NA(),20,1013.25,-27.740386962890625,48.768211364746094,46.599998474121094,41.095001220703125,5.505000114440918,13.534387588500977,237.0800018310547,246.95999145507812,246.6654510498047,38.789344787597656,0.39741280674934387,0.3841993808746338,44.13663101196289,0.4272083640098572,0.0013940000208094716,0,0.00011624999751802534,0,-9.879989624023438,0.2945404052734375
247,17,0,1,Day,,85.15203094482422,4.847967147827148,282.0143127441406,8.204500198364258,8.204288482666016,0.0024999999441206455,0.9999741911888123,11.300012588500977,2.2499001026153564,=NA(),=NA(),10.57176399230957,1.4163999557495117,0.34380000829696655,0.08399999886751175,=NA(),20,1013.25,-7.168478488922119,78.14305877685547,8.920000076293945,8.155000686645508,0.7699999809265137,11.679986953735352,39.529998779296875,41.59000015258789,41.56985855102539,36.13130569458008,0.07190755009651184,0.0715440958738327,41.48976135253906,0.08269196003675461,0.0002759374910965562,0,0.00001650000012887176,0,-2.0600013732910156,0.0201416015625
247,18,0,1,Night,,98.36709594726562,-8.36709976196289,272.8284912109375,0,0,0,0,10.709985733032227,2.159899950027466,=NA(),0,64.81599426269531,1.4163999557495117,0.34380000829696655,0.08399999886751175,=NA(),20,1013.25,0,0,0,0,0,10.709985733032227,0,0,0,0,0,0,0,0,0,0,0,0,0,0
247,19,0,1,Night,,110.58550262451172,-20.585506439208984,264.0809020996094,0,0,0,0,10.529993057250977,2.3299999237060547,=NA(),0,64.81599426269531,1.4163999557495117,0.34380000829696655,0.08399999886751175,=NA(),20,1013.25,0,0,0,0,0,10.529993057250977,0,0,0,0,0,0,0,0,0,0,0,0,0,0
247,20,0,1,Night,,122.61366271972656,-32.61366271972656,254.2607879638672,0,0,0,0,9.220209121704102,2.5,=NA(),0,64.81599426269531,1.4163999557495117,0.34380000829696655,0.08399999886751175,=NA(),20,1013.25,0,0,0,0,0,9.219995498657227,0,0,0,0,0,0,0,0,0,0,0,0,0,0
247,21,0,1,Night,,133.99330139160156,-43.993309020996094,241.97279357910156,0,0,0,0,9.599786758422852,2.6600000858306885,=NA(),0,64.81599426269531,1.4163999557495117,0.34380000829696655,0.08399999886751175,=NA(),20,1013.25,0,0,0,0,0,9.600000381469727,0,0,0,0,0,0,0,0,0,0,0,0,0,0
247,22,0,1,Night,,143.87136840820312,-53.871368408203125,224.8821258544922,0,0,0,0,8.800104141235352,2.9100000858306885,=NA(),0,64.81599426269531,1.4163999557495117,0.34380000829696655,0.08399999886751175,=NA(),20,1013.25,0,0,0,0,0,8.800012588500977,0,0,0,0,0,0,0,0,0,0,0,0,0,0
247,23,0,1,Night,,150.52557373046875,-60.525577545166016,200.04820251464844,0,0,0,0,8.659906387329102,3.299999952316284,=NA(),0,64.81599426269531,1.4163999557495117,0.34380000829696655,0.08399999886751175,=NA(),20,1013.25,0,0,0,0,0,8.659997940063477,0,0,0,0,0,0,0,0,0,0,0,0,0,0
248,0,0,1,Night,,151.5104217529297,-61.510414123535156,169.09765625,0,0,0,0,7.800286769866943,3.799999952316284,=NA(),0,64.81599426269531,1.4163999557495117,0.34380000829696655,0.08399999886751175,=NA(),20,1013.25,0,0,0,0,0,7.800012111663818,0,0,0,0,0,0,0,0,0,0,0,0,0,0
248,1,0,1,Night,,146.3147735595703,-56.314781188964844,141.80154418945312,0,0,0,0,7.100305080413818,3.7899999618530273,=NA(),0,64.81599426269531,1.4163999557495117,0.34380000829696655,0.08399999886751175,=NA(),20,1013.25,0,0,0,0,0,7.099999904632568,0,0,0,0,0,0,0,0,0,0,0,0,0,0
248,2,0,1,Night,,137.16717529296875,-47.16716766357422,122.6597671508789,0,0,0,0,7.130212306976318,4.370100021362305,=NA(),0,64.81599426269531,1.4163999557495117,0.34380000829696655,0.08399999886751175,=NA(),20,1013.25,0,0,0,0,0,7.129998683929443,0,0,0,0,0,0,0,0,0,0,0,0,0,0
248,3,0,1,Night,,126.11274719238281,-36.11274719238281,109.23607635498047,0,0,0,0,7.100305080413818,4.900000095367432,=NA(),0,64.81599426269531,1.4163999557495117,0.34380000829696655,0.08399999886751175,=NA(),20,1013.25,0,0,0,0,0,7.099999904632568,0,0,0,0,0,0,0,0,0,0,0,0,0,0
248,4,0,1,Night,,114.20964813232422,-24.209651947021484,98.86559295654297,0,0,0,0,7.100305080413818,5.449999809265137,=NA(),0,64.81599426269531,1.4163999557495117,0.34380000829696655,0.08399999886751175,=NA(),20,1013.25,0,0,0,0,0,7.099999904632568,0,0,0,0,0,0,0,0,0,0,0,0,0,0
248,5,0,1,Night,,102.00010681152344,-12.000104904174805,89.92237854003906,0,0,0,0,7.200006008148193,5.9899001121521,=NA(),0,64.81599426269531,1.4163999557495117,0.34380000829696655,0.08399999886751175,=NA(),20,1013.25,0,0,0,0,0,7.200006008148193,0,0,0,0,0,0,0,0,0,0,0,0,0,0
248,6,0,1,Day,,86.8683853149414,3.1316118240356445,79.53791809082031,1.9924999475479126,1.9924999475479126,0,1,7.100305080413818,6.299900054931641,=NA(),=NA(),14.711276054382324,1.4163999557495117,0.34380000829696655,0.08399999886751175,=NA(),20,1013.25,4.5774335861206055,82.36754608154297,2.1750001907348633,1.9900000095367432,0.1850000023841858,7.200006008148193,6.649999618530273,6.880000114440918,6.923722267150879,33.12092590332031,0.013065220788121223,0.013008557260036469,39.18379211425781,0.020089881494641304,0.0000670000008540228,0,0.000003999999989900971,0,-0.23000049591064453,-0.04372215270996094
248,7,0,1,Day,,77.64369201660156,12.356308937072754,72.43634033203125,39.909000396728516,39.799930572509766,0.5097000002861023,0.9972670078277588,7.039788722991943,6.379899978637695,=NA(),=NA(),4.582328796386719,1.4163999557495117,0.34380000829696655,0.08399999886751175,=NA(),20,1013.25,20.04672622680664,58.65019607543945,42.46500015258789,38.18000030517578,4.289999961853027,8.791254043579102,216.3300018310547,229.3000030517578,229.28057861328125,39.313175201416016,0.36449941992759705,0.35703912377357483,44.674137115478516,0.3909986615180969,0.0012956249993294477,0,0.00009000000136438757,0,-12.970001220703125,0.0194244384765625
248,8,0,1,Day,,66.3379898071289,23.662006378173828,62.262367248535156,130.7100067138672,129.46243286132812,3.1085000038146973,0.9904553890228271,7.439996242523193,6.440100193023682,=NA(),=NA(),2.480134963989258,1.4163999557495117,0.34380000829696655,0.08399999886751175,=NA(),20,1013.25,60,25.479692459106445,134.1750030517578,103.16000366210938,31.014999389648438,13.028741836547852,704.5800170898438,732.8599853515625,724.870849609375,40.78688430786133,1.1104201078414917,1.033981204032898,45.983619689941406,1.1953537464141846,0.003653499996289611,0,0.0005949999904260039,0,-28.27996826171875,7.9891357421875
248,9,0,1,Day,,56.141807556152344,33.858192443847656,49.854408264160156,252.19000244140625,240.8850860595703,20.291000366210938,0.9551730155944824,7.499810695648193,6.639999866485596,=NA(),=NA(),1.791430115699768,1.4163999557495117,0.34380000829696655,0.08399999886751175,=NA(),20,1013.25,48.72691345214844,32.37089538574219,267.45001220703125,224.16000366210938,43.29499816894531,18.51250648498535,1470.8199462890625,1499.719970703125,1493.156494140625,40.72473907470703,2.291131019592285,2.1711490154266357,46.458194732666016,2.4317877292633057,0.007754374761134386,0,0.0008711249683983624,0,-28.9000244140625,6.5634765625
248,10,0,1,Day,,47.8972053527832,42.1027946472168,34.06504821777344,172.7100067138672,170.76036071777344,2.907900094985962,0.9887114763259888,8.300195693969727,6.990099906921387,=NA(),=NA(),1.4898945093154907,1.4163999557495117,0.34380000829696655,0.08399999886751175,=NA(),20,1013.25,31.792768478393555,37.92484664916992,178.77999877929688,156.52999877929688,22.255001068115234,15.638116836547852,978.4100341796875,1008.0399780273438,1004.784912109375,40.586830139160156,1.5471562147140503,1.4879417419433594,46.1685905456543,1.6416443586349487,0.005372812505811453,0,0.000448125007096678,0,-29.62994384765625,3.25506591796875
248,11,0,1,Day,,42.81740951538086,47.18259048461914,14.314496994018555,218.49000549316406,215.26625061035156,4.394899845123291,0.9852452874183655,9.200311660766602,7.179900169372559,=NA(),=NA(),1.3622146844863892,1.4163999557495117,0.34380000829696655,0.08399999886751175,=NA(),20,1013.25,12.903246879577637,41.19035720825195,235.86000061035156,214.97000122070312,20.895000457763672,18.80437660217285,1321.1700439453125,1346.199951171875,1346.23486328125,40.32053756713867,2.0867652893066406,2.0654101371765137,46.24204635620117,2.2009310722351074,0.007331000175327063,0,0.00044393748976290226,0,-25.0299072265625,-0.034912109375
248,12,0,1,Day,,42.09746170043945,47.90253829956055,352.2005310058594,564.7100219726562,363.9233093261719,270.6000061035156,0.6444427967071533,11.879999160766602,7.590000152587891,=NA(),=NA(),1.3466882705688477,1.4163999557495117,0.34380000829696655,0.08399999886751175,=NA(),20,1013.25,-6.990097999572754,41.62036895751953,610.175048828125,566.1749877929688,43.99500274658203,36.75688934326172,3600.9599609375,3458.14990234375,3460.306640625,38.71613311767578,5.5860209465026855,5.572019577026367,45.614097595214844,5.886575698852539,0.01970200054347515,0,0.0009588124812580645,0,142.81005859375,-2.15673828125
248,13,0,1,Day,,45.945926666259766,44.054073333740234,331.4197998046875,445.6000061035156,356.04058837890625,128.8000030517578,0.7990138530731201,12.920007705688477,8.110099792480469,=NA(),=NA(),1.4367806911468506,1.4163999557495117,0.34380000829696655,0.08399999886751175,=NA(),20,1013.25,-26.310144424438477,39.132137298583984,491.739990234375,451.7550048828125,39.98999786376953,32.92186737060547,2876.1298828125,2796.669921875,2799.7861328125,39.07147216796875,4.47865629196167,4.41883659362793,45.71035385131836,4.721103668212891,0.015737561509013176,0,0.0008293749997392297,0,79.4599609375,-3.1162109375
248,14,0,1,Day,,53.36472702026367,36.63527297973633,314.4114990234375,163,161.27088928222656,2.897700071334839,0.9893919825553894,14.050012588500977,8.280099868774414,=NA(),=NA(),1.6732006072998047,1.4163999557495117,0.34380000829696655,0.08399999886751175,=NA(),20,1013.25,-43.84914779663086,34.16374206542969,164.77499389648438,137.32000732421875,27.459999084472656,20.896265029907227,882.9000244140625,893.6900024414062,889.4644775390625,39.73724365234375,1.3986353874206543,1.3248072862625122,45.27649688720703,1.4911574125289917,0.004725875332951546,0,0.0005483750137500465,0,-10.78997802734375,4.22552490234375
248,15,0,1,Day,,63.06801986694336,26.931978225708008,301.0812683105469,386.6099853515625,276.63348388671875,242.80999755859375,0.7155362963676453,13.189996719360352,7.679999828338623,=NA(),=NA(),2.200340747833252,1.4163999557495117,0.34380000829696655,0.08399999886751175,=NA(),20,1013.25,-59.32392120361328,27.404081344604492,566.7349853515625,514.85498046875,51.87999725341797,36.21123504638672,3369.89990234375,3241.60009765625,3245.22998046875,38.73378372192383,5.236573696136475,5.109119415283203,45.56461715698242,5.522017955780029,0.018342500552535057,0,0.0010130625450983644,0,128.2998046875,-3.6298828125
248,16,0,1,Day,,74.09962463378906,15.900376319885254,290.32867431640625,201.3000030517578,177.38198852539062,87.3030014038086,0.8811822533607483,12.679986953735352,5.929999828338623,=NA(),=NA(),3.6085867881774902,1.4163999557495117,0.34380000829696655,0.08399999886751175,=NA(),20,1013.25,-28.067916870117188,48.2351188659668,304.7850036621094,288.3800048828125,16.40999984741211,24.998743057250977,1770.4000244140625,1766.8699951171875,1769.0477294921875,39.714229583740234,2.784031629562378,2.741478443145752,45.90818786621094,2.9329795837402344,0.009962687268853188,0,0.00035831250716000795,0,3.530029296875,-2.177734375
248,17,0,1,Day,,85.0816421508789,4.918355464935303,281.6065979003906,7.3059000968933105,7.305128574371338,0.008999999612569809,0.999894380569458,10.830011367797852,4.989999771118164,=NA(),=NA(),10.448247909545898,1.4163999557495117,0.34380000829696655,0.08399999886751175,=NA(),20,1013.25,-7.263821601867676,77.96876525878906,7.939999580383301,7.260000228881836,0.6850000023841858,11.170007705688477,34.59000015258789,36.459999084472656,36.39914321899414,36.02605056762695,0.06314718723297119,0.06277507543563843,41.350006103515625,0.07361679524183273,0.0002456250076647848,0,0.000014749999536434188,0,-1.8699989318847656,0.060855865478515625
248,18,0,1,Night,,98.22513580322266,-8.225138664245605,272.47283935546875,0,0,0,0,9.950098037719727,4.629899978637695,=NA(),0,64.81599426269531,1.4163999557495117,0.34380000829696655,0.08399999886751175,=NA(),20,1013.25,0,0,0,0,0,9.950006484985352,0,0,0,0,0,0,0,0,0,0,0,0,0,0
248,19,0,1,Night,,110.44157409667969,-20.441572189331055,263.7061462402344,0,0,0,0,9.089990615844727,4.309899806976318,=NA(),0,64.81599426269531,1.4163999557495117,0.34380000829696655,0.08399999886751175,=NA(),20,1013.25,0,0,0,0,0,9.089990615844727,0,0,0,0,0,0,0,0,0,0,0,0,0,0
248,20,0,1,Night,,122.45347595214844,-32.45347595214844,253.85264587402344,0,0,0,0,8.409906387329102,4.340000152587891,=NA(),0,64.81599426269531,1.4163999557495117,0.34380000829696655,0.08399999886751175,=NA(),20,1013.25,0,0,0,0,0,8.409997940063477,0,0,0,0,0,0,0,0,0,0,0,0,0,0
248,21,0,1,Night,,133.7987518310547,-43.798744201660156,241.52040100097656,0,0,0,0,7.590203762054443,4.440000057220459,=NA(),0,64.81599426269531,1.4163999557495117,0.34380000829696655,0.08399999886751175,=NA(),20,1013.25,0,0,0,0,0,7.589990139007568,0,0,0,0,0,0,0,0,0,0,0,0,0,0
248,22,0,1,Night,,143.61720275878906,-53.6171989440918,224.40504455566406,0,0,0,0,7.549706935882568,4.110000133514404,=NA(),0,64.81599426269531,1.4163999557495117,0.34380000829696655,0.08399999886751175,=NA(),20,1013.25,0,0,0,0,0,7.550012111663818,0,0,0,0,0,0,0,0,0,0,0,0,0,0
248,23,0,1,Night,,150.19290161132812,-60.19289779663086,199.6776580810547,0,0,0,0,7.130212306976318,3.7899999618530273,=NA(),0,64.81599426269531,1.4163999557495117,0.34380000829696655,0.08399999886751175,=NA(),20,1013.25,0,0,0,0,0,7.129998683929443,0,0,0,0,0,0,0,0,0,0,0,0,0,0
249,0,0,1,Night,,151.1312255859375,-61.131229400634766,169.04811096191406,0,0,0,0,6.999902248382568,3.930000066757202,=NA(),0,64.81599426269531,1.4163999557495117,0.34380000829696655,0.08399999886751175,=NA(),20,1013.25,0,0,0,0,0,6.999993801116943,0,0,0,0,0,0,0,0,0,0,0,0,0,0
249,1,0,1,Night,,145.95338439941406,-55.95337677001953,142.01219177246094,0,0,0,0,6.270013332366943,4.179999828338623,=NA(),0,64.81599426269531,1.4163999557495117,0.34380000829696655,0.08399999886751175,=NA(),20,1013.25,0,0,0,0,0,6.270013332366943,0,0,0,0,0,0,0,0,0,0,0,0,0,0
249,2,0,1,Night,,136.84239196777344,-46.84239959716797,122.94915771484375,0,0,0,0,6.099786281585693,4.389900207519531,=NA(),0,64.81599426269531,1.4163999557495117,0.34380000829696655,0.08399999886751175,=NA(),20,1013.25,0,0,0,0,0,6.099999904632568,0,0,0,0,0,0,0,0,0,0,0,0,0,0
249,3,0,1,Night,,125.81529235839844,-35.8152961730957,109.5282211303711,0,0,0,0,5.500207424163818,4.610099792480469,=NA(),0,64.81599426269531,1.4163999557495117,0.34380000829696655,0.08399999886751175,=NA(),20,1013.25,0,0,0,0,0,5.499993801116943,0,0,0,0,0,0,0,0,0,0,0,0,0,0
249,4,0,1,Night,,113.92732238769531,-23.927322387695312,99.1438217163086,0,0,0,0,4.919885158538818,4.549900054931641,=NA(),0,64.81599426269531,1.4163999557495117,0.34380000829696655,0.08399999886751175,=NA(),20,1013.25,0,0,0,0,0,4.920007228851318,0,0,0,0,0,0,0,0,0,0,0,0,0,0
249,5,0,1,Night,,101.72341918945312,-11.723419189453125,90.18708801269531,0,0,0,0,4.380090236663818,4.099999904632568,=NA(),0,64.81599426269531,1.4163999557495117,0.34380000829696655,0.08399999886751175,=NA(),20,1013.25,0,0,0,0,0,4.379998683929443,0,0,0,0,0,0,0,0,0,0,0,0,0,0
249,6,0,1,Day,,86.72663116455078,3.2733688354492188,79.89019775390625,16.29199981689453,16.27520751953125,0.29409998655319214,0.998969316482544,5.099999904632568,3.599900007247925,=NA(),=NA(),14.26229190826416,1.4163999557495117,0.34380000829696655,0.08399999886751175,=NA(),20,1013.25,4.781168460845947,82.02022552490234,17.770000457763672,16.270000457763672,1.5049999952316284,5.839990139007568,85.09000396728516,91.44000244140625,91.431884765625,38.32177734375,0.14911867678165436,0.14847399294376373,43.614749908447266,0.16418009996414185,0.0005496874800883234,0,0.00003300000025774352,0,-6.349998474121094,0.00811767578125
249,7,0,1,Day,,77.35047149658203,12.649527549743652,72.68292999267578,50.20399856567383,50.04917526245117,0.7070000171661377,0.9969161152839661,6.700097560882568,4.069900035858154,=NA(),=NA(),4.481987476348877,1.4163999557495117,0.34380000829696655,0.08399999886751175,=NA(),20,1013.25,20.57720184326172,57.831642150878906,53.69499969482422,48.28499984741211,5.409999847412109,8.908746719360352,277.5799865722656,293.80999755859375,293.80621337890625,39.664093017578125,0.4629462659358978,0.45332956314086914,45.05765914916992,0.49443432688713074,0.001638937508687377,0,0.00011324999650241807,0,-16.230010986328125,0.0037841796875
249,8,0,1,Day,,66.02423095703125,23.975765228271484,62.49686050415039,510.9100036621094,337.55694580078125,426.6099853515625,0.6606974601745605,8.990198135375977,4.590000152587891,=NA(),=NA(),2.44990611076355,1.4163999557495117,0.34380000829696655,0.08399999886751175,=NA(),20,1013.25,60,25.170122146606445,869.969970703125,810.2650146484375,59.70000076293945,44.293113708496094,5271.9599609375,4939.89990234375,4947.1953125,37.77570343017578,8.185406684875488,8.032078742980957,45.347476959228516,8.640769004821777,0.029046624898910522,0,0.0011134374653920531,0,332.06005859375,-7.29541015625
249,9,0,1,Day,,55.80157470703125,34.19842529296875,50.05946731567383,470.29998779296875,311.0682067871094,283.29998779296875,0.6614250540733337,10.119989395141602,4.820000171661377,=NA(),=NA(),1.7758309841156006,1.4163999557495117,0.34380000829696655,0.08399999886751175,=NA(),20,1013.25,48.44846725463867,32.07231521606445,604.6700439453125,554.635009765625,50.029998779296875,34.71623992919922,3568.8798828125,3450.58984375,3452.834228515625,38.98763656616211,5.535261154174805,5.419225692749023,45.8629264831543,5.829237937927246,0.019451063126325607,0,0.001028624945320189,0,118.2900390625,-2.244384765625
249,10,0,1,Day,,47.529598236083984,42.470401763916016,34.19767379760742,826.2899780273438,360.39556884765625,690,0.4361611306667328,11.379999160766602,4.800000190734863,=NA(),=NA(),1.4794590473175049,1.4163999557495117,0.34380000829696655,0.08399999886751175,=NA(),20,1013.25,31.550180435180664,37.59623718261719,972.0050048828125,913.4599609375,58.54999923706055,51.08562469482422,5858.3701171875,5364.14013671875,5371.62890625,36.86857604980469,9.106073379516602,9.044073104858398,44.679969787597656,9.623994827270508,0.0322733111679554,0,0.0012536250287666917,0,494.22998046875,-7.48876953125
249,11,0,1,Day,,42.43688201904297,47.56311798095703,14.30602741241455,526.5,370.8587341308594,210.88999938964844,0.7043850421905518,13.209985733032227,4.590000152587891,=NA(),=NA(),1.3539375066757202,1.4163999557495117,0.34380000829696655,0.08399999886751175,=NA(),20,1013.25,12.730875015258789,40.83270263671875,571.9450073242188,529.1600341796875,42.779998779296875,36.52312469482422,3363.320068359375,3232.02001953125,3235.083740234375,38.69584655761719,5.225182056427002,5.192564010620117,45.52073669433594,5.507176876068115,0.018402250483632088,0,0.000916499993763864,0,131.300048828125,-3.063720703125
249,12,0,1,Day,,41.73771667480469,48.26228332519531,352.0137939453125,732.7000122070312,299.1502990722656,581.010009765625,0.40828484296798706,14.339990615844727,4.539899826049805,=NA(),=NA(),1.3391401767730713,1.4163999557495117,0.34380000829696655,0.08399999886751175,=NA(),20,1013.25,-7.0657958984375,41.24386215209961,790.4149780273438,736.385009765625,54.029998779296875,46.719993591308594,4715.06982421875,4380.35009765625,4381.86474609375,37.47801971435547,7.307392597198486,7.294912338256836,44.82427978515625,7.710050106048584,0.02580093778669834,0,0.0011790625285357237,0,334.7197265625,-1.5146484375
249,13,0,1,Day,,45.637733459472656,44.362266540527344,331.1076354980469,716,304.0356750488281,589.2000122070312,0.4246308207511902,15.140008926391602,4.670000076293945,=NA(),=NA(),1.4288840293884277,1.4163999557495117,0.34380000829696655,0.08399999886751175,=NA(),20,1013.25,-26.291358947753906,38.75156021118164,818.9550170898438,768.625,50.33000183105469,48.63188934326172,4914.81005859375,4536.3798828125,4539.95849609375,37.211517333984375,7.62526273727417,7.581085205078125,44.6568489074707,8.049471855163574,0.02703925035893917,0,0.001079437555745244,0,378.43017578125,-3.57861328125
249,14,0,1,Day,,53.11399459838867,36.88600540161133,314.0534362792969,583.4000244140625,309.1572570800781,456.8999938964844,0.5299232602119446,15.469995498657227,4.699900150299072,=NA(),=NA(),1.6634736061096191,1.4163999557495117,0.34380000829696655,0.08399999886751175,=NA(),20,1013.25,-43.76203918457031,33.7896728515625,747.2949829101562,698.489990234375,48.80500030517578,45.90123748779297,4506.8701171875,4198.08984375,4203.57421875,37.53816223144531,6.998915672302246,6.908031940460205,44.84419631958008,7.390783309936523,0.024773500859737396,0,0.0010211875196546316,0,308.7802734375,-5.484375
249,15,0,1,Day,,62.864356994628906,27.135643005371094,300.7198181152344,396.3999938964844,278.7265625,258,0.7031447291374207,15.300012588500977,4.149899959564209,=NA(),=NA(),2.1852004528045654,1.4163999557495117,0.34380000829696655,0.08399999886751175,=NA(),20,1013.25,-59.197959899902344,27.039953231811523,583.5650024414062,531.3499755859375,52.220001220703125,39.034996032714844,3475.27001953125,3311.4599609375,3315.582763671875,38.35982894897461,5.40225887298584,5.2736077308654785,45.25225067138672,5.700671672821045,0.018927937373518944,0,0.001022874959744513,0,163.81005859375,-4.122802734375
249,16,0,1,Day,,73.92929077148438,16.070707321166992,289.9743347167969,188.38999938964844,170.31591796875,65.29100036621094,0.9040603041648865,14.629999160766602,2.759999990463257,=NA(),=NA(),3.5722761154174805,1.4163999557495117,0.34380000829696655,0.08399999886751175,=NA(),20,1013.25,-28.39755630493164,47.69914245605469,276.95501708984375,260.7699890136719,16.184999465942383,25.860010147094727,1598.6800537109375,1590.8499755859375,1592.436279296875,39.49066162109375,2.520275592803955,2.4780149459838867,45.61648941040039,2.6570959091186523,0.00899325031787157,0,0.0003553749993443489,0,7.830078125,-1.5863037109375
249,17,0,1,Day,,85.00609588623047,4.993901252746582,281.2015075683594,4.59060001373291,4.582408428192139,0.0940999984741211,0.9982155561447144,12.510004043579102,2.95989990234375,=NA(),=NA(),10.318659782409668,1.4163999557495117,0.34380000829696655,0.08399999886751175,=NA(),20,1013.25,-7.367191314697266,77.78160095214844,5,4.569999694824219,0.4300000071525574,12.730005264282227,20.010000228881836,20.8799991607666,20.892295837402344,34.75993347167969,0.03756526857614517,0.03734610229730606,40.20076370239258,0.04631096497178078,0.000154562498209998,0,0.000009499999578110874,0,-0.8699989318847656,-0.012296676635742188
249,18,0,1,Night,,98.08270263671875,-8.082701683044434,272.1153869628906,0,0,0,0,8.770196914672852,3.039900064468384,=NA(),0,64.81599426269531,1.4163999557495117,0.34380000829696655,0.08399999886751175,=NA(),20,1013.25,0,0,0,0,0,8.770013809204102,0,0,0,0,0,0,0,0,0,0,0,0,0,0
249,19,0,1,Night,,110.2967300415039,-20.29672622680664,263.3298645019531,0,0,0,0,7.079705715179443,3.0799999237060547,=NA(),0,64.81599426269531,1.4163999557495117,0.34380000829696655,0.08399999886751175,=NA(),20,1013.25,0,0,0,0,0,7.080010890960693,0,0,0,0,0,0,0,0,0,0,0,0,0,0
249,20,0,1,Night,,122.2918472290039,-32.29184341430664,253.4435272216797,0,0,0,0,5.940301418304443,3.090100049972534,=NA(),0,64.81599426269531,1.4163999557495117,0.34380000829696655,0.08399999886751175,=NA(),20,1013.25,0,0,0,0,0,5.939996242523193,0,0,0,0,0,0,0,0,0,0,0,0,0,0
249,21,0,1,Night,,133.6018524169922,-43.60185241699219,241.06822204589844,0,0,0,0,5.909692287445068,3.059999942779541,=NA(),0,64.81599426269531,1.4163999557495117,0.34380000829696655,0.08399999886751175,=NA(),20,1013.25,0,0,0,0,0,5.909997463226318,0,0,0,0,0,0,0,0,0,0,0,0,0,0
249,22,0,1,Night,,143.3603057861328,-53.36030960083008,223.93055725097656,0,0,0,0,5.119988918304443,2.9800000190734863,=NA(),0,64.81599426269531,1.4163999557495117,0.34380000829696655,0.08399999886751175,=NA(),20,1013.25,0,0,0,0,0,5.119988918304443,0,0,0,0,0,0,0,0,0,0,0,0,0,0
249,23,0,1,Night,,149.8577880859375,-59.85779571533203,199.3116455078125,0,0,0,0,4.120110988616943,2.9100000858306885,=NA(),0,64.81599426269531,1.4163999557495117,0.34380000829696655,0.08399999886751175,=NA(),20,1013.25,0,0,0,0,0,4.119988918304443,0,0,0,0,0,0,0,0,0,0,0,0,0,0
250,0,0,1,Night,,150.7501678466797,-60.75017547607422,168.99830627441406,0,0,0,0,4.449914455413818,2.860100030899048,=NA(),0,64.81599426269531,1.4163999557495117,0.34380000829696655,0.08399999886751175,=NA(),20,1013.25,0,0,0,0,0,4.450006008148193,0,0,0,0,0,0,0,0,0,0,0,0,0,0
250,1,0,1,Night,,145.58966064453125,-55.589664459228516,142.218994140625,0,0,0,0,3.2899107933044434,2.819999933242798,=NA(),0,64.81599426269531,1.4163999557495117,0.34380000829696655,0.08399999886751175,=NA(),20,1013.25,0,0,0,0,0,3.2900023460388184,0,0,0,0,0,0,0,0,0,0,0,0,0,0
250,2,0,1,Night,,136.51507568359375,-46.51507568359375,123.23580932617188,0,0,0,0,2.7200865745544434,2.7701001167297363,=NA(),0,64.81599426269531,1.4163999557495117,0.34380000829696655,0.08399999886751175,=NA(),20,1013.25,0,0,0,0,0,2.7199950218200684,0,0,0,0,0,0,0,0,0,0,0,0,0,0
250,3,0,1,Night,,125.51541137695312,-35.515411376953125,109.8191146850586,0,0,0,0,1.960290551185608,2.6500000953674316,=NA(),0,64.81599426269531,1.4163999557495117,0.34380000829696655,0.08399999886751175,=NA(),20,1013.25,0,0,0,0,0,1.959985375404358,0,0,0,0,0,0,0,0,0,0,0,0,0,0
250,4,0,1,Night,,113.6427230834961,-23.642719268798828,99.42179107666016,0,0,0,0,2.4403014183044434,2.490000009536743,=NA(),0,64.81599426269531,1.4163999557495117,0.34380000829696655,0.08399999886751175,=NA(),20,1013.25,0,0,0,0,0,2.4399962425231934,0,0,0,0,0,0,0,0,0,0,0,0,0,0
250,5,0,1,Night,,101.4444580078125,-11.44446086883545,90.4521713256836,0,0,0,0,2.4702086448669434,2.3199000358581543,=NA(),0,64.81599426269531,1.4163999557495117,0.34380000829696655,0.08399999886751175,=NA(),20,1013.25,0,0,0,0,0,2.4699950218200684,0,0,0,0,0,0,0,0,0,0,0,0,0,0
250,6,0,1,Day,,86.58894348144531,3.41105580329895,80.24842834472656,44.69499969482422,43.64811325073242,17.594999313354492,0.97657710313797,2.3000121116638184,2.6600000858306885,=NA(),=NA(),13.849352836608887,1.4163999557495117,0.34380000829696655,0.08399999886751175,=NA(),20,1013.25,4.97880220413208,81.68263244628906,55.165000915527344,51.95500183105469,3.2100000381469727,4.636254787445068,240.22000122070312,258.260009765625,258.39031982421875,40.05983352661133,0.4031318128108978,0.4016498029232025,45.4390983581543,0.43093201518058777,0.001459562568925321,0,0.00007043750520097092,0,-18.040008544921875,-0.13031005859375
250,7,0,1,Day,,77.0555648803711,12.944436073303223,72.93090057373047,248.39999389648438,201.94114685058594,207.39999389648438,0.8129675984382629,6.410302639007568,2.9800000190734863,=NA(),=NA(),4.385431289672852,1.4163999557495117,0.34380000829696655,0.08399999886751175,=NA(),20,1013.25,21.11675453186035,57.00185775756836,423.05999755859375,408.6400146484375,14.414999961853027,23.462488174438477,2450.6298828125,2457.97998046875,2462.080810546875,40.2264518737793,3.825350046157837,3.794650077819824,46.671390533447266,4.023646354675293,0.013850375078618526,0,0.0003146874951198697,0,-7.35009765625,-4.100830078125
250,8,0,1,Day,,65.70872497558594,24.291278839111328,62.733177185058594,438.1000061035156,287.5776672363281,365.8999938964844,0.656420111656189,9.220209121704102,5.389999866485596,=NA(),=NA(),2.420308828353882,1.4163999557495117,0.34380000829696655,0.08399999886751175,=NA(),20,1013.25,60,24.86109733581543,725.280029296875,671.3099975585938,53.96500015258789,38.55998992919922,4382.81005859375,4185.18994140625,4190.9619140625,38.51797866821289,6.800533294677734,6.660035133361816,45.73979568481445,7.169615745544434,0.02406606264412403,0,0.001023562508635223,0,197.6201171875,-5.77197265625
250,9,0,1,Day,,55.45951843261719,34.54048156738281,50.26661682128906,604.5,318.2275695800781,504.8999938964844,0.5264310240745544,10.749994277954102,6.340000152587891,=NA(),=NA(),1.7604804039001465,1.4163999557495117,0.34380000829696655,0.08399999886751175,=NA(),20,1013.25,48.16970443725586,31.771886825561523,815.7099609375,763.3099975585938,52.400001525878906,44.01561737060547,4877.2900390625,4573.6298828125,4577.5517578125,37.82706069946289,7.5634026527404785,7.460018634796143,45.23631286621094,7.974709510803223,0.026814687997102737,0,0.001090187462978065,0,303.66015625,-3.921875
250,10,0,1,Day,,47.159969329833984,42.840030670166016,34.3317985534668,756.1099853515625,326.8483581542969,631.3099975585938,0.4322762191295624,12.070001602172852,6.650000095367432,=NA(),=NA(),1.469172477722168,1.4163999557495117,0.34380000829696655,0.08399999886751175,=NA(),20,1013.25,31.307748794555664,37.26564025878906,889.4500122070312,836.4849853515625,52.96500015258789,48.341880798339844,5357.89013671875,4951.60986328125,4958.07177734375,37.24040603637695,8.321072578430176,8.262316703796387,44.85911178588867,8.787813186645508,0.029516438022255898,0,0.0011356874601915479,0,406.2802734375,-6.4619140625
250,11,0,1,Day,,42.054229736328125,47.945770263671875,14.296541213989258,726.6099853515625,300.6239013671875,573.7100219726562,0.41373488306999207,13.480005264282227,6.920100212097168,=NA(),=NA(),1.3457740545272827,1.4163999557495117,0.34380000829696655,0.08399999886751175,=NA(),20,1013.25,12.558704376220703,40.472984313964844,791.6500244140625,738.2950439453125,53.35499954223633,45.868736267089844,4734.5498046875,4411.41015625,4412.71826171875,37.59465408325195,7.336015701293945,7.300926208496094,44.941566467285156,7.733263969421387,0.025941625237464905,0,0.0011492499615997076,0,323.1396484375,-1.30810546875
250,12,0,1,Day,,41.37649154663086,48.62350845336914,351.8226013183594,558.5900268554688,369.7262878417969,251.69000244140625,0.6618920564651489,13.610010147094727,7.019899845123291,=NA(),=NA(),1.331697702407837,1.4163999557495117,0.34380000829696655,0.08399999886751175,=NA(),20,1013.25,-7.141732692718506,40.865325927734375,603.9749755859375,559.6400146484375,44.334999084472656,38.26500701904297,3554.81005859375,3396.4599609375,3399.5537109375,38.490997314453125,5.52004861831665,5.5062785148620605,45.39474868774414,5.8203582763671875,0.01943468675017357,0,0.000965750019531697,0,158.35009765625,-3.09375
250,13,0,1,Day,,45.32904052734375,44.67095947265625,330.7898864746094,771.5,318.6052551269531,644.2000122070312,0.41296857595443726,14.869989395141602,6.949999809265137,=NA(),=NA(),1.421101689338684,1.4163999557495117,0.34380000829696655,0.08399999886751175,=NA(),20,1013.25,-26.2733097076416,38.3689079284668,882.8599853515625,828.864990234375,53.98999786376953,51.06499481201172,5300.330078125,4852.08984375,4854.154296875,36.9097900390625,8.21963119506836,8.171378135681152,44.48885726928711,8.676816940307617,0.02916293777525425,0,0.0011593124363571405,0,448.240234375,-2.064453125
250,14,0,1,Day,,52.863365173339844,37.136634826660156,313.6907653808594,658.7999877929688,326.69482421875,550.0999755859375,0.49589380621910095,15.010004043579102,6.71999979019165,=NA(),=NA(),1.653894305229187,1.4163999557495117,0.34380000829696655,0.08399999886751175,=NA(),20,1013.25,-43.67574691772461,33.41349792480469,850.1300048828125,797.2650146484375,52.86499786376953,49.76061248779297,5120.7802734375,4708.60009765625,4713.09814453125,37.05952072143555,7.9486236572265625,7.848548889160156,44.590179443359375,8.393898963928223,0.028189249336719513,0,0.001106062438338995,0,412.18017578125,-4.498046875
250,15,0,1,Day,,62.6607666015625,27.339235305786133,300.3548583984375,199.10000610351562,192.99462890625,13.293999671936035,0.96933513879776,14.629999160766602,6.03000020980835,=NA(),=NA(),2.170297861099243,1.4163999557495117,0.34380000829696655,0.08399999886751175,=NA(),20,1013.25,-59.07244110107422,26.673616409301758,214.09500122070312,170.76499938964844,43.32500076293945,23.524988174438477,1161.25,1164.6400146484375,1156.7064208984375,39.819847106933594,1.8150553703308105,1.7081013917922974,45.380733489990234,1.9399834871292114,0.006018562242388725,0,0.0008468750165775418,0,-3.3900146484375,7.93359375
250,16,0,1,Day,,73.75861358642578,16.241382598876953,289.6173095703125,92.2030029296875,91.55911254882812,2.3022000789642334,0.9930166006088257,13.770013809204102,3.8101000785827637,=NA(),=NA(),3.5366387367248535,1.4163999557495117,0.34380000829696655,0.08399999886751175,=NA(),20,1013.25,-28.731172561645508,47.15794372558594,102.72999572753906,91.80999755859375,10.914999961853027,18.006860733032227,549.6900024414062,562.4400024414062,561.3732299804688,39.39678192138672,0.8905211091041565,0.8632174730300903,44.8860969543457,0.9481311440467834,0.0031138749327510595,0,0.00023731248802505434,0,-12.75,1.0667724609375
250,17,0,1,Day,,84.93280792236328,5.067193984985352,280.7919006347656,3.906899929046631,3.9061050415039062,0.008999999612569809,0.9997965693473816,12.330011367797852,3.090100049972534,=NA(),=NA(),10.195791244506836,1.4163999557495117,0.34380000829696655,0.08399999886751175,=NA(),20,1013.25,-7.467234134674072,77.59991455078125,4.244999885559082,3.880000114440918,0.3700000047683716,12.515008926391602,16.399999618530273,17.09000015258789,17.10817527770996,34.39875793457031,0.031084245070815086,0.030908385291695595,39.898860931396484,0.03937554731965065,0.00013143749674782157,0,0.000007999999979801942,0,-0.6900005340576172,-0.018175125122070312
250,18,0,1,Night,,97.93858337402344,-7.938583850860596,271.7562255859375,0,0,0,0,11.100000381469727,2.95989990234375,=NA(),0,64.81599426269531,1.4163999557495117,0.34380000829696655,0.08399999886751175,=NA(),20,1013.25,0,0,0,0,0,11.100000381469727,0,0,0,0,0,0,0,0,0,0,0,0,0,0
250,19,0,1,Night,,110.14990997314453,-20.1499080657959,262.9522399902344,0,0,0,0,11.100000381469727,2.9200000762939453,=NA(),0,64.81599426269531,1.4163999557495117,0.34380000829696655,0.08399999886751175,=NA(),20,1013.25,0,0,0,0,0,11.100000381469727,0,0,0,0,0,0,0,0,0,0,0,0,0,0
250,20,0,1,Night,,122.12802124023438,-32.12801742553711,253.03353881835938,0,0,0,0,9.450189590454102,2.9700000286102295,=NA(),0,64.81599426269531,1.4163999557495117,0.34380000829696655,0.08399999886751175,=NA(),20,1013.25,0,0,0,0,0,9.450006484985352,0,0,0,0,0,0,0,0,0,0,0,0,0,0
250,21,0,1,Night,,133.40243530273438,-43.402442932128906,240.6164093017578,0,0,0,0,7.850091457366943,3.0100998878479004,=NA(),0,64.81599426269531,1.4163999557495117,0.34380000829696655,0.08399999886751175,=NA(),20,1013.25,0,0,0,0,0,7.849999904632568,0,0,0,0,0,0,0,0,0,0,0,0,0,0
250,22,0,1,Night,,143.1005096435547,-53.10050964355469,223.45887756347656,0,0,0,0,6.769891262054443,2.949899911880493,=NA(),0,64.81599426269531,1.4163999557495117,0.34380000829696655,0.08399999886751175,=NA(),20,1013.25,0,0,0,0,0,6.770013332366943,0,0,0,0,0,0,0,0,0,0,0,0,0,0
250,23,0,1,Night,,149.52015686035156,-59.5201530456543,198.9502716064453,0,0,0,0,5.139886379241943,2.819999933242798,=NA(),0,64.81599426269531,1.4163999557495117,0.34380000829696655,0.08399999886751175,=NA(),20,1013.25,0,0,0,0,0,5.140008449554443,0,0,0,0,0,0,0,0,0,0,0,0,0,0
251,0,0,1,Night,,150.36720275878906,-60.3671989440918,168.9483184814453,0,0,0,0,3.5497984886169434,2.5599000453948975,=NA(),0,64.81599426269531,1.4163999557495117,0.34380000829696655,0.08399999886751175,=NA(),20,1013.25,0,0,0,0,0,3.5500121116638184,0,0,0,0,0,0,0,0,0,0,0,0,0,0
251,1,0,1,Night,,145.2235565185547,-55.22356414794922,142.4220733642578,0,0,0,0,2.9900145530700684,2.0999999046325684,=NA(),0,64.81599426269531,1.4163999557495117,0.34380000829696655,0.08399999886751175,=NA(),20,1013.25,0,0,0,0,0,2.9900145530700684,0,0,0,0,0,0,0,0,0,0,0,0,0,0
251,2,0,1,Night,,136.1849365234375,-46.184932708740234,123.51973724365234,0,0,0,0,3.5099120140075684,2.150099992752075,=NA(),0,64.81599426269531,1.4163999557495117,0.34380000829696655,0.08399999886751175,=NA(),20,1013.25,0,0,0,0,0,3.5100035667419434,0,0,0,0,0,0,0,0,0,0,0,0,0,0
251,3,0,1,Night,,125.21253204345703,-35.212528228759766,110.10871887207031,0,0,0,0,4.340203762054443,1.6299999952316284,=NA(),0,64.81599426269531,1.4163999557495117,0.34380000829696655,0.08399999886751175,=NA(),20,1013.25,0,0,0,0,0,4.339990139007568,0,0,0,0,0,0,0,0,0,0,0,0,0,0
251,4,0,1,Night,,113.3553695678711,-23.355369567871094,99.69944763183594,0,0,0,0,3.7199950218200684,1.2300000190734863,=NA(),0,64.81599426269531,1.4163999557495117,0.34380000829696655,0.08399999886751175,=NA(),20,1013.25,0,0,0,0,0,3.7199950218200684,0,0,0,0,0,0,0,0,0,0,0,0,0,0
251,5,0,1,Night,,101.16309356689453,-11.163093566894531,90.71762084960938,0,0,0,0,2.3099913597106934,1.1399999856948853,=NA(),0,64.81599426269531,1.4163999557495117,0.34380000829696655,0.08399999886751175,=NA(),20,1013.25,0,0,0,0,0,2.3099913597106934,0,0,0,0,0,0,0,0,0,0,0,0,0,0
251,6,0,1,Day,,86.4516372680664,3.54836368560791,80.60773468017578,52.29399871826172,50.48108673095703,29.29199981689453,0.9653323292732239,1.899804711341858,1.25,=NA(),=NA(),13.4586820602417,1.4163999557495117,0.34380000829696655,0.08399999886751175,=NA(),20,1013.25,5.175869464874268,81.3457260131836,67.16000366210938,63.62000274658203,3.5399999618530273,4.756249904632568,285.6399841308594,306.72998046875,306.88848876953125,40.29458999633789,0.47600772976875305,0.47445014119148254,45.69670104980469,0.5075744390487671,0.0017241250025108457,0,0.000077812495874241,0,-21.089996337890625,-0.15850830078125
251,7,0,1,Day,,76.75891876220703,13.241083145141602,73.18022155761719,218.7100067138672,180.38783264160156,167.30999755859375,0.8247808814048767,5.490197658538818,0.9501000046730042,=NA(),=NA(),4.292445182800293,1.4163999557495117,0.34380000829696655,0.08399999886751175,=NA(),20,1013.25,21.665964126586914,56.160221099853516,360.44000244140625,346.67498779296875,13.764999389648438,19.99749183654785,2080.8798828125,2110.830078125,2114.07763671875,40.566471099853516,3.257122755050659,3.227421760559082,46.848514556884766,3.4246654510498047,0.011779187247157097,0,0.0002976875111926347,0,-29.9501953125,-3.24755859375
251,8,0,1,Day,,65.39179992675781,24.608203887939453,62.971336364746094,425.30999755859375,279.9783935546875,349.010009765625,0.6582925319671631,9.809900283813477,0.4700999855995178,=NA(),=NA(),2.391356945037842,1.4163999557495117,0.34380000829696655,0.08399999886751175,=NA(),20,1013.25,60,24.552852630615234,695.6199951171875,642.5700073242188,53.05500030517578,37.951866149902344,4201.169921875,4019.5400390625,4024.84423828125,38.59004211425781,6.518781661987305,6.379910945892334,45.74052429199219,6.871486663818359,0.023038437590003014,0,0.0010200624819844961,0,181.6298828125,-5.30419921875
251,9,0,1,Day,,55.11598587036133,34.88401412963867,50.47591018676758,597.7999877929688,313.6144104003906,496.8999938964844,0.5246142745018005,11.990015029907227,1.7999999523162842,=NA(),=NA(),1.7453893423080444,1.4163999557495117,0.34380000829696655,0.08399999886751175,=NA(),20,1013.25,47.890987396240234,31.46975326538086,804.1799926757812,752.5650024414062,51.619998931884766,44.76061248779297,4820.81005859375,4509.0302734375,4514.154296875,37.71416473388672,7.480973720550537,7.380313873291016,45.118263244628906,7.893474102020264,0.02650843746960163,0,0.001074187457561493,0,311.77978515625,-5.1240234375
251,10,0,1,Day,,46.78862380981445,43.21137619018555,34.46749496459961,715.010009765625,308.1592712402344,594.2100219726562,0.4309859573841095,13.350000381469727,2.3199000358581543,=NA(),=NA(),1.459041714668274,1.4163999557495117,0.34380000829696655,0.08399999886751175,=NA(),20,1013.25,31.065757751464844,36.93325424194336,840.52001953125,790.7149658203125,49.80500030517578,47.60124969482422,5065.22998046875,4692.41015625,4698.732421875,37.332698822021484,7.866332054138184,7.814119338989258,44.846893310546875,8.307832717895508,0.0279088132083416,0,0.0010686875320971012,0,372.81982421875,-6.322265625
251,11,0,1,Day,,41.669830322265625,48.330169677734375,14.286083221435547,800.2000122070312,300.84576416015625,668.489990234375,0.3759632110595703,14.860010147094727,2.5899999141693115,=NA(),=NA(),1.3377310037612915,1.4163999557495117,0.34380000829696655,0.08399999886751175,=NA(),20,1013.25,12.386944770812988,40.11152648925781,871.6950073242188,813.4150390625,58.279998779296875,50.563133239746094,5220.39013671875,4787.06982421875,4792.3505859375,36.9483642578125,8.106499671936035,8.08643627166748,44.52391052246094,8.562374114990234,0.028607875108718872,0,0.0012569375103339553,0,433.3203125,-5.28076171875
251,12,0,1,Day,,41.014190673828125,48.985809326171875,351.62701416015625,794.489990234375,294.9118957519531,662.0900268554688,0.3711964786052704,15.839990615844727,2.759999990463257,=NA(),=NA(),1.3243681192398071,1.4163999557495117,0.34380000829696655,0.08399999886751175,=NA(),20,1013.25,-7.217870235443115,40.48515701293945,857.0700073242188,798.905029296875,58.15999984741211,51.00499725341797,5122.169921875,4689.47021484375,4693.64404296875,36.89645767211914,7.950700283050537,7.94090461730957,44.430355072021484,8.402753829956055,0.028034625574946404,0,0.0012683749664574862,0,432.69970703125,-4.173828125
251,13,0,1,Day,,45.02019500732422,44.97980499267578,330.4666748046875,723.1900024414062,303.1116638183594,594.2899780273438,0.41913142800331116,16.420007705688477,2.9100000858306885,=NA(),=NA(),1.4134405851364136,1.4163999557495117,0.34380000829696655,0.08399999886751175,=NA(),20,1013.25,-26.256092071533203,37.98451614379883,827.530029296875,776.9450073242188,50.595001220703125,50.268760681152344,4968.3798828125,4559.919921875,4565.63720703125,36.97553253173828,7.717334747314453,7.677616596221924,44.46700668334961,8.155067443847656,0.027338499203324318,0,0.0010856875451281667,0,408.4599609375,-5.71728515625
251,14,0,1,Day,,52.61323165893555,37.38676834106445,313.3235778808594,587.5,310.0677185058594,456.9100036621094,0.5277748107910156,16.800012588500977,3.100100040435791,=NA(),=NA(),1.6444737911224365,1.4163999557495117,0.34380000829696655,0.08399999886751175,=NA(),20,1013.25,-43.59058380126953,33.03546905517578,751.77001953125,702.8900146484375,48.87999725341797,47.427513122558594,4533.240234375,4200.52001953125,4206.52880859375,37.328704833984375,7.043140888214111,6.953502178192139,44.65815353393555,7.441882610321045,0.02492206171154976,0,0.0010226875310763717,0,332.72021484375,-6.0087890625
251,15,0,1,Day,,62.45793914794922,27.54205894470215,299.986572265625,403.4100036621094,281.28564453125,264.1099853515625,0.697269856929779,17.029993057250977,2.70989990234375,=NA(),=NA(),2.1556782722473145,1.4163999557495117,0.34380000829696655,0.08399999886751175,=NA(),20,1013.25,-58.94805145263672,26.305418014526367,592.9849853515625,540.530029296875,52.459999084472656,41.18248748779297,3533.52001953125,3342.590087890625,3347.00537109375,38.0737419128418,5.494438171386719,5.363779067993164,45.00310516357422,5.801352500915527,0.01924625039100647,0,0.0010333125246688724,0,190.929931640625,-4.415283203125
251,16,0,1,Day,,73.58881378173828,16.411184310913086,289.25775146484375,190.6999969482422,172.5625,64.1969985961914,0.9048898816108704,16.100000381469727,1.8799999952316284,=NA(),=NA(),3.501901865005493,1.4163999557495117,0.34380000829696655,0.08399999886751175,=NA(),20,1013.25,-29.065990447998047,46.61521530151367,279.6050109863281,262.96002197265625,16.645000457763672,27.454980850219727,1612.510009765625,1596.010009765625,1597.642822265625,39.27411651611328,2.5424554347991943,2.4974586963653564,45.417572021484375,2.6815876960754395,0.009055562317371368,0,0.00037168749258853495,0,16.5,-1.6328125
251,17,0,1,Day,,84.85717010498047,5.14282751083374,280.3827209472656,6.895699977874756,6.895699977874756,0,1,13.649988174438477,1.6098999977111816,=NA(),=NA(),10.071869850158691,1.4163999557495117,0.34380000829696655,0.08399999886751175,=NA(),20,1013.25,-7.571009635925293,77.41233825683594,7.489999771118164,6.845000267028809,0.6449999809265137,13.969995498657227,32.34000015258789,33.72999954223633,33.67573165893555,35.45635986328125,0.059361156076192856,0.058996450155973434,40.807090759277344,0.06954357773065567,0.00023168750340119004,0,0.000013999999282532372,0,-1.3899993896484375,0.05426788330078125
251,18,0,1,Night,,97.79496002197266,-7.794961929321289,271.3953857421875,0,0,0,0,9.520013809204102,1.059999942779541,=NA(),0,64.81599426269531,1.4163999557495117,0.34380000829696655,0.08399999886751175,=NA(),20,1013.25,0,0,0,0,0,9.520013809204102,0,0,0,0,0,0,0,0,0,0,0,0,0,0
251,19,0,1,Night,,110.00350189208984,-20.003498077392578,262.5733337402344,0,0,0,0,6.190209865570068,0.710099995136261,=NA(),0,64.81599426269531,1.4163999557495117,0.34380000829696655,0.08399999886751175,=NA(),20,1013.25,0,0,0,0,0,6.189996242523193,0,0,0,0,0,0,0,0,0,0,0,0,0,0
251,20,0,1,Night,,121.9632568359375,-31.9632568359375,252.62289428710938,0,0,0,0,5.599908351898193,0.8500000238418579,=NA(),0,64.81599426269531,1.4163999557495117,0.34380000829696655,0.08399999886751175,=NA(),20,1013.25,0,0,0,0,0,5.599999904632568,0,0,0,0,0,0,0,0,0,0,0,0,0,0
251,21,0,1,Night,,133.2010955810547,-43.201087951660156,240.16514587402344,0,0,0,0,4.619988918304443,1.3200000524520874,=NA(),0,64.81599426269531,1.4163999557495117,0.34380000829696655,0.08399999886751175,=NA(),20,1013.25,0,0,0,0,0,4.619988918304443,0,0,0,0,0,0,0,0,0,0,0,0,0,0
251,22,0,1,Night,,142.83822631835938,-52.83823013305664,222.99017333984375,0,0,0,0,3.6401915550231934,1.8499000072479248,=NA(),0,64.81599426269531,1.4163999557495117,0.34380000829696655,0.08399999886751175,=NA(),20,1013.25,0,0,0,0,0,3.6400084495544434,0,0,0,0,0,0,0,0,0,0,0,0,0,0
251,23,0,1,Night,,149.18031311035156,-59.18031692504883,198.59356689453125,0,0,0,0,3.4301085472106934,2.190000057220459,=NA(),0,64.81599426269531,1.4163999557495117,0.34380000829696655,0.08399999886751175,=NA(),20,1013.25,0,0,0,0,0,3.4299864768981934,0,0,0,0,0,0,0,0,0,0,0,0,0,0
252,0,0,1,Night,,149.98248291015625,-59.98248291015625,168.89830017089844,0,0,0,0,3.0100035667419434,2.440000057220459,=NA(),0,64.81599426269531,1.4163999557495117,0.34380000829696655,0.08399999886751175,=NA(),20,1013.25,0,0,0,0,0,3.0100035667419434,0,0,0,0,0,0,0,0,0,0,0,0,0,0
252,1,0,1,Night,,144.8553009033203,-54.85530090332031,142.6215362548828,0,0,0,0,2.5898985862731934,2.6700000762939453,=NA(),0,64.81599426269531,1.4163999557495117,0.34380000829696655,0.08399999886751175,=NA(),20,1013.25,0,0,0,0,0,2.5899901390075684,0,0,0,0,0,0,0,0,0,0,0,0,0,0
252,2,0,1,Night,,135.8524169921875,-45.852420806884766,123.80091857910156,0,0,0,0,2.7200865745544434,2.780100107192993,=NA(),0,64.81599426269531,1.4163999557495117,0.34380000829696655,0.08399999886751175,=NA(),20,1013.25,0,0,0,0,0,2.7199950218200684,0,0,0,0,0,0,0,0,0,0,0,0,0,0
252,3,0,1,Night,,124.90769958496094,-34.9077033996582,110.3969955444336,0,0,0,0,2.0599913597106934,2.819999933242798,=NA(),0,64.81599426269531,1.4163999557495117,0.34380000829696655,0.08399999886751175,=NA(),20,1013.25,0,0,0,0,0,2.0599913597106934,0,0,0,0,0,0,0,0,0,0,0,0,0,0
252,4,0,1,Night,,113.06629943847656,-23.06629753112793,99.97675323486328,0,0,0,0,2.3000121116638184,2.75,=NA(),0,64.81599426269531,1.4163999557495117,0.34380000829696655,0.08399999886751175,=NA(),20,1013.25,0,0,0,0,0,2.3000121116638184,0,0,0,0,0,0,0,0,0,0,0,0,0,0
252,5,0,1,Night,,100.87989807128906,-10.879899978637695,90.98338317871094,0,0,0,0,2.0898985862731934,2.6298999786376953,=NA(),0,64.81599426269531,1.4163999557495117,0.34380000829696655,0.08399999886751175,=NA(),20,1013.25,0,0,0,0,0,2.0899901390075684,0,0,0,0,0,0,0,0,0,0,0,0,0,0
252,6,0,1,Day,,86.31024932861328,3.6897518634796143,80.96564483642578,31.099000930786133,30.91227149963379,2.901599884033203,0.9939956665039062,2.3597960472106934,2.9200000762939453,=NA(),=NA(),13.076889991760254,1.4163999557495117,0.34380000829696655,0.08399999886751175,=NA(),20,1013.25,5.379029750823975,80.99854278564453,35.69999694824219,33.04499816894531,2.6500000953674316,3.8499999046325684,169.5,183.02999877929688,182.83908081054688,39.73486328125,0.28759264945983887,0.28629451990127563,45.00190353393555,0.31051889061927795,0.0010445625521242619,0,0.00005812499875901267,0,-13.529998779296875,0.19091796875
252,7,0,1,Day,,76.46053314208984,13.539469718933105,73.43089294433594,205.6999969482422,173.6964569091797,136.6999969482422,0.8444164395332336,3.4200987815856934,2.719899892807007,=NA(),=NA(),4.202847003936768,1.4163999557495117,0.34380000829696655,0.08399999886751175,=NA(),20,1013.25,22.22533416748047,55.306270599365234,331,317.29998779296875,13.694999694824219,16.72063636779785,1908.1300048828125,1956.3699951171875,1959.0977783203125,40.94631576538086,2.9903478622436523,2.960207939147949,47.136653900146484,3.142524242401123,0.010806375183165073,0,0.0002941874845419079,0,-48.239990234375,-2.727783203125
252,8,0,1,Day,,65.07301330566406,24.92698860168457,63.211341857910156,359.1000061035156,264.6922912597656,224,0.7370991110801697,6.299890041351318,2.5799999237060547,=NA(),=NA(),2.362992763519287,1.4163999557495117,0.34380000829696655,0.08399999886751175,=NA(),20,1013.25,60,24.245391845703125,554.344970703125,504.14501953125,50.19999694824219,28.6606388092041,3311.199951171875,3265.56005859375,3269.05517578125,39.76034164428711,5.138826847076416,5.004467487335205,46.51616287231445,5.408246994018555,0.018040187656879425,0,0.0009836874669417739,0,45.639892578125,-3.4951171875
252,9,0,1,Day,,54.770835876464844,35.229164123535156,50.687381744384766,633.510009765625,328.3573303222656,529,0.5183143615722656,10.640008926391602,3.859999895095825,=NA(),=NA(),1.730546474456787,1.4163999557495117,0.34380000829696655,0.08399999886751175,=NA(),20,1013.25,47.612152099609375,31.165861129760742,851.4649658203125,797.52001953125,53.94499969482422,45.331871032714844,5110.419921875,4771.33984375,4777.31298828125,37.64196014404297,7.932279586791992,7.82875394821167,45.15536880493164,8.371657371520996,0.02811293676495552,0,0.001122812507674098,0,339.080078125,-5.97314453125
252,10,0,1,Day,,46.415672302246094,43.584327697753906,34.60483169555664,744.4000244140625,315.8556823730469,621.5999755859375,0.4243090748786926,14.809991836547852,4.28000020980835,=NA(),=NA(),1.4490667581558228,1.4163999557495117,0.34380000829696655,0.08399999886751175,=NA(),20,1013.25,30.82428741455078,36.59913635253906,874.2249755859375,822.5350341796875,51.689998626708984,50.51000213623047,5269.509765625,4833.14990234375,4839.78662109375,36.94627380371094,8.187217712402344,8.136046409606934,44.5487060546875,8.653068542480469,0.029036562889814377,0,0.0011093125212937593,0,436.35986328125,-6.63671875
252,11,0,1,Day,,41.28375244140625,48.71624755859375,14.274694442749023,785.7999877929688,294.9519958496094,653.2000122070312,0.37535250186920166,16.959985733032227,4.629899978637695,=NA(),=NA(),1.3298087120056152,1.4163999557495117,0.34380000829696655,0.08399999886751175,=NA(),20,1013.25,12.215675354003906,39.748390197753906,855.6900024414062,798.489990234375,57.20500183105469,52.052513122558594,5125.26025390625,4675.06982421875,4679.85205078125,36.749942779541016,7.9589433670043945,7.939811706542969,44.296810150146484,8.410318374633789,0.028086187317967415,0,0.0012344999704509974,0,450.1904296875,-4.7822265625
252,12,0,1,Day,,40.65077209472656,49.34922790527344,351.42694091796875,703.7899780273438,312.7665100097656,515.3900146484375,0.44440320134162903,18.029993057250977,4.859899997711182,=NA(),=NA(),1.3171488046646118,1.4163999557495117,0.34380000829696655,0.08399999886751175,=NA(),20,1013.25,-7.294083595275879,40.10331726074219,759.5750122070312,707.385009765625,52.19499969482422,49.16625213623047,4530.64990234375,4172.83984375,4176.9453125,37.111080169677734,7.034531593322754,7.026675224304199,44.432247161865234,7.434645175933838,0.024792375043034554,0,0.0011376249603927135,0,357.81005859375,-4.10546875
252,13,0,1,Day,,44.71124267578125,45.28875732421875,330.137939453125,658,316.6693115234375,480.29998779296875,0.48126035928726196,18.92998695373535,5.050000190734863,=NA(),=NA(),1.405899167060852,1.4163999557495117,0.34380000829696655,0.08399999886751175,=NA(),20,1013.25,-26.239614486694336,37.59843063354492,749.8499755859375,702.35498046875,47.494998931884766,49.599998474121094,4494.81982421875,4133.39990234375,4138.43408203125,37.04189682006836,6.982700824737549,6.939857006072998,44.360992431640625,7.3793253898620605,0.02471200004220009,0,0.0010140625527128577,0,361.419921875,-5.0341796875
252,14,0,1,Day,,52.363548278808594,37.636451721191406,312.9518737792969,602.7000122070312,309.8937683105469,479.5,0.5141758322715759,19.290002822875977,5.050000190734863,=NA(),=NA(),1.6352072954177856,1.4163999557495117,0.34380000829696655,0.08399999886751175,=NA(),20,1013.25,-43.50637435913086,32.6556396484375,772.9200439453125,723.5650024414062,49.35499954223633,50.85686492919922,4660.8701171875,4267.81005859375,4273.67431640625,36.876766204833984,7.243255615234375,7.155604362487793,44.26784896850586,7.65961217880249,0.025637999176979065,0,0.0010328125208616257,0,393.06005859375,-5.8642578125
252,15,0,1,Day,,62.25559616088867,27.744403839111328,299.614990234375,387,280.67340087890625,228.39999389648438,0.725254237651825,19.45000648498535,4.050099849700928,=NA(),=NA(),2.141313314437866,1.4163999557495117,0.34380000829696655,0.08399999886751175,=NA(),20,1013.25,-58.824398040771484,25.935319900512695,559.5250244140625,507.55999755859375,51.964996337890625,42.290000915527344,3322.25,3130.27001953125,3134.22216796875,37.88878631591797,5.170248508453369,5.038777828216553,44.744571685791016,5.46232795715332,0.01806068792939186,0,0.0010260625276714563,0,191.97998046875,-3.9521484375
252,16,0,1,Day,,73.41932678222656,16.580671310424805,288.8957824707031,178.60000610351562,165.1302032470703,47.20199966430664,0.9245811700820923,18.790002822875977,3.5000998973846436,=NA(),=NA(),3.4679250717163086,1.4163999557495117,0.34380000829696655,0.08399999886751175,=NA(),20,1013.25,-29.403533935546875,46.0691032409668,254.41500854492188,238.05499267578125,16.360000610351562,29.1562442779541,1457.0400390625,1433.6600341796875,1435.20654296875,38.91516876220703,2.305018901824951,2.260279417037964,45.012672424316406,2.4332034587860107,0.008178562857210636,0,0.0003674374893307686,0,23.3800048828125,-1.5465087890625
252,17,0,1,Day,,84.78199768066406,5.21800422668457,279.9716796875,13.595999717712402,13.586950302124023,0.09950000047683716,0.9993343949317932,15.659997940063477,3.930000066757202,=NA(),=NA(),9.951456069946289,1.4163999557495117,0.34380000829696655,0.08399999886751175,=NA(),20,1013.25,-7.674295425415039,77.22576141357422,14.78499984741211,13.510000228881836,1.274999976158142,16.28374671936035,69.55000305175781,71.86000061035156,71.87232971191406,36.35239028930664,0.12356874346733093,0.12284866720438004,41.719242095947266,0.13731375336647034,0.00045718750334344804,0,0.000027750000299420208,0,-2.30999755859375,-0.0123291015625
252,18,0,1,Night,,97.64955139160156,-7.649552345275879,271.0330505371094,0,0,0,0,11.830011367797852,4.130099773406982,=NA(),0,64.81599426269531,1.4163999557495117,0.34380000829696655,0.08399999886751175,=NA(),20,1013.25,0,0,0,0,0,11.830011367797852,0,0,0,0,0,0,0,0,0,0,0,0,0,0
252,19,0,1,Night,,109.85470581054688,-19.854707717895508,262.1933288574219,0,0,0,0,9.799890518188477,4.260000228881836,=NA(),0,64.81599426269531,1.4163999557495117,0.34380000829696655,0.08399999886751175,=NA(),20,1013.25,0,0,0,0,0,9.800012588500977,0,0,0,0,0,0,0,0,0,0,0,0,0,0
252,20,0,1,Night,,121.79608154296875,-31.796079635620117,252.21176147460938,0,0,0,0,10.040002822875977,4.370100021362305,=NA(),0,64.81599426269531,1.4163999557495117,0.34380000829696655,0.08399999886751175,=NA(),20,1013.25,0,0,0,0,0,10.040002822875977,0,0,0,0,0,0,0,0,0,0,0,0,0,0
252,21,0,1,Night,,132.9968719482422,-42.99687194824219,239.71456909179688,0,0,0,0,11.080011367797852,4.549900054931641,=NA(),0,64.81599426269531,1.4163999557495117,0.34380000829696655,0.08399999886751175,=NA(),20,1013.25,0,0,0,0,0,11.080011367797852,0,0,0,0,0,0,0,0,0,0,0,0,0,0
252,22,0,1,Night,,142.57284545898438,-52.572853088378906,222.5246124267578,0,0,0,0,10.600000381469727,4.5,=NA(),0,64.81599426269531,1.4163999557495117,0.34380000829696655,0.08399999886751175,=NA(),20,1013.25,0,0,0,0,0,10.600000381469727,0,0,0,0,0,0,0,0,0,0,0,0,0,0
252,23,0,1,Night,,148.83792114257812,-58.83792495727539,198.24163818359375,0,0,0,0,11.040002822875977,4.099999904632568,=NA(),0,64.81599426269531,1.4163999557495117,0.34380000829696655,0.08399999886751175,=NA(),20,1013.25,0,0,0,0,0,11.040002822875977,0,0,0,0,0,0,0,0,0,0,0,0,0,0
253,0,0,1,Night,,149.5957489013672,-59.59574890136719,168.84829711914062,0,0,0,0,12.839990615844727,3.9899001121520996,=NA(),0,64.81599426269531,1.4163999557495117,0.34380000829696655,0.08399999886751175,=NA(),20,1013.25,0,0,0,0,0,12.839990615844727,0,0,0,0,0,0,0,0,0,0,0,0,0,0
253,1,0,1,Night,,144.4845428466797,-54.48454666137695,142.81747436523438,0,0,0,0,12.800012588500977,3.6698999404907227,=NA(),0,64.81599426269531,1.4163999557495117,0.34380000829696655,0.08399999886751175,=NA(),20,1013.25,0,0,0,0,0,12.800012588500977,0,0,0,0,0,0,0,0,0,0,0,0,0,0
253,2,0,1,Night,,135.51705932617188,-45.51706314086914,124.07937622070312,0,0,0,0,10.529993057250977,3.340100049972534,=NA(),0,64.81599426269531,1.4163999557495117,0.34380000829696655,0.08399999886751175,=NA(),20,1013.25,0,0,0,0,0,10.529993057250977,0,0,0,0,0,0,0,0,0,0,0,0,0,0
253,3,0,1,Night,,124.59986114501953,-34.5998649597168,110.68392181396484,0,0,0,0,8.360010147094727,2.75,=NA(),0,64.81599426269531,1.4163999557495117,0.34380000829696655,0.08399999886751175,=NA(),20,1013.25,0,0,0,0,0,8.360010147094727,0,0,0,0,0,0,0,0,0,0,0,0,0,0
253,4,0,1,Night,,112.77434539794922,-22.774343490600586,100.2536849975586,0,0,0,0,7.059808254241943,2.3399999141693115,=NA(),0,64.81599426269531,1.4163999557495117,0.34380000829696655,0.08399999886751175,=NA(),20,1013.25,0,0,0,0,0,7.059991359710693,0,0,0,0,0,0,0,0,0,0,0,0,0,0
253,5,0,1,Night,,100.59355163574219,-10.593549728393555,91.24943542480469,0,0,0,0,6.809808254241943,2.109999895095825,=NA(),0,64.81599426269531,1.4163999557495117,0.34380000829696655,0.08399999886751175,=NA(),20,1013.25,0,0,0,0,0,6.809991359710693,0,0,0,0,0,0,0,0,0,0,0,0,0,0
253,6,0,1,Day,,86.16107177734375,3.838930368423462,81.31726837158203,54.305999755859375,52.557952880859375,26.108999252319336,0.9678111672401428,7.439996242523193,2.440000057220459,=NA(),=NA(),12.695026397705078,1.4163999557495117,0.34380000829696655,0.08399999886751175,=NA(),20,1013.25,5.593860626220703,80.63194274902344,71.14500427246094,67.42500305175781,3.7150001525878906,10.473749160766602,306.3900146484375,322.4100036621094,322.33990478515625,39.56824493408203,0.5091519951820374,0.5073907971382141,44.992794036865234,0.5437769889831543,0.0018434375524520874,0,0.00008174999675247818,0,-16.019989013671875,0.070098876953125
253,7,0,1,Day,,76.16334533691406,13.83665657043457,73.68290710449219,202.58999633789062,172.76979064941406,124.69000244140625,0.8528051376342773,11.809991836547852,1.9000999927520752,=NA(),=NA(),4.1172919273376465,1.4163999557495117,0.34380000829696655,0.08399999886751175,=NA(),20,1013.25,22.789474487304688,54.44797134399414,322.0950012207031,308.17498779296875,13.920000076293945,24.8387393951416,1857.989990234375,1855.280029296875,1857.7210693359375,39.78350067138672,2.9184882640838623,2.8870043754577637,46.01228713989258,3.073525905609131,0.010519687086343765,0,0.0002973749942611903,0,2.7099609375,-2.4410400390625
253,8,0,1,Day,,64.75447845458984,25.24551773071289,63.453216552734375,411.9100036621094,275.7718505859375,319.20001220703125,0.6694954037666321,14.320001602172852,1.4900000095367432,=NA(),=NA(),2.3353822231292725,1.4163999557495117,0.34380000829696655,0.08399999886751175,=NA(),20,1013.25,60,23.93950080871582,658.5050048828125,605.9599609375,52.54499816894531,41.065635681152344,3971.169921875,3759.35986328125,3763.493408203125,38.154457092285156,6.165078639984131,6.026078701019287,45.233978271484375,6.50314474105835,0.021717563271522522,0,0.0010371875250712037,0,211.81005859375,-4.133544921875
253,9,0,1,Day,,54.4250602722168,35.5749397277832,50.90107727050781,452.29998779296875,320.006103515625,227.39999389648438,0.7075085639953613,17.17998695373535,1.5999000072479248,=NA(),=NA(),1.7159883975982666,1.4163999557495117,0.34380000829696655,0.08399999886751175,=NA(),20,1013.25,47.3342170715332,30.860637664794922,567.5899658203125,518.010009765625,49.58000183105469,40.36125946044922,3342.719970703125,3170.5400390625,3174.5009765625,38.15606689453125,5.199978351593018,5.082679748535156,45.008121490478516,5.490874767303467,0.018188124522566795,0,0.0010145000414922833,0,172.179931640625,-3.9609375
253,10,0,1,Day,,46.04124450683594,43.95875549316406,34.74388122558594,402.20001220703125,345.2110900878906,82.0999984741211,0.8583070039749146,16.80999183654785,2.5799999237060547,=NA(),=NA(),1.439249038696289,1.4163999557495117,0.34380000829696655,0.08399999886751175,=NA(),20,1013.25,30.58346176147461,36.263370513916016,440.6549987792969,399.760009765625,40.89500045776367,34.798118591308594,2554.300048828125,2467.510009765625,2470.00244140625,38.72011184692383,3.9869821071624756,3.906221628189087,45.25065231323242,4.209378242492676,0.013912937603890896,0,0.0008371250005438924,0,86.7900390625,-2.492431640625
253,11,0,1,Day,,40.89601135253906,49.10398864746094,14.262419700622559,846.7100219726562,312.2818298339844,707.010009765625,0.36881792545318604,17.8699893951416,3.8901000022888184,=NA(),=NA(),1.3220059871673584,1.4163999557495117,0.34380000829696655,0.08399999886751175,=NA(),20,1013.25,12.04494857788086,39.383583068847656,921.675048828125,860.0650024414062,61.61000061035156,55.77373504638672,5527.39990234375,4977.25,4982.544921875,36.258995056152344,8.588461875915527,8.569499969482422,43.96525192260742,9.085748672485352,0.03029624931514263,0,0.0013278750702738762,0,550.14990234375,-5.294921875
253,12,0,1,Day,,40.28633117675781,49.71366882324219,351.2224426269531,798.5900268554688,292.0834655761719,663.989990234375,0.36574894189834595,19.9999942779541,4.210100173950195,=NA(),=NA(),1.3100402355194092,1.4163999557495117,0.34380000829696655,0.08399999886751175,=NA(),20,1013.25,-7.370310306549072,39.71989822387695,861.6400146484375,803.2850341796875,58.355003356933594,55.459373474121094,5154.23974609375,4645.22021484375,4649.6767578125,36.297523498535156,8.006187438964844,7.995016574859619,43.869022369384766,8.473125457763672,0.02821456268429756,0,0.001271937508136034,0,509.01953125,-4.45654296875
253,13,0,1,Day,,44.402183532714844,45.597816467285156,329.8037414550781,724.7899780273438,302.2023010253906,591.489990234375,0.4169515371322632,20.730005264282227,3.9600000381469727,=NA(),=NA(),1.3984755277633667,1.4163999557495117,0.34380000829696655,0.08399999886751175,=NA(),20,1013.25,-26.223739624023438,37.2107048034668,829.5549926757812,779,50.54499816894531,54.76250457763672,4986.759765625,4504.85986328125,4510.5361328125,36.3736457824707,7.750357627868652,7.712150573730469,43.894256591796875,8.201743125915527,0.027444500476121902,0,0.0010847500525414944,0,481.89990234375,-5.67626953125
253,14,0,1,Day,,52.114288330078125,37.885711669921875,312.5757751464844,592,310.9378662109375,457.69000244140625,0.5252329111099243,21.1299991607666,3.3598999977111816,=NA(),=NA(),1.626090168952942,1.4163999557495117,0.34380000829696655,0.08399999886751175,=NA(),20,1013.25,-43.4229736328125,32.274085998535156,756.8399658203125,707.8699951171875,48.974998474121094,52.07500457763672,4563.47998046875,4160.35009765625,4165.74755859375,36.70950698852539,7.092507362365723,7.00437593460083,44.069705963134766,7.502130031585693,0.025092124938964844,0,0.0010244374861940742,0,403.1298828125,-5.3974609375
253,15,0,1,Day,,62.05369186401367,27.94631004333496,299.2402648925781,372.79998779296875,279.96160888671875,198.10000610351562,0.7509700059890747,21.1199893951416,2.200000047683716,=NA(),=NA(),2.1271941661834717,1.4163999557495117,0.34380000829696655,0.08399999886751175,=NA(),20,1013.25,-58.701358795166016,25.5634708404541,530.6849975585938,479.17999267578125,51.5099983215332,42.81999969482422,3140.219970703125,2952.8798828125,2956.080810546875,37.78441619873047,4.889852523803711,4.757773399353027,44.57097625732422,5.16823673248291,0.017039436846971512,0,0.0010191875044256449,0,187.340087890625,-3.200927734375
253,16,0,1,Day,,73.24986267089844,16.750137329101562,288.5315246582031,100.9000015258789,100.03549194335938,2.9997000694274902,0.9914320111274719,20.050012588500977,1.409999966621399,=NA(),=NA(),3.4346258640289307,1.4163999557495117,0.34380000829696655,0.08399999886751175,=NA(),20,1013.25,-29.744739532470703,45.51848220825195,113.56999969482422,101.51499938964844,12.055000305175781,24.750635147094727,609.3300170898438,608.6500244140625,608.329345703125,38.49325942993164,0.9876458644866943,0.9560987949371338,44.117584228515625,1.0503534078598022,0.003428374882787466,0,0.0002690000110305846,0,0.67999267578125,0.3206787109375
253,17,0,1,Day,,84.69335174560547,5.306644916534424,279.56866455078125,10.998000144958496,10.98918628692627,0.09529999643564224,0.9991986155509949,16.959985733032227,1.059999942779541,=NA(),=NA(),9.812920570373535,1.4163999557495117,0.34380000829696655,0.08399999886751175,=NA(),20,1013.25,-7.798295974731445,77.005615234375,11.960000038146973,10.930000305175781,1.0299999713897705,17.465600967407227,54.97999954223633,56.540000915527344,56.52409744262695,35.78705596923828,0.09871594607830048,0.09817279875278473,41.148826599121094,0.1111256554722786,0.00036968750646337867,0,0.000022000000171829015,0,-1.5600013732910156,0.015903472900390625
253,18,0,1,Night,,97.50404357910156,-7.504045486450195,270.66937255859375,0,0,0,0,12.050012588500977,1.25,=NA(),0,64.81599426269531,1.4163999557495117,0.34380000829696655,0.08399999886751175,=NA(),20,1013.25,0,0,0,0,0,12.050012588500977,0,0,0,0,0,0,0,0,0,0,0,0,0,0
253,19,0,1,Night,,109.70551300048828,-19.705509185791016,261.8122863769531,0,0,0,0,9.639703750610352,1.679900050163269,=NA(),0,64.81599426269531,1.4163999557495117,0.34380000829696655,0.08399999886751175,=NA(),20,1013.25,0,0,0,0,0,9.640008926391602,0,0,0,0,0,0,0,0,0,0,0,0,0,0
253,20,0,1,Night,,121.62783813476562,-31.62784194946289,251.80020141601562,0,0,0,0,8.790094375610352,2.0999999046325684,=NA(),0,64.81599426269531,1.4163999557495117,0.34380000829696655,0.08399999886751175,=NA(),20,1013.25,0,0,0,0,0,8.790002822875977,0,0,0,0,0,0,0,0,0,0,0,0,0,0
253,21,0,1,Night,,132.79095458984375,-42.790950775146484,239.26492309570312,0,0,0,0,8.960290908813477,2.54010009765625,=NA(),0,64.81599426269531,1.4163999557495117,0.34380000829696655,0.08399999886751175,=NA(),20,1013.25,0,0,0,0,0,8.959985733032227,0,0,0,0,0,0,0,0,0,0,0,0,0,0
253,22,0,1,Night,,142.30532836914062,-52.305328369140625,222.06234741210938,0,0,0,0,8.100091934204102,2.9000000953674316,=NA(),0,64.81599426269531,1.4163999557495117,0.34380000829696655,0.08399999886751175,=NA(),20,1013.25,0,0,0,0,0,8.100000381469727,0,0,0,0,0,0,0,0,0,0,0,0,0,0
253,23,0,1,Night,,148.4937744140625,-58.493778228759766,197.89454650878906,0,0,0,0,8.399896621704102,3.199899911880493,=NA(),0,64.81599426269531,1.4163999557495117,0.34380000829696655,0.08399999886751175,=NA(),20,1013.25,0,0,0,0,0,8.399988174438477,0,0,0,0,0,0,0,0,0,0,0,0,0,0
254,0,0,1,Night,,149.2080535888672,-59.20806121826172,168.7984619140625,0,0,0,0,6.289910793304443,3.4398999214172363,=NA(),0,64.81599426269531,1.4163999557495117,0.34380000829696655,0.08399999886751175,=NA(),20,1013.25,0,0,0,0,0,6.290002346038818,0,0,0,0,0,0,0,0,0,0,0,0,0,0
254,1,0,1,Night,,144.1126251220703,-54.11262512207031,143.00999450683594,0,0,0,0,6.430200099945068,3.619999885559082,=NA(),0,64.81599426269531,1.4163999557495117,0.34380000829696655,0.08399999886751175,=NA(),20,1013.25,0,0,0,0,0,6.429986476898193,0,0,0,0,0,0,0,0,0,0,0,0,0,0
254,2,0,1,Night,,135.18019104003906,-45.18019104003906,124.35514068603516,0,0,0,0,6.860314846038818,3.690000057220459,=NA(),0,64.81599426269531,1.4163999557495117,0.34380000829696655,0.08399999886751175,=NA(),20,1013.25,0,0,0,0,0,6.860009670257568,0,0,0,0,0,0,0,0,0,0,0,0,0,0
254,3,0,1,Night,,124.29049682617188,-34.29050064086914,110.96945190429688,0,0,0,0,7.880090236663818,3.7799999713897705,=NA(),0,64.81599426269531,1.4163999557495117,0.34380000829696655,0.08399999886751175,=NA(),20,1013.25,0,0,0,0,0,7.879998683929443,0,0,0,0,0,0,0,0,0,0,0,0,0,0
254,4,0,1,Night,,112.48133087158203,-22.4813289642334,100.53018188476562,0,0,0,0,6.119805812835693,3.9999001026153564,=NA(),0,64.81599426269531,1.4163999557495117,0.34380000829696655,0.08399999886751175,=NA(),20,1013.25,0,0,0,0,0,6.119988918304443,0,0,0,0,0,0,0,0,0,0,0,0,0,0
254,5,0,1,Night,,100.3061294555664,-10.306130409240723,91.51573181152344,0,0,0,0,9.500085830688477,4.520100116729736,=NA(),0,64.81599426269531,1.4163999557495117,0.34380000829696655,0.08399999886751175,=NA(),20,1013.25,0,0,0,0,0,9.499994277954102,0,0,0,0,0,0,0,0,0,0,0,0,0,0
254,6,0,1,Day,,86.02758026123047,3.9724206924438477,81.68437957763672,56.49399948120117,54.52682876586914,28.395999908447266,0.9651791453361511,9.399713516235352,5.650100231170654,=NA(),=NA(),12.370306968688965,1.4163999557495117,0.34380000829696655,0.08399999886751175,=NA(),20,1013.25,5.7854228019714355,80.3036117553711,75.19499969482422,71.35499572753906,3.8400001525878906,12.605005264282227,324.1300048828125,338.4700012207031,338.87579345703125,39.27369689941406,0.53928542137146,0.5378999710083008,44.78141784667969,0.5740342736244202,0.0019461250631138682,0,0.00008450000314041972,0,-14.339996337890625,-0.405792236328125
254,7,0,1,Day,,75.8627700805664,14.13723373413086,73.93624114990234,256.70001220703125,204.52679443359375,213.61000061035156,0.7967541217803955,11.260004043579102,5.800099849700928,=NA(),=NA(),4.0342793464660645,1.4163999557495117,0.34380000829696655,0.08399999886751175,=NA(),20,1013.25,23.368162155151367,53.57156753540039,435.22998046875,419.67999267578125,15.554999351501465,28.84063148498535,2549.2900390625,2512.360107421875,2516.341796875,39.517677307128906,3.979780912399292,3.942408561706543,46.03266906738281,4.191151142120361,0.014386812224984169,0,0.0003346250159665942,0,36.929931640625,-3.981689453125
254,8,0,1,Day,,64.43386840820312,25.56613540649414,63.69694137573242,468.5,299.6766052246094,391.20001220703125,0.6396512389183044,14.420007705688477,5.710000038146973,=NA(),=NA(),2.3083012104034424,1.4163999557495117,0.34380000829696655,0.08399999886751175,=NA(),20,1013.25,60,23.63460350036621,763.4649658203125,707.4349975585938,56.029998779296875,45.45000457763672,4624.64990234375,4314.7900390625,4320.900390625,37.60240936279297,7.182098865509033,7.039797306060791,44.95127868652344,7.585870742797852,0.02537037432193756,0,0.0010944375535473228,0,309.85986328125,-6.1103515625
254,9,0,1,Day,,54.077720642089844,35.922279357910156,51.11703872680664,643.6099853515625,328.318359375,537.4099731445312,0.5101200342178345,18.659997940063477,6.179999828338623,=NA(),=NA(),1.701669692993164,1.4163999557495117,0.34380000829696655,0.08399999886751175,=NA(),20,1013.25,47.056175231933594,30.553693771362305,861.1900024414062,807.22998046875,53.959999084472656,53.958763122558594,5176.01025390625,4689.77001953125,4696.07958984375,36.4846076965332,8.044744491577148,7.94306755065918,44.070186614990234,8.515495300292969,0.028487812727689743,0,0.0011231874814257026,0,486.240234375,-6.3095703125
254,10,0,1,Day,,45.665592193603516,44.334407806396484,34.88472366333008,769.4099731445312,320.4649963378906,642.4099731445312,0.41650745272636414,21.70000648498535,7.179900169372559,=NA(),=NA(),1.4295926094055176,1.4163999557495117,0.34380000829696655,0.08399999886751175,=NA(),20,1013.25,30.343505859375,35.92613220214844,901.6849975585938,848.510009765625,53.17499923706055,58.766868591308594,5436.259765625,4842.580078125,4848.58740234375,35.85132598876953,8.452608108520508,8.405293464660645,43.54783630371094,8.954519271850586,0.029960311949253082,0,0.0011411249870434403,0,593.6796875,-6.00732421875
254,11,0,1,Day,,40.506980895996094,49.493019104003906,14.249313354492188,829.2000122070312,302.7421569824219,692.4099731445312,0.36510148644447327,23.040002822875977,8.059900283813477,=NA(),=NA(),1.314328670501709,1.4163999557495117,0.34380000829696655,0.08399999886751175,=NA(),20,1013.25,11.874964714050293,39.01743698120117,902.300048828125,842.0449829101562,60.255001068115234,60.261253356933594,5413.05029296875,4795.7900390625,4801.2734375,35.655609130859375,8.416054725646973,8.397704124450684,43.346927642822266,8.9174165725708,0.02966887503862381,0,0.001299499999731779,0,617.26025390625,-5.4833984375
254,12,0,1,Day,,39.92110061645508,50.07889938354492,351.0135192871094,822.1900024414062,295.39422607421875,686.8900146484375,0.3592773377895355,24.490015029907227,8.470000267028809,=NA(),=NA(),1.3030450344085693,1.4163999557495117,0.34380000829696655,0.08399999886751175,=NA(),20,1013.25,-7.446498870849609,39.335113525390625,887.1749877929688,827.1749877929688,60,61.15062713623047,5309.77001953125,4688.58984375,4692.75927734375,35.54368591308594,8.25174617767334,8.239777565002441,43.19371032714844,8.74618911743164,0.029069187119603157,0,0.001307375030592084,0,621.18017578125,-4.16943359375
254,13,0,1,Day,,44.09326934814453,45.90673065185547,329.4641418457031,741.8099975585938,301.8285827636719,612.6099853515625,0.4068812429904938,24.719995498657227,8.129899978637695,=NA(),=NA(),1.391173243522644,1.4163999557495117,0.34380000829696655,0.08399999886751175,=NA(),20,1013.25,-26.208532333374023,36.82155227661133,849.5899658203125,798.1600341796875,51.43000030517578,59.701255798339844,5109.830078125,4535.1298828125,4540.921875,35.71694564819336,7.946028232574463,7.909872055053711,43.3044319152832,8.422432899475098,0.028127750381827354,0,0.0011045625433325768,0,574.7001953125,-5.7919921875
254,14,0,1,Day,,51.86570358276367,38.13429641723633,312.19537353515625,606.9000244140625,310.4350280761719,480.1000061035156,0.511509358882904,24.9999942779541,7.300000190734863,=NA(),=NA(),1.6171284914016724,1.4163999557495117,0.34380000829696655,0.08399999886751175,=NA(),20,1013.25,-43.34053039550781,31.89100456237793,777.5999755859375,728.1849975585938,49.40999984741211,56.902488708496094,4696.27978515625,4208.81982421875,4213.7353515625,36.07354736328125,7.300684452056885,7.213818550109863,43.5003776550293,7.731299877166748,0.025837061926722527,0,0.0010356875136494637,0,487.4599609375,-4.91552734375
254,15,0,1,Day,,61.8525276184082,28.147472381591797,298.8624572753906,421.010009765625,285.52081298828125,287.2099914550781,0.6781805753707886,24.540002822875977,6.179999828338623,=NA(),=NA(),2.113335609436035,1.4163999557495117,0.34380000829696655,0.08399999886751175,=NA(),20,1013.25,-58.579193115234375,25.190031051635742,620.64501953125,567.6500244140625,52.994998931884766,49.985008239746094,3702.25,3397.10009765625,3401.482421875,36.90192794799805,5.761192321777344,5.6274919509887695,43.9415168762207,6.096575736999512,0.02016262523829937,0,0.0010707499459385872,0,305.14990234375,-4.38232421875
254,16,0,1,Day,,73.0810546875,16.918943405151367,288.1650085449219,206.39999389648438,183.03062438964844,80.302001953125,0.886776328086853,23.2600040435791,5.419899940490723,=NA(),=NA(),3.4021060466766357,1.4163999557495117,0.34380000829696655,0.08399999886751175,=NA(),20,1013.25,-30.088212966918945,44.96527862548828,308.82501220703125,291.04998779296875,17.774999618530273,35.86687469482422,1786.4200439453125,1718.02001953125,1720.28271484375,38.19502639770508,2.8149707317352295,2.765413522720337,44.47005081176758,2.974153995513916,0.010006437078118324,0,0.00040556248859502375,0,68.4000244140625,-2.2626953125
254,17,0,1,Day,,84.62528991699219,5.374711513519287,279.14935302734375,15.491000175476074,15.482410430908203,0.0917000025510788,0.9994454979896545,19.800012588500977,5.380000114440918,=NA(),=NA(),9.708983421325684,1.4163999557495117,0.34380000829696655,0.08399999886751175,=NA(),20,1013.25,-7.8911871910095215,76.83645629882812,16.84000015258789,15.385000228881836,1.4549999237060547,20.5100040435791,80.26000213623047,81.55000305175781,81.55806732177734,35.9266242980957,0.14188294112682343,0.14109008014202118,41.319053649902344,0.15673288702964783,0.0005206250352784991,0,0.00003149999974993989,0,-1.2900009155273438,-0.00806427001953125
254,18,0,1,Night,,97.35681915283203,-7.3568196296691895,270.30438232421875,0,0,0,0,15.909997940063477,5.499899864196777,=NA(),0,64.81599426269531,1.4163999557495117,0.34380000829696655,0.08399999886751175,=NA(),20,1013.25,0,0,0,0,0,15.909997940063477,0,0,0,0,0,0,0,0,0,0,0,0,0,0
254,19,0,1,Night,,109.55419158935547,-19.5541934967041,261.430419921875,0,0,0,0,16.2700138092041,5.610000133514404,=NA(),0,64.81599426269531,1.4163999557495117,0.34380000829696655,0.08399999886751175,=NA(),20,1013.25,0,0,0,0,0,16.2700138092041,0,0,0,0,0,0,0,0,0,0,0,0,0,0
254,20,0,1,Night,,121.4572982788086,-31.45730209350586,251.38844299316406,0,0,0,0,14.439996719360352,5.920000076293945,=NA(),0,64.81599426269531,1.4163999557495117,0.34380000829696655,0.08399999886751175,=NA(),20,1013.25,0,0,0,0,0,14.439996719360352,0,0,0,0,0,0,0,0,0,0,0,0,0,0
254,21,0,1,Night,,132.58236694335938,-42.58237075805664,238.81629943847656,0,0,0,0,13.939996719360352,5.860000133514404,=NA(),0,64.81599426269531,1.4163999557495117,0.34380000829696655,0.08399999886751175,=NA(),20,1013.25,0,0,0,0,0,13.939996719360352,0,0,0,0,0,0,0,0,0,0,0,0,0,0
254,22,0,1,Night,,142.0349884033203,-52.03498458862305,221.6035919189453,0,0,0,0,12.010004043579102,5.070000171661377,=NA(),0,64.81599426269531,1.4163999557495117,0.34380000829696655,0.08399999886751175,=NA(),20,1013.25,0,0,0,0,0,12.010004043579102,0,0,0,0,0,0,0,0,0,0,0,0,0,0
254,23,0,1,Night,,148.14736938476562,-58.14736557006836,197.55233764648438,0,0,0,0,12.089990615844727,3.880000114440918,=NA(),0,64.81599426269531,1.4163999557495117,0.34380000829696655,0.08399999886751175,=NA(),20,1013.25,0,0,0,0,0,12.089990615844727,0,0,0,0,0,0,0,0,0,0,0,0,0,0
255,0,0,1,Night,,148.81842041015625,-58.81842041015625,168.74888610839844,0,0,0,0,14.580011367797852,3.170099973678589,=NA(),0,64.81599426269531,1.4163999557495117,0.34380000829696655,0.08399999886751175,=NA(),20,1013.25,0,0,0,0,0,14.580011367797852,0,0,0,0,0,0,0,0,0,0,0,0,0,0
255,1,0,1,Night,,143.73841857910156,-53.73842239379883,143.19920349121094,0,0,0,0,11.399988174438477,2.5999999046325684,=NA(),0,64.81599426269531,1.4163999557495117,0.34380000829696655,0.08399999886751175,=NA(),20,1013.25,0,0,0,0,0,11.399988174438477,0,0,0,0,0,0,0,0,0,0,0,0,0,0
255,2,0,1,Night,,134.84075927734375,-44.840763092041016,124.62821197509766,0,0,0,0,11.390008926391602,2.0701000690460205,=NA(),0,64.81599426269531,1.4163999557495117,0.34380000829696655,0.08399999886751175,=NA(),20,1013.25,0,0,0,0,0,11.390008926391602,0,0,0,0,0,0,0,0,0,0,0,0,0,0
255,3,0,1,Night,,123.97906494140625,-33.979068756103516,111.25360107421875,0,0,0,0,8.159906387329102,1.7100000381469727,=NA(),0,64.81599426269531,1.4163999557495117,0.34380000829696655,0.08399999886751175,=NA(),20,1013.25,0,0,0,0,0,8.159997940063477,0,0,0,0,0,0,0,0,0,0,0,0,0,0
255,4,0,1,Night,,112.18586730957031,-22.18586540222168,100.80622863769531,0,0,0,0,9.930200576782227,1.559999942779541,=NA(),0,64.81599426269531,1.4163999557495117,0.34380000829696655,0.08399999886751175,=NA(),20,1013.25,0,0,0,0,0,9.929986953735352,0,0,0,0,0,0,0,0,0,0,0,0,0,0
255,5,0,1,Night,,100.01773834228516,-10.017739295959473,91.78225708007812,0,0,0,0,10.080011367797852,1.4900000095367432,=NA(),0,64.81599426269531,1.4163999557495117,0.34380000829696655,0.08399999886751175,=NA(),20,1013.25,0,0,0,0,0,10.080011367797852,0,0,0,0,0,0,0,0,0,0,0,0,0,0
255,6,0,1,Day,,85.87882995605469,4.121171951293945,82.0427017211914,40.494998931884766,40.020896911621094,6.5970001220703125,0.9882923364639282,9.950098037719727,2.0099000930786133,=NA(),=NA(),12.026044845581055,1.4163999557495117,0.34380000829696655,0.08399999886751175,=NA(),20,1013.25,5.999813079833984,79.93742370605469,48.599998474121094,45.279998779296875,3.320000171661377,11.991876602172852,228.04000854492188,238.92999267578125,238.95895385742188,38.888362884521484,0.38404643535614014,0.38255995512008667,44.29755401611328,0.41175490617752075,0.0013838125159963965,0,0.00007262500002980232,0,-10.889984130859375,-0.028961181640625
255,7,0,1,Day,,75.56121063232422,14.438791275024414,74.19087982177734,158.8000030517578,147.7298126220703,44.39699935913086,0.9302884936332703,11.200006484985352,3.199899911880493,=NA(),=NA(),3.9543423652648926,1.4163999557495117,0.34380000829696655,0.08399999886751175,=NA(),20,1013.25,23.957162857055664,52.68342971801758,227.29000854492188,214.10000610351562,13.190000534057617,20.40374183654785,1293.219970703125,1310.780029296875,1312.07275390625,40.01909637451172,2.049131393432617,2.0184309482574463,45.988983154296875,2.158743143081665,0.007339687552303076,0,0.0002758124901447445,0,-17.56005859375,-1.292724609375
255,8,0,1,Day,,64.11200714111328,25.887990951538086,63.94255828857422,249.80999755859375,228.63119506835938,48.50699996948242,0.9152203798294067,12.100000381469727,4.909999847412109,=NA(),=NA(),2.281806230545044,1.4163999557495117,0.34380000829696655,0.08399999886751175,=NA(),20,1013.25,60,23.331106185913086,319.6700134277344,273.2300109863281,46.44000244140625,25.16875648498535,1822.5799560546875,1817.77001953125,1815.58740234375,39.87482452392578,2.84559965133667,2.7236266136169434,45.93370056152344,3.0105700492858887,0.009696937166154385,0,0.000920124992262572,0,4.8099365234375,2.1826171875
255,9,0,1,Day,,53.7287483215332,36.2712516784668,51.33531951904297,315.19000244140625,287.27197265625,47.189998626708984,0.9114247560501099,12.200006484985352,6.059899806976318,=NA(),=NA(),1.6875834465026855,1.4163999557495117,0.34380000829696655,0.08399999886751175,=NA(),20,1013.25,46.77793502807617,30.244993209838867,357.1300048828125,312.125,45,26.8174991607666,2028.7099609375,2012.3699951171875,2011.1097412109375,39.71885681152344,3.164449691772461,3.0483152866363525,45.9002799987793,3.3456296920776367,0.010875875130295753,0,0.0009069375228136778,0,16.3399658203125,1.26025390625
255,10,0,1,Day,,45.28789520263672,44.71210479736328,35.02743911743164,400.7900085449219,346.7662048339844,76.78800201416016,0.8652067184448242,12.920007705688477,7.139999866485596,=NA(),=NA(),1.4200739860534668,1.4163999557495117,0.34380000829696655,0.08399999886751175,=NA(),20,1013.25,30.103696823120117,35.586814880371094,438.3900146484375,397.7099914550781,40.68000030517578,30.777490615844727,2539.830078125,2486.919921875,2488.336181640625,39.291259765625,3.958181619644165,3.878260850906372,45.77042770385742,4.174802303314209,0.013836437836289406,0,0.0008323125075548887,0,52.91015625,-1.416259765625
255,11,0,1,Day,,40.11587142944336,49.88412857055664,14.235430717468262,315.0899963378906,302.0190124511719,17.091999053955078,0.9585166573524475,13.420007705688477,7.860000133514404,=NA(),=NA(),1.3067595958709717,1.4163999557495117,0.34380000829696655,0.08399999886751175,=NA(),20,1013.25,11.705449104309082,38.6491813659668,340.8800048828125,311.739990234375,29.139999389648438,27.336267471313477,1939.989990234375,1921.1300048828125,1922.09375,39.51778793334961,3.0399186611175537,3.0181407928466797,45.754722595214844,3.204962730407715,0.01065793726593256,0,0.0006235624896362424,0,18.8599853515625,-0.9637451171875
255,12,0,1,Day,,39.554344177246094,50.445655822753906,350.8000793457031,275.80999755859375,269.09710693359375,8.706500053405762,0.9756611585617065,13.409997940063477,8.079999923706055,=NA(),=NA(),1.2961479425430298,1.4163999557495117,0.34380000829696655,0.08399999886751175,=NA(),20,1013.25,-7.5223708152771,38.948246002197266,299.42498779296875,274.42498779296875,25,25.644372940063477,1694.929931640625,1687.9000244140625,1687.423828125,39.651512145996094,2.6597747802734375,2.646850347518921,45.74677276611328,2.8060994148254395,0.009351749904453754,0,0.0005433125188574195,0,7.0299072265625,0.4761962890625
255,13,0,1,Day,,43.78363800048828,46.21636199951172,329.11907958984375,192.7100067138672,190.24986267089844,3.407599925994873,0.9872339367866516,12.890008926391602,7.599999904632568,=NA(),=NA(),1.383970022201538,1.4163999557495117,0.34380000829696655,0.08399999886751175,=NA(),20,1013.25,-26.19314956665039,36.430362701416016,202.4499969482422,180.2550048828125,22.19499969482422,21.181238174438477,1121.06005859375,1133.469970703125,1133.0390625,39.81430435180664,1.7785695791244507,1.7322407960891724,45.64209747314453,1.8794277906417847,0.0061881872825324535,0,0.000447750004241243,0,-12.409912109375,0.430908203125
255,14,0,1,Day,,51.61653518676758,38.38346481323242,311.8107604980469,307.80999755859375,286.07586669921875,35.00299835205078,0.929391086101532,11.800012588500977,6.730000019073486,=NA(),=NA(),1.6082738637924194,1.4163999557495117,0.34380000829696655,0.08399999886751175,=NA(),20,1013.25,-43.25761032104492,31.505895614624023,340.6300048828125,298.7149963378906,41.915000915527344,25.7231388092041,1937.0899658203125,1928.47998046875,1927.948486328125,39.813968658447266,3.026338577270508,2.920128583908081,45.96516799926758,3.1978559494018555,0.010416187345981598,0,0.0008486250299029052,0,8.6099853515625,0.531494140625
255,15,0,1,Day,,61.65034484863281,28.34965705871582,298.4817199707031,188.8000030517578,184.5739288330078,8.899800300598145,0.9776161313056946,12.300012588500977,5.560100078582764,=NA(),=NA(),2.0996124744415283,1.4163999557495117,0.34380000829696655,0.08399999886751175,=NA(),20,1013.25,-58.455955505371094,24.81467628479004,198.67999267578125,157.34500122070312,41.334999084472656,20.566247940063477,1065.4599609375,1079.43994140625,1069.835205078125,40.19906234741211,1.6628613471984863,1.5576753616333008,45.63627243041992,1.7810181379318237,0.005488375201821327,0,0.000830999983008951,0,-13.97998046875,9.604736328125
255,16,0,1,Day,,72.91007232666016,17.089929580688477,287.7964172363281,203.89999389648438,182.064697265625,74.302001953125,0.8929117321968079,12.499994277954102,3.340100049972534,=NA(),=NA(),3.369809627532959,1.4163999557495117,0.34380000829696655,0.08399999886751175,=NA(),20,1013.25,-30.441457748413086,44.39992904663086,302.53997802734375,284.635009765625,17.904998779296875,24.7499942779541,1746.3699951171875,1744.3199462890625,1746.5482177734375,39.73344039916992,2.74729323387146,2.696941375732422,45.917747497558594,2.8943288326263428,0.009774374775588512,0,0.00041099998634308577,0,2.050048828125,-2.228271484375
255,17,0,1,Day,,84.53489685058594,5.4651007652282715,278.7406921386719,7.2083001136779785,7.197747707366943,0.11079999804496765,0.9985360503196716,11.300012588500977,2.8698999881744385,=NA(),=NA(),9.574136734008789,1.4163999557495117,0.34380000829696655,0.08399999886751175,=NA(),20,1013.25,-8.018228530883789,76.61166381835938,7.845000267028809,7.164999961853027,0.6800000071525574,11.635004043579102,34.08000183105469,35.83000183105469,35.824851989746094,35.88251495361328,0.0623994916677475,0.06201920658349991,41.25367736816406,0.07262958586215973,0.00024249999842140824,0,0.00001449999945180025,0,-1.75,0.00514984130859375
255,18,0,1,Night,,97.21212768554688,-7.212128639221191,269.938232421875,0,0,0,0,7.810296535491943,2.8399999141693115,=NA(),0,64.81599426269531,1.4163999557495117,0.34380000829696655,0.08399999886751175,=NA(),20,1013.25,0,0,0,0,0,7.809991359710693,0,0,0,0,0,0,0,0,0,0,0,0,0,0
255,19,0,1,Night,,109.40447235107422,-19.40447235107422,261.04779052734375,0,0,0,0,6.640313625335693,2.759999990463257,=NA(),0,64.81599426269531,1.4163999557495117,0.34380000829696655,0.08399999886751175,=NA(),20,1013.25,0,0,0,0,0,6.640008449554443,0,0,0,0,0,0,0,0,0,0,0,0,0,0
255,20,0,1,Night,,121.286376953125,-31.286373138427734,250.97657775878906,0,0,0,0,7.390100002288818,2.6298999786376953,=NA(),0,64.81599426269531,1.4163999557495117,0.34380000829696655,0.08399999886751175,=NA(),20,1013.25,0,0,0,0,0,7.390008449554443,0,0,0,0,0,0,0,0,0,0,0,0,0,0
255,21,0,1,Night,,132.37237548828125,-42.37237548828125,238.36895751953125,0,0,0,0,6.870294094085693,2.460099935531616,=NA(),0,64.81599426269531,1.4163999557495117,0.34380000829696655,0.08399999886751175,=NA(),20,1013.25,0,0,0,0,0,6.869988918304443,0,0,0,0,0,0,0,0,0,0,0,0,0,0
255,22,0,1,Night,,141.76258850097656,-51.7625846862793,221.14845275878906,0,0,0,0,6.890191555023193,2.2499001026153564,=NA(),0,64.81599426269531,1.4163999557495117,0.34380000829696655,0.08399999886751175,=NA(),20,1013.25,0,0,0,0,0,6.890008449554443,0,0,0,0,0,0,0,0,0,0,0,0,0,0
255,23,0,1,Night,,147.79946899414062,-57.79946517944336,197.215087890625,0,0,0,0,3.6401915550231934,2.0999999046325684,=NA(),0,64.81599426269531,1.4163999557495117,0.34380000829696655,0.08399999886751175,=NA(),20,1013.25,0,0,0,0,0,3.6400084495544434,0,0,0,0,0,0,0,0,0,0,0,0,0,0
256,0,0,1,Night,,148.4281463623047,-58.42815017700195,168.69967651367188,0,0,0,0,3.4102110862731934,1.9600000381469727,=NA(),0,64.81599426269531,1.4163999557495117,0.34380000829696655,0.08399999886751175,=NA(),20,1013.25,0,0,0,0,0,3.4099974632263184,0,0,0,0,0,0,0,0,0,0,0,0,0,0
256,1,0,1,Night,,143.3631134033203,-53.36311721801758,143.3852081298828,0,0,0,0,3.9299864768981934,1.8600000143051147,=NA(),0,64.81599426269531,1.4163999557495117,0.34380000829696655,0.08399999886751175,=NA(),20,1013.25,0,0,0,0,0,3.9299864768981934,0,0,0,0,0,0,0,0,0,0,0,0,0,0
256,2,0,1,Night,,134.5,-44.49999237060547,124.89862060546875,0,0,0,0,6.000085353851318,1.7300000190734863,=NA(),0,64.81599426269531,1.4163999557495117,0.34380000829696655,0.08399999886751175,=NA(),20,1013.25,0,0,0,0,0,5.999993801116943,0,0,0,0,0,0,0,0,0,0,0,0,0,0
256,3,0,1,Night,,123.66594696044922,-33.66594696044922,111.53631591796875,0,0,0,0,6.400292873382568,1.6399999856948853,=NA(),0,64.81599426269531,1.4163999557495117,0.34380000829696655,0.08399999886751175,=NA(),20,1013.25,0,0,0,0,0,6.399987697601318,0,0,0,0,0,0,0,0,0,0,0,0,0,0
256,4,0,1,Night,,111.88990783691406,-21.889907836914062,101.08179473876953,0,0,0,0,6.000085353851318,1.7200000286102295,=NA(),0,64.81599426269531,1.4163999557495117,0.34380000829696655,0.08399999886751175,=NA(),20,1013.25,0,0,0,0,0,5.999993801116943,0,0,0,0,0,0,0,0,0,0,0,0,0,0
256,5,0,1,Night,,99.72916412353516,-9.729164123535156,92.0489730834961,0,0,0,0,6.299890041351318,1.8899999856948853,=NA(),0,64.81599426269531,1.4163999557495117,0.34380000829696655,0.08399999886751175,=NA(),20,1013.25,0,0,0,0,0,6.300012111663818,0,0,0,0,0,0,0,0,0,0,0,0,0,0
256,6,0,1,Day,,85.7393798828125,4.260617256164551,82.41158294677734,15.803000450134277,15.787785530090332,0.20479999482631683,0.9990372061729431,6.510003566741943,2.469899892807007,=NA(),=NA(),11.71906566619873,1.4163999557495117,0.34380000829696655,0.08399999886751175,=NA(),20,1013.25,6.200479507446289,79.59385681152344,17.21500015258789,15.75,1.4649999141693115,7.230004787445068,82.19999694824219,87.87000274658203,87.85831451416016,38.05416488647461,0.14429806172847748,0.143661230802536,43.353145599365234,0.1591653972864151,0.0005323124933056533,0,0.00003199999991920777,0,-5.670005798339844,0.011688232421875
256,7,0,1,Day,,75.25784301757812,14.742156028747559,74.44683837890625,58.70100021362305,58.49666213989258,0.8029999732971191,0.9965190291404724,7.299706935882568,3.2100000381469727,=NA(),=NA(),3.877115249633789,1.4163999557495117,0.34380000829696655,0.08399999886751175,=NA(),20,1013.25,24.558841705322266,51.780487060546875,62.375,55.63999938964844,6.734999656677246,9.868127822875977,325.2699890136719,342.94000244140625,342.4110412597656,39.8321647644043,0.5372428894042969,0.5231971740722656,45.17567443847656,0.574153482913971,0.0018980625318363309,0,0.00013749999925494194,0,-17.670013427734375,0.528961181640625
256,8,0,1,Day,,63.78912353515625,26.21087646484375,64.19007110595703,198.10000610351562,191.43113708496094,15.098999977111816,0.9663358330726624,8.040307998657227,3.4298999309539795,=NA(),=NA(),2.2558977603912354,1.4163999557495117,0.34380000829696655,0.08399999886751175,=NA(),20,1013.25,60,23.02921485900879,217.80999755859375,174.10499572753906,43.709999084472656,17.042505264282227,1183.699951171875,1213.280029296875,1204.4373779296875,40.806304931640625,1.8443883657455444,1.7267392873764038,46.291954040527344,1.970153570175171,0.006126000080257654,0,0.0008674999698996544,0,-29.580078125,8.8426513671875
256,9,0,1,Day,,53.37914276123047,36.62085723876953,51.55596160888672,245.38999938964844,237.51954650878906,13.194000244140625,0.9679267406463623,8.899805068969727,3.319999933242798,=NA(),=NA(),1.6737642288208008,1.4163999557495117,0.34380000829696655,0.08399999886751175,=NA(),20,1013.25,46.500518798828125,29.934972763061523,256.54998779296875,215.43499755859375,41.119998931884766,19.483118057250977,1407.780029296875,1430.9599609375,1424.4700927734375,40.55144119262695,2.1950199604034424,2.0874574184417725,46.25456619262695,2.3353495597839355,0.007445374969393015,0,0.0008223124896176159,0,-23.179931640625,6.4898681640625
256,10,0,1,Day,,44.90940475463867,45.09059524536133,35.172119140625,605.4000244140625,336.9831237792969,379,0.5566288828849792,9.910303115844727,3.299999952316284,=NA(),=NA(),1.4107221364974976,1.4163999557495117,0.34380000829696655,0.08399999886751175,=NA(),20,1013.25,29.86511993408203,35.24628829956055,695.8250122070312,648.989990234375,46.834999084472656,38.16875457763672,4159.68017578125,3977.050048828125,3980.108642578125,38.57892990112305,6.448024749755859,6.385280609130859,45.694602966308594,6.7935028076171875,0.02283443696796894,0,0.0009889999637380242,0,182.630126953125,-3.05859375
256,11,0,1,Day,,39.72386169433594,50.27613830566406,14.220837593078613,595.489990234375,368.37255859375,295.2900085449219,0.6186041235923767,11.499994277954102,3.420099973678589,=NA(),=NA(),1.2993202209472656,1.4163999557495117,0.34380000829696655,0.08399999886751175,=NA(),20,1013.25,11.536934852600098,38.27992630004883,646.6749877929688,600.3399658203125,46.334999084472656,37.803733825683594,3836.409912109375,3671.81005859375,3675.747314453125,38.582176208496094,5.9544148445129395,5.934480667114258,45.59355163574219,6.274886131286621,0.020994437858462334,0,0.0009979375172406435,0,164.599853515625,-3.937255859375
256,12,0,1,Day,,39.187374114990234,50.812625885009766,350.58221435546875,523,386.8952941894531,175.60000610351562,0.7397615313529968,12.629999160766602,3.690000057220459,=NA(),=NA(),1.2893718481063843,1.4163999557495117,0.34380000829696655,0.08399999886751175,=NA(),20,1013.25,-7.598120212554932,38.56059265136719,565.8699951171875,523.75,42.119998931884766,35.698753356933594,3322.719970703125,3201.7900390625,3204.618896484375,38.80353927612305,5.161611080169678,5.149687767028809,45.606117248535156,5.440063953399658,0.01817331276834011,0,0.0009163125068880618,0,120.929931640625,-2.828857421875
256,13,0,1,Day,,43.47489547729492,46.52510452270508,328.7687683105469,565.510009765625,358.68511962890625,285.010009765625,0.6342684030532837,13.330011367797852,3.9600000381469727,=NA(),=NA(),1.3769009113311768,1.4163999557495117,0.34380000829696655,0.08399999886751175,=NA(),20,1013.25,-26.178747177124023,36.038414001464844,635.68994140625,590.7249755859375,44.96500015258789,39.21123504638672,3777.949951171875,3598.639892578125,3602.6328125,38.383480072021484,5.86620569229126,5.814320087432861,45.383026123046875,6.184544086456299,0.02071506157517433,0,0.0009468125062994659,0,179.31005859375,-3.992919921875
256,14,0,1,Day,,51.36883544921875,38.63116455078125,311.4219970703125,67.1989974975586,66.88684844970703,0.5,0.9953548312187195,9.779993057250977,4.060100078582764,=NA(),=NA(),1.599596619606018,1.4163999557495117,0.34380000829696655,0.08399999886751175,=NA(),20,1013.25,-43.17624282836914,31.11981201171875,66.375,54.71500015258789,11.654999732971191,12.554376602172852,337.2900085449219,352.2300109863281,350.0208740234375,39.620052337646484,0.5519684553146362,0.5208325982093811,44.849327087402344,0.5947266221046448,0.0018731249729171395,0,0.0002334375021746382,0,-14.94000244140625,2.209136962890625
256,15,0,1,Day,,61.449893951416016,28.550106048583984,298.0981750488281,218.49000549316406,209.93893432617188,17.892000198364258,0.9608628749847412,10.390008926391602,3.8499999046325684,=NA(),=NA(),2.0862061977386475,1.4163999557495117,0.34380000829696655,0.08399999886751175,=NA(),20,1013.25,-58.33449172973633,24.438220977783203,237.69500732421875,191.76998901367188,45.93000030517578,20.230005264282227,1295.0799560546875,1313.260009765625,1303.765869140625,40.435829162597656,2.0147080421447754,1.8988127708435059,46.01164245605469,2.1502838134765625,0.006702375132590532,0,0.0009250625153072178,0,-18.1800537109375,9.494140625
256,16,0,1,Day,,72.74129486083984,17.25870132446289,287.4258728027344,198.7100067138672,179.45237731933594,64.90899658203125,0.90308678150177,11.899988174438477,2.5599000453948975,=NA(),=NA(),3.338547706604004,1.4163999557495117,0.34380000829696655,0.08399999886751175,=NA(),20,1013.25,-30.79343605041504,43.83677673339844,290.82501220703125,272.8949890136719,17.935001373291016,23.6762638092041,1673.1400146484375,1677.18994140625,1679.214111328125,39.84125900268555,2.634227752685547,2.5832290649414062,45.98691940307617,2.775029182434082,0.009356999769806862,0,0.00041381249320693314,0,-4.0499267578125,-2.024169921875
256,17,0,1,Day,,84.46836853027344,5.531631946563721,278.3160400390625,20.492000579833984,20.464075088500977,0.2897000014781952,0.9986372590065002,10.350000381469727,2.5899999141693115,=NA(),=NA(),9.477133750915527,1.4163999557495117,0.34380000829696655,0.08399999886751175,=NA(),20,1013.25,-8.109282493591309,76.44611358642578,22.290000915527344,20.364999771118164,1.9249999523162842,11.276239395141602,108.87000274658203,114.58999633789062,114.61234283447266,37.856178283691406,0.18922318518161774,0.18802905082702637,43.20280075073242,0.20646914839744568,0.0006890000076964498,0,0.00004199999966658652,0,-5.719993591308594,-0.02234649658203125
256,18,0,1,Night,,97.06427764892578,-7.064280986785889,269.57110595703125,0,0,0,0,8.100091934204102,2.569999933242798,=NA(),0,64.81599426269531,1.4163999557495117,0.34380000829696655,0.08399999886751175,=NA(),20,1013.25,0,0,0,0,0,8.100000381469727,0,0,0,0,0,0,0,0,0,0,0,0,0,0
256,19,0,1,Night,,109.25198364257812,-19.25197982788086,260.66455078125,0,0,0,0,7.749810695648193,2.5,=NA(),0,64.81599426269531,1.4163999557495117,0.34380000829696655,0.08399999886751175,=NA(),20,1013.25,0,0,0,0,0,7.749993801116943,0,0,0,0,0,0,0,0,0,0,0,0,0,0
256,20,0,1,Night,,121.11307525634766,-31.113075256347656,250.56480407714844,0,0,0,0,8.100091934204102,2.389899969100952,=NA(),0,64.81599426269531,1.4163999557495117,0.34380000829696655,0.08399999886751175,=NA(),20,1013.25,0,0,0,0,0,8.100000381469727,0,0,0,0,0,0,0,0,0,0,0,0,0,0
256,21,0,1,Night,,132.15980529785156,-42.1598014831543,237.9230194091797,0,0,0,0,5.730187892913818,2.2699999809265137,=NA(),0,64.81599426269531,1.4163999557495117,0.34380000829696655,0.08399999886751175,=NA(),20,1013.25,0,0,0,0,0,5.730004787445068,0,0,0,0,0,0,0,0,0,0,0,0,0,0
256,22,0,1,Night,,141.48765563964844,-51.48765563964844,220.69712829589844,0,0,0,0,4.509698390960693,2.2899999618530273,=NA(),0,64.81599426269531,1.4163999557495117,0.34380000829696655,0.08399999886751175,=NA(),20,1013.25,0,0,0,0,0,4.510003566741943,0,0,0,0,0,0,0,0,0,0,0,0,0,0
256,23,0,1,Night,,147.4494171142578,-57.44940948486328,196.88284301757812,0,0,0,0,3.2997984886169434,2.3499999046325684,=NA(),0,64.81599426269531,1.4163999557495117,0.34380000829696655,0.08399999886751175,=NA(),20,1013.25,0,0,0,0,0,3.3000121116638184,0,0,0,0,0,0,0,0,0,0,0,0,0,0
257,0,0,1,Night,,148.0363006591797,-58.03630447387695,168.65090942382812,0,0,0,0,2.7001891136169434,2.3199000358581543,=NA(),0,64.81599426269531,1.4163999557495117,0.34380000829696655,0.08399999886751175,=NA(),20,1013.25,0,0,0,0,0,2.7000060081481934,0,0,0,0,0,0,0,0,0,0,0,0,0,0
257,1,0,1,Night,,142.986083984375,-52.986087799072266,143.56813049316406,0,0,0,0,1.699700951576233,2.200000047683716,=NA(),0,64.81599426269531,1.4163999557495117,0.34380000829696655,0.08399999886751175,=NA(),20,1013.25,0,0,0,0,0,1.700006127357483,0,0,0,0,0,0,0,0,0,0,0,0,0,0
257,2,0,1,Night,,134.1573944091797,-44.15739822387695,125.16639709472656,0,0,0,0,1.379998803138733,2.0299999713897705,=NA(),0,64.81599426269531,1.4163999557495117,0.34380000829696655,0.08399999886751175,=NA(),20,1013.25,0,0,0,0,0,1.379998803138733,0,0,0,0,0,0,0,0,0,0,0,0,0,0
257,3,0,1,Night,,123.35145568847656,-33.3514518737793,111.8176040649414,0,0,0,0,0.8002868890762329,1.8600000143051147,=NA(),0,64.81599426269531,1.4163999557495117,0.34380000829696655,0.08399999886751175,=NA(),20,1013.25,0,0,0,0,0,0.8000122308731079,0,0,0,0,0,0,0,0,0,0,0,0,0,0
257,4,0,1,Night,,111.5927734375,-21.592775344848633,101.35687255859375,0,0,0,0,0.18010863661766052,1.839900016784668,=NA(),0,64.81599426269531,1.4163999557495117,0.34380000829696655,0.08399999886751175,=NA(),20,1013.25,0,0,0,0,0,0.17998656630516052,0,0,0,0,0,0,0,0,0,0,0,0,0,0
257,5,0,1,Night,,99.43997955322266,-9.439977645874023,92.31587219238281,0,0,0,0,0.2997070252895355,1.7899999618530273,=NA(),0,64.81599426269531,1.4163999557495117,0.34380000829696655,0.08399999886751175,=NA(),20,1013.25,0,0,0,0,0,0.3000122010707855,0,0,0,0,0,0,0,0,0,0,0,0,0,0
257,6,0,1,Day,,85.59383392333984,4.406162738800049,82.77889251708984,61.104000091552734,58.94487762451172,28.104000091552734,0.9646648168563843,0.18999633193016052,1.750100016593933,=NA(),=NA(),11.413783073425293,1.4163999557495117,0.34380000829696655,0.08399999886751175,=NA(),20,1013.25,6.410429954528809,79.23490905761719,84.33499908447266,80.16999816894531,4.164999961853027,3.7568602561950684,367.5400085449219,395.5199890136719,395.9564208984375,40.777652740478516,0.6068830490112305,0.6051065921783447,46.23823547363281,0.6438804268836975,0.002195687498897314,0,0.0000916874996619299,0,-27.97998046875,-0.436431884765625
257,7,0,1,Day,,74.95375061035156,15.046249389648438,74.70408630371094,252,201.147216796875,195.88999938964844,0.7982032299041748,3.7798094749450684,0.7900999784469604,=NA(),=NA(),3.8027279376983643,1.4163999557495117,0.34380000829696655,0.08399999886751175,=NA(),20,1013.25,25.171655654907227,50.86527633666992,421.135009765625,404.92498779296875,16.209999084472656,20.670007705688477,2479.360107421875,2509.239990234375,2512.86083984375,40.63185119628906,3.865298271179199,3.824697256088257,47.0587272644043,4.06219482421875,0.013982750475406647,0,0.00034374999813735485,0,-29.8798828125,-3.620849609375
257,8,0,1,Day,,63.4660530090332,26.533945083618164,64.43949127197266,490.5899963378906,307.6147155761719,409.5899963378906,0.6270301342010498,7.979791164398193,1.3200000524520874,=NA(),=NA(),2.2306227684020996,1.4163999557495117,0.34380000829696655,0.08399999886751175,=NA(),20,1013.25,60,22.729312896728516,789.9349975585938,732.5350341796875,57.400001525878906,39.92186737060547,4808.02978515625,4571.22998046875,4577.208984375,38.359004974365234,7.458056449890137,7.313370227813721,45.7358512878418,7.861885070800781,0.0263943113386631,0,0.0011150625068694353,0,236.7998046875,-5.97900390625
257,9,0,1,Day,,53.029205322265625,36.970794677734375,51.779029846191406,647.4000244140625,322.15863037109375,540.7999877929688,0.4976191222667694,10.559991836547852,2.430000066757202,=NA(),=NA(),1.6602169275283813,1.4163999557495117,0.34380000829696655,0.08399999886751175,=NA(),20,1013.25,46.22422409057617,29.623750686645508,860.35498046875,807.2750244140625,53.06999969482422,45.573753356933594,5187.39990234375,4839.39990234375,4845.31982421875,37.61252212524414,8.051478385925293,7.95504903793335,45.152435302734375,8.499173164367676,0.028567375615239143,0,0.0011086874874308705,0,348,-5.919921875
257,10,0,1,Day,,44.530216217041016,45.469783782958984,35.3188591003418,772.5900268554688,312.710693359375,645.0999755859375,0.4047563076019287,12.140008926391602,3.029900074005127,=NA(),=NA(),1.401536464691162,1.4163999557495117,0.34380000829696655,0.08399999886751175,=NA(),20,1013.25,29.62787437438965,34.90461349487305,902.8800048828125,849.9749755859375,52.900001525878906,48.99248504638672,5444.83984375,5020.89013671875,5026.7060546875,37.15922927856445,8.454684257507324,8.41369915008545,44.80682373046875,8.927350044250488,0.03001450002193451,0,0.00113581249024719,0,423.94970703125,-5.81591796875
257,11,0,1,Day,,39.33088684082031,50.66911315917969,14.205613136291504,836.2999877929688,296.0189514160156,698.489990234375,0.35396263003349304,13.499994277954102,3.4000000953674316,=NA(),=NA(),1.2920070886611938,1.4163999557495117,0.34380000829696655,0.08399999886751175,=NA(),20,1013.25,11.3694486618042,37.90959167480469,909.0549926757812,848.4500122070312,60.605003356933594,50.714378356933594,5457.8701171875,5002.8798828125,5007.8251953125,36.93534469604492,8.473970413208008,8.45598316192627,44.590206146240234,8.948001861572266,0.029916249215602875,0,0.001308937557041645,0,454.990234375,-4.9453125
257,12,0,1,Day,,38.819969177246094,51.180030822753906,350.3599548339844,795.510009765625,287.9058532714844,651.510009765625,0.3619135618209839,15.159997940063477,3.619999885559082,=NA(),=NA(),1.2827105522155762,1.4163999557495117,0.34380000829696655,0.08399999886751175,=NA(),20,1013.25,-7.67358922958374,38.17193603515625,858.6650390625,800.6700439453125,57.98999786376953,50.37749481201172,5142.5400390625,4718.51025390625,4721.15087890625,36.99335861206055,7.976349830627441,7.961878299713135,44.51887512207031,8.42177963256836,0.02815612405538559,0,0.0012634375598281622,0,424.02978515625,-2.640625
257,13,0,1,Day,,43.16654968261719,46.83345031738281,328.4130859375,466,370.1610107421875,131.39999389648438,0.7943369150161743,15.279993057250977,3.7499001026153564,=NA(),=NA(),1.3699517250061035,1.4163999557495117,0.34380000829696655,0.08399999886751175,=NA(),20,1013.25,-26.164775848388672,35.64535903930664,514.7149658203125,473.2650146484375,41.45500183105469,36.27251434326172,3018.929931640625,2902.919921875,2905.375244140625,38.66023635864258,4.6969990730285645,4.63400936126709,45.35782241821289,4.952227592468262,0.01651381328701973,0,0.0008598749991506338,0,116.010009765625,-2.455322265625
257,14,0,1,Day,,51.122474670410156,38.877525329589844,311.0292663574219,590.3900146484375,314.4151611328125,439.69000244140625,0.5325549840927124,15.879999160766602,3.7499001026153564,=NA(),=NA(),1.5910874605178833,1.4163999557495117,0.34380000829696655,0.08399999886751175,=NA(),20,1013.25,-43.096134185791016,30.732805252075195,751.5400390625,702.6500244140625,48.88999938964844,46.487510681152344,4522.91015625,4204.580078125,4210.119140625,37.458717346191406,7.024683475494385,6.939301013946533,44.775367736816406,7.419994354248047,0.024863874539732933,0,0.0010220624972134829,0,318.330078125,-5.5390625
257,15,0,1,Day,,61.25086975097656,28.74913215637207,297.7119140625,426.9100036621094,288.6247253417969,287.510009765625,0.6760786175727844,15.399988174438477,3.4800000190734863,=NA(),=NA(),2.073087215423584,1.4163999557495117,0.34380000829696655,0.08399999886751175,=NA(),20,1013.25,-58.21441650390625,24.060697555541992,625.844970703125,572.6799926757812,53.15999984741211,40.891258239746094,3733.0400390625,3535.389892578125,3539.39404296875,38.15044021606445,5.798587322235107,5.663666248321533,45.14204406738281,6.119054794311523,0.020326750352978706,0,0.0010805624770000577,0,197.650146484375,-4.004150390625
257,16,0,1,Day,,72.57350158691406,17.426502227783203,287.0534362792969,210.60000610351562,186.75942993164062,79.60600280761719,0.8867968916893005,14.600000381469727,2.399899959564209,=NA(),=NA(),3.3080573081970215,1.4163999557495117,0.34380000829696655,0.08399999886751175,=NA(),20,1013.25,-31.147485733032227,43.27163314819336,314.29498291015625,295.739990234375,18.559999465942383,27.348108291625977,1815.530029296875,1797.68994140625,1799.959228515625,39.41028594970703,2.8545258045196533,2.8010618686676025,45.63715362548828,3.0088047981262207,0.010144749656319618,0,0.00043193751480430365,0,17.840087890625,-2.269287109375
257,17,0,1,Day,,84.39363098144531,5.606371879577637,277.89739990234375,19.398000717163086,19.3784122467041,0.2004999965429306,0.9989901781082153,12.369989395141602,2.6900999546051025,=NA(),=NA(),9.370346069335938,1.4163999557495117,0.34380000829696655,0.08399999886751175,=NA(),20,1013.25,-8.213176727294922,76.25999450683594,21.09000015258789,19.264999389648438,1.8250000476837158,13.254358291625977,102.55000305175781,107.16999816894531,107.1579360961914,37.46134948730469,0.17878073453903198,0.17760860919952393,42.81096267700195,0.19558481872081757,0.0006519375019706786,0,0.00003949999882024713,0,-4.6199951171875,0.01206207275390625
257,18,0,1,Night,,96.91544342041016,-6.91544246673584,269.2030334472656,0,0,0,0,8.869897842407227,2.809999942779541,=NA(),0,64.81599426269531,1.4163999557495117,0.34380000829696655,0.08399999886751175,=NA(),20,1013.25,0,0,0,0,0,8.869989395141602,0,0,0,0,0,0,0,0,0,0,0,0,0,0
257,19,0,1,Night,,109.09896850585938,-19.09896469116211,260.2808532714844,0,0,0,0,5.790002346038818,2.850100040435791,=NA(),0,64.81599426269531,1.4163999557495117,0.34380000829696655,0.08399999886751175,=NA(),20,1013.25,0,0,0,0,0,5.790002346038818,0,0,0,0,0,0,0,0,0,0,0,0,0,0
257,20,0,1,Night,,120.9387435913086,-30.938745498657227,250.15328979492188,0,0,0,0,2.9999938011169434,2.7999000549316406,=NA(),0,64.81599426269531,1.4163999557495117,0.34380000829696655,0.08399999886751175,=NA(),20,1013.25,0,0,0,0,0,2.9999938011169434,0,0,0,0,0,0,0,0,0,0,0,0,0,0
257,21,0,1,Night,,131.94520568847656,-41.94520950317383,237.4787139892578,0,0,0,0,2.6397032737731934,2.639899969100952,=NA(),0,64.81599426269531,1.4163999557495117,0.34380000829696655,0.08399999886751175,=NA(),20,1013.25,0,0,0,0,0,2.6400084495544434,0,0,0,0,0,0,0,0,0,0,0,0,0,0
257,22,0,1,Night,,141.2103729248047,-51.21038055419922,220.249755859375,0,0,0,0,1.949700951576233,2.3801000118255615,=NA(),0,64.81599426269531,1.4163999557495117,0.34380000829696655,0.08399999886751175,=NA(),20,1013.25,0,0,0,0,0,1.950006127357483,0,0,0,0,0,0,0,0,0,0,0,0,0,0
257,23,0,1,Night,,147.09764099121094,-57.0976448059082,196.5557098388672,0,0,0,0,1.610009789466858,2.0999999046325684,=NA(),0,64.81599426269531,1.4163999557495117,0.34380000829696655,0.08399999886751175,=NA(),20,1013.25,0,0,0,0,0,1.610009789466858,0,0,0,0,0,0,0,0,0,0,0,0,0,0
258,0,0,1,Night,,147.6433868408203,-57.64339065551758,168.60275268554688,0,0,0,0,1.090112328529358,1.910099983215332,=NA(),0,64.81599426269531,1.4163999557495117,0.34380000829696655,0.08399999886751175,=NA(),20,1013.25,0,0,0,0,0,1.089990258216858,0,0,0,0,0,0,0,0,0,0,0,0,0,0
258,1,0,1,Night,,142.6076202392578,-52.607627868652344,143.7480926513672,0,0,0,0,0.6002136468887329,2.0601000785827637,=NA(),0,64.81599426269531,1.4163999557495117,0.34380000829696655,0.08399999886751175,=NA(),20,1013.25,0,0,0,0,0,0.6000000238418579,0,0,0,0,0,0,0,0,0,0,0,0,0,0
258,2,0,1,Night,,133.81292724609375,-43.81292724609375,125.43158721923828,0,0,0,0,0.3901000916957855,2.3499999046325684,=NA(),0,64.81599426269531,1.4163999557495117,0.34380000829696655,0.08399999886751175,=NA(),20,1013.25,0,0,0,0,0,0.3900085389614105,0,0,0,0,0,0,0,0,0,0,0,0,0,0
258,3,0,1,Night,,123.03494262695312,-33.03493881225586,112.09746551513672,0,0,0,0,-0.08978881686925888,2.5599000453948975,=NA(),0,64.81599426269531,1.4163999557495117,0.34380000829696655,0.08399999886751175,=NA(),20,1013.25,0,0,0,0,0,-0.09000243991613388,0,0,0,0,0,0,0,0,0,0,0,0,0,0
258,4,0,1,Night,,111.29346466064453,-21.29346466064453,101.63140869140625,0,0,0,0,-0.3596862852573395,2.70989990234375,=NA(),0,64.81599426269531,1.4163999557495117,0.34380000829696655,0.08399999886751175,=NA(),20,1013.25,0,0,0,0,0,-0.3599914610385895,0,0,0,0,0,0,0,0,0,0,0,0,0,0
258,5,0,1,Night,,99.1479721069336,-9.14797306060791,92.5829086303711,0,0,0,0,-0.4401916563510895,2.8299999237060547,=NA(),0,64.81599426269531,1.4163999557495117,0.34380000829696655,0.08399999886751175,=NA(),20,1013.25,0,0,0,0,0,-0.4400085508823395,0,0,0,0,0,0,0,0,0,0,0,0,0,0
258,6,0,1,Day,,85.44855499267578,4.551445960998535,83.14458465576172,78.8030014038086,74.0651626586914,59.70500183105469,0.939877450466156,0.13021239638328552,3.599900007247925,=NA(),=NA(),11.123457908630371,1.4163999557495117,0.34380000829696655,0.08399999886751175,=NA(),20,1013.25,6.620296478271484,78.87623596191406,118.46499633789062,113.7449951171875,4.715000152587891,5.170617580413818,499.0400085449219,533.6599731445312,534.380126953125,40.978736877441406,0.8150264024734497,0.8128764629364014,46.52231216430664,0.8618974685668945,0.0029559375252574682,0,0.00010418750025564805,0,-34.619964599609375,-0.72015380859375
258,7,0,1,Day,,74.6497573852539,15.350245475769043,74.96263885498047,280.7900085449219,218.8219757080078,234.08999633789062,0.7793082594871521,3.6501097679138184,3.2500998973846436,=NA(),=NA(),3.731222629547119,1.4163999557495117,0.34380000829696655,0.08399999886751175,=NA(),20,1013.25,25.79450035095215,49.93962860107422,479.94000244140625,462.6099853515625,17.334999084472656,22.891260147094727,2844.889892578125,2858.5,2863.0673828125,40.426536560058594,4.426356792449951,4.3824238777160645,47.00349426269531,4.652504920959473,0.016022436320781708,0,0.00036750000435858965,0,-13.610107421875,-4.5673828125
258,8,0,1,Day,,63.14238739013672,26.85761260986328,64.69084167480469,465.3900146484375,292.319580078125,383.0899963378906,0.6281174421310425,7.420007228851318,1.8301000595092773,=NA(),=NA(),2.205928087234497,1.4163999557495117,0.34380000829696655,0.08399999886751175,=NA(),20,1013.25,60,22.43141746520996,742.75,687.9500122070312,54.80500030517578,37.410606384277344,4518.35009765625,4331.509765625,4336.822265625,38.68780517578125,7.006301403045654,6.8684401512146,45.94410705566406,7.381313323974609,0.0247946884483099,0,0.0010652500204741955,0,186.84033203125,-5.3125
258,9,0,1,Day,,52.6786003112793,37.3213996887207,52.00458526611328,652.2999877929688,321.9350280761719,544.9000244140625,0.4935382902622223,11.399988174438477,0.5899999737739563,=NA(),=NA(),1.6469223499298096,1.4163999557495117,0.34380000829696655,0.08399999886751175,=NA(),20,1013.25,45.94866943359375,29.311193466186523,864.969970703125,811.9099731445312,53.060001373291016,46.638755798339844,5218.669921875,4850.91015625,4856.32373046875,37.474464416503906,8.099489212036133,8.004311561584473,45.027488708496094,8.551164627075195,0.0287456251680851,0,0.0011091874912381172,0,367.759765625,-5.41357421875
258,10,0,1,Day,,44.150108337402344,45.849891662597656,35.467769622802734,193.8000030517578,191.285888671875,3.5039000511169434,0.9870272874832153,13.450006484985352,0.1899999976158142,=NA(),=NA(),1.3925081491470337,1.4163999557495117,0.34380000829696655,0.08399999886751175,=NA(),20,1013.25,29.391748428344727,34.56159973144531,202.14498901367188,178.49000549316406,23.654998779296875,21.748132705688477,1116.3900146484375,1126.56005859375,1125.537109375,39.7674674987793,1.7688249349594116,1.7161229848861694,45.55838394165039,1.8732647895812988,0.006134812720119953,0,0.0004743125173263252,0,-10.1700439453125,1.02294921875
258,11,0,1,Day,,38.9367790222168,51.0632209777832,14.189845085144043,312.29998779296875,300.55694580078125,15.097000122070312,0.9623981714248657,13.550012588500977,0.5598999857902527,=NA(),=NA(),1.2848151922225952,1.4163999557495117,0.34380000829696655,0.08399999886751175,=NA(),20,1013.25,11.202980995178223,37.53799057006836,338.0050048828125,309.19000244140625,28.814998626708984,27.35064125061035,1922.6800537109375,1903.8800048828125,1904.781494140625,39.50715637207031,3.0133490562438965,2.989957571029663,45.73747634887695,3.1771531105041504,0.010565437376499176,0,0.000618187477812171,0,18.800048828125,-0.9014892578125
258,12,0,1,Day,,38.451942443847656,51.548057556152344,350.1332702636719,948.0900268554688,328.09381103515625,791.6900024414062,0.346057653427124,14.850000381469727,0.9900000095367432,=NA(),=NA(),1.2761586904525757,1.4163999557495117,0.34380000829696655,0.08399999886751175,=NA(),20,1013.25,-7.748605728149414,37.7820930480957,1023.5399780273438,954.2349853515625,69.30000305175781,57.011253356933594,6125.14013671875,5493.16015625,5498.09619140625,36.09492111206055,9.520201683044434,9.502517700195312,44.009605407714844,10.070160865783691,0.03355606272816658,0,0.0015094999689608812,0,631.97998046875,-4.93603515625
258,13,0,1,Day,,42.85848617553711,47.14151382446289,328.0522155761719,270.80999755859375,263.7684631347656,9.605999946594238,0.9739982485771179,15.279993057250977,1.3401000499725342,=NA(),=NA(),1.3631178140640259,1.4163999557495117,0.34380000829696655,0.08399999886751175,=NA(),20,1013.25,-26.1509952545166,35.251182556152344,286.44000244140625,256.20501708984375,30.229999542236328,27.0106143951416,1612.9300537109375,1598.81005859375,1598.7921142578125,39.39701461791992,2.5363073348999023,2.4740681648254395,45.476837158203125,2.677471160888672,0.008819750510156155,0,0.000610937480814755,0,14.1199951171875,0.0179443359375
258,14,0,1,Day,,50.87643814086914,39.12356185913086,310.6326599121094,704.1099853515625,333.1480712890625,587.9000244140625,0.47314777970314026,15.580011367797852,1.5801000595092773,=NA(),=NA(),1.5827081203460693,1.4163999557495117,0.34380000829696655,0.08399999886751175,=NA(),20,1013.25,-43.016151428222656,30.344484329223633,910.6599731445312,857.1950073242188,53.46500015258789,52.78063201904297,5510.169921875,5014.5400390625,5021.57373046875,36.64469528198242,8.564713478088379,8.48293399810791,44.34387969970703,9.060872077941895,0.030398374423384666,0,0.0011269375681877136,0,495.6298828125,-7.03369140625
258,15,0,1,Day,,61.05192565917969,28.948076248168945,297.32305908203125,191.7899932861328,187.53607177734375,8.788800239562988,0.9778199195861816,14.659997940063477,1.7000000476837158,=NA(),=NA(),2.060161590576172,1.4163999557495117,0.34380000829696655,0.08399999886751175,=NA(),20,1013.25,-58.09421920776367,23.68187713623047,201.52000427246094,159.8800048828125,41.63999938964844,23.056238174438477,1081.260009765625,1086.1500244140625,1076.9708251953125,39.852779388427734,1.6884950399398804,1.5827397108078003,45.32224655151367,1.8091343641281128,0.005568874999880791,0,0.0008403750252909958,0,-4.8900146484375,9.17919921875
258,16,0,1,Day,,72.4056396484375,17.5943603515625,286.6793518066406,222.60000610351562,193.61264038085938,95.89700317382812,0.8697782158851624,14.980005264282227,1.4399000406265259,=NA(),=NA(),3.2781288623809814,1.4163999557495117,0.34380000829696655,0.08399999886751175,=NA(),20,1013.25,-31.506568908691406,42.70081329345703,338.4649963378906,319.30499267578125,19.165000915527344,28.71062660217285,1962.3699951171875,1934.3299560546875,1936.72412109375,39.30149841308594,3.079926013946533,3.024162769317627,45.59132766723633,3.2466282844543457,0.010957437567412853,0,0.0004493749875109643,0,28.0400390625,-2.3941650390625
258,17,0,1,Day,,84.30160522460938,5.69839334487915,277.4898986816406,19.104999542236328,19.074565887451172,0.30649998784065247,0.9984070062637329,12.939996719360352,1.750100016593933,=NA(),=NA(),9.241962432861328,1.4163999557495117,0.34380000829696655,0.08399999886751175,=NA(),20,1013.25,-8.343668937683105,76.03067779541016,20.78499984741211,18.985000610351562,1.7950000762939453,13.808130264282227,100.9000015258789,105.19999694824219,105.17105865478516,37.36439895629883,0.17592108249664307,0.17472033202648163,42.702266693115234,0.19273290038108826,0.0006423125159926713,0,0.00003899999865097925,0,-4.299995422363281,0.02893829345703125
258,18,0,1,Night,Sun below height limit of 1 degrees.,89.99791717529297,0.002085863845422864,273.1319274902344,0,0,0,0,7.749810695648193,1.8700000047683716,=NA(),0,37.897891998291016,1.4163999557495117,0.34380000829696655,0.08399999886751175,=NA(),20,1013.25,0,0,0,0,0,7.749993801116943,0,0,0,0,0,0,0,0,0,0,0,0,0,0
258,19,0,1,Night,,108.94464874267578,-18.94464683532715,259.8968811035156,0,0,0,0,5.260186672210693,1.9000999927520752,=NA(),0,64.81599426269531,1.4163999557495117,0.34380000829696655,0.08399999886751175,=NA(),20,1013.25,0,0,0,0,0,5.260003566741943,0,0,0,0,0,0,0,0,0,0,0,0,0,0
258,20,0,1,Night,,120.76219177246094,-30.76219367980957,249.74215698242188,0,0,0,0,3.6899962425231934,1.839900016784668,=NA(),0,64.81599426269531,1.4163999557495117,0.34380000829696655,0.08399999886751175,=NA(),20,1013.25,0,0,0,0,0,3.6899962425231934,0,0,0,0,0,0,0,0,0,0,0,0,0,0
258,21,0,1,Night,,131.72824096679688,-41.72824478149414,237.03616333007812,0,0,0,0,2.9999938011169434,1.6899000406265259,=NA(),0,64.81599426269531,1.4163999557495117,0.34380000829696655,0.08399999886751175,=NA(),20,1013.25,0,0,0,0,0,2.9999938011169434,0,0,0,0,0,0,0,0,0,0,0,0,0,0
258,22,0,1,Night,,140.93064880371094,-50.9306526184082,219.80650329589844,0,0,0,0,2.1697020530700684,1.649999976158142,=NA(),0,64.81599426269531,1.4163999557495117,0.34380000829696655,0.08399999886751175,=NA(),20,1013.25,0,0,0,0,0,2.1700072288513184,0,0,0,0,0,0,0,0,0,0,0,0,0,0
258,23,0,1,Night,,146.74415588378906,-56.74415969848633,196.23373413085938,0,0,0,0,1.600000023841858,2.0399999618530273,=NA(),0,64.81599426269531,1.4163999557495117,0.34380000829696655,0.08399999886751175,=NA(),20,1013.25,0,0,0,0,0,1.600000023841858,0,0,0,0,0,0,0,0,0,0,0,0,0,0
259,0,0,1,Night,,147.24940490722656,-57.24939727783203,168.55526733398438,0,0,0,0,1.770196557044983,2.6201000213623047,=NA(),0,64.81599426269531,1.4163999557495117,0.34380000829696655,0.08399999886751175,=NA(),20,1013.25,0,0,0,0,0,1.770013451576233,0,0,0,0,0,0,0,0,0,0,0,0,0,0
259,1,0,1,Night,,142.22789001464844,-52.22788619995117,143.92523193359375,0,0,0,0,0.6300903558731079,3.0100998878479004,=NA(),0,64.81599426269531,1.4163999557495117,0.34380000829696655,0.08399999886751175,=NA(),20,1013.25,0,0,0,0,0,0.6299988031387329,0,0,0,0,0,0,0,0,0,0,0,0,0,0
259,2,0,1,Night,,133.46681213378906,-43.46681594848633,125.69425201416016,0,0,0,0,1.429803490638733,3.340100049972534,=NA(),0,64.81599426269531,1.4163999557495117,0.34380000829696655,0.08399999886751175,=NA(),20,1013.25,0,0,0,0,0,1.429986596107483,0,0,0,0,0,0,0,0,0,0,0,0,0,0
259,3,0,1,Night,,122.71683502197266,-32.716835021972656,112.37590026855469,0,0,0,0,0.23989257216453552,3.9198999404907227,=NA(),0,64.81599426269531,1.4163999557495117,0.34380000829696655,0.08399999886751175,=NA(),20,1013.25,0,0,0,0,0,0.24001464247703552,0,0,0,0,0,0,0,0,0,0,0,0,0,0
259,4,0,1,Night,,110.99270629882812,-20.992708206176758,101.9054183959961,0,0,0,0,0.4799133241176605,4.179999828338623,=NA(),0,64.81599426269531,1.4163999557495117,0.34380000829696655,0.08399999886751175,=NA(),20,1013.25,0,0,0,0,0,0.4800048768520355,0,0,0,0,0,0,0,0,0,0,0,0,0,0
259,5,0,1,Night,,98.85449981689453,-8.854501724243164,92.85009765625,0,0,0,0,-0.2898925840854645,4.229899883270264,=NA(),0,64.81599426269531,1.4163999557495117,0.34380000829696655,0.08399999886751175,=NA(),20,1013.25,0,0,0,0,0,-0.2900146543979645,0,0,0,0,0,0,0,0,0,0,0,0,0,0
259,6,0,1,Day,,85.3025894165039,4.697409152984619,83.51105499267578,79.99400329589844,75.06475067138672,60.191001892089844,0.93837970495224,0.07970581203699112,4.420000076293945,=NA(),=NA(),10.845322608947754,1.4163999557495117,0.34380000829696655,0.08399999886751175,=NA(),20,1013.25,6.831478118896484,78.51551818847656,121.63999938964844,116.81999969482422,4.819999694824219,5.248742580413818,517.0499877929688,552.6799926757812,553.4024047851562,41.01691818237305,0.8432532548904419,0.8408586978912354,46.56907272338867,0.8914595246315002,0.0030585001222789288,0,0.0001064375028363429,0,-35.6300048828125,-0.722412109375
259,7,0,1,Day,,74.34539794921875,15.654601097106934,75.22249603271484,263.6000061035156,207.95950317382812,206.1999969482422,0.7889207005500793,4.350091457366943,4.610099792480469,=NA(),=NA(),3.6623387336730957,1.4163999557495117,0.34380000829696655,0.08399999886751175,=NA(),20,1013.25,26.429065704345703,49.001502990722656,442.6199951171875,425.489990234375,17.1299991607666,22.089380264282227,2621.75,2641.179931640625,2645.296875,40.47597885131836,4.084685802459717,4.041375637054443,46.96796417236328,4.293640613555908,0.014770187437534332,0,0.00035981248947791755,0,-19.429931640625,-4.116943359375
259,8,0,1,Day,,62.81862258911133,27.181377410888672,64.94417572021484,498.70001220703125,308.4848327636719,416.3999938964844,0.6185779571533203,9.399713516235352,4.130099773406982,=NA(),=NA(),2.1818325519561768,1.4163999557495117,0.34380000829696655,0.08399999886751175,=NA(),20,1013.25,60,22.135784149169922,796.300048828125,738.6949462890625,57.60499954223633,41.672508239746094,4828.56005859375,4563.8701171875,4570.25146484375,38.12095260620117,7.4932146072387695,7.354858875274658,45.518760681152344,7.902823448181152,0.026492811739444733,0,0.0011338749900460243,0,264.68994140625,-6.38134765625
259,9,0,1,Day,,52.327667236328125,37.672332763671875,52.23271179199219,667.2000122070312,326.731201171875,557.0999755859375,0.48970502614974976,13.899988174438477,3.2500998973846436,=NA(),=NA(),1.633886694908142,1.4163999557495117,0.34380000829696655,0.08399999886751175,=NA(),20,1013.25,45.674190521240234,28.997421264648438,885.8300170898438,832.89501953125,52.93499755859375,50.06999969482422,5351.72021484375,4916.2998046875,4921.92529296875,37.01580047607422,8.31060791015625,8.218116760253906,44.635276794433594,8.782674789428711,0.029507562518119812,0,0.0011091874912381172,0,435.42041015625,-5.62548828125
259,10,0,1,Day,,43.769309997558594,46.230690002441406,35.61897277832031,802.2100219726562,318.51953125,669.8099975585938,0.3970525562763214,15.499994277954102,2.6600000858306885,=NA(),=NA(),1.3836393356323242,1.4163999557495117,0.34380000829696655,0.08399999886751175,=NA(),20,1013.25,29.156946182250977,34.21738815307617,935.47998046875,880.760009765625,54.720001220703125,53.83251190185547,5634.56982421875,5109.14990234375,5115.32568359375,36.51163101196289,8.756340026855469,8.715757369995117,44.252166748046875,9.260895729064941,0.031066061928868294,0,0.001173499971628189,0,525.419921875,-6.17578125
259,11,0,1,Day,,38.541847229003906,51.458152770996094,14.173630714416504,709.5,320.6133728027344,497.20001220703125,0.4518863558769226,15.929986953735352,2.23009991645813,=NA(),=NA(),1.2777481079101562,1.4163999557495117,0.34380000829696655,0.08399999886751175,=NA(),20,1013.25,11.03771686553955,37.16541290283203,770.469970703125,718.010009765625,52.459999084472656,47.407493591308594,4615.080078125,4276.93994140625,4281.58349609375,37.349666595458984,7.164697170257568,7.149099349975586,44.69455337524414,7.5652008056640625,0.02527831308543682,0,0.0011320000048726797,0,338.14013671875,-4.6435546875
259,12,0,1,Day,,38.0836067199707,51.9163932800293,349.9022216796875,879.7000122070312,301.4879150390625,734.5999755859375,0.3427167236804962,16.490015029907227,1.910099983215332,=NA(),=NA(),1.2697199583053589,1.4163999557495117,0.34380000829696655,0.08399999886751175,=NA(),20,1013.25,-7.823139190673828,37.39137268066406,949.7149658203125,885.7249755859375,63.98999786376953,55.545005798339844,5692.10009765625,5130.259765625,5135.4150390625,36.291175842285156,8.8441162109375,8.827863693237305,44.0523567199707,9.353951454162598,0.031176749616861343,0,0.001393625047057867,0,561.84033203125,-5.1552734375
259,13,0,1,Day,,42.55097198486328,47.44902801513672,327.6861877441406,341.79998779296875,319.9251403808594,29.694000244140625,0.9360010027885437,16.6400089263916,1.5901000499725342,=NA(),=NA(),1.3564023971557617,1.4163999557495117,0.34380000829696655,0.08399999886751175,=NA(),20,1013.25,-26.137462615966797,34.85613250732422,368.7249755859375,334.06500244140625,34.65999984741211,31.7081241607666,2117.239990234375,2066.18994140625,2067.37109375,38.991268157958984,3.3138427734375,3.247606039047241,45.325801849365234,3.496425151824951,0.011573812924325466,0,0.0007087499834597111,0,51.050048828125,-1.18115234375
259,14,0,1,Day,,50.6313591003418,39.3686408996582,310.2322692871094,572.7899780273438,320.4053955078125,397.8900146484375,0.5593767762184143,17.040002822875977,1.2400000095367432,=NA(),=NA(),1.5744773149490356,1.4163999557495117,0.34380000829696655,0.08399999886751175,=NA(),20,1013.25,-42.936824798583984,29.955257415771484,724.2100219726562,675.6699829101562,48.540000915527344,46.54875946044922,4356.009765625,4048.030029296875,4053.691650390625,37.43593978881836,6.767801284790039,6.6810078620910645,44.696327209472656,7.151320457458496,0.023924125358462334,0,0.0010132499737665057,0,307.979736328125,-5.66162109375
259,15,0,1,Day,,60.85392761230469,29.146072387695312,296.9317932128906,195.6999969482422,191.12359619140625,9.396400451660156,0.9766152501106262,16.0200138092041,0.8500000238418579,=NA(),=NA(),2.0474793910980225,1.4163999557495117,0.34380000829696655,0.08399999886751175,=NA(),20,1013.25,-57.9747428894043,23.302146911621094,206.17498779296875,163.95498657226562,42.224998474121094,24.6143741607666,1108.1300048828125,1107.25,1098.33837890625,39.65190887451172,1.730729103088379,1.6231263875961304,45.15194320678711,1.8541600704193115,0.005709437653422356,0,0.0008532499778084457,0,0.8800048828125,8.91162109375
259,16,0,1,Day,,72.23841857910156,17.76158332824707,286.30364990234375,111.41000366210938,110.24962615966797,3.803800106048584,0.9895846247673035,16.909997940063477,0.27000001072883606,=NA(),=NA(),3.248867988586426,1.4163999557495117,0.34380000829696655,0.08399999886751175,=NA(),20,1013.25,-31.869081497192383,42.12649917602539,126.07499694824219,112.29000091552734,13.789999961853027,22.123743057250977,676.5399780273438,682.0900268554688,680.8617553710938,39.08639144897461,1.08860182762146,1.048933982849121,44.6600341796875,1.158172845840454,0.0037693751510232687,0,0.00031712499912828207,0,-5.550048828125,1.228271484375
259,17,0,1,Day,,84.15373229980469,5.8462700843811035,277.122802734375,12.404000282287598,12.393295288085938,0.10509999841451645,0.9991369843482971,14.559991836547852,0.5501000285148621,=NA(),=NA(),9.042513847351074,1.4163999557495117,0.34380000829696655,0.08399999886751175,=NA(),20,1013.25,-8.559521675109863,75.66178894042969,13.475000381469727,12.309999465942383,1.1700000762939453,15.129999160766602,62.80000305175781,65.19000244140625,65.1310806274414,36.39829635620117,0.11183729022741318,0.11099489778280258,41.724937438964844,0.1251268982887268,0.0004167500010225922,0,0.00002550000135670416,0,-2.3899993896484375,0.05892181396484375
259,18,0,1,Night,Sun below height limit of 1 degrees.,89.93977355957031,0.06022443249821663,272.71240234375,0,0,0,0,9.109888076782227,1.0200999975204468,=NA(),0,37.045127868652344,1.4163999557495117,0.34380000829696655,0.08399999886751175,=NA(),20,1013.25,0,0,0,0,0,9.110010147094727,0,0,0,0,0,0,0,0,0,0,0,0,0,0
259,19,0,1,Night,,108.7889633178711,-18.78896141052246,259.5126647949219,0,0,0,0,6.400292873382568,1.3598999977111816,=NA(),0,64.81599426269531,1.4163999557495117,0.34380000829696655,0.08399999886751175,=NA(),20,1013.25,0,0,0,0,0,6.399987697601318,0,0,0,0,0,0,0,0,0,0,0,0,0,0
259,20,0,1,Night,,120.58389282226562,-30.583892822265625,249.33157348632812,0,0,0,0,5.439691066741943,1.7300000190734863,=NA(),0,64.81599426269531,1.4163999557495117,0.34380000829696655,0.08399999886751175,=NA(),20,1013.25,0,0,0,0,0,5.439996242523193,0,0,0,0,0,0,0,0,0,0,0,0,0,0
259,21,0,1,Night,,131.50904846191406,-41.50904846191406,236.59559631347656,0,0,0,0,4.600091457366943,2.1698999404907227,=NA(),0,64.81599426269531,1.4163999557495117,0.34380000829696655,0.08399999886751175,=NA(),20,1013.25,0,0,0,0,0,4.599999904632568,0,0,0,0,0,0,0,0,0,0,0,0,0,0
259,22,0,1,Night,,140.6486053466797,-50.64860534667969,219.36753845214844,0,0,0,0,3.7398924827575684,2.6201000213623047,=NA(),0,64.81599426269531,1.4163999557495117,0.34380000829696655,0.08399999886751175,=NA(),20,1013.25,0,0,0,0,0,3.7400145530700684,0,0,0,0,0,0,0,0,0,0,0,0,0,0
259,23,0,1,Night,,146.38900756835938,-56.389015197753906,195.91700744628906,0,0,0,0,3.0898070335388184,2.9800000190734863,=NA(),0,64.81599426269531,1.4163999557495117,0.34380000829696655,0.08399999886751175,=NA(),20,1013.25,0,0,0,0,0,3.0899901390075684,0,0,0,0,0,0,0,0,0,0,0,0,0,0
260,0,0,1,Night,,146.8544921875,-56.8544921875,168.50860595703125,0,0,0,0,2.9999938011169434,3.170099973678589,=NA(),0,64.81599426269531,1.4163999557495117,0.34380000829696655,0.08399999886751175,=NA(),20,1013.25,0,0,0,0,0,2.9999938011169434,0,0,0,0,0,0,0,0,0,0,0,0,0,0
260,1,0,1,Night,,141.84695434570312,-51.84695816040039,144.09967041015625,0,0,0,0,2.0002074241638184,3.2899999618530273,=NA(),0,64.81599426269531,1.4163999557495117,0.34380000829696655,0.08399999886751175,=NA(),20,1013.25,0,0,0,0,0,1.999993920326233,0,0,0,0,0,0,0,0,0,0,0,0,0,0
260,2,0,1,Night,,133.11936950683594,-43.1193733215332,125.95443725585938,0,0,0,0,1.629907250404358,3.450000047683716,=NA(),0,64.81599426269531,1.4163999557495117,0.34380000829696655,0.08399999886751175,=NA(),20,1013.25,0,0,0,0,0,1.629998803138733,0,0,0,0,0,0,0,0,0,0,0,0,0,0
260,3,0,1,Night,,122.39736938476562,-32.397369384765625,112.65291595458984,0,0,0,0,1.030297875404358,3.660099983215332,=NA(),0,64.81599426269531,1.4163999557495117,0.34380000829696655,0.08399999886751175,=NA(),20,1013.25,0,0,0,0,0,1.029992699623108,0,0,0,0,0,0,0,0,0,0,0,0,0,0
260,4,0,1,Night,,110.69092559814453,-20.690921783447266,102.17890167236328,0,0,0,0,0.9996887445449829,3.9899001121520996,=NA(),0,64.81599426269531,1.4163999557495117,0.34380000829696655,0.08399999886751175,=NA(),20,1013.25,0,0,0,0,0,0.9999939203262329,0,0,0,0,0,0,0,0,0,0,0,0,0,0
260,5,0,1,Night,,98.55960083007812,-8.559602737426758,93.11739349365234,0,0,0,0,0.8701111078262329,4.409999847412109,=NA(),0,64.81599426269531,1.4163999557495117,0.34380000829696655,0.08399999886751175,=NA(),20,1013.25,0,0,0,0,0,0.8699890375137329,0,0,0,0,0,0,0,0,0,0,0,0,0,0
260,6,0,1,Day,,85.16072845458984,4.839272975921631,83.88070678710938,96.30599975585938,89.522705078125,80.40799713134766,0.9295651912689209,2.1397948265075684,5.309999942779541,=NA(),=NA(),10.587199211120605,1.4163999557495117,0.34380000829696655,0.08399999886751175,=NA(),20,1013.25,7.036880970001221,78.16456604003906,156.78500366210938,151.58999633789062,5.194999694824219,8.833124160766602,655.1400146484375,691.3099975585938,692.1979370117188,40.80508804321289,1.0602198839187622,1.0573667287826538,46.449275970458984,1.1195766925811768,0.0038530624005943537,0,0.00011493750207591802,0,-36.16998291015625,-0.887939453125
260,7,0,1,Day,,74.0408935546875,15.959107398986816,75.4836654663086,280.20001220703125,217.34339904785156,228.61000061035156,0.7756723165512085,6.260003566741943,5.160099983215332,=NA(),=NA(),3.5959808826446533,1.4163999557495117,0.34380000829696655,0.08399999886751175,=NA(),20,1013.25,27.075695037841797,48.05076599121094,476.2300109863281,458.32000732421875,17.915000915527344,25.368738174438477,2834.580078125,2825.5,2830.1162109375,40.08049774169922,4.4131927490234375,4.367650508880615,46.67339324951172,4.641746997833252,0.01595631241798401,0,0.0003750624891836196,0,9.080078125,-4.6162109375
260,8,0,1,Day,,62.494590759277344,27.505409240722656,65.19949340820312,487.8999938964844,300.25750732421875,406.29998779296875,0.6154078841209412,11.230005264282227,6.04010009765625,=NA(),=NA(),2.1583034992218018,1.4163999557495117,0.34380000829696655,0.08399999886751175,=NA(),20,1013.25,60,21.84251594543457,774.6400146484375,718.385009765625,56.255001068115234,42.649375915527344,4697.8701171875,4425.39013671875,4431.53369140625,37.98370361328125,7.2920241355896,7.157496452331543,45.34157180786133,7.693360328674316,0.025774875655770302,0,0.0011066874722018838,0,272.47998046875,-6.1435546875
260,9,0,1,Day,,51.976402282714844,38.023597717285156,52.463462829589844,661.7000122070312,321.1829528808594,552.7999877929688,0.4853905737400055,16.08001136779785,6.299900054931641,=NA(),=NA(),1.6211031675338745,1.4163999557495117,0.34380000829696655,0.08399999886751175,=NA(),20,1013.25,45.400753021240234,28.682432174682617,877.375,825.5150146484375,51.86000061035156,51.935630798339844,5303.85986328125,4840.509765625,4846.822265625,36.75955581665039,8.240835189819336,8.150877952575684,44.378028869628906,8.716255187988281,0.029254375025629997,0,0.0010881875641644,0,463.35009765625,-6.3125
260,10,0,1,Day,,43.38789749145508,46.61210250854492,35.7725944519043,779.2000122070312,306.1853332519531,650.8900146484375,0.39294832944869995,17.490015029907227,6.29010009765625,=NA(),=NA(),1.3749290704727173,1.4163999557495117,0.34380000829696655,0.08399999886751175,=NA(),20,1013.25,28.923553466796875,33.87200164794922,908.0050048828125,855.094970703125,52.90999984741211,54.711265563964844,5470.69970703125,4944.6201171875,4950.78662109375,36.393131256103516,8.502275466918945,8.463254928588867,44.08142852783203,8.99561595916748,0.030163124203681946,0,0.0011356874601915479,0,526.07958984375,-6.16650390625
260,11,0,1,Day,,38.14611053466797,51.85388946533203,14.157088279724121,831.7999877929688,286.7196960449219,693.0999755859375,0.34469789266586304,18.82000160217285,6.179999828338623,=NA(),=NA(),1.2708042860031128,1.4163999557495117,0.34380000829696655,0.08399999886751175,=NA(),20,1013.25,10.873734474182129,36.791847229003906,903.219970703125,843.0800170898438,60.13500213623047,55.92998504638672,5430.52001953125,4886.97998046875,4891.99462890625,36.238121032714844,8.437238693237305,8.422025680541992,43.910430908203125,8.92532730102539,0.029770374298095703,0,0.00129806250333786,0,543.5400390625,-5.0146484375
260,12,0,1,Day,,37.71504592895508,52.28495407104492,349.6668395996094,856.8099975585938,290.71746826171875,715.6099853515625,0.3393021523952484,19.7600040435791,5.979899883270264,=NA(),=NA(),1.263393759727478,1.4163999557495117,0.34380000829696655,0.08399999886751175,=NA(),20,1013.25,-7.897075653076172,36.9998779296875,925.0650024414062,862.9000244140625,62.165000915527344,57.860008239746094,5548.91015625,4959.5498046875,4964.806640625,35.98041915893555,8.624146461486816,8.608576774597168,43.70508575439453,9.128665924072266,0.03039425052702427,0,0.0013535624602809548,0,589.3603515625,-5.2568359375
260,13,0,1,Day,,42.24407196044922,47.75592803955078,327.3150939941406,254.1999969482422,249.0888214111328,6.904300212860107,0.9798930883407593,19.18999671936035,5.890100002288818,=NA(),=NA(),1.349804162979126,1.4163999557495117,0.34380000829696655,0.08399999886751175,=NA(),20,1013.25,-26.124088287353516,34.46030807495117,268.3999938964844,239.7949981689453,28.604999542236328,30.217493057250977,1506.3800048828125,1476.8399658203125,1476.9322509765625,38.8634147644043,2.3751468658447266,2.315155267715454,44.92736053466797,2.5109002590179443,0.008248125202953815,0,0.0005783124943263829,0,29.5400390625,-0.09228515625
260,14,0,1,Day,,50.387168884277344,39.612831115722656,309.8282470703125,161,159.341552734375,2.601099967956543,0.9896990656852722,18.540002822875977,5.599999904632568,=NA(),=NA(),1.566388726234436,1.4163999557495117,0.34380000829696655,0.08399999886751175,=NA(),20,1013.25,-42.857940673828125,29.565185546875,162.58499145507812,135.95999145507812,26.619998931884766,25.30938148498535,871.47998046875,868.72998046875,865.1148681640625,39.07223129272461,1.383455514907837,1.3134832382202148,44.6476936340332,1.4758373498916626,0.004675874952226877,0,0.0005328750121407211,0,2.75,3.6151123046875
260,15,0,1,Day,,60.656700134277344,29.34330177307129,296.5382080078125,104.80000305175781,104.06239318847656,1.5052000284194946,0.9929617643356323,17.850000381469727,4.319900035858154,=NA(),=NA(),2.0350241661071777,1.4163999557495117,0.34380000829696655,0.08399999886751175,=NA(),20,1013.25,-57.85573959350586,22.921550750732422,101.08000183105469,76.42500305175781,24.654998779296875,22.123132705688477,513.1099853515625,517.3599853515625,510.1934814453125,39.064842224121094,0.815917432308197,0.7509772777557373,44.188079833984375,0.8859339952468872,0.0026403749361634254,0,0.0004981874953955412,0,-4.25,7.16650390625
260,16,0,1,Day,,72.07125091552734,17.928747177124023,285.9264831542969,39.30400085449219,39.1799430847168,0.40299999713897705,0.9968436360359192,17.1299991607666,4.159900188446045,=NA(),=NA(),3.220155954360962,1.4163999557495117,0.34380000829696655,0.08399999886751175,=NA(),20,1013.25,-32.23683547973633,41.5465087890625,40.31500244140625,35.01000213623047,5.300000190734863,18.824365615844727,199.52999877929688,203.88999938964844,203.27618408203125,37.78965759277344,0.3361319601535797,0.3211768865585327,43.085594177246094,0.36420494318008423,0.0011625000042840838,0,0.0001221249985974282,0,-4.3600006103515625,0.6138153076171875
260,17,0,1,Day,,84.0057373046875,5.994263648986816,276.7547912597656,3.594399929046631,3.594399929046631,0,1,16.42998695373535,4.690100193023682,=NA(),=NA(),8.850942611694336,1.4163999557495117,0.34380000829696655,0.08399999886751175,=NA(),20,1013.25,-8.776042938232422,75.29209899902344,3.9000000953674316,3.559999942779541,0.3400000035762787,16.600000381469727,14.760000228881836,15.119999885559082,15.155303955078125,33.52386474609375,0.028254615142941475,0.028034254908561707,39.07219696044922,0.036248140037059784,0.0001205000007757917,0,0.000007499999810534064,0,-0.3599996566772461,-0.03530406951904297
260,18,0,1,Night,Sun below height limit of 1 degrees.,89.8882064819336,0.1117963120341301,272.2945861816406,0,0,0,0,15.700006484985352,5.539999961853027,=NA(),0,36.309139251708984,1.4163999557495117,0.34380000829696655,0.08399999886751175,=NA(),20,1013.25,0,0,0,0,0,15.700006484985352,0,0,0,0,0,0,0,0,0,0,0,0,0,0
260,19,0,1,Night,,108.63086700439453,-18.6308650970459,259.12841796875,0,0,0,0,15.219995498657227,5.619999885559082,=NA(),0,64.81599426269531,1.4163999557495117,0.34380000829696655,0.08399999886751175,=NA(),20,1013.25,0,0,0,0,0,15.219995498657227,0,0,0,0,0,0,0,0,0,0,0,0,0,0
260,20,0,1,Night,,120.40319061279297,-30.40319061279297,248.92173767089844,0,0,0,0,14.499994277954102,4.980000019073486,=NA(),0,64.81599426269531,1.4163999557495117,0.34380000829696655,0.08399999886751175,=NA(),20,1013.25,0,0,0,0,0,14.499994277954102,0,0,0,0,0,0,0,0,0,0,0,0,0,0
260,21,0,1,Night,,131.2871856689453,-41.28717803955078,236.1571807861328,0,0,0,0,14.300012588500977,5.28000020980835,=NA(),0,64.81599426269531,1.4163999557495117,0.34380000829696655,0.08399999886751175,=NA(),20,1013.25,0,0,0,0,0,14.300012588500977,0,0,0,0,0,0,0,0,0,0,0,0,0,0
260,22,0,1,Night,,140.36392211914062,-50.363914489746094,218.9330291748047,0,0,0,0,14.279993057250977,5.690000057220459,=NA(),0,64.81599426269531,1.4163999557495117,0.34380000829696655,0.08399999886751175,=NA(),20,1013.25,0,0,0,0,0,14.279993057250977,0,0,0,0,0,0,0,0,0,0,0,0,0,0
260,23,0,1,Night,,146.03201293945312,-56.032012939453125,195.60557556152344,0,0,0,0,13.640008926391602,5.78000020980835,=NA(),0,64.81599426269531,1.4163999557495117,0.34380000829696655,0.08399999886751175,=NA(),20,1013.25,0,0,0,0,0,13.640008926391602,0,0,0,0,0,0,0,0,0,0,0,0,0,0
261,0,0,1,Night,,146.45843505859375,-56.458431243896484,168.46292114257812,0,0,0,0,13.700006484985352,5.449999809265137,=NA(),0,64.81599426269531,1.4163999557495117,0.34380000829696655,0.08399999886751175,=NA(),20,1013.25,0,0,0,0,0,13.700006484985352,0,0,0,0,0,0,0,0,0,0,0,0,0,0
261,1,0,1,Night,,141.464599609375,-51.464595794677734,144.27157592773438,0,0,0,0,12.999994277954102,5.490099906921387,=NA(),0,64.81599426269531,1.4163999557495117,0.34380000829696655,0.08399999886751175,=NA(),20,1013.25,0,0,0,0,0,12.999994277954102,0,0,0,0,0,0,0,0,0,0,0,0,0,0
261,2,0,1,Night,,132.77000427246094,-42.77000045776367,126.21221923828125,0,0,0,0,12.800012588500977,5.539999961853027,=NA(),0,64.81599426269531,1.4163999557495117,0.34380000829696655,0.08399999886751175,=NA(),20,1013.25,0,0,0,0,0,12.800012588500977,0,0,0,0,0,0,0,0,0,0,0,0,0,0
261,3,0,1,Night,,122.07566833496094,-32.07566833496094,112.92854309082031,0,0,0,0,12.839990615844727,5.679999828338623,=NA(),0,64.81599426269531,1.4163999557495117,0.34380000829696655,0.08399999886751175,=NA(),20,1013.25,0,0,0,0,0,12.839990615844727,0,0,0,0,0,0,0,0,0,0,0,0,0,0
261,4,0,1,Night,,110.38636016845703,-20.3863582611084,102.45183563232422,0,0,0,0,12.860010147094727,6.219900131225586,=NA(),0,64.81599426269531,1.4163999557495117,0.34380000829696655,0.08399999886751175,=NA(),20,1013.25,0,0,0,0,0,12.860010147094727,0,0,0,0,0,0,0,0,0,0,0,0,0,0
261,5,0,1,Night,,98.26029205322266,-8.260293960571289,93.38483428955078,0,0,0,0,13.189996719360352,5.669899940490723,=NA(),0,64.81599426269531,1.4163999557495117,0.34380000829696655,0.08399999886751175,=NA(),20,1013.25,0,0,0,0,0,13.189996719360352,0,0,0,0,0,0,0,0,0,0,0,0,0,0
261,6,0,1,Day,,85.0039291381836,4.996067523956299,84.23658752441406,15.491000175476074,15.474323272705078,0.1914999932050705,0.9989234209060669,13.339990615844727,5.090099811553955,=NA(),=NA(),10.314990043640137,1.4163999557495117,0.34380000829696655,0.08399999886751175,=NA(),20,1013.25,7.265030384063721,77.77623748779297,16.864999771118164,15.414999961853027,1.4500000476837158,14.047510147094727,80.3499984741211,83.72000122070312,83.6950454711914,36.95631408691406,0.14154373109340668,0.14070464670658112,42.29261016845703,0.15643316507339478,0.0005215000128373504,0,0.00003149999974993989,0,-3.3700027465820312,0.02495574951171875
261,7,0,1,Day,,73.73717498779297,16.2628231048584,75.74616241455078,148.99000549316406,142.8872833251953,21.79199981689453,0.9590393900871277,13.499994277954102,5.150000095367432,=NA(),=NA(),3.5322136878967285,1.4163999557495117,0.34380000829696655,0.08399999886751175,=NA(),20,1013.25,27.73301124572754,47.08965301513672,188.6750030517578,173.33499145507812,15.334999084472656,21.175622940063477,1063.1400146484375,1074.93994140625,1075.577392578125,39.68845748901367,1.6937634944915771,1.6571049690246582,45.554298400878906,1.7875258922576904,0.00599699979647994,0,0.0003073750121984631,0,-11.7999267578125,-0.637451171875
261,8,0,1,Day,,62.17052459716797,27.8294734954834,65.45684814453125,115.51000213623047,114.62020111083984,1.906000018119812,0.9922967553138733,13.790002822875977,5.849999904632568,=NA(),=NA(),2.135338544845581,1.4163999557495117,0.34380000829696655,0.08399999886751175,=NA(),20,1013.25,59.87205505371094,21.551429748535156,112.93000030517578,84.79499816894531,28.130001068115234,18.5412540435791,579.6300048828125,591.8699951171875,583.6595458984375,39.787872314453125,0.9164957404136658,0.8419597148895264,44.894493103027344,0.9933304786682129,0.0029730000533163548,0,0.0005525624728761613,0,-12.239990234375,8.21044921875
261,9,0,1,Day,,51.624691009521484,38.375308990478516,52.69694519042969,224.10000610351562,219.62960815429688,7.200900077819824,0.9800517559051514,14.390008926391602,6,=NA(),=NA(),1.608561635017395,1.4163999557495117,0.34380000829696655,0.08399999886751175,=NA(),20,1013.25,45.12822723388672,28.36615753173828,231.10499572753906,193.7449951171875,37.36499786376953,23.961877822875977,1261,1262.820068359375,1258.1639404296875,39.73817443847656,1.9784044027328491,1.8770753145217896,45.462806701660156,2.1046016216278076,0.006685437634587288,0,0.0007479999912902713,0,-1.820068359375,4.6561279296875
261,10,0,1,Day,,43.00577926635742,46.99422073364258,35.928775787353516,819.4000244140625,319.0549011230469,684.2000122070312,0.3893762528896332,14.999994277954102,6.059899806976318,=NA(),=NA(),1.366371989250183,1.4163999557495117,0.34380000829696655,0.08399999886751175,=NA(),20,1013.25,28.69149398803711,33.525352478027344,953.60498046875,897.9649658203125,55.64500045776367,54.06938934326172,5743.81005859375,5204.18017578125,5210.5615234375,36.4784049987793,8.927484512329102,8.885820388793945,44.25920486450195,9.440685272216797,0.03167306259274483,0,0.001194500015117228,0,539.6298828125,-6.38134765625
261,11,0,1,Day,,37.74941635131836,52.25058364868164,14.140340805053711,955.2000122070312,324.5331115722656,797.6099853515625,0.3397541046142578,16.159997940063477,6.570000171661377,=NA(),=NA(),1.2639788389205933,1.4163999557495117,0.34380000829696655,0.08399999886751175,=NA(),20,1013.25,10.711043357849121,36.41712188720703,1036.8050537109375,967.4299926757812,69.375,58.86687469482422,6226.68994140625,5547.490234375,5552.759765625,35.84297180175781,9.682441711425781,9.662689208984375,43.80472946166992,10.246541976928711,0.03415512293577194,0,0.0014974374789744616,0,679.19970703125,-5.26953125
261,12,0,1,Day,,37.34599304199219,52.65400695800781,349.42724609375,817.3099975585938,283.3889465332031,671.6099853515625,0.3467337191104889,16.740015029907227,7.480100154876709,=NA(),=NA(),1.2571735382080078,1.4163999557495117,0.34380000829696655,0.08399999886751175,=NA(),20,1013.25,-7.970193386077881,36.60734939575195,882.52001953125,823.239990234375,59.275001525878906,52.956260681152344,5296.3798828125,4816.35009765625,4821.06298828125,36.63458251953125,8.2249174118042,8.210315704345703,44.243934631347656,8.691784858703613,0.0290095005184412,0,0.0012903750175610185,0,480.02978515625,-4.712890625
261,13,0,1,Day,,41.937469482421875,48.062530517578125,326.9390563964844,627.3900146484375,345.2383728027344,379.29998779296875,0.5502771139144897,15.589990615844727,8.110099792480469,=NA(),=NA(),1.343314290046692,1.4163999557495117,0.34380000829696655,0.08399999886751175,=NA(),20,1013.25,-26.110448837280273,34.06355285644531,709.2949829101562,661.4849853515625,47.81999969482422,44.51561737060547,4238.77978515625,3966.530029296875,3971.851806640625,37.70384979248047,6.583980560302734,6.536295413970947,44.90835189819336,6.95107889175415,0.02325918711721897,0,0.0010130000300705433,0,272.249755859375,-5.32177734375
261,14,0,1,Day,,50.143653869628906,39.856346130371094,309.42071533203125,666.7000122070312,313.19891357421875,551.5999755859375,0.46977487206459045,16.57000160217285,8.15999984741211,=NA(),=NA(),1.558432698249817,1.4163999557495117,0.34380000829696655,0.08399999886751175,=NA(),20,1013.25,-42.779205322265625,29.17426872253418,862.625,812.9199829101562,49.70500183105469,51.78063201904297,5234.16015625,4779.2900390625,4785.32080078125,36.77986526489258,8.131752014160156,8.058801651000977,44.37232208251953,8.599715232849121,0.028893250972032547,0,0.0010501875076442957,0,454.8701171875,-6.03076171875
261,15,0,1,Day,,60.45987319946289,29.54012680053711,296.1424560546875,300.5,265.1002197265625,71.80000305175781,0.8821970820426941,16.360010147094727,7.289999961853027,=NA(),=NA(),2.0227673053741455,1.4163999557495117,0.34380000829696655,0.08399999886751175,=NA(),20,1013.25,-57.73674392700195,22.540149688720703,377.85498046875,327.405029296875,50.45500183105469,31.860010147094727,2164.4599609375,2111.080078125,2109.691650390625,39.08194351196289,3.373727798461914,3.2392640113830566,45.34366226196289,3.5695977210998535,0.011522937566041946,0,0.0010263749863952398,0,53.3798828125,1.388427734375
261,16,0,1,Day,,71.90419006347656,18.095809936523438,285.5479736328125,243.60000610351562,205.1779327392578,123.69999694824219,0.8422739505767822,15.899988174438477,4.920100212097168,=NA(),=NA(),3.191983938217163,1.4163999557495117,0.34380000829696655,0.08399999886751175,=NA(),20,1013.25,-32.61003875732422,40.9607048034668,380.19500732421875,359.70001220703125,20.494998931884766,31.331262588500977,2214.280029296875,2163.75,2166.863037109375,39.04930877685547,3.468172073364258,3.4070868492126465,45.45487976074219,3.656904935836792,0.012340312823653221,0,0.0004898749757558107,0,50.530029296875,-3.113037109375
261,17,0,1,Day,,83.8556137084961,6.144384384155273,276.3860168457031,17.190000534057617,17.169889450073242,0.18790000677108765,0.9988300800323486,14.369989395141602,3.650099992752075,=NA(),=NA(),8.664358139038086,1.4163999557495117,0.34380000829696655,0.08399999886751175,=NA(),20,1013.25,-8.996326446533203,74.91654205322266,18.674999237060547,17.045000076293945,1.625,15.154993057250977,89.87999725341797,93.25,93.24099731445312,36.952579498291016,0.15770341455936432,0.15644042193889618,42.31074142456055,0.17337541282176971,0.0005773750017397106,0,0.000035000000934815034,0,-3.3700027465820312,0.009002685546875
261,18,0,1,Night,Sun below height limit of 1 degrees.,89.80036163330078,0.1996404379606247,271.8857421875,0,0,0,0,9.559900283813477,3.5399999618530273,=NA(),0,35.09897994995117,1.4163999557495117,0.34380000829696655,0.08399999886751175,=NA(),20,1013.25,0,0,0,0,0,9.559991836547852,0,0,0,0,0,0,0,0,0,0,0,0,0,0
261,19,0,1,Night,,108.47442626953125,-18.474430084228516,258.7442932128906,0,0,0,0,7.620110988616943,3.380000114440918,=NA(),0,64.81599426269531,1.4163999557495117,0.34380000829696655,0.08399999886751175,=NA(),20,1013.25,0,0,0,0,0,7.619988918304443,0,0,0,0,0,0,0,0,0,0,0,0,0,0
261,20,0,1,Night,,120.22257232666016,-30.22256851196289,248.51275634765625,0,0,0,0,6.260003566741943,3.059999942779541,=NA(),0,64.81599426269531,1.4163999557495117,0.34380000829696655,0.08399999886751175,=NA(),20,1013.25,0,0,0,0,0,6.260003566741943,0,0,0,0,0,0,0,0,0,0,0,0,0,0
261,21,0,1,Night,,131.0644989013672,-41.06450271606445,235.72108459472656,0,0,0,0,5.000298976898193,2.819999933242798,=NA(),0,64.81599426269531,1.4163999557495117,0.34380000829696655,0.08399999886751175,=NA(),20,1013.25,0,0,0,0,0,4.999993801116943,0,0,0,0,0,0,0,0,0,0,0,0,0,0
261,22,0,1,Night,,140.0780487060547,-50.078041076660156,218.50311279296875,0,0,0,0,5.389886379241943,2.5499000549316406,=NA(),0,64.81599426269531,1.4163999557495117,0.34380000829696655,0.08399999886751175,=NA(),20,1013.25,0,0,0,0,0,5.390008449554443,0,0,0,0,0,0,0,0,0,0,0,0,0,0
261,23,0,1,Night,,145.67434692382812,-55.67435073852539,195.29954528808594,0,0,0,0,5.559991359710693,2.150099992752075,=NA(),0,64.81599426269531,1.4163999557495117,0.34380000829696655,0.08399999886751175,=NA(),20,1013.25,0,0,0,0,0,5.559991359710693,0,0,0,0,0,0,0,0,0,0,0,0,0,0
262,0,0,1,Night,,146.06251525878906,-56.06251525878906,168.41827392578125,0,0,0,0,3.8203063011169434,1.409999966621399,=NA(),0,64.81599426269531,1.4163999557495117,0.34380000829696655,0.08399999886751175,=NA(),20,1013.25,0,0,0,0,0,3.8200011253356934,0,0,0,0,0,0,0,0,0,0,0,0,0,0
262,1,0,1,Night,,141.08242797851562,-51.082435607910156,144.4410858154297,0,0,0,0,2.7300963401794434,0.7400000095367432,=NA(),0,64.81599426269531,1.4163999557495117,0.34380000829696655,0.08399999886751175,=NA(),20,1013.25,0,0,0,0,0,2.7300047874450684,0,0,0,0,0,0,0,0,0,0,0,0,0,0
262,2,0,1,Night,,132.4209442138672,-42.42094421386719,126.46768951416016,0,0,0,0,2.6497130393981934,0.9401000142097473,=NA(),0,64.81599426269531,1.4163999557495117,0.34380000829696655,0.08399999886751175,=NA(),20,1013.25,0,0,0,0,0,2.6499876976013184,0,0,0,0,0,0,0,0,0,0,0,0,0,0
262,3,0,1,Night,,121.75513458251953,-31.75513458251953,113.20279693603516,0,0,0,0,2.0002074241638184,1.4900000095367432,=NA(),0,64.81599426269531,1.4163999557495117,0.34380000829696655,0.08399999886751175,=NA(),20,1013.25,0,0,0,0,0,1.999993920326233,0,0,0,0,0,0,0,0,0,0,0,0,0,0
262,4,0,1,Night,,110.08470916748047,-20.084707260131836,102.72423553466797,0,0,0,0,1.530206322669983,2.190000057220459,=NA(),0,64.81599426269531,1.4163999557495117,0.34380000829696655,0.08399999886751175,=NA(),20,1013.25,0,0,0,0,0,1.529992699623108,0,0,0,0,0,0,0,0,0,0,0,0,0,0
262,5,0,1,Night,,97.96730041503906,-7.96729850769043,93.65239715576172,0,0,0,0,1.119989037513733,2.54010009765625,=NA(),0,64.81599426269531,1.4163999557495117,0.34380000829696655,0.08399999886751175,=NA(),20,1013.25,0,0,0,0,0,1.119989037513733,0,0,0,0,0,0,0,0,0,0,0,0,0,0
262,6,0,1,Day,,84.86316680908203,5.136833667755127,84.61497497558594,95.60199737548828,88.56458282470703,78.5999984741211,0.9263884425163269,1.939691185951233,3.5801000595092773,=NA(),=NA(),10.081582069396973,1.4163999557495117,0.34380000829696655,0.08399999886751175,=NA(),20,1013.25,7.469511032104492,77.42720794677734,155.32000732421875,149.94500732421875,5.375,8.538751602172852,667.9500122070312,705.469970703125,706.17626953125,40.88673782348633,1.0794700384140015,1.0760713815689087,46.520843505859375,1.1400068998336792,0.003922875039279461,0,0.00011875000200234354,0,-37.51995849609375,-0.706298828125
262,7,0,1,Day,,73.43025970458984,16.56974220275879,76.010009765625,275.010009765625,214.83370971679688,211.00999450683594,0.7811850309371948,5.280206203460693,3.6798999309539795,=NA(),=NA(),3.47009539604187,1.4163999557495117,0.34380000829696655,0.08399999886751175,=NA(),20,1013.25,28.41130828857422,46.104454040527344,462.19000244140625,443.72998046875,18.454999923706055,23.810632705688477,2747.010009765625,2752.0400390625,2756.468505859375,40.272457122802734,4.2778639793396,4.229394435882568,46.82283401489258,4.498127460479736,0.015441937372088432,0,0.00039506249595433474,0,-5.030029296875,-4.428466796875
262,8,0,1,Day,,61.84589385986328,28.15410804748535,65.7162857055664,489.3999938964844,298.8219299316406,403.8999938964844,0.6105883121490479,10.679986953735352,5.050000190734863,=NA(),=NA(),2.112882137298584,1.4163999557495117,0.34380000829696655,0.08399999886751175,=NA(),20,1013.25,59.58229446411133,21.259723663330078,769.4199829101562,713.8699951171875,55.54999923706055,41.879356384277344,4667.2099609375,4407.93017578125,4413.45556640625,38.09193420410156,7.241639137268066,7.108729839324951,45.42863845825195,7.636995315551758,0.02560587413609028,0,0.001101000001654029,0,259.27978515625,-5.525390625
262,9,0,1,Day,,51.27307891845703,38.72692108154297,52.9332389831543,662.1099853515625,317.02392578125,551.5999755859375,0.47880855202674866,14.129999160766602,5.810100078582764,=NA(),=NA(),1.596274971961975,1.4163999557495117,0.34380000829696655,0.08399999886751175,=NA(),20,1013.25,44.85714340209961,28.048809051513672,874.655029296875,823.739990234375,50.915000915527344,49.79686737060547,5291.5,4865.41015625,4872.31494140625,37.040775299072266,8.221277236938477,8.132969856262207,44.64854049682617,8.690570831298828,0.02920049987733364,0,0.0010710625210776925,0,426.08984375,-6.90478515625
262,10,0,1,Day,,42.62348937988281,47.37651062011719,36.087669372558594,783.010009765625,302.36529541015625,653.2100219726562,0.3861576318740845,15.399988174438477,6.229899883270264,=NA(),=NA(),1.3579764366149902,1.4163999557495117,0.34380000829696655,0.08399999886751175,=NA(),20,1013.25,28.461225509643555,33.177772521972656,910.625,857.6950073242188,52.93499755859375,52.678123474121094,5486.85009765625,4995.06005859375,5000.71337890625,36.66814422607422,8.523606300354004,8.484070777893066,44.34873580932617,9.008845329284668,0.030254125595092773,0,0.0011373750166967511,0,491.7900390625,-5.6533203125
262,11,0,1,Day,,37.35224914550781,52.64775085449219,14.123523712158203,857.6099853515625,288.0414733886719,716.510009765625,0.3358653485774994,16.589990615844727,6.579999923706055,=NA(),=NA(),1.2572780847549438,1.4163999557495117,0.34380000829696655,0.08399999886751175,=NA(),20,1013.25,10.549905776977539,36.04168701171875,930.6099853515625,868.72998046875,61.880001068115234,54.821861267089844,5600.06005859375,5060,5063.34912109375,36.400909423828125,8.693720817565918,8.674835205078125,44.11314010620117,9.187348365783691,0.030705686658620834,0,0.0013355000410228968,0,540.06005859375,-3.34912109375
262,12,0,1,Day,,36.97697448730469,53.02302551269531,349.1833801269531,603.989990234375,381.1112060546875,278.989990234375,0.6309892535209656,17.399988174438477,6.670100212097168,=NA(),=NA(),1.2510664463043213,1.4163999557495117,0.34380000829696655,0.08399999886751175,=NA(),20,1013.25,-8.04255199432373,36.21430969238281,653.1099853515625,606.3349609375,46.775001525878906,44.115013122558594,3873.820068359375,3628.969970703125,3632.6142578125,37.732547760009766,6.017043113708496,6.003190994262695,44.79214859008789,6.349879741668701,0.02118687517940998,0,0.001017124974168837,0,244.85009765625,-3.644287109375
262,13,0,1,Day,,41.63185501098633,48.36814498901367,326.5580749511719,363.5,335.2464294433594,37.80099868774414,0.9222735166549683,18.110010147094727,6.520100116729736,=NA(),=NA(),1.3369449377059937,1.4163999557495117,0.34380000829696655,0.08399999886751175,=NA(),20,1013.25,-26.09699058532715,33.666419982910156,393.04998779296875,356.6600036621094,36.394996643066406,34.17436981201172,2264.6201171875,2191.81005859375,2193.955810546875,38.69539260864258,3.5436460971832275,3.47770619392395,45.117889404296875,3.740786552429199,0.012369874864816666,0,0.000744937511626631,0,72.81005859375,-2.145751953125
262,14,0,1,Day,,49.901344299316406,40.098655700683594,309.00982666015625,661.2999877929688,311.8662109375,542.510009765625,0.4715956747531891,18.529993057250977,6.219900131225586,=NA(),=NA(),1.5506231784820557,1.4163999557495117,0.34380000829696655,0.08399999886751175,=NA(),20,1013.25,-42.701026916503906,28.782886505126953,854.9400024414062,805.6900024414062,49.255001068115234,53.483116149902344,5191.18017578125,4711.5400390625,4716.82177734375,36.55649948120117,8.064325332641602,7.992687225341797,44.13729476928711,8.531265258789062,0.02865643799304962,0,0.001040937495417893,0,479.64013671875,-5.28173828125
262,15,0,1,Day,,60.26416015625,29.735841751098633,295.74468994140625,429.8999938964844,293.6532287597656,274.69000244140625,0.6830733418464661,18.6400089263916,5.160099983215332,=NA(),=NA(),2.0107479095458984,1.4163999557495117,0.34380000829696655,0.08399999886751175,=NA(),20,1013.25,-57.61845016479492,22.158214569091797,621.6950073242188,568.425048828125,53.269996643066406,44.040000915527344,3697.070068359375,3463.6201171875,3467.786865234375,37.7141227722168,5.747010707855225,5.6109161376953125,44.71431350708008,6.0720601081848145,0.020106812939047813,0,0.001097437459975481,0,233.449951171875,-4.166748046875
262,16,0,1,Day,,71.73800659179688,18.261993408203125,285.16827392578125,206.3000030517578,186.46165466308594,63.30799865722656,0.9038373827934265,17.95000648498535,3.240000009536743,=NA(),=NA(),3.1644668579101562,1.4163999557495117,0.34380000829696655,0.08399999886751175,=NA(),20,1013.25,-32.986785888671875,40.37165451049805,300.27001953125,280.6650085449219,19.600000381469727,30.1874942779541,1721.969970703125,1688.6400146484375,1690.6480712890625,38.95901870727539,2.7122223377227783,2.653308629989624,45.1652946472168,2.862189769744873,0.009581062011420727,0,0.000466562487417832,0,33.3299560546875,-2.008056640625
262,17,0,1,Day,,83.70697021484375,6.293028831481934,276.0165100097656,21.292999267578125,21.260936737060547,0.29249998927116394,0.9984942078590393,15.869989395141602,3.3598999977111816,=NA(),=NA(),8.486855506896973,1.4163999557495117,0.34380000829696655,0.08399999886751175,=NA(),20,1013.25,-9.214980125427246,74.54412078857422,23.135000228881836,21.119998931884766,2.0199999809265137,16.836877822875977,113.41000366210938,116.87000274658203,116.80787658691406,37.08436584472656,0.1968611776828766,0.19517521560192108,42.4432258605957,0.214970663189888,0.0007152499747462571,0,0.00004350000017439015,0,-3.4599990844726562,0.06212615966796875
262,18,0,1,Night,Sun below height limit of 1 degrees.,89.75432586669922,0.24567529559135437,271.45245361328125,0,0,0,0,10.659997940063477,3.5801000595092773,=NA(),0,34.486328125,1.4163999557495117,0.34380000829696655,0.08399999886751175,=NA(),20,1013.25,0,0,0,0,0,10.659997940063477,0,0,0,0,0,0,0,0,0,0,0,0,0,0
262,19,0,1,Night,,108.31554412841797,-18.3155460357666,258.36041259765625,0,0,0,0,7.560296535491943,3.8101000785827637,=NA(),0,64.81599426269531,1.4163999557495117,0.34380000829696655,0.08399999886751175,=NA(),20,1013.25,0,0,0,0,0,7.559991359710693,0,0,0,0,0,0,0,0,0,0,0,0,0,0
262,20,0,1,Night,,120.03907012939453,-30.03907012939453,248.10479736328125,0,0,0,0,9.720087051391602,4.069900035858154,=NA(),0,64.81599426269531,1.4163999557495117,0.34380000829696655,0.08399999886751175,=NA(),20,1013.25,0,0,0,0,0,9.719995498657227,0,0,0,0,0,0,0,0,0,0,0,0,0,0
262,21,0,1,Night,,130.8387451171875,-40.838741302490234,235.28749084472656,0,0,0,0,9.740106582641602,4.319900035858154,=NA(),0,64.81599426269531,1.4163999557495117,0.34380000829696655,0.08399999886751175,=NA(),20,1013.25,0,0,0,0,0,9.740015029907227,0,0,0,0,0,0,0,0,0,0,0,0,0,0
262,22,0,1,Night,,139.7893524169922,-49.78936004638672,218.0779571533203,0,0,0,0,10.550012588500977,4.5,=NA(),0,64.81599426269531,1.4163999557495117,0.34380000829696655,0.08399999886751175,=NA(),20,1013.25,0,0,0,0,0,10.550012588500977,0,0,0,0,0,0,0,0,0,0,0,0,0,0
262,23,0,1,Night,,145.31478881835938,-55.31478500366211,194.9989776611328,0,0,0,0,11.790002822875977,4.429999828338623,=NA(),0,64.81599426269531,1.4163999557495117,0.34380000829696655,0.08399999886751175,=NA(),20,1013.25,0,0,0,0,0,11.790002822875977,0,0,0,0,0,0,0,0,0,0,0,0,0,0
263,0,0,1,Night,,145.6653594970703,-55.66535568237305,168.3748779296875,0,0,0,0,10.820001602172852,4.260000228881836,=NA(),0,64.81599426269531,1.4163999557495117,0.34380000829696655,0.08399999886751175,=NA(),20,1013.25,0,0,0,0,0,10.820001602172852,0,0,0,0,0,0,0,0,0,0,0,0,0,0
263,1,0,1,Night,,140.6986083984375,-50.698604583740234,144.60833740234375,0,0,0,0,12.040002822875977,3.829900026321411,=NA(),0,64.81599426269531,1.4163999557495117,0.34380000829696655,0.08399999886751175,=NA(),20,1013.25,0,0,0,0,0,12.040002822875977,0,0,0,0,0,0,0,0,0,0,0,0,0,0
263,2,0,1,Night,,132.06967163085938,-42.06967544555664,126.72089385986328,0,0,0,0,12.059991836547852,3.170099973678589,=NA(),0,64.81599426269531,1.4163999557495117,0.34380000829696655,0.08399999886751175,=NA(),20,1013.25,0,0,0,0,0,12.059991836547852,0,0,0,0,0,0,0,0,0,0,0,0,0,0
263,3,0,1,Night,,121.4317626953125,-31.4317626953125,113.47573852539062,0,0,0,0,10.999994277954102,2.789900064468384,=NA(),0,64.81599426269531,1.4163999557495117,0.34380000829696655,0.08399999886751175,=NA(),20,1013.25,0,0,0,0,0,10.999994277954102,0,0,0,0,0,0,0,0,0,0,0,0,0,0
263,4,0,1,Night,,109.77928161621094,-19.779277801513672,102.99613189697266,0,0,0,0,9.339899063110352,2.7000999450683594,=NA(),0,64.81599426269531,1.4163999557495117,0.34380000829696655,0.08399999886751175,=NA(),20,1013.25,0,0,0,0,0,9.339990615844727,0,0,0,0,0,0,0,0,0,0,0,0,0,0
263,5,0,1,Night,,97.66742706298828,-7.667426109313965,93.92009735107422,0,0,0,0,8.399896621704102,3.199899911880493,=NA(),0,64.81599426269531,1.4163999557495117,0.34380000829696655,0.08399999886751175,=NA(),20,1013.25,0,0,0,0,0,8.399988174438477,0,0,0,0,0,0,0,0,0,0,0,0,0,0
263,6,0,1,Day,,84.70986938476562,5.290131092071533,84.9771499633789,38.893001556396484,38.699851989746094,2.094899892807007,0.9950338006019592,8.839990615844727,4.170000076293945,=NA(),=NA(),9.838444709777832,1.4163999557495117,0.34380000829696655,0.08399999886751175,=NA(),20,1013.25,7.693336486816406,77.04662322998047,45.85499954223633,42.45500183105469,3.3949999809265137,10.749383926391602,224.3199920654297,236.0500030517578,236.17442321777344,39.038856506347656,0.37810754776000977,0.3763468861579895,44.45000076293945,0.4050850570201874,0.0013599374797195196,0,0.00007393750274786726,0,-11.730010986328125,-0.124420166015625
263,7,0,1,Day,,73.12601470947266,16.873981475830078,76.27521514892578,140.7100067138672,136.55714416503906,14.307000160217285,0.9704864025115967,10.279993057250977,4.079899787902832,=NA(),=NA(),3.41070556640625,1.4163999557495117,0.34380000829696655,0.08399999886751175,=NA(),20,1013.25,29.0977840423584,45.11309814453125,172.61500549316406,157.27499389648438,15.34000015258789,17.311243057250977,960.5,984.1300048828125,984.3513793945312,40.137786865234375,1.5327327251434326,1.4945378303527832,45.911190032958984,1.6182564496994019,0.005395437590777874,0,0.0003229999856557697,0,-23.6300048828125,-0.22137451171875
263,8,0,1,Day,,61.521968841552734,28.4780330657959,65.97785186767578,206.6999969482422,200.2648162841797,13.496000289916992,0.9688670635223389,12.179986953735352,6.769899845123291,=NA(),=NA(),2.091003894805908,1.4163999557495117,0.34380000829696655,0.08399999886751175,=NA(),20,1013.25,59.29400634765625,20.967103958129883,222.8699951171875,177.72999572753906,45.13500213623047,21.41936683654785,1211.3399658203125,1223.510009765625,1214.4951171875,40.2079963684082,1.8873642683029175,1.7698854207992554,45.737815856933594,2.0179781913757324,0.006257187575101852,0,0.0008934374782256782,0,-12.1700439453125,9.014892578125
263,9,0,1,Day,,50.92149353027344,39.07850646972656,53.17244338989258,120.38999938964844,119.44757080078125,1.4950000047683716,0.9921718835830688,12.300012588500977,7.7399001121521,=NA(),=NA(),1.5842339992523193,1.4163999557495117,0.34380000829696655,0.08399999886751175,=NA(),20,1013.25,44.587406158447266,27.730329513549805,119.63499450683594,98.41000366210938,21.229999542236328,17.282495498657227,627.3099975585938,643.280029296875,639.6630859375,39.836280822753906,1.0032603740692139,0.945103645324707,45.203399658203125,1.0734611749649048,0.0033780625090003014,0,0.00042374999611638486,0,-15.97003173828125,3.616943359375
263,10,0,1,Day,,42.24077606201172,47.75922393798828,36.24943161010742,152.10000610351562,150.54910278320312,2.094899892807007,0.9898033738136292,11.559991836547852,8.190099716186523,=NA(),=NA(),1.3497339487075806,1.4163999557495117,0.34380000829696655,0.08399999886751175,=NA(),20,1013.25,28.232545852661133,32.82905960083008,158.41500854492188,139.95001220703125,18.46500015258789,18.06438636779785,865.9400024414062,885.1400146484375,883.712158203125,39.99912643432617,1.3807522058486938,1.3393224477767944,45.634212493896484,1.463262915611267,0.004808562342077494,0,0.000368125009117648,0,-19.20001220703125,1.4278564453125
263,11,0,1,Day,,36.954345703125,53.045654296875,14.106781005859375,134.00999450683594,132.88531494140625,1.4074000120162964,0.9916074872016907,11.700006484985352,8,=NA(),=NA(),1.2506954669952393,1.4163999557495117,0.34380000829696655,0.08399999886751175,=NA(),20,1013.25,10.390295028686523,35.66526794433594,145.10501098632812,132.3800048828125,12.729999542236328,17.63311195373535,795.4400024414062,814.4199829101562,814.448486328125,39.84967803955078,1.277374505996704,1.2681844234466553,45.55405807495117,1.3505388498306274,0.0044981250539422035,0,0.0002735625021159649,0,-18.97998046875,-0.02850341796875
263,12,0,1,Day,,36.60752868652344,53.39247131347656,348.9354248046875,96.89199829101562,96.33722686767578,0.691100001335144,0.9942743182182312,9.250085830688477,7.510000228881836,=NA(),=NA(),1.2450625896453857,1.4163999557495117,0.34380000829696655,0.08399999886751175,=NA(),20,1013.25,-8.113859176635742,35.820335388183594,105.22000122070312,96.125,9.09000015258789,13.559381484985352,567.7000122070312,589.8499755859375,589.0798950195312,40.06513977050781,0.9189451336860657,0.9112863540649414,45.56166076660156,0.9757808446884155,0.0032584373839199543,0,0.00019725000311154872,0,-22.14996337890625,0.77008056640625
263,13,0,1,Day,,41.326393127441406,48.673606872558594,326.1723937988281,289.70001220703125,280.7635803222656,11.899999618530273,0.9691528081893921,9.159814834594727,7.400100231170654,=NA(),=NA(),1.3306761980056763,1.4163999557495117,0.34380000829696655,0.08399999886751175,=NA(),20,1013.25,-26.08285903930664,33.26837921142578,306.8999938964844,274.81500244140625,32.09000015258789,21.663110733032227,1734.0599365234375,1749.760009765625,1749.886474609375,40.22385787963867,2.7189512252807617,2.655195951461792,46.31690216064453,2.8669261932373047,0.009466749615967274,0,0.0006498125148937106,0,-15.7000732421875,-0.12646484375
263,14,0,1,Day,,49.65932083129883,40.34067916870117,308.5956726074219,356.6000061035156,318.0831604003906,59.500999450683594,0.8919886350631714,10.459985733032227,7.300000190734863,=NA(),=NA(),1.542927622795105,1.4163999557495117,0.34380000829696655,0.08399999886751175,=NA(),20,1013.25,-42.622352600097656,28.390714645385742,400.78997802734375,355.1199951171875,45.67499923706055,26.785608291625977,2305.27001953125,2287.070068359375,2287.615234375,39.79096221923828,3.5931389331817627,3.477324962615967,46.12666702270508,3.790231227874756,0.01241693738847971,0,0.0009276875061914325,0,18.199951171875,-0.545166015625
263,15,0,1,Day,,60.06827163696289,29.931730270385742,295.34503173828125,332.5,279.6094055175781,106,0.8409305214881897,11.800012588500977,6.739999771118164,=NA(),=NA(),1.9988821744918823,1.4163999557495117,0.34380000829696655,0.08399999886751175,=NA(),20,1013.25,-57.499427795410156,21.77562141418457,430.1000061035156,377.6000061035156,52.5,29.360010147094727,2485.25,2444.81005859375,2444.1826171875,39.533409118652344,3.8640992641448975,3.7239344120025635,45.91864776611328,4.08091926574707,0.013284875079989433,0,0.0010758750140666962,0,40.43994140625,0.62744140625
263,16,0,1,Day,,71.57086944580078,18.429126739501953,284.7874755859375,91.79299926757812,91.22642517089844,1.792199969291687,0.9938277006149292,12.619989395141602,5.659900188446045,=NA(),=NA(),3.13728666305542,1.4163999557495117,0.34380000829696655,0.08399999886751175,=NA(),20,1013.25,-33.37257385253906,39.772518157958984,99.05999755859375,86.875,12.184999465942383,16.723108291625977,519.989990234375,534.510009765625,533.5098266601562,39.523902893066406,0.8435221910476685,0.809185802936554,44.97346496582031,0.8994318842887878,0.0028963126242160797,0,0.00028237499645911157,0,-14.52001953125,1.00018310546875
263,17,0,1,Day,,83.55496215820312,6.445034503936768,275.6465148925781,9.591500282287598,9.581106185913086,0.09260000288486481,0.9989163279533386,10.790002822875977,5.309999942779541,=NA(),=NA(),8.312409400939941,1.4163999557495117,0.34380000829696655,0.08399999886751175,=NA(),20,1013.25,-9.439351081848145,74.16271209716797,10.40999984741211,9.5,0.9099999666213989,11.230005264282227,47.10000228881836,49.619998931884766,49.600914001464844,36.51184844970703,0.08490528911352158,0.0841561108827591,41.84626770019531,0.09649183601140976,0.0003220000071451068,0,0.000019875000361935236,0,-2.5199966430664062,0.019084930419921875
263,18,0,1,Night,Sun below height limit of 1 degrees.,89.678466796875,0.321532279253006,271.0404357910156,0,0,0,0,9.920190811157227,5.109899997711182,=NA(),0,33.508419036865234,1.4163999557495117,0.34380000829696655,0.08399999886751175,=NA(),20,1013.25,0,0,0,0,0,9.920007705688477,0,0,0,0,0,0,0,0,0,0,0,0,0,0
263,19,0,1,Night,,108.15501403808594,-18.155012130737305,257.97686767578125,0,0,0,0,10.200006484985352,5.490099906921387,=NA(),0,64.81599426269531,1.4163999557495117,0.34380000829696655,0.08399999886751175,=NA(),20,1013.25,0,0,0,0,0,10.200006484985352,0,0,0,0,0,0,0,0,0,0,0,0,0,0
263,20,0,1,Night,,119.85428619384766,-29.854290008544922,247.69802856445312,0,0,0,0,9.149805068969727,4.809999942779541,=NA(),0,64.81599426269531,1.4163999557495117,0.34380000829696655,0.08399999886751175,=NA(),20,1013.25,0,0,0,0,0,9.149988174438477,0,0,0,0,0,0,0,0,0,0,0,0,0,0
263,21,0,1,Night,,130.61135864257812,-40.61136245727539,234.85655212402344,0,0,0,0,7.699914455413818,4.469900131225586,=NA(),0,64.81599426269531,1.4163999557495117,0.34380000829696655,0.08399999886751175,=NA(),20,1013.25,0,0,0,0,0,7.700006008148193,0,0,0,0,0,0,0,0,0,0,0,0,0,0
263,22,0,1,Night,,139.49903869628906,-49.499046325683594,217.6576690673828,0,0,0,0,7.229913234710693,4.70989990234375,=NA(),0,64.81599426269531,1.4163999557495117,0.34380000829696655,0.08399999886751175,=NA(),20,1013.25,0,0,0,0,0,7.230004787445068,0,0,0,0,0,0,0,0,0,0,0,0,0,0
263,23,0,1,Night,,144.95449829101562,-54.95449447631836,194.70394897460938,0,0,0,0,5.359887599945068,5.890100002288818,=NA(),0,64.81599426269531,1.4163999557495117,0.34380000829696655,0.08399999886751175,=NA(),20,1013.25,0,0,0,0,0,5.360009670257568,0,0,0,0,0,0,0,0,0,0,0,0,0,0
264,0,0,1,Night,,145.26824951171875,-55.26825714111328,168.33279418945312,0,0,0,0,4.699792385101318,6.190000057220459,=NA(),0,64.81599426269531,1.4163999557495117,0.34380000829696655,0.08399999886751175,=NA(),20,1013.25,0,0,0,0,0,4.700006008148193,0,0,0,0,0,0,0,0,0,0,0,0,0,0
264,1,0,1,Night,,140.3150634765625,-50.3150634765625,144.7735137939453,0,0,0,0,3.7398924827575684,6.710000038146973,=NA(),0,64.81599426269531,1.4163999557495117,0.34380000829696655,0.08399999886751175,=NA(),20,1013.25,0,0,0,0,0,3.7400145530700684,0,0,0,0,0,0,0,0,0,0,0,0,0,0
264,2,0,1,Night,,131.71885681152344,-41.7188606262207,126.9719467163086,0,0,0,0,2.7401061058044434,6.5,=NA(),0,64.81599426269531,1.4163999557495117,0.34380000829696655,0.08399999886751175,=NA(),20,1013.25,0,0,0,0,0,2.7400145530700684,0,0,0,0,0,0,0,0,0,0,0,0,0,0
264,3,0,1,Night,,121.10934448242188,-31.109344482421875,113.74736022949219,0,0,0,0,2.9002928733825684,6.320000171661377,=NA(),0,64.81599426269531,1.4163999557495117,0.34380000829696655,0.08399999886751175,=NA(),20,1013.25,0,0,0,0,0,2.8999876976013184,0,0,0,0,0,0,0,0,0,0,0,0,0,0
264,4,0,1,Night,,109.47567749023438,-19.475675582885742,103.26752471923828,0,0,0,0,2.9999938011169434,6.340000152587891,=NA(),0,64.81599426269531,1.4163999557495117,0.34380000829696655,0.08399999886751175,=NA(),20,1013.25,0,0,0,0,0,2.9999938011169434,0,0,0,0,0,0,0,0,0,0,0,0,0,0
264,5,0,1,Night,,97.37019348144531,-7.3701958656311035,94.18794250488281,0,0,0,0,3.1900877952575684,6.299900054931641,=NA(),0,64.81599426269531,1.4163999557495117,0.34380000829696655,0.08399999886751175,=NA(),20,1013.25,0,0,0,0,0,3.1899962425231934,0,0,0,0,0,0,0,0,0,0,0,0,0,0
264,6,0,1,Day,,84.57260131835938,5.427400588989258,85.3569564819336,42.50699996948242,42.260231018066406,2.6089999675750732,0.9941946268081665,3.3098082542419434,6.590000152587891,=NA(),=NA(),9.629949569702148,1.4163999557495117,0.34380000829696655,0.08399999886751175,=NA(),20,1013.25,7.89356803894043,76.7054443359375,50.79499816894531,47.12999725341797,3.6700000762939453,5.418756008148193,248.10000610351562,265.9599914550781,265.8835754394531,40.01805877685547,0.41525524854660034,0.4130253493785858,45.3793830871582,0.4441232681274414,0.0014965625014156103,0,0.00007987499702721834,0,-17.8599853515625,0.076416015625
264,7,0,1,Day,,72.81971740722656,17.180280685424805,76.54180145263672,121.80000305175781,119.8800048828125,6.500100135803223,0.984236478805542,3.7798094749450684,6.929900169372559,=NA(),=NA(),3.352998971939087,1.4163999557495117,0.34380000829696655,0.08399999886751175,=NA(),20,1013.25,29.80488395690918,44.09910583496094,142.52499389648438,128.4499969482422,14.074999809265137,9.581872940063477,780.1699829101562,820.6900024414062,820.2227172851562,41.03599548339844,1.249186396598816,1.2141770124435425,46.627811431884766,1.3203425407409668,0.004382312297821045,0,0.00030118750873953104,0,-40.52001953125,0.46728515625
264,8,0,1,Day,,61.197452545166016,28.802549362182617,66.24159240722656,207.11000061035156,200.8423614501953,13.008999824523926,0.9697376489639282,5.119988918304443,6.990099906921387,=NA(),=NA(),2.0695981979370117,1.4163999557495117,0.34380000829696655,0.08399999886751175,=NA(),20,1013.25,59.005821228027344,20.67328643798828,222.59500122070312,177.58499145507812,45.00499725341797,14.304986953735352,1208.8399658203125,1250.1500244140625,1240.27294921875,41.232330322265625,1.8795456886291504,1.764262318611145,46.69688034057617,2.0079097747802734,0.006242312490940094,0,0.0008942499989643693,0,-41.31005859375,9.8770751953125
264,9,0,1,Day,,50.5699348449707,39.4300651550293,53.41465377807617,761.4000244140625,357.5805969238281,635.7999877929688,0.46963566541671753,6.809808254241943,7.039999961853027,=NA(),=NA(),1.572432041168213,1.4163999557495117,0.34380000829696655,0.08399999886751175,=NA(),20,1013.25,44.31898880004883,27.410709381103516,999.3050537109375,940.905029296875,58.400001525878906,47.50438690185547,6040.77978515625,5600.47998046875,5607.7353515625,37.344520568847656,9.385239601135254,9.281896591186523,45.19678497314453,9.907194137573242,0.03334931284189224,0,0.001229187473654747,0,440.2998046875,-7.25537109375
264,10,0,1,Day,,41.85806655883789,48.14193344116211,36.414222717285156,772.5,297.62286376953125,637.5900268554688,0.3852723240852356,8.879907608032227,7.21999979019165,=NA(),=NA(),1.3416500091552734,1.4163999557495117,0.34380000829696655,0.08399999886751175,=NA(),20,1013.25,28.00582504272461,32.479469299316406,896.280029296875,844.125,52.15999984741211,45.41185760498047,5399.68017578125,5040.7900390625,5044.41650390625,37.65573501586914,8.372594833374023,8.332090377807617,45.2496223449707,8.827337265014648,0.02977018803358078,0,0.0011215000413358212,0,358.89013671875,-3.62646484375
264,11,0,1,Day,,36.55621337890625,53.44378662109375,14.090265274047852,623.7000122070312,376.2116394042969,308.1000061035156,0.6031932234764099,10.580011367797852,7.289999961853027,=NA(),=NA(),1.2442373037338257,1.4163999557495117,0.34380000829696655,0.08399999886751175,=NA(),20,1013.25,10.232474327087402,35.28832244873047,676.14501953125,627.9849853515625,48.160003662109375,38.081871032714844,4019.97998046875,3844.300048828125,3848.377685546875,38.56494903564453,6.23684549331665,6.218958854675293,45.64295196533203,6.5699920654296875,0.021993499249219894,0,0.001038125017657876,0,175.679931640625,-4.07763671875
264,12,0,1,Day,,36.23859786987305,53.76140213012695,348.68341064453125,819.010009765625,281.91217041015625,665.9099731445312,0.3442108929157257,12.040002822875977,7.240099906921387,=NA(),=NA(),1.2391753196716309,1.4163999557495117,0.34380000829696655,0.08399999886751175,=NA(),20,1013.25,-8.18425178527832,35.426353454589844,884.635009765625,825.375,59.2599983215332,48.219993591308594,5313.06005859375,4912.1298828125,4915.7265625,37.278568267822266,8.24154281616211,8.227746963500977,44.85862731933594,8.693328857421875,0.029105812311172485,0,0.0012897499836981297,0,400.93017578125,-3.5966796875
264,13,0,1,Day,,41.022396087646484,48.977603912353516,325.781982421875,803.9099731445312,297.8907470703125,670.7100219726562,0.3705523610115051,13.330011367797852,7.419899940490723,=NA(),=NA(),1.3245326280593872,1.4163999557495117,0.34380000829696655,0.08399999886751175,=NA(),20,1013.25,-26.068973541259766,32.87046813964844,923.0449829101562,868.7650146484375,54.279998779296875,51.07500457763672,5569.06982421875,5098.72998046875,5103.80810546875,36.888729095458984,8.64730453491211,8.613759994506836,44.583038330078125,9.134134292602539,0.03069150075316429,0,0.001171999960206449,0,470.33984375,-5.078125
264,14,0,1,Day,,49.419044494628906,40.580955505371094,308.178466796875,451.70001220703125,345.53485107421875,163.1999969482422,0.7649653553962708,13.600000381469727,7.510000228881836,=NA(),=NA(),1.53538978099823,1.4163999557495117,0.34380000829696655,0.08399999886751175,=NA(),20,1013.25,-42.54457092285156,27.998544692993164,537.7149658203125,489.625,48.09000015258789,35.46062469482422,3173.080078125,3059.739990234375,3063.499755859375,38.79359436035156,4.935673236846924,4.824373722076416,45.55392074584961,5.205900192260742,0.017255749553442,0,0.0009886249899864197,0,113.340087890625,-3.759765625
264,15,0,1,Day,,59.87393569946289,30.12606430053711,294.943603515625,246.41000366210938,233.1547088623047,26.40999984741211,0.9462063312530518,13.270013809204102,7.210000038146973,=NA(),=NA(),1.987270474433899,1.4163999557495117,0.34380000829696655,0.08399999886751175,=NA(),20,1013.25,-57.38144302368164,21.392852783203125,272.45001220703125,223.11000061035156,49.334999084472656,24.550012588500977,1498,1497.0899658203125,1488.3240966796875,39.962608337402344,2.3273000717163086,2.196890354156494,45.67778778076172,2.481553792953491,0.00777306267991662,0,0.001006874954327941,0,0.9100341796875,8.765869140625
264,16,0,1,Day,,71.4050064086914,18.594989776611328,284.4057922363281,244.80999755859375,207.4663848876953,117.11000061035156,0.8474587798118591,13.080011367797852,5.769999980926514,=NA(),=NA(),3.1107912063598633,1.4163999557495117,0.34380000829696655,0.08399999886751175,=NA(),20,1013.25,-33.7614631652832,39.170989990234375,379.19000244140625,357.82501220703125,21.364999771118164,28.446863174438477,2200.14990234375,2170.81005859375,2173.945556640625,39.44358825683594,3.4447314739227295,3.3800041675567627,45.82587432861328,3.6296637058258057,0.01223674975335598,0,0.0005138125270605087,0,29.33984375,-3.135498046875
264,17,0,1,Day,,83.4051742553711,6.59482479095459,275.27606201171875,30.0049991607666,29.94715118408203,0.5037000179290771,0.9980720281600952,10.980005264282227,4.210100173950195,=NA(),=NA(),8.147089004516602,1.4163999557495117,0.34380000829696655,0.08399999886751175,=NA(),20,1013.25,-9.661066055297852,73.7862548828125,32.87000274658203,30.03499984741211,2.8299999237060547,12.341882705688477,164.8800048828125,172.6699981689453,172.6813201904297,38.34108352661133,0.2814880907535553,0.27906498312950134,43.71884536743164,0.30366405844688416,0.0010131874587386847,0,0.00006112499977461994,0,-7.7899932861328125,-0.011322021484375
264,18,0,1,Night,Sun below height limit of 1 degrees.,89.62308502197266,0.37691208720207214,270.61138916015625,0,0,0,0,9.690210342407227,4.25,=NA(),0,32.81869888305664,1.4163999557495117,0.34380000829696655,0.08399999886751175,=NA(),20,1013.25,0,0,0,0,0,9.689996719360352,0,0,0,0,0,0,0,0,0,0,0,0,0,0
264,19,0,1,Night,,107.99405670166016,-17.994060516357422,257.5938720703125,0,0,0,0,8.189905166625977,4.119999885559082,=NA(),0,64.81599426269531,1.4163999557495117,0.34380000829696655,0.08399999886751175,=NA(),20,1013.25,0,0,0,0,0,8.189996719360352,0,0,0,0,0,0,0,0,0,0,0,0,0,0
264,20,0,1,Night,,119.66777801513672,-29.66777992248535,247.2926483154297,0,0,0,0,8.500299453735352,3.7400999069213867,=NA(),0,64.81599426269531,1.4163999557495117,0.34380000829696655,0.08399999886751175,=NA(),20,1013.25,0,0,0,0,0,8.499994277954102,0,0,0,0,0,0,0,0,0,0,0,0,0,0
264,21,0,1,Night,,130.3817138671875,-40.3817138671875,234.42848205566406,0,0,0,0,8.070215225219727,3.4700000286102295,=NA(),0,64.81599426269531,1.4163999557495117,0.34380000829696655,0.08399999886751175,=NA(),20,1013.25,0,0,0,0,0,8.070001602172852,0,0,0,0,0,0,0,0,0,0,0,0,0,0
264,22,0,1,Night,,139.20657348632812,-49.206573486328125,217.242431640625,0,0,0,0,6.900201320648193,3.390000104904175,=NA(),0,64.81599426269531,1.4163999557495117,0.34380000829696655,0.08399999886751175,=NA(),20,1013.25,0,0,0,0,0,6.899987697601318,0,0,0,0,0,0,0,0,0,0,0,0,0,0
264,23,0,1,Night,,144.59280395507812,-54.59280014038086,194.41448974609375,0,0,0,0,4.860009670257568,3.2100000381469727,=NA(),0,64.81599426269531,1.4163999557495117,0.34380000829696655,0.08399999886751175,=NA(),20,1013.25,0,0,0,0,0,4.860009670257568,0,0,0,0,0,0,0,0,0,0,0,0,0,0
265,0,0,1,Night,,144.8705596923828,-54.87056350708008,168.2921905517578,0,0,0,0,4.039697170257568,3.039900064468384,=NA(),0,64.81599426269531,1.4163999557495117,0.34380000829696655,0.08399999886751175,=NA(),20,1013.25,0,0,0,0,0,4.040002346038818,0,0,0,0,0,0,0,0,0,0,0,0,0,0
265,1,0,1,Night,,139.93072509765625,-49.930728912353516,144.936767578125,0,0,0,0,2.6802000999450684,2.9300999641418457,=NA(),0,64.81599426269531,1.4163999557495117,0.34380000829696655,0.08399999886751175,=NA(),20,1013.25,0,0,0,0,0,2.6799864768981934,0,0,0,0,0,0,0,0,0,0,0,0,0,0
265,2,0,1,Night,,131.36688232421875,-41.36688232421875,127.22091674804688,0,0,0,0,1.199792504310608,2.819999933242798,=NA(),0,64.81599426269531,1.4163999557495117,0.34380000829696655,0.08399999886751175,=NA(),20,1013.25,0,0,0,0,0,1.200006127357483,0,0,0,0,0,0,0,0,0,0,0,0,0,0
265,3,0,1,Night,,120.78575897216797,-30.78575897216797,114.01773071289062,0,0,0,0,0.8002868890762329,2.6201000213623047,=NA(),0,64.81599426269531,1.4163999557495117,0.34380000829696655,0.08399999886751175,=NA(),20,1013.25,0,0,0,0,0,0.8000122308731079,0,0,0,0,0,0,0,0,0,0,0,0,0,0
265,4,0,1,Night,,109.17107391357422,-19.171072006225586,103.5384292602539,0,0,0,0,0.6700073480606079,2.4200000762939453,=NA(),0,64.81599426269531,1.4163999557495117,0.34380000829696655,0.08399999886751175,=NA(),20,1013.25,0,0,0,0,0,0.6700073480606079,0,0,0,0,0,0,0,0,0,0,0,0,0,0
265,5,0,1,Night,,97.07069396972656,-7.07069206237793,94.45594024658203,0,0,0,0,1.429803490638733,2.180000066757202,=NA(),0,64.81599426269531,1.4163999557495117,0.34380000829696655,0.08399999886751175,=NA(),20,1013.25,0,0,0,0,0,1.429986596107483,0,0,0,0,0,0,0,0,0,0,0,0,0,0
265,6,0,1,Day,,84.42926788330078,5.570731163024902,85.730224609375,70.5979995727539,68.11308288574219,25.597999572753906,0.9648019075393677,4.310204982757568,2.5799999237060547,=NA(),=NA(),9.420980453491211,1.4163999557495117,0.34380000829696655,0.08399999886751175,=NA(),20,1013.25,8.103466987609863,76.3487548828125,100.90499877929688,95.95999908447266,4.945000171661377,8.546258926391602,464.5,491.2699890136719,491.8248291015625,40.39209747314453,0.7610158324241638,0.75767582654953,45.93621826171875,0.8058350682258606,0.002748124999925494,0,0.0001082500020856969,0,-26.769989013671875,-0.554840087890625
265,7,0,1,Day,,72.51557159423828,17.484426498413086,76.80980682373047,319.20001220703125,239.31427001953125,265.8900146484375,0.7497314214706421,6.510003566741943,3.619999885559082,=NA(),=NA(),3.2976653575897217,1.4163999557495117,0.34380000829696655,0.08399999886751175,=NA(),20,1013.25,30.523483276367188,43.07527542114258,551.3250122070312,530.4649658203125,20.860000610351562,28.696252822875977,3282.669921875,3237.159912109375,3242.50048828125,39.723968505859375,5.101644992828369,5.043056488037109,46.49678039550781,5.3677802085876465,0.018385250121355057,0,0.0004775624838657677,0,45.510009765625,-5.340576171875
265,8,0,1,Day,,60.87464141845703,29.125356674194336,66.50755310058594,518.5999755859375,308.0926818847656,432.5,0.5940853953361511,8.929803848266602,4.039999961853027,=NA(),=NA(),2.048797845840454,1.4163999557495117,0.34380000829696655,0.08399999886751175,=NA(),20,1013.25,58.72010040283203,20.37874984741211,808.155029296875,751.9000244140625,56.255001068115234,41.67687225341797,4901.580078125,4633.009765625,4639.447265625,38.12275314331055,7.606293678283691,7.4747443199157715,45.54619598388672,8.02131462097168,0.026909437030553818,0,0.0011336874449625611,0,268.5703125,-6.4375
265,9,0,1,Day,,50.21950912475586,39.78049087524414,53.65997314453125,695.0999755859375,323.6681823730469,580.5,0.46564263105392456,10.920007705688477,3.909899950027466,=NA(),=NA(),1.5608993768692017,1.4163999557495117,0.34380000829696655,0.08399999886751175,=NA(),20,1013.25,44.053001403808594,27.090391159057617,912.9099731445312,860.75,52.154998779296875,48.11687469482422,5525.72998046875,5111.080078125,5116.81396484375,37.27806091308594,8.578866958618164,8.487713813781738,44.947227478027344,9.056883811950684,0.030514437705278397,0,0.0011002500541508198,0,414.64990234375,-5.73388671875
265,10,0,1,Day,,41.47575378417969,48.52424621582031,36.58221435546875,844.8900146484375,316.31146240234375,705.489990234375,0.37438181042671204,12.240015029907227,4.110000133514404,=NA(),=NA(),1.3337292671203613,1.4163999557495117,0.34380000829696655,0.08399999886751175,=NA(),20,1013.25,27.781394958496094,32.12925338745117,979.4299926757812,922.5450439453125,56.88500213623047,52.389366149902344,5898.2001953125,5376.18017578125,5379.3369140625,36.72491455078125,9.15478515625,9.110725402832031,44.52619934082031,9.66736125946045,0.03253237530589104,0,0.0012240625219419599,0,522.02001953125,-3.15673828125
265,11,0,1,Day,,36.15797805786133,53.84202194213867,14.074131965637207,787.5,292.2449645996094,613.4000244140625,0.37110471725463867,13.959985733032227,4.510000228881836,=NA(),=NA(),1.2379029989242554,1.4163999557495117,0.34380000829696655,0.08399999886751175,=NA(),20,1013.25,10.076557159423828,34.91094970703125,853.6649780273438,796.4650268554688,57.20000076293945,48.87187957763672,5130.419921875,4732.10009765625,4736.78662109375,37.17789840698242,7.9630446434021,7.947540760040283,44.70794677734375,8.4047212600708,0.02811593748629093,0,0.001234312541782856,0,398.31982421875,-4.6865234375
265,12,0,1,Day,,35.869781494140625,54.130218505859375,348.42742919921875,381.1000061035156,353.14208984375,34.500999450683594,0.9266389012336731,14.830011367797852,4.840099811553955,=NA(),=NA(),1.2333959341049194,1.4163999557495117,0.34380000829696655,0.08399999886751175,=NA(),20,1013.25,-8.253499984741211,35.031986236572266,413.0350036621094,380.16998291015625,32.86499786376953,31.68999671936035,2384.860107421875,2327.909912109375,2329.079833984375,39.10920333862305,3.7220797538757324,3.7081191539764404,45.53916931152344,3.9256067276000977,0.013080375269055367,0,0.0007132500177249312,0,56.9501953125,-1.169921875
265,13,0,1,Day,,40.719078063964844,49.280921936035156,325.38702392578125,313.3900146484375,300.6592712402344,16.797000885009766,0.9593772888183594,14.339990615844727,4.930099964141846,=NA(),=NA(),1.3184956312179565,1.4163999557495117,0.34380000829696655,0.08399999886751175,=NA(),20,1013.25,-26.054576873779297,32.4721565246582,332.7750244140625,298.45501708984375,34.31999969482422,27.96062660217285,1887.949951171875,1865.580078125,1864.5709228515625,39.45134735107422,2.9538960456848145,2.8840839862823486,45.62321090698242,3.119079113006592,0.01029131282120943,0,0.000695624970830977,0,22.369873046875,1.0091552734375
265,14,0,1,Day,,49.17964553833008,40.82035446166992,307.7582702636719,688.2000122070312,314.28961181640625,572,0.45668351650238037,14.899988174438477,4.779900074005127,=NA(),=NA(),1.5279783010482788,1.4163999557495117,0.34380000829696655,0.08399999886751175,=NA(),20,1013.25,-42.466705322265625,27.606054306030273,890.5350341796875,840.3699951171875,50.165000915527344,51.237510681152344,5399.47998046875,4940.14990234375,4946.615234375,36.85386657714844,8.388957977294922,8.315847396850586,44.502559661865234,8.867051124572754,0.029827751219272614,0,0.0010625624563544989,0,459.330078125,-6.46533203125
265,15,0,1,Day,,59.68030548095703,30.31969451904297,294.5406188964844,215.10000610351562,208.48883056640625,13.095999717712402,0.9692646265029907,14.700006484985352,4.349999904632568,=NA(),=NA(),1.975855827331543,1.4163999557495117,0.34380000829696655,0.08399999886751175,=NA(),20,1013.25,-57.26353073120117,21.009876251220703,229.29000854492188,184.41500854492188,44.875,24.23687171936035,1241.219970703125,1241.81005859375,1232.27001953125,39.846763610839844,1.9323956966400146,1.814753532409668,45.3975944519043,2.067636489868164,0.00640512490645051,0,0.0009159375331364572,0,-0.590087890625,9.5400390625
265,16,0,1,Day,,71.23957061767578,18.76042938232422,284.0233154296875,99.70500183105469,99.02723693847656,2.1073999404907227,0.993202269077301,14.499994277954102,2.789900064468384,=NA(),=NA(),3.0848259925842285,1.4163999557495117,0.34380000829696655,0.08399999886751175,=NA(),20,1013.25,-34.156166076660156,38.56376647949219,108.6500015258789,95.31500244140625,13.34000015258789,19.003137588500977,572.8400268554688,584.02001953125,583.0524291992188,39.31889724731445,0.926659345626831,0.888825535774231,44.81499099731445,0.9874862432479858,0.003174500074237585,0,0.00031131249852478504,0,-11.17999267578125,0.96759033203125
265,17,0,1,Day,,83.25627899169922,6.743721961975098,274.90533447265625,10.607000350952148,10.606542587280273,0.0038999998942017555,0.9999568462371826,13.899988174438477,2.399899959564209,=NA(),=NA(),7.988894939422607,1.4163999557495117,0.34380000829696655,0.08399999886751175,=NA(),20,1013.25,-9.882150650024414,73.41144561767578,11.489999771118164,10.479999542236328,1.0149999856948853,14.385004043579102,52.63999938964844,54.80000305175781,54.809051513671875,36.18415832519531,0.09467008709907532,0.09384477883577347,41.54759216308594,0.10672479122877121,0.0003555000002961606,0,0.000021874999220017344,0,-2.160003662109375,-0.0090484619140625
265,18,0,1,Night,Sun below height limit of 1 degrees.,89.56356811523438,0.43643003702163696,270.1894836425781,0,0,0,0,12.469995498657227,2.220099925994873,=NA(),0,32.09978103637695,1.4163999557495117,0.34380000829696655,0.08399999886751175,=NA(),20,1013.25,0,0,0,0,0,12.469995498657227,0,0,0,0,0,0,0,0,0,0,0,0,0,0
265,19,0,1,Night,,107.83101654052734,-17.83102035522461,257.2115173339844,0,0,0,0,10.920007705688477,1.9000999927520752,=NA(),0,64.81599426269531,1.4163999557495117,0.34380000829696655,0.08399999886751175,=NA(),20,1013.25,0,0,0,0,0,10.920007705688477,0,0,0,0,0,0,0,0,0,0,0,0,0,0
265,20,0,1,Night,,119.47958374023438,-29.47957992553711,246.88873291015625,0,0,0,0,7.479913234710693,1.5801000595092773,=NA(),0,64.81599426269531,1.4163999557495117,0.34380000829696655,0.08399999886751175,=NA(),20,1013.25,0,0,0,0,0,7.480004787445068,0,0,0,0,0,0,0,0,0,0,0,0,0,0
265,21,0,1,Night,,130.15016174316406,-40.150169372558594,234.00340270996094,0,0,0,0,6.190209865570068,1.3799999952316284,=NA(),0,64.81599426269531,1.4163999557495117,0.34380000829696655,0.08399999886751175,=NA(),20,1013.25,0,0,0,0,0,6.189996242523193,0,0,0,0,0,0,0,0,0,0,0,0,0,0
265,22,0,1,Night,,138.91224670410156,-48.91223907470703,216.83236694335938,0,0,0,0,5.050103664398193,1.3698999881744385,=NA(),0,64.81599426269531,1.4163999557495117,0.34380000829696655,0.08399999886751175,=NA(),20,1013.25,0,0,0,0,0,5.050012111663818,0,0,0,0,0,0,0,0,0,0,0,0,0,0
265,23,0,1,Night,,144.22999572753906,-54.22999954223633,194.1306915283203,0,0,0,0,4.709802150726318,1.3799999952316284,=NA(),0,64.81599426269531,1.4163999557495117,0.34380000829696655,0.08399999886751175,=NA(),20,1013.25,0,0,0,0,0,4.709985256195068,0,0,0,0,0,0,0,0,0,0,0,0,0,0
266,0,0,1,Night,,144.47256469726562,-54.47256851196289,168.25314331054688,0,0,0,0,4.449914455413818,1.3300000429153442,=NA(),0,64.81599426269531,1.4163999557495117,0.34380000829696655,0.08399999886751175,=NA(),20,1013.25,0,0,0,0,0,4.450006008148193,0,0,0,0,0,0,0,0,0,0,0,0,0,0
266,1,0,1,Night,,139.54595947265625,-49.545955657958984,145.09820556640625,0,0,0,0,3.7398924827575684,1.3598999977111816,=NA(),0,64.81599426269531,1.4163999557495117,0.34380000829696655,0.08399999886751175,=NA(),20,1013.25,0,0,0,0,0,3.7400145530700684,0,0,0,0,0,0,0,0,0,0,0,0,0,0
266,2,0,1,Night,,131.01417541503906,-41.01417541503906,127.4678955078125,0,0,0,0,3.0299010276794434,1.399999976158142,=NA(),0,64.81599426269531,1.4163999557495117,0.34380000829696655,0.08399999886751175,=NA(),20,1013.25,0,0,0,0,0,3.0299925804138184,0,0,0,0,0,0,0,0,0,0,0,0,0,0
266,3,0,1,Night,,120.46113586425781,-30.461135864257812,114.28688049316406,0,0,0,0,4.380090236663818,1.4900000095367432,=NA(),0,64.81599426269531,1.4163999557495117,0.34380000829696655,0.08399999886751175,=NA(),20,1013.25,0,0,0,0,0,4.379998683929443,0,0,0,0,0,0,0,0,0,0,0,0,0,0
266,4,0,1,Night,,108.86532592773438,-18.86532211303711,103.80887603759766,0,0,0,0,3.4599852561950684,1.6200000047683716,=NA(),0,64.81599426269531,1.4163999557495117,0.34380000829696655,0.08399999886751175,=NA(),20,1013.25,0,0,0,0,0,3.4599852561950684,0,0,0,0,0,0,0,0,0,0,0,0,0,0
266,5,0,1,Night,Sun below height limit of 1 degrees.,89.9802017211914,0.01979457028210163,90.4130859375,0,0,0,0,1.730310082435608,1.820099949836731,=NA(),0,37.6356201171875,1.4163999557495117,0.34380000829696655,0.08399999886751175,=NA(),20,1013.25,0,0,0,0,0,1.730004906654358,0,0,0,0,0,0,0,0,0,0,0,0,0,0
266,6,0,1,Day,,84.2615737915039,5.738424777984619,86.0872802734375,79.19300079345703,75.40438842773438,37.89099884033203,0.9521597623825073,2.9800963401794434,2.2399001121520996,=NA(),=NA(),9.187149047851562,1.4163999557495117,0.34380000829696655,0.08399999886751175,=NA(),20,1013.25,8.350598335266113,75.93087005615234,116.84500122070312,111.54499816894531,5.300000190734863,7.883111476898193,536.7999877929688,568.6799926757812,569.2588500976562,40.69108200073242,0.8743603229522705,0.8703408241271973,46.26130676269531,0.9245848655700684,0.0031623749528080225,0,0.0001161874970421195,0,-31.8800048828125,-0.578857421875
266,7,0,1,Day,,72.2110824584961,17.788917541503906,77.07923126220703,206.39999389648438,185.65518188476562,67.9020004272461,0.8994922041893005,4.949792385101318,2.0099000930786133,=NA(),=NA(),3.2441365718841553,1.4163999557495117,0.34380000829696655,0.08399999886751175,=NA(),20,1013.25,31.261045455932617,42.03207015991211,303.42498779296875,284.760009765625,18.665000915527344,17.17998695373535,1750.3699951171875,1792.179931640625,1793.77685546875,40.81834030151367,2.7465879917144775,2.6945302486419678,46.93122100830078,2.8886687755584717,0.009786062873899937,0,0.0004216874949634075,0,-41.8099365234375,-1.596923828125
266,8,0,1,Day,,60.55191421508789,29.44808578491211,66.7757797241211,358.6000061035156,285.5480041503906,148.58999633789062,0.7962855696678162,7.640100002288818,2.0601000785827637,=NA(),=NA(),2.028477907180786,1.4163999557495117,0.34380000829696655,0.08399999886751175,=NA(),20,1013.25,58.435115814208984,20.08315086364746,496.760009765625,444.95501708984375,51.80500030517578,27.7449893951416,2930.830078125,2898.89990234375,2901.30029296875,39.82063674926758,4.553811550140381,4.420745849609375,46.420799255371094,4.7961931228637695,0.015832187607884407,0,0.0010432499693706632,0,31.93017578125,-2.400390625
266,9,0,1,Day,,49.86934280395508,40.13065719604492,53.90848159790039,727.7999877929688,336.11737060546875,607.7000122070312,0.4618265628814697,10.439996719360352,2.809999942779541,=NA(),=NA(),1.5495996475219727,1.4163999557495117,0.34380000829696655,0.08399999886751175,=NA(),20,1013.25,43.788516998291016,26.768983840942383,953.2249755859375,898.8049926757812,54.42499923706055,49.24999237060547,5783.419921875,5329.169921875,5336.8369140625,37.11259078979492,8.987652778625488,8.904404640197754,44.88976287841797,9.496253967285156,0.03194643557071686,0,0.0011491250479593873,0,454.25,-7.6669921875
266,10,0,1,Day,,41.09358596801758,48.90641403198242,36.75356674194336,810.2000122070312,300.2138671875,676.7000122070312,0.3705429136753082,14.550012588500977,3.26990008354187,=NA(),=NA(),1.3259629011154175,1.4163999557495117,0.34380000829696655,0.08399999886751175,=NA(),20,1013.25,27.559038162231445,31.778200149536133,938.5799560546875,884.260009765625,54.31500244140625,53.037498474121094,5652.2099609375,5139.56982421875,5143.39013671875,36.63456344604492,8.77482795715332,8.736356735229492,44.36023712158203,9.271547317504883,0.031170561909675598,0,0.001170499948784709,0,512.64013671875,-3.8203125
266,11,0,1,Day,,35.759517669677734,54.240482330322266,14.058542251586914,717.0999755859375,331.5672912597656,475.1000061035156,0.46237248182296753,16.659997940063477,3.640000104904175,=NA(),=NA(),1.2316884994506836,1.4163999557495117,0.34380000829696655,0.08399999886751175,=NA(),20,1013.25,9.922562599182129,34.533016204833984,777.094970703125,724.0700073242188,53.02000045776367,48.438133239746094,4658.22021484375,4301.7001953125,4306.53564453125,37.21204376220703,7.233099937438965,7.219028472900391,44.579376220703125,7.638888835906982,0.025511499494314194,0,0.001144562498666346,0,356.52001953125,-4.83544921875
266,12,0,1,Day,,35.50117874145508,54.49882125854492,348.1675109863281,548.2000122070312,401.7427978515625,179.89999389648438,0.732839822769165,18.17998695373535,3.880000114440918,=NA(),=NA(),1.2277239561080933,1.4163999557495117,0.34380000829696655,0.08399999886751175,=NA(),20,1013.25,-8.321511268615723,34.63734817504883,593.3399658203125,549.2950439453125,44.04499816894531,42.453758239746094,3495.56005859375,3292.280029296875,3296.223388671875,37.89718246459961,5.436129570007324,5.4194746017456055,44.817649841308594,5.739384651184082,0.019108999520540237,0,0.0009564374922774732,0,203.280029296875,-3.943359375
266,13,0,1,Day,,40.41680145263672,49.58319854736328,324.98760986328125,446.30999755859375,375.8015441894531,92.61000061035156,0.8420190811157227,18.2700138092041,3.970099925994873,=NA(),=NA(),1.3125702142715454,1.4163999557495117,0.34380000829696655,0.08399999886751175,=NA(),20,1013.25,-26.039794921875,32.07380676269531,487.364990234375,445.04498291015625,42.31999969482422,38.196250915527344,2839.580078125,2712.2900390625,2715.19287109375,38.33821105957031,4.426414966583252,4.357308387756348,44.9942741394043,4.673800945281982,0.015489437617361546,0,0.0008713125134818256,0,127.2900390625,-2.90283203125
266,14,0,1,Day,,48.941490173339844,41.058509826660156,307.3352966308594,449.79998779296875,347.79437255859375,155.3000030517578,0.7732200622558594,19.68999671936035,3.880000114440918,=NA(),=NA(),1.5207021236419678,1.4163999557495117,0.34380000829696655,0.08399999886751175,=NA(),20,1013.25,-42.389007568359375,27.213558197021484,533.9749755859375,485.94000244140625,48.04499816894531,41.511863708496094,3144.919921875,2970.760009765625,2974.50146484375,37.955543518066406,4.898104667663574,4.786830425262451,44.74542236328125,5.174795627593994,0.017100436612963676,0,0.0009847499895840883,0,174.159912109375,-3.741455078125
266,15,0,1,Day,,59.48775100708008,30.512250900268555,294.1360778808594,508.510009765625,301.5572204589844,407.6099853515625,0.5930212140083313,20.040002822875977,3.4298999309539795,=NA(),=NA(),1.9646551609039307,1.4163999557495117,0.34380000829696655,0.08399999886751175,=NA(),20,1013.25,-57.146026611328125,20.626855850219727,768.6199951171875,715.3499755859375,53.269996643066406,51.508750915527344,4619.02001953125,4219.60986328125,4224.74853515625,36.79324722290039,7.1766886711120605,7.052150726318359,44.16623306274414,7.59163761138916,0.025321124121546745,0,0.0011118125403299928,0,399.41015625,-5.138671875
266,16,0,1,Day,,71.07492065429688,18.925077438354492,283.6401062011719,242.6999969482422,207.60733032226562,108.19999694824219,0.8554072380065918,19.469995498657227,2.220099925994873,=NA(),=NA(),3.059432029724121,1.4163999557495117,0.34380000829696655,0.08399999886751175,=NA(),20,1013.25,-34.55593490600586,37.951934814453125,372.2699890136719,350.3800048828125,21.889999389648438,34.65062713623047,2154.43994140625,2081.60009765625,2084.411376953125,38.56234359741211,3.3783392906188965,3.3112215995788574,44.966453552246094,3.5659656524658203,0.011963562108576298,0,0.0005288749816827476,0,72.83984375,-2.811279296875
266,17,0,1,Day,,83.10777282714844,6.892230033874512,274.5343933105469,28.500999450683594,28.44062614440918,0.5030999779701233,0.9978817105293274,18.7700138092041,2.3299999237060547,=NA(),=NA(),7.836895942687988,1.4163999557495117,0.34380000829696655,0.08399999886751175,=NA(),20,1013.25,-10.10340690612793,73.03702545166016,30.954999923706055,28.235000610351562,2.7199997901916504,20.060632705688477,155.14999389648438,157.83999633789062,157.899169921875,37.053531646728516,0.26633569598197937,0.2640645503997803,42.4871826171875,0.28801220655441284,0.0009565624641254544,0,0.00005850000161444768,0,-2.69000244140625,-0.059173583984375
266,18,0,1,Night,Sun below height limit of 1 degrees.,89.49986267089844,0.5001347661018372,269.76763916015625,0,0,0,0,13.350000381469727,2.5899999141693115,=NA(),0,31.35517692565918,1.4163999557495117,0.34380000829696655,0.08399999886751175,=NA(),20,1013.25,0,0,0,0,0,13.350000381469727,0,0,0,0,0,0,0,0,0,0,0,0,0,0
266,19,0,1,Night,,107.66742706298828,-17.66742515563965,256.8299560546875,0,0,0,0,9.670312881469727,2.9200000762939453,=NA(),0,64.81599426269531,1.4163999557495117,0.34380000829696655,0.08399999886751175,=NA(),20,1013.25,0,0,0,0,0,9.670007705688477,0,0,0,0,0,0,0,0,0,0,0,0,0,0
266,20,0,1,Night,,119.28933715820312,-29.28934097290039,246.48648071289062,0,0,0,0,9.300012588500977,3.170099973678589,=NA(),0,64.81599426269531,1.4163999557495117,0.34380000829696655,0.08399999886751175,=NA(),20,1013.25,0,0,0,0,0,9.300012588500977,0,0,0,0,0,0,0,0,0,0,0,0,0,0
266,21,0,1,Night,,129.91603088378906,-39.91603088378906,233.58148193359375,0,0,0,0,11.629999160766602,3.309999942779541,=NA(),0,64.81599426269531,1.4163999557495117,0.34380000829696655,0.08399999886751175,=NA(),20,1013.25,0,0,0,0,0,11.629999160766602,0,0,0,0,0,0,0,0,0,0,0,0,0,0
266,22,0,1,Night,,138.61557006835938,-48.61557388305664,216.42759704589844,0,0,0,0,11.100000381469727,3.4000000953674316,=NA(),0,64.81599426269531,1.4163999557495117,0.34380000829696655,0.08399999886751175,=NA(),20,1013.25,0,0,0,0,0,11.100000381469727,0,0,0,0,0,0,0,0,0,0,0,0,0,0
266,23,0,1,Night,,143.86598205566406,-53.86598587036133,193.85260009765625,0,0,0,0,9.799890518188477,3.5000998973846436,=NA(),0,64.81599426269531,1.4163999557495117,0.34380000829696655,0.08399999886751175,=NA(),20,1013.25,0,0,0,0,0,9.800012588500977,0,0,0,0,0,0,0,0,0,0,0,0,0,0
267,0,0,1,Night,,144.07421875,-54.07422637939453,168.2157440185547,0,0,0,0,9.159814834594727,3.599900007247925,=NA(),0,64.81599426269531,1.4163999557495117,0.34380000829696655,0.08399999886751175,=NA(),20,1013.25,0,0,0,0,0,9.159997940063477,0,0,0,0,0,0,0,0,0,0,0,0,0,0
267,1,0,1,Night,,139.16085815429688,-49.16086196899414,145.2579803466797,0,0,0,0,7.549706935882568,3.7200000286102295,=NA(),0,64.81599426269531,1.4163999557495117,0.34380000829696655,0.08399999886751175,=NA(),20,1013.25,0,0,0,0,0,7.550012111663818,0,0,0,0,0,0,0,0,0,0,0,0,0,0
267,2,0,1,Night,,130.6609344482422,-40.66093444824219,127.71298217773438,0,0,0,0,6.980004787445068,3.8201000690460205,=NA(),0,64.81599426269531,1.4163999557495117,0.34380000829696655,0.08399999886751175,=NA(),20,1013.25,0,0,0,0,0,6.980004787445068,0,0,0,0,0,0,0,0,0,0,0,0,0,0
267,3,0,1,Night,,120.13633728027344,-30.136337280273438,114.55484008789062,0,0,0,0,6.520013332366943,3.880000114440918,=NA(),0,64.81599426269531,1.4163999557495117,0.34380000829696655,0.08399999886751175,=NA(),20,1013.25,0,0,0,0,0,6.520013332366943,0,0,0,0,0,0,0,0,0,0,0,0,0,0
267,4,0,1,Night,,108.55917358398438,-18.559175491333008,104.07884979248047,0,0,0,0,8.009698867797852,3.900099992752075,=NA(),0,64.81599426269531,1.4163999557495117,0.34380000829696655,0.08399999886751175,=NA(),20,1013.25,0,0,0,0,0,8.010004043579102,0,0,0,0,0,0,0,0,0,0,0,0,0,0
267,5,0,1,Night,Sun below height limit of 1 degrees.,89.87080383300781,0.12919417023658752,90.783935546875,0,0,0,0,8.490289688110352,4.179999828338623,=NA(),0,36.0650520324707,1.4163999557495117,0.34380000829696655,0.08399999886751175,=NA(),20,1013.25,0,0,0,0,0,8.490015029907227,0,0,0,0,0,0,0,0,0,0,0,0,0,0
267,6,0,1,Day,,83.97460174560547,6.025397300720215,86.35581970214844,109.61000061035156,100.29838562011719,88.70800018310547,0.9150477647781372,9.109888076782227,5.320099830627441,=NA(),=NA(),8.811614036560059,1.4163999557495117,0.34380000829696655,0.08399999886751175,=NA(),20,1013.25,8.778541564941406,75.21424865722656,178.75,172.58999633789062,6.159999847412109,16.6662540435791,812.1300048828125,834.1300048828125,835.0702514648438,39.957767486572266,1.306175947189331,1.3004405498504639,45.72126007080078,1.379591941833496,0.004736375063657761,0,0.00013587500143330544,0,-22,-0.94024658203125
267,7,0,1,Day,,71.90892028808594,18.09107780456543,77.35009765625,319,237.98313903808594,260.8999938964844,0.7460286617279053,12.600000381469727,5.360000133514404,=NA(),=NA(),3.192775011062622,1.4163999557495117,0.34380000829696655,0.08399999886751175,=NA(),20,1013.25,32.01200485229492,40.97739028930664,548.5849609375,526.9100341796875,21.674999237060547,34.81688690185547,3256.550048828125,3147.159912109375,3151.867919921875,38.88572692871094,5.065951347351074,5.002403736114502,45.68482208251953,5.338510513305664,0.01820412464439869,0,0.0005113750230520964,0,109.39013671875,-4.7080078125
267,8,0,1,Day,,60.23085403442383,29.769145965576172,67.04631042480469,524.5999755859375,307.9741516113281,436.29998779296875,0.5870647430419922,14.580011367797852,6.03000020980835,=NA(),=NA(),2.008718967437744,1.4163999557495117,0.34380000829696655,0.08399999886751175,=NA(),20,1013.25,58.152488708496094,19.786823272705078,810.9200439453125,755.2900390625,55.625,47.591880798339844,4912.25,4550.27001953125,4556.7685546875,37.32667922973633,7.630072593688965,7.501961708068848,44.789512634277344,8.061347007751465,0.02697012573480606,0,0.0011338749900460243,0,361.97998046875,-6.49853515625
267,9,0,1,Day,,49.52050018310547,40.47949981689453,54.16029357910156,696.2899780273438,318.8655700683594,581.3900146484375,0.4579493999481201,18.6299991607666,7.339900016784668,=NA(),=NA(),1.538560390472412,1.4163999557495117,0.34380000829696655,0.08399999886751175,=NA(),20,1013.25,43.52658462524414,26.446928024291992,911.3599853515625,860.0599975585938,51.30500030517578,55.92748260498047,5533.58984375,4980.10009765625,4987.111328125,36.225135803222656,8.604432106018066,8.527615547180176,43.94781494140625,9.111274719238281,0.03057468682527542,0,0.0010849374812096357,0,553.48974609375,-7.01123046875
267,10,0,1,Day,,40.711936950683594,49.288063049316406,36.92845153808594,817.4099731445312,299.8486328125,682.7999877929688,0.36682772636413574,20.399988174438477,8.229999542236328,=NA(),=NA(),1.318354606628418,1.4163999557495117,0.34380000829696655,0.08399999886751175,=NA(),20,1013.25,27.33906364440918,31.42653465270996,946.010009765625,891.3099975585938,54.69999694824219,59.349388122558594,5701.10986328125,5068.81982421875,5073.9248046875,35.78434753417969,8.861984252929688,8.827062606811523,43.567012786865234,9.385727882385254,0.03144262731075287,0,0.0011795625323429704,0,632.2900390625,-5.10498046875
267,11,0,1,Day,,35.361061096191406,54.638938903808594,14.043658256530762,871.5,278.3713684082031,727.2999877929688,0.3194163739681244,21.800012588500977,8.65999984741211,=NA(),=NA(),1.2255946397781372,1.4163999557495117,0.34380000829696655,0.08399999886751175,=NA(),20,1013.25,9.770635604858398,34.154720306396484,944.1300048828125,881.5800170898438,62.54499816894531,60.712486267089844,5686.35986328125,5030.7099609375,5036.509765625,35.598514556884766,8.842556953430176,8.829795837402344,43.38685607910156,9.369245529174805,0.031186312437057495,0,0.0013509375276044011,0,655.64990234375,-5.7998046875
267,12,0,1,Day,,35.13288879394531,54.86711120605469,347.9037780761719,865.4000244140625,276.2428283691406,720.4000244140625,0.3192082643508911,22.92998695373535,8.670100212097168,=NA(),=NA(),1.2221587896347046,1.4163999557495117,0.34380000829696655,0.08399999886751175,=NA(),20,1013.25,-8.388212203979492,34.242557525634766,934.97998046875,872.7650146484375,62.220001220703125,61.506248474121094,5626.18017578125,4962.89013671875,4968.43212890625,35.49321365356445,8.748910903930664,8.736250877380371,43.263397216796875,9.271309852600098,0.030838875100016594,0,0.0013526874827221036,0,663.2900390625,-5.5419921875
267,13,0,1,Day,,40.11552429199219,49.88447570800781,324.5838317871094,436.30999755859375,373.52276611328125,82.10199737548828,0.8560948967933655,23.600000381469727,8.590100288391113,=NA(),=NA(),1.3067529201507568,1.4163999557495117,0.34380000829696655,0.08399999886751175,=NA(),20,1013.25,-26.02450180053711,31.675424575805664,475.7650146484375,434.07501220703125,41.689998626708984,43.13811492919922,2768.81005859375,2599.659912109375,2602.214111328125,37.63873291015625,4.321073532104492,4.250278472900391,44.297332763671875,4.568571090698242,0.015102687291800976,0,0.0008586875046603382,0,169.150146484375,-2.55419921875
267,14,0,1,Day,,48.704288482666016,41.295711517333984,306.9096374511719,667.2999877929688,311.12744140625,539.7000122070312,0.4662482440471649,23.350000381469727,8.40999984741211,=NA(),=NA(),1.5135493278503418,1.4163999557495117,0.34380000829696655,0.08399999886751175,=NA(),20,1013.25,-42.31110763549805,26.821012496948242,861.1600341796875,812.3050537109375,48.849998474121094,58.677513122558594,5224.56005859375,4654.68994140625,4661.3017578125,35.852081298828125,8.12597942352295,8.055253982543945,43.48057174682617,8.612659454345703,0.02885318733751774,0,0.0010353750549256802,0,569.8701171875,-6.61181640625
267,15,0,1,Day,,59.295589447021484,30.704408645629883,293.73028564453125,468.7900085449219,298.8644104003906,332.7900085449219,0.6375229954719543,22.300012588500977,7.539999961853027,=NA(),=NA(),1.9536246061325073,1.4163999557495117,0.34380000829696655,0.08399999886751175,=NA(),20,1013.25,-57.02816390991211,20.243833541870117,694.1900024414062,642.2349853515625,51.95500183105469,50.743125915527344,4153.43994140625,3802.830078125,3807.7255859375,36.855430603027344,6.457383155822754,6.333442211151123,44.06187057495117,6.832348823547363,0.022704187780618668,0,0.0010838749585673213,0,350.60986328125,-4.8955078125
267,16,0,1,Day,,70.91004180908203,19.0899600982666,283.2563781738281,239.39999389648438,206.6293487548828,100.19999694824219,0.8631134033203125,21.839990615844727,6.010000228881836,=NA(),=NA(),3.034438133239746,1.4163999557495117,0.34380000829696655,0.08399999886751175,=NA(),20,1013.25,-34.964195251464844,37.331336975097656,363.9949951171875,341.9000244140625,22.094999313354492,36.72124481201172,2102.18994140625,2016.5400390625,2019.038330078125,38.25371551513672,3.298785924911499,3.2301888465881348,44.64696502685547,3.4843664169311523,0.011662875302135944,0,0.0005345625104382634,0,85.64990234375,-2.498291015625
267,17,0,1,Day,,82.95711517333984,7.0428853034973145,274.1634216308594,32.40800094604492,32.333858489990234,0.6047000288963318,0.9977121949195862,19.600000381469727,4.939899921417236,=NA(),=NA(),7.68827486038208,1.4163999557495117,0.34380000829696655,0.08399999886751175,=NA(),20,1013.25,-10.328791618347168,72.6565170288086,35.595001220703125,32.52000045776367,3.070000171661377,21.0831241607666,179.41000366210938,181.7899932861328,181.84429931640625,37.12648010253906,0.30612245202064514,0.30347514152526855,42.58100128173828,0.330060750246048,0.001096750027500093,0,0.00006600000051548705,0,-2.3799896240234375,-0.0543060302734375
267,18,0,1,Night,Sun below height limit of 1 degrees.,89.43572235107422,0.5642766356468201,269.3483581542969,0,0,0,0,16.339990615844727,4.70989990234375,=NA(),0,30.630767822265625,1.4163999557495117,0.34380000829696655,0.08399999886751175,=NA(),20,1013.25,0,0,0,0,0,16.339990615844727,0,0,0,0,0,0,0,0,0,0,0,0,0,0
267,19,0,1,Night,,107.50186157226562,-17.501859664916992,256.44927978515625,0,0,0,0,12.129999160766602,4.75,=NA(),0,64.81599426269531,1.4163999557495117,0.34380000829696655,0.08399999886751175,=NA(),20,1013.25,0,0,0,0,0,12.129999160766602,0,0,0,0,0,0,0,0,0,0,0,0,0,0
267,20,0,1,Night,,119.09751892089844,-29.097517013549805,246.08602905273438,0,0,0,0,9.490106582641602,4.199999809265137,=NA(),0,64.81599426269531,1.4163999557495117,0.34380000829696655,0.08399999886751175,=NA(),20,1013.25,0,0,0,0,0,9.490015029907227,0,0,0,0,0,0,0,0,0,0,0,0,0,0
267,21,0,1,Night,,129.68014526367188,-39.680145263671875,233.16290283203125,0,0,0,0,13.260004043579102,3.869999885559082,=NA(),0,64.81599426269531,1.4163999557495117,0.34380000829696655,0.08399999886751175,=NA(),20,1013.25,0,0,0,0,0,13.260004043579102,0,0,0,0,0,0,0,0,0,0,0,0,0,0
267,22,0,1,Night,,138.3173065185547,-48.31731033325195,216.02821350097656,0,0,0,0,12.959985733032227,3.6698999404907227,=NA(),0,64.81599426269531,1.4163999557495117,0.34380000829696655,0.08399999886751175,=NA(),20,1013.25,0,0,0,0,0,12.959985733032227,0,0,0,0,0,0,0,0,0,0,0,0,0,0
267,23,0,1,Night,,143.501220703125,-53.50121307373047,193.58026123046875,0,0,0,0,11.420007705688477,3.5801000595092773,=NA(),0,64.81599426269531,1.4163999557495117,0.34380000829696655,0.08399999886751175,=NA(),20,1013.25,0,0,0,0,0,11.420007705688477,0,0,0,0,0,0,0,0,0,0,0,0,0,0
268,0,0,1,Night,,143.6759490966797,-53.67594909667969,168.18014526367188,0,0,0,0,10.290002822875977,3.5299999713897705,=NA(),0,64.81599426269531,1.4163999557495117,0.34380000829696655,0.08399999886751175,=NA(),20,1013.25,0,0,0,0,0,10.290002822875977,0,0,0,0,0,0,0,0,0,0,0,0,0,0
268,1,0,1,Night,,138.77581787109375,-48.775814056396484,145.41622924804688,0,0,0,0,8.869897842407227,3.559999942779541,=NA(),0,64.81599426269531,1.4163999557495117,0.34380000829696655,0.08399999886751175,=NA(),20,1013.25,0,0,0,0,0,8.869989395141602,0,0,0,0,0,0,0,0,0,0,0,0,0,0
268,2,0,1,Night,,130.30780029296875,-40.30780029296875,127.9561996459961,0,0,0,0,6.499993801116943,3.4298999309539795,=NA(),0,64.81599426269531,1.4163999557495117,0.34380000829696655,0.08399999886751175,=NA(),20,1013.25,0,0,0,0,0,6.499993801116943,0,0,0,0,0,0,0,0,0,0,0,0,0,0
268,3,0,1,Night,,119.81165313720703,-29.811655044555664,114.8216552734375,0,0,0,0,6.029992580413818,3.240000009536743,=NA(),0,64.81599426269531,1.4163999557495117,0.34380000829696655,0.08399999886751175,=NA(),20,1013.25,0,0,0,0,0,6.029992580413818,0,0,0,0,0,0,0,0,0,0,0,0,0,0
268,4,0,1,Night,,108.25434875488281,-18.254348754882812,104.348388671875,0,0,0,0,5.369897365570068,3.090100049972534,=NA(),0,64.81599426269531,1.4163999557495117,0.34380000829696655,0.08399999886751175,=NA(),20,1013.25,0,0,0,0,0,5.369988918304443,0,0,0,0,0,0,0,0,0,0,0,0,0,0
268,5,0,1,Night,Sun below height limit of 1 degrees.,89.73624420166016,0.26375314593315125,91.15284729003906,0,0,0,0,4.499688625335693,3.349900007247925,=NA(),0,34.24971008300781,1.4163999557495117,0.34380000829696655,0.08399999886751175,=NA(),20,1013.25,0,0,0,0,0,4.499993801116943,0,0,0,0,0,0,0,0,0,0,0,0,0,0
268,6,0,1,Day,,83.68267822265625,6.317323684692383,86.62510681152344,120.80000305175781,109.69749450683594,100.9000015258789,0.9080918431282043,5.510186672210693,4.479899883270264,=NA(),=NA(),8.458512306213379,1.4163999557495117,0.34380000829696655,0.08399999886751175,=NA(),20,1013.25,9.2158842086792,74.48321533203125,201.05499267578125,194.52999877929688,6.529999732971191,13.973749160766602,927.2100219726562,960.7000122070312,961.6670532226562,40.52450942993164,1.4831565618515015,1.476317048072815,46.3082160949707,1.5645111799240112,0.005389000289142132,0,0.0001438750041415915,0,-33.489990234375,-0.967041015625
268,7,0,1,Day,,71.60528564453125,18.394716262817383,77.62242126464844,333.5899963378906,246.08795166015625,277.2900085449219,0.7376958131790161,7.830193996429443,4.909999847412109,=NA(),=NA(),3.1428425312042236,1.4163999557495117,0.34380000829696655,0.08399999886751175,=NA(),20,1013.25,32.788021087646484,39.89643478393555,578.0050048828125,555.405029296875,22.604999542236328,31.1450138092041,3432.2900390625,3357.85009765625,3363.4814453125,39.41142272949219,5.33397102355957,5.267000198364258,46.25750732421875,5.6154375076293945,0.01916593685746193,0,0.0005419999943114817,0,74.43994140625,-5.63134765625
268,8,0,1,Day,,59.90953826904297,30.09046173095703,67.31918334960938,550.4099731445312,319.976806640625,459.6099853515625,0.5813426971435547,9.849786758422852,4.850100040435791,=NA(),=NA(),1.9893858432769775,1.4163999557495117,0.34380000829696655,0.08399999886751175,=NA(),20,1013.25,57.87018585205078,19.489376068115234,849.2449951171875,791.9550170898438,57.29999923706055,44.33501434326172,5142.56982421875,4817.73974609375,4824.439453125,37.77164077758789,7.983111381530762,7.852845668792725,45.2950553894043,8.424248695373535,0.028244812041521072,0,0.001174812437966466,0,324.830078125,-6.69970703125
268,9,0,1,Day,,49.171512603759766,40.828487396240234,54.41548156738281,689.2000122070312,314.7705383300781,572.7000122070312,0.45671871304512024,11.540002822875977,4.850100040435791,=NA(),=NA(),1.5277284383773804,1.4163999557495117,0.34380000829696655,0.08399999886751175,=NA(),20,1013.25,43.26567840576172,26.123584747314453,900.1900024414062,849.75,50.44000244140625,48.170616149902344,5466.64013671875,5055.3701171875,5061.85302734375,37.264556884765625,8.489779472351074,8.415037155151367,44.919620513916016,8.965675354003906,0.030207687988877296,0,0.0010676875244826078,0,411.27001953125,-6.48291015625
268,10,0,1,Day,,40.33009338378906,49.66990661621094,37.10704040527344,960.6900024414062,349.1576843261719,802.1900024414062,0.3634446859359741,12.429986953735352,5.059999942779541,=NA(),=NA(),1.3108869791030884,1.4163999557495117,0.34380000829696655,0.08399999886751175,=NA(),20,1013.25,27.12087631225586,31.073720932006836,1109.794921875,1045.179931640625,64.62000274658203,58.061241149902344,6678.7900390625,5968.7900390625,5975.662109375,35.92481231689453,10.39613151550293,10.35671329498291,44.04737854003906,11.003067016601562,0.03688056394457817,0,0.0013930625282227993,0,710,-6.8720703125
268,11,0,1,Day,,34.96207046508789,55.03792953491211,14.029646873474121,1050,331.426513671875,876.8099975585938,0.3156442940235138,13.129999160766602,5.380000114440918,=NA(),=NA(),1.2196115255355835,1.4163999557495117,0.34380000829696655,0.08399999886751175,=NA(),20,1013.25,9.620644569396973,33.77552795410156,1137.1650390625,1061.340087890625,75.82499694824219,59.98625946044922,6832.2900390625,6064.2998046875,6071.1787109375,35.662696838378906,10.639931678771973,10.621904373168945,43.847877502441406,11.266351699829102,0.03752856329083443,0,0.001638249959796667,0,767.990234375,-6.87890625
268,12,0,1,Day,,34.76445770263672,55.23554229736328,347.63629150390625,851.7100219726562,275.08880615234375,701.9099731445312,0.32298409938812256,14.839990615844727,5.519999980926514,=NA(),=NA(),1.216691493988037,1.4163999557495117,0.34380000829696655,0.08399999886751175,=NA(),20,1013.25,-8.4533052444458,33.847198486328125,920.3049926757812,859.074951171875,61.230003356933594,52.552513122558594,5540.43994140625,5046.259765625,5051.67724609375,36.68753433227539,8.605917930603027,8.594101905822754,44.38359832763672,9.093505859375,0.030368687584996223,0,0.00133050000295043,0,494.18017578125,-5.41748046875
268,13,0,1,Day,,39.814605712890625,50.185394287109375,324.17584228515625,824.9099731445312,295.7442321777344,688.9099731445312,0.35851699113845825,15.159997940063477,5.519999980926514,=NA(),=NA(),1.3010293245315552,1.4163999557495117,0.34380000829696655,0.08399999886751175,=NA(),20,1013.25,-26.008020401000977,31.276649475097656,947.864990234375,892.6650390625,55.20500183105469,53.975608825683594,5726,5189.7001953125,5195.7998046875,36.49336624145508,8.898537635803223,8.870180130004883,44.26531219482422,9.409567832946777,0.03157150000333786,0,0.0011936875525861979,0,536.2998046875,-6.099609375
268,14,0,1,Day,,48.467369079589844,41.532630920410156,306.4814453125,676.8900146484375,311.0938720703125,551.6900024414062,0.45959293842315674,14.770013809204102,5.449999809265137,=NA(),=NA(),1.5064970254898071,1.4163999557495117,0.34380000829696655,0.08399999886751175,=NA(),20,1013.25,-42.23222732543945,26.428245544433594,874.0700073242188,824.9599609375,49.10499954223633,50.397483825683594,5307.43017578125,4869.919921875,4876.50439453125,36.962791442871094,8.245681762695312,8.176590919494629,44.576904296875,8.714617729187012,0.02932087518274784,0,0.0010421250481158495,0,437.51025390625,-6.58447265625
268,15,0,1,Day,,59.10319137573242,30.89681053161621,293.3232727050781,480,299.8664855957031,350.79998779296875,0.6247218251228333,14.740015029907227,5.199999809265137,=NA(),=NA(),1.9427248239517212,1.4163999557495117,0.34380000829696655,0.08399999886751175,=NA(),20,1013.25,-56.90923309326172,19.86073112487793,713.1500244140625,661.0050048828125,52.14500045776367,43.79436492919922,4270.35009765625,4005.949951171875,4011.06103515625,37.80585479736328,6.631199836730957,6.5096845626831055,45.01548767089844,7.000938892364502,0.023360436782240868,0,0.0010908124968409538,0,264.400146484375,-5.111083984375
268,16,0,1,Day,,70.74372863769531,19.256269454956055,282.87225341796875,254.80999755859375,214.11012268066406,123.41000366210938,0.8402736186981201,14.149988174438477,3.8499999046325684,=NA(),=NA(),3.0096585750579834,1.4163999557495117,0.34380000829696655,0.08399999886751175,=NA(),20,1013.25,-35.385093688964844,36.69695281982422,396.1199951171875,373.28997802734375,22.829999923706055,30.2499942779541,2297.510009765625,2253.39013671875,2255.975830078125,39.24604797363281,3.5927112102508545,3.5202865600585938,45.66329574584961,3.7870121002197266,0.012744812294840813,0,0.0005556250107474625,0,44.119873046875,-2.585693359375
268,17,0,1,Day,,82.80268096923828,7.197319030761719,273.7925720214844,38.404998779296875,38.30371856689453,0.8083999752998352,0.9973628520965576,12.320001602172852,3.039900064468384,=NA(),=NA(),7.5414719581604,1.4163999557495117,0.34380000829696655,0.08399999886751175,=NA(),20,1013.25,-10.560853958129883,72.26578521728516,43.08000183105469,39.5,3.5799999237060547,14.105615615844727,218.4199981689453,227.1199951171875,227.1209716796875,38.50164794921875,0.3686865568161011,0.3654172122478485,43.92085647583008,0.39559832215309143,0.0013213750207796693,0,0.00007662500138394535,0,-8.699996948242188,-0.0009765625
268,18,0,1,Night,Sun below height limit of 1 degrees.,89.3577880859375,0.6422123908996582,268.927001953125,0,0,0,0,9.419702529907227,3.1500000953674316,=NA(),0,29.783363342285156,1.4163999557495117,0.34380000829696655,0.08399999886751175,=NA(),20,1013.25,0,0,0,0,0,9.420007705688477,0,0,0,0,0,0,0,0,0,0,0,0,0,0
268,19,0,1,Night,,107.33616638183594,-17.336166381835938,256.0697021484375,0,0,0,0,8.040307998657227,3.299999952316284,=NA(),0,64.81599426269531,1.4163999557495117,0.34380000829696655,0.08399999886751175,=NA(),20,1013.25,0,0,0,0,0,8.040002822875977,0,0,0,0,0,0,0,0,0,0,0,0,0,0
268,20,0,1,Night,,118.9044418334961,-28.90443992614746,245.68753051757812,0,0,0,0,5.030206203460693,3.3598999977111816,=NA(),0,64.81599426269531,1.4163999557495117,0.34380000829696655,0.08399999886751175,=NA(),20,1013.25,0,0,0,0,0,5.029992580413818,0,0,0,0,0,0,0,0,0,0,0,0,0,0
268,21,0,1,Night,,129.44300842285156,-39.443016052246094,232.74778747558594,0,0,0,0,4.140100002288818,3.309999942779541,=NA(),0,64.81599426269531,1.4163999557495117,0.34380000829696655,0.08399999886751175,=NA(),20,1013.25,0,0,0,0,0,4.140008449554443,0,0,0,0,0,0,0,0,0,0,0,0,0,0
268,22,0,1,Night,,138.0179443359375,-48.0179443359375,215.6343994140625,0,0,0,0,2.3597960472106934,3.049999952316284,=NA(),0,64.81599426269531,1.4163999557495117,0.34380000829696655,0.08399999886751175,=NA(),20,1013.25,0,0,0,0,0,2.3600096702575684,0,0,0,0,0,0,0,0,0,0,0,0,0,0
268,23,0,1,Night,,143.1361541748047,-53.13615798950195,193.31370544433594,0,0,0,0,1.100091576576233,2.719899892807007,=NA(),0,64.81599426269531,1.4163999557495117,0.34380000829696655,0.08399999886751175,=NA(),20,1013.25,0,0,0,0,0,1.100000023841858,0,0,0,0,0,0,0,0,0,0,0,0,0,0
269,0,0,1,Night,,143.27822875976562,-53.278228759765625,168.1464080810547,0,0,0,0,0.8002868890762329,2.530100107192993,=NA(),0,64.81599426269531,1.4163999557495117,0.34380000829696655,0.08399999886751175,=NA(),20,1013.25,0,0,0,0,0,0.8000122308731079,0,0,0,0,0,0,0,0,0,0,0,0,0,0
269,1,0,1,Night,,138.39138793945312,-48.391380310058594,145.57305908203125,0,0,0,0,0.20000609755516052,2.610100030899048,=NA(),0,64.81599426269531,1.4163999557495117,0.34380000829696655,0.08399999886751175,=NA(),20,1013.25,0,0,0,0,0,0.20000609755516052,0,0,0,0,0,0,0,0,0,0,0,0,0,0
269,2,0,1,Night,,129.95501708984375,-39.955013275146484,128.1976776123047,0,0,0,0,-0.00009765625145519152,2.8798999786376953,=NA(),0,64.81599426269531,1.4163999557495117,0.34380000829696655,0.08399999886751175,=NA(),20,1013.25,0,0,0,0,0,-0.00000610351571594947,0,0,0,0,0,0,0,0,0,0,0,0,0,0
269,3,0,1,Night,,119.48760986328125,-29.487613677978516,115.08734130859375,0,0,0,0,-0.5000060796737671,3.2500998973846436,=NA(),0,64.81599426269531,1.4163999557495117,0.34380000829696655,0.08399999886751175,=NA(),20,1013.25,0,0,0,0,0,-0.5000060796737671,0,0,0,0,0,0,0,0,0,0,0,0,0,0
269,4,0,1,Night,,107.95034790039062,-17.950345993041992,104.61749267578125,0,0,0,0,-0.5000060796737671,3.6698999404907227,=NA(),0,64.81599426269531,1.4163999557495117,0.34380000829696655,0.08399999886751175,=NA(),20,1013.25,0,0,0,0,0,-0.5000060796737671,0,0,0,0,0,0,0,0,0,0,0,0,0,0
269,5,0,1,Night,Sun below height limit of 1 degrees.,89.61071014404297,0.3892877697944641,91.53175354003906,0,0,0,0,-0.7399963140487671,4.039999961853027,=NA(),0,32.66740798950195,1.4163999557495117,0.34380000829696655,0.08399999886751175,=NA(),20,1013.25,0,0,0,0,0,-0.7399963140487671,0,0,0,0,0,0,0,0,0,0,0,0,0,0
269,6,0,1,Day,,83.39081573486328,6.609182357788086,86.89517974853516,142.6999969482422,128.9920196533203,119.0999984741211,0.9039384722709656,1.199792504310608,4.800000190734863,=NA(),=NA(),8.131574630737305,1.4163999557495117,0.34380000829696655,0.08399999886751175,=NA(),20,1013.25,9.655268669128418,73.75013732910156,248.59500122070312,241.64498901367188,6.949999809265137,11.601892471313477,1166.3499755859375,1217.1300048828125,1218.8990478515625,41.128074645996094,1.852291464805603,1.8456634283065796,47.0064811706543,1.9493401050567627,0.006746124941855669,0,0.0001541250094305724,0,-50.780029296875,-1.76904296875
269,7,0,1,Day,,71.30316925048828,18.69683265686035,77.89620208740234,344.5899963378906,252.36790466308594,287.69000244140625,0.7323715090751648,6.289910793304443,6.059899806976318,=NA(),=NA(),3.0947530269622803,1.4163999557495117,0.34380000829696655,0.08399999886751175,=NA(),20,1013.25,33.58287811279297,38.798065185546875,599.75,576.2900390625,23.459999084472656,30.464990615844727,3560.7099609375,3491.330078125,3497.31640625,39.52279281616211,5.530591011047363,5.4601263999938965,46.4113655090332,5.821096897125244,0.01986362412571907,0,0.0005699375178664923,0,69.3798828125,-5.986328125
269,8,0,1,Day,,59.58983612060547,30.410165786743164,67.59442901611328,558.010009765625,322.1775817871094,465.8999938964844,0.5773687958717346,10.189996719360352,5.769999980926514,=NA(),=NA(),1.9705746173858643,1.4163999557495117,0.34380000829696655,0.08399999886751175,=NA(),20,1013.25,57.59011459350586,19.19120216369629,857.9450073242188,800.5999755859375,57.345001220703125,45.05687713623047,5190.8798828125,4851.18017578125,4857.6669921875,37.677001953125,8.058284759521484,7.929330825805664,45.22013854980469,8.504231452941895,0.028513062745332718,0,0.0011827499838545918,0,339.69970703125,-6.48681640625
269,9,0,1,Day,,48.82413864135742,41.17586135864258,54.67414474487305,734.4000244140625,330.68609619140625,613.2000122070312,0.4502806067466736,12.929986953735352,4.949900150299072,=NA(),=NA(),1.5171518325805664,1.4163999557495117,0.34380000829696655,0.08399999886751175,=NA(),20,1013.25,43.007537841796875,25.79969024658203,956.9349975585938,903.4500122070312,53.48500061035156,51.972496032714844,5808.89990234375,5302.22998046875,5309.5791015625,36.7515754699707,9.029574394226074,8.95334243774414,44.549766540527344,9.547003746032715,0.03210899978876114,0,0.0011331250425428152,0,506.669921875,-7.34912109375
269,10,0,1,Day,,39.949363708496094,50.050636291503906,37.28949737548828,851.4000244140625,306.42303466796875,710.8900146484375,0.3599048852920532,14.450006484985352,4.28000020980835,=NA(),=NA(),1.3035818338394165,1.4163999557495117,0.34380000829696655,0.08399999886751175,=NA(),20,1013.25,26.90553855895996,30.72066879272461,983.3099975585938,926.4649658203125,56.845001220703125,54.761863708496094,5929.97998046875,5360.27001953125,5366.50634765625,36.38718032836914,9.217720031738281,9.182699203491211,44.23326110839844,9.747703552246094,0.03271181136369705,0,0.0012274375185370445,0,569.7099609375,-6.236328125
269,11,0,1,Day,,34.56366729736328,55.43633270263672,14.016677856445312,968,302.3679504394531,808.2999877929688,0.3123635947704315,16.1400089263916,3.839900016784668,=NA(),=NA(),1.2137534618377686,1.4163999557495117,0.34380000829696655,0.08399999886751175,=NA(),20,1013.25,9.473043441772461,33.39650344848633,1048.030029296875,978.4450073242188,69.58500671386719,59.308738708496094,6309.60986328125,5612.7099609375,5618.18408203125,35.781394958496094,9.813380241394043,9.795454978942871,43.774417877197266,10.387822151184082,0.034628186374902725,0,0.0015040624421089888,0,696.89990234375,-5.47412109375
269,12,0,1,Day,,34.396812438964844,55.603187561035156,347.3651428222656,985.8900146484375,306.6389465332031,823.1900024414062,0.31102752685546875,15.790002822875977,3.5099000930786133,=NA(),=NA(),1.211333990097046,1.4163999557495117,0.34380000829696655,0.08399999886751175,=NA(),20,1013.25,-8.517004013061523,33.452186584472656,1065.43994140625,994.4549560546875,70.98500061035156,59.683738708496094,6408.419921875,5693.18017578125,5699.17431640625,35.72515869140625,9.970521926879883,9.956459999084473,43.75754928588867,10.554084777832031,0.03516268730163574,0,0.0015417500399053097,0,715.23974609375,-5.994140625
269,13,0,1,Day,,39.51520538330078,50.48479461669922,323.7637634277344,806.7999877929688,291.4675598144531,668,0.3612637221813202,16.42998695373535,3.1800999641418457,=NA(),=NA(),1.2954193353652954,1.4163999557495117,0.34380000829696655,0.08399999886751175,=NA(),20,1013.25,-25.991178512573242,30.87837028503418,926.97998046875,872.9849853515625,53.994998931884766,54.396873474121094,5600.10986328125,5067.669921875,5073.880859375,36.435813903808594,8.70345687866211,8.67824935913086,44.16792297363281,9.206843376159668,0.03087381273508072,0,0.001167687471024692,0,532.43994140625,-6.2109375
269,14,0,1,Day,,48.23218536376953,41.76781463623047,306.0509033203125,695.489990234375,312.281494140625,575.2899780273438,0.44900932908058167,16.600000381469727,2.8399999141693115,=NA(),=NA(),1.4995862245559692,1.4163999557495117,0.34380000829696655,0.08399999886751175,=NA(),20,1013.25,-42.153743743896484,26.036001205444336,899.1849975585938,849.364990234375,49.81999969482422,53.336265563964844,5465.43994140625,4963.91015625,4970.22705078125,36.575408935546875,8.493165016174316,8.4251708984375,44.25629806518555,8.982542037963867,0.030209187418222427,0,0.0010591874597594142,0,501.52978515625,-6.31689453125
269,15,0,1,Day,,58.91236877441406,31.08763313293457,292.91522216796875,481,300.6394958496094,349.29998779296875,0.6250301599502563,16.600000381469727,2.530100107192993,=NA(),=NA(),1.9320546388626099,1.4163999557495117,0.34380000829696655,0.08399999886751175,=NA(),20,1013.25,-56.791072845458984,19.47813606262207,713.1600341796875,661.0549926757812,52.10499954223633,45.701255798339844,4268.81982421875,3978.35009765625,3983.428955078125,37.54798126220703,6.630748271942139,6.510931015014648,44.76797103881836,7.004619121551514,0.023350687697529793,0,0.0010918750194832683,0,290.4697265625,-5.078857421875
269,16,0,1,Day,,70.57916259765625,19.420839309692383,282.4878234863281,255.89999389648438,215.13497924804688,122.5999984741211,0.8406994342803955,16.170007705688477,1.5399999618530273,=NA(),=NA(),2.9855527877807617,1.4163999557495117,0.34380000829696655,0.08399999886751175,=NA(),20,1013.25,-35.80950164794922,36.0604133605957,397.28497314453125,374.10498046875,23.18000030517578,32.333763122558594,2302.8701171875,2242.8701171875,2245.866455078125,38.95034408569336,3.6037676334381104,3.5311999320983887,45.3921012878418,3.800657272338867,0.01276487484574318,0,0.0005658125155605376,0,60,-2.996337890625
269,17,0,1,Day,,82.65151977539062,7.348479270935059,273.4219055175781,39.694000244140625,39.59248352050781,0.7936999797821045,0.9974425435066223,13.790002822875977,1.6399999856948853,=NA(),=NA(),7.402929782867432,1.4163999557495117,0.34380000829696655,0.08399999886751175,=NA(),20,1013.25,-10.78884220123291,71.88263702392578,44.62000274658203,40.91999816894531,3.6999998092651367,15.641870498657227,226.74000549316406,234.39999389648438,234.32809448242188,38.33803939819336,0.38200926780700684,0.3784189522266388,43.759822845458984,0.4100017547607422,0.0013688750332221389,0,0.00007900000491645187,0,-7.6599884033203125,0.0718994140625
269,18,0,1,Night,Sun below height limit of 1 degrees.,89.30315399169922,0.696844220161438,268.4965515136719,0,0,0,0,10.129999160766602,2.180000066757202,=NA(),0,29.210214614868164,1.4163999557495117,0.34380000829696655,0.08399999886751175,=NA(),20,1013.25,0,0,0,0,0,10.129999160766602,0,0,0,0,0,0,0,0,0,0,0,0,0,0
269,19,0,1,Night,,107.16856384277344,-17.168560028076172,255.6913299560547,0,0,0,0,7.200006008148193,2.850100040435791,=NA(),0,64.81599426269531,1.4163999557495117,0.34380000829696655,0.08399999886751175,=NA(),20,1013.25,0,0,0,0,0,7.200006008148193,0,0,0,0,0,0,0,0,0,0,0,0,0,0
269,20,0,1,Night,,118.70857238769531,-28.708576202392578,245.29116821289062,0,0,0,0,9.970087051391602,3.8101000785827637,=NA(),0,64.81599426269531,1.4163999557495117,0.34380000829696655,0.08399999886751175,=NA(),20,1013.25,0,0,0,0,0,9.969995498657227,0,0,0,0,0,0,0,0,0,0,0,0,0,0
269,21,0,1,Night,,129.20277404785156,-39.20277786254883,232.33631896972656,0,0,0,0,10.580011367797852,4.779900074005127,=NA(),0,64.81599426269531,1.4163999557495117,0.34380000829696655,0.08399999886751175,=NA(),20,1013.25,0,0,0,0,0,10.580011367797852,0,0,0,0,0,0,0,0,0,0,0,0,0,0
269,22,0,1,Night,,137.71591186523438,-47.715904235839844,215.24618530273438,0,0,0,0,9.980096817016602,5.21999979019165,=NA(),0,64.81599426269531,1.4163999557495117,0.34380000829696655,0.08399999886751175,=NA(),20,1013.25,0,0,0,0,0,9.980005264282227,0,0,0,0,0,0,0,0,0,0,0,0,0,0
269,23,0,1,Night,,142.7696075439453,-52.76961135864258,193.052978515625,0,0,0,0,8.239709854125977,5.150000095367432,=NA(),0,64.81599426269531,1.4163999557495117,0.34380000829696655,0.08399999886751175,=NA(),20,1013.25,0,0,0,0,0,8.240015029907227,0,0,0,0,0,0,0,0,0,0,0,0,0,0
270,0,0,1,Night,,142.87989807128906,-52.8798942565918,168.11459350585938,0,0,0,0,7.659997463226318,4.779900074005127,=NA(),0,64.81599426269531,1.4163999557495117,0.34380000829696655,0.08399999886751175,=NA(),20,1013.25,0,0,0,0,0,7.659997463226318,0,0,0,0,0,0,0,0,0,0,0,0,0,0
270,1,0,1,Night,,138.00624084472656,-48.00624084472656,145.72862243652344,0,0,0,0,7.890008449554443,4.450099945068359,=NA(),0,64.81599426269531,1.4163999557495117,0.34380000829696655,0.08399999886751175,=NA(),20,1013.25,0,0,0,0,0,7.890008449554443,0,0,0,0,0,0,0,0,0,0,0,0,0,0
270,2,0,1,Night,,129.60125732421875,-39.60125732421875,128.43746948242188,0,0,0,0,7.670007228851318,4.409999847412109,=NA(),0,64.81599426269531,1.4163999557495117,0.34380000829696655,0.08399999886751175,=NA(),20,1013.25,0,0,0,0,0,7.670007228851318,0,0,0,0,0,0,0,0,0,0,0,0,0,0
270,3,0,1,Night,,119.1622085571289,-29.162212371826172,115.3519515991211,0,0,0,0,6.329797267913818,4.639999866485596,=NA(),0,64.81599426269531,1.4163999557495117,0.34380000829696655,0.08399999886751175,=NA(),20,1013.25,0,0,0,0,0,6.330010890960693,0,0,0,0,0,0,0,0,0,0,0,0,0,0
270,4,0,1,Night,,107.64421081542969,-17.644208908081055,104.88617706298828,0,0,0,0,6.819787502288818,4.570000171661377,=NA(),0,64.81599426269531,1.4163999557495117,0.34380000829696655,0.08399999886751175,=NA(),20,1013.25,0,0,0,0,0,6.820001125335693,0,0,0,0,0,0,0,0,0,0,0,0,0,0
270,5,0,1,Night,Sun below height limit of 1 degrees.,89.4939956665039,0.5060020685195923,91.89912414550781,0,0,0,0,6.740014553070068,4.559999942779541,=NA(),0,31.287944793701172,1.4163999557495117,0.34380000829696655,0.08399999886751175,=NA(),20,1013.25,0,0,0,0,0,6.740014553070068,0,0,0,0,0,0,0,0,0,0,0,0,0,0
270,6,0,1,Day,,83.10490417480469,6.8950958251953125,87.166015625,131.10000610351562,117.95433044433594,109.5,0.8997278809547424,8.229791641235352,5.419899940490723,=NA(),=NA(),7.834014415740967,1.4163999557495117,0.34380000829696655,0.08399999886751175,=NA(),20,1013.25,10.087862014770508,73.02978515625,218.97000122070312,211.88999938964844,7.074999809265137,17.384363174438477,1054.1099853515625,1079.550048828125,1081.026123046875,40.1829948425293,1.6814112663269043,1.6741704940795898,46.056373596191406,1.772727370262146,0.006102562416344881,0,0.0001557500072522089,0,-25.4400634765625,-1.47607421875
270,7,0,1,Day,,71.00326538085938,18.996734619140625,78.17146301269531,347.8900146484375,253.46157836914062,290.0899963378906,0.7285681366920471,11.309991836547852,5.880099773406982,=NA(),=NA(),3.0485169887542725,1.4163999557495117,0.34380000829696655,0.08399999886751175,=NA(),20,1013.25,34.396297454833984,37.683223724365234,605.64501953125,581.5799560546875,24.059999465942383,35.828758239746094,3592.1298828125,3460.330078125,3466.323974609375,38.79399871826172,5.58456563949585,5.511416435241699,45.73039627075195,5.886837959289551,0.020020125433802605,0,0.0005905624711886048,0,131.7998046875,-5.993896484375
270,8,0,1,Day,,59.27167892456055,30.728321075439453,67.87208557128906,566.8900146484375,325.0029296875,473.3900146484375,0.5733085870742798,13.510004043579102,5.230000019073486,=NA(),=NA(),1.952262043952942,1.4163999557495117,0.34380000829696655,0.08399999886751175,=NA(),20,1013.25,57.31216812133789,18.892297744750977,868.6650390625,811.1600341796875,57.50499725341797,48.92937469482422,5243.7802734375,4835.85986328125,4842.416015625,37.15863800048828,8.14504623413086,8.017629623413086,44.742183685302734,8.60540771484375,0.02880150079727173,0,0.001197312492877245,0,407.92041015625,-6.55615234375
270,9,0,1,Day,,48.4780387878418,41.5219612121582,54.93634796142578,593.7000122070312,327.5494384765625,401.489990234375,0.5517086386680603,15.510004043579102,4.420000076293945,=NA(),=NA(),1.5068126916885376,1.4163999557495117,0.34380000829696655,0.08399999886751175,=NA(),20,1013.25,42.751773834228516,25.4750919342041,751.7349853515625,702.3099975585938,49.41999816894531,46.116233825683594,4529.02001953125,4215.66015625,4221.61474609375,37.506160736083984,7.0349555015563965,6.948221206665039,44.82585144042969,7.430541038513184,0.024886375293135643,0,0.0010343125322833657,0,313.35986328125,-5.95458984375
270,10,0,1,Day,,39.569339752197266,50.430660247802734,37.475990295410156,893.2999877929688,318.3197937011719,745.9000244140625,0.3563414216041565,15.290002822875977,3.829900026321411,=NA(),=NA(),1.2964274883270264,1.4163999557495117,0.34380000829696655,0.08399999886751175,=NA(),20,1013.25,26.692697525024414,30.367055892944336,1030.52490234375,970.885009765625,59.63500213623047,57.62499237060547,6214.52001953125,5561.330078125,5567.84130859375,35.99931716918945,9.666577339172363,9.627964973449707,43.95937728881836,10.230334281921387,0.03429362550377846,0,0.0012886249460279942,0,653.18994140625,-6.51123046875
270,11,0,1,Day,,34.16535568237305,55.83464431762695,14.004919052124023,332.69000244140625,319.62091064453125,15.795000076293945,0.9607169032096863,15.600000381469727,3.619999885559082,=NA(),=NA(),1.2080106735229492,1.4163999557495117,0.34380000829696655,0.08399999886751175,=NA(),20,1013.25,9.327699661254883,33.017154693603516,360.6300048828125,330.41998291015625,30.209999084472656,30.36126136779785,2057.14990234375,2016.6500244140625,2016.344482421875,39.19026184082031,3.2156381607055664,3.198378562927246,45.45426559448242,3.3950610160827637,0.011290499940514565,0,0.0006528749945573509,0,40.4998779296875,0.3055419921875
270,12,0,1,Day,,34.029659271240234,55.970340728759766,347.09039306640625,429.1000061035156,382.6934509277344,55.99599838256836,0.8918514251708984,16.170007705688477,3.630000114440918,=NA(),=NA(),1.2060798406600952,1.4163999557495117,0.34380000829696655,0.08399999886751175,=NA(),20,1013.25,-8.579109191894531,33.057254791259766,464.94500732421875,428.3450012207031,36.595001220703125,35.15874481201172,2699.43994140625,2604.909912109375,2606.877197265625,38.72525405883789,4.207328796386719,4.186949729919434,45.30216598510742,4.437517166137695,0.014775875024497509,0,0.0007938125054351985,0,94.530029296875,-1.96728515625
270,13,0,1,Day,,39.216888427734375,50.783111572265625,323.34765625,855.6900024414062,302.1330261230469,714.489990234375,0.35308700799942017,17.240015029907227,3.4800000190734863,=NA(),=NA(),1.289912223815918,1.4163999557495117,0.34380000829696655,0.08399999886751175,=NA(),20,1013.25,-25.973499298095703,30.48035430908203,983.4249877929688,926.3350219726562,57.084999084472656,57.61626434326172,5940.2802734375,5315.27001953125,5321.76123046875,36.00483703613281,9.237930297851562,9.21213150024414,43.87110900878906,9.781684875488281,0.032763250172138214,0,0.0012355624930933118,0,625.01025390625,-6.4912109375
270,14,0,1,Day,,47.998050689697266,42.001949310302734,305.6181640625,317.9100036621094,298.1003112792969,29.604000091552734,0.9376877546310425,17.860010147094727,3.1098999977111816,=NA(),=NA(),1.4927937984466553,1.4163999557495117,0.34380000829696655,0.08399999886751175,=NA(),20,1013.25,-42.07488250732422,25.644107818603516,338.32501220703125,292.18499755859375,46.13500213623047,31.80498695373535,1902.75,1855.8299560546875,1853.318359375,38.96560287475586,2.972543716430664,2.844818353652954,45.12287139892578,3.145106554031372,0.010140875354409218,0,0.0009304999839514494,0,46.9200439453125,2.5115966796875
270,15,0,1,Day,,58.72212219238281,31.277877807617188,292.5062561035156,278.6000061035156,257.0017395019531,41.599998474121094,0.9224756956100464,17.469995498657227,2.509999990463257,=NA(),=NA(),1.9215530157089233,1.4163999557495117,0.34380000829696655,0.08399999886751175,=NA(),20,1013.25,-56.672584533691406,19.095901489257812,334.19500732421875,285.7850036621094,48.40999984741211,31.2287540435791,1887.3499755859375,1844.4000244140625,1841.6346435546875,39.07265853881836,2.9456629753112793,2.8192262649536133,45.18558120727539,3.1210219860076904,0.009985624812543392,0,0.000998249975964427,0,42.949951171875,2.765380859375
270,16,0,1,Day,,70.41468048095703,19.585317611694336,282.103271484375,192.10000610351562,179.864501953125,36.500999450683594,0.9363065958023071,17.93999671936035,1.6200000047683716,=NA(),=NA(),2.9618639945983887,1.4163999557495117,0.34380000829696655,0.08399999886751175,=NA(),20,1013.25,-36.24287796020508,35.41504669189453,264.94500732421875,243.92999267578125,21.014999389648438,28.779993057250977,1495.010009765625,1472.9599609375,1474.147216796875,39.01298522949219,2.361611843109131,2.295437812805176,45.107421875,2.4935872554779053,0.008256250061094761,0,0.0005058749811723828,0,22.050048828125,-1.187255859375
270,17,0,1,Day,,82.4999008178711,7.500096321105957,273.0515441894531,22.0939998626709,22.05545425415039,0.2953000068664551,0.9982553720474243,15.300012588500977,1.3598999977111816,=NA(),=NA(),7.268826484680176,1.4163999557495117,0.34380000829696655,0.08399999886751175,=NA(),20,1013.25,-11.018523216247559,71.49761962890625,23.950000762939453,21.825000762939453,2.125,16.300012588500977,117.80999755859375,121.62999725341797,121.63095092773438,37.20609664916992,0.20431910455226898,0.20232689380645752,42.586212158203125,0.22264055907726288,0.000740562507417053,0,0.00004525000258581713,0,-3.8199996948242188,-0.00095367431640625
270,18,0,1,Night,Sun below height limit of 1 degrees.,89.2285385131836,0.7714577913284302,268.08343505859375,0,0,0,0,11.920007705688477,1.2400000095367432,=NA(),0,28.454057693481445,1.4163999557495117,0.34380000829696655,0.08399999886751175,=NA(),20,1013.25,0,0,0,0,0,11.920007705688477,0,0,0,0,0,0,0,0,0,0,0,0,0,0
270,19,0,1,Night,,106.99906158447266,-16.999059677124023,255.31427001953125,0,0,0,0,9.320001602172852,1.6299999952316284,=NA(),0,64.81599426269531,1.4163999557495117,0.34380000829696655,0.08399999886751175,=NA(),20,1013.25,0,0,0,0,0,9.320001602172852,0,0,0,0,0,0,0,0,0,0,0,0,0,0
270,20,0,1,Night,,118.51177215576172,-28.511770248413086,244.89700317382812,0,0,0,0,7.699914455413818,2.079900026321411,=NA(),0,64.81599426269531,1.4163999557495117,0.34380000829696655,0.08399999886751175,=NA(),20,1013.25,0,0,0,0,0,7.700006008148193,0,0,0,0,0,0,0,0,0,0,0,0,0,0
270,21,0,1,Night,,128.96128845214844,-38.96129608154297,231.92860412597656,0,0,0,0,7.719903469085693,2.4500999450683594,=NA(),0,64.81599426269531,1.4163999557495117,0.34380000829696655,0.08399999886751175,=NA(),20,1013.25,0,0,0,0,0,7.719995021820068,0,0,0,0,0,0,0,0,0,0,0,0,0,0
270,22,0,1,Night,,137.4127655029297,-47.41276931762695,214.8636932373047,0,0,0,0,7.850091457366943,2.7000999450683594,=NA(),0,64.81599426269531,1.4163999557495117,0.34380000829696655,0.08399999886751175,=NA(),20,1013.25,0,0,0,0,0,7.849999904632568,0,0,0,0,0,0,0,0,0,0,0,0,0,0
270,23,0,1,Night,,142.40284729003906,-52.40284729003906,192.79811096191406,0,0,0,0,6.529901027679443,2.9100000858306885,=NA(),0,64.81599426269531,1.4163999557495117,0.34380000829696655,0.08399999886751175,=NA(),20,1013.25,0,0,0,0,0,6.529992580413818,0,0,0,0,0,0,0,0,0,0,0,0,0,0
271,0,0,1,Night,,142.48226928710938,-52.482269287109375,168.08480834960938,0,0,0,0,4.800195217132568,3.100100040435791,=NA(),0,64.81599426269531,1.4163999557495117,0.34380000829696655,0.08399999886751175,=NA(),20,1013.25,0,0,0,0,0,4.800012111663818,0,0,0,0,0,0,0,0,0,0,0,0,0,0
271,1,0,1,Night,,137.6219940185547,-47.62199020385742,145.8830108642578,0,0,0,0,5.359887599945068,3.2100000381469727,=NA(),0,64.81599426269531,1.4163999557495117,0.34380000829696655,0.08399999886751175,=NA(),20,1013.25,0,0,0,0,0,5.360009670257568,0,0,0,0,0,0,0,0,0,0,0,0,0,0
271,2,0,1,Night,,129.2484588623047,-39.248451232910156,128.67562866210938,0,0,0,0,4.990289211273193,3.2600998878479004,=NA(),0,64.81599426269531,1.4163999557495117,0.34380000829696655,0.08399999886751175,=NA(),20,1013.25,0,0,0,0,0,4.990014553070068,0,0,0,0,0,0,0,0,0,0,0,0,0,0
271,3,0,1,Night,,118.8379898071289,-28.83798599243164,115.61548614501953,0,0,0,0,4.949792385101318,3.369999885559082,=NA(),0,64.81599426269531,1.4163999557495117,0.34380000829696655,0.08399999886751175,=NA(),20,1013.25,0,0,0,0,0,4.950006008148193,0,0,0,0,0,0,0,0,0,0,0,0,0,0
271,4,0,1,Night,,107.34026336669922,-17.34026527404785,105.1544418334961,0,0,0,0,4.909905910491943,3.6698999404907227,=NA(),0,64.81599426269531,1.4163999557495117,0.34380000829696655,0.08399999886751175,=NA(),20,1013.25,0,0,0,0,0,4.909997463226318,0,0,0,0,0,0,0,0,0,0,0,0,0,0
271,5,0,1,Night,Sun below height limit of 1 degrees.,89.36432647705078,0.6356748342514038,92.27167510986328,0,0,0,0,4.179986476898193,4.349999904632568,=NA(),0,29.853078842163086,1.4163999557495117,0.34380000829696655,0.08399999886751175,=NA(),20,1013.25,0,0,0,0,0,4.179986476898193,0,0,0,0,0,0,0,0,0,0,0,0,0,0
271,6,0,1,Day,,82.81536102294922,7.184642314910889,87.43761444091797,150.89999389648438,135.14027404785156,126.01000213623047,0.8955618143081665,6.180200099945068,5.360000133514404,=NA(),=NA(),7.553318500518799,1.4163999557495117,0.34380000829696655,0.08399999886751175,=NA(),20,1013.25,10.528376579284668,72.29788970947266,261.45501708984375,253.9499969482422,7.505000114440918,17.0781192779541,1277.280029296875,1308.949951171875,1310.609130859375,40.46293640136719,2.024397373199463,2.01543927192688,46.41815185546875,2.132481336593628,0.007365125231444836,0,0.00016562499513383955,0,-31.669921875,-1.6591796875
271,7,0,1,Day,,70.70378875732422,19.296213150024414,78.44818115234375,333.1000061035156,244.77020263671875,267.29998779296875,0.7348249554634094,11.860010147094727,5.669899940490723,=NA(),=NA(),3.003770351409912,1.4163999557495117,0.34380000829696655,0.08399999886751175,=NA(),20,1013.25,35.23554992675781,36.54328155517578,573.22998046875,549.1199951171875,24.110000610351562,35.07811737060547,3389.179931640625,3272.679931640625,3278.3818359375,38.86487579345703,5.272140979766846,5.198709011077881,45.72297286987305,5.557411193847656,0.01886950060725212,0,0.0005951250204816461,0,116.5,-5.701904296875
271,8,0,1,Day,,58.95486068725586,31.04513931274414,68.15216827392578,474.69000244140625,301.1060791015625,336.5899963378906,0.6343215107917786,16.3900089263916,6.260000228881836,=NA(),=NA(),1.9344185590744019,1.4163999557495117,0.34380000829696655,0.08399999886751175,=NA(),20,1013.25,57.03608322143555,18.592639923095703,704.39501953125,652.094970703125,52.30500030517578,45.107505798339844,4223.83984375,3944.340087890625,3949.065185546875,37.62784957885742,6.559591293334961,6.438102722167969,44.824867248535156,6.926469802856445,0.023097563534975052,0,0.0010896249441429973,0,279.499755859375,-4.72509765625
271,9,0,1,Day,,48.133304595947266,41.866695404052734,55.20219039916992,768.7100219726562,340.2994384765625,641.9099731445312,0.4426889717578888,18.67998695373535,6.110000133514404,=NA(),=NA(),1.4967070817947388,1.4163999557495117,0.34380000829696655,0.08399999886751175,=NA(),20,1013.25,42.49843978881836,25.149829864501953,997.4100341796875,942.114990234375,55.29499816894531,59.607505798339844,6050.669921875,5375.75,5383.60888671875,35.73072814941406,9.417049407958984,9.340445518493652,43.65260696411133,9.98285961151123,0.03346174955368042,0,0.0011737500317394733,0,674.919921875,-7.85888671875
271,10,0,1,Day,,39.19038772583008,50.80961227416992,37.66667938232422,844.2999877929688,297.72662353515625,705.2100219726562,0.3526313304901123,19.719995498657227,5.320099830627441,=NA(),=NA(),1.2894270420074463,1.4163999557495117,0.34380000829696655,0.08399999886751175,=NA(),20,1013.25,26.482635498046875,30.01311492919922,973.4000244140625,917.2750244140625,56.125,59.77812957763672,5876.35986328125,5217.1201171875,5222.728515625,35.72411346435547,9.1372652053833,9.099623680114746,43.57215881347656,9.677088737487793,0.032416313886642456,0,0.0012142499908804893,0,659.23974609375,-5.6083984375
271,11,0,1,Day,,33.76759719848633,56.23240280151367,13.994548797607422,1014.7999877929688,310.35723876953125,847.4000244140625,0.3058309555053711,20.550012588500977,4.479899883270264,=NA(),=NA(),1.2023872137069702,1.4163999557495117,0.34380000829696655,0.08399999886751175,=NA(),20,1013.25,9.184821128845215,32.637901306152344,1098.06005859375,1025.155029296875,72.90499877929688,66.00875091552734,6603.93994140625,5733.3701171875,5739.822265625,34.87979507446289,10.285005569458008,10.272608757019043,43.009620666503906,10.915334701538086,0.036255624145269394,0,0.0015829375479370356,0,870.56982421875,-6.4521484375
271,12,0,1,Day,,33.663272857666016,56.336727142333984,346.8121337890625,575.6099853515625,406.40142822265625,203.3000030517578,0.7060360908508301,20.980005264282227,3.7599000930786133,=NA(),=NA(),1.2009304761886597,1.4163999557495117,0.34380000829696655,0.08399999886751175,=NA(),20,1013.25,-8.639570236206055,32.662696838378906,623.0800170898438,577.10498046875,45.974998474121094,46.52562713623047,3680.419921875,3418.47998046875,3422.56201171875,37.37223815917969,5.723770618438721,5.708961486816406,44.38233184814453,6.048868179321289,0.020112374797463417,0,0.00099762505851686,0,261.93994140625,-4.08203125
271,13,0,1,Day,,38.91990280151367,51.08009719848633,322.9277038574219,808.5999755859375,289.81292724609375,666.7999877929688,0.3584132194519043,21.850000381469727,3.340100049972534,=NA(),=NA(),1.2845103740692139,1.4163999557495117,0.34380000829696655,0.08399999886751175,=NA(),20,1013.25,-25.955074310302734,30.08285903930664,929.1900024414062,875.2349853515625,53.95500183105469,60.08061981201172,5614.31005859375,4978.10009765625,4983.6982421875,35.682090759277344,8.729342460632324,8.702912330627441,43.44242477416992,9.249917030334473,0.030955374240875244,0,0.0011679375311359763,0,636.2099609375,-5.59814453125
271,14,0,1,Day,,47.7652587890625,42.2347412109375,305.1833190917969,456.989990234375,354.02032470703125,153.19000244140625,0.7746785283088684,22.82000160217285,3.140000104904175,=NA(),=NA(),1.486125111579895,1.4163999557495117,0.34380000829696655,0.08399999886751175,=NA(),20,1013.25,-41.9958381652832,25.252803802490234,541.2850341796875,492.885009765625,48.39500045776367,45.001243591308594,3195.06005859375,2981.949951171875,2984.473388671875,37.50278091430664,4.973858833312988,4.85940408706665,44.31739044189453,5.255834102630615,0.017372312024235725,0,0.0009960000170394778,0,213.110107421875,-2.5234375
271,15,0,1,Day,,58.53277587890625,31.46722412109375,292.0965576171875,141.89999389648438,140.59434509277344,2.501199960708618,0.990798830986023,20.8900089263916,2.8798999786376953,=NA(),=NA(),1.9112341403961182,1.4163999557495117,0.34380000829696655,0.08399999886751175,=NA(),20,1013.25,-56.55406951904297,18.71427345275879,140.6300048828125,109.1199951171875,31.510000228881836,26.82061195373535,731.5900268554688,725.2999877929688,716.948486328125,38.85020446777344,1.1529605388641357,1.0667767524719238,44.136329650878906,1.2441885471343994,0.0037581876385957003,0,0.0006462499732151628,0,6.2900390625,8.35150146484375
271,16,0,1,Day,,70.25022888183594,19.749771118164062,281.7186584472656,36.608001708984375,36.50385665893555,0.30820000171661377,0.9971551299095154,19.08001136779785,2.0601000785827637,=NA(),=NA(),2.9385719299316406,1.4163999557495117,0.34380000829696655,0.08399999886751175,=NA(),20,1013.25,-36.686004638671875,34.760074615478516,36.98999786376953,31.53999900817871,5.460000038146973,20.644983291625977,179.9600067138672,182.64999389648438,182.00299072265625,37.38357925415039,0.3042011857032776,0.288361132144928,42.64799499511719,0.33093392848968506,0.0010371250100433826,0,0.0001288124913116917,0,-2.6899871826171875,0.647003173828125
271,17,0,1,Day,,82.34851837158203,7.651480197906494,272.681640625,18.79199981689453,18.7662353515625,0.19349999725818634,0.9986289739608765,18.649988174438477,2.4100000858306885,=NA(),=NA(),7.139537334442139,1.4163999557495117,0.34380000829696655,0.08399999886751175,=NA(),20,1013.25,-11.248896598815918,71.11243438720703,20.354999542236328,18.540000915527344,1.815000057220459,19.5049991607666,98.76000213623047,100.75,100.71526336669922,36.437801361083984,0.17275160551071167,0.17096905410289764,41.817237854003906,0.18955668807029724,0.0006293124752119184,0,0.00003850000211969018,0,-1.9899978637695312,0.03473663330078125
271,18,0,1,Night,Sun below height limit of 1 degrees.,89.16959381103516,0.8304026126861572,267.6590576171875,0,0,0,0,15.020013809204102,2.890000104904175,=NA(),0,27.87764549255371,1.4163999557495117,0.34380000829696655,0.08399999886751175,=NA(),20,1013.25,0,0,0,0,0,15.020013809204102,0,0,0,0,0,0,0,0,0,0,0,0,0,0
271,19,0,1,Night,,106.82781982421875,-16.827821731567383,254.93869018554688,0,0,0,0,13.529993057250977,3.420099973678589,=NA(),0,64.81599426269531,1.4163999557495117,0.34380000829696655,0.08399999886751175,=NA(),20,1013.25,0,0,0,0,0,13.529993057250977,0,0,0,0,0,0,0,0,0,0,0,0,0,0
271,20,0,1,Night,,118.31237030029297,-28.312368392944336,244.50526428222656,0,0,0,0,13.309991836547852,3.660099983215332,=NA(),0,64.81599426269531,1.4163999557495117,0.34380000829696655,0.08399999886751175,=NA(),20,1013.25,0,0,0,0,0,13.309991836547852,0,0,0,0,0,0,0,0,0,0,0,0,0,0
271,21,0,1,Night,,128.71725463867188,-38.71725845336914,231.5248260498047,0,0,0,0,13.770013809204102,3.9899001121520996,=NA(),0,64.81599426269531,1.4163999557495117,0.34380000829696655,0.08399999886751175,=NA(),20,1013.25,0,0,0,0,0,13.770013809204102,0,0,0,0,0,0,0,0,0,0,0,0,0,0
271,22,0,1,Night,,137.107666015625,-47.107669830322266,214.48704528808594,0,0,0,0,13.219995498657227,3.970099925994873,=NA(),0,64.81599426269531,1.4163999557495117,0.34380000829696655,0.08399999886751175,=NA(),20,1013.25,0,0,0,0,0,13.219995498657227,0,0,0,0,0,0,0,0,0,0,0,0,0,0
271,23,0,1,Night,,142.03514099121094,-52.03514099121094,192.549072265625,0,0,0,0,14.020013809204102,4.069900035858154,=NA(),0,64.81599426269531,1.4163999557495117,0.34380000829696655,0.08399999886751175,=NA(),20,1013.25,0,0,0,0,0,14.020013809204102,0,0,0,0,0,0,0,0,0,0,0,0,0,0
272,0,0,1,Night,,142.0844268798828,-52.08441925048828,168.05714416503906,0,0,0,0,14.640008926391602,4.149899959564209,=NA(),0,64.81599426269531,1.4163999557495117,0.34380000829696655,0.08399999886751175,=NA(),20,1013.25,0,0,0,0,0,14.640008926391602,0,0,0,0,0,0,0,0,0,0,0,0,0,0
272,1,0,1,Night,,137.23760986328125,-47.237613677978516,146.0363006591797,0,0,0,0,13.240015029907227,4.269999980926514,=NA(),0,64.81599426269531,1.4163999557495117,0.34380000829696655,0.08399999886751175,=NA(),20,1013.25,0,0,0,0,0,13.240015029907227,0,0,0,0,0,0,0,0,0,0,0,0,0,0
272,2,0,1,Night,,128.89515686035156,-38.895164489746094,128.91224670410156,0,0,0,0,13.369989395141602,4.329999923706055,=NA(),0,64.81599426269531,1.4163999557495117,0.34380000829696655,0.08399999886751175,=NA(),20,1013.25,0,0,0,0,0,13.369989395141602,0,0,0,0,0,0,0,0,0,0,0,0,0,0
272,3,0,1,Night,,118.5130386352539,-28.513042449951172,115.87798309326172,0,0,0,0,13.610010147094727,4.460100173950195,=NA(),0,64.81599426269531,1.4163999557495117,0.34380000829696655,0.08399999886751175,=NA(),20,1013.25,0,0,0,0,0,13.610010147094727,0,0,0,0,0,0,0,0,0,0,0,0,0,0
272,4,0,1,Night,,107.03490447998047,-17.03490447998047,105.42228698730469,0,0,0,0,13.800012588500977,4.650000095367432,=NA(),0,64.81599426269531,1.4163999557495117,0.34380000829696655,0.08399999886751175,=NA(),20,1013.25,0,0,0,0,0,13.800012588500977,0,0,0,0,0,0,0,0,0,0,0,0,0,0
272,5,0,1,Night,Sun below height limit of 1 degrees.,89.2448501586914,0.7551479339599609,92.63741302490234,0,0,0,0,13.700006484985352,4.670000076293945,=NA(),0,28.616777420043945,1.4163999557495117,0.34380000829696655,0.08399999886751175,=NA(),20,1013.25,0,0,0,0,0,13.700006484985352,0,0,0,0,0,0,0,0,0,0,0,0,0,0
272,6,0,1,Day,,82.53085327148438,7.469147205352783,87.70994567871094,6.602700233459473,6.589207172393799,0.10379999876022339,0.9979564547538757,13.999994277954102,5.000100135803223,=NA(),=NA(),7.295815944671631,1.4163999557495117,0.34380000829696655,0.08399999886751175,=NA(),20,1013.25,10.96368408203125,71.5762710571289,7.159999847412109,6.525000095367432,0.6349999904632568,14.305627822875977,30.700000762939453,31.950000762939453,31.903392791748047,35.30966567993164,0.056470438838005066,0.05588368698954582,40.66743850708008,0.06647666543722153,0.0002213749976363033,0,0.000013625000065076165,0,-1.25,0.04660797119140625
272,7,0,1,Day,,70.40596008300781,19.59404182434082,78.72638702392578,12.892999649047852,12.892999649047852,0,1,14.159997940063477,4.980000019073486,=NA(),=NA(),2.9606189727783203,1.4163999557495117,0.34380000829696655,0.08399999886751175,=NA(),20,1013.25,36.0994758605957,35.380558013916016,13,11.100000381469727,1.899999976158142,14.714990615844727,57.849998474121094,60.150001525878906,59.9133415222168,36.405216217041016,0.10283481329679489,0.09728064388036728,41.649131774902344,0.11618899554014206,0.000365937507012859,0,0.00004437499956111424,0,-2.3000030517578125,0.23666000366210938
272,8,0,1,Day,,58.63912582397461,31.36087417602539,68.43470001220703,80.09200286865234,79.6787338256836,0.7940999865531921,0.9948400855064392,14.399988174438477,5.0100998878479,=NA(),=NA(),1.9170138835906982,1.4163999557495117,0.34380000829696655,0.08399999886751175,=NA(),20,1013.25,56.761573791503906,18.292190551757812,75.88999938964844,57.19999694824219,18.689998626708984,17.6199893951416,377.82000732421875,387.32000732421875,380.8060607910156,39.317665100097656,0.6050974130630493,0.5546239614486694,44.312095642089844,0.6613061428070068,0.001964750001206994,0,0.0003813125076703727,0,-9.5,6.513946533203125
272,9,0,1,Day,,47.78961181640625,42.21038818359375,55.47172546386719,84.80000305175781,84.33030700683594,0.6991000175476074,0.9944611191749573,14.580011367797852,5.21999979019165,=NA(),=NA(),1.4868186712265015,1.4163999557495117,0.34380000829696655,0.08399999886751175,=NA(),20,1013.25,42.24714660644531,24.823762893676758,84.0050048828125,69.63499450683594,14.369999885559082,18.099390029907227,433.3800048828125,443.44000244140625,439.6172180175781,39.29660415649414,0.6990373730659485,0.6561076045036316,44.47528839111328,0.7545512914657593,0.0023840623907744884,0,0.0002886250149458647,0,-10.05999755859375,3.822784423828125
272,10,0,1,Day,,38.81205368041992,51.18794631958008,37.86174011230469,114.48999786376953,113.64089965820312,1.0896999835968018,0.9925836324691772,14.779993057250977,5.539999961853027,=NA(),=NA(),1.282568335533142,1.4163999557495117,0.34380000829696655,0.08399999886751175,=NA(),20,1013.25,26.274948120117188,29.658504486083984,119.4949951171875,105.92500305175781,13.569999694824219,19.704370498657227,645.2899780273438,656.1699829101562,655.0616455078125,39.362613677978516,1.0400495529174805,1.0112541913986206,44.917091369628906,1.1059845685958862,0.003633375046774745,0,0.0002721250057220459,0,-10.8800048828125,1.10833740234375
272,11,0,1,Day,,33.369876861572266,56.630123138427734,13.985745429992676,241.19000244140625,237.35638427734375,4.590400218963623,0.9841054081916809,14.700006484985352,5.869999885559082,=NA(),=NA(),1.196873664855957,1.4163999557495117,0.34380000829696655,0.08399999886751175,=NA(),20,1013.25,9.044275283813477,32.25824737548828,261.55499267578125,239.29000854492188,22.264999389648438,25.4006290435791,1472.27001953125,1467.3399658203125,1467.095947265625,39.52424240112305,2.319934606552124,2.299785852432251,45.53706359863281,2.4492626190185547,0.008151999674737453,0,0.00048099999548867345,0,4.9300537109375,0.2440185546875
272,12,0,1,Day,,33.29722595214844,56.70277404785156,346.5304870605469,576,408.0809631347656,200.89999389648438,0.7084739208221436,16.68999671936035,5.710000038146973,=NA(),=NA(),1.1958781480789185,1.4163999557495117,0.34380000829696655,0.08399999886751175,=NA(),20,1013.25,-8.698186874389648,32.26811981201172,623.530029296875,577.510009765625,46.02000045776367,42.17436981201172,3683.840087890625,3473.5400390625,3477.104736328125,37.97080993652344,5.723321914672852,5.707300662994385,44.951324462890625,6.039787292480469,0.02013106271624565,0,0.0009983750060200691,0,210.300048828125,-3.564697265625
272,13,0,1,Day,,38.62370681762695,51.37629318237305,322.5039978027344,267.1000061035156,261.63201904296875,6.998899936676025,0.9795283079147339,17.050012588500977,4.960000038146973,=NA(),=NA(),1.279201626777649,1.4163999557495117,0.34380000829696655,0.08399999886751175,=NA(),20,1013.25,-25.935335159301758,29.685575485229492,282.2349853515625,252.33499145507812,29.895000457763672,28.636255264282227,1588.25,1565.6400146484375,1564.4698486328125,39.193267822265625,2.4947469234466553,2.437042474746704,45.23257064819336,2.6392550468444824,0.008686937391757965,0,0.0006038749706931412,0,22.6099853515625,1.170166015625
272,14,0,1,Day,,47.53288650512695,42.46711349487305,304.74664306640625,212.60000610351562,209.49740600585938,4.595300197601318,0.9854063987731934,16.20000648498535,4.199999809265137,=NA(),=NA(),1.4795514345169067,1.4163999557495117,0.34380000829696655,0.08399999886751175,=NA(),20,1013.25,-41.91561508178711,24.861793518066406,217.8000030517578,184.33499145507812,33.46500015258789,25.232507705688477,1190.1099853515625,1186.6800537109375,1180.881591796875,39.51321029663086,1.8675808906555176,1.7739777565002441,45.191829681396484,1.9863404035568237,0.006356374826282263,0,0.0006734374910593033,0,3.429931640625,5.7984619140625
272,15,0,1,Day,,58.343387603759766,31.656614303588867,291.686279296875,201.5,197.3008575439453,8.00100040435791,0.9791606068611145,16.600000381469727,2.95989990234375,=NA(),=NA(),1.9010432958602905,1.4163999557495117,0.34380000829696655,0.08399999886751175,=NA(),20,1013.25,-56.43449783325195,18.333168029785156,209.81500244140625,167.59500122070312,42.21500015258789,25.362512588500977,1125.5799560546875,1121.780029296875,1111.97119140625,39.579227447509766,1.7554795742034912,1.6416209936141968,45.07661437988281,1.8805960416793823,0.005794125143438578,0,0.0008680624887347221,0,3.7999267578125,9.808837890625
272,16,0,1,Day,,70.085205078125,19.914798736572266,281.3341979980469,50.808998107910156,50.636199951171875,0.5073000192642212,0.9965990781784058,15.760004043579102,2.5899999141693115,=NA(),=NA(),2.915583372116089,1.4163999557495117,0.34380000829696655,0.08399999886751175,=NA(),20,1013.25,-37.1414909362793,34.09245681762695,51.30500030517578,43.65999984741211,7.644999980926514,17.915002822875977,254.6800079345703,261.010009765625,259.90252685546875,38.37673568725586,0.42315971851348877,0.40095055103302,43.62114715576172,0.45762816071510315,0.001434875070117414,0,0.0001806874934118241,0,-6.3300018310546875,1.10748291015625
272,17,0,1,Day,,82.19389343261719,7.806107997894287,272.3123474121094,31.392000198364258,31.324918746948242,0.49390000104904175,0.9978631138801575,14.899988174438477,3.640000104904175,=NA(),=NA(),7.0120086669921875,1.4163999557495117,0.34380000829696655,0.08399999886751175,=NA(),20,1013.25,-11.48538875579834,70.71825408935547,34.019996643066406,30.990001678466797,3.0350000858306885,16.316247940063477,171.8199920654297,177.25,177.07211303710938,37.84315872192383,0.29244375228881836,0.28928622603416443,43.206451416015625,0.3162885308265686,0.0010516875190660357,0,0.0000644999963697046,0,-5.4300079345703125,0.177886962890625
272,18,0,1,Night,Sun below height limit of 1 degrees.,89.0921859741211,0.9078138470649719,267.2450866699219,0,0,0,0,14.420007705688477,4.340000152587891,=NA(),0,27.14779281616211,1.4163999557495117,0.34380000829696655,0.08399999886751175,=NA(),20,1013.25,0,0,0,0,0,14.420007705688477,0,0,0,0,0,0,0,0,0,0,0,0,0,0
272,19,0,1,Night,,106.65596008300781,-16.655960083007812,254.564697265625,0,0,0,0,13.779993057250977,4.610099792480469,=NA(),0,64.81599426269531,1.4163999557495117,0.34380000829696655,0.08399999886751175,=NA(),20,1013.25,0,0,0,0,0,13.779993057250977,0,0,0,0,0,0,0,0,0,0,0,0,0,0
272,20,0,1,Night,,118.11190795898438,-28.111909866333008,244.1160430908203,0,0,0,0,12.839990615844727,4.600100040435791,=NA(),0,64.81599426269531,1.4163999557495117,0.34380000829696655,0.08399999886751175,=NA(),20,1013.25,0,0,0,0,0,12.839990615844727,0,0,0,0,0,0,0,0,0,0,0,0,0,0
272,21,0,1,Night,,128.471923828125,-38.471920013427734,231.12510681152344,0,0,0,0,12.309991836547852,4.840099811553955,=NA(),0,64.81599426269531,1.4163999557495117,0.34380000829696655,0.08399999886751175,=NA(),20,1013.25,0,0,0,0,0,12.309991836547852,0,0,0,0,0,0,0,0,0,0,0,0,0,0
272,22,0,1,Night,,136.8014678955078,-46.80146408081055,214.11630249023438,0,0,0,0,12.129999160766602,4.549900054931641,=NA(),0,64.81599426269531,1.4163999557495117,0.34380000829696655,0.08399999886751175,=NA(),20,1013.25,0,0,0,0,0,12.129999160766602,0,0,0,0,0,0,0,0,0,0,0,0,0,0
272,23,0,1,Night,,141.66738891601562,-51.667396545410156,192.30596923828125,0,0,0,0,12.899988174438477,4.71999979019165,=NA(),0,64.81599426269531,1.4163999557495117,0.34380000829696655,0.08399999886751175,=NA(),20,1013.25,0,0,0,0,0,12.899988174438477,0,0,0,0,0,0,0,0,0,0,0,0,0,0
273,0,0,1,Night,,141.6875762939453,-51.68757247924805,168.0316162109375,0,0,0,0,13.200006484985352,5.240099906921387,=NA(),0,64.81599426269531,1.4163999557495117,0.34380000829696655,0.08399999886751175,=NA(),20,1013.25,0,0,0,0,0,13.200006484985352,0,0,0,0,0,0,0,0,0,0,0,0,0,0
273,1,0,1,Night,,136.85426330566406,-46.854270935058594,146.1886444091797,0,0,0,0,12.600000381469727,5.869999885559082,=NA(),0,64.81599426269531,1.4163999557495117,0.34380000829696655,0.08399999886751175,=NA(),20,1013.25,0,0,0,0,0,12.600000381469727,0,0,0,0,0,0,0,0,0,0,0,0,0,0
273,2,0,1,Night,,128.5430450439453,-38.54303741455078,129.14735412597656,0,0,0,0,12.219995498657227,6.079999923706055,=NA(),0,64.81599426269531,1.4163999557495117,0.34380000829696655,0.08399999886751175,=NA(),20,1013.25,0,0,0,0,0,12.219995498657227,0,0,0,0,0,0,0,0,0,0,0,0,0,0
273,3,0,1,Night,,118.18972778320312,-28.189729690551758,116.13947296142578,0,0,0,0,12.200006484985352,5.630000114440918,=NA(),0,64.81599426269531,1.4163999557495117,0.34380000829696655,0.08399999886751175,=NA(),20,1013.25,0,0,0,0,0,12.200006484985352,0,0,0,0,0,0,0,0,0,0,0,0,0,0
273,4,0,1,Night,,106.73223114013672,-16.732234954833984,105.6897201538086,0,0,0,0,12.200006484985352,5.099899768829346,=NA(),0,64.81599426269531,1.4163999557495117,0.34380000829696655,0.08399999886751175,=NA(),20,1013.25,0,0,0,0,0,12.200006484985352,0,0,0,0,0,0,0,0,0,0,0,0,0,0
273,5,0,1,Night,Sun below height limit of 1 degrees.,89.11629486083984,0.8837035894393921,93.01065826416016,0,0,0,0,12.200006484985352,4.850100040435791,=NA(),0,27.371946334838867,1.4163999557495117,0.34380000829696655,0.08399999886751175,=NA(),20,1013.25,0,0,0,0,0,12.200006484985352,0,0,0,0,0,0,0,0,0,0,0,0,0,0
273,6,0,1,Day,,82.24334716796875,7.756653785705566,87.98303985595703,53.79800033569336,53.47425842285156,2.398699998855591,0.9939822554588318,12.399988174438477,5.099899768829346,=NA(),=NA(),7.052314758300781,1.4163999557495117,0.34380000829696655,0.08399999886751175,=NA(),20,1013.25,11.406291007995605,70.84441375732422,63.29999923706055,58.459999084472656,4.840000152587891,15.021265029907227,325.5400085449219,337,336.6350402832031,39.01765823364258,0.5392335653305054,0.5346213579177856,44.44382095336914,0.5761582255363464,0.0019340000580996275,0,0.0001033750013448298,0,-11.459991455078125,0.364959716796875
273,7,0,1,Day,,70.10906982421875,19.890932083129883,79.00605010986328,144.60000610351562,141.74322509765625,8.396599769592285,0.9802435636520386,12.999994277954102,5.339900016784668,=NA(),=NA(),2.9188849925994873,1.4163999557495117,0.34380000829696655,0.08399999886751175,=NA(),20,1013.25,36.9930534362793,34.18968963623047,168.46499633789062,149.13999938964844,19.325000762939453,19.95000648498535,911.6699829101562,925.8400268554688,924.0420532226562,39.82454299926758,1.449997067451477,1.3954766988754272,45.46137237548828,1.5392767190933228,0.004981250036507845,0,0.00045774999307468534,0,-14.1700439453125,1.7979736328125
273,8,0,1,Day,,58.32533264160156,31.674667358398438,68.71968841552734,367.0899963378906,297.3625793457031,132.7899932861328,0.8100536465644836,15.040002822875977,5.339900016784668,=NA(),=NA(),1.9000786542892456,1.4163999557495117,0.34380000829696655,0.08399999886751175,=NA(),20,1013.25,56.489471435546875,17.99114990234375,478.20001220703125,423.79998779296875,54.39500045776367,34.612510681152344,2777.669921875,2685.31005859375,2684.916748046875,38.88797378540039,4.31520414352417,4.177963733673096,45.4249267578125,4.55712366104126,0.014883125200867653,0,0.0011282500345259905,0,92.35986328125,0.393310546875
273,9,0,1,Day,,47.4478874206543,42.5521125793457,55.745033264160156,395.9100036621094,341.4676513671875,80.50499725341797,0.8624880313873291,15.540002822875977,5.059999942779541,=NA(),=NA(),1.4771674871444702,1.4163999557495117,0.34380000829696655,0.08399999886751175,=NA(),20,1013.25,41.99878692626953,24.497282028198242,449.05499267578125,400.68499755859375,48.37000274658203,33.90123748779297,2598.85009765625,2518.22998046875,2519.2177734375,38.89832305908203,4.0477752685546875,3.929257392883301,45.39973449707031,4.273822784423828,0.014018687419593334,0,0.0009831874631345272,0,80.6201171875,-0.98779296875
273,10,0,1,Day,,38.43525695800781,51.56474304199219,38.061336517333984,417.1000061035156,370.018310546875,60.10599899291992,0.887121319770813,17.1199893951416,4.770100116729736,=NA(),=NA(),1.2758644819259644,1.4163999557495117,0.34380000829696655,0.08399999886751175,=NA(),20,1013.25,26.070356369018555,29.303850173950195,453.42999267578125,412.8699951171875,40.560001373291016,35.66625213623047,2631.719970703125,2535.070068359375,2535.8466796875,38.657596588134766,4.099874496459961,4.0294575691223145,45.19001007080078,4.32843542098999,0.014355375431478024,0,0.0008321250206790864,0,96.64990234375,-0.776611328125
273,11,0,1,Day,,32.973060607910156,57.026939392089844,13.978693008422852,351.989990234375,335.3825988769531,19.79599952697754,0.9528185725212097,17.93999671936035,4.510000228881836,=NA(),=NA(),1.1914795637130737,1.4163999557495117,0.34380000829696655,0.08399999886751175,=NA(),20,1013.25,8.906394004821777,31.879003524780273,381.6499938964844,349.905029296875,31.744998931884766,33.594383239746094,2182.7900390625,2116.68994140625,2116.2900390625,38.79742431640625,3.4092063903808594,3.3819379806518555,45.12955093383789,3.5996592044830322,0.011966374702751637,0,0.0006866250187158585,0,66.10009765625,0.39990234375
273,12,0,1,Day,,32.932125091552734,57.067874908447266,346.2454528808594,287.1000061035156,280.7225646972656,7.598400115966797,0.9777867197990417,17.490015029907227,4.25,=NA(),=NA(),1.1909291744232178,1.4163999557495117,0.34380000829696655,0.08399999886751175,=NA(),20,1013.25,-8.755047798156738,31.874143600463867,311.3900146484375,285.1499938964844,26.235000610351562,30.261865615844727,1765.179931640625,1730.699951171875,1729.80908203125,39.05387496948242,2.7683074474334717,2.748793125152588,45.19941711425781,2.9233109951019287,0.009724687784910202,0,0.0005679375026375055,0,34.47998046875,0.890869140625
273,13,0,1,Day,,38.32908248901367,51.67091751098633,322.07666015625,516.0999755859375,394.0377197265625,155.60000610351562,0.7634910941123962,18.800012588500977,3.900099992752075,=NA(),=NA(),1.2739979028701782,1.4163999557495117,0.34380000829696655,0.08399999886751175,=NA(),20,1013.25,-25.914823532104492,29.289121627807617,571.9199829101562,527.1799926757812,44.73999786376953,42.18938446044922,3373.22998046875,3179.6201171875,3182.469482421875,37.92487335205078,5.244725227355957,5.183063507080078,44.786399841308594,5.537752628326416,0.018443062901496887,0,0.0009314374765381217,0,193.60986328125,-2.849365234375
273,14,0,1,Day,,47.30225372314453,42.69774627685547,304.30810546875,782.6900024414062,339.47052001953125,653.5900268554688,0.4337228238582611,19.409997940063477,3.420099973678589,=NA(),=NA(),1.473108172416687,1.4163999557495117,0.34380000829696655,0.08399999886751175,=NA(),20,1013.25,-41.83548355102539,24.471757888793945,1010.5,955.2650146484375,55.23500061035156,61.006248474121094,6154.93017578125,5441.080078125,5443.2021484375,35.583431243896484,9.560693740844727,9.483835220336914,43.50751876831055,10.11194896697998,0.0340593121945858,0,0.0011784374946728349,0,713.85009765625,-2.1220703125
273,15,0,1,Day,,58.155311584472656,31.844688415527344,291.2755126953125,236,226.92759704589844,17.19499969482422,0.9615576267242432,19.360010147094727,2.639899969100952,=NA(),=NA(),1.891049861907959,1.4163999557495117,0.34380000829696655,0.08399999886751175,=NA(),20,1013.25,-56.31522750854492,17.952993392944336,253.75,206.364990234375,47.38500213623047,29.9424991607666,1382.8099365234375,1356.6800537109375,1347.44970703125,39.1270866394043,2.1519408226013184,2.0230350494384766,44.81216049194336,2.2987325191497803,0.007149687502533197,0,0.0009764999849721789,0,26.1298828125,9.2303466796875
273,16,0,1,Day,,69.92133331298828,20.078670501708984,280.9499206542969,289.30999755859375,230.222900390625,172.11000061035156,0.7957654595375061,19.339990615844727,1.7401000261306763,=NA(),=NA(),2.893129348754883,1.4163999557495117,0.34380000829696655,0.08399999886751175,=NA(),20,1013.25,-37.604286193847656,33.41867446899414,472.45001220703125,447.7699890136719,24.68000030517578,38.608116149902344,2760.199951171875,2632.5400390625,2636.2783203125,38.240657806396484,4.308750629425049,4.227171897888184,44.88826370239258,4.54935359954834,0.015299437567591667,0,0.000613124982919544,0,127.659912109375,-3.73828125
273,17,0,1,Day,,82.0411376953125,7.958861827850342,271.9437561035156,44.69499969482422,44.557701110839844,0.991599977016449,0.9969280958175659,17.279993057250977,2.2100000381469727,=NA(),=NA(),6.890300750732422,1.4163999557495117,0.34380000829696655,0.08399999886751175,=NA(),20,1013.25,-11.720124244689941,70.32806396484375,50.599998474121094,46.42500305175781,4.175000190734863,19.384363174438477,259.6600036621094,264.69000244140625,264.3199462890625,38.027950286865234,0.4344170093536377,0.4299391508102417,43.444095611572266,0.466537743806839,0.0015565624926239252,0,0.00008893750054994598,0,-5.029998779296875,0.37005615234375
273,18,0,1,Night,Sun below height limit of 1 degrees.,89.0225830078125,0.9774150252342224,266.824951171875,0,0,0,0,13.670007705688477,2.5799999237060547,=NA(),0,26.516815185546875,1.4163999557495117,0.34380000829696655,0.08399999886751175,=NA(),20,1013.25,0,0,0,0,0,13.670007705688477,0,0,0,0,0,0,0,0,0,0,0,0,0,0
273,19,0,1,Night,,106.48274993896484,-16.48274803161621,254.1924591064453,0,0,0,0,14.020013809204102,2.759999990463257,=NA(),0,64.81599426269531,1.4163999557495117,0.34380000829696655,0.08399999886751175,=NA(),20,1013.25,0,0,0,0,0,14.020013809204102,0,0,0,0,0,0,0,0,0,0,0,0,0,0
273,20,0,1,Night,,117.9097671508789,-27.909770965576172,243.72947692871094,0,0,0,0,12.110010147094727,2.8698999881744385,=NA(),0,64.81599426269531,1.4163999557495117,0.34380000829696655,0.08399999886751175,=NA(),20,1013.25,0,0,0,0,0,12.110010147094727,0,0,0,0,0,0,0,0,0,0,0,0,0,0
273,21,0,1,Night,,128.2247314453125,-38.224727630615234,230.7295684814453,0,0,0,0,11.689996719360352,3.0201001167297363,=NA(),0,64.81599426269531,1.4163999557495117,0.34380000829696655,0.08399999886751175,=NA(),20,1013.25,0,0,0,0,0,11.689996719360352,0,0,0,0,0,0,0,0,0,0,0,0,0,0
273,22,0,1,Night,,136.49391174316406,-46.493919372558594,213.75155639648438,0,0,0,0,10.640008926391602,3.2100000381469727,=NA(),0,64.81599426269531,1.4163999557495117,0.34380000829696655,0.08399999886751175,=NA(),20,1013.25,0,0,0,0,0,10.640008926391602,0,0,0,0,0,0,0,0,0,0,0,0,0,0
273,23,0,1,Night,,141.2993927001953,-51.29938888549805,192.06874084472656,0,0,0,0,11.270013809204102,3.059999942779541,=NA(),0,64.81599426269531,1.4163999557495117,0.34380000829696655,0.08399999886751175,=NA(),20,1013.25,0,0,0,0,0,11.270013809204102,0,0,0,0,0,0,0,0,0,0,0,0,0,0