Day of year,Hour,Minute,Period (h),Flag,Message,Solar zenith (degrees),Solar elevation (degrees),Solar azimuth (degrees),GHI (W/m2),DHI (W/m2),DNI (W/m2),Diffuse fraction,Ambient temperature (°C),Wind velocity (m/s),Wind direction,Opaque cloud fraction,Air mass,Precipitable water vapour (cm),Ozone (atm.cm),Aerosol optical density,Relative humidity (%),Far field albedo (%),Surface pressure (mb),Module tilt (degrees),Incident angle (degrees),VF power for Tmod [average] (W/m2),VF power for Tmod front [average] (W/m2),VF power for Tmod rear [average] (W/m2),Module temperature [average] (C),Power - no mismatch @25C [unit-system] (W),Power - no mismatch [unit-system] (W),Power [unit-system] (W),Vmp [average] (V),Imp [average] (A),Imp [minimum] (A),Voc [average] (V),Isc [average] (A),Jfront [average] (A/cm2),Ifront [average] (A),Jrear [average] (A/cm2),Irear [average] (A),Temperature loss (W),Cell-to-cell mismatch loss (W)
32,0,0,1,Night,,127.7419662475586,-37.74197006225586,178.0959930419922,0,0,0,0,20.1400089263916,7.7399001121521,=NA(),0,64.81599426269531,1.4163999557495117,0.34380000829696655,0.08399999886751175,=NA(),20,1013.25,0,0,0,0,0,20.1400089263916,0,0,0,0,0,0,0,0,0,0,0,0,0,0
32,1,0,1,Night,,125.45789337158203,-35.4578971862793,160.4602508544922,0,0,0,0,19.800012588500977,7.230100154876709,=NA(),0,64.81599426269531,1.4163999557495117,0.34380000829696655,0.08399999886751175,=NA(),20,1013.25,0,0,0,0,0,19.800012588500977,0,0,0,0,0,0,0,0,0,0,0,0,0,0
32,2,0,1,Night,,119.80812072753906,-29.80811882019043,144.80859375,0,0,0,0,19.17998695373535,6.340000152587891,=NA(),0,64.81599426269531,1.4163999557495117,0.34380000829696655,0.08399999886751175,=NA(),20,1013.25,0,0,0,0,0,19.17998695373535,0,0,0,0,0,0,0,0,0,0,0,0,0,0
32,3,0,1,Night,,111.64155578613281,-21.641557693481445,131.73300170898438,0,0,0,0,18.83001136779785,5.860000133514404,=NA(),0,64.81599426269531,1.4163999557495117,0.34380000829696655,0.08399999886751175,=NA(),20,1013.25,0,0,0,0,0,18.83001136779785,0,0,0,0,0,0,0,0,0,0,0,0,0,0
32,4,0,1,Night,,101.78054809570312,-11.780548095703125,120.89639282226562,0,0,0,0,18.149988174438477,6.03000020980835,=NA(),0,64.81599426269531,1.4163999557495117,0.34380000829696655,0.08399999886751175,=NA(),20,1013.25,0,0,0,0,0,18.149988174438477,0,0,0,0,0,0,0,0,0,0,0,0,0,0
32,5,0,1,Day,,87.49726867675781,2.5027341842651367,109.4465560913086,21.702999114990234,21.593585968017578,2.5055999755859375,0.9949586391448975,18.2499942779541,6.370100021362305,=NA(),=NA(),17.049158096313477,1.4163999557495117,0.34380000829696655,0.08399999886751175,=NA(),20,1013.25,3.8098111152648926,83.90570068359375,24.080001831054688,22.084999084472656,1.9950000047683716,19.2700138092041,113.16000366210938,115.5199966430664,115.47151184082031,36.71227264404297,0.19658203423023224,0.1958179622888565,42.0787353515625,0.21490976214408875,0.000713812536559999,0,0.00004400000034365803,0,-2.3599929809570312,0.04848480224609375
32,6,0,1,Day,,78.93221282958984,11.067784309387207,103.32451629638672,169.60000610351562,148.56007385253906,109.5999984741211,0.8759437799453735,19.909997940063477,6.329999923706055,=NA(),=NA(),5.082460880279541,1.4163999557495117,0.34380000829696655,0.08399999886751175,=NA(),20,1013.25,17.26327133178711,62.178070068359375,270.989990234375,259.6199951171875,11.369999885559082,30.98125648498535,1527.1900634765625,1493.4100341796875,1495.4698486328125,38.69855880737305,2.415255069732666,2.3980376720428467,44.84907531738281,2.54972243309021,0.008697625249624252,0,0.00024718750501051545,0,33.780029296875,-2.059814453125
32,7,0,1,Day,,66.87361907958984,23.126384735107422,95.27748107910156,332.9100036621094,257.6924133300781,191.50999450683594,0.7740603089332581,22.170007705688477,6.050099849700928,=NA(),=NA(),2.5336639881134033,1.4163999557495117,0.34380000829696655,0.08399999886751175,=NA(),20,1013.25,50.18687438964844,17.274232864379883,547.3199462890625,509.92999267578125,37.38999938964844,44.717491149902344,3143.25,2936.360107421875,2939.515380859375,37.521034240722656,4.896573066711426,4.798341751098633,44.32398223876953,5.176886081695557,0.01727612502872944,0,0.0008008750155568123,0,206.889892578125,-3.1552734375
32,8,0,1,Day,,54.62936019897461,35.37063980102539,86.74055480957031,597.5,319.35614013671875,480.5,0.534487247467041,24.93999671936035,5.429900169372559,=NA(),=NA(),1.724552869796753,1.4163999557495117,0.34380000829696655,0.08399999886751175,=NA(),20,1013.25,54.58556365966797,2.65735125541687,886.7750244140625,831.5899658203125,55.18000030517578,61.511253356933594,5345.52978515625,4713.97021484375,4719.0546875,35.49055862426758,8.31060791015625,8.191031455993652,43.1605224609375,8.810311317443848,0.02938862517476082,0,0.0011926250299438834,0,631.5595703125,-5.08447265625
32,9,0,1,Day,,42.505069732666016,47.494930267333984,76.49722290039062,458.69000244140625,380.55230712890625,105.98999786376953,0.829650342464447,26.7600040435791,4.829999923706055,=NA(),=NA(),1.3554089069366455,1.4163999557495117,0.34380000829696655,0.08399999886751175,=NA(),20,1013.25,41.706172943115234,9.076930046081543,528.8800048828125,473.739990234375,55.13999938964844,48.57311248779297,3081.7900390625,2839.81005859375,2842.45166015625,36.98768997192383,4.803172588348389,4.671358585357666,43.780086517333984,5.087710857391357,0.0165997501462698,0,0.0011295625008642673,0,241.97998046875,-2.6416015625
32,10,0,1,Day,,31.025426864624023,58.974571228027344,61.99404525756836,742.489990234375,361.9320983886719,444.0899963378906,0.4874572157859802,27.4999942779541,4.170000076293945,=NA(),=NA(),1.1664903163909912,1.4163999557495117,0.34380000829696655,0.08399999886751175,=NA(),20,1013.25,27.969757080078125,14.00588607788086,861.8399658203125,807.7349853515625,54.10499954223633,63.089378356933594,5201.93994140625,4560.35009765625,4563.67333984375,35.287132263183594,8.083110809326172,8.03478717803955,42.902427673339844,8.565665245056152,0.028590938076376915,0,0.001168375019915402,0,641.58984375,-3.3232421875
32,11,0,1,Day,,21.59218406677246,68.4078140258789,37.125213623046875,538.7100219726562,448.97802734375,96.50399780273438,0.8334317207336426,28.969995498657227,3.390000104904175,=NA(),=NA(),1.0752294063568115,1.4163999557495117,0.34380000829696655,0.08399999886751175,=NA(),20,1013.25,13.434535026550293,17.062299728393555,587.2850341796875,538.77001953125,48.51000213623047,53.22686004638672,3440.719970703125,3119.75,3122.571533203125,36.42885971069336,5.357319355010986,5.319998741149902,43.37848663330078,5.672821044921875,0.018719375133514404,0,0.0010369374649599195,0,320.969970703125,-2.821533203125
32,12,0,1,Day,,18.03083038330078,71.96916961669922,355.1792907714844,635.5999755859375,459.1147766113281,185.60000610351562,0.7223328948020935,29.740015029907227,2.7000999450683594,=NA(),=NA(),1.0514581203460693,1.4163999557495117,0.34380000829696655,0.08399999886751175,=NA(),20,1013.25,-1.5669792890548706,17.96486473083496,688.3049926757812,635.6600341796875,52.64500045776367,58.20561981201172,4076.300048828125,3633.22998046875,3636.346923828125,35.853660583496094,6.338870525360107,6.327770709991455,43.05476379394531,6.716005325317383,0.022185437381267548,0,0.0011654375120997429,0,443.070068359375,-3.116943359375
32,13,0,1,Day,,23.26668930053711,66.73331451416016,316.4031066894531,285.69000244140625,280.3682861328125,5.792799949645996,0.9813724160194397,29.7600040435791,3.4700000286102295,=NA(),=NA(),1.0882542133331299,1.4163999557495117,0.34380000829696655,0.08399999886751175,=NA(),20,1013.25,-16.515356063842773,16.622875213623047,308.5249938964844,278.92498779296875,29.604999542236328,42.53874969482422,1746.8800048828125,1640.6300048828125,1639.48974609375,37.32571792602539,2.7452497482299805,2.7015628814697266,43.53361511230469,2.9084200859069824,0.009570624679327011,0,0.0006184374797157943,0,106.25,1.1402587890625
32,14,0,1,Day,,33.34537887573242,56.65462112426758,294.4887390136719,58.70100021362305,58.44688034057617,0.3041999936103821,0.9956709742546082,21.7600040435791,4.409999847412109,=NA(),=NA(),1.1965376138687134,1.4163999557495117,0.34380000829696655,0.08399999886751175,=NA(),20,1013.25,-30.913963317871094,13.170655250549316,60.56999969482422,52.57499694824219,7.994999885559082,24.297510147094727,312.739990234375,312.92999267578125,311.4727478027344,37.72654724121094,0.5159446597099304,0.4971656799316406,43.04923629760742,0.5567347407341003,0.001799624995328486,0,0.00016162500833161175,0,-0.19000244140625,1.457244873046875
32,15,0,1,Day,,45.03681945800781,44.96318054199219,281.2266540527344,68.60600280761719,68.3212890625,0.40290001034736633,0.9958500266075134,20.219995498657227,4.510000228881836,=NA(),=NA(),1.4138497114181519,1.4163999557495117,0.34380000829696655,0.08399999886751175,=NA(),20,1013.25,-44.48334503173828,7.917983531951904,67.88500213623047,55.275001525878906,12.609999656677246,23.0831241607666,343.8900146484375,345.6600036621094,343.2040100097656,38.13943099975586,0.5622404217720032,0.5273257493972778,43.38057327270508,0.6081578731536865,0.0018946874188259244,0,0.0002512499922886491,0,-1.769989013671875,2.45599365234375
32,16,0,1,Day,,57.227237701416016,32.772762298583984,271.4942932128906,103.48999786376953,102.78970336914062,1.2936999797821045,0.9932332038879395,20.07000160217285,5.230000019073486,=NA(),=NA(),1.8435139656066895,1.4163999557495117,0.34380000829696655,0.08399999886751175,=NA(),20,1013.25,-57.21836853027344,1.2563865184783936,99.84500122070312,75.29499816894531,24.549999237060547,24.306238174438477,507.20001220703125,507.42999267578125,499.6261901855469,38.750450134277344,0.8055238723754883,0.7410050630569458,43.862030029296875,0.8750627040863037,0.0026101875118911266,0,0.0004938124911859632,0,-0.22998046875,7.803802490234375
32,17,0,1,Day,,69.46974182128906,20.530256271362305,263.1475524902344,14.397000312805176,14.397000312805176,0,1,20.0100040435791,6.480000019073486,=NA(),=NA(),2.8331046104431152,1.4163999557495117,0.34380000829696655,0.08399999886751175,=NA(),20,1013.25,-38.428646087646484,31.50004005432129,14.484999656677246,12.170000076293945,2.309999942779541,20.6299991607666,65.88999938964844,66.91999816894531,66.71217346191406,35.689327239990234,0.11680051684379578,0.11043484508991241,40.96749496459961,0.1310388147830963,0.0004121249949093908,0,0.000049375001253793016,0,-1.029998779296875,0.20782470703125
32,18,0,1,Night,Sun above horizon but GHI below 1,81.46632385253906,8.533676147460938,255.1103515625,0.8008999824523926,0.8004844784736633,0,0.999481201171875,19.3900089263916,7.190000057220459,=NA(),0,6.46697998046875,1.4163999557495117,0.34380000829696655,0.08399999886751175,=NA(),20,1013.25,0,0,0,0,0,19.3900089263916,0,0,0,0,0,0,0,0,0,0,0,0,0,0
32,19,0,1,Night,Sun above horizon but GHI below 1,88.65034484863281,1.3496572971343994,249.8348388671875,0,0,0,0,19.100000381469727,5.560100078582764,=NA(),0,23.507699966430664,1.4163999557495117,0.34380000829696655,0.08399999886751175,=NA(),20,1013.25,0,0,0,0,0,19.100000381469727,0,0,0,0,0,0,0,0,0,0,0,0,0,0
32,20,0,1,Night,,104.07040405273438,-14.070401191711426,237.1456298828125,0,0,0,0,18.899988174438477,3.170099973678589,=NA(),0,64.81599426269531,1.4163999557495117,0.34380000829696655,0.08399999886751175,=NA(),20,1013.25,0,0,0,0,0,18.899988174438477,0,0,0,0,0,0,0,0,0,0,0,0,0,0
32,21,0,1,Night,,113.67478942871094,-23.674785614013672,225.8956756591797,0,0,0,0,18.409997940063477,2.0299999713897705,=NA(),0,64.81599426269531,1.4163999557495117,0.34380000829696655,0.08399999886751175,=NA(),20,1013.25,0,0,0,0,0,18.409997940063477,0,0,0,0,0,0,0,0,0,0,0,0,0,0
32,22,0,1,Night,,121.4338607788086,-31.433860778808594,212.27476501464844,0,0,0,0,18.050012588500977,2.150099992752075,=NA(),0,64.81599426269531,1.4163999557495117,0.34380000829696655,0.08399999886751175,=NA(),20,1013.25,0,0,0,0,0,18.050012588500977,0,0,0,0,0,0,0,0,0,0,0,0,0,0
32,23,0,1,Night,,126.49048614501953,-36.4904899597168,196.0684051513672,0,0,0,0,17.649988174438477,2.2799999713897705,=NA(),0,64.81599426269531,1.4163999557495117,0.34380000829696655,0.08399999886751175,=NA(),20,1013.25,0,0,0,0,0,17.649988174438477,0,0,0,0,0,0,0,0,0,0,0,0,0,0
33,0,0,1,Night,,128.02769470214844,-38.027687072753906,178.1259765625,0,0,0,0,16.9999942779541,2.389899969100952,=NA(),0,64.81599426269531,1.4163999557495117,0.34380000829696655,0.08399999886751175,=NA(),20,1013.25,0,0,0,0,0,16.9999942779541,0,0,0,0,0,0,0,0,0,0,0,0,0,0
33,1,0,1,Night,,125.74015045166016,-35.74014663696289,160.3968963623047,0,0,0,0,16.2499942779541,2.490000009536743,=NA(),0,64.81599426269531,1.4163999557495117,0.34380000829696655,0.08399999886751175,=NA(),20,1013.25,0,0,0,0,0,16.2499942779541,0,0,0,0,0,0,0,0,0,0,0,0,0,0
33,2,0,1,Night,,120.07177734375,-30.07177734375,144.6774444580078,0,0,0,0,15.499994277954102,2.490000009536743,=NA(),0,64.81599426269531,1.4163999557495117,0.34380000829696655,0.08399999886751175,=NA(),20,1013.25,0,0,0,0,0,15.499994277954102,0,0,0,0,0,0,0,0,0,0,0,0,0,0
33,3,0,1,Night,,111.8809585571289,-21.88096046447754,131.562255859375,0,0,0,0,16.20000648498535,2.4100000858306885,=NA(),0,64.81599426269531,1.4163999557495117,0.34380000829696655,0.08399999886751175,=NA(),20,1013.25,0,0,0,0,0,16.20000648498535,0,0,0,0,0,0,0,0,0,0,0,0,0,0
33,4,0,1,Night,,101.9966049194336,-11.996607780456543,120.70330047607422,0,0,0,0,16.4999942779541,2.2399001121520996,=NA(),0,64.81599426269531,1.4163999557495117,0.34380000829696655,0.08399999886751175,=NA(),20,1013.25,0,0,0,0,0,16.4999942779541,0,0,0,0,0,0,0,0,0,0,0,0,0,0
33,5,0,1,Day,,87.58697509765625,2.41302490234375,109.16303253173828,12.600000381469727,12.591554641723633,0.20059999823570251,0.999329686164856,16.459985733032227,2.949899911880493,=NA(),=NA(),17.43677520751953,1.4163999557495117,0.34380000829696655,0.08399999886751175,=NA(),20,1013.25,3.6660985946655273,84.12482452392578,13.819999694824219,12.595000267028809,1.2300000190734863,17.042505264282227,64.5,66.44999694824219,66.4113998413086,36.13264846801758,0.11487434059381485,0.11443991959095001,41.47816848754883,0.1283014416694641,0.0004258124972693622,0,0.000027062500521424226,0,-1.9499969482421875,0.03859710693359375
33,6,0,1,Day,,79.11396789550781,10.886029243469238,103.09905242919922,153.99000549316406,138.2405548095703,83.39399719238281,0.8977242112159729,16.670007705688477,3.140000104904175,=NA(),=NA(),5.1619133949279785,1.4163999557495117,0.34380000829696655,0.08399999886751175,=NA(),20,1013.25,16.927371978759766,62.66748046875,238.97000122070312,228.114990234375,10.854999542236328,26.409997940063477,1339.219970703125,1330.1500244140625,1332,39.19013214111328,2.1242587566375732,2.109046220779419,45.23807907104492,2.241027593612671,0.007642874959856272,0,0.0002346874971408397,0,9.0699462890625,-1.8499755859375
33,7,0,1,Day,,67.04886627197266,22.951133728027344,95.02975463867188,448.5899963378906,302.5201721191406,374.5899963378906,0.6743801236152649,19.33001136779785,3.1500000953674316,=NA(),=NA(),2.5517280101776123,1.4163999557495117,0.34380000829696655,0.08399999886751175,=NA(),20,1013.25,48.98783493041992,18.54913330078125,802.2650146484375,762.010009765625,40.2599983215332,52.42436981201172,4658.0498046875,4241.6298828125,4247.13525390625,36.669654846191406,7.239038467407227,7.130939960479736,44.06407928466797,7.659573554992676,0.02575650066137314,0,0.0008992499788291752,0,416.419921875,-5.50537109375
33,8,0,1,Day,,54.80397033691406,35.19602966308594,86.46019744873047,276.7099914550781,262.6429748535156,24.4060001373291,0.9491633176803589,20.45000648498535,3.410099983215332,=NA(),=NA(),1.7319576740264893,1.4163999557495117,0.34380000829696655,0.08399999886751175,=NA(),20,1013.25,54.752418518066406,2.8920626640319824,302.2200012207031,249.010009765625,53.20500183105469,33.01500701904297,1670.22998046875,1621.8199462890625,1614.5635986328125,38.81251525878906,2.599506139755249,2.46358585357666,44.72967529296875,2.767955780029297,0.00865512527525425,0,0.0011009374866262078,0,48.4100341796875,7.25634765625
33,9,0,1,Day,,42.68937301635742,47.31062698364258,76.16999816894531,776.2999877929688,308.7408447265625,636.0999755859375,0.3977081775665283,21.80999183654785,3.880000114440918,=NA(),=NA(),1.3594117164611816,1.4163999557495117,0.34380000829696655,0.08399999886751175,=NA(),20,1013.25,41.85042953491211,9.327418327331543,1018.030029296875,965.114990234375,52.915000915527344,63.69499969482422,6190.91015625,5419.56982421875,5427.21533203125,35.18780517578125,9.639753341674805,9.585217475891113,43.17485046386719,10.23135757446289,0.03430137410759926,0,0.0011442500399425626,0,771.34033203125,-7.6455078125
33,10,0,1,Day,,31.23653221130371,58.763465881347656,61.614070892333984,893.2000122070312,273.1294860839844,725.2000122070312,0.305787593126297,22.1299991607666,4.2399001121521,=NA(),=NA(),1.1690834760665894,1.4163999557495117,0.34380000829696655,0.08399999886751175,=NA(),20,1013.25,28.0831241607666,14.272477149963379,1051.219970703125,992.5999755859375,58.619998931884766,65.52812957763672,6379.89990234375,5548.02001953125,5552.86865234375,34.96013641357422,9.927142143249512,9.898487091064453,43.000701904296875,10.524983406066895,0.035251688212156296,0,0.0012874375097453594,0,831.8798828125,-4.8486328125
33,11,0,1,Day,,21.853818893432617,68.14617919921875,36.79618453979492,500.80999755859375,436.75836181640625,69.01100158691406,0.8721039295196533,23.360010147094727,4.559999942779541,=NA(),=NA(),1.077183485031128,1.4163999557495117,0.34380000829696655,0.08399999886751175,=NA(),20,1013.25,13.507863998413086,17.342256546020508,545.699951171875,500.0350036621094,45.665000915527344,45.790000915527344,3186.580078125,2965.93994140625,2968.913330078125,37.386199951171875,4.963258743286133,4.92855167388916,44.20891571044922,5.246926784515381,0.01734631322324276,0,0.0009748124866746366,0,220.64013671875,-2.973388671875
33,12,0,1,Day,,18.315196990966797,71.68479919433594,355.3407897949219,938.7899780273438,259.1654052734375,715.8900146484375,0.2760632336139679,24.350000381469727,5.0100998878479,=NA(),=NA(),1.0531692504882812,1.4163999557495117,0.34380000829696655,0.08399999886751175,=NA(),20,1013.25,-1.5401806831359863,18.252538681030273,1008.989990234375,939.094970703125,69.89500427246094,66.10936737060547,6100.41015625,5292.56005859375,5296.7197265625,34.892269134521484,9.487630844116211,9.47031307220459,42.8348503112793,10.057660102844238,0.03336968645453453,0,0.0015531249810010195,0,807.85009765625,-4.15966796875
33,13,0,1,Day,,23.481666564941406,66.5183334350586,316.8900451660156,532.2999877929688,444.2527160644531,95.99700164794922,0.8345908522605896,26.360010147094727,5.410099983215332,=NA(),=NA(),1.0900169610977173,1.4163999557495117,0.34380000829696655,0.08399999886751175,=NA(),20,1013.25,-16.53568458557129,16.91124153137207,581,532.3900146484375,48.61000061035156,50.31499481201172,3402.659912109375,3117.4599609375,3120.35546875,36.818668365478516,5.296847343444824,5.256252765655518,43.73881149291992,5.6036696434021,0.01851043850183487,0,0.0010305000469088554,0,285.199951171875,-2.8955078125
33,14,0,1,Day,,33.50334548950195,56.49665451049805,294.9288635253906,839.9099731445312,292.8936767578125,656.010009765625,0.3487203121185303,26.779993057250977,5.589900016784668,=NA(),=NA(),1.19871187210083,1.4163999557495117,0.34380000829696655,0.08399999886751175,=NA(),20,1013.25,-30.976181030273438,13.45361328125,1004.6300048828125,949.22998046875,55.404998779296875,68.35811614990234,6114.66015625,5260.6298828125,5263.74853515625,34.601985931396484,9.507672309875488,9.47144603729248,42.550926208496094,10.083937644958496,0.03378906100988388,0,0.001216062461026013,0,854.0302734375,-3.11865234375
33,15,0,1,Day,,45.16904067993164,44.83095932006836,281.59039306640625,721,316.8839416503906,573.2000122070312,0.4395061731338501,27.1199893951416,5.519999980926514,=NA(),=NA(),1.4171173572540283,1.4163999557495117,0.34380000829696655,0.08399999886751175,=NA(),20,1013.25,-44.578853607177734,8.191722869873047,967.9199829101562,915.449951171875,52.474998474121094,67.11312103271484,5851.490234375,5056.68994140625,5063.15283203125,34.74351501464844,9.10813045501709,9.034534454345703,42.621055603027344,9.675220489501953,0.03236868605017662,0,0.0011186874471604824,0,794.80029296875,-6.462890625
33,16,0,1,Day,,57.35179901123047,32.64820098876953,271.8053894042969,506.3999938964844,314.3993225097656,355.8999938964844,0.6208517551422119,27.230005264282227,4.930099964141846,=NA(),=NA(),1.8497276306152344,1.4163999557495117,0.34380000829696655,0.08399999886751175,=NA(),20,1013.25,-57.33887481689453,1.5200576782226562,764.1849975585938,708.3200073242188,55.869998931884766,58.64000701904297,4630.75,4123.669921875,4128.58740234375,35.83646774291992,7.200595378875732,7.0759711265563965,43.24750518798828,7.6305389404296875,0.025339875370264053,0,0.0011596250114962459,0,507.080078125,-4.91748046875
33,17,0,1,Day,,69.59746551513672,20.402536392211914,263.4256896972656,276.5899963378906,229.80953979492188,134.19000244140625,0.8308671712875366,26.399988174438477,3.240000009536743,=NA(),=NA(),2.849811315536499,1.4163999557495117,0.34380000829696655,0.08399999886751175,=NA(),20,1013.25,-37.956626892089844,32.05247497558594,434.8450012207031,408.3499755859375,26.494998931884766,44.240623474121094,2526.760009765625,2362.3798828125,2365.853271484375,37.38348388671875,3.9554293155670166,3.880385398864746,43.982948303222656,4.1843767166137695,0.014003249816596508,0,0.000591437506955117,0,164.380126953125,-3.473388671875
33,18,0,1,Day,,81.60462188720703,8.395381927490234,255.36834716796875,57.9010009765625,57.5355110168457,2.5032999515533447,0.9936876893043518,24.7499942779541,3.240000009536743,=NA(),=NA(),6.5641188621521,1.4163999557495117,0.34380000829696655,0.08399999886751175,=NA(),20,1013.25,-12.83353042602539,69.20846557617188,68.38499450683594,62.79999923706055,5.585000038146973,27.600610733032227,354.010009765625,349.8399963378906,349.7769775390625,37.222084045410156,0.587312638759613,0.5819238424301147,42.788848876953125,0.6276313662528992,0.0020867499988526106,0,0.00011881250247824937,0,4.170013427734375,0.063018798828125
33,19,0,1,Night,Sun above horizon but GHI below 1,88.72075653076172,1.2792401313781738,250.13890075683594,0,0,0,0,21.6299991607666,3.4000000953674316,=NA(),0,24.0331974029541,1.4163999557495117,0.34380000829696655,0.08399999886751175,=NA(),20,1013.25,0,0,0,0,0,21.6299991607666,0,0,0,0,0,0,0,0,0,0,0,0,0,0
33,20,0,1,Night,,104.24951171875,-14.24950885772705,237.38087463378906,0,0,0,0,19.230005264282227,3.340100049972534,=NA(),0,64.81599426269531,1.4163999557495117,0.34380000829696655,0.08399999886751175,=NA(),20,1013.25,0,0,0,0,0,19.230005264282227,0,0,0,0,0,0,0,0,0,0,0,0,0,0
33,21,0,1,Night,,113.88493347167969,-23.884929656982422,226.1150665283203,0,0,0,0,16.2600040435791,3.1198999881744385,=NA(),0,64.81599426269531,1.4163999557495117,0.34380000829696655,0.08399999886751175,=NA(),20,1013.25,0,0,0,0,0,16.2600040435791,0,0,0,0,0,0,0,0,0,0,0,0,0,0
33,22,0,1,Night,,121.67791748046875,-31.67791748046875,212.4603271484375,0,0,0,0,16.33001136779785,3.2100000381469727,=NA(),0,64.81599426269531,1.4163999557495117,0.34380000829696655,0.08399999886751175,=NA(),20,1013.25,0,0,0,0,0,16.33001136779785,0,0,0,0,0,0,0,0,0,0,0,0,0,0
33,23,0,1,Night,,126.76495361328125,-36.764949798583984,196.18885803222656,0,0,0,0,16.100000381469727,3.799999952316284,=NA(),0,64.81599426269531,1.4163999557495117,0.34380000829696655,0.08399999886751175,=NA(),20,1013.25,0,0,0,0,0,16.100000381469727,0,0,0,0,0,0,0,0,0,0,0,0,0,0
34,0,0,1,Night,,128.318115234375,-38.31810760498047,178.15206909179688,0,0,0,0,16.040002822875977,3.7899999618530273,=NA(),0,64.81599426269531,1.4163999557495117,0.34380000829696655,0.08399999886751175,=NA(),20,1013.25,0,0,0,0,0,16.040002822875977,0,0,0,0,0,0,0,0,0,0,0,0,0,0
34,1,0,1,Night,,126.0260009765625,-36.0260009765625,160.32766723632812,0,0,0,0,15.480005264282227,3.390000104904175,=NA(),0,64.81599426269531,1.4163999557495117,0.34380000829696655,0.08399999886751175,=NA(),20,1013.25,0,0,0,0,0,15.480005264282227,0,0,0,0,0,0,0,0,0,0,0,0,0,0
34,2,0,1,Night,,120.33790588378906,-30.33790397644043,144.53961181640625,0,0,0,0,13.499994277954102,3.240000009536743,=NA(),0,64.81599426269531,1.4163999557495117,0.34380000829696655,0.08399999886751175,=NA(),20,1013.25,0,0,0,0,0,13.499994277954102,0,0,0,0,0,0,0,0,0,0,0,0,0,0
34,3,0,1,Night,,112.1221694946289,-22.12217140197754,131.3849639892578,0,0,0,0,12.300012588500977,3.1600000858306885,=NA(),0,64.81599426269531,1.4163999557495117,0.34380000829696655,0.08399999886751175,=NA(),20,1013.25,0,0,0,0,0,12.300012588500977,0,0,0,0,0,0,0,0,0,0,0,0,0,0
34,4,0,1,Night,,102.21421813964844,-12.214221954345703,120.50403594970703,0,0,0,0,12.279993057250977,3.2100000381469727,=NA(),0,64.81599426269531,1.4163999557495117,0.34380000829696655,0.08399999886751175,=NA(),20,1013.25,0,0,0,0,0,12.279993057250977,0,0,0,0,0,0,0,0,0,0,0,0,0,0
34,5,0,1,Day,,87.67359161376953,2.3264048099517822,108.87354278564453,17.503000259399414,17.466487884521484,0.8995000123977661,0.9979139566421509,11.640008926391602,4.229899883270264,=NA(),=NA(),17.825908660888672,1.4163999557495117,0.34380000829696655,0.08399999886751175,=NA(),20,1013.25,3.5276575088500977,84.33628845214844,19.255001068115234,17.600000381469727,1.649999976158142,12.450006484985352,90.76000213623047,95.12999725341797,95.09971618652344,37.40897750854492,0.15888527035713196,0.1582474410533905,42.73218536376953,0.17474372684955597,0.0005818125209771097,0,0.00003650000144261867,0,-4.3699951171875,0.03028106689453125
34,6,0,1,Day,,79.2963638305664,10.703633308410645,102.86795806884766,194.99000549316406,165.06907653808594,161.10000610351562,0.8465514779090881,14.830011367797852,4.770100116729736,=NA(),=NA(),5.244165897369385,1.4163999557495117,0.34380000829696655,0.08399999886751175,=NA(),20,1013.25,16.593063354492188,63.15674591064453,324.66998291015625,312.7349853515625,11.930000305175781,28.035608291625977,1838.219970703125,1816.010009765625,1818.87158203125,39.313961029052734,2.891582489013672,2.875352621078491,45.568153381347656,3.048082113265991,0.010445374995470047,0,0.00026050000451505184,0,22.2099609375,-2.861572265625
34,7,0,1,Day,,67.22467803955078,22.77532386779785,94.7763442993164,422.29998779296875,285.9181213378906,352.29998779296875,0.6770498156547546,18.2700138092041,4.199999809265137,=NA(),=NA(),2.570132255554199,1.4163999557495117,0.34380000829696655,0.08399999886751175,=NA(),20,1013.25,47.88160705566406,19.749801635742188,749.0999755859375,711.1400146484375,37.96500015258789,49.08812713623047,4351.3798828125,4008.14013671875,4013.77099609375,37.09294891357422,6.763197422027588,6.660774230957031,44.36565399169922,7.151901721954346,0.024057500064373016,0,0.0008544999873265624,0,343.23974609375,-5.630859375
34,8,0,1,Day,,54.97953796386719,35.02046203613281,86.17394256591797,640.3099975585938,333.399169921875,534.8099975585938,0.520684003829956,20.969995498657227,3.1600000858306885,=NA(),=NA(),1.7394838333129883,1.4163999557495117,0.34380000829696655,0.08399999886751175,=NA(),20,1013.25,54.91943359375,3.132571220397949,961.280029296875,903.22998046875,58.05500030517578,60.51750946044922,5809.1201171875,5143.27001953125,5150.02978515625,35.617740631103516,9.037205696105957,8.911932945251465,43.454376220703125,9.581400871276855,0.03198850154876709,0,0.0012551875552162528,0,665.85009765625,-6.759765625
34,9,0,1,Day,,42.87508773803711,47.12491226196289,75.83651733398438,864.989990234375,335.6678771972656,722.2899780273438,0.3880598545074463,22.70000648498535,2.119999885559082,=NA(),=NA(),1.3634834289550781,1.4163999557495117,0.34380000829696655,0.08399999886751175,=NA(),20,1013.25,41.994300842285156,9.583647727966309,1136.4300537109375,1077.4949951171875,58.93000030517578,69.6631088256836,6902.1201171875,5912.0498046875,5920.7724609375,34.374053955078125,10.765365600585938,10.703703880310059,42.63325881958008,11.452263832092285,0.03830018639564514,0,0.001273375004529953,0,990.0703125,-8.72265625
34,10,0,1,Day,,31.449899673461914,58.55010223388672,61.22771453857422,1025.0999755859375,294.84918212890625,856,0.2876296937465668,23.409997940063477,1.559999942779541,=NA(),=NA(),1.1717321872711182,1.4163999557495117,0.34380000829696655,0.08399999886751175,=NA(),20,1013.25,28.19533348083496,14.544695854187012,1207.35009765625,1140.135009765625,67.22000122070312,73.53438568115234,7311.66015625,6172.8798828125,6179.9130859375,33.85640335083008,11.40831184387207,11.382254600524902,42.25905990600586,12.13667106628418,0.040489938110113144,0,0.0014766249805688858,0,1138.7802734375,-7.033203125
34,11,0,1,Day,,22.118886947631836,67.88111114501953,36.46088409423828,1051.5,238.10752868652344,878.010009765625,0.22644558548927307,24.2700138092041,1.5298999547958374,=NA(),=NA(),1.0791934728622437,1.4163999557495117,0.34380000829696655,0.08399999886751175,=NA(),20,1013.25,13.57901668548584,17.627586364746094,1156.050048828125,1079.72998046875,76.31999969482422,72.31624603271484,6981.990234375,5921.02001953125,5926.78125,34.039512634277344,10.882168769836426,10.867470741271973,42.31776809692383,11.56224250793457,0.038375187665224075,0,0.0016639374662190676,0,1060.97021484375,-5.76123046875
34,12,0,1,Day,,18.604909896850586,71.39508819580078,355.4889221191406,1145.699951171875,238.99606323242188,956.7000122070312,0.2086026668548584,25.540002822875977,1.649999976158142,=NA(),=NA(),1.0549448728561401,1.4163999557495117,0.34380000829696655,0.08399999886751175,=NA(),20,1013.25,-1.5166552066802979,18.545169830322266,1231.5048828125,1146.050048828125,85.44999694824219,76.90624237060547,7421.64990234375,6185.31005859375,6191.96044921875,33.41173553466797,11.582679748535156,11.56662654876709,41.86023712158203,12.331781387329102,0.040713123977184296,0,0.0018981874454766512,0,1236.33984375,-6.650390625
34,13,0,1,Day,,23.7039737701416,66.29602813720703,317.369384765625,744.4000244140625,393.97747802734375,382.7099914550781,0.5292550325393677,25.719995498657227,1.7200000286102295,=NA(),=NA(),1.0918619632720947,1.4163999557495117,0.34380000829696655,0.08399999886751175,=NA(),20,1013.25,-16.560184478759766,17.203950881958008,821.3099975585938,762.635009765625,58.67499923706055,59.61437225341797,4914.97998046875,4362.77978515625,4367.1083984375,35.72999954223633,7.639085292816162,7.610050201416016,43.238792419433594,8.091341018676758,0.026851125061511993,0,0.0012685625115409493,0,552.2001953125,-4.32861328125
34,14,0,1,Day,,33.66814422607422,56.33185577392578,295.3686218261719,634.7000122070312,405.4117126464844,275.5,0.6387454271316528,25.850000381469727,1.6098999977111816,=NA(),=NA(),1.200998306274414,1.4163999557495117,0.34380000829696655,0.08399999886751175,=NA(),20,1013.25,-31.04292869567871,13.740179061889648,735.3399658203125,683.1699829101562,52.17500305175781,56.10375213623047,4410.39013671875,3962.75,3966.45166015625,36.16993713378906,6.853888511657715,6.785041809082031,43.48137664794922,7.2566351890563965,0.024135999381542206,0,0.0011103750439360738,0,447.64013671875,-3.70166015625
34,15,0,1,Day,,45.30726623535156,44.69273376464844,281.95587158203125,393.79998779296875,349.9151916503906,62.39799880981445,0.8885607123374939,26.360010147094727,1.4200999736785889,=NA(),=NA(),1.4205574989318848,1.4163999557495117,0.34380000829696655,0.08399999886751175,=NA(),20,1013.25,-44.67898941040039,8.468542098999023,451.69500732421875,398.58502197265625,53.10499954223633,45.026878356933594,2594.60986328125,2419.27001953125,2420.34033203125,37.34712219238281,4.050484657287598,3.91831636428833,43.92679977416992,4.288736820220947,0.013902375474572182,0,0.0010759375290945172,0,175.33984375,-1.0703125
34,16,0,1,Day,,57.481727600097656,32.518272399902344,272.11865234375,503.5,313.8995361328125,352.70001220703125,0.6234350204467773,27.420007705688477,1.2200000286102295,=NA(),=NA(),1.8562623262405396,1.4163999557495117,0.34380000829696655,0.08399999886751175,=NA(),20,1013.25,-57.463958740234375,1.7863647937774658,760.699951171875,704.7999877929688,55.90999984741211,58.70751190185547,4615.58984375,4109.08984375,4113.15771484375,35.83433151245117,7.17410945892334,7.049282073974609,43.23247146606445,7.602056503295898,0.025255562737584114,0,0.0011576249962672591,0,506.5,-4.06787109375
34,17,0,1,Day,,69.72998809814453,20.27001190185547,263.70599365234375,294.989990234375,235.9592742919922,170.38999938964844,0.799889087677002,27.040002822875977,0.7699999809265137,=NA(),=NA(),2.8673698902130127,1.4163999557495117,0.34380000829696655,0.08399999886751175,=NA(),20,1013.25,-37.480228424072266,32.6173210144043,483,457.125,25.880001068115234,46.849998474121094,2825.830078125,2618.9599609375,2623.252197265625,37.11853790283203,4.417076587677002,4.344346046447754,43.845558166503906,4.674818992614746,0.015701312571763992,0,0.0005815625190734863,0,206.8701171875,-4.292236328125
34,18,0,1,Day,,81.74656677246094,8.253430366516113,255.62847900390625,67.1989974975586,66.39479064941406,5.602200031280518,0.9880324602127075,25.1400089263916,0.5,=NA(),=NA(),6.666835308074951,1.4163999557495117,0.34380000829696655,0.08399999886751175,=NA(),20,1013.25,-12.586441040039062,69.57328796386719,82.36000061035156,76.125,6.235000133514404,28.573755264282227,426.6300048828125,420.1499938964844,420.3230895996094,37.33689498901367,0.703597366809845,0.6978188753128052,42.970909118652344,0.7496604323387146,0.002499812515452504,0,0.0001331249950453639,0,6.480010986328125,-0.173095703125
34,19,0,1,Night,Sun above horizon but GHI below 1,88.79024505615234,1.209755539894104,250.447509765625,0,0,0,0,22.100000381469727,1.090000033378601,=NA(),0,24.570770263671875,1.4163999557495117,0.34380000829696655,0.08399999886751175,=NA(),20,1013.25,0,0,0,0,0,22.100000381469727,0,0,0,0,0,0,0,0,0,0,0,0,0,0
34,20,0,1,Night,,104.43396759033203,-14.433968544006348,237.61793518066406,0,0,0,0,19.600000381469727,1.7899999618530273,=NA(),0,64.81599426269531,1.4163999557495117,0.34380000829696655,0.08399999886751175,=NA(),20,1013.25,0,0,0,0,0,19.600000381469727,0,0,0,0,0,0,0,0,0,0,0,0,0,0
34,21,0,1,Night,,114.09979248046875,-24.099794387817383,226.3357696533203,0,0,0,0,19.6199893951416,2.3399999141693115,=NA(),0,64.81599426269531,1.4163999557495117,0.34380000829696655,0.08399999886751175,=NA(),20,1013.25,0,0,0,0,0,19.6199893951416,0,0,0,0,0,0,0,0,0,0,0,0,0,0
34,22,0,1,Night,,121.92693328857422,-31.926937103271484,212.64627075195312,0,0,0,0,20.159997940063477,2.759999990463257,=NA(),0,64.81599426269531,1.4163999557495117,0.34380000829696655,0.08399999886751175,=NA(),20,1013.25,0,0,0,0,0,20.159997940063477,0,0,0,0,0,0,0,0,0,0,0,0,0,0
34,23,0,1,Night,,127.0443344116211,-37.044334411621094,196.30787658691406,0,0,0,0,20.05999183654785,3.0799999237060547,=NA(),0,64.81599426269531,1.4163999557495117,0.34380000829696655,0.08399999886751175,=NA(),20,1013.25,0,0,0,0,0,20.05999183654785,0,0,0,0,0,0,0,0,0,0,0,0,0,0
35,0,0,1,Night,,128.61306762695312,-38.613067626953125,178.17422485351562,0,0,0,0,18.089990615844727,3.26990008354187,=NA(),0,64.81599426269531,1.4163999557495117,0.34380000829696655,0.08399999886751175,=NA(),20,1013.25,0,0,0,0,0,18.089990615844727,0,0,0,0,0,0,0,0,0,0,0,0,0,0
35,1,0,1,Night,,126.3154067993164,-36.31540298461914,160.2525177001953,0,0,0,0,16.800012588500977,3.51990008354187,=NA(),0,64.81599426269531,1.4163999557495117,0.34380000829696655,0.08399999886751175,=NA(),20,1013.25,0,0,0,0,0,16.800012588500977,0,0,0,0,0,0,0,0,0,0,0,0,0,0
35,2,0,1,Night,,120.60589599609375,-30.605894088745117,144.39512634277344,0,0,0,0,18.279993057250977,4.179999828338623,=NA(),0,64.81599426269531,1.4163999557495117,0.34380000829696655,0.08399999886751175,=NA(),20,1013.25,0,0,0,0,0,18.279993057250977,0,0,0,0,0,0,0,0,0,0,0,0,0,0
35,3,0,1,Night,,112.36370086669922,-22.36370086669922,131.20114135742188,0,0,0,0,17.149988174438477,5.039999961853027,=NA(),0,64.81599426269531,1.4163999557495117,0.34380000829696655,0.08399999886751175,=NA(),20,1013.25,0,0,0,0,0,17.149988174438477,0,0,0,0,0,0,0,0,0,0,0,0,0,0
35,4,0,1,Night,,102.4305419921875,-12.430543899536133,120.29865264892578,0,0,0,0,16.990015029907227,5.640100002288818,=NA(),0,64.81599426269531,1.4163999557495117,0.34380000829696655,0.08399999886751175,=NA(),20,1013.25,0,0,0,0,0,16.990015029907227,0,0,0,0,0,0,0,0,0,0,0,0,0,0
35,5,0,1,Day,,87.76376342773438,2.236238956451416,108.5734634399414,13.204999923706055,13.18911075592041,0.40720000863075256,0.9987967014312744,16.990015029907227,6.099999904632568,=NA(),=NA(),18.247440338134766,1.4163999557495117,0.34380000829696655,0.08399999886751175,=NA(),20,1013.25,3.384242534637451,84.5563735961914,14.5,13.204999923706055,1.284999966621399,17.600000381469727,67.94000244140625,69.83999633789062,69.80113983154297,36.12543869018555,0.12076177448034286,0.12030770629644394,41.479618072509766,0.134490966796875,0.00044618750689551234,0,0.000028500000553322025,0,-1.899993896484375,0.03885650634765625
35,6,0,1,Day,,79.4810562133789,10.518945693969727,102.63131713867188,186.11000061035156,158.61636352539062,150.60000610351562,0.852272093296051,20.110010147094727,6.739999771118164,=NA(),=NA(),5.330148696899414,1.4163999557495117,0.34380000829696655,0.08399999886751175,=NA(),20,1013.25,16.257471084594727,63.65032196044922,307.30999755859375,295.7550048828125,11.555000305175781,32.66374969482422,1735.300048828125,1687.4200439453125,1690.0616455078125,38.60213088989258,2.73634934425354,2.7212088108062744,44.84772491455078,2.888659715652466,0.009872187860310078,0,0.0002516249951440841,0,47.8800048828125,-2.6416015625
35,7,0,1,Day,,67.40156555175781,22.598434448242188,94.51739501953125,410.7900085449219,280.02288818359375,340.29998779296875,0.6816691756248474,23.100000381469727,7.059999942779541,=NA(),=NA(),2.588942050933838,1.4163999557495117,0.34380000829696655,0.08399999886751175,=NA(),20,1013.25,46.847991943359375,20.892364501953125,725.7650146484375,689.1799926757812,36.59000015258789,53.05998992919922,4211.43994140625,3824.6201171875,3828.953125,36.552677154541016,6.54713249206543,6.449111461639404,43.787567138671875,6.927908420562744,0.02329031191766262,0,0.000827437499538064,0,386.81982421875,-4.3330078125
35,8,0,1,Day,,55.15599060058594,34.84400939941406,85.8819580078125,563.4000244140625,317.7220153808594,430,0.5639368295669556,25.339990615844727,7.289999961853027,=NA(),=NA(),1.747130036354065,1.4163999557495117,0.34380000829696655,0.08399999886751175,=NA(),20,1013.25,55.08650588989258,3.378774642944336,834.5549926757812,779.824951171875,54.724998474121094,59.672508239746094,5033.5,4467.43017578125,4473.43994140625,35.71551513671875,7.828458309173584,7.706033229827881,43.27833557128906,8.302066802978516,0.027621563524007797,0,0.001174874952994287,0,566.06982421875,-6.009765625
35,9,0,1,Day,,43.06209945678711,46.93790054321289,75.49698638916016,741.8099975585938,313.4509582519531,586.2999877929688,0.4225488603115082,26.959985733032227,7.21999979019165,=NA(),=NA(),1.3676226139068604,1.4163999557495117,0.34380000829696655,0.08399999886751175,=NA(),20,1013.25,42.137657165527344,9.845491409301758,971.719970703125,919.6600341796875,52.060001373291016,67.11437225341797,5906.68017578125,5104.56982421875,5108.85205078125,34.75871658325195,9.18631649017334,9.11815357208252,42.63978576660156,9.746467590332031,0.03268618881702423,0,0.0011189375072717667,0,802.1103515625,-4.2822265625
35,10,0,1,Day,,31.66546058654785,58.334537506103516,60.83530807495117,890.7000122070312,273.8026428222656,724.7999877929688,0.3074016273021698,29.0100040435791,7.03000020980835,=NA(),=NA(),1.1744370460510254,1.4163999557495117,0.34380000829696655,0.08399999886751175,=NA(),20,1013.25,28.306297302246094,14.822400093078613,1049.614990234375,991.1600341796875,58.45500183105469,72.5374984741211,6369.81982421875,5395.2001953125,5401.9052734375,34.022762298583984,9.923327445983887,9.904706954956055,42.09827423095703,10.558571815490723,0.0351969376206398,0,0.001283562509343028,0,974.61962890625,-6.705078125
35,11,0,1,Day,,22.38730239868164,67.6126937866211,36.11979675292969,588.2100219726562,452.6591796875,146.60000610351562,0.7695536613464355,28.779993057250977,6.769899845123291,=NA(),=NA(),1.081260085105896,1.4163999557495117,0.34380000829696655,0.08399999886751175,=NA(),20,1013.25,13.64794635772705,17.918140411376953,642.6400146484375,592.1199951171875,50.52000045776367,55.29125213623047,3797.1298828125,3419.10986328125,3423.54052734375,36.19477081298828,5.911672115325928,5.884495735168457,43.297149658203125,6.26319694519043,0.0206864383071661,0,0.0010838124435395002,0,378.02001953125,-4.4306640625
35,12,0,1,Day,,18.8997802734375,71.1002197265625,355.6241149902344,548.9000244140625,455.13812255859375,99.1050033569336,0.8291822075843811,29.83001136779785,6.579999923706055,=NA(),=NA(),1.056786060333252,1.4163999557495117,0.34380000829696655,0.08399999886751175,=NA(),20,1013.25,-1.4963908195495605,18.842605590820312,596.4150390625,548.89501953125,47.525001525878906,54.50249481201172,3493.18994140625,3153.02001953125,3155.7685546875,36.2667236328125,5.438469886779785,5.4302897453308105,43.23995590209961,5.758943557739258,0.019001875072717667,0,0.0010507500264793634,0,340.169921875,-2.74853515625
35,13,0,1,Day,,23.933557510375977,66.06644439697266,317.8407897949219,513.9000244140625,438.31268310546875,82.697998046875,0.8529143333435059,30.45000648498535,6.45989990234375,=NA(),=NA(),1.0937912464141846,1.4163999557495117,0.34380000829696655,0.08399999886751175,=NA(),20,1013.25,-16.588909149169922,17.50093650817871,560.625,513.3599853515625,47.26499938964844,53.618125915527344,3278.1298828125,2967.4599609375,2971.069091796875,36.32981872558594,5.111295700073242,5.0721755027771,43.234458923339844,5.415261268615723,0.01783706247806549,0,0.001001062453724444,0,310.669921875,-3.609130859375
35,14,0,1,Day,,33.840126037597656,56.159873962402344,295.8075866699219,468.5,405.1256103515625,76.30000305175781,0.8647291660308838,30.730005264282227,6.170000076293945,=NA(),=NA(),1.203404426574707,1.4163999557495117,0.34380000829696655,0.08399999886751175,=NA(),20,1013.25,-31.114582061767578,14.030411720275879,517.7249755859375,468.45001220703125,49.279998779296875,52.131248474121094,3019.179931640625,2746.610107421875,2748.91845703125,36.48521423339844,4.7090229988098145,4.613298416137695,43.273094177246094,4.990863800048828,0.01635662466287613,0,0.0010186249855905771,0,272.56982421875,-2.308349609375
35,15,0,1,Day,,45.45210647583008,44.54789352416992,282.32275390625,279.3999938964844,271.26043701171875,11.602999687194824,0.9708677530288696,30.1199893951416,5.0100998878479,=NA(),=NA(),1.4241892099380493,1.4163999557495117,0.34380000829696655,0.08399999886751175,=NA(),20,1013.25,-44.78438186645508,8.748394012451172,293.44000244140625,247.13999938964844,46.29999923706055,42.391868591308594,1618.8099365234375,1520.5,1517.1640625,37.36709976196289,2.5372209548950195,2.4173152446746826,43.4119873046875,2.7023184299468994,0.008537187241017818,0,0.0009274375042878091,0,98.3099365234375,3.3359375
35,16,0,1,Day,,57.617733001708984,32.382266998291016,272.43389892578125,198.38999938964844,195.0203857421875,6.2916998863220215,0.9830151796340942,29.83001136779785,3.9600000381469727,=NA(),=NA(),1.8631629943847656,1.4163999557495117,0.34380000829696655,0.08399999886751175,=NA(),20,1013.25,-57.59434127807617,2.0552337169647217,207.05999755859375,163.239990234375,43.81999969482422,38.555625915527344,1113.5599365234375,1059.030029296875,1050.505859375,37.649837493896484,1.7433379888534546,1.6286962032318115,43.256813049316406,1.8710968494415283,0.005713562481105328,0,0.0008800000068731606,0,54.5299072265625,8.524169921875
35,17,0,1,Day,,69.86829376220703,20.1317081451416,263.9883728027344,30.10300064086914,30.03337287902832,0.20229999721050262,0.997687041759491,29.100000381469727,4.329999923706055,=NA(),=NA(),2.8859403133392334,1.4163999557495117,0.34380000829696655,0.08399999886751175,=NA(),20,1013.25,-36.99668502807617,33.19817352294922,30.53499984741211,25.864999771118164,4.670000076293945,30.3956241607666,148.6800079345703,145.1999969482422,144.90805053710938,35.51966857910156,0.25491952896118164,0.24242733418941498,40.89039611816406,0.2782406806945801,0.0008759374613873661,0,0.00009974999557016417,0,3.480010986328125,0.2919464111328125
35,18,0,1,Night,Sun above horizon but GHI below 1,81.89202117919922,8.10798168182373,255.8906707763672,0,0,0,0,20.45000648498535,5.160099983215332,=NA(),0,6.775382041931152,1.4163999557495117,0.34380000829696655,0.08399999886751175,=NA(),20,1013.25,0,0,0,0,0,20.45000648498535,0,0,0,0,0,0,0,0,0,0,0,0,0,0
35,19,0,1,Night,Sun above horizon but GHI below 1,88.85871887207031,1.141281247138977,250.7606201171875,0,0,0,0,20.6400089263916,6.869999885559082,=NA(),0,25.119855880737305,1.4163999557495117,0.34380000829696655,0.08399999886751175,=NA(),20,1013.25,0,0,0,0,0,20.6400089263916,0,0,0,0,0,0,0,0,0,0,0,0,0,0
35,20,0,1,Night,,104.62337493896484,-14.623373031616211,237.856689453125,0,0,0,0,21.730005264282227,7.360000133514404,=NA(),0,64.81599426269531,1.4163999557495117,0.34380000829696655,0.08399999886751175,=NA(),20,1013.25,0,0,0,0,0,21.730005264282227,0,0,0,0,0,0,0,0,0,0,0,0,0,0
35,21,0,1,Night,,114.32022857666016,-24.320226669311523,226.5578155517578,0,0,0,0,21.07000160217285,7.139999866485596,=NA(),0,64.81599426269531,1.4163999557495117,0.34380000829696655,0.08399999886751175,=NA(),20,1013.25,0,0,0,0,0,21.07000160217285,0,0,0,0,0,0,0,0,0,0,0,0,0,0
35,22,0,1,Night,,122.18175506591797,-32.18175506591797,212.8325653076172,0,0,0,0,19.290002822875977,7.720099925994873,=NA(),0,64.81599426269531,1.4163999557495117,0.34380000829696655,0.08399999886751175,=NA(),20,1013.25,0,0,0,0,0,19.290002822875977,0,0,0,0,0,0,0,0,0,0,0,0,0,0
35,23,0,1,Night,,127.32926177978516,-37.32925796508789,196.42543029785156,0,0,0,0,19.8799991607666,8.61989974975586,=NA(),0,64.81599426269531,1.4163999557495117,0.34380000829696655,0.08399999886751175,=NA(),20,1013.25,0,0,0,0,0,19.8799991607666,0,0,0,0,0,0,0,0,0,0,0,0,0,0
36,0,0,1,Night,,128.91270446777344,-38.91270446777344,178.1924591064453,0,0,0,0,19.95000648498535,8.800000190734863,=NA(),0,64.81599426269531,1.4163999557495117,0.34380000829696655,0.08399999886751175,=NA(),20,1013.25,0,0,0,0,0,19.95000648498535,0,0,0,0,0,0,0,0,0,0,0,0,0,0
36,1,0,1,Night,,126.60826110839844,-36.60826110839844,160.1714324951172,0,0,0,0,19.899988174438477,8.539899826049805,=NA(),0,64.81599426269531,1.4163999557495117,0.34380000829696655,0.08399999886751175,=NA(),20,1013.25,0,0,0,0,0,19.899988174438477,0,0,0,0,0,0,0,0,0,0,0,0,0,0
36,2,0,1,Night,,120.8765869140625,-30.8765869140625,144.24398803710938,0,0,0,0,20.100000381469727,7.849999904632568,=NA(),0,64.81599426269531,1.4163999557495117,0.34380000829696655,0.08399999886751175,=NA(),20,1013.25,0,0,0,0,0,20.100000381469727,0,0,0,0,0,0,0,0,0,0,0,0,0,0
36,3,0,1,Night,,112.60691833496094,-22.60692024230957,131.0108184814453,0,0,0,0,20.43999671936035,7.179900169372559,=NA(),0,64.81599426269531,1.4163999557495117,0.34380000829696655,0.08399999886751175,=NA(),20,1013.25,0,0,0,0,0,20.43999671936035,0,0,0,0,0,0,0,0,0,0,0,0,0,0
36,4,0,1,Night,,102.64785766601562,-12.647856712341309,120.08721160888672,0,0,0,0,20.980005264282227,7.130000114440918,=NA(),0,64.81599426269531,1.4163999557495117,0.34380000829696655,0.08399999886751175,=NA(),20,1013.25,0,0,0,0,0,20.980005264282227,0,0,0,0,0,0,0,0,0,0,0,0,0,0
36,5,0,1,Day,,87.8558578491211,2.1441400051116943,108.26995086669922,5.000899791717529,4.997225761413574,0.0982000008225441,0.9992653131484985,21.3699893951416,7.75,=NA(),=NA(),18.6961727142334,1.4163999557495117,0.34380000829696655,0.08399999886751175,=NA(),20,1013.25,3.2385306358337402,84.78107452392578,5.484999656677246,5,0.48500001430511475,21.610010147094727,22.369998931884766,22.649999618530273,22.628414154052734,33.54315185546875,0.04216286912560463,0.0420122966170311,38.996036529541016,0.05104843154549599,0.00016900000628083944,0,0.000010937499610008672,0,-0.2800006866455078,0.021585464477539062
36,6,0,1,Day,,79.664794921875,10.335208892822266,102.38921356201172,65.30400085449219,64.92652893066406,2.1040000915527344,0.9942197799682617,21.43999671936035,9.369999885559082,=NA(),=NA(),5.418509483337402,1.4163999557495117,0.34380000829696655,0.08399999886751175,=NA(),20,1013.25,15.926172256469727,64.13957214355469,75.8699951171875,69.29000091552734,6.579999923706055,24.579980850219727,401.9599914550781,401.79998779296875,401.99603271484375,37.83636474609375,0.6640332937240601,0.6566553115844727,43.43588638305664,0.7072628140449524,0.0023495624773204327,0,0.00013843749184161425,0,0.160003662109375,-0.196044921875
36,7,0,1,Day,,67.57808685302734,22.421916961669922,94.25301361083984,164.88999938964844,161.19473266601562,9.68809986114502,0.97758948802948,22.959985733032227,11.4399995803833,=NA(),=NA(),2.608011245727539,1.4163999557495117,0.34380000829696655,0.08399999886751175,=NA(),20,1013.25,45.88231658935547,21.977264404296875,190.739990234375,163.114990234375,27.635000228881836,30.893762588500977,1033.5,1010.280029296875,1008.1066284179688,38.42694854736328,1.6393933296203613,1.5674782991409302,44.17701721191406,1.745836615562439,0.005548812448978424,0,0.0005874999915249646,0,23.219970703125,2.17340087890625
36,8,0,1,Day,,55.332496643066406,34.667503356933594,85.58436584472656,221.6999969482422,216.81036376953125,8.596199989318848,0.9779447913169861,23.409997940063477,12.65999984741211,=NA(),=NA(),1.7548630237579346,1.4163999557495117,0.34380000829696655,0.08399999886751175,=NA(),20,1013.25,55.25278091430664,3.6305463314056396,232.27499389648438,186.52999877929688,45.744998931884766,33.12999725341797,1257.3399658203125,1219.75,1212.099609375,38.51971435546875,1.9661197662353516,1.8448084592819214,44.21303939819336,2.102998971939087,0.006472187582403421,0,0.0009407500037923455,0,37.5899658203125,7.650390625
36,9,0,1,Day,,43.25000762939453,46.74999237060547,75.1516342163086,346.989990234375,325.4331359863281,29.59600067138672,0.9378747344017029,26.670007705688477,12.4399995803833,=NA(),=NA(),1.3718217611312866,1.4163999557495117,0.34380000829696655,0.08399999886751175,=NA(),20,1013.25,42.28004455566406,10.112774848937988,371.9049987792969,320.04498291015625,51.86000061035156,42.11748504638672,2092.89990234375,1969.8499755859375,1967.645751953125,37.625247955322266,3.2683801651000977,3.126161813735962,43.91743087768555,3.467430591583252,0.01109937485307455,0,0.001046812511049211,0,123.0499267578125,2.2042236328125
36,10,0,1,Day,,31.882875442504883,58.117122650146484,60.437156677246094,944.4000244140625,274.52166748046875,788.9000244140625,0.29068368673324585,28.300012588500977,11.800000190734863,=NA(),=NA(),1.177194595336914,1.4163999557495117,0.34380000829696655,0.08399999886751175,=NA(),20,1013.25,28.415672302246094,15.105347633361816,1114.590087890625,1053.070068359375,61.519996643066406,74.5843734741211,6761.58984375,5683.8701171875,5691.34423828125,33.739654541015625,10.542756080627441,10.52994441986084,41.96043395996094,11.229118347167969,0.037402499467134476,0,0.0013526874827221036,0,1077.7197265625,-7.47412109375
36,11,0,1,Day,,22.65886688232422,67.34113311767578,35.77336883544922,669.0999755859375,436.3660583496094,252.1999969482422,0.6521686911582947,29.420007705688477,11.050000190734863,=NA(),=NA(),1.0833830833435059,1.4163999557495117,0.34380000829696655,0.08399999886751175,=NA(),20,1013.25,13.714529037475586,18.21368980407715,732.7249755859375,678.2900390625,54.435001373291016,59.68437957763672,4368.85009765625,3874.530029296875,3879.14453125,35.67366027832031,6.796237945556641,6.771050930023193,42.997745513916016,7.205291748046875,0.02383706159889698,0,0.0011733125429600477,0,494.320068359375,-4.614501953125
36,12,0,1,Day,,19.199552536010742,70.80044555664062,355.746826171875,1096.300048828125,231.8155517578125,915.4000244140625,0.2114526480436325,30.550012588500977,10.09000015258789,=NA(),=NA(),1.0586931705474854,1.4163999557495117,0.34380000829696655,0.08399999886751175,=NA(),20,1013.25,-1.4793866872787476,19.144615173339844,1178.39501953125,1096.6199951171875,81.7750015258789,79.8087387084961,7107.8798828125,5856.06005859375,5861.51171875,33.05442428588867,11.0830717086792,11.065306663513184,41.39662551879883,11.805866241455078,0.03895781189203262,0,0.0018166875233873725,0,1251.81982421875,-5.45166015625
36,13,0,1,Day,,24.170063018798828,65.8299331665039,318.3040466308594,532.9000244140625,442.84808349609375,98.70500183105469,0.8310152888298035,31.08001136779785,8.800000190734863,=NA(),=NA(),1.0958040952682495,1.4163999557495117,0.34380000829696655,0.08399999886751175,=NA(),20,1013.25,-16.621679306030273,17.801944732666016,581.7049560546875,533.050048828125,48.654998779296875,55.134361267089844,3407.010009765625,3067.719970703125,3071.674072265625,36.14952850341797,5.310726642608643,5.27121114730835,43.1091194152832,5.628604888916016,0.01853443682193756,0,0.0010311874793842435,0,339.2900390625,-3.9541015625
36,14,0,1,Day,,34.01877212524414,55.98122787475586,296.2454528808594,13.595999717712402,13.595999717712402,0,1,28.290002822875977,7.599999904632568,=NA(),=NA(),1.2059253454208374,1.4163999557495117,0.34380000829696655,0.08399999886751175,=NA(),20,1013.25,-31.19069480895996,14.324012756347656,14,12.139999389648438,1.869999885559082,28.889978408813477,64.5999984741211,63.41999816894531,63.34590530395508,34.295291900634766,0.1154266819357872,0.11082135885953903,39.681724548339844,0.12919208407402039,0.0004158125084359199,0,0.00003737500082934275,0,1.1800003051757812,0.07409286499023438
36,15,0,1,Day,,45.602577209472656,44.397422790527344,282.69085693359375,121.29000091552734,120.38810729980469,1.2891000509262085,0.9925641417503357,20.8900089263916,7.089900016784668,=NA(),=NA(),1.4279913902282715,1.4163999557495117,0.34380000829696655,0.08399999886751175,=NA(),20,1013.25,-44.8940544128418,9.031048774719238,121.00499725341797,98.85499572753906,22.145000457763672,25.9687442779541,632.969970703125,629.4600219726562,625.6541137695312,38.59284210205078,1.0129026174545288,0.9556165337562561,44.00926208496094,1.0871658325195312,0.0033928125631064177,0,0.00044168750173412263,0,3.50994873046875,3.805908203125
36,16,0,1,Day,,57.75873565673828,32.24126434326172,272.7509765625,171.00999450683594,169.03475952148438,3.702500104904175,0.9884495735168457,21.8799991607666,6.069900035858154,=NA(),=NA(),1.8703821897506714,1.4163999557495117,0.34380000829696655,0.08399999886751175,=NA(),20,1013.25,-57.72891616821289,2.3265514373779297,174.43499755859375,135.58999633789062,38.845001220703125,29.211877822875977,925.0800170898438,909.510009765625,900.3778686523438,38.79300308227539,1.4501018524169922,1.3500505685806274,44.21184539794922,1.5595449209213257,0.004737125243991613,0,0.0007788125076331198,0,15.57000732421875,9.13214111328125
36,17,0,1,Day,,70.0108642578125,19.9891357421875,264.272705078125,29.302000045776367,29.233802795410156,0.19949999451637268,0.9976726174354553,22.459985733032227,6.179999828338623,=NA(),=NA(),2.9053523540496826,1.4163999557495117,0.34380000829696655,0.08399999886751175,=NA(),20,1013.25,-36.511314392089844,33.788204193115234,29.770000457763672,25.274999618530273,4.494999885559082,23.720605850219727,144.85000610351562,145.27999877929688,144.5727081298828,36.60340881347656,0.2468084692955017,0.23418636620044708,41.83057403564453,0.27064409852027893,0.0008565000025555491,0,0.0000956250005401671,0,-0.42999267578125,0.7072906494140625
36,18,0,1,Day,,82.045166015625,7.954830169677734,256.15478515625,2.598099946975708,2.5846896171569824,0.09690000116825104,0.9948384165763855,22.719995498657227,6.990099906921387,=NA(),=NA(),6.893458843231201,1.4163999557495117,0.34380000829696655,0.08399999886751175,=NA(),20,1013.25,-12.073419570922852,70.3383560180664,2.8350000381469727,2.569999933242798,0.26499998569488525,22.849390029907227,9.680000305175781,9.690000534057617,9.717991828918457,31.61627960205078,0.019210640341043472,0.01898055709898472,37.34490203857422,0.026366306468844414,0.00008725000225240365,0,0.000005500000042957254,0,-0.010000228881835938,-0.027991294860839844
36,19,0,1,Night,Sun above horizon but GHI below 1,88.92945861816406,1.070543646812439,251.0804901123047,0,0,0,0,22.209985733032227,6.200099945068359,=NA(),0,25.708110809326172,1.4163999557495117,0.34380000829696655,0.08399999886751175,=NA(),20,1013.25,0,0,0,0,0,22.209985733032227,0,0,0,0,0,0,0,0,0,0,0,0,0,0
36,20,0,1,Night,,104.81859588623047,-14.818596839904785,238.09716796875,0,0,0,0,20.70000648498535,4.960000038146973,=NA(),0,64.81599426269531,1.4163999557495117,0.34380000829696655,0.08399999886751175,=NA(),20,1013.25,0,0,0,0,0,20.70000648498535,0,0,0,0,0,0,0,0,0,0,0,0,0,0
36,21,0,1,Night,,114.54608917236328,-24.54608726501465,226.7811279296875,0,0,0,0,21.0100040435791,4.570000171661377,=NA(),0,64.81599426269531,1.4163999557495117,0.34380000829696655,0.08399999886751175,=NA(),20,1013.25,0,0,0,0,0,21.0100040435791,0,0,0,0,0,0,0,0,0,0,0,0,0,0
36,22,0,1,Night,,122.4415512084961,-32.44154739379883,213.0192413330078,0,0,0,0,21.68999671936035,4.619900226593018,=NA(),0,64.81599426269531,1.4163999557495117,0.34380000829696655,0.08399999886751175,=NA(),20,1013.25,0,0,0,0,0,21.68999671936035,0,0,0,0,0,0,0,0,0,0,0,0,0,0
36,23,0,1,Night,,127.61920166015625,-37.61920166015625,196.5415496826172,0,0,0,0,21.300012588500977,4.199999809265137,=NA(),0,64.81599426269531,1.4163999557495117,0.34380000829696655,0.08399999886751175,=NA(),20,1013.25,0,0,0,0,0,21.300012588500977,0,0,0,0,0,0,0,0,0,0,0,0,0,0
37,0,0,1,Night,,129.2169189453125,-39.21691131591797,178.2067108154297,0,0,0,0,21.4999942779541,2.530100107192993,=NA(),0,64.81599426269531,1.4163999557495117,0.34380000829696655,0.08399999886751175,=NA(),20,1013.25,0,0,0,0,0,21.4999942779541,0,0,0,0,0,0,0,0,0,0,0,0,0,0
37,1,0,1,Night,,126.90473175048828,-36.90473556518555,160.08436584472656,0,0,0,0,21.360010147094727,1.3300000429153442,=NA(),0,64.81599426269531,1.4163999557495117,0.34380000829696655,0.08399999886751175,=NA(),20,1013.25,0,0,0,0,0,21.360010147094727,0,0,0,0,0,0,0,0,0,0,0,0,0,0
37,2,0,1,Night,,121.14965057373047,-31.149648666381836,144.08616638183594,0,0,0,0,21.339990615844727,1.2200000286102295,=NA(),0,64.81599426269531,1.4163999557495117,0.34380000829696655,0.08399999886751175,=NA(),20,1013.25,0,0,0,0,0,21.339990615844727,0,0,0,0,0,0,0,0,0,0,0,0,0,0
37,3,0,1,Night,,112.85224914550781,-22.852249145507812,130.8140411376953,0,0,0,0,17.7600040435791,1.9600000381469727,=NA(),0,64.81599426269531,1.4163999557495117,0.34380000829696655,0.08399999886751175,=NA(),20,1013.25,0,0,0,0,0,17.7600040435791,0,0,0,0,0,0,0,0,0,0,0,0,0,0
37,4,0,1,Night,,102.86756896972656,-12.867568969726562,119.86979675292969,0,0,0,0,17.43999671936035,3.170099973678589,=NA(),0,64.81599426269531,1.4163999557495117,0.34380000829696655,0.08399999886751175,=NA(),20,1013.25,0,0,0,0,0,17.43999671936035,0,0,0,0,0,0,0,0,0,0,0,0,0,0
37,5,0,1,Day,,87.93716430664062,2.062833547592163,107.95838928222656,3.4967000484466553,3.4967000484466553,0,1,17.9999942779541,4.5,=NA(),=NA(),19.10853385925293,1.4163999557495117,0.34380000829696655,0.08399999886751175,=NA(),20,1013.25,3.1096692085266113,84.97943115234375,3.8350000381469727,3.490000009536743,0.3400000035762787,18.170007705688477,14.399999618530273,14.720000267028809,14.722076416015625,33.24000930786133,0.027681389823555946,0.02758234553039074,38.78541946411133,0.035640668123960495,0.00011806250404333696,0,0.000007499999810534064,0,-0.32000064849853516,-0.0020761489868164062
37,6,0,1,Day,,79.84764862060547,10.152351379394531,102.14177703857422,92.80899810791016,90.5517349243164,12.805999755859375,0.9756783843040466,19.279993057250977,4.680099964141846,=NA(),=NA(),5.509374618530273,1.4163999557495117,0.34380000829696655,0.08399999886751175,=NA(),20,1013.25,15.59897518157959,64.62474060058594,117.82000732421875,109.28500366210938,8.524999618530273,24.112512588500977,644.9500122070312,645.7100219726562,645.9061889648438,38.59422302246094,1.0459872484207153,1.0369213819503784,44.30418395996094,1.1086615324020386,0.0037250625900924206,0,0.00017825000395532697,0,-0.760009765625,-0.1961669921875
37,7,0,1,Day,,67.7545394897461,22.245460510253906,93.98333740234375,338.3999938964844,255.1512908935547,219.89999389648438,0.7539932131767273,20.58001136779785,5.050000190734863,=NA(),=NA(),2.6273796558380127,1.4163999557495117,0.34380000829696655,0.08399999886751175,=NA(),20,1013.25,44.97282028198242,23.014423370361328,567.35498046875,534.39501953125,32.959999084472656,43.85124969482422,3282.320068359375,3075.949951171875,3081.122314453125,37.64796829223633,5.1151299476623535,5.025815010070801,44.518333435058594,5.406886577606201,0.01811581291258335,0,0.0007462499779649079,0,206.3701171875,-5.17236328125
37,8,0,1,Day,,55.509613037109375,34.490386962890625,85.2813491821289,630.7899780273438,332.4856872558594,526.7899780273438,0.5270941257476807,22.18999671936035,5.610000133514404,=NA(),=NA(),1.762708067893982,1.4163999557495117,0.34380000829696655,0.08399999886751175,=NA(),20,1013.25,55.41876983642578,3.8878026008605957,953.47998046875,895.1099853515625,58.380001068115234,61.40813446044922,5771.68994140625,5093.4599609375,5100.6484375,35.49671936035156,8.981070518493652,8.853374481201172,43.327110290527344,9.529275894165039,0.031774312257766724,0,0.0012536875437945127,0,678.22998046875,-7.1884765625
37,9,0,1,Day,,43.438873291015625,46.561126708984375,74.8006362915039,814.2000122070312,320.5188903808594,679.9000244140625,0.39366111159324646,23.110010147094727,6.349999904632568,=NA(),=NA(),1.3760833740234375,1.4163999557495117,0.34380000829696655,0.08399999886751175,=NA(),20,1013.25,42.421512603759766,10.385411262512207,1074.47998046875,1018.7149658203125,55.76499938964844,67.4649887084961,6531.91015625,5640.0400390625,5647.439453125,34.684078216552734,10.17659854888916,10.113561630249023,42.800804138183594,10.811139106750488,0.03621881082653999,0,0.0012015624670311809,0,891.8701171875,-7.3994140625
37,10,0,1,Day,,32.10221481323242,57.89778518676758,60.033565521240234,959.3099975585938,280.7817687988281,801,0.2926913797855377,23.800012588500977,6.949999809265137,=NA(),=NA(),1.1800068616867065,1.4163999557495117,0.34380000829696655,0.08399999886751175,=NA(),20,1013.25,28.52350616455078,15.393455505371094,1132.534912109375,1069.8800048828125,62.650001525878906,70.69188690185547,6871.7001953125,5863.10986328125,5870.72216796875,34.24633026123047,10.714141845703125,10.694683074951172,42.49253845214844,11.392823219299316,0.03801975026726723,0,0.0013763124588876963,0,1008.59033203125,-7.6123046875
37,11,0,1,Day,,22.933494567871094,67.0665054321289,35.422054290771484,1033.5,238.72267150878906,862.989990234375,0.23098468780517578,24.490015029907227,7.160099983215332,=NA(),=NA(),1.0855635404586792,1.4163999557495117,0.34380000829696655,0.08399999886751175,=NA(),20,1013.25,13.778724670410156,18.514083862304688,1136.93505859375,1061.9150390625,75.01499938964844,71.7249984741211,6863.2900390625,5833.06005859375,5839.2607421875,34.11988067626953,10.696223258972168,10.67318344116211,42.35785675048828,11.366332054138184,0.03771006315946579,0,0.0016370625235140324,0,1030.22998046875,-6.20068359375
37,12,0,1,Day,,19.504047393798828,70.4959487915039,355.8575134277344,1059.800048828125,225.68687438964844,884.8900146484375,0.21295231580734253,25.279993057250977,7.089900016784668,=NA(),=NA(),1.0606671571731567,1.4163999557495117,0.34380000829696655,0.08399999886751175,=NA(),20,1013.25,-1.465667724609375,19.45103645324707,1139.14501953125,1060.10498046875,79.03999328613281,72.6312484741211,6875.31005859375,5823.26025390625,5829.35498046875,34.001304626464844,10.715312004089355,10.699424743652344,42.24565887451172,11.38833236694336,0.03766193613409996,0,0.001755562494508922,0,1052.0498046875,-6.0947265625
37,13,0,1,Day,,24.413326263427734,65.58667755126953,318.7588195800781,860.9099731445312,302.4375305175781,613.3099975585938,0.35129982233047485,26.2600040435791,6.910099983215332,=NA(),=NA(),1.0979018211364746,1.4163999557495117,0.34380000829696655,0.08399999886751175,=NA(),20,1013.25,-16.658496856689453,18.106815338134766,954.760009765625,891.8049926757812,62.95500183105469,65.77498626708984,5757.76025390625,5000.23974609375,5005.171875,34.9317512512207,8.955270767211914,8.933622360229492,42.760555267333984,9.502143859863281,0.031572125852108,0,0.0013757500564679503,0,757.5205078125,-4.93212890625
37,14,0,1,Day,,34.20426940917969,55.79573059082031,296.6819152832031,599.5900268554688,412.8446960449219,225.8000030517578,0.6885449886322021,25.9999942779541,6.650000095367432,=NA(),=NA(),1.208566665649414,1.4163999557495117,0.34380000829696655,0.08399999886751175,=NA(),20,1013.25,-31.27149200439453,14.620993614196777,685.3150024414062,631.6900024414062,53.625,54.18248748779297,4079.219970703125,3689.159912109375,3694.2568359375,36.3790283203125,6.346889495849609,6.263961315155029,43.57990264892578,6.722580909729004,0.02223793789744377,0,0.0011294374708086252,0,390.06005859375,-5.096923828125
37,15,0,1,Day,,45.76005935668945,44.23994064331055,283.0599060058594,426.69000244140625,361.81207275390625,92.99299621582031,0.8479506969451904,24.790002822875977,6.299900054931641,=NA(),=NA(),1.4320030212402344,1.4163999557495117,0.34380000829696655,0.08399999886751175,=NA(),20,1013.25,-45.0093994140625,9.316619873046875,498.0199890136719,442.55499267578125,55.459999084472656,45.33312225341797,2878.889892578125,2682.60009765625,2684.13818359375,37.39105224609375,4.486700057983398,4.350408554077148,44.07914733886719,4.748717308044434,0.01545687485486269,0,0.0011264999629929662,0,196.289794921875,-1.5380859375
37,16,0,1,Day,,57.90644836425781,32.09355163574219,273.0697021484375,158,156.4066162109375,2.999000072479248,0.9899153113365173,24.5100040435791,5.46999979019165,=NA(),=NA(),1.8780169486999512,1.4163999557495117,0.34380000829696655,0.08399999886751175,=NA(),20,1013.25,-57.86940383911133,2.600247621536255,159.52499389648438,123.125,36.39500045776367,31.235620498657227,839.969970703125,819.77001953125,811.3958129882812,38.36713409423828,1.3212335109710693,1.229366660118103,43.76527786254883,1.4235951900482178,0.004299187567085028,0,0.0007287500193342566,0,20.199951171875,8.37420654296875
37,17,0,1,Day,,70.16017150878906,19.83983039855957,264.5588684082031,280.9100036621094,229.3869171142578,151.80999755859375,0.8165850639343262,24.3900089263916,3.7499001026153564,=NA(),=NA(),2.9259791374206543,1.4163999557495117,0.34380000829696655,0.08399999886751175,=NA(),20,1013.25,-36.016700744628906,34.39706039428711,449.06500244140625,423.93499755859375,25.130001068115234,42.77373504638672,2625.72998046875,2468,2470.936767578125,37.6308479309082,4.10395622253418,4.030553817749023,44.24736022949219,4.338288307189941,0.014596187509596348,0,0.0005569374770857394,0,157.72998046875,-2.936767578125
37,18,0,1,Day,,82.2028579711914,7.797142028808594,256.4207458496094,46.707000732421875,46.54311752319336,1.2079999446868896,0.9964912533760071,23.279993057250977,2.9300999641418457,=NA(),=NA(),7.019284248352051,1.4163999557495117,0.34380000829696655,0.08399999886751175,=NA(),20,1013.25,-11.80599594116211,70.74113464355469,53.67499923706055,49.09000015258789,4.579999923706055,25.518762588500977,274.1100158691406,273.010009765625,273.19415283203125,37.105953216552734,0.46015772223472595,0.455941379070282,42.65135192871094,0.492545485496521,0.0016334375832229853,0,0.00009812499774852768,0,1.100006103515625,-0.18414306640625
37,19,0,1,Night,Sun below height limit of 1 degrees.,89.00040435791016,0.9995921850204468,251.4022979736328,0,0,0,0,20.779993057250977,2.7000999450683594,=NA(),0,26.32060432434082,1.4163999557495117,0.34380000829696655,0.08399999886751175,=NA(),20,1013.25,0,0,0,0,0,20.779993057250977,0,0,0,0,0,0,0,0,0,0,0,0,0,0
37,20,0,1,Night,,105.01918029785156,-15.019182205200195,238.3392333984375,0,0,0,0,18.399988174438477,2.6298999786376953,=NA(),0,64.81599426269531,1.4163999557495117,0.34380000829696655,0.08399999886751175,=NA(),20,1013.25,0,0,0,0,0,18.399988174438477,0,0,0,0,0,0,0,0,0,0,0,0,0,0
37,21,0,1,Night,,114.7774887084961,-24.77748680114746,227.00567626953125,0,0,0,0,17.42998695373535,2.6201000213623047,=NA(),0,64.81599426269531,1.4163999557495117,0.34380000829696655,0.08399999886751175,=NA(),20,1013.25,0,0,0,0,0,17.42998695373535,0,0,0,0,0,0,0,0,0,0,0,0,0,0
37,22,0,1,Night,,122.70719146728516,-32.70718765258789,213.20623779296875,0,0,0,0,16.33001136779785,2.610100030899048,=NA(),0,64.81599426269531,1.4163999557495117,0.34380000829696655,0.08399999886751175,=NA(),20,1013.25,0,0,0,0,0,16.33001136779785,0,0,0,0,0,0,0,0,0,0,0,0,0,0
37,23,0,1,Night,,127.91468811035156,-37.9146842956543,196.65615844726562,0,0,0,0,15.300012588500977,2.5999999046325684,=NA(),0,64.81599426269531,1.4163999557495117,0.34380000829696655,0.08399999886751175,=NA(),20,1013.25,0,0,0,0,0,15.300012588500977,0,0,0,0,0,0,0,0,0,0,0,0,0,0
38,0,0,1,Night,,129.52610778808594,-39.52610778808594,178.21693420410156,0,0,0,0,14.809991836547852,2.6700000762939453,=NA(),0,64.81599426269531,1.4163999557495117,0.34380000829696655,0.08399999886751175,=NA(),20,1013.25,0,0,0,0,0,14.809991836547852,0,0,0,0,0,0,0,0,0,0,0,0,0,0
38,1,0,1,Night,,127.20523834228516,-37.205238342285156,159.9912567138672,0,0,0,0,13.999994277954102,2.8299999237060547,=NA(),0,64.81599426269531,1.4163999557495117,0.34380000829696655,0.08399999886751175,=NA(),20,1013.25,0,0,0,0,0,13.999994277954102,0,0,0,0,0,0,0,0,0,0,0,0,0,0
38,2,0,1,Night,,121.42567443847656,-31.42567253112793,143.92166137695312,0,0,0,0,13.950006484985352,3.090100049972534,=NA(),0,64.81599426269531,1.4163999557495117,0.34380000829696655,0.08399999886751175,=NA(),20,1013.25,0,0,0,0,0,13.950006484985352,0,0,0,0,0,0,0,0,0,0,0,0,0,0
38,3,0,1,Night,,113.0990219116211,-23.09902572631836,130.61083984375,0,0,0,0,13.379999160766602,3.4298999309539795,=NA(),0,64.81599426269531,1.4163999557495117,0.34380000829696655,0.08399999886751175,=NA(),20,1013.25,0,0,0,0,0,13.379999160766602,0,0,0,0,0,0,0,0,0,0,0,0,0,0
38,4,0,1,Night,,103.08808898925781,-13.088088035583496,119.64645385742188,0,0,0,0,12.999994277954102,3.619999885559082,=NA(),0,64.81599426269531,1.4163999557495117,0.34380000829696655,0.08399999886751175,=NA(),20,1013.25,0,0,0,0,0,12.999994277954102,0,0,0,0,0,0,0,0,0,0,0,0,0,0
38,5,0,1,Day,,88.02806854248047,1.9719294309616089,107.65066528320312,13.107999801635742,13.107648849487305,0.010200000368058681,0.9999732375144958,12.860010147094727,4.559999942779541,=NA(),=NA(),19.588436126708984,1.4163999557495117,0.34380000829696655,0.08399999886751175,=NA(),20,1013.25,2.9669978618621826,85.20111083984375,14.360000610351562,13.09000015258789,1.2699999809265137,13.469385147094727,67.08000183105469,70.0999984741211,69.86665344238281,36.85017013549805,0.11849790811538696,0.11804654449224472,42.084442138671875,0.13280874490737915,0.00044150001485832036,0,0.000027562500690692104,0,-3.0199966430664062,0.23334503173828125
38,6,0,1,Day,,80.03050231933594,9.969499588012695,101.88908386230469,176.5,151.67404174804688,143.39999389648438,0.8593429923057556,16.969995498657227,4.800000190734863,=NA(),=NA(),5.603301525115967,1.4163999557495117,0.34380000829696655,0.08399999886751175,=NA(),20,1013.25,15.27432632446289,65.10823822021484,290.44000244140625,279.5050048828125,10.934999465942383,28.806238174438477,1650.0999755859375,1625.780029296875,1627.1600341796875,39.114349365234375,2.600006103515625,2.5851244926452637,45.276405334472656,2.7426915168762207,0.009405437856912613,0,0.00023568750475533307,0,24.3199462890625,-1.3800048828125
38,7,0,1,Day,,67.93142700195312,22.068572998046875,93.70846557617188,486.70001220703125,334.009033203125,406.3999938964844,0.686272919178009,19.920007705688477,5.210000038146973,=NA(),=NA(),2.647108554840088,1.4163999557495117,0.34380000829696655,0.08399999886751175,=NA(),20,1013.25,44.10955047607422,24.01276206970215,885.9349975585938,848.25,37.68499755859375,56.44499969482422,5183.5498046875,4655.169921875,4662.72021484375,36.142433166503906,8.063288688659668,7.961236000061035,43.7528076171875,8.546048164367676,0.028769437223672867,0,0.0008849374717101455,0,528.3798828125,-7.55029296875
38,8,0,1,Day,,55.68719482421875,34.31280517578125,84.97303009033203,366.6099853515625,310.46270751953125,99.60299682617188,0.846847414970398,20.300012588500977,5.139999866485596,=NA(),=NA(),1.7706612348556519,1.4163999557495117,0.34380000829696655,0.08399999886751175,=NA(),20,1013.25,55.58430862426758,4.1504411697387695,464.53997802734375,408,56.53499984741211,39.37749481201172,2694.989990234375,2563.18994140625,2563.77197265625,38.1805534362793,4.196868896484375,4.054947853088379,44.74284362792969,4.438751220703125,0.01437037531286478,0,0.0011739999754354358,0,131.800048828125,-0.58203125
38,9,0,1,Day,,43.629005432128906,46.370994567871094,74.4442138671875,685.7000122070312,329.572021484375,492.010009765625,0.4806358814239502,22.58001136779785,4.909999847412109,=NA(),=NA(),1.380415439605713,1.4163999557495117,0.34380000829696655,0.08399999886751175,=NA(),20,1013.25,42.562347412109375,10.663351058959961,892.6950073242188,841.2099609375,51.47999954223633,59.230613708496094,5411.77978515625,4812.60009765625,4819.33984375,35.7840461730957,8.417452812194824,8.348665237426758,43.47919845581055,8.923561096191406,0.029862936586141586,0,0.0010979374637827277,0,599.1796875,-6.73974609375
38,10,0,1,Day,,32.32374954223633,57.67625045776367,59.624839782714844,901.0900268554688,272.6419982910156,743.6900024414062,0.30256909132003784,23.67998695373535,4.770100116729736,=NA(),=NA(),1.1828786134719849,1.4163999557495117,0.34380000829696655,0.08399999886751175,=NA(),20,1013.25,28.630027770996094,15.686738014221191,1064.31494140625,1005.405029296875,58.90999984741211,67.64437103271484,6463.14013671875,5576.66015625,5583.90185546875,34.66319274902344,10.068135261535645,10.04742431640625,42.75599670410156,10.69489574432373,0.035727813839912415,0,0.0012938125291839242,0,886.47998046875,-7.24169921875
38,11,0,1,Day,,23.211383819580078,66.78861236572266,35.06626510620117,940.2999877929688,251.46673583984375,749.5,0.26743245124816895,24.540002822875977,4.800000190734863,=NA(),=NA(),1.0878041982650757,1.4163999557495117,0.34380000829696655,0.08399999886751175,=NA(),20,1013.25,13.840662956237793,18.81940460205078,1034.3599853515625,965.6950073242188,68.66999816894531,67.50936126708984,6246.75,5391.89990234375,5388.970703125,34.75638198852539,9.690616607666016,9.661198616027832,42.70358657836914,10.25479793548584,0.034271374344825745,0,0.0014973749639466405,0,854.85009765625,2.92919921875
38,12,0,1,Day,,19.81334114074707,70.18666076660156,355.9566345214844,1041.699951171875,223.01416015625,870.2000122070312,0.21408675611019135,25.43999671936035,4.809999942779541,=NA(),=NA(),1.0627105236053467,1.4163999557495117,0.34380000829696655,0.08399999886751175,=NA(),20,1013.25,-1.4552481174468994,19.7619686126709,1119.68994140625,1041.9949951171875,77.69499969482422,72.12749481201172,6760.43017578125,5736.5,5733.57763671875,34.12998962402344,10.49952507019043,10.46588134765625,42.274658203125,11.123196601867676,0.03702418878674507,0,0.0017244374612346292,0,1023.93017578125,2.92236328125
38,13,0,1,Day,,24.6634578704834,65.33654022216797,319.20489501953125,995.4099731445312,240.85450744628906,830.2999877929688,0.2419651299715042,26.339990615844727,4.779900074005127,=NA(),=NA(),1.1000878810882568,1.4163999557495117,0.34380000829696655,0.08399999886751175,=NA(),20,1013.25,-16.699527740478516,18.415632247924805,1106.074951171875,1035.385009765625,70.69000244140625,72.3187484741211,6681,5664.7099609375,5670.03759765625,34.0533447265625,10.406536102294922,10.387243270874023,42.22563934326172,11.061378479003906,0.036735061556100845,0,0.0015512499958276749,0,1016.2900390625,-5.32763671875
38,14,0,1,Day,,34.39665603637695,55.60334396362305,297.1165466308594,878.7100219726562,281.2132263183594,724.1099853515625,0.320029616355896,26.839990615844727,4.730000019073486,=NA(),=NA(),1.2113317251205444,1.4163999557495117,0.34380000829696655,0.08399999886751175,=NA(),20,1013.25,-31.357088088989258,14.921239852905273,1056.449951171875,999.699951171875,56.75499725341797,70.5531234741211,6431.509765625,5488.9501953125,5496.03759765625,34.28090286254883,10.020224571228027,9.994302749633789,42.3731803894043,10.65410041809082,0.03558793663978577,0,0.001250187517143786,0,942.5595703125,-7.08740234375
38,15,0,1,Day,,45.92369079589844,44.07630920410156,283.4296569824219,709.010009765625,317.7887268066406,562.4099731445312,0.44821473956108093,27.2499942779541,4.570000171661377,=NA(),=NA(),1.4362066984176636,1.4163999557495117,0.34380000829696655,0.08399999886751175,=NA(),20,1013.25,-45.129581451416016,9.604874610900879,955.9550170898438,903.4749755859375,52.47999954223633,66.82500457763672,5773.75,4994.5400390625,4997.9599609375,34.80292510986328,8.975521087646484,8.892921447753906,42.63090515136719,9.516674041748047,0.0319238118827343,0,0.0011159999994561076,0,779.2099609375,-3.419921875
38,16,0,1,Day,,58.05992126464844,31.940078735351562,273.389892578125,495.29998779296875,311.62005615234375,347.20001220703125,0.6291542053222656,27.219995498657227,4.179999828338623,=NA(),=NA(),1.8860288858413696,1.4163999557495117,0.34380000829696655,0.08399999886751175,=NA(),20,1013.25,-58.01485824584961,2.8762099742889404,753.9500122070312,697.7900390625,56.165000915527344,58.175010681152344,4571.18017578125,4077.219970703125,4082.96923828125,35.88694381713867,7.111015796661377,6.986739635467529,43.282440185546875,7.541822910308838,0.025004437193274498,0,0.0011559374397620559,0,493.960205078125,-5.749267578125
38,17,0,1,Day,,70.3149185180664,19.685081481933594,264.84674072265625,261.3900146484375,221.0387420654297,119.79000091552734,0.8456280827522278,26.589990615844727,2.759999990463257,=NA(),=NA(),2.947687864303589,1.4163999557495117,0.34380000829696655,0.08399999886751175,=NA(),20,1013.25,-35.517372131347656,35.01891326904297,407.18499755859375,382.8900146484375,24.295000076293945,43.279991149902344,2372.159912109375,2224.800048828125,2227.602783203125,37.462284088134766,3.7164461612701416,3.6466798782348633,43.99412155151367,3.930947780609131,0.013187499716877937,0,0.0005341874784789979,0,147.35986328125,-2.802734375
38,18,0,1,Day,,82.36607360839844,7.633926868438721,256.68841552734375,46.707000732421875,46.53328323364258,1.3077000379562378,0.9962806701660156,25.0100040435791,2.75,=NA(),=NA(),7.154305458068848,1.4163999557495117,0.34380000829696655,0.08399999886751175,=NA(),20,1013.25,-11.531512260437012,71.15715789794922,53.8650016784668,49.30500030517578,4.555000305175781,27.261255264282227,274.42999267578125,271.510009765625,271.6509704589844,36.85186004638672,0.4607134163379669,0.4563416540622711,42.403160095214844,0.4935748875141144,0.0016358124557882547,0,0.00009756250074133277,0,2.91998291015625,-0.140960693359375
38,19,0,1,Night,Sun below height limit of 1 degrees.,89.0840835571289,0.9159153699874878,251.72122192382812,0,0,0,0,21.649988174438477,2.850100040435791,=NA(),0,27.07314682006836,1.4163999557495117,0.34380000829696655,0.08399999886751175,=NA(),20,1013.25,0,0,0,0,0,21.649988174438477,0,0,0,0,0,0,0,0,0,0,0,0,0,0
38,20,0,1,Night,,105.2238540649414,-15.223856925964355,238.58287048339844,0,0,0,0,20.860010147094727,2.8798999786376953,=NA(),0,64.81599426269531,1.4163999557495117,0.34380000829696655,0.08399999886751175,=NA(),20,1013.25,0,0,0,0,0,20.860010147094727,0,0,0,0,0,0,0,0,0,0,0,0,0,0
38,21,0,1,Night,,115.01324462890625,-25.013246536254883,227.23141479492188,0,0,0,0,19.68999671936035,2.809999942779541,=NA(),0,64.81599426269531,1.4163999557495117,0.34380000829696655,0.08399999886751175,=NA(),20,1013.25,0,0,0,0,0,19.68999671936035,0,0,0,0,0,0,0,0,0,0,0,0,0,0
38,22,0,1,Night,,122.97728729248047,-32.97728729248047,213.3935546875,0,0,0,0,17.93999671936035,2.469899892807007,=NA(),0,64.81599426269531,1.4163999557495117,0.34380000829696655,0.08399999886751175,=NA(),20,1013.25,0,0,0,0,0,17.93999671936035,0,0,0,0,0,0,0,0,0,0,0,0,0,0
38,23,0,1,Night,,128.21458435058594,-38.214576721191406,196.76927185058594,0,0,0,0,16.600000381469727,1.9700000286102295,=NA(),0,64.81599426269531,1.4163999557495117,0.34380000829696655,0.08399999886751175,=NA(),20,1013.25,0,0,0,0,0,16.600000381469727,0,0,0,0,0,0,0,0,0,0,0,0,0,0
39,0,0,1,Night,,129.8390655517578,-39.83906555175781,178.22305297851562,0,0,0,0,16.1400089263916,1.8799999952316284,=NA(),0,64.81599426269531,1.4163999557495117,0.34380000829696655,0.08399999886751175,=NA(),20,1013.25,0,0,0,0,0,16.1400089263916,0,0,0,0,0,0,0,0,0,0,0,0,0,0
39,1,0,1,Night,,127.50831604003906,-37.50831604003906,159.89205932617188,0,0,0,0,15.059991836547852,2.2699999809265137,=NA(),0,64.81599426269531,1.4163999557495117,0.34380000829696655,0.08399999886751175,=NA(),20,1013.25,0,0,0,0,0,15.059991836547852,0,0,0,0,0,0,0,0,0,0,0,0,0,0
39,2,0,1,Night,,121.70304107666016,-31.70303726196289,143.75047302246094,0,0,0,0,13.950006484985352,2.9300999641418457,=NA(),0,64.81599426269531,1.4163999557495117,0.34380000829696655,0.08399999886751175,=NA(),20,1013.25,0,0,0,0,0,13.950006484985352,0,0,0,0,0,0,0,0,0,0,0,0,0,0
39,3,0,1,Night,,113.34630584716797,-23.34630584716797,130.4012451171875,0,0,0,0,13.480005264282227,3.650099992752075,=NA(),0,64.81599426269531,1.4163999557495117,0.34380000829696655,0.08399999886751175,=NA(),20,1013.25,0,0,0,0,0,13.480005264282227,0,0,0,0,0,0,0,0,0,0,0,0,0,0
39,4,0,1,Night,,103.3081283569336,-13.308130264282227,119.41725158691406,0,0,0,0,12.749994277954102,4.039999961853027,=NA(),0,64.81599426269531,1.4163999557495117,0.34380000829696655,0.08399999886751175,=NA(),20,1013.25,0,0,0,0,0,12.749994277954102,0,0,0,0,0,0,0,0,0,0,0,0,0,0
39,5,0,1,Day,,88.1142349243164,1.885765790939331,107.33036804199219,8.009200096130371,8.008979797363281,0.0066999997943639755,0.9999725222587585,12.429986953735352,5.300000190734863,=NA(),=NA(),20.062742233276367,1.4163999557495117,0.34380000829696655,0.08399999886751175,=NA(),20,1013.25,2.8319175243377686,85.41118621826172,8.780000686645508,8,0.7799999713897705,12.800012588500977,38.84000015258789,40.64999771118164,40.575538635253906,35.985164642333984,0.07047269493341446,0.07021358609199524,41.28756332397461,0.0814773216843605,0.0002712499990593642,0,0.00001700000029813964,0,-1.80999755859375,0.07445907592773438
39,6,0,1,Day,,80.2135009765625,9.78649616241455,101.63125610351562,173.8000030517578,149.71421813964844,141.6999969482422,0.8614166378974915,15.219995498657227,6.090000152587891,=NA(),=NA(),5.700527191162109,1.4163999557495117,0.34380000829696655,0.08399999886751175,=NA(),20,1013.25,14.951919555664062,65.59051513671875,285.85498046875,275.1099853515625,10.75,26.8693790435791,1608.6400146484375,1595.3599853515625,1597.0390625,39.35179901123047,2.536478042602539,2.5226049423217773,45.49177551269531,2.6746108531951904,0.009174437262117863,0,0.00023212499218061566,0,13.280029296875,-1.6790771484375
39,7,0,1,Day,,68.10830688476562,21.89168930053711,93.42853546142578,401.5899963378906,277.0197448730469,334.1000061035156,0.6898073554039001,17.990015029907227,5.429900169372559,=NA(),=NA(),2.667158365249634,1.4163999557495117,0.34380000829696655,0.08399999886751175,=NA(),20,1013.25,43.28865432739258,24.974639892578125,709.2349853515625,675.9649658203125,33.27000045776367,47.063743591308594,4141.25,3840.919921875,3846.90478515625,37.34052276611328,6.439023017883301,6.347546577453613,44.53415298461914,6.8062310218811035,0.022944124415516853,0,0.000775312480982393,0,300.330078125,-5.98486328125
39,8,0,1,Day,,55.86562728881836,34.13437271118164,84.6595687866211,622.510009765625,330.7138671875,520.010009765625,0.5312587022781372,22.779993057250977,4.140100002288818,=NA(),=NA(),1.7787423133850098,1.4163999557495117,0.34380000829696655,0.08399999886751175,=NA(),20,1013.25,55.74977111816406,4.418378829956055,945.219970703125,886.8099975585938,58.40999984741211,61.65563201904297,5730.35986328125,5052.2998046875,5059.259765625,35.464508056640625,8.916282653808594,8.788387298583984,43.2809944152832,9.459694862365723,0.03154131397604942,0,0.0012490624794736505,0,678.06005859375,-6.9599609375
39,9,0,1,Day,,43.82038116455078,46.17961883544922,74.08255767822266,831.0999755859375,330.3692932128906,694,0.3975084722042084,24.610010147094727,2.990000009536743,=NA(),=NA(),1.3848187923431396,1.4163999557495117,0.34380000829696655,0.08399999886751175,=NA(),20,1013.25,42.702484130859375,10.946486473083496,1098.905029296875,1041.419921875,57.48500061035156,70.04186248779297,6675.830078125,5709.35986328125,5717.6953125,34.33509826660156,10.407925605773926,10.346342086791992,42.51582336425781,11.074872970581055,0.03701937571167946,0,0.0012368749594315886,0,966.47021484375,-8.33544921875
39,10,0,1,Day,,32.547401428222656,57.452598571777344,59.211273193359375,944.9099731445312,279.816650390625,789.010009765625,0.2961304783821106,26.07000160217285,2.159899950027466,=NA(),=NA(),1.1858100891113281,1.4163999557495117,0.34380000829696655,0.08399999886751175,=NA(),20,1013.25,28.735151290893555,15.985060691833496,1116.8399658203125,1055.1099853515625,61.72999954223633,72.3806381225586,6778.16015625,5746.1201171875,5753.517578125,34.0294303894043,10.567168235778809,10.544096946716309,42.24803924560547,11.244088172912598,0.03749556094408035,0,0.0013559374492615461,0,1032.0400390625,-7.3974609375
39,11,0,1,Day,,23.492420196533203,66.50758361816406,34.706398010253906,681.989990234375,427.5003662109375,277.489990234375,0.6268425583839417,26.550012588500977,1.5700000524520874,=NA(),=NA(),1.090105652809143,1.4163999557495117,0.34380000829696655,0.08399999886751175,=NA(),20,1013.25,13.90027904510498,19.12948226928711,747.2149658203125,691.9549560546875,55.25499725341797,57.397483825683594,4456.43994140625,3985.68994140625,3987.4306640625,36.01689147949219,6.919382095336914,6.887115001678467,43.33366012573242,7.322912693023682,0.02431650087237358,0,0.0011918124509975314,0,470.75,-1.74072265625
39,12,0,1,Day,,20.127227783203125,69.87277221679688,356.04461669921875,813.1099853515625,355.09014892578125,487.80999755859375,0.43670618534088135,26.7600040435791,0.9699000120162964,=NA(),=NA(),1.0648239850997925,1.4163999557495117,0.34380000829696655,0.08399999886751175,=NA(),20,1013.25,-1.4481456279754639,20.077220916748047,875.635009765625,813.2999877929688,62.345001220703125,63.01561737060547,5270.64990234375,4622.14990234375,4622.900390625,35.32075119018555,8.180211067199707,8.161307334899902,42.93800354003906,8.660451889038086,0.02877006307244301,0,0.0013825000496581197,0,648.5,-0.75048828125
39,13,0,1,Day,,24.920236587524414,65.07976531982422,319.64208984375,911.3099975585938,266.13568115234375,711.4099731445312,0.29203638434410095,28.100000381469727,0.39989998936653137,=NA(),=NA(),1.102362871170044,1.4163999557495117,0.34380000829696655,0.08399999886751175,=NA(),20,1013.25,-16.74472999572754,18.728214263916016,1012.010009765625,946.5,65.50999450683594,70.19063568115234,6113.47998046875,5223.47021484375,5224.0986328125,34.37754821777344,9.497655868530273,9.475703239440918,42.31474304199219,10.078367233276367,0.03356437385082245,0,0.001434062491171062,0,890.009765625,-0.62841796875
39,14,0,1,Day,,34.595787048339844,55.404212951660156,297.549072265625,901.0900268554688,282.4798889160156,751.489990234375,0.31348687410354614,28.95000648498535,0.6800000071525574,=NA(),=NA(),1.214221477508545,1.4163999557495117,0.34380000829696655,0.08399999886751175,=NA(),20,1013.25,-31.447391510009766,15.224654197692871,1084.4599609375,1026.43505859375,58.025001525878906,74.0012435913086,6591.81982421875,5552.93017578125,5558.154296875,33.83537292480469,10.266902923583984,10.237323760986328,41.981773376464844,10.918808937072754,0.0364881232380867,0,0.0012802500277757645,0,1038.8896484375,-5.22412109375
39,15,0,1,Day,,46.093448638916016,43.906551361083984,283.79986572265625,762.7100219726562,321.16168212890625,636.7100219726562,0.4210796654224396,28.7700138092041,1.25,=NA(),=NA(),1.4406063556671143,1.4163999557495117,0.34380000829696655,0.08399999886751175,=NA(),20,1013.25,-45.254615783691406,9.895679473876953,1035.074951171875,980.1649780273438,54.90999984741211,71.7400131225586,6253.0302734375,5311.9599609375,5317.2490234375,34.13896560668945,9.734618186950684,9.655391693115234,42.16264343261719,10.344804763793945,0.03463437408208847,0,0.00117056246381253,0,941.0703125,-5.2890625
39,16,0,1,Day,,58.21895217895508,31.78104591369629,273.7113952636719,528.6099853515625,311.62005615234375,412,0.5895084738731384,28.050012588500977,1.500100016593933,=NA(),=NA(),1.894417643547058,1.4163999557495117,0.34380000829696655,0.08399999886751175,=NA(),20,1013.25,-58.16508102416992,3.1543164253234863,820.3099975585938,763.2249755859375,57.08000183105469,61.779380798339844,4989.5,4394.2001953125,4400.626953125,35.42729187011719,7.763678073883057,7.641668319702148,42.98841857910156,8.24329662322998,0.02736831270158291,0,0.0011764999944716692,0,595.2998046875,-6.4267578125
39,17,0,1,Day,,70.4749755859375,19.525022506713867,265.1361389160156,257.6000061035156,218.83065795898438,116,0.8494978547096252,28.399988174438477,1.3300000429153442,=NA(),=NA(),2.9705021381378174,1.4163999557495117,0.34380000829696655,0.08399999886751175,=NA(),20,1013.25,-35.01411437988281,35.65273666381836,400.1549987792969,376.33001708984375,23.829999923706055,44.81499481201172,2332.1201171875,2175.2099609375,2178.201904296875,37.22934341430664,3.6567611694335938,3.5890729427337646,43.75828170776367,3.8700039386749268,0.012973937205970287,0,0.0005215625278651714,0,156.91015625,-2.991943359375
39,18,0,1,Day,,82.53427124023438,7.465727806091309,256.957763671875,15.003000259399414,14.989721298217773,0.10220000147819519,0.9991149306297302,26.6199893951416,1.4700000286102295,=NA(),=NA(),7.298806190490723,1.4163999557495117,0.34380000829696655,0.08399999886751175,=NA(),20,1013.25,-11.250946998596191,71.58494567871094,16.325000762939453,14.789999961853027,1.5350000858306885,27.31499671936035,77.3800048828125,76.54000091552734,76.55384826660156,34.797813415527344,0.13749709725379944,0.1360347718000412,40.23268127441406,0.15217718482017517,0.0005014375201426446,0,0.00003300000025774352,0,0.8400039672851562,-0.01384735107421875
39,19,0,1,Night,Sun below height limit of 1 degrees.,89.1623306274414,0.8376687169075012,252.0490264892578,0,0,0,0,21.9999942779541,1.6299999952316284,=NA(),0,27.807838439941406,1.4163999557495117,0.34380000829696655,0.08399999886751175,=NA(),20,1013.25,0,0,0,0,0,21.9999942779541,0,0,0,0,0,0,0,0,0,0,0,0,0,0
39,20,0,1,Night,,105.43408966064453,-15.434088706970215,238.82801818847656,0,0,0,0,20.100000381469727,1.8700000047683716,=NA(),0,64.81599426269531,1.4163999557495117,0.34380000829696655,0.08399999886751175,=NA(),20,1013.25,0,0,0,0,0,20.100000381469727,0,0,0,0,0,0,0,0,0,0,0,0,0,0
39,21,0,1,Night,,115.25411224365234,-25.25411605834961,227.45834350585938,0,0,0,0,20.480005264282227,2.2499001026153564,=NA(),0,64.81599426269531,1.4163999557495117,0.34380000829696655,0.08399999886751175,=NA(),20,1013.25,0,0,0,0,0,20.480005264282227,0,0,0,0,0,0,0,0,0,0,0,0,0,0
39,22,0,1,Night,,123.25231170654297,-33.25231170654297,213.58116149902344,0,0,0,0,19.730005264282227,2.4200000762939453,=NA(),0,64.81599426269531,1.4163999557495117,0.34380000829696655,0.08399999886751175,=NA(),20,1013.25,0,0,0,0,0,19.730005264282227,0,0,0,0,0,0,0,0,0,0,0,0,0,0
39,23,0,1,Night,,128.51905822753906,-38.51906204223633,196.88082885742188,0,0,0,0,20.790002822875977,2.5899999141693115,=NA(),0,64.81599426269531,1.4163999557495117,0.34380000829696655,0.08399999886751175,=NA(),20,1013.25,0,0,0,0,0,20.790002822875977,0,0,0,0,0,0,0,0,0,0,0,0,0,0
40,0,0,1,Night,,130.1560821533203,-40.15608596801758,178.22509765625,0,0,0,0,19.7600040435791,3.2500998973846436,=NA(),0,64.81599426269531,1.4163999557495117,0.34380000829696655,0.08399999886751175,=NA(),20,1013.25,0,0,0,0,0,19.7600040435791,0,0,0,0,0,0,0,0,0,0,0,0,0,0
40,1,0,1,Night,,127.8143081665039,-37.814308166503906,159.78675842285156,0,0,0,0,18.9999942779541,4.229899883270264,=NA(),0,64.81599426269531,1.4163999557495117,0.34380000829696655,0.08399999886751175,=NA(),20,1013.25,0,0,0,0,0,18.9999942779541,0,0,0,0,0,0,0,0,0,0,0,0,0,0
40,2,0,1,Night,,121.9819564819336,-31.981956481933594,143.57257080078125,0,0,0,0,17.969995498657227,4.75,=NA(),0,64.81599426269531,1.4163999557495117,0.34380000829696655,0.08399999886751175,=NA(),20,1013.25,0,0,0,0,0,17.969995498657227,0,0,0,0,0,0,0,0,0,0,0,0,0,0
40,3,0,1,Night,,113.59410858154297,-23.5941104888916,130.18527221679688,0,0,0,0,17.1199893951416,4.869900226593018,=NA(),0,64.81599426269531,1.4163999557495117,0.34380000829696655,0.08399999886751175,=NA(),20,1013.25,0,0,0,0,0,17.1199893951416,0,0,0,0,0,0,0,0,0,0,0,0,0,0
40,4,0,1,Night,,103.52749633789062,-13.52749252319336,119.1822509765625,0,0,0,0,17.300012588500977,4.880000114440918,=NA(),0,64.81599426269531,1.4163999557495117,0.34380000829696655,0.08399999886751175,=NA(),20,1013.25,0,0,0,0,0,17.300012588500977,0,0,0,0,0,0,0,0,0,0,0,0,0,0
40,5,0,1,Day,,88.20240020751953,1.7976011037826538,107.0022964477539,8.90779972076416,8.907567977905273,0.007400000002235174,0.9999740123748779,17.07000160217285,5.7399001121521,=NA(),=NA(),20.568727493286133,1.4163999557495117,0.34380000829696655,0.08399999886751175,=NA(),20,1013.25,2.6943376064300537,85.62606811523438,9.770000457763672,8.899999618530273,0.8700000047683716,17.490015029907227,43.79999923706055,45.06999969482422,45.019222259521484,35.42412567138672,0.07942899316549301,0.07914560288190842,40.76873779296875,0.09083286672830582,0.0003013749956153333,0,0.000018999999156221747,0,-1.2700004577636719,0.050777435302734375
40,6,0,1,Day,,80.39826202392578,9.60173511505127,101.36837768554688,169.7899932861328,146.75677490234375,138.08999633789062,0.8643429279327393,19.18999671936035,6.379899978637695,=NA(),=NA(),5.802124500274658,1.4163999557495117,0.34380000829696655,0.08399999886751175,=NA(),20,1013.25,14.629034042358398,66.07584381103516,278.5999755859375,268.08502197265625,10.520000457763672,30.59624671936035,1552.22998046875,1519.9100341796875,1521.83642578125,38.776878356933594,2.4528746604919434,2.440047025680542,44.92938995361328,2.5891520977020264,0.008859812282025814,0,0.00022743750014342368,0,32.3199462890625,-1.9263916015625
40,7,0,1,Day,,68.28602600097656,21.71397590637207,93.1436538696289,394.7900085449219,273.6977233886719,327.29998779296875,0.693274199962616,21.17998695373535,5.619999885559082,=NA(),=NA(),2.687633752822876,1.4163999557495117,0.34380000829696655,0.08399999886751175,=NA(),20,1013.25,42.50169372558594,25.90846824645996,695.5900268554688,663.2349853515625,32.36000061035156,49.740013122558594,4065,3734.739990234375,3740.87109375,36.968177795410156,6.32460355758667,6.235356330871582,44.151302337646484,6.6918463706970215,0.022530311718583107,0,0.0007569374865852296,0,330.260009765625,-6.131103515625
40,8,0,1,Day,,56.044368743896484,33.955631256103516,84.34113311767578,611.7100219726562,326.5140075683594,510.6000061035156,0.5337725281715393,23.089990615844727,4.460100173950195,=NA(),=NA(),1.786928415298462,1.4163999557495117,0.34380000829696655,0.08399999886751175,=NA(),20,1013.25,55.91456985473633,4.691478252410889,930.5350341796875,872.655029296875,57.87999725341797,61.37999725341797,5645.39013671875,4982,4987.35498046875,35.51201629638672,8.777793884277344,8.647451400756836,43.28620910644531,9.304607391357422,0.031066562980413437,0,0.0012351250043138862,0,663.39013671875,-5.35498046875
40,9,0,1,Day,,44.012733459472656,45.987266540527344,73.71587371826172,801.9000244140625,320.26873779296875,669.6900024414062,0.3993873596191406,24.350000381469727,3.2500998973846436,=NA(),=NA(),1.3892885446548462,1.4163999557495117,0.34380000829696655,0.08399999886751175,=NA(),20,1013.25,42.84162139892578,11.234654426574707,1062.10498046875,1006.635009765625,55.474998474121094,68.20061492919922,6455.2197265625,5558.240234375,5565.98486328125,34.587093353271484,10.057950019836426,10.000332832336426,42.682491302490234,10.691829681396484,0.03578206151723862,0,0.0011933124624192715,0,896.9794921875,-7.74462890625
40,10,0,1,Day,,32.772987365722656,57.227012634277344,58.793148040771484,945.5900268554688,281.6854248046875,789.5900268554688,0.29789382219314575,25.719995498657227,2.220099925994873,=NA(),=NA(),1.1887998580932617,1.4163999557495117,0.34380000829696655,0.08399999886751175,=NA(),20,1013.25,28.838680267333984,16.28822898864746,1118.159912109375,1056.31005859375,61.849998474121094,72.15563201904297,6787.080078125,5758.60986328125,5762.46728515625,34.07988739013672,10.567938804626465,10.54216480255127,42.27933883666992,11.224918365478516,0.03754593804478645,0,0.0013576250057667494,0,1028.47021484375,-3.857421875
40,11,0,1,Day,,23.776443481445312,66.22355651855469,34.342838287353516,1033.9000244140625,243.86302185058594,863.3099975585938,0.23586712777614594,26.1199893951416,1.5499999523162842,=NA(),=NA(),1.09246826171875,1.4163999557495117,0.34380000829696655,0.08399999886751175,=NA(),20,1013.25,13.957481384277344,19.44411849975586,1137.9449462890625,1062.8399658203125,75.10499572753906,73.51250457763672,6868.080078125,5797.56982421875,5801.23388671875,33.90044021606445,10.695350646972656,10.664083480834961,42.13065719604492,11.362112045288086,0.037737250328063965,0,0.0016381250461563468,0,1070.51025390625,-3.6640625
40,12,0,1,Day,,20.445514678955078,69.55448913574219,356.1218566894531,794.7999877929688,368.18170166015625,455.29998779296875,0.4632381796836853,26.420007705688477,1.3401000499725342,=NA(),=NA(),1.0670084953308105,1.4163999557495117,0.34380000829696655,0.08399999886751175,=NA(),20,1013.25,-1.4443669319152832,20.396610260009766,856.155029296875,794.9749755859375,61.185001373291016,61.813133239746094,5149.3701171875,4535.27001953125,4538.017578125,35.46083068847656,7.998290538787842,7.981918811798096,43.04713821411133,8.47039794921875,0.028101688250899315,0,0.001356687513180077,0,614.10009765625,-2.74755859375
40,13,0,1,Day,,25.18343162536621,64.81656646728516,320.0701599121094,1048.5999755859375,256.22564697265625,875.5999755859375,0.24435022473335266,27.6199893951416,1.3698999881744385,=NA(),=NA(),1.1047276258468628,1.4163999557495117,0.34380000829696655,0.08399999886751175,=NA(),20,1013.25,-16.79404640197754,19.044363021850586,1165.364990234375,1090.7349853515625,74.6300048828125,76.25688934326172,7033.009765625,5874.9599609375,5878.583984375,33.5345344543457,10.956212997436523,10.933192253112793,41.82908630371094,11.654757499694824,0.03870049864053726,0,0.0016366250347346067,0,1158.0498046875,-3.6240234375
40,14,0,1,Day,,34.80142593383789,55.19857406616211,297.9791564941406,994.7999877929688,312.6831359863281,830.7000122070312,0.31431758403778076,28.089990615844727,1.3401000499725342,=NA(),=NA(),1.2172355651855469,1.4163999557495117,0.34380000829696655,0.08399999886751175,=NA(),20,1013.25,-31.542261123657227,15.531022071838379,1195.860107421875,1130.8699951171875,64.98500061035156,77.87813568115234,7253.1298828125,6021.56005859375,6029.08349609375,33.288299560546875,11.31982135772705,11.285731315612793,41.68697738647461,12.068755149841309,0.04019412398338318,0,0.001429687486961484,0,1231.56982421875,-7.5234375
40,15,0,1,Day,,46.26921463012695,43.73078536987305,284.1702880859375,727.3900146484375,316.2981872558594,594.6900024414062,0.4348398745059967,28.0200138092041,1.3899999856948853,=NA(),=NA(),1.445203423500061,1.4163999557495117,0.34380000829696655,0.08399999886751175,=NA(),20,1013.25,-45.384395599365234,10.188946723937988,986.219970703125,933.030029296875,53.19000244140625,68.85936737060547,5954.9599609375,5112.97021484375,5118.9765625,34.51609802246094,9.269230842590332,9.193061828613281,42.43220901489258,9.846405982971191,0.03295206278562546,0,0.001131562516093254,0,841.98974609375,-6.00634765625
40,16,0,1,Day,,58.38361740112305,31.616382598876953,274.0339660644531,474.010009765625,310.7597351074219,311.4100036621094,0.6555973887443542,28.58001136779785,1.51010000705719,=NA(),=NA(),1.9031972885131836,1.4163999557495117,0.34380000829696655,0.08399999886751175,=NA(),20,1013.25,-58.32013702392578,3.434451103210449,707.364990234375,649.0700073242188,58.30000305175781,57.66063690185547,4266.25,3810.880126953125,3816.18017578125,35.92992401123047,6.638453483581543,6.504056453704834,43.21405029296875,7.04149866104126,0.023236125707626343,0,0.0011917500523850322,0,455.369873046875,-5.300048828125
40,17,0,1,Day,,70.64012908935547,19.3598690032959,265.4269714355469,248.3000030517578,214.05270385742188,103.30999755859375,0.8620728850364685,28.82000160217285,1.4900000095367432,=NA(),=NA(),2.994436264038086,1.4163999557495117,0.34380000829696655,0.08399999886751175,=NA(),20,1013.25,-34.50784683227539,36.29729080200195,381.25,358.0350036621094,23.21500015258789,44.46123504638672,2219.2099609375,2072.050048828125,2074.944091796875,37.22758865356445,3.4835715293884277,3.4184648990631104,43.714332580566406,3.686980724334717,0.012353249825537205,0,0.0005048125167377293,0,147.159912109375,-2.89404296875
40,18,0,1,Day,,82.70680236816406,7.293196678161621,257.22857666015625,37.50600051879883,37.41612243652344,0.7080000042915344,0.9976036548614502,26.600000381469727,1.9801000356674194,=NA(),=NA(),7.453018665313721,1.4163999557495117,0.34380000829696655,0.08399999886751175,=NA(),20,1013.25,-10.965373992919922,72.0228271484375,42.040000915527344,38.29999923706055,3.740000009536743,28.362512588500977,212.4499969482422,209.27000427246094,209.3834686279297,36.28231430053711,0.36068350076675415,0.35717660188674927,41.80481719970703,0.3881450891494751,0.001282062497921288,0,0.00008024999988265336,0,3.17999267578125,-0.11346435546875
40,19,0,1,Night,Sun below height limit of 1 degrees.,89.23839569091797,0.7616077661514282,252.38333129882812,0,0,0,0,22.18999671936035,2.5999999046325684,=NA(),0,28.552078247070312,1.4163999557495117,0.34380000829696655,0.08399999886751175,=NA(),20,1013.25,0,0,0,0,0,22.18999671936035,0,0,0,0,0,0,0,0,0,0,0,0,0,0
40,20,0,1,Night,,105.64872741699219,-15.648730278015137,239.07460021972656,0,0,0,0,21.70000648498535,3.909899950027466,=NA(),0,64.81599426269531,1.4163999557495117,0.34380000829696655,0.08399999886751175,=NA(),20,1013.25,0,0,0,0,0,21.70000648498535,0,0,0,0,0,0,0,0,0,0,0,0,0,0
40,21,0,1,Night,,115.49983978271484,-25.499841690063477,227.6864013671875,0,0,0,0,21.300012588500977,5.360000133514404,=NA(),0,64.81599426269531,1.4163999557495117,0.34380000829696655,0.08399999886751175,=NA(),20,1013.25,0,0,0,0,0,21.300012588500977,0,0,0,0,0,0,0,0,0,0,0,0,0,0
40,22,0,1,Night,,123.53231811523438,-33.532318115234375,213.76904296875,0,0,0,0,20.159997940063477,6.840099811553955,=NA(),0,64.81599426269531,1.4163999557495117,0.34380000829696655,0.08399999886751175,=NA(),20,1013.25,0,0,0,0,0,20.159997940063477,0,0,0,0,0,0,0,0,0,0,0,0,0,0
40,23,0,1,Night,,128.82864379882812,-38.828651428222656,196.99082946777344,0,0,0,0,19.300012588500977,7.28000020980835,=NA(),0,64.81599426269531,1.4163999557495117,0.34380000829696655,0.08399999886751175,=NA(),20,1013.25,0,0,0,0,0,19.300012588500977,0,0,0,0,0,0,0,0,0,0,0,0,0,0
41,0,0,1,Night,,130.47752380371094,-40.47752380371094,178.22291564941406,0,0,0,0,18.360010147094727,6.889999866485596,=NA(),0,64.81599426269531,1.4163999557495117,0.34380000829696655,0.08399999886751175,=NA(),20,1013.25,0,0,0,0,0,18.360010147094727,0,0,0,0,0,0,0,0,0,0,0,0,0,0
41,1,0,1,Night,,128.1236572265625,-38.12366485595703,159.6752471923828,0,0,0,0,17.70000648498535,6.670100212097168,=NA(),0,64.81599426269531,1.4163999557495117,0.34380000829696655,0.08399999886751175,=NA(),20,1013.25,0,0,0,0,0,17.70000648498535,0,0,0,0,0,0,0,0,0,0,0,0,0,0
41,2,0,1,Night,,122.26309204101562,-32.263092041015625,143.38795471191406,0,0,0,0,17.240015029907227,6.600100040435791,=NA(),0,64.81599426269531,1.4163999557495117,0.34380000829696655,0.08399999886751175,=NA(),20,1013.25,0,0,0,0,0,17.240015029907227,0,0,0,0,0,0,0,0,0,0,0,0,0,0
41,3,0,1,Night,,113.84335327148438,-23.843353271484375,129.9629669189453,0,0,0,0,16.399988174438477,6.429999828338623,=NA(),0,64.81599426269531,1.4163999557495117,0.34380000829696655,0.08399999886751175,=NA(),20,1013.25,0,0,0,0,0,16.399988174438477,0,0,0,0,0,0,0,0,0,0,0,0,0,0
41,4,0,1,Night,,103.74846649169922,-13.748468399047852,118.9415283203125,0,0,0,0,15.980005264282227,6.079999923706055,=NA(),0,64.81599426269531,1.4163999557495117,0.34380000829696655,0.08399999886751175,=NA(),20,1013.25,0,0,0,0,0,15.980005264282227,0,0,0,0,0,0,0,0,0,0,0,0,0,0
41,5,0,1,Day,,88.28919219970703,1.710806131362915,106.67365264892578,7.3059000968933105,7.305631637573242,0.008999999612569809,0.9999632835388184,15.450006484985352,6.239999771118164,=NA(),=NA(),21.088420867919922,1.4163999557495117,0.34380000829696655,0.08399999886751175,=NA(),20,1013.25,2.5594282150268555,85.83759307861328,8.010000228881836,7.300000190734863,0.7150000333786011,15.790002822875977,34.970001220703125,36.20000076293945,36.15922546386719,35.287235260009766,0.06404447555541992,0.06384512782096863,40.65410614013672,0.07443471252918243,0.00024731247685849667,0,0.000015499999790336005,0,-1.2299995422363281,0.040775299072265625
41,6,0,1,Day,,80.58118438720703,9.418814659118652,101.1005630493164,170.7899932861328,147.6515350341797,141.38999938964844,0.8645209670066833,17.670007705688477,6.340000152587891,=NA(),=NA(),5.906283855438232,1.4163999557495117,0.34380000829696655,0.08399999886751175,=NA(),20,1013.25,14.311635971069336,66.55479431152344,281.6050109863281,271.1600036621094,10.444999694824219,29.206262588500977,1555.0599365234375,1529.97998046875,1532.116455078125,38.96925735473633,2.4572527408599854,2.4451823234558105,45.119014739990234,2.5926601886749268,0.008877250365912914,0,0.00022637499205302447,0,25.0799560546875,-2.136474609375
41,7,0,1,Day,,68.46318054199219,21.536821365356445,92.85395050048828,397.8999938964844,276.0965270996094,331.79998779296875,0.6938841938972473,19.7499942779541,5.730100154876709,=NA(),=NA(),2.708383083343506,1.4163999557495117,0.34380000829696655,0.08399999886751175,=NA(),20,1013.25,41.750675201416016,26.81025505065918,702.6749877929688,670.7850341796875,31.88500213623047,48.558738708496094,4112.56982421875,3794.360107421875,3800.699462890625,37.13191223144531,6.397415637969971,6.309357643127441,44.326881408691406,6.766860485076904,0.022807374596595764,0,0.0007495625177398324,0,318.209716796875,-6.33935546875
41,8,0,1,Day,,56.22341537475586,33.77658462524414,84.01783752441406,615.5,329.63299560546875,514.1900024414062,0.5355532169342041,21.649988174438477,4.539899826049805,=NA(),=NA(),1.7952216863632202,1.4163999557495117,0.34380000829696655,0.08399999886751175,=NA(),20,1013.25,56.07868576049805,4.969644546508789,938.780029296875,880.239990234375,58.54499816894531,60.22875213623047,5696.91015625,5048.83984375,5055.18603515625,35.65895462036133,8.860520362854004,8.732481002807617,43.45271682739258,9.393352508544922,0.03135149925947189,0,0.001246624975465238,0,648.0703125,-6.34619140625
41,9,0,1,Day,,44.20613098144531,45.79386901855469,73.34434509277344,804.9000244140625,323.11456298828125,672.0999755859375,0.40143439173698425,23.58001136779785,3.039900064468384,=NA(),=NA(),1.3938276767730713,1.4163999557495117,0.34380000829696655,0.08399999886751175,=NA(),20,1013.25,42.979835510253906,11.527767181396484,1067.159912109375,1011.2249755859375,55.92500305175781,67.64437103271484,6484.5,5595.18994140625,5602.1279296875,34.6652946472168,10.100422859191895,10.043116569519043,42.76304244995117,10.727679252624512,0.035942938178777695,0,0.0012025624746456742,0,889.31005859375,-6.93798828125
41,10,0,1,Day,,33.00054931640625,56.99945068359375,58.370750427246094,942.989990234375,282.6332702636719,787.3900146484375,0.29972031712532043,24.83001136779785,1.4700000286102295,=NA(),=NA(),1.191849946975708,1.4163999557495117,0.34380000829696655,0.08399999886751175,=NA(),20,1013.25,28.940650939941406,16.596162796020508,1115.6199951171875,1053.8900146484375,61.730003356933594,71.08748626708984,6770.8798828125,5768.16015625,5773.83251953125,34.20987319946289,10.548545837402344,10.522424697875977,42.411376953125,11.207429885864258,0.03745400160551071,0,0.001355124986730516,0,1002.7197265625,-5.67236328125
41,11,0,1,Day,,24.063474655151367,65.9365234375,33.9759407043457,1014.4000244140625,240.64389038085938,847.4000244140625,0.23722779750823975,26.219995498657227,0.36000001430511475,=NA(),=NA(),1.0948936939239502,1.4163999557495117,0.34380000829696655,0.08399999886751175,=NA(),20,1013.25,14.01229190826416,19.76325798034668,1116.675048828125,1043.0050048828125,73.66499328613281,72.67061614990234,6742.0400390625,5709.02978515625,5714.2998046875,34.006080627441406,10.502346992492676,10.47229290008545,42.19960021972656,11.163949012756348,0.037034936249256134,0,0.001606437494046986,0,1033.01025390625,-5.27001953125
41,12,0,1,Day,,20.76812744140625,69.23187255859375,356.1887512207031,1023.9000244140625,225.19393920898438,854.2100219726562,0.21993742883205414,27.240015029907227,0.7998999953269958,=NA(),=NA(),1.0692654848098755,1.4163999557495117,0.34380000829696655,0.08399999886751175,=NA(),20,1013.25,-1.4439555406570435,20.720081329345703,1100.659912109375,1024.18505859375,76.4749984741211,73.04561614990234,6644.4599609375,5618.01025390625,5623.0546875,33.96123504638672,10.348297119140625,10.328375816345215,42.12106704711914,10.995658874511719,0.036376748234033585,0,0.0016973124584183097,0,1026.44970703125,-5.04443359375
41,13,0,1,Day,,25.452970504760742,64.54702758789062,320.4890441894531,976.9099731445312,243.72402954101562,812,0.24948464334011078,28.100000381469727,1.309999942779541,=NA(),=NA(),1.1071840524673462,1.4163999557495117,0.34380000829696655,0.08399999886751175,=NA(),20,1013.25,-16.84754180908203,19.364025115966797,1085.949951171875,1016.4949951171875,69.45500183105469,73.2881088256836,6560.919921875,5541.91015625,5546.6552734375,33.93296432495117,10.216202735900879,10.196128845214844,42.06342315673828,10.862515449523926,0.036065563559532166,0,0.0015233750455081463,0,1019.009765625,-4.7451171875
41,14,0,1,Day,,35.01363754272461,54.98636245727539,298.406494140625,882.6900024414062,282.76934814453125,732.489990234375,0.3203495442867279,28.30999183654785,1.6299999952316284,=NA(),=NA(),1.2203781604766846,1.4163999557495117,0.34380000829696655,0.08399999886751175,=NA(),20,1013.25,-31.641822814941406,15.840296745300293,1063.215087890625,1006.1300048828125,57.084999084472656,72.36251068115234,6465.39013671875,5480.18017578125,5487.4482421875,34.04056167602539,10.075199127197266,10.049217224121094,42.151763916015625,10.722188949584961,0.03577706217765808,0,0.001257374999113381,0,985.2099609375,-7.26806640625
41,15,0,1,Day,,46.451114654541016,43.548885345458984,284.54071044921875,701.0999755859375,318.2375183105469,555.7000122070312,0.45391175150871277,28.4999942779541,1.7799999713897705,=NA(),=NA(),1.450006127357483,1.4163999557495117,0.34380000829696655,0.08399999886751175,=NA(),20,1013.25,-45.519081115722656,10.484563827514648,948.2750244140625,895.760009765625,52.51499938964844,67.7350082397461,5719.919921875,4930.919921875,4937.26416015625,34.6607551574707,8.9028902053833,8.827110290527344,42.49448776245117,9.458398818969727,0.031616125255823135,0,0.001114187529310584,0,789,-6.34423828125
41,16,0,1,Day,,58.55382537841797,31.44617462158203,274.35748291015625,475.20001220703125,309.8741149902344,316.8999938964844,0.6520919799804688,28.339990615844727,1.7100000381469727,=NA(),=NA(),1.9123748540878296,1.4163999557495117,0.34380000829696655,0.08399999886751175,=NA(),20,1013.25,-58.479957580566406,3.7165379524230957,712.375,653.9849853515625,58.38500213623047,57.625633239746094,4297.759765625,3839.68994140625,3844.885009765625,35.939205169677734,6.686657428741455,6.552395343780518,43.23318099975586,7.092085838317871,0.02341456338763237,0,0.0011919999960809946,0,458.06982421875,-5.195068359375
41,17,0,1,Day,,70.81037139892578,19.189624786376953,265.7190856933594,240.3000030517578,209.63467407226562,93.29399871826172,0.8723872900009155,28.170007705688477,1.309999942779541,=NA(),=NA(),3.0195367336273193,1.4163999557495117,0.34380000829696655,0.08399999886751175,=NA(),20,1013.25,-33.99882507324219,36.952205657958984,365.3399963378906,342.7149963378906,22.619998931884766,43.149375915527344,2124.679931640625,1992.7099609375,1995.4197998046875,37.3661003112793,3.337639093399048,3.274972438812256,43.80927276611328,3.531559705734253,0.011835437268018723,0,0.0004885625094175339,0,131.969970703125,-2.7098388671875
41,18,0,1,Day,,82.88479614257812,7.115206241607666,257.5008239746094,30.90399932861328,30.841522216796875,0.5044000148773193,0.9979783296585083,28.170007705688477,1.3300000429153442,=NA(),=NA(),7.61884880065918,1.4163999557495117,0.34380000829696655,0.08399999886751175,=NA(),20,1013.25,-10.673070907592773,72.47362518310547,33.849998474121094,30.720001220703125,3.130000114440918,29.591272354125977,170,166.61000061035156,166.66529846191406,35.743804931640625,0.29142263531684875,0.2885217070579529,41.242591857910156,0.31517624855041504,0.001038062502630055,0,0.00006731250323355198,0,3.3899993896484375,-0.0552978515625
41,19,0,1,Night,Sun below height limit of 1 degrees.,89.32084655761719,0.6791549324989319,252.71681213378906,0,0,0,0,22.30999183654785,1.309999942779541,=NA(),0,29.393980026245117,1.4163999557495117,0.34380000829696655,0.08399999886751175,=NA(),20,1013.25,0,0,0,0,0,22.30999183654785,0,0,0,0,0,0,0,0,0,0,0,0,0,0
41,20,0,1,Night,,105.86882781982422,-15.868830680847168,239.3225555419922,0,0,0,0,19.589990615844727,1.2898999452590942,=NA(),0,64.81599426269531,1.4163999557495117,0.34380000829696655,0.08399999886751175,=NA(),20,1013.25,0,0,0,0,0,19.589990615844727,0,0,0,0,0,0,0,0,0,0,0,0,0,0
41,21,0,1,Night,,115.75065612792969,-25.75065803527832,227.91551208496094,0,0,0,0,18.9999942779541,1.4300999641418457,=NA(),0,64.81599426269531,1.4163999557495117,0.34380000829696655,0.08399999886751175,=NA(),20,1013.25,0,0,0,0,0,18.9999942779541,0,0,0,0,0,0,0,0,0,0,0,0,0,0
41,22,0,1,Night,,123.81724548339844,-33.81724166870117,213.9571533203125,0,0,0,0,18.4999942779541,1.7698999643325806,=NA(),0,64.81599426269531,1.4163999557495117,0.34380000829696655,0.08399999886751175,=NA(),20,1013.25,0,0,0,0,0,18.4999942779541,0,0,0,0,0,0,0,0,0,0,0,0,0,0
41,23,0,1,Night,,129.1427764892578,-39.142784118652344,197.09921264648438,0,0,0,0,18.33001136779785,2.23009991645813,=NA(),0,64.81599426269531,1.4163999557495117,0.34380000829696655,0.08399999886751175,=NA(),20,1013.25,0,0,0,0,0,18.33001136779785,0,0,0,0,0,0,0,0,0,0,0,0,0,0
42,0,0,1,Night,,130.80287170410156,-40.80287551879883,178.2165069580078,0,0,0,0,17.649988174438477,2.6600000858306885,=NA(),0,64.81599426269531,1.4163999557495117,0.34380000829696655,0.08399999886751175,=NA(),20,1013.25,0,0,0,0,0,17.649988174438477,0,0,0,0,0,0,0,0,0,0,0,0,0,0
42,1,0,1,Night,,128.4358367919922,-38.43584442138672,159.55751037597656,0,0,0,0,16.420007705688477,2.9200000762939453,=NA(),0,64.81599426269531,1.4163999557495117,0.34380000829696655,0.08399999886751175,=NA(),20,1013.25,0,0,0,0,0,16.420007705688477,0,0,0,0,0,0,0,0,0,0,0,0,0,0
42,2,0,1,Night,,122.54586029052734,-32.54585647583008,143.19659423828125,0,0,0,0,16.730005264282227,3.029900074005127,=NA(),0,64.81599426269531,1.4163999557495117,0.34380000829696655,0.08399999886751175,=NA(),20,1013.25,0,0,0,0,0,16.730005264282227,0,0,0,0,0,0,0,0,0,0,0,0,0,0
42,3,0,1,Night,,114.0931396484375,-24.093141555786133,129.734375,0,0,0,0,17.230005264282227,3.2600998878479004,=NA(),0,64.81599426269531,1.4163999557495117,0.34380000829696655,0.08399999886751175,=NA(),20,1013.25,0,0,0,0,0,17.230005264282227,0,0,0,0,0,0,0,0,0,0,0,0,0,0
42,4,0,1,Night,,103.96919250488281,-13.96919059753418,118.69514465332031,0,0,0,0,16.70000648498535,3.8901000022888184,=NA(),0,64.81599426269531,1.4163999557495117,0.34380000829696655,0.08399999886751175,=NA(),20,1013.25,0,0,0,0,0,16.70000648498535,0,0,0,0,0,0,0,0,0,0,0,0,0,0
42,5,0,1,Day,,88.37896728515625,1.6210289001464844,106.33980560302734,6.700399875640869,6.700343132019043,0.0020000000949949026,0.9999915361404419,17.1299991607666,5.029900074005127,=NA(),=NA(),21.649660110473633,1.4163999557495117,0.34380000829696655,0.08399999886751175,=NA(),20,1013.25,2.420609712600708,86.0562973022461,7.350000381469727,6.694999694824219,0.6549999713897705,17.449365615844727,31.6200008392334,32.54999923706055,32.52032470703125,34.84050750732422,0.058337870985269547,0.058180589228868484,40.23079299926758,0.06832662224769592,0.00022699999681208283,0,0.000014125000234344043,0,-0.9299983978271484,0.029674530029296875
42,6,0,1,Day,,80.76476287841797,9.235234260559082,100.82791137695312,163,141.70321655273438,132.6999969482422,0.8693448901176453,18.7600040435791,5.189899921417236,=NA(),=NA(),6.014585494995117,1.4163999557495117,0.34380000829696655,0.08399999886751175,=NA(),20,1013.25,13.995505332946777,67.03399658203125,266.635009765625,256.5299987792969,10.104999542236328,29.7137393951416,1456.3499755859375,1430.260009765625,1432.307373046875,38.82017517089844,2.305996894836426,2.294529438018799,44.93705368041992,2.4340834617614746,0.008324687369167805,0,0.00021906249457970262,0,26.0899658203125,-2.04736328125
42,7,0,1,Day,,68.64087677001953,21.359127044677734,92.55953979492188,387.2900085449219,270.4906921386719,320.69000244140625,0.6984189748764038,21.850000381469727,5.730100154876709,=NA(),=NA(),2.729543447494507,1.4163999557495117,0.34380000829696655,0.08399999886751175,=NA(),20,1013.25,41.0276985168457,27.68846893310547,681.0350341796875,650.1500244140625,30.884998321533203,49.795616149902344,3988.39990234375,3663.330078125,3669.580322265625,36.9495964050293,6.20718240737915,6.1220479011535645,44.10776901245117,6.569423675537109,0.022125812247395515,0,0.0007271249778568745,0,325.06982421875,-6.250244140625
42,8,0,1,Day,,56.40319061279297,33.59680938720703,83.6898422241211,604.6900024414062,325.4222106933594,504.69000244140625,0.5381637215614319,23.92998695373535,5.599999904632568,=NA(),=NA(),1.8036439418792725,1.4163999557495117,0.34380000829696655,0.08399999886751175,=NA(),20,1013.25,56.24251937866211,5.25279426574707,923.9449462890625,865.9349975585938,58.01000213623047,61.93749237060547,5608.02001953125,4938.83984375,4945.712890625,35.42576599121094,8.725702285766602,8.602079391479492,43.201263427734375,9.260526657104492,0.030854687094688416,0,0.0012323125265538692,0,669.18017578125,-6.873046875
42,9,0,1,Day,,44.4007453918457,45.5992546081543,72.96817779541016,788.2999877929688,317.82574462890625,658.5,0.4031786620616913,25.67998695373535,4.909999847412109,=NA(),=NA(),1.3984413146972656,1.4163999557495117,0.34380000829696655,0.08399999886751175,=NA(),20,1013.25,43.117244720458984,11.825754165649414,1046.68505859375,991.8250122070312,54.86000061035156,68.92626190185547,6354.27978515625,5456.06982421875,5463.96728515625,34.49237823486328,9.900710105895996,9.837794303894043,42.55699157714844,10.529797554016113,0.035212624818086624,0,0.0011780625209212303,0,898.2099609375,-7.8974609375
42,10,0,1,Day,,33.23023223876953,56.76976776123047,57.9443473815918,922.8900146484375,278.05120849609375,770.9000244140625,0.3012831509113312,27.600000381469727,4.440000057220459,=NA(),=NA(),1.1949633359909058,1.4163999557495117,0.34380000829696655,0.08399999886751175,=NA(),20,1013.25,29.041179656982422,16.90882110595703,1092.64501953125,1032.31005859375,60.334999084472656,72.9387435913086,6633.30029296875,5610.83984375,5617.57666015625,33.9649658203125,10.337076187133789,10.31200122833252,42.131473541259766,10.996577262878418,0.03668437525629997,0,0.0013249374460428953,0,1022.46044921875,-6.73681640625
42,11,0,1,Day,,24.35349464416504,65.6465072631836,33.60605239868164,1054,252.20338439941406,880.1099853515625,0.23928214609622955,28.649988174438477,4.319900035858154,=NA(),=NA(),1.0973833799362183,1.4163999557495117,0.34380000829696655,0.08399999886751175,=NA(),20,1013.25,14.064709663391113,20.086814880371094,1160.3800048828125,1083.719970703125,76.66000366210938,77.05998992919922,7000.6298828125,5829.6201171875,5836.025390625,33.41337585449219,10.916332244873047,10.886198997497559,41.71647644042969,11.627165794372559,0.038476813584566116,0,0.0016711249481886625,0,1171.009765625,-6.4052734375
42,12,0,1,Day,,21.09494400024414,68.90505981445312,356.2457580566406,1017.7999877929688,226.17129516601562,848.489990234375,0.22221586108207703,29.80999183654785,4.460100173950195,=NA(),=NA(),1.071596384048462,1.4163999557495117,0.34380000829696655,0.08399999886751175,=NA(),20,1013.25,-1.4469074010849,21.047521591186523,1094.1400146484375,1018.0800170898438,76.06500244140625,75.46688079833984,6605.83984375,5533.4501953125,5536.6552734375,33.655399322509766,10.28188705444336,10.259891510009766,41.79800033569336,10.930439949035645,0.03616206347942352,0,0.0016878125024959445,0,1072.3896484375,-3.205078125
42,13,0,1,Day,,25.72873306274414,64.2712631225586,320.8985290527344,962.510009765625,245.95742797851562,795.4099731445312,0.2555375397205353,30.3900089263916,4.559999942779541,=NA(),=NA(),1.109734058380127,1.4163999557495117,0.34380000829696655,0.08399999886751175,=NA(),20,1013.25,-16.905237197875977,19.687089920043945,1070.06005859375,1001.550048828125,68.51000213623047,74.96123504638672,6465.02001953125,5425.5400390625,5431.07177734375,33.709896087646484,10.069504737854004,10.051412582397461,41.81792449951172,10.717206954956055,0.035530123859643936,0,0.0015025000320747495,0,1039.47998046875,-5.53173828125
42,14,0,1,Day,,35.23240280151367,54.76759719848633,298.8308410644531,888.7100219726562,284.0925598144531,740.2100219726562,0.3196684420108795,31.670007705688477,4.429999828338623,=NA(),=NA(),1.2236524820327759,1.4163999557495117,0.34380000829696655,0.08399999886751175,=NA(),20,1013.25,-31.74614143371582,16.15238380432129,1071.2149658203125,1013.7249755859375,57.48999786376953,76.24687957763672,6515.89990234375,5441.2998046875,5446.29052734375,33.543338775634766,10.147857666015625,10.115365028381348,41.66912078857422,10.800782203674316,0.036061689257621765,0,0.0012659374624490738,0,1074.60009765625,-4.99072265625
42,15,0,1,Day,,46.6391487121582,43.3608512878418,284.9108581542969,700.6099853515625,318.1033630371094,557.1099853515625,0.45403772592544556,31.459985733032227,4.170000076293945,=NA(),=NA(),1.4550200700759888,1.4163999557495117,0.34380000829696655,0.08399999886751175,=NA(),20,1013.25,-45.658721923828125,10.782419204711914,949.0650024414062,896.4849853515625,52.59000015258789,70.82750701904297,5718.26025390625,4872.22021484375,4878.63330078125,34.25010681152344,8.902644157409668,8.828683853149414,42.0952033996582,9.470743179321289,0.03160593658685684,0,0.0011146875331178308,0,846.0400390625,-6.4130859375
42,16,0,1,Day,,58.7298583984375,31.270139694213867,274.6817932128906,446.989990234375,309.38873291015625,265.0899963378906,0.6921603083610535,31.399988174438477,3.549999952316284,=NA(),=NA(),1.9219775199890137,1.4163999557495117,0.34380000829696655,0.08399999886751175,=NA(),20,1013.25,-58.64483642578125,4.0004658699035645,659.85498046875,601.9600219726562,57.88999938964844,58.568748474121094,3970.97998046875,3533.9599609375,3538.824951171875,35.77384948730469,6.1828436851501465,6.0476179122924805,42.95570755004883,6.561920166015625,0.021578749641776085,0,0.0011751875281333923,0,437.02001953125,-4.864990234375
42,17,0,1,Day,,70.98625183105469,19.013748168945312,266.0123596191406,132.19000244140625,130.2710418701172,5.890100002288818,0.9854832887649536,30.529993057250977,2.8798999786376953,=NA(),=NA(),3.0459372997283936,1.4163999557495117,0.34380000829696655,0.08399999886751175,=NA(),20,1013.25,-33.485748291015625,37.61919403076172,153.63999938964844,136.47500610351562,17.165000915527344,36.92186737060547,840.760009765625,803.72998046875,803.4970703125,37.16056823730469,1.3513082265853882,1.306854248046875,42.984989166259766,1.4363294839859009,0.004672687500715256,0,0.00035937500069849193,0,37.030029296875,0.23291015625
42,18,0,1,Day,,83.06694030761719,6.933058261871338,257.7743835449219,14.298999786376953,14.287254333496094,0.09730000048875809,0.9991785883903503,28.110010147094727,3.170099973678589,=NA(),=NA(),7.796074390411377,1.4163999557495117,0.34380000829696655,0.08399999886751175,=NA(),20,1013.25,-10.37615966796875,72.9339599609375,15.579999923706055,14.130000114440918,1.4549999237060547,28.774988174438477,73.52999877929688,72.26000213623047,72.25601196289062,34.486968994140625,0.13094763457775116,0.12966664135456085,39.9235954284668,0.14530079066753387,0.00047862500650808215,0,0.000031062500056577846,0,1.2699966430664062,0.00399017333984375
42,19,0,1,Night,Sun below height limit of 1 degrees.,89.40972900390625,0.5902714133262634,253.05178833007812,0,0,0,0,24.3799991607666,3.4298999309539795,=NA(),0,30.344100952148438,1.4163999557495117,0.34380000829696655,0.08399999886751175,=NA(),20,1013.25,0,0,0,0,0,24.3799991607666,0,0,0,0,0,0,0,0,0,0,0,0,0,0
42,20,0,1,Night,,106.09272003173828,-16.09272003173828,239.57186889648438,0,0,0,0,22.230005264282227,3.799999952316284,=NA(),0,64.81599426269531,1.4163999557495117,0.34380000829696655,0.08399999886751175,=NA(),20,1013.25,0,0,0,0,0,22.230005264282227,0,0,0,0,0,0,0,0,0,0,0,0,0,0
42,21,0,1,Night,,116.00547790527344,-26.005477905273438,228.14569091796875,0,0,0,0,22.399988174438477,4.28000020980835,=NA(),0,64.81599426269531,1.4163999557495117,0.34380000829696655,0.08399999886751175,=NA(),20,1013.25,0,0,0,0,0,22.399988174438477,0,0,0,0,0,0,0,0,0,0,0,0,0,0
42,22,0,1,Night,,124.10626983642578,-34.10627365112305,214.14547729492188,0,0,0,0,23.360010147094727,5.039999961853027,=NA(),0,64.81599426269531,1.4163999557495117,0.34380000829696655,0.08399999886751175,=NA(),20,1013.25,0,0,0,0,0,23.360010147094727,0,0,0,0,0,0,0,0,0,0,0,0,0,0
42,23,0,1,Night,,129.46104431152344,-39.46104431152344,197.2059783935547,0,0,0,0,22.399988174438477,5.650100231170654,=NA(),0,64.81599426269531,1.4163999557495117,0.34380000829696655,0.08399999886751175,=NA(),20,1013.25,0,0,0,0,0,22.399988174438477,0,0,0,0,0,0,0,0,0,0,0,0,0,0
43,0,0,1,Night,,131.13169860839844,-41.13170623779297,178.20578002929688,0,0,0,0,22.4999942779541,6.29010009765625,=NA(),0,64.81599426269531,1.4163999557495117,0.34380000829696655,0.08399999886751175,=NA(),20,1013.25,0,0,0,0,0,22.4999942779541,0,0,0,0,0,0,0,0,0,0,0,0,0,0
43,1,0,1,Night,,128.75022888183594,-38.75022888183594,159.43348693847656,0,0,0,0,22.55999183654785,6.830100059509277,=NA(),0,64.81599426269531,1.4163999557495117,0.34380000829696655,0.08399999886751175,=NA(),20,1013.25,0,0,0,0,0,22.55999183654785,0,0,0,0,0,0,0,0,0,0,0,0,0,0
43,2,0,1,Night,,122.82965087890625,-32.829654693603516,142.99851989746094,0,0,0,0,21.899988174438477,7.269999980926514,=NA(),0,64.81599426269531,1.4163999557495117,0.34380000829696655,0.08399999886751175,=NA(),20,1013.25,0,0,0,0,0,21.899988174438477,0,0,0,0,0,0,0,0,0,0,0,0,0,0
43,3,0,1,Night,,114.34309387207031,-24.343093872070312,129.49952697753906,0,0,0,0,21.899988174438477,7.240099906921387,=NA(),0,64.81599426269531,1.4163999557495117,0.34380000829696655,0.08399999886751175,=NA(),20,1013.25,0,0,0,0,0,21.899988174438477,0,0,0,0,0,0,0,0,0,0,0,0,0,0
43,4,0,1,Night,,104.18896484375,-14.188961029052734,118.4431381225586,0,0,0,0,22.540002822875977,6.429999828338623,=NA(),0,64.81599426269531,1.4163999557495117,0.34380000829696655,0.08399999886751175,=NA(),20,1013.25,0,0,0,0,0,22.540002822875977,0,0,0,0,0,0,0,0,0,0,0,0,0,0
43,5,0,1,Night,Sun above horizon but GHI below 1,88.46597290039062,1.5340299606323242,105.99610137939453,0,0,0,0,22.2700138092041,5.070000171661377,=NA(),0,22.217954635620117,1.4163999557495117,0.34380000829696655,0.08399999886751175,=NA(),20,1013.25,0,0,0,0,0,22.2700138092041,0,0,0,0,0,0,0,0,0,0,0,0,0,0
43,6,0,1,Day,,80.94889831542969,9.051104545593262,100.55052947998047,10.510000228881836,10.507939338684082,0.013100000098347664,0.999803900718689,22.17998695373535,3.799999952316284,=NA(),=NA(),6.127199649810791,1.4163999557495117,0.34380000829696655,0.08399999886751175,=NA(),20,1013.25,13.680807113647461,67.51316833496094,11.380000114440918,10.280000686645508,1.0999999046325684,22.665002822875977,51.959999084472656,52.38999938964844,52.382694244384766,34.85837936401367,0.09391989558935165,0.09284559637308121,40.261905670166016,0.10598424077033997,0.0003498750156722963,0,0.00002300000051036477,0,-0.43000030517578125,0.007305145263671875
43,7,0,1,Day,,68.81841278076172,21.18158721923828,92.26053619384766,68.39099884033203,68.10421752929688,0.7936999797821045,0.9958067536354065,22.800012588500977,3.2899999618530273,=NA(),=NA(),2.7510411739349365,1.4163999557495117,0.34380000829696655,0.08399999886751175,=NA(),20,1013.25,40.3327522277832,28.54202651977539,68.7449951171875,57.36499786376953,11.380000114440918,25.694360733032227,350.260009765625,348.6300048828125,346.99053955078125,37.70478820800781,0.5750120878219604,0.5438237190246582,43.04020690917969,0.6205967664718628,0.0019343749154359102,0,0.00024912500521168113,0,1.6300048828125,1.63946533203125
43,8,0,1,Day,,56.58319091796875,33.41680908203125,83.35729217529297,117.79000091552734,116.91401672363281,1.5906000137329102,0.9925631880760193,24.100000381469727,3.6698999404907227,=NA(),=NA(),1.8121740818023682,1.4163999557495117,0.34380000829696655,0.08399999886751175,=NA(),20,1013.25,56.40555191040039,5.5407938957214355,114.85499572753906,87.70500183105469,27.145000457763672,28.9631290435791,589.8900146484375,580.2000122070312,573.3419799804688,38.217994689941406,0.9371877908706665,0.8631339073181152,43.46771240234375,1.0154112577438354,0.0030334999319165945,0,0.0005512500065378845,0,9.69000244140625,6.8580322265625
43,9,0,1,Day,,44.59617233276367,45.40382766723633,72.58757019042969,62.198001861572266,61.91694641113281,0.39469999074935913,0.9954812526702881,23.30999183654785,4.889999866485596,=NA(),=NA(),1.4031212329864502,1.4163999557495117,0.34380000829696655,0.08399999886751175,=NA(),20,1013.25,43.25343704223633,12.128419876098633,61.77000045776367,50.65999984741211,11.109999656677246,25.922510147094727,312.32000732421875,310.5899963378906,308.4727478027344,37.53728485107422,0.5134411454200745,0.4818432927131653,42.812496185302734,0.556044340133667,0.0017364999512210488,0,0.0002224375057267025,0,1.730010986328125,2.11724853515625
43,10,0,1,Day,,33.46162033081055,56.53837966918945,57.514225006103516,148.30999755859375,146.8882598876953,1.704200029373169,0.9904137253761292,23.100000381469727,5.710000038146973,=NA(),=NA(),1.1981358528137207,1.4163999557495117,0.34380000829696655,0.08399999886751175,=NA(),20,1013.25,29.139867782592773,17.225902557373047,154.83499145507812,135.72000122070312,19.104999542236328,29.511865615844727,842.5499877929688,827.5,826.6215209960938,38.26041030883789,1.3502686023712158,1.3061734437942505,44.012969970703125,1.4335604906082153,0.004656124860048294,0,0.00038625000161118805,0,15.04998779296875,0.87847900390625
43,11,0,1,Day,,24.646223068237305,65.35377502441406,33.23350524902344,647.489990234375,435.2618408203125,233.5,0.6722294688224792,23.7700138092041,5.829899787902832,=NA(),=NA(),1.0999362468719482,1.4163999557495117,0.34380000829696655,0.08399999886751175,=NA(),20,1013.25,14.114570617675781,20.41448402404785,708.4299926757812,653.8699951171875,54.55999755859375,52.91875457763672,4201.7197265625,3817.760009765625,3822.2998046875,36.570396423339844,6.532442092895508,6.49982213973999,43.8015022277832,6.912195682525635,0.022890625521540642,0,0.00117125001270324,0,383.959716796875,-4.539794921875
43,12,0,1,Day,,21.425643920898438,68.57435607910156,356.29327392578125,452.1099853515625,413.0962829589844,41.90999984741211,0.9137074947357178,24.57000160217285,5.300000190734863,=NA(),=NA(),1.0740008354187012,1.4163999557495117,0.34380000829696655,0.08399999886751175,=NA(),20,1013.25,-1.4532411098480225,21.378616333007812,492.1199951171875,452.08001708984375,40.029998779296875,44.818138122558594,2859.280029296875,2669.25,2671.556640625,37.43690490722656,4.460098743438721,4.45267391204834,44.135345458984375,4.714460849761963,0.015587749890983105,0,0.0008843750110827386,0,190.030029296875,-2.306640625
43,13,0,1,Day,,26.01028823852539,63.98971176147461,321.2985534667969,183.61000061035156,181.3573760986328,2.506500005722046,0.9877314567565918,23.600000381469727,4.809999942779541,=NA(),=NA(),1.11237633228302,1.4163999557495117,0.34380000829696655,0.08399999886751175,=NA(),20,1013.25,-16.966941833496094,20.013233184814453,197.75,178.2449951171875,19.510000228881836,31.753747940063477,1098.5400390625,1070.77001953125,1070.791748046875,38.25247573852539,1.7495427131652832,1.7200255393981934,44.16797637939453,1.852850317955017,0.006101124919950962,0,0.0004063124943058938,0,27.77001953125,-0.021728515625
43,14,0,1,Day,,35.45707321166992,54.54292678833008,299.2518310546875,159.3000030517578,157.6658477783203,2.006200075149536,0.9897416234016418,23.300012588500977,4.319900035858154,=NA(),=NA(),1.227052092552185,1.4163999557495117,0.34380000829696655,0.08399999886751175,=NA(),20,1013.25,-31.85468292236328,16.466936111450195,165.29000854492188,143.760009765625,21.53499984741211,30.15374183654785,899.6699829101562,881.6300048828125,880.630615234375,38.27333068847656,1.4379397630691528,1.385001301765442,44.037662506103516,1.5270938873291016,0.004935562610626221,0,0.0004346249916125089,0,18.03997802734375,0.9993896484375
43,15,0,1,Day,,46.832489013671875,43.167510986328125,285.2805480957031,151.7100067138672,150.20286560058594,2.203000068664551,0.9900656342506409,23.1299991607666,3.640000104904175,=NA(),=NA(),1.4602278470993042,1.4163999557495117,0.34380000829696655,0.08399999886751175,=NA(),20,1013.25,-45.80250930786133,11.08229923248291,152.635009765625,124.85499572753906,27.775001525878906,29.533105850219727,808.3400268554688,793.760009765625,788.664794921875,38.42583465576172,1.2823430299758911,1.210468053817749,43.93549728393555,1.3740994930267334,0.004291874822229147,0,0.0005544375162571669,0,14.58001708984375,5.09521484375
43,16,0,1,Day,,58.910545349121094,31.089454650878906,275.0066833496094,190.2100067138672,187.10690307617188,6.009399890899658,0.9836859107017517,24.800012588500977,2.54010009765625,=NA(),=NA(),1.9319533109664917,1.4163999557495117,0.34380000829696655,0.08399999886751175,=NA(),20,1013.25,-58.813602447509766,4.2860846519470215,198.84500122070312,155.52999877929688,43.31500244140625,33.14623260498047,1066.780029296875,1034.4400634765625,1026.078369140625,38.37187194824219,1.6707111597061157,1.5659241676330566,43.92116165161133,1.794748306274414,0.005466562695801258,0,0.0008600624860264361,0,32.3399658203125,8.3616943359375
43,17,0,1,Day,,71.1658706665039,18.834125518798828,266.306640625,121.5999984741211,120.27545928955078,4.10290002822876,0.9891074299812317,23.909997940063477,1.7000000476837158,=NA(),=NA(),3.0734050273895264,1.4163999557495117,0.34380000829696655,0.08399999886751175,=NA(),20,1013.25,-32.97404479980469,38.290855407714844,138.94000244140625,123.05999755859375,15.880000114440918,29.66936683654785,756.0900268554688,742.0700073242188,741.3302001953125,38.099815368652344,1.2160060405731201,1.1754157543182373,43.80363082885742,1.292579174041748,0.004214937333017588,0,0.00033000000985339284,0,14.02001953125,0.73980712890625
43,18,0,1,Day,,83.25163269042969,6.7483649253845215,258.0491638183594,11.291000366210938,11.291000366210938,0,1,22.850000381469727,1.7100000381469727,=NA(),=NA(),7.984055519104004,1.4163999557495117,0.34380000829696655,0.08399999886751175,=NA(),20,1013.25,-10.077187538146973,73.39974212646484,12.295000076293945,11.154999732971191,1.1449999809265137,23.3749942779541,56.599998474121094,56.86000061035156,56.84883499145508,34.900238037109375,0.1018056869506836,0.10082617402076721,40.297367095947266,0.11440625786781311,0.000377874996047467,0,0.000024500001018168405,0,-0.26000213623046875,0.011165618896484375
43,19,0,1,Night,Sun below height limit of 1 degrees.,89.48417663574219,0.5158229470252991,253.3977508544922,0,0,0,0,22.100000381469727,2.089900016784668,=NA(),0,31.175661087036133,1.4163999557495117,0.34380000829696655,0.08399999886751175,=NA(),20,1013.25,0,0,0,0,0,22.100000381469727,0,0,0,0,0,0,0,0,0,0,0,0,0,0
43,20,0,1,Night,,106.32184600830078,-16.32184600830078,239.8223876953125,0,0,0,0,21.279993057250977,2.5899999141693115,=NA(),0,64.81599426269531,1.4163999557495117,0.34380000829696655,0.08399999886751175,=NA(),20,1013.25,0,0,0,0,0,21.279993057250977,0,0,0,0,0,0,0,0,0,0,0,0,0,0
43,21,0,1,Night,,116.26539611816406,-26.265396118164062,228.37689208984375,0,0,0,0,20.839990615844727,2.6700000762939453,=NA(),0,64.81599426269531,1.4163999557495117,0.34380000829696655,0.08399999886751175,=NA(),20,1013.25,0,0,0,0,0,20.839990615844727,0,0,0,0,0,0,0,0,0,0,0,0,0,0
43,22,0,1,Night,,124.40044403076172,-34.40044403076172,214.33401489257812,0,0,0,0,20.800012588500977,2.0199999809265137,=NA(),0,64.81599426269531,1.4163999557495117,0.34380000829696655,0.08399999886751175,=NA(),20,1013.25,0,0,0,0,0,20.800012588500977,0,0,0,0,0,0,0,0,0,0,0,0,0,0
43,23,0,1,Night,,129.78408813476562,-39.78408432006836,197.31106567382812,0,0,0,0,20.339990615844727,1.4600000381469727,=NA(),0,64.81599426269531,1.4163999557495117,0.34380000829696655,0.08399999886751175,=NA(),20,1013.25,0,0,0,0,0,20.339990615844727,0,0,0,0,0,0,0,0,0,0,0,0,0,0
44,0,0,1,Night,,131.4647674560547,-41.464759826660156,178.19070434570312,0,0,0,0,19.600000381469727,1.3598999977111816,=NA(),0,64.81599426269531,1.4163999557495117,0.34380000829696655,0.08399999886751175,=NA(),20,1013.25,0,0,0,0,0,19.600000381469727,0,0,0,0,0,0,0,0,0,0,0,0,0,0
44,1,0,1,Night,,129.0678253173828,-39.06782150268555,159.30311584472656,0,0,0,0,19.67998695373535,1.4499000310897827,=NA(),0,64.81599426269531,1.4163999557495117,0.34380000829696655,0.08399999886751175,=NA(),20,1013.25,0,0,0,0,0,19.67998695373535,0,0,0,0,0,0,0,0,0,0,0,0,0,0
44,2,0,1,Night,,123.11553955078125,-33.11553955078125,142.79368591308594,0,0,0,0,18.839990615844727,1.5499999523162842,=NA(),0,64.81599426269531,1.4163999557495117,0.34380000829696655,0.08399999886751175,=NA(),20,1013.25,0,0,0,0,0,18.839990615844727,0,0,0,0,0,0,0,0,0,0,0,0,0,0
44,3,0,1,Night,,114.59465026855469,-24.594648361206055,129.25845336914062,0,0,0,0,17.5100040435791,1.7000000476837158,=NA(),0,64.81599426269531,1.4163999557495117,0.34380000829696655,0.08399999886751175,=NA(),20,1013.25,0,0,0,0,0,17.5100040435791,0,0,0,0,0,0,0,0,0,0,0,0,0,0
44,4,0,1,Night,,104.41092681884766,-14.410926818847656,118.18563079833984,0,0,0,0,17.790002822875977,1.8301000595092773,=NA(),0,64.81599426269531,1.4163999557495117,0.34380000829696655,0.08399999886751175,=NA(),20,1013.25,0,0,0,0,0,17.790002822875977,0,0,0,0,0,0,0,0,0,0,0,0,0,0
44,5,0,1,Day,,88.54913330078125,1.4508678913116455,105.654541015625,6.309700012207031,6.309439182281494,0.010300000198185444,0.9999586343765259,16.8900089263916,2.2399001121520996,=NA(),=NA(),22.78482437133789,1.4163999557495117,0.34380000829696655,0.08399999886751175,=NA(),20,1013.25,2.1585693359375,86.47074127197266,6.925000190734863,6.309999942779541,0.6150000095367432,17.18999671936035,29.510000228881836,30.3799991607666,30.34608268737793,34.76777267456055,0.0545513816177845,0.05441410467028618,40.15381622314453,0.06435264647006989,0.00021368749730754644,0,0.000013500000022759195,0,-0.8699989318847656,0.033916473388671875
44,6,0,1,Day,,81.13011932373047,8.869878768920898,100.26851654052734,167.89999389648438,146.2824249267578,140.1999969482422,0.8712473511695862,17.68999671936035,2.6900999546051025,=NA(),=NA(),6.242151737213135,1.4163999557495117,0.34380000829696655,0.08399999886751175,=NA(),20,1013.25,13.373100280761719,67.98341369628906,278.4849853515625,268.42999267578125,10.055000305175781,29.170618057250977,1493.52001953125,1469.5599365234375,1471.796142578125,38.92238998413086,2.3633508682250977,2.352713108062744,45.05475997924805,2.494188070297241,0.008536375127732754,0,0.00021931249648332596,0,23.9600830078125,-2.2362060546875
44,7,0,1,Day,,68.99520874023438,21.00478744506836,91.95709228515625,390.5,273.6107482910156,326.1000061035156,0.7006677389144897,18.800012588500977,3.619999885559082,=NA(),=NA(),2.7728121280670166,1.4163999557495117,0.34380000829696655,0.08399999886751175,=NA(),20,1013.25,39.66545867919922,29.370386123657227,688.9150390625,658.9000244140625,30.014999389648438,46.993736267089844,4053.659912109375,3760.2900390625,3766.584716796875,37.33735656738281,6.30509614944458,6.221081733703613,44.50299835205078,6.666583061218262,0.022511187940835953,0,0.0007116249762475491,0,293.369873046875,-6.294677734375
44,8,0,1,Day,,56.763187408447266,33.236812591552734,83.02035522460938,612.9000244140625,332.3875427246094,511.7900085449219,0.5423193573951721,19.610010147094727,4.319900035858154,=NA(),=NA(),1.8208023309707642,1.4163999557495117,0.34380000829696655,0.08399999886751175,=NA(),20,1013.25,56.56752395629883,5.833506107330322,941.3050537109375,881.864990234375,59.44499969482422,58.21062469482422,5715.6201171875,5102.52978515625,5110.00537109375,35.919036865234375,8.891754150390625,8.77137565612793,43.71830749511719,9.426458358764648,0.03144793584942818,0,0.001257500029169023,0,613.09033203125,-7.4755859375
44,9,0,1,Day,,44.79271697998047,45.20728302001953,72.20270538330078,770,314.7600402832031,641.489990234375,0.4087792634963989,22.490015029907227,4.739999771118164,=NA(),=NA(),1.4078762531280518,1.4163999557495117,0.34380000829696655,0.08399999886751175,=NA(),20,1013.25,43.38869857788086,12.43571949005127,1024.574951171875,970.5750122070312,54.005001068115234,64.7199935913086,6220.31982421875,5424.8798828125,5431.6083984375,35.05760192871094,9.683398246765137,9.624611854553223,43.052947998046875,10.274917602539062,0.03445706143975258,0,0.0011585624888539314,0,795.43994140625,-6.728515625
44,10,0,1,Day,,33.69515609741211,56.30484390258789,57.08062744140625,938.2100219726562,286.4121398925781,783.4099731445312,0.3052750825881958,24.219995498657227,5.080100059509277,=NA(),=NA(),1.201374888420105,1.4163999557495117,0.34380000829696655,0.08399999886751175,=NA(),20,1013.25,29.23712730407715,17.547513961791992,1111.4150390625,1049.7900390625,61.630001068115234,70.20500946044922,6747.759765625,5767.60986328125,5774.84228515625,34.31786346435547,10.517192840576172,10.495059967041016,42.51718521118164,11.17680549621582,0.03732331097126007,0,0.0013513750163838267,0,980.14990234375,-7.232421875
44,11,0,1,Day,,24.94193458557129,65.05806732177734,32.85862731933594,1025.800048828125,249.18099975585938,856.5,0.24291381239891052,25.399988174438477,5.380000114440918,=NA(),=NA(),1.102556586265564,1.4163999557495117,0.34380000829696655,0.08399999886751175,=NA(),20,1013.25,14.162063598632812,20.746423721313477,1129.655029296875,1055.0400390625,74.61500549316406,72.36125946044922,6815.77001953125,5778.5,5784.8193359375,34.037506103515625,10.62214183807373,10.594106674194336,42.26185989379883,11.292547225952148,0.03744325041770935,0,0.0016272499924525619,0,1037.27001953125,-6.3193359375
44,12,0,1,Day,,21.76041030883789,68.23959350585938,356.33160400390625,1036,232.4522247314453,865.2000122070312,0.22437474131584167,26.42998695373535,5.619999885559082,=NA(),=NA(),1.0764824151992798,1.4163999557495117,0.34380000829696655,0.08399999886751175,=NA(),20,1013.25,-1.462998628616333,21.71355628967285,1113.804931640625,1036.2900390625,77.52000427246094,72.76750946044922,6720.58984375,5688.68994140625,5694.79541015625,33.98918151855469,10.471702575683594,10.455010414123535,42.18064498901367,11.134098052978516,0.036796435713768005,0,0.0017200000584125519,0,1031.89990234375,-6.10546875
44,13,0,1,Day,,26.297996520996094,63.702003479003906,321.6890869140625,984.3099975585938,247.64537048339844,821.7100219726562,0.25159287452697754,27.529993057250977,5.810100078582764,=NA(),=NA(),1.115117073059082,1.4163999557495117,0.34380000829696655,0.08399999886751175,=NA(),20,1013.25,-17.033016204833984,20.342716217041016,1094.804931640625,1024.81005859375,69.99000549316406,73.07625579833984,6614.6298828125,5592.0498046875,5597.5869140625,33.95494079589844,10.303339004516602,10.288159370422363,42.1077880859375,10.957042694091797,0.03636637330055237,0,0.0015343124978244305,0,1022.580078125,-5.537109375
44,14,0,1,Day,,35.688472747802734,54.311527252197266,299.6693115234375,874.7000122070312,285.12335205078125,725.9000244140625,0.325967013835907,27.8699893951416,5.920000076293945,=NA(),=NA(),1.2305930852890015,1.4163999557495117,0.34380000829696655,0.08399999886751175,=NA(),20,1013.25,-31.968313217163086,16.784215927124023,1055.409912109375,998.5700073242188,56.84000015258789,71.58812713623047,6420,5457.6298828125,5464.7822265625,34.1450309753418,10.002883911132812,9.97563648223877,42.23655700683594,10.640822410583496,0.03552224859595299,0,0.0012491249945014715,0,962.3701171875,-7.15234375
44,15,0,1,Day,,47.03242111206055,42.96757888793945,285.6495361328125,692.4000244140625,318.68731689453125,548.2999877929688,0.46026474237442017,27.779993057250977,5.840000152587891,=NA(),=NA(),1.4656702280044556,1.4163999557495117,0.34380000829696655,0.08399999886751175,=NA(),20,1013.25,-45.9517822265625,11.384297370910645,939.77001953125,887.2049560546875,52.55999755859375,66.65312957763672,5665.91015625,4903.9501953125,4909.70947265625,34.807899475097656,8.815780639648438,8.735821723937988,42.61476516723633,9.361247062683105,0.03130687400698662,0,0.0011128750629723072,0,761.9599609375,-5.75927734375
44,16,0,1,Day,,59.09747314453125,30.90252685546875,275.33203125,472.0899963378906,307.28759765625,320.8900146484375,0.6509089469909668,27.70000648498535,5.28000020980835,=NA(),=NA(),1.9424030780792236,1.4163999557495117,0.34380000829696655,0.08399999886751175,=NA(),20,1013.25,-58.98786926269531,4.573359966278076,714.9450073242188,656.405029296875,58.540000915527344,57.074363708496094,4321.919921875,3869.169921875,3873.802490234375,36.02164840698242,6.721522331237793,6.587322235107422,43.315765380859375,7.125893592834473,0.023555874824523926,0,0.0011879375670105219,0,452.75,-4.632568359375
44,17,0,1,Day,,71.35201263427734,18.64798927307129,266.601806640625,240,207.80087280273438,100.69999694824219,0.8658369779586792,26.8900089263916,3.4800000190734863,=NA(),=NA(),3.1024229526519775,1.4163999557495117,0.34380000829696655,0.08399999886751175,=NA(),20,1013.25,-32.456260681152344,38.977256774902344,368.57501220703125,347.010009765625,21.56999969482422,41.983116149902344,2154.820068359375,2029.47998046875,2031.56884765625,37.5545654296875,3.3810477256774902,3.32293438911438,43.99091720581055,3.5751984119415283,0.012036937288939953,0,0.00045706250239163637,0,125.340087890625,-2.0888671875
44,18,0,1,Day,,83.444091796875,6.555910587310791,258.3250427246094,31.392000198364258,31.335609436035156,0.49390000104904175,0.9982036352157593,25.3699893951416,3.199899911880493,=NA(),=NA(),8.189425468444824,1.4163999557495117,0.34380000829696655,0.08399999886751175,=NA(),20,1013.25,-9.768054962158203,73.88410949707031,34.785003662109375,31.654998779296875,3.130000114440918,26.83062171936035,174.07000732421875,172.47000122070312,172.45767211914062,36.21991729736328,0.29758721590042114,0.294999897480011,41.68852233886719,0.32178735733032227,0.0010623750276863575,0,0.00006762499833712354,0,1.600006103515625,0.0123291015625
44,19,0,1,Night,Sun below height limit of 1 degrees.,89.57469177246094,0.4253074526786804,253.73785400390625,0,0,0,0,22.670007705688477,3.090100049972534,=NA(),0,32.23244857788086,1.4163999557495117,0.34380000829696655,0.08399999886751175,=NA(),20,1013.25,0,0,0,0,0,22.670007705688477,0,0,0,0,0,0,0,0,0,0,0,0,0,0
44,20,0,1,Night,,106.55557250976562,-16.555574417114258,240.07411193847656,0,0,0,0,19.6400089263916,2.5899999141693115,=NA(),0,64.81599426269531,1.4163999557495117,0.34380000829696655,0.08399999886751175,=NA(),20,1013.25,0,0,0,0,0,19.6400089263916,0,0,0,0,0,0,0,0,0,0,0,0,0,0
44,21,0,1,Night,,116.52960205078125,-26.529598236083984,228.60903930664062,0,0,0,0,20.589990615844727,2.180000066757202,=NA(),0,64.81599426269531,1.4163999557495117,0.34380000829696655,0.08399999886751175,=NA(),20,1013.25,0,0,0,0,0,20.589990615844727,0,0,0,0,0,0,0,0,0,0,0,0,0,0
44,22,0,1,Night,,124.69898223876953,-34.6989860534668,214.52273559570312,0,0,0,0,18.899988174438477,3.410099983215332,=NA(),0,64.81599426269531,1.4163999557495117,0.34380000829696655,0.08399999886751175,=NA(),20,1013.25,0,0,0,0,0,18.899988174438477,0,0,0,0,0,0,0,0,0,0,0,0,0,0
44,23,0,1,Night,,130.1114044189453,-40.11140060424805,197.4144744873047,0,0,0,0,17.95000648498535,4.5,=NA(),0,64.81599426269531,1.4163999557495117,0.34380000829696655,0.08399999886751175,=NA(),20,1013.25,0,0,0,0,0,17.95000648498535,0,0,0,0,0,0,0,0,0,0,0,0,0,0
45,0,0,1,Night,,131.80137634277344,-41.80138397216797,178.1712646484375,0,0,0,0,17.170007705688477,4.530099868774414,=NA(),0,64.81599426269531,1.4163999557495117,0.34380000829696655,0.08399999886751175,=NA(),20,1013.25,0,0,0,0,0,17.170007705688477,0,0,0,0,0,0,0,0,0,0,0,0,0,0
45,1,0,1,Night,,129.38787841796875,-39.38787841796875,159.16635131835938,0,0,0,0,16.30999183654785,4.349999904632568,=NA(),0,64.81599426269531,1.4163999557495117,0.34380000829696655,0.08399999886751175,=NA(),20,1013.25,0,0,0,0,0,16.30999183654785,0,0,0,0,0,0,0,0,0,0,0,0,0,0
45,2,0,1,Night,,123.40270233154297,-33.402706146240234,142.5821075439453,0,0,0,0,15.499994277954102,4.140100002288818,=NA(),0,64.81599426269531,1.4163999557495117,0.34380000829696655,0.08399999886751175,=NA(),20,1013.25,0,0,0,0,0,15.499994277954102,0,0,0,0,0,0,0,0,0,0,0,0,0,0
45,3,0,1,Night,,114.84628295898438,-24.846281051635742,129.01123046875,0,0,0,0,15.740015029907227,4.130099773406982,=NA(),0,64.81599426269531,1.4163999557495117,0.34380000829696655,0.08399999886751175,=NA(),20,1013.25,0,0,0,0,0,15.740015029907227,0,0,0,0,0,0,0,0,0,0,0,0,0,0
45,4,0,1,Night,,104.63261413574219,-14.632611274719238,117.92268371582031,0,0,0,0,13.980005264282227,3.940000057220459,=NA(),0,64.81599426269531,1.4163999557495117,0.34380000829696655,0.08399999886751175,=NA(),20,1013.25,0,0,0,0,0,13.980005264282227,0,0,0,0,0,0,0,0,0,0,0,0,0,0
45,5,0,1,Day,,88.63353729248047,1.3664625883102417,105.30807495117188,3.691999912261963,3.691999912261963,0,1,13.670007705688477,4.510000228881836,=NA(),=NA(),23.385095596313477,1.4163999557495117,0.34380000829696655,0.08399999886751175,=NA(),20,1013.25,2.0293662548065186,86.67626190185547,4.050000190734863,3.690000057220459,0.36000001430511475,13.850000381469727,15.449999809265137,16.030000686645508,16.02536392211914,34.08869171142578,0.02938174456357956,0.02930569462478161,39.588714599609375,0.03759509697556496,0.0001250000059371814,0,0.000007999999979801942,0,-0.5800008773803711,0.0046367645263671875
45,6,0,1,Day,,81.31207275390625,8.687925338745117,99.98197937011719,151.61000061035156,133.07435607910156,122.70999908447266,0.877741277217865,16.4999942779541,5.380000114440918,=NA(),=NA(),6.36189603805542,1.4163999557495117,0.34380000829696655,0.08399999886751175,=NA(),20,1013.25,13.066398620605469,68.4542236328125,246.27499389648438,236.82000732421875,9.454999923706055,26.6612491607666,1305.4300537109375,1295.4599609375,1297.3447265625,39.11879348754883,2.0727646350860596,2.062485694885254,45.159217834472656,2.1874356269836426,0.007481812499463558,0,0.00020593749650288373,0,9.9700927734375,-1.884765625
45,7,0,1,Day,,69.17259216308594,20.827404022216797,91.6492919921875,375.1000061035156,265.0204772949219,309.6000061035156,0.7065328359603882,19.360010147094727,4.549900054931641,=NA(),=NA(),2.7950282096862793,1.4163999557495117,0.34380000829696655,0.08399999886751175,=NA(),20,1013.25,39.018795013427734,30.181594848632812,657.3800048828125,628.4099731445312,28.970001220703125,46.248741149902344,3868,3596.780029296875,3602.97314453125,37.41515350341797,6.0186686515808105,5.938375473022461,44.51173782348633,6.363819599151611,0.0214864369481802,0,0.000684812490362674,0,271.219970703125,-6.193115234375
45,8,0,1,Day,,56.94404220581055,33.05595779418945,82.67914581298828,596.0999755859375,324.6256103515625,497.70001220703125,0.5445824861526489,21.20000648498535,3.26990008354187,=NA(),=NA(),1.8295732736587524,1.4163999557495117,0.34380000829696655,0.08399999886751175,=NA(),20,1013.25,56.729286193847656,6.130898475646973,916.969970703125,858.635009765625,58.34000015258789,58.82811737060547,5568.68017578125,4959.81005859375,4966.83447265625,35.83917999267578,8.661877632141113,8.541654586791992,43.58731460571289,9.183765411376953,0.030629562214016914,0,0.001231437548995018,0,608.8701171875,-7.0244140625
45,9,0,1,Day,,44.990360260009766,45.009639739990234,71.81377410888672,784.7000122070312,321.1135559082031,655.5,0.4092182517051697,22.990015029907227,2.460099935531616,=NA(),=NA(),1.412706971168518,1.4163999557495117,0.34380000829696655,0.08399999886751175,=NA(),20,1013.25,43.52299118041992,12.747539520263672,1045.2149658203125,989.9600219726562,55.255001068115234,66.09374237060547,6343.18017578125,5504.419921875,5512.11328125,34.86754608154297,9.880486488342285,9.820212364196777,42.91654586791992,10.494730949401855,0.035141874104738235,0,0.0011846874840557575,0,838.76025390625,-7.693359375
45,10,0,1,Day,,33.93056869506836,56.06943130493164,56.643836975097656,922.8900146484375,283.34600830078125,770.7999877929688,0.3070203363895416,23.68999671936035,2.0399999618530273,=NA(),=NA(),1.204677939414978,1.4163999557495117,0.34380000829696655,0.08399999886751175,=NA(),20,1013.25,29.332698822021484,17.873414993286133,1093.945068359375,1033.35498046875,60.59000015258789,68.89812469482422,6643.18994140625,5705.7998046875,5713.28369140625,34.491817474365234,10.352601051330566,10.331186294555664,42.65198516845703,10.999266624450684,0.036737751215696335,0,0.0013287500478327274,0,937.39013671875,-7.48388671875
45,11,0,1,Day,,25.240371704101562,64.75962829589844,32.48173904418945,1017.5999755859375,249.0325927734375,849.6900024414062,0.24472543597221375,25.08001136779785,1.660099983215332,=NA(),=NA(),1.1052436828613281,1.4163999557495117,0.34380000829696655,0.08399999886751175,=NA(),20,1013.25,14.207051277160645,21.08234214782715,1120.760009765625,1046.7249755859375,74.03500366210938,71.71562957763672,6763.93017578125,5748.52001953125,5750.3583984375,34.15249252319336,10.523317337036133,10.489422798156738,42.328590393066406,11.165148735046387,0.03715506196022034,0,0.0016139375511556864,0,1015.41015625,-1.83837890625
45,12,0,1,Day,,22.098905563354492,67.90109252929688,356.3612365722656,1050.800048828125,237.8574981689453,877.4000244140625,0.22635847330093384,25.42998695373535,1.3401000499725342,=NA(),=NA(),1.0790408849716187,1.4163999557495117,0.34380000829696655,0.08399999886751175,=NA(),20,1013.25,-1.4761464595794678,22.052013397216797,1129.114990234375,1051.114990234375,78.0050048828125,72.48250579833984,6819.740234375,5779.23974609375,5779.955078125,34.05998229980469,10.606210708618164,10.56609058380127,42.24750900268555,11.251021385192871,0.03736206144094467,0,0.0017317499732598662,0,1040.50048828125,-0.71533203125
45,13,0,1,Day,,26.591285705566406,63.408714294433594,322.07000732421875,430.4100036621094,395.8876647949219,38.60599899291992,0.9197919964790344,26.360010147094727,1.5901000499725342,=NA(),=NA(),1.1179540157318115,1.4163999557495117,0.34380000829696655,0.08399999886751175,=NA(),20,1013.25,-17.10318374633789,20.675098419189453,468.3900146484375,427.4750061035156,40.90999984741211,45.65563201904297,2718.1201171875,2529.41015625,2531.515625,37.281005859375,4.243989944458008,4.2006516456604,43.93069076538086,4.490092754364014,0.01481193769723177,0,0.0008630625088699162,0,188.7099609375,-2.10546875
45,14,0,1,Day,,35.92582702636719,54.07417297363281,300.0830078125,924.4000244140625,299.3410339355469,771.8900146484375,0.3238219618797302,27.610010147094727,2.2499001026153564,=NA(),=NA(),1.2342673540115356,1.4163999557495117,0.34380000829696655,0.08399999886751175,=NA(),20,1013.25,-32.08637237548828,17.103843688964844,1115.47998046875,1055.070068359375,60.40999984741211,73.89250946044922,6778.7900390625,5713.5400390625,5721.3232421875,33.82927322387695,10.570212364196777,10.541669845581055,42.05443572998047,11.255345344543457,0.03752918913960457,0,0.0013258749386295676,0,1065.25,-7.783203125
45,15,0,1,Day,,47.23786544799805,42.76213455200195,286.0176696777344,721.9000244140625,317.8531799316406,595.0999755859375,0.4403008222579956,27.779993057250977,2.809999942779541,=NA(),=NA(),1.4713233709335327,1.4163999557495117,0.34380000829696655,0.08399999886751175,=NA(),20,1013.25,-46.105499267578125,11.688146591186523,985.64501953125,932,53.64500045776367,68.6162338256836,5949.43994140625,5112.83984375,5117.96142578125,34.55420684814453,9.257177352905273,9.175201416015625,42.46148681640625,9.830292701721191,0.03291362524032593,0,0.0011383750243112445,0,836.60009765625,-5.12158203125
45,16,0,1,Day,,59.28948974609375,30.71051025390625,275.65765380859375,459.80999755859375,306.44659423828125,300.29998779296875,0.6664635539054871,27.7700138092041,3.0100998878479004,=NA(),=NA(),1.9532768726348877,1.4163999557495117,0.34380000829696655,0.08399999886751175,=NA(),20,1013.25,-59.166500091552734,4.862135410308838,693.6699829101562,635.3150024414062,58.35499954223633,56.26500701904297,4185.6298828125,3757.489990234375,3762.349853515625,36.11346435546875,6.5115437507629395,6.377326011657715,43.358619689941406,6.903351306915283,0.022789686918258667,0,0.001180687453597784,0,428.139892578125,-4.85986328125
45,17,0,1,Day,,71.54276275634766,18.457239151000977,266.8977966308594,221.99000549316406,197.8355712890625,76.29399871826172,0.8911913633346558,27.6299991607666,2.3299999237060547,=NA(),=NA(),3.1327624320983887,1.4163999557495117,0.34380000829696655,0.08399999886751175,=NA(),20,1013.25,-31.937744140625,39.671058654785156,331.7349853515625,311.07000732421875,20.665000915527344,41.22185516357422,1931.1800537109375,1823.010009765625,1824.8988037109375,37.54324722290039,3.0380055904388428,2.984208106994629,43.89244079589844,3.2131457328796387,0.01079768780618906,0,0.00043287500739097595,0,108.1700439453125,-1.8887939453125
45,18,0,1,Day,,83.64068603515625,6.359317302703857,258.6019592285156,27.5049991607666,27.44913101196289,0.5044000148773193,0.9979687929153442,26.9999942779541,2.469899892807007,=NA(),=NA(),8.409934043884277,1.4163999557495117,0.34380000829696655,0.08399999886751175,=NA(),20,1013.25,-9.454450607299805,74.37787628173828,30.084999084472656,27.314998626708984,2.7649998664855957,28.266260147094727,149.89999389648438,147.6699981689453,147.70899963378906,35.75144577026367,0.25822147727012634,0.2561589479446411,41.221649169921875,0.28014063835144043,0.0009231875301338732,0,0.000059875001170439646,0,2.2299957275390625,-0.03900146484375
45,19,0,1,Night,Sun below height limit of 1 degrees.,89.66905212402344,0.3309451937675476,254.07925415039062,0,0,0,0,23.6400089263916,2.3499999046325684,=NA(),0,33.3897819519043,1.4163999557495117,0.34380000829696655,0.08399999886751175,=NA(),20,1013.25,0,0,0,0,0,23.6400089263916,0,0,0,0,0,0,0,0,0,0,0,0,0,0
45,20,0,1,Night,,106.79295349121094,-16.792957305908203,240.3270263671875,0,0,0,0,22.110010147094727,1.7598999738693237,=NA(),0,64.81599426269531,1.4163999557495117,0.34380000829696655,0.08399999886751175,=NA(),20,1013.25,0,0,0,0,0,22.110010147094727,0,0,0,0,0,0,0,0,0,0,0,0,0,0
45,21,0,1,Night,,116.79823303222656,-26.79823112487793,228.84214782714844,0,0,0,0,19.600000381469727,1.9000999927520752,=NA(),0,64.81599426269531,1.4163999557495117,0.34380000829696655,0.08399999886751175,=NA(),20,1013.25,0,0,0,0,0,19.600000381469727,0,0,0,0,0,0,0,0,0,0,0,0,0,0
45,22,0,1,Night,,125.00166320800781,-35.00166702270508,214.71163940429688,0,0,0,0,18.9999942779541,3.059999942779541,=NA(),0,64.81599426269531,1.4163999557495117,0.34380000829696655,0.08399999886751175,=NA(),20,1013.25,0,0,0,0,0,18.9999942779541,0,0,0,0,0,0,0,0,0,0,0,0,0,0
45,23,0,1,Night,,130.44264221191406,-40.4426383972168,197.51617431640625,0,0,0,0,18.740015029907227,4.269999980926514,=NA(),0,64.81599426269531,1.4163999557495117,0.34380000829696655,0.08399999886751175,=NA(),20,1013.25,0,0,0,0,0,18.740015029907227,0,0,0,0,0,0,0,0,0,0,0,0,0,0
46,0,0,1,Night,,132.1412811279297,-42.14127731323242,178.14732360839844,0,0,0,0,17.8900089263916,4.610099792480469,=NA(),0,64.81599426269531,1.4163999557495117,0.34380000829696655,0.08399999886751175,=NA(),20,1013.25,0,0,0,0,0,17.8900089263916,0,0,0,0,0,0,0,0,0,0,0,0,0,0
46,1,0,1,Night,,129.7099609375,-39.70996856689453,159.0231475830078,0,0,0,0,17.350000381469727,4.329999923706055,=NA(),0,64.81599426269531,1.4163999557495117,0.34380000829696655,0.08399999886751175,=NA(),20,1013.25,0,0,0,0,0,17.350000381469727,0,0,0,0,0,0,0,0,0,0,0,0,0,0
46,2,0,1,Night,,123.69061279296875,-33.690608978271484,142.36380004882812,0,0,0,0,16.70000648498535,3.8499999046325684,=NA(),0,64.81599426269531,1.4163999557495117,0.34380000829696655,0.08399999886751175,=NA(),20,1013.25,0,0,0,0,0,16.70000648498535,0,0,0,0,0,0,0,0,0,0,0,0,0,0
46,3,0,1,Night,,115.09796142578125,-25.09796142578125,128.7578582763672,0,0,0,0,16.050012588500977,3.3301000595092773,=NA(),0,64.81599426269531,1.4163999557495117,0.34380000829696655,0.08399999886751175,=NA(),20,1013.25,0,0,0,0,0,16.050012588500977,0,0,0,0,0,0,0,0,0,0,0,0,0,0
46,4,0,1,Night,,104.85308837890625,-14.8530912399292,117.65435028076172,0,0,0,0,15.070001602172852,2.8798999786376953,=NA(),0,64.81599426269531,1.4163999557495117,0.34380000829696655,0.08399999886751175,=NA(),20,1013.25,0,0,0,0,0,15.070001602172852,0,0,0,0,0,0,0,0,0,0,0,0,0,0
46,5,0,1,Day,,88.71773529052734,1.2822612524032593,104.9544677734375,2.8910999298095703,2.8910999298095703,0,1,13.559991836547852,3.340100049972534,=NA(),=NA(),24.010225296020508,1.4163999557495117,0.34380000829696655,0.08399999886751175,=NA(),20,1013.25,1.9009556770324707,86.88124084472656,3.1700000762939453,2.890000104904175,0.2800000011920929,13.700006484985352,11.25,11.680000305175781,11.658255577087402,33.44470977783203,0.02178642712533474,0.021727407351136208,39.0721549987793,0.02944057807326317,0.000097999996796716,0,0.000006000000212225132,0,-0.43000030517578125,0.021744728088378906
46,6,0,1,Day,,81.4937744140625,8.50622844696045,99.6910400390625,153.88999938964844,134.98768615722656,127.79000091552734,0.8771699666976929,15.719995498657227,3.9198999404907227,=NA(),=NA(),6.4860334396362305,1.4163999557495117,0.34380000829696655,0.08399999886751175,=NA(),20,1013.25,12.762275695800781,68.92305755615234,251.86500549316406,242.43499755859375,9.430000305175781,26.129358291625977,1322.550048828125,1314.8499755859375,1316.676025390625,39.213294982910156,2.0985798835754395,2.0880022048950195,45.25394058227539,2.2145659923553467,0.007579687517136335,0,0.00020581249555107206,0,7.7000732421875,-1.8260498046875
46,7,0,1,Day,,69.34978485107422,20.65021514892578,91.33728790283203,378.989990234375,267.69342041015625,315.5899963378906,0.7063337564468384,19.2700138092041,3.2600998878479004,=NA(),=NA(),2.817600965499878,1.4163999557495117,0.34380000829696655,0.08399999886751175,=NA(),20,1013.25,38.39384841918945,30.973560333251953,666.2449951171875,637.550048828125,28.69499969482422,46.51750946044922,3925.949951171875,3647.4599609375,3653.64794921875,37.38682174682617,6.107940673828125,6.029076099395752,44.504844665527344,6.4585280418396,0.021821562200784683,0,0.0006779375253245234,0,278.489990234375,-6.18798828125
46,8,0,1,Day,,57.12512969970703,32.87487030029297,82.3338394165039,600.7100219726562,328.324462890625,501.80999755859375,0.5465606451034546,21.279993057250977,2.6500000953674316,=NA(),=NA(),1.8384579420089722,1.4163999557495117,0.34380000829696655,0.08399999886751175,=NA(),20,1013.25,56.890193939208984,6.432798862457275,926.47998046875,867.3800048828125,59.10499954223633,59.318748474121094,5627.31005859375,5003.35986328125,5009.9306640625,35.77709197998047,8.752197265625,8.628732681274414,43.544979095458984,9.277519226074219,0.03095306269824505,0,0.0012447499902918935,0,623.9501953125,-6.57080078125
46,9,0,1,Day,,45.18894958496094,44.81105041503906,71.42097473144531,790.1900024414062,325.1820983886719,659.7999877929688,0.4115239381790161,22.159997940063477,2.4798998832702637,=NA(),=NA(),1.4176113605499268,1.4163999557495117,0.34380000829696655,0.08399999886751175,=NA(),20,1013.25,43.65615463256836,13.063730239868164,1053.375,997.4299926757812,55.939998626708984,65.57250213623047,6390.68017578125,5556.51025390625,5564.5888671875,34.93357849121094,9.955699920654297,9.891706466674805,42.99850845336914,10.574044227600098,0.03540337458252907,0,0.0011981249554082751,0,834.169921875,-8.07861328125
46,10,0,1,Day,,34.167911529541016,55.832088470458984,56.20411682128906,929.9099731445312,287.43756103515625,776.5,0.3091025650501251,23.469995498657227,2.509999990463257,=NA(),=NA(),1.2080470323562622,1.4163999557495117,0.34380000829696655,0.08399999886751175,=NA(),20,1013.25,29.4266300201416,18.20351791381836,1102.52001953125,1041.3199462890625,61.20500183105469,69.05062103271484,6693.5,5745.89013671875,5753.18701171875,34.47137451171875,10.4310941696167,10.409093856811523,42.648075103759766,11.08382797241211,0.037017062306404114,0,0.0013418125454336405,0,947.60986328125,-7.296875
46,11,0,1,Day,,25.541522979736328,64.45848083496094,32.10314178466797,1011.4000244140625,249.42138671875,844.510009765625,0.24661003053188324,24.3900089263916,2.5799999237060547,=NA(),=NA(),1.1079988479614258,1.4163999557495117,0.34380000829696655,0.08399999886751175,=NA(),20,1013.25,14.249545097351074,21.422157287597656,1114.054931640625,1040.445068359375,73.61000061035156,70.66686248779297,6723.669921875,5736.8701171875,5741.0185546875,34.276695251464844,10.468154907226562,10.44080638885498,42.45047378540039,11.113499641418457,0.03693024814128876,0,0.0016043749637901783,0,986.7998046875,-4.1484375
46,12,0,1,Day,,22.441091537475586,67.55890655517578,356.3825378417969,1019.5,232.3987579345703,851.5900268554688,0.22795365750789642,25.540002822875977,2.54010009765625,=NA(),=NA(),1.081678032875061,1.4163999557495117,0.34380000829696655,0.08399999886751175,=NA(),20,1013.25,-1.492710828781128,22.393953323364258,1095.4849853515625,1019.8150024414062,75.66999816894531,71.09062957763672,6619.7001953125,5638.7998046875,5642.12060546875,34.230770111083984,10.30162525177002,10.274068832397461,42.36397171020508,10.931119918823242,0.036250751465559006,0,0.0016797500429674983,0,980.900390625,-3.32080078125
46,13,0,1,Day,,26.890169143676758,63.10982894897461,322.4414367675781,961.7100219726562,249.1820831298828,798.9099731445312,0.2591031491756439,26.610010147094727,2.3701000213623047,=NA(),=NA(),1.1208902597427368,1.4163999557495117,0.34380000829696655,0.08399999886751175,=NA(),20,1013.25,-17.177534103393555,21.010406494140625,1070.094970703125,1001.64501953125,68.44999694824219,71.10936737060547,6467.1201171875,5507.83984375,5510.16015625,34.23849868774414,10.058415412902832,10.040982246398926,42.313011169433594,10.676806449890137,0.0355447493493557,0,0.0015001250430941582,0,959.2802734375,-2.3203125
46,14,0,1,Day,,36.169193267822266,53.830806732177734,300.49267578125,848,288.0721740722656,693.5999755859375,0.33970776200294495,27.529993057250977,2.159899950027466,=NA(),=NA(),1.2380797863006592,1.4163999557495117,0.34380000829696655,0.08399999886751175,=NA(),20,1013.25,-32.209022521972656,17.425758361816406,1023.6099853515625,967.9549560546875,55.660003662109375,69.89562225341797,6218.68994140625,5319.7099609375,5326.19970703125,34.37460708618164,9.684107780456543,9.659590721130371,42.38822555541992,10.292646408081055,0.03438450023531914,0,0.0012217500479891896,0,898.97998046875,-6.48974609375
46,15,0,1,Day,,47.44898986816406,42.55101013183594,286.3847351074219,675.5999755859375,320.63824462890625,524.9000244140625,0.4745977818965912,27.670007705688477,1.8600000143051147,=NA(),=NA(),1.4771983623504639,1.4163999557495117,0.34380000829696655,0.08399999886751175,=NA(),20,1013.25,-46.26387023925781,11.993786811828613,917.2449951171875,864.8499755859375,52.39500045776367,65.59123992919922,5532.83984375,4807.22021484375,4812.34130859375,34.950740814208984,8.605640411376953,8.522098541259766,42.70367431640625,9.132772445678711,0.03054800070822239,0,0.0011074375361204147,0,725.61962890625,-5.12109375
46,16,0,1,Day,,59.486785888671875,30.513212203979492,275.9833679199219,454.8999938964844,305.4729919433594,294.29998779296875,0.6715168356895447,27.9999942779541,1.3300000429153442,=NA(),=NA(),1.9645994901657104,1.4163999557495117,0.34380000829696655,0.08399999886751175,=NA(),20,1013.25,-59.34969711303711,5.152334213256836,687.02001953125,628.6900024414062,58.31999969482422,56.238121032714844,4144.93017578125,3721.1298828125,3725.4921875,36.11753463745117,6.447026252746582,6.312841892242432,43.343353271484375,6.83347225189209,0.02256256341934204,0,0.001177062513306737,0,423.80029296875,-4.3623046875
46,17,0,1,Day,,71.73823547363281,18.261764526367188,267.1944274902344,221.5,197.02667236328125,78.0999984741211,0.8895109295845032,27.32000160217285,0.8999999761581421,=NA(),=NA(),3.164503812789917,1.4163999557495117,0.34380000829696655,0.08399999886751175,=NA(),20,1013.25,-31.41828727722168,40.372459411621094,332.0050048828125,311.69000244140625,20.31999969482422,40.90624237060547,1936.3299560546875,1829.9100341796875,1832.0362548828125,37.58479309082031,3.0465171337127686,2.995159387588501,43.93927764892578,3.2217695713043213,0.010837437584996223,0,0.00042206249781884253,0,106.419921875,-2.126220703125
46,18,0,1,Day,,83.84024810791016,6.159752368927002,258.8797607421875,15.491000175476074,15.481161117553711,0.0917000025510788,0.9993648529052734,25.339990615844727,1.7999999523162842,=NA(),=NA(),8.64568042755127,1.4163999557495117,0.34380000829696655,0.08399999886751175,=NA(),20,1013.25,-9.138209342956543,74.87806701660156,16.904998779296875,15.350000381469727,1.559999942779541,26.055017471313477,80.36000061035156,79.87000274658203,79.89463806152344,35.062923431396484,0.14241257309913635,0.14135748147964478,40.487144470214844,0.15742166340351105,0.0005193749675527215,0,0.00003387499964446761,0,0.48999786376953125,-0.02463531494140625
46,19,0,1,Night,Sun below height limit of 1 degrees.,89.75414276123047,0.24585986137390137,254.42897033691406,0,0,0,0,22.219995498657227,3.799999952316284,=NA(),0,34.48381423950195,1.4163999557495117,0.34380000829696655,0.08399999886751175,=NA(),20,1013.25,0,0,0,0,0,22.219995498657227,0,0,0,0,0,0,0,0,0,0,0,0,0,0
46,20,0,1,Night,,107.03527069091797,-17.035274505615234,240.5810546875,0,0,0,0,20.899988174438477,4.570000171661377,=NA(),0,64.81599426269531,1.4163999557495117,0.34380000829696655,0.08399999886751175,=NA(),20,1013.25,0,0,0,0,0,20.899988174438477,0,0,0,0,0,0,0,0,0,0,0,0,0,0
46,21,0,1,Night,,117.07093048095703,-27.070934295654297,229.07620239257812,0,0,0,0,19.8799991607666,4.71999979019165,=NA(),0,64.81599426269531,1.4163999557495117,0.34380000829696655,0.08399999886751175,=NA(),20,1013.25,0,0,0,0,0,19.8799991607666,0,0,0,0,0,0,0,0,0,0,0,0,0,0
46,22,0,1,Night,,125.30855560302734,-35.30855178833008,214.90069580078125,0,0,0,0,19.0200138092041,4.530099868774414,=NA(),0,64.81599426269531,1.4163999557495117,0.34380000829696655,0.08399999886751175,=NA(),20,1013.25,0,0,0,0,0,19.0200138092041,0,0,0,0,0,0,0,0,0,0,0,0,0,0
46,23,0,1,Night,,130.77798461914062,-40.77798843383789,197.61619567871094,0,0,0,0,18.1400089263916,4.140100002288818,=NA(),0,64.81599426269531,1.4163999557495117,0.34380000829696655,0.08399999886751175,=NA(),20,1013.25,0,0,0,0,0,18.1400089263916,0,0,0,0,0,0,0,0,0,0,0,0,0,0
47,0,0,1,Night,,132.48468017578125,-42.484676361083984,178.118896484375,0,0,0,0,16.6199893951416,3.839900016784668,=NA(),0,64.81599426269531,1.4163999557495117,0.34380000829696655,0.08399999886751175,=NA(),20,1013.25,0,0,0,0,0,16.6199893951416,0,0,0,0,0,0,0,0,0,0,0,0,0,0
47,1,0,1,Night,,130.03436279296875,-40.034358978271484,158.87347412109375,0,0,0,0,16.670007705688477,3.630000114440918,=NA(),0,64.81599426269531,1.4163999557495117,0.34380000829696655,0.08399999886751175,=NA(),20,1013.25,0,0,0,0,0,16.670007705688477,0,0,0,0,0,0,0,0,0,0,0,0,0,0
47,2,0,1,Night,,123.97959899902344,-33.9796028137207,142.1387481689453,0,0,0,0,17.08001136779785,3.450000047683716,=NA(),0,64.81599426269531,1.4163999557495117,0.34380000829696655,0.08399999886751175,=NA(),20,1013.25,0,0,0,0,0,17.08001136779785,0,0,0,0,0,0,0,0,0,0,0,0,0,0
47,3,0,1,Night,,115.34980773925781,-25.349807739257812,128.49844360351562,0,0,0,0,16.45000648498535,3.340100049972534,=NA(),0,64.81599426269531,1.4163999557495117,0.34380000829696655,0.08399999886751175,=NA(),20,1013.25,0,0,0,0,0,16.45000648498535,0,0,0,0,0,0,0,0,0,0,0,0,0,0
47,4,0,1,Night,,105.07356262207031,-15.07356071472168,117.38075256347656,0,0,0,0,15.040002822875977,3.309999942779541,=NA(),0,64.81599426269531,1.4163999557495117,0.34380000829696655,0.08399999886751175,=NA(),20,1013.25,0,0,0,0,0,15.040002822875977,0,0,0,0,0,0,0,0,0,0,0,0,0,0
47,5,0,1,Day,,88.80155944824219,1.1984387636184692,104.59617614746094,1.6994999647140503,1.6994999647140503,0,1,13.950006484985352,4.090000152587891,=NA(),=NA(),24.660181045532227,1.4163999557495117,0.34380000829696655,0.08399999886751175,=NA(),20,1013.25,1.773586392402649,87.08527374267578,1.8650000095367432,1.7000000476837158,0.16499999165534973,14.031244277954102,5.28000020980835,5.440000057220459,5.379945755004883,31.319149017333984,0.010736131109297276,0.010703652165830135,37.664791107177734,0.017310528084635735,0.000057875000493368134,0,0.000003999999989900971,0,-0.15999984741210938,0.06005430221557617
47,6,0,1,Day,,81.67548370361328,8.324518203735352,99.39579010009766,153.99000549316406,135.372802734375,128.58999633789062,0.8791012167930603,16.240015029907227,5.899899959564209,=NA(),=NA(),6.615011692047119,1.4163999557495117,0.34380000829696655,0.08399999886751175,=NA(),20,1013.25,12.460208892822266,69.39070129394531,252.98001098632812,243.6400146484375,9.335000038146973,26.72625160217285,1315.3699951171875,1305.0400390625,1306.709228515625,39.12593460083008,2.087345600128174,2.0765633583068848,45.16380310058594,2.2033755779266357,0.007540937513113022,0,0.0002042499982053414,0,10.3299560546875,-1.669189453125
47,7,0,1,Day,,69.52680206298828,20.473201751708984,91.02119445800781,370.489990234375,263.18426513671875,306.7900085449219,0.7103680968284607,18.7499942779541,6.590000152587891,=NA(),=NA(),2.8405418395996094,1.4163999557495117,0.34380000829696655,0.08399999886751175,=NA(),20,1013.25,37.788902282714844,31.747821807861328,649.10498046875,621.135009765625,27.969999313354492,45.27373504638672,3826.800048828125,3570.380126953125,3576.198486328125,37.545448303222656,5.953200340270996,5.877159595489502,44.61845016479492,6.292627334594727,0.02127968706190586,0,0.0006586874951608479,0,256.419921875,-5.818359375
47,8,0,1,Day,,57.306602478027344,32.693397521972656,81.98458099365234,598.7899780273438,328.669677734375,500.0899963378906,0.5488897562026978,21.9999942779541,5.579899787902832,=NA(),=NA(),1.8474669456481934,1.4163999557495117,0.34380000829696655,0.08399999886751175,=NA(),20,1013.25,57.050384521484375,6.739104270935059,925.5450439453125,866.2249755859375,59.31999969482422,59.99376678466797,5630.52001953125,4994.02001953125,5001.228515625,35.68339157104492,8.759939193725586,8.638265609741211,43.45941925048828,9.291646003723145,0.030970187857747078,0,0.001246000058017671,0,636.5,-7.20849609375
47,9,0,1,Day,,45.388736724853516,44.611263275146484,71.02450561523438,810.6099853515625,335.29107666015625,676.8099975585938,0.41362810134887695,24.529993057250977,4.300099849700928,=NA(),=NA(),1.4225969314575195,1.4163999557495117,0.34380000829696655,0.08399999886751175,=NA(),20,1013.25,43.788421630859375,13.38422966003418,1081.1099853515625,1023.3099975585938,57.80000305175781,69.21187591552734,6554.93994140625,5623.0498046875,5631.0830078125,34.449440002441406,10.216255187988281,10.145995140075684,42.584312438964844,10.863374710083008,0.0363173745572567,0,0.0012366875307634473,0,931.89013671875,-8.033203125
47,10,0,1,Day,,34.407257080078125,55.592742919921875,55.76172637939453,946.9000244140625,294.53936767578125,790.7000122070312,0.3110564649105072,25.8699893951416,3.340100049972534,=NA(),=NA(),1.2114849090576172,1.4163999557495117,0.34380000829696655,0.08399999886751175,=NA(),20,1013.25,29.51899528503418,18.537752151489258,1122.7449951171875,1060.18994140625,62.55500030517578,72.44686126708984,6813.580078125,5774.81005859375,5780.4931640625,34.02954864501953,10.616676330566406,10.593409538269043,42.25041961669922,11.287409782409668,0.03768699988722801,0,0.0013706875033676624,0,1038.77001953125,-5.68310546875
47,11,0,1,Day,,25.845436096191406,64.1545639038086,31.723155975341797,1005.7999877929688,250.00238037109375,839.7999877929688,0.24856072664260864,27.5200138092041,2.809999942779541,=NA(),=NA(),1.110824465751648,1.4163999557495117,0.34380000829696655,0.08399999886751175,=NA(),20,1013.25,14.28961181640625,21.765840530395508,1107.9949951171875,1034.764892578125,73.2300033569336,73.61873626708984,6687.27001953125,5641.97021484375,5647.572265625,33.880409240722656,10.418210983276367,10.396845817565918,42.06088638305664,11.083256721496582,0.0367269366979599,0,0.0015958750154823065,0,1045.2998046875,-5.60205078125
47,12,0,1,Day,,22.78687286376953,67.21312713623047,356.3959045410156,1091.300048828125,251.21746826171875,911.2000122070312,0.23020018637180328,27.8900089263916,2.509999990463257,=NA(),=NA(),1.0843952894210815,1.4163999557495117,0.34380000829696655,0.08399999886751175,=NA(),20,1013.25,-1.5126984119415283,22.73927879333496,1172.7900390625,1091.635009765625,81.14500427246094,76.81688690185547,7077.08984375,5899.10009765625,5904.8056640625,33.44596481323242,11.034226417541504,11.014087677001953,41.770389556884766,11.741966247558594,0.038793813437223434,0,0.0018007500329986215,0,1177.98974609375,-5.70556640625
47,13,0,1,Day,,27.19448471069336,62.80551528930664,322.8033142089844,1067.800048828125,274.7572021484375,891.5999755859375,0.25731146335601807,28.07000160217285,2.3299999237060547,=NA(),=NA(),1.123927116394043,1.4163999557495117,0.34380000829696655,0.08399999886751175,=NA(),20,1013.25,-17.256071090698242,21.348512649536133,1188.179931640625,1111.945068359375,76.24000549316406,77.6787338256836,7165.89990234375,5953.4599609375,5958.57177734375,33.332584381103516,11.172574043273926,11.155385971069336,41.68667221069336,11.894063949584961,0.039443813264369965,0,0.0016695625381544232,0,1212.43994140625,-5.11181640625
47,14,0,1,Day,,36.418521881103516,53.581478118896484,300.8981628417969,899.510009765625,295.2513122558594,750.9099731445312,0.3282357156276703,28.92998695373535,2.2399001121520996,=NA(),=NA(),1.2420331239700317,1.4163999557495117,0.34380000829696655,0.08399999886751175,=NA(),20,1013.25,-32.336280822753906,17.7498836517334,1087.239990234375,1028.389892578125,58.849998474121094,74.04375457763672,6602.56005859375,5561.1201171875,5568.73681640625,33.81479263305664,10.292716026306152,10.267094612121582,41.97994613647461,10.961198806762695,0.0365387499332428,0,0.0012916249688714743,0,1041.43994140625,-7.61669921875
47,15,0,1,Day,,47.665775299072266,42.334224700927734,286.7505187988281,266.79998779296875,259.3899841308594,11.003000259399414,0.9722263813018799,28.719995498657227,2.259999990463257,=NA(),=NA(),1.4833005666732788,1.4163999557495117,0.34380000829696655,0.08399999886751175,=NA(),20,1013.25,-46.42693328857422,12.301116943359375,279.905029296875,233.97000122070312,45.93499755859375,40.43126678466797,1537.949951171875,1454.510009765625,1449.53173828125,37.631263732910156,2.4069859981536865,2.2878873348236084,43.583595275878906,2.5653181076049805,0.008084562607109547,0,0.0009220000356435776,0,83.43994140625,4.978271484375
47,16,0,1,Day,,59.68928146362305,30.310718536376953,276.3091125488281,222.11000061035156,215.0902862548828,13.909000396728516,0.9683953523635864,28.459985733032227,2.079900026321411,=NA(),=NA(),1.976381540298462,1.4163999557495117,0.34380000829696655,0.08399999886751175,=NA(),20,1013.25,-59.53740692138672,5.443840980529785,242.16000366210938,192.80499267578125,49.355003356933594,38.605003356933594,1323.3499755859375,1259.0899658203125,1252.00390625,37.78826141357422,2.0701816082000732,1.9518275260925293,43.55988311767578,2.216506242752075,0.006813374813646078,0,0.0009746874566189945,0,64.260009765625,7.0860595703125
47,17,0,1,Day,,71.93871307373047,18.0612850189209,267.49163818359375,114.19999694824219,113.0847396850586,3.5971999168395996,0.9902341961860657,28.350000381469727,1.7401000261306763,=NA(),=NA(),3.1977639198303223,1.4163999557495117,0.34380000829696655,0.08399999886751175,=NA(),20,1013.25,-30.897228240966797,41.0822868347168,130.3350067138672,115.9749984741211,14.360000610351562,33.76000213623047,711.6699829101562,688.0399780273438,687.73291015625,37.38148498535156,1.1497950553894043,1.114450216293335,43.129783630371094,1.2226662635803223,0.004002499859780073,0,0.0002863749978132546,0,23.6300048828125,0.30706787109375
47,18,0,1,Day,,84.04512786865234,5.954873085021973,259.1584777832031,8.204500198364258,8.204240798950195,0.0024999999441206455,0.999968409538269,26.07000160217285,2.9400999546051025,=NA(),=NA(),8.901165008544922,1.4163999557495117,0.34380000829696655,0.08399999886751175,=NA(),20,1013.25,-8.815743446350098,75.39053344726562,8.949999809265137,8.129999160766602,0.8250000476837158,26.454980850219727,39.56999969482422,39.26000213623047,39.24945068359375,33.79026794433594,0.07259737700223923,0.07203549146652222,39.215606689453125,0.08336982876062393,0.0002749374834820628,0,0.00001799999881768599,0,0.30999755859375,0.01055145263671875
47,19,0,1,Night,Sun below height limit of 1 degrees.,89.8470458984375,0.15295472741127014,254.7798309326172,0,0,0,0,23.659997940063477,4.920100212097168,=NA(),0,35.7353401184082,1.4163999557495117,0.34380000829696655,0.08399999886751175,=NA(),20,1013.25,0,0,0,0,0,23.659997940063477,0,0,0,0,0,0,0,0,0,0,0,0,0,0
47,20,0,1,Night,,107.28125,-17.281253814697266,240.83616638183594,0,0,0,0,22.6199893951416,6.110000133514404,=NA(),0,64.81599426269531,1.4163999557495117,0.34380000829696655,0.08399999886751175,=NA(),20,1013.25,0,0,0,0,0,22.6199893951416,0,0,0,0,0,0,0,0,0,0,0,0,0,0
47,21,0,1,Night,,117.34754943847656,-27.347551345825195,229.31117248535156,0,0,0,0,21.8699893951416,6.670100212097168,=NA(),0,64.81599426269531,1.4163999557495117,0.34380000829696655,0.08399999886751175,=NA(),20,1013.25,0,0,0,0,0,21.8699893951416,0,0,0,0,0,0,0,0,0,0,0,0,0,0
47,22,0,1,Night,,125.61939239501953,-35.61939239501953,215.08993530273438,0,0,0,0,20.730005264282227,6.689899921417236,=NA(),0,64.81599426269531,1.4163999557495117,0.34380000829696655,0.08399999886751175,=NA(),20,1013.25,0,0,0,0,0,20.730005264282227,0,0,0,0,0,0,0,0,0,0,0,0,0,0
47,23,0,1,Night,,131.1171112060547,-41.117103576660156,197.71450805664062,0,0,0,0,19.600000381469727,6.349999904632568,=NA(),0,64.81599426269531,1.4163999557495117,0.34380000829696655,0.08399999886751175,=NA(),20,1013.25,0,0,0,0,0,19.600000381469727,0,0,0,0,0,0,0,0,0,0,0,0,0,0
48,0,0,1,Night,,132.8310546875,-42.83106231689453,178.08595275878906,0,0,0,0,19.07000160217285,5.659900188446045,=NA(),0,64.81599426269531,1.4163999557495117,0.34380000829696655,0.08399999886751175,=NA(),20,1013.25,0,0,0,0,0,19.07000160217285,0,0,0,0,0,0,0,0,0,0,0,0,0,0
48,1,0,1,Night,,130.36065673828125,-40.36066436767578,158.71728515625,0,0,0,0,18.209985733032227,5.230000019073486,=NA(),0,64.81599426269531,1.4163999557495117,0.34380000829696655,0.08399999886751175,=NA(),20,1013.25,0,0,0,0,0,18.209985733032227,0,0,0,0,0,0,0,0,0,0,0,0,0,0
48,2,0,1,Night,,124.26942443847656,-34.2694206237793,141.90699768066406,0,0,0,0,18.100000381469727,5.150000095367432,=NA(),0,64.81599426269531,1.4163999557495117,0.34380000829696655,0.08399999886751175,=NA(),20,1013.25,0,0,0,0,0,18.100000381469727,0,0,0,0,0,0,0,0,0,0,0,0,0,0
48,3,0,1,Night,,115.60157775878906,-25.601577758789062,128.23301696777344,0,0,0,0,17.9999942779541,5.130000114440918,=NA(),0,64.81599426269531,1.4163999557495117,0.34380000829696655,0.08399999886751175,=NA(),20,1013.25,0,0,0,0,0,17.9999942779541,0,0,0,0,0,0,0,0,0,0,0,0,0,0
48,4,0,1,Night,,105.29313659667969,-15.293137550354004,117.10194396972656,0,0,0,0,17.7499942779541,5.28000020980835,=NA(),0,64.81599426269531,1.4163999557495117,0.34380000829696655,0.08399999886751175,=NA(),20,1013.25,0,0,0,0,0,17.7499942779541,0,0,0,0,0,0,0,0,0,0,0,0,0,0
48,5,0,1,Day,,88.8915023803711,1.1084964275360107,104.23572540283203,1.3087999820709229,1.3085697889328003,0.011900000274181366,0.9998241066932678,17.4999942779541,5.940000057220459,=NA(),=NA(),25.38979721069336,1.4163999557495117,0.34380000829696655,0.08399999886751175,=NA(),20,1013.25,1.6376781463623047,87.30415344238281,1.440000057220459,1.309999942779541,0.12999999523162842,17.57000160217285,3.379999876022339,3.4600000381469727,3.4429931640625,28.984182357788086,0.007424289360642433,0.007402126211673021,36.25804138183594,0.013355129398405552,0.00004400000034365803,0,0.000003000000106112566,0,-0.08000016212463379,0.017006874084472656
48,6,0,1,Day,,81.85755157470703,8.142447471618652,99.09635925292969,88.2959976196289,84.93925476074219,23.700000762939453,0.9619830846786499,18.980005264282227,6.370100021362305,=NA(),=NA(),6.749356269836426,1.4163999557495117,0.34380000829696655,0.08399999886751175,=NA(),20,1013.25,12.159631729125977,69.85803985595703,123.29000091552734,116.27999877929688,7.010000228881836,24.101892471313477,634.239990234375,635.030029296875,635.6285400390625,38.549076080322266,1.0305500030517578,1.0231850147247314,44.276947021484375,1.0919737815856934,0.0036916250828653574,0,0.00015100000018719584,0,-0.7900390625,-0.5985107421875
48,7,0,1,Day,,69.70409393310547,20.2959041595459,90.70114135742188,385.69000244140625,273.96710205078125,322.0899963378906,0.7103297710418701,21.08001136779785,6.099999904632568,=NA(),=NA(),2.8639211654663086,1.4163999557495117,0.34380000829696655,0.08399999886751175,=NA(),20,1013.25,37.201011657714844,32.50761413574219,681,652.780029296875,28.21500015258789,48.97936248779297,4024.159912109375,3707.02001953125,3712.5,37.072357177734375,6.258960723876953,6.183034420013428,44.23106002807617,6.621324062347412,0.022391125559806824,0,0.0006642499938607216,0,317.139892578125,-5.47998046875
48,8,0,1,Day,,57.48841857910156,32.51158142089844,81.63152313232422,588.9099731445312,324.5230712890625,491.9100036621094,0.5510571599006653,22.980005264282227,5.309999942779541,=NA(),=NA(),1.8566005229949951,1.4163999557495117,0.34380000829696655,0.08399999886751175,=NA(),20,1013.25,57.209808349609375,7.04970121383667,911.9749755859375,853.1599731445312,58.814998626708984,60.448753356933594,5549.2099609375,4913.490234375,4919.60693359375,35.62868118286133,8.63020133972168,8.506635665893555,43.37192916870117,9.149513244628906,0.030517062172293663,0,0.0012323750415816903,0,635.7197265625,-6.11669921875
48,9,0,1,Day,,45.589378356933594,44.410621643066406,70.62456512451172,700.7100219726562,316.5851135253906,548.9099731445312,0.4518061876296997,23.969995498657227,4.469900131225586,=NA(),=NA(),1.4276565313339233,1.4163999557495117,0.34380000829696655,0.08399999886751175,=NA(),20,1013.25,43.91944122314453,13.708840370178223,930.3099975585938,878.4949951171875,51.80999755859375,62.243736267089844,5634.8798828125,4957.16015625,4964.21484375,35.38413619995117,8.76848030090332,8.69987678527832,43.171627044677734,9.303346633911133,0.031137438490986824,0,0.001104000024497509,0,677.7197265625,-7.0546875
48,10,0,1,Day,,34.64837646484375,55.35162353515625,55.316932678222656,912.1099853515625,285.3197021484375,761.9099731445312,0.31281283497810364,24.990015029907227,3.7100000381469727,=NA(),=NA(),1.214989423751831,1.4163999557495117,0.34380000829696655,0.08399999886751175,=NA(),20,1013.25,29.609594345092773,18.875886917114258,1082.445068359375,1022.3599853515625,60.08000183105469,69.7774887084961,6571.990234375,5625.7900390625,5632.45703125,34.38189697265625,10.238773345947266,10.215753555297852,42.5170783996582,10.881827354431152,0.036335937678813934,0,0.0013171250466257334,0,946.2001953125,-6.6669921875
48,11,0,1,Day,,26.15185546875,63.84814453125,31.34207534790039,1012.0999755859375,253.5047149658203,845.1099853515625,0.2504739761352539,26.3699893951416,3.299999952316284,=NA(),=NA(),1.1137197017669678,1.4163999557495117,0.34380000829696655,0.08399999886751175,=NA(),20,1013.25,14.327127456665039,22.11309242248535,1115.0250244140625,1041.27490234375,73.75,72.72249603271484,6728.47998046875,5696.35009765625,5702.54296875,33.99395751953125,10.484476089477539,10.465341567993164,42.1885871887207,11.153436660766602,0.0369558110833168,0,0.0016066875541582704,0,1032.1298828125,-6.19287109375
48,12,0,1,Day,,23.135995864868164,66.86400604248047,356.4017639160156,1094.800048828125,254.12474060058594,914.2000122070312,0.23211976885795593,26.67998695373535,3.1898999214172363,=NA(),=NA(),1.0871928930282593,1.4163999557495117,0.34380000829696655,0.08399999886751175,=NA(),20,1013.25,-1.5360747575759888,23.087743759155273,1176.60498046875,1095.1500244140625,81.45999908447266,75.7668685913086,7098.06005859375,5940.759765625,5944.5595703125,33.593318939208984,11.059788703918457,11.034342765808105,41.911048889160156,11.756540298461914,0.03890906274318695,0,0.0018081250600516796,0,1157.30029296875,-3.7998046875
48,13,0,1,Day,,27.503942489624023,62.49605941772461,323.1557312011719,598.8900146484375,435.87213134765625,183.7899932861328,0.7277999520301819,26.469995498657227,3.090100049972534,=NA(),=NA(),1.1270649433135986,1.4163999557495117,0.34380000829696655,0.08399999886751175,=NA(),20,1013.25,-17.33869743347168,21.689197540283203,657.5350341796875,606.1099853515625,51.43000030517578,53.560630798339844,3890.68994140625,3525.739990234375,3530.058837890625,36.44548797607422,6.053674697875977,6.014681816101074,43.57014083862305,6.410205364227295,0.021201686933636665,0,0.0010980624938383698,0,364.949951171875,-4.31884765625
48,14,0,1,Day,,36.67347717285156,53.32652282714844,301.29931640625,857.6099853515625,288.3053283691406,709.8099975585938,0.33617299795150757,27.029993057250977,2.9300999641418457,=NA(),=NA(),1.2461262941360474,1.4163999557495117,0.34380000829696655,0.08399999886751175,=NA(),20,1013.25,-32.467926025390625,18.07602882385254,1037.35498046875,981.1600341796875,56.20000076293945,69.9387435913086,6303.43017578125,5391.64013671875,5398.9326171875,34.362876892089844,9.819701194763184,9.794327735900879,42.41064453125,10.440780639648438,0.03486381471157074,0,0.0012324374401941895,0,911.7900390625,-7.29248046875
48,15,0,1,Day,,47.887908935546875,42.112091064453125,287.1148986816406,660.7000122070312,322.4578552246094,504.3999938964844,0.48805487155914307,27.399988174438477,2.759999990463257,=NA(),=NA(),1.4896279573440552,1.4163999557495117,0.34380000829696655,0.08399999886751175,=NA(),20,1013.25,-46.59440994262695,12.609999656677246,897.5350341796875,845.2149658203125,52.31500244140625,64.4487533569336,5415.72021484375,4724.91015625,4731.3056640625,35.0904655456543,8.427047729492188,8.349103927612305,42.80760192871094,8.948531150817871,0.029879312962293625,0,0.0011041874531656504,0,690.81005859375,-6.3955078125
48,16,0,1,Day,,59.89670944213867,30.103288650512695,276.63470458984375,437.3999938964844,303.0821228027344,267.79998779296875,0.69291752576828,27.33001136779785,2.469899892807007,=NA(),=NA(),1.988623023033142,1.4163999557495117,0.34380000829696655,0.08399999886751175,=NA(),20,1013.25,-59.72937774658203,5.736598014831543,658.4749755859375,600.4300537109375,58.04499816894531,54.394371032714844,3957.22998046875,3575.449951171875,3579.6630859375,36.3458251953125,6.15575647354126,6.022493839263916,43.493717193603516,6.522957801818848,0.021510625258088112,0,0.0011653124820441008,0,381.780029296875,-4.213134765625
48,17,0,1,Day,,72.1434555053711,17.856542587280273,267.7892761230469,216.6999969482422,193.27493286132812,76.39399719238281,0.8919009566307068,26.6299991607666,2.399899959564209,=NA(),=NA(),3.232492446899414,1.4163999557495117,0.34380000829696655,0.08399999886751175,=NA(),20,1013.25,-30.376501083374023,41.797760009765625,324.66497802734375,305.135009765625,19.53499984741211,39.89812469482422,1895.4599609375,1797.5799560546875,1799.8367919921875,37.699180603027344,2.9838883876800537,2.9361941814422607,44.036102294921875,3.1550326347351074,0.010628124698996544,0,0.00040012499084696174,0,97.8800048828125,-2.2568359375
48,18,0,1,Day,,84.25305938720703,5.746943950653076,259.4378967285156,16.194000244140625,16.174333572387695,0.1964000016450882,0.9987855553627014,24.469995498657227,4.03000020980835,=NA(),=NA(),9.175566673278809,1.4163999557495117,0.34380000829696655,0.08399999886751175,=NA(),20,1013.25,-8.490508079528809,75.90962982177734,17.700000762939453,16.080001831054688,1.6200000047683716,25.218103408813477,84.47999572753906,84.25,84.18949890136719,35.300960540771484,0.14905644953250885,0.14793187379837036,40.69709777832031,0.16468124091625214,0.0005435625207610428,0,0.00003524999920045957,0,0.2299957275390625,0.0605010986328125
48,19,0,1,Night,Sun below height limit of 1 degrees.,89.93529510498047,0.064702607691288,255.13409423828125,0,0,0,0,22.350000381469727,5.380000114440918,=NA(),0,36.98052215576172,1.4163999557495117,0.34380000829696655,0.08399999886751175,=NA(),20,1013.25,0,0,0,0,0,22.350000381469727,0,0,0,0,0,0,0,0,0,0,0,0,0,0
48,20,0,1,Night,,107.53174591064453,-17.531749725341797,241.09228515625,0,0,0,0,21.70000648498535,6.900000095367432,=NA(),0,64.81599426269531,1.4163999557495117,0.34380000829696655,0.08399999886751175,=NA(),20,1013.25,0,0,0,0,0,21.70000648498535,0,0,0,0,0,0,0,0,0,0,0,0,0,0
48,21,0,1,Night,,117.6285400390625,-27.6285400390625,229.54705810546875,0,0,0,0,20.4999942779541,7.199999809265137,=NA(),0,64.81599426269531,1.4163999557495117,0.34380000829696655,0.08399999886751175,=NA(),20,1013.25,0,0,0,0,0,20.4999942779541,0,0,0,0,0,0,0,0,0,0,0,0,0,0
48,22,0,1,Night,,125.93440246582031,-35.93439865112305,215.2793426513672,0,0,0,0,19.610010147094727,7.099899768829346,=NA(),0,64.81599426269531,1.4163999557495117,0.34380000829696655,0.08399999886751175,=NA(),20,1013.25,0,0,0,0,0,19.610010147094727,0,0,0,0,0,0,0,0,0,0,0,0,0,0
48,23,0,1,Night,,131.46014404296875,-41.460147857666016,197.8110809326172,0,0,0,0,18.800012588500977,6.549900054931641,=NA(),0,64.81599426269531,1.4163999557495117,0.34380000829696655,0.08399999886751175,=NA(),20,1013.25,0,0,0,0,0,18.800012588500977,0,0,0,0,0,0,0,0,0,0,0,0,0,0
49,0,0,1,Night,,133.18080139160156,-43.18080520629883,178.04843139648438,0,0,0,0,17.70000648498535,5.979899883270264,=NA(),0,64.81599426269531,1.4163999557495117,0.34380000829696655,0.08399999886751175,=NA(),20,1013.25,0,0,0,0,0,17.70000648498535,0,0,0,0,0,0,0,0,0,0,0,0,0,0
49,1,0,1,Night,,130.68910217285156,-40.68909454345703,158.5545654296875,0,0,0,0,16.740015029907227,5.380000114440918,=NA(),0,64.81599426269531,1.4163999557495117,0.34380000829696655,0.08399999886751175,=NA(),20,1013.25,0,0,0,0,0,16.740015029907227,0,0,0,0,0,0,0,0,0,0,0,0,0,0
49,2,0,1,Night,,124.56038665771484,-34.560386657714844,141.66851806640625,0,0,0,0,14.439996719360352,4.880000114440918,=NA(),0,64.81599426269531,1.4163999557495117,0.34380000829696655,0.08399999886751175,=NA(),20,1013.25,0,0,0,0,0,14.439996719360352,0,0,0,0,0,0,0,0,0,0,0,0,0,0
49,3,0,1,Night,,115.85413360595703,-25.8541316986084,127.96165466308594,0,0,0,0,12.820001602172852,4.380099773406982,=NA(),0,64.81599426269531,1.4163999557495117,0.34380000829696655,0.08399999886751175,=NA(),20,1013.25,0,0,0,0,0,12.820001602172852,0,0,0,0,0,0,0,0,0,0,0,0,0,0
49,4,0,1,Night,,105.51399230957031,-15.513996124267578,116.81803894042969,0,0,0,0,11.929986953735352,4.079899787902832,=NA(),0,64.81599426269531,1.4163999557495117,0.34380000829696655,0.08399999886751175,=NA(),20,1013.25,0,0,0,0,0,11.929986953735352,0,0,0,0,0,0,0,0,0,0,0,0,0,0
49,5,0,1,Night,Sun above horizon but GHI below 1,88.96691131591797,1.0330861806869507,103.87084197998047,0.7031999826431274,0.7031116485595703,0,0.9998743534088135,11.100000381469727,4.779900074005127,=NA(),0,26.028654098510742,1.4163999557495117,0.34380000829696655,0.08399999886751175,=NA(),20,1013.25,0,0,0,0,0,11.100000381469727,0,0,0,0,0,0,0,0,0,0,0,0,0,0
49,6,0,1,Day,,82.03675842285156,7.963242530822754,98.7928695678711,142.99000549316406,126.56079864501953,118.58999633789062,0.885102391242981,15.330011367797852,7.110000133514404,=NA(),=NA(),6.886867523193359,1.4163999557495117,0.34380000829696655,0.08399999886751175,=NA(),20,1013.25,11.865605354309082,70.31684875488281,232.54998779296875,223.73500061035156,8.809999465942383,24.9943790435791,1184.8900146484375,1182.52001953125,1184.232666015625,39.23755645751953,1.8863184452056885,1.8779603242874146,45.21990966796875,1.9912142753601074,0.006809874903410673,0,0.000192749997950159,0,2.3699951171875,-1.712646484375
49,7,0,1,Day,,69.88060760498047,20.1193904876709,90.37726593017578,371.70001220703125,265.0291442871094,310.1099853515625,0.7130189538002014,19.18999671936035,8.289899826049805,=NA(),=NA(),2.887606143951416,1.4163999557495117,0.34380000829696655,0.08399999886751175,=NA(),20,1013.25,36.63240051269531,33.249481201171875,652.8599853515625,625.5899658203125,27.270000457763672,45.857505798339844,3858.330078125,3592.6298828125,3598.60205078125,37.46913528442383,6.002691745758057,5.92929744720459,44.557701110839844,6.346131801605225,0.02147706225514412,0,0.0006394375232048333,0,265.7001953125,-5.97216796875
49,8,0,1,Day,,57.670387268066406,32.329612731933594,81.27482604980469,597.5,330.6936950683594,498.8999938964844,0.5534622669219971,21.92998695373535,8.059900283813477,=NA(),=NA(),1.8658510446548462,1.4163999557495117,0.34380000829696655,0.08399999886751175,=NA(),20,1013.25,57.36825942993164,7.36444616317749,927.7099609375,867.72998046875,59.980003356933594,60.014366149902344,5645.330078125,5006.81982421875,5013.8125,35.682518005371094,8.782194137573242,8.658321380615234,43.4619255065918,9.313220977783203,0.03104724921286106,0,0.0012541874311864376,0,638.51025390625,-6.99267578125
49,9,0,1,Day,,45.791019439697266,44.208980560302734,70.22135162353516,792.4000244140625,331.081298828125,661.5999755859375,0.41782090067863464,23.300012588500977,7.550099849700928,=NA(),=NA(),1.4327956438064575,1.4163999557495117,0.34380000829696655,0.08399999886751175,=NA(),20,1013.25,44.04936981201172,14.03747272491455,1059.215087890625,1002.35498046875,56.849998474121094,67.02873992919922,6417.8701171875,5550.14013671875,5557.66015625,34.74344253540039,9.997725486755371,9.923359870910645,42.82042694091797,10.621695518493652,0.035544127225875854,0,0.0012149375397711992,0,867.72998046875,-7.52001953125
49,10,0,1,Day,,34.89142990112305,55.10857009887695,54.869998931884766,947.7000122070312,298.6461181640625,791.2999877929688,0.31512728333473206,25.33001136779785,7.119999885559082,=NA(),=NA(),1.2185643911361694,1.4163999557495117,0.34380000829696655,0.08399999886751175,=NA(),20,1013.25,29.698579788208008,19.217878341674805,1124.324951171875,1061.4849853515625,62.845001220703125,71.92061614990234,6818.48974609375,5790.5400390625,5798.22802734375,34.08616638183594,10.631563186645508,10.604509353637695,42.31908416748047,11.312697410583496,0.03770993649959564,0,0.001376250060275197,0,1027.94970703125,-7.68798828125
49,11,0,1,Day,,26.460844039916992,63.539154052734375,30.96019172668457,1040.9000244140625,262.7582092285156,869.2000122070312,0.2524336576461792,25.800012588500977,6.809999942779541,=NA(),=NA(),1.1166869401931763,1.4163999557495117,0.34380000829696655,0.08399999886751175,=NA(),20,1013.25,14.36217212677002,22.463897705078125,1146.794921875,1070.8299560546875,75.96499633789062,73.51561737060547,6916.08984375,5838.18017578125,5844.24755859375,33.88344192504883,10.780056953430176,10.756644248962402,42.14488983154297,11.467438697814941,0.038000624626874924,0,0.0016542499652132392,0,1077.90966796875,-6.0673828125
49,12,0,1,Day,,23.488441467285156,66.51155853271484,356.4004821777344,835.489990234375,320.6164855957031,561.3900146484375,0.3837466537952423,26.45000648498535,6.469900131225586,=NA(),=NA(),1.0900728702545166,1.4163999557495117,0.34380000829696655,0.08399999886751175,=NA(),20,1013.25,-1.562839150428772,23.4393310546875,899.4849853515625,835.719970703125,63.76499938964844,63.64250946044922,5416.10986328125,4739.3701171875,4743.833984375,35.21177673339844,8.420185089111328,8.404380798339844,42.911922454833984,8.92575454711914,0.029571937397122383,0,0.0014139375416561961,0,676.73974609375,-4.4638671875
49,13,0,1,Day,,27.818510055541992,62.18149185180664,323.4988098144531,1018.4000244140625,266.280517578125,850.4000244140625,0.2614694833755493,26.490015029907227,6.159999847412109,=NA(),=NA(),1.1303062438964844,1.4163999557495117,0.34380000829696655,0.08399999886751175,=NA(),20,1013.25,-17.425457000732422,22.032468795776367,1133.9100341796875,1061.2900390625,72.6199951171875,73.6418685913086,6843.1796875,5773.580078125,5779.94189453125,33.867496490478516,10.666461944580078,10.649202346801758,42.10621643066406,11.345102310180664,0.03764037415385246,0,0.0015898749697953463,0,1069.599609375,-6.36181640625
49,14,0,1,Day,,36.93416213989258,53.06583786010742,301.6959533691406,948.5999755859375,315.4534606933594,792.0999755859375,0.3325463533401489,27.480005264282227,6.019999980926514,=NA(),=NA(),1.2503650188446045,1.4163999557495117,0.34380000829696655,0.08399999886751175,=NA(),20,1013.25,-32.60414505004883,18.404178619384766,1146.739990234375,1083.8349609375,62.894996643066406,75.1256332397461,6955.1298828125,5835.08984375,5842.38720703125,33.663333892822266,10.847091674804688,10.813633918762207,41.9503173828125,11.552276611328125,0.038506437093019485,0,0.0013760625151917338,0,1120.0400390625,-7.29736328125
49,15,0,1,Day,,48.11551284790039,41.88448715209961,287.4776611328125,694.7100219726562,317.95916748046875,564.3099975585938,0.4576861560344696,27.6199893951416,5.949999809265137,=NA(),=NA(),1.4961906671524048,1.4163999557495117,0.34380000829696655,0.08399999886751175,=NA(),20,1013.25,-46.76649475097656,12.920351028442383,952.1599731445312,899.0150146484375,53.14500045776367,66.9699935913086,5756.169921875,4976.5498046875,4983.55810546875,34.758419036865234,8.961126327514648,8.88735294342041,42.60599899291992,9.524231910705566,0.03181324899196625,0,0.0011254374403506517,0,779.6201171875,-7.00830078125
49,16,0,1,Day,,60.109214782714844,29.890785217285156,276.9600524902344,458.5,302.4671630859375,313.1000061035156,0.6596884727478027,27.339990615844727,5.389999866485596,=NA(),=NA(),2.0013489723205566,1.4163999557495117,0.34380000829696655,0.08399999886751175,=NA(),20,1013.25,-59.92578125,6.030497074127197,704.2900390625,645.675048828125,58.61499786376953,56.28063201904297,4249.18994140625,3814.6201171875,3819.6328125,36.11808395385742,6.609828948974609,6.478550434112549,43.38595962524414,7.007412910461426,0.02315475046634674,0,0.0011761250207200646,0,434.56982421875,-5.0126953125
49,17,0,1,Day,,72.35311126708984,17.646888732910156,268.0872802734375,213.80999755859375,191.07164001464844,75.00700378417969,0.89365154504776,26.860010147094727,3.8901000022888184,=NA(),=NA(),3.2688779830932617,1.4163999557495117,0.34380000829696655,0.08399999886751175,=NA(),20,1013.25,-29.85449981689453,42.521018981933594,320.0350036621094,300.9049987792969,19.135000228881836,39.941856384277344,1865.3299560546875,1768.6199951171875,1770.86962890625,37.67506408691406,2.937744140625,2.8913002014160156,44.001686096191406,3.1065592765808105,0.010464437305927277,0,0.00039356251363642514,0,96.7099609375,-2.2496337890625
49,18,0,1,Day,,84.43968963623047,5.56030797958374,259.7366943359375,16.70199966430664,16.68208885192871,0.20550000667572021,0.9988079071044922,25.040002822875977,4.989999771118164,=NA(),=NA(),9.435896873474121,1.4163999557495117,0.34380000829696655,0.08399999886751175,=NA(),20,1013.25,-8.198898315429688,76.3747329711914,18.260000228881836,16.594999313354492,1.6700000762939453,25.81499671936035,87.38999938964844,86.91000366210938,86.95304870605469,35.24312973022461,0.15420185029506683,0.15312443673610687,40.66623306274414,0.16991962492465973,0.0005606875056400895,0,0.000036375000490807,0,0.4799957275390625,-0.0430450439453125
49,19,0,1,Night,,96.5601806640625,-6.560180187225342,251.0523681640625,0,0,0,0,23.600000381469727,6.349999904632568,=NA(),0,64.81599426269531,1.4163999557495117,0.34380000829696655,0.08399999886751175,=NA(),20,1013.25,0,0,0,0,0,23.600000381469727,0,0,0,0,0,0,0,0,0,0,0,0,0,0
49,20,0,1,Night,,107.78585815429688,-17.785858154296875,241.3494415283203,0,0,0,0,22.719995498657227,6.689899921417236,=NA(),0,64.81599426269531,1.4163999557495117,0.34380000829696655,0.08399999886751175,=NA(),20,1013.25,0,0,0,0,0,22.719995498657227,0,0,0,0,0,0,0,0,0,0,0,0,0,0
49,21,0,1,Night,,117.91309356689453,-27.91309356689453,229.7838134765625,0,0,0,0,21.790002822875977,6.7600998878479,=NA(),0,64.81599426269531,1.4163999557495117,0.34380000829696655,0.08399999886751175,=NA(),20,1013.25,0,0,0,0,0,21.790002822875977,0,0,0,0,0,0,0,0,0,0,0,0,0,0
49,22,0,1,Night,,126.25309753417969,-36.25309753417969,215.46897888183594,0,0,0,0,20.33001136779785,6.789999961853027,=NA(),0,64.81599426269531,1.4163999557495117,0.34380000829696655,0.08399999886751175,=NA(),20,1013.25,0,0,0,0,0,20.33001136779785,0,0,0,0,0,0,0,0,0,0,0,0,0,0
49,23,0,1,Night,,131.80674743652344,-41.80675506591797,197.90594482421875,0,0,0,0,19.779993057250977,6.379899978637695,=NA(),0,64.81599426269531,1.4163999557495117,0.34380000829696655,0.08399999886751175,=NA(),20,1013.25,0,0,0,0,0,19.779993057250977,0,0,0,0,0,0,0,0,0,0,0,0,0,0
50,0,0,1,Night,,133.5333709716797,-43.53336715698242,178.00631713867188,0,0,0,0,19.20000648498535,5.960100173950195,=NA(),0,64.81599426269531,1.4163999557495117,0.34380000829696655,0.08399999886751175,=NA(),20,1013.25,0,0,0,0,0,19.20000648498535,0,0,0,0,0,0,0,0,0,0,0,0,0,0
50,1,0,1,Night,,131.01914978027344,-41.01914978027344,158.38528442382812,0,0,0,0,18.32000160217285,5.760000228881836,=NA(),0,64.81599426269531,1.4163999557495117,0.34380000829696655,0.08399999886751175,=NA(),20,1013.25,0,0,0,0,0,18.32000160217285,0,0,0,0,0,0,0,0,0,0,0,0,0,0
50,2,0,1,Night,,124.85144805908203,-34.85144805908203,141.42340087890625,0,0,0,0,17.43999671936035,5.929999828338623,=NA(),0,64.81599426269531,1.4163999557495117,0.34380000829696655,0.08399999886751175,=NA(),20,1013.25,0,0,0,0,0,17.43999671936035,0,0,0,0,0,0,0,0,0,0,0,0,0,0
50,3,0,1,Night,,116.10538482666016,-26.10538673400879,127.68443298339844,0,0,0,0,17.589990615844727,6.110000133514404,=NA(),0,64.81599426269531,1.4163999557495117,0.34380000829696655,0.08399999886751175,=NA(),20,1013.25,0,0,0,0,0,17.589990615844727,0,0,0,0,0,0,0,0,0,0,0,0,0,0
50,4,0,1,Night,,105.73213195800781,-15.732134819030762,116.52912902832031,0,0,0,0,17.399988174438477,6.019999980926514,=NA(),0,64.81599426269531,1.4163999557495117,0.34380000829696655,0.08399999886751175,=NA(),20,1013.25,0,0,0,0,0,17.399988174438477,0,0,0,0,0,0,0,0,0,0,0,0,0,0
50,5,0,1,Night,Sun below height limit of 1 degrees.,89.05509185791016,0.9449118375778198,103.49927520751953,0.19529999792575836,0.19529999792575836,0,1,16.920007705688477,6.910099983215332,=NA(),0,26.80859375,1.4163999557495117,0.34380000829696655,0.08399999886751175,=NA(),20,1013.25,0,0,0,0,0,16.920007705688477,0,0,0,0,0,0,0,0,0,0,0,0,0,0
50,6,0,1,Day,,82.2181396484375,7.781861782073975,98.48542785644531,136.89999389648438,121.6808090209961,112.4000015258789,0.8888298869132996,18.920007705688477,7.569900035858154,=NA(),=NA(),7.031713485717773,1.4163999557495117,0.34380000829696655,0.08399999886751175,=NA(),20,1013.25,11.570064544677734,70.78011322021484,224.95999145507812,216.71499633789062,8.239999771118164,28.313135147094727,1131.6099853515625,1116.489990234375,1118.1929931640625,38.70254135131836,1.805748462677002,1.7985365390777588,44.68857955932617,1.908188819885254,0.006518562324345112,0,0.0001806874934118241,0,15.1199951171875,-1.7030029296875
50,7,0,1,Day,,70.05757904052734,19.942420959472656,90.04969787597656,360.3900146484375,258.616455078125,298.3900146484375,0.7176015973091125,21.469995498657227,7.369999885559082,=NA(),=NA(),2.9117727279663086,1.4163999557495117,0.34380000829696655,0.08399999886751175,=NA(),20,1013.25,36.07793426513672,33.97966384887695,629.905029296875,603.4100341796875,26.489999771118164,47.22124481201172,3723.469970703125,3450.1298828125,3456.140625,37.26264572143555,5.796998977661133,5.726101875305176,44.313438415527344,6.132148742675781,0.020735250785946846,0,0.0006183750228956342,0,273.340087890625,-6.0107421875
50,8,0,1,Day,,57.85293960571289,32.14706039428711,80.91464233398438,580.3900146484375,322.54248046875,484.5899963378906,0.5557340383529663,23.860010147094727,6.239999771118164,=NA(),=NA(),1.8752425909042358,1.4163999557495117,0.34380000829696655,0.08399999886751175,=NA(),20,1013.25,57.526161193847656,7.683248043060303,902.4449462890625,843.6300048828125,58.80999755859375,60.923118591308594,5491.66015625,4853.85986328125,4861.05712890625,35.55647277832031,8.544808387756348,8.424861907958984,43.28976058959961,9.066943168640137,0.030191874131560326,0,0.00122706254478544,0,637.80029296875,-7.197265625
50,9,0,1,Day,,45.99388122558594,44.00611877441406,69.8150634765625,766.1099853515625,321.4725036621094,640.010009765625,0.4196166396141052,26.050012588500977,4.989999771118164,=NA(),=NA(),1.438020944595337,1.4163999557495117,0.34380000829696655,0.08399999886751175,=NA(),20,1013.25,44.17839813232422,14.370054244995117,1025.7149658203125,970.739990234375,54.974998474121094,68.46126556396484,6217.419921875,5347.3701171875,5353.6064453125,34.5657844543457,9.680147171020508,9.604520797729492,42.57190704345703,10.284700393676758,0.034424249082803726,0,0.0011746250092983246,0,870.0498046875,-6.236328125
50,10,0,1,Day,,35.136409759521484,54.863590240478516,54.421180725097656,920.510009765625,291.95294189453125,768.6099853515625,0.3171643316745758,27.339990615844727,3.869999885559082,=NA(),=NA(),1.2222113609313965,1.4163999557495117,0.34380000829696655,0.08399999886751175,=NA(),20,1013.25,29.785978317260742,19.56361961364746,1092.844970703125,1031.905029296875,60.94499969482422,72.65624237060547,6629.64013671875,5613.72998046875,5621.23828125,33.99707794189453,10.334043502807617,10.306574821472168,42.1663932800293,11.000435829162598,0.03665275126695633,0,0.001334875007160008,0,1015.91015625,-7.50830078125
50,11,0,1,Day,,26.772415161132812,63.22758483886719,30.577804565429688,966.489990234375,247.97125244140625,804.7899780273438,0.25656887888908386,27.850000381469727,3,=NA(),=NA(),1.1197279691696167,1.4163999557495117,0.34380000829696655,0.08399999886751175,=NA(),20,1013.25,14.394796371459961,22.81818389892578,1064.965087890625,994.510009765625,70.45999908447266,72.1162338256836,6427.33984375,5452.89013671875,5458.49853515625,34.08454513549805,10.009116172790527,9.986358642578125,42.171085357666016,10.642215728759766,0.035278625786304474,0,0.0015354999341070652,0,974.44970703125,-5.6083984375
50,12,0,1,Day,,23.844114303588867,66.1558837890625,356.39239501953125,435,400.704345703125,37.49599838256836,0.9211593866348267,28.300012588500977,2.3499999046325684,=NA(),=NA(),1.0930366516113281,1.4163999557495117,0.34380000829696655,0.08399999886751175,=NA(),20,1013.25,-1.5929903984069824,23.793943405151367,473.635009765625,434.9649963378906,38.66999816894531,47.844383239746094,2745.89990234375,2535.64990234375,2538.247802734375,36.97975540161133,4.289928436279297,4.283123016357422,43.66092300415039,4.541327476501465,0.014978187158703804,0,0.0008540624985471368,0,210.25,-2.597900390625
50,13,0,1,Day,,28.138042449951172,61.86195755004883,323.83258056640625,918.2999877929688,259.496826171875,747.0999755859375,0.28258395195007324,29.100000381469727,1.809999942779541,=NA(),=NA(),1.133652925491333,1.4163999557495117,0.34380000829696655,0.08399999886751175,=NA(),20,1013.25,-17.5163631439209,22.378210067749023,1022.5599975585938,956.9100341796875,65.6500015258789,71.57186126708984,6176.97021484375,5250.39013671875,5255.763671875,34.161251068115234,9.615724563598633,9.599812507629395,42.15876770019531,10.22102165222168,0.033928874880075455,0,0.0014364374801516533,0,926.580078125,-5.37353515625
50,14,0,1,Day,,37.20039749145508,52.79960250854492,302.0879211425781,837.510009765625,290.846435546875,686.3099975585938,0.34727516770362854,29.459985733032227,1.3698999881744385,=NA(),=NA(),1.2547507286071777,1.4163999557495117,0.34380000829696655,0.08399999886751175,=NA(),20,1013.25,-32.74485778808594,18.734188079833984,1013.8800048828125,958.5150146484375,55.36499786376953,71.46001434326172,6160.52978515625,5238.5498046875,5245.234375,34.167049407958984,9.594832420349121,9.5650053024292,42.16755676269531,10.206416130065918,0.0340590626001358,0,0.0012110000243410468,0,921.97998046875,-6.6845703125
50,15,0,1,Day,,48.3485221862793,41.6514778137207,287.8387145996094,699.8099975585938,318.39068603515625,573.9099731445312,0.45496731996536255,30.149988174438477,1.0099999904632568,=NA(),=NA(),1.5029938220977783,1.4163999557495117,0.34380000829696655,0.08399999886751175,=NA(),20,1013.25,-46.94314956665039,13.232131004333496,961.6300048828125,908.135009765625,53.49500274658203,69.9793930053711,5816.9296875,4972.72998046875,4979.66796875,34.36069107055664,9.057774543762207,8.982107162475586,42.23984909057617,9.637321472167969,0.03215518593788147,0,0.0011334375012665987,0,844.19970703125,-6.93798828125
50,16,0,1,Day,,60.32686996459961,29.673131942749023,277.28497314453125,435.79998779296875,300.89849853515625,272.5,0.69045090675354,30.18999671936035,0.7001000046730042,=NA(),=NA(),2.0145809650421143,1.4163999557495117,0.34380000829696655,0.08399999886751175,=NA(),20,1013.25,-60,6.326712131500244,661.9349975585938,603.9450073242188,57.98999786376953,57.435630798339844,3981.4599609375,3558.0400390625,3562.92041015625,35.929176330566406,6.198017597198486,6.065521240234375,43.10884475708008,6.575240135192871,0.0216512493789196,0,0.001161937485449016,0,423.419921875,-4.88037109375
50,17,0,1,Day,,72.56769561767578,17.43230628967285,268.3855285644531,206.3000030517578,186.1365509033203,67.30599975585938,0.90226149559021,29.70000648498535,0.3100999891757965,=NA(),=NA(),3.3070127964019775,1.4163999557495117,0.34380000829696655,0.08399999886751175,=NA(),20,1013.25,-29.33123016357422,43.251983642578125,305.8699951171875,287.29498291015625,18.579999923706055,42.237510681152344,1776.6300048828125,1670.47998046875,1672.4990234375,37.29897689819336,2.802527666091919,2.7577145099639893,43.60430145263672,2.965913772583008,0.009972875006496906,0,0.000383312493795529,0,106.1500244140625,-2.01904296875
50,18,0,1,Day,,84.54228973388672,5.457708358764648,260.0992431640625,12.600000381469727,12.59040355682373,0.10090000182390213,0.9992383718490601,27.469995498657227,0.4099000096321106,=NA(),=NA(),9.585039138793945,1.4163999557495117,0.34380000829696655,0.08399999886751175,=NA(),20,1013.25,-8.034286499023438,76.63006591796875,13.770000457763672,12.514999389648438,1.2549999952316284,28.055017471313477,64.11000061035156,63.20000076293945,63.20741271972656,34.364646911621094,0.11495697498321533,0.11430464684963226,39.79685974121094,0.12830211222171783,0.0004230625054333359,0,0.00002750000021478627,0,0.9099998474121094,-0.007411956787109375
50,19,0,1,Night,,96.80054473876953,-6.800544738769531,251.321533203125,0,0,0,0,24.1199893951416,0.8299999833106995,=NA(),0,64.81599426269531,1.4163999557495117,0.34380000829696655,0.08399999886751175,=NA(),20,1013.25,0,0,0,0,0,24.1199893951416,0,0,0,0,0,0,0,0,0,0,0,0,0,0
50,20,0,1,Night,,108.0440673828125,-18.0440673828125,241.6075439453125,0,0,0,0,22.110010147094727,1.3899999856948853,=NA(),0,64.81599426269531,1.4163999557495117,0.34380000829696655,0.08399999886751175,=NA(),20,1013.25,0,0,0,0,0,22.110010147094727,0,0,0,0,0,0,0,0,0,0,0,0,0,0
50,21,0,1,Night,,118.2015380859375,-28.201541900634766,230.021484375,0,0,0,0,21.57000160217285,2.119999885559082,=NA(),0,64.81599426269531,1.4163999557495117,0.34380000829696655,0.08399999886751175,=NA(),20,1013.25,0,0,0,0,0,21.57000160217285,0,0,0,0,0,0,0,0,0,0,0,0,0,0
50,22,0,1,Night,,126.57550811767578,-36.57550811767578,215.65882873535156,0,0,0,0,21.149988174438477,2.740000009536743,=NA(),0,64.81599426269531,1.4163999557495117,0.34380000829696655,0.08399999886751175,=NA(),20,1013.25,0,0,0,0,0,21.149988174438477,0,0,0,0,0,0,0,0,0,0,0,0,0,0
50,23,0,1,Night,,132.15679931640625,-42.15679931640625,197.99913024902344,0,0,0,0,22.409997940063477,2.9300999641418457,=NA(),0,64.81599426269531,1.4163999557495117,0.34380000829696655,0.08399999886751175,=NA(),20,1013.25,0,0,0,0,0,22.409997940063477,0,0,0,0,0,0,0,0,0,0,0,0,0,0
51,0,0,1,Night,,133.8887481689453,-43.88874435424805,177.9595947265625,0,0,0,0,22.0200138092041,2.9000000953674316,=NA(),0,64.81599426269531,1.4163999557495117,0.34380000829696655,0.08399999886751175,=NA(),20,1013.25,0,0,0,0,0,22.0200138092041,0,0,0,0,0,0,0,0,0,0,0,0,0,0
51,1,0,1,Night,,131.3507537841797,-41.35075759887695,158.20944213867188,0,0,0,0,22.0200138092041,2.890000104904175,=NA(),0,64.81599426269531,1.4163999557495117,0.34380000829696655,0.08399999886751175,=NA(),20,1013.25,0,0,0,0,0,22.0200138092041,0,0,0,0,0,0,0,0,0,0,0,0,0,0
51,2,0,1,Night,,125.14298248291016,-35.14298629760742,141.17161560058594,0,0,0,0,21.20000648498535,2.9700000286102295,=NA(),0,64.81599426269531,1.4163999557495117,0.34380000829696655,0.08399999886751175,=NA(),20,1013.25,0,0,0,0,0,21.20000648498535,0,0,0,0,0,0,0,0,0,0,0,0,0,0
51,3,0,1,Night,,116.35679626464844,-26.356796264648438,127.40141296386719,0,0,0,0,19.33001136779785,3.069999933242798,=NA(),0,64.81599426269531,1.4163999557495117,0.34380000829696655,0.08399999886751175,=NA(),20,1013.25,0,0,0,0,0,19.33001136779785,0,0,0,0,0,0,0,0,0,0,0,0,0,0
51,4,0,1,Night,,105.95069885253906,-15.950700759887695,116.23531341552734,0,0,0,0,17.860010147094727,3.059999942779541,=NA(),0,64.81599426269531,1.4163999557495117,0.34380000829696655,0.08399999886751175,=NA(),20,1013.25,0,0,0,0,0,17.860010147094727,0,0,0,0,0,0,0,0,0,0,0,0,0,0
51,5,0,1,Night,Sun below height limit of 1 degrees.,89.13656616210938,0.863430380821228,103.12591552734375,0.2930000126361847,0.2930000126361847,0,1,16.6299991607666,4.079899787902832,=NA(),0,27.562602996826172,1.4163999557495117,0.34380000829696655,0.08399999886751175,=NA(),20,1013.25,0,0,0,0,0,16.6299991607666,0,0,0,0,0,0,0,0,0,0,0,0,0,0
51,6,0,1,Day,,82.39799499511719,7.602006435394287,98.17415618896484,131.19000244140625,117.1274642944336,106.30000305175781,0.8928078413009644,19.969995498657227,3.9600000381469727,=NA(),=NA(),7.181298732757568,1.4163999557495117,0.34380000829696655,0.08399999886751175,=NA(),20,1013.25,11.278809547424316,71.23841094970703,213.93499755859375,205.94000244140625,8.005000114440918,28.923120498657227,1065.6099853515625,1049.0699462890625,1050.6513671875,38.5377197265625,1.7039332389831543,1.6973109245300293,44.501590728759766,1.8014837503433228,0.006147187668830156,0,0.00017568749899510294,0,16.5400390625,-1.5814208984375
51,7,0,1,Day,,70.23426818847656,19.765731811523438,89.71858978271484,357.6000061035156,257.3987121582031,296.29998779296875,0.7197950482368469,23.1400089263916,3.51990008354187,=NA(),=NA(),2.9363317489624023,1.4163999557495117,0.34380000829696655,0.08399999886751175,=NA(),20,1013.25,35.53896713256836,34.69596481323242,624.7049560546875,598.655029296875,26.049999237060547,48.70000457763672,3699.919921875,3410.47998046875,3416.322509765625,37.05951690673828,5.7616167068481445,5.6906938552856445,44.10856246948242,6.09799337387085,0.02061299979686737,0,0.000607312482316047,0,289.43994140625,-5.842529296875
51,8,0,1,Day,,58.035884857177734,31.9641170501709,80.55113220214844,576.0900268554688,321.5126037597656,480.8900146484375,0.5580943822860718,26.67998695373535,2.54010009765625,=NA(),=NA(),1.8847687244415283,1.4163999557495117,0.34380000829696655,0.08399999886751175,=NA(),20,1013.25,57.68331527709961,8.005969047546387,897.5599975585938,838.760009765625,58.79999923706055,63.615623474121094,5461.97998046875,4780.080078125,4787.353515625,35.19696044921875,8.501211166381836,8.382262229919434,42.93216323852539,9.029807090759277,0.030024562031030655,0,0.0012242499506101012,0,681.89990234375,-7.2734375
51,9,0,1,Day,,46.197757720947266,43.802242279052734,69.40589904785156,757.9000244140625,319.7485656738281,633.010009765625,0.42188751697540283,28.850000381469727,1.7100000381469727,=NA(),=NA(),1.4433292150497437,1.4163999557495117,0.34380000829696655,0.08399999886751175,=NA(),20,1013.25,44.306339263916016,14.706411361694336,1015.7850341796875,961.2099609375,54.56999969482422,70.91439056396484,6156.52978515625,5246,5253.00732421875,34.23752975463867,9.589314460754395,9.515649795532227,42.23638153076172,10.202287673950195,0.03408137336373329,0,0.0011652499670162797,0,910.52978515625,-7.00732421875
51,10,0,1,Day,,35.38328170776367,54.61671829223633,53.97074508666992,893,285.0331726074219,745.7000122070312,0.31918609142303467,30.339990615844727,1.3598999977111816,=NA(),=NA(),1.2259314060211182,1.4163999557495117,0.34380000829696655,0.08399999886751175,=NA(),20,1013.25,29.871767044067383,19.912961959838867,1060.949951171875,1001.9349975585938,59.019996643066406,74.38561248779297,6446.73974609375,5422.14990234375,5429.42724609375,33.774383544921875,10.047233581542969,10.025364875793457,41.885929107666016,10.698911666870117,0.03563418611884117,0,0.0012924375478178263,0,1024.58984375,-7.27734375
51,11,0,1,Day,,27.08648109436035,62.91352081298828,30.1951847076416,1062,272.4639892578125,886.7999877929688,0.256557434797287,31.610010147094727,1.5198999643325806,=NA(),=NA(),1.122843861579895,1.4163999557495117,0.34380000829696655,0.08399999886751175,=NA(),20,1013.25,14.424994468688965,23.175800323486328,1170.1500244140625,1092.4749755859375,77.67500305175781,80.58061981201172,7050.169921875,5790.669921875,5795.8486328125,32.95716857910156,10.99124813079834,10.960977554321289,41.279964447021484,11.715106010437012,0.03874562680721283,0,0.0016916875028982759,0,1259.5,-5.1787109375
51,12,0,1,Day,,24.202884674072266,65.79711151123047,356.37799072265625,654.1900024414062,432.650146484375,242.88999938964844,0.6613524556159973,31.8699893951416,1.750100016593933,=NA(),=NA(),1.096085548400879,1.4163999557495117,0.34380000829696655,0.08399999886751175,=NA(),20,1013.25,-1.6264946460723877,24.15145492553711,707.1300048828125,654.300048828125,52.834999084472656,61.136863708496094,4209.1201171875,3712.110107421875,3716.531494140625,35.46249008178711,6.550108909606934,6.5372843742370605,42.73541259765625,6.949489116668701,0.022934813052415848,0,0.001169124967418611,0,497.010009765625,-4.42138671875
51,13,0,1,Day,,28.462312698364258,61.537689208984375,324.15716552734375,932.5,256.43963623046875,769.010009765625,0.27500230073928833,32.08000946044922,1.929900050163269,=NA(),=NA(),1.1371058225631714,1.4163999557495117,0.34380000829696655,0.08399999886751175,=NA(),20,1013.25,-17.611345291137695,22.72625732421875,1038.85009765625,972.35498046875,66.5,75.33562469482422,6278.89013671875,5260.9501953125,5266.525390625,33.662696838378906,9.778120994567871,9.761778831481934,41.708656311035156,10.409316062927246,0.034500062465667725,0,0.0014546874444931746,0,1017.93994140625,-5.5751953125
51,14,0,1,Day,,37.47203063964844,52.52796936035156,302.47515869140625,861.8099975585938,291.8817138671875,718.1099853515625,0.3386845290660858,32.80998992919922,2.089900016784668,=NA(),=NA(),1.2592850923538208,1.4163999557495117,0.34380000829696655,0.08399999886751175,=NA(),20,1013.25,-32.890010833740234,19.06596565246582,1045.044921875,988.344970703125,56.70500183105469,76.23686981201172,6349.8798828125,5302.2001953125,5309.52587890625,33.53228759765625,9.896291732788086,9.866451263427734,41.616207122802734,10.55013370513916,0.03512468934059143,0,0.0012405625311657786,0,1047.6796875,-7.32568359375
51,15,0,1,Day,,48.58671569824219,41.41328430175781,288.1979064941406,598.5999755859375,336.1885681152344,396.70001220703125,0.5616247653961182,33.230003356933594,2.1698999404907227,=NA(),=NA(),1.510038137435913,1.4163999557495117,0.34380000829696655,0.08399999886751175,=NA(),20,1013.25,-47.124229431152344,13.545164108276367,797.2449951171875,743.2950439453125,53.95000076293945,66.24373626708984,4788.68017578125,4147.02001953125,4152.291015625,34.82566452026367,7.452035903930664,7.353495121002197,42.32754898071289,7.919803142547607,0.02627168782055378,0,0.0011276875156909227,0,641.66015625,-5.27099609375
51,16,0,1,Day,,60.54930114746094,29.450698852539062,277.6094055175781,434.70001220703125,299.6861877441406,274.6000061035156,0.6894091963768005,33.18999481201172,2.0099000930786133,=NA(),=NA(),2.0283150672912598,1.4163999557495117,0.34380000829696655,0.08399999886751175,=NA(),20,1013.25,-60,6.629650115966797,663.2850341796875,605.5050048828125,57.78499984741211,60.54686737060547,3990.780029296875,3525.889892578125,3530.87646484375,35.50877380371094,6.214995861053467,6.082714557647705,42.70717239379883,6.600096702575684,0.021705936640501022,0,0.0011598750716075301,0,464.89013671875,-4.986572265625
51,17,0,1,Day,,72.78665161132812,17.21335220336914,268.6839904785156,201.60000610351562,182.75070190429688,63.69499969482422,0.9065014719963074,32.45000457763672,1.5801000595092773,=NA(),=NA(),3.346889019012451,1.4163999557495117,0.34380000829696655,0.08399999886751175,=NA(),20,1013.25,-28.80804443359375,43.988624572753906,297.6099853515625,279.4849853515625,18.125,44.680625915527344,1724.510009765625,1607.010009765625,1608.7939453125,36.92502212524414,2.723078966140747,2.679636240005493,43.22151184082031,2.884079933166504,0.0096860621124506,0,0.0003751874901354313,0,117.5,-1.783935546875
51,18,0,1,Night,Sun above horizon but GHI below 1,84.64563751220703,5.354360580444336,260.46490478515625,0,0,0,0,30.5100040435791,1.5700000524520874,=NA(),0,9.739843368530273,1.4163999557495117,0.34380000829696655,0.08399999886751175,=NA(),20,1013.25,0,0,0,0,0,30.5100040435791,0,0,0,0,0,0,0,0,0,0,0,0,0,0
51,19,0,1,Night,,97.04370880126953,-7.04370641708374,251.5915069580078,0,0,0,0,24.70000648498535,1.4900000095367432,=NA(),0,64.81599426269531,1.4163999557495117,0.34380000829696655,0.08399999886751175,=NA(),20,1013.25,0,0,0,0,0,24.70000648498535,0,0,0,0,0,0,0,0,0,0,0,0,0,0
51,20,0,1,Night,,108.30525970458984,-18.305259704589844,241.86660766601562,0,0,0,0,25.959985733032227,1.3598999977111816,=NA(),0,64.81599426269531,1.4163999557495117,0.34380000829696655,0.08399999886751175,=NA(),20,1013.25,0,0,0,0,0,25.959985733032227,0,0,0,0,0,0,0,0,0,0,0,0,0,0
51,21,0,1,Night,,118.49356842041016,-28.49356460571289,230.2600555419922,0,0,0,0,21.93999671936035,1.309999942779541,=NA(),0,64.81599426269531,1.4163999557495117,0.34380000829696655,0.08399999886751175,=NA(),20,1013.25,0,0,0,0,0,21.93999671936035,0,0,0,0,0,0,0,0,0,0,0,0,0,0
51,22,0,1,Night,,126.90162658691406,-36.90162658691406,215.84889221191406,0,0,0,0,20.459985733032227,1.4600000381469727,=NA(),0,64.81599426269531,1.4163999557495117,0.34380000829696655,0.08399999886751175,=NA(),20,1013.25,0,0,0,0,0,20.459985733032227,0,0,0,0,0,0,0,0,0,0,0,0,0,0
51,23,0,1,Night,,132.5105743408203,-42.51057434082031,198.09063720703125,0,0,0,0,19.82000160217285,1.7598999738693237,=NA(),0,64.81599426269531,1.4163999557495117,0.34380000829696655,0.08399999886751175,=NA(),20,1013.25,0,0,0,0,0,19.82000160217285,0,0,0,0,0,0,0,0,0,0,0,0,0,0
52,0,0,1,Night,,134.24717712402344,-44.24717330932617,177.908203125,0,0,0,0,19.100000381469727,2.089900016784668,=NA(),0,64.81599426269531,1.4163999557495117,0.34380000829696655,0.08399999886751175,=NA(),20,1013.25,0,0,0,0,0,19.100000381469727,0,0,0,0,0,0,0,0,0,0,0,0,0,0
52,1,0,1,Night,,131.6843719482422,-41.68436813354492,158.02696228027344,0,0,0,0,18.300012588500977,2.389899969100952,=NA(),0,64.81599426269531,1.4163999557495117,0.34380000829696655,0.08399999886751175,=NA(),20,1013.25,0,0,0,0,0,18.300012588500977,0,0,0,0,0,0,0,0,0,0,0,0,0,0
52,2,0,1,Night,,125.4355239868164,-35.435523986816406,140.91323852539062,0,0,0,0,17.480005264282227,2.639899969100952,=NA(),0,64.81599426269531,1.4163999557495117,0.34380000829696655,0.08399999886751175,=NA(),20,1013.25,0,0,0,0,0,17.480005264282227,0,0,0,0,0,0,0,0,0,0,0,0,0,0
52,3,0,1,Night,,116.60838317871094,-26.608379364013672,127.11270141601562,0,0,0,0,16.600000381469727,2.759999990463257,=NA(),0,64.81599426269531,1.4163999557495117,0.34380000829696655,0.08399999886751175,=NA(),20,1013.25,0,0,0,0,0,16.600000381469727,0,0,0,0,0,0,0,0,0,0,0,0,0,0
52,4,0,1,Night,,106.16886138916016,-16.168859481811523,115.93669128417969,0,0,0,0,17.20000648498535,2.819999933242798,=NA(),0,64.81599426269531,1.4163999557495117,0.34380000829696655,0.08399999886751175,=NA(),20,1013.25,0,0,0,0,0,17.20000648498535,0,0,0,0,0,0,0,0,0,0,0,0,0,0
52,5,0,1,Night,Sun below height limit of 1 degrees.,89.22361755371094,0.7763828039169312,102.75328063964844,3.594399929046631,3.5931057929992676,0,0.9996399283409119,16.9999942779541,3.9198999404907227,=NA(),0,28.40513801574707,1.4163999557495117,0.34380000829696655,0.08399999886751175,=NA(),20,1013.25,0,0,0,0,0,16.9999942779541,0,0,0,0,0,0,0,0,0,0,0,0,0,0
52,6,0,1,Day,,82.57694244384766,7.423054218292236,97.85919952392578,88.00299835205078,83.8687744140625,32,0.953021764755249,20.17998695373535,3.7400999069213867,=NA(),=NA(),7.3363728523254395,1.4163999557495117,0.34380000829696655,0.08399999886751175,=NA(),20,1013.25,10.990805625915527,71.69334411621094,126.02000427246094,119.33499908447266,6.690000057220459,25.4475040435791,628.8200073242188,626.5700073242188,627.3355712890625,38.33014678955078,1.0229140520095825,1.017673373222351,44.07442855834961,1.0841763019561768,0.0036665000952780247,0,0.00014512499910779297,0,2.25,-0.76556396484375
52,7,0,1,Day,,70.41034698486328,19.58965492248535,89.38404846191406,179.5,170.848388671875,25.804000854492188,0.951801598072052,21.93999671936035,3.4298999309539795,=NA(),=NA(),2.961244821548462,1.4163999557495117,0.34380000829696655,0.08399999886751175,=NA(),20,1013.25,35.015533447265625,35.39789962768555,227.114990234375,205.05499267578125,22.059999465942383,31.28814125061035,1267.989990234375,1238.2099609375,1238.579833984375,38.487754821777344,2.0112640857696533,1.9527009725570679,44.481624603271484,2.1291277408599854,0.006986562628298998,0,0.0004861250054091215,0,29.780029296875,-0.369873046875
52,8,0,1,Day,,58.21879959106445,31.78120231628418,80.18445587158203,373.6000061035156,301.65594482421875,136.60000610351562,0.8074302673339844,25.3799991607666,2.949899911880493,=NA(),=NA(),1.8944092988967896,1.4163999557495117,0.34380000829696655,0.08399999886751175,=NA(),20,1013.25,57.839290618896484,8.332439422607422,499.44500732421875,441.67999267578125,57.7599983215332,45.918113708496094,2931.300048828125,2725.929931640625,2727.9619140625,37.32265853881836,4.568350791931152,4.425607204437256,44.03579330444336,4.836086273193359,0.015703437849879265,0,0.001174937468022108,0,205.3701171875,-2.031982421875
52,9,0,1,Day,,46.40245056152344,43.59754943847656,68.99407958984375,753.2000122070312,319.51776123046875,628.9000244140625,0.424213707447052,28.0100040435791,2.530100107192993,=NA(),=NA(),1.4487168788909912,1.4163999557495117,0.34380000829696655,0.08399999886751175,=NA(),20,1013.25,44.43299865722656,15.046357154846191,1010.4200439453125,955.9599609375,54.45500183105469,69.80437469482422,6122.93994140625,5239.18994140625,5246.6650390625,34.380863189697266,9.537805557250977,9.46567440032959,42.367740631103516,10.145812034606934,0.033890873193740845,0,0.0011620625155046582,0,883.75,-7.47509765625
52,10,0,1,Day,,35.63191223144531,54.36808776855469,53.51894760131836,876.1099853515625,283.5878601074219,729.010009765625,0.3236897885799408,30.709985733032227,2.23009991645813,=NA(),=NA(),1.2297238111495972,1.4163999557495117,0.34380000829696655,0.08399999886751175,=NA(),20,1013.25,29.955854415893555,20.265718460083008,1041.1500244140625,983.1400146484375,58.01000213623047,73.91686248779297,6326.2099609375,5329.89013671875,5337.16748046875,33.838623046875,9.857752799987793,9.836626052856445,41.906883239746094,10.497096061706543,0.0349581241607666,0,0.0012700000079348683,0,996.31982421875,-7.27734375
52,11,0,1,Day,,27.402856826782227,62.59714126586914,29.812604904174805,958.989990234375,250.27418518066406,798.2899780273438,0.2609768509864807,32.27001190185547,2.2699999809265137,=NA(),=NA(),1.1260343790054321,1.4163999557495117,0.34380000829696655,0.08399999886751175,=NA(),20,1013.25,14.45271110534668,23.536523818969727,1056.824951171875,986.8199462890625,70,76.36687469482422,6378.35986328125,5323.43994140625,5327.25927734375,33.53691482543945,9.927973747253418,9.89925479888916,41.60883331298828,10.559906005859375,0.03500581160187721,0,0.0015246875118464231,0,1054.919921875,-3.8193359375
52,12,0,1,Day,,24.564544677734375,65.43545532226562,356.35760498046875,973.4099731445312,239.43959045410156,807.010009765625,0.24598021805286407,33.300010681152344,2.7000999450683594,=NA(),=NA(),1.0992199182510376,1.4163999557495117,0.34380000829696655,0.08399999886751175,=NA(),20,1013.25,-1.663316011428833,24.511653900146484,1046.304931640625,973.7750244140625,72.53500366210938,76.99251556396484,6321.64013671875,5262.990234375,5267.24853515625,33.45273208618164,9.840842247009277,9.813282012939453,41.50957489013672,10.471085548400879,0.034594375640153885,0,0.001607749960385263,0,1058.64990234375,-4.25830078125
52,13,0,1,Day,,28.791093826293945,61.20890426635742,324.4727783203125,922.0900268554688,258.9408874511719,756.6900024414062,0.28081953525543213,33.62999725341797,3.3301000595092773,=NA(),=NA(),1.1406655311584473,1.4163999557495117,0.34380000829696655,0.08399999886751175,=NA(),20,1013.25,-17.710315704345703,23.07647132873535,1027.489990234375,961.6650390625,65.83000183105469,76.47750091552734,6210.009765625,5179.919921875,5184.59765625,33.5186767578125,9.667367935180664,9.650267601013184,41.53843688964844,10.291913032531738,0.03411699831485748,0,0.0014390625292435288,0,1030.08984375,-4.677734375
52,14,0,1,Day,,37.74882125854492,52.25117874145508,302.8575134277344,814.4000244140625,295.3830871582031,656.4000244140625,0.3627002537250519,34.969993591308594,3.8201000690460205,=NA(),=NA(),1.2639687061309814,1.4163999557495117,0.34380000829696655,0.08399999886751175,=NA(),20,1013.25,-33.03946304321289,19.39935874938965,986.5449829101562,932.1199951171875,54.42499923706055,76.01311492919922,5986.56982421875,5001.52001953125,5007.58642578125,33.56951141357422,9.32316780090332,9.289417266845703,41.521568298339844,9.934600830078125,0.03307756036520004,0,0.0011881249956786633,0,985.0498046875,-6.06640625
52,15,0,1,Day,,48.82985305786133,41.17014694213867,288.5550537109375,626.0999755859375,327.101318359375,454.20001220703125,0.522442638874054,34.93999481201172,4.050099849700928,=NA(),=NA(),1.5173240900039673,1.4163999557495117,0.34380000829696655,0.08399999886751175,=NA(),20,1013.25,-47.309539794921875,13.859360694885254,843.4349975585938,789.219970703125,54.209999084472656,69.9487533569336,5080.759765625,4340.4599609375,4345.34619140625,34.35340118408203,7.905700206756592,7.809594631195068,41.966880798339844,8.407504081726074,0.027929000556468964,0,0.0011371249565854669,0,740.2998046875,-4.88623046875
52,16,0,1,Day,,60.77622604370117,29.223773956298828,277.9332275390625,67.00399780273438,66.70911407470703,0.6039999723434448,0.9955990314483643,34.349998474121094,3.5299999713897705,=NA(),=NA(),2.0425515174865723,1.4163999557495117,0.34380000829696655,0.08399999886751175,=NA(),20,1013.25,-60,6.939174175262451,63.48999786376953,46.33000183105469,17.15999984741211,37.08251190185547,311.8399963378906,296.94000244140625,292.6939697265625,36.04615783691406,0.5072001218795776,0.46305906772613525,41.20097351074219,0.5568457841873169,0.0016175624914467335,0,0.00033850001636892557,0,14.899993896484375,4.24603271484375
52,17,0,1,Day,,73.00918579101562,16.99081802368164,268.9825134277344,83.197998046875,82.73088836669922,1.5985000133514404,0.9943855404853821,30.909997940063477,2.460099935531616,=NA(),=NA(),3.3884525299072266,1.4163999557495117,0.34380000829696655,0.08399999886751175,=NA(),20,1013.25,-28.2867431640625,44.7282600402832,91.03500366210938,80.66000366210938,10.380000114440918,34.71623992919922,484.5799865722656,466.3699951171875,465.7388000488281,36.70433807373047,0.7930111885070801,0.7685664296150208,42.32162094116211,0.8469988703727722,0.002760437550023198,0,0.00021137499425094575,0,18.209991455078125,0.631195068359375
52,18,0,1,Day,,84.75735473632812,5.242649078369141,260.82659912109375,36.608001708984375,36.470455169677734,1.5053000450134277,0.9962427020072937,29.719995498657227,2.4500999450683594,=NA(),=NA(),9.91257381439209,1.4163999557495117,0.34380000829696655,0.08399999886751175,=NA(),20,1013.25,-7.692990779876709,77.1645736694336,42.89500045776367,39.46500015258789,3.429999828338623,31.53374671936035,209.35000610351562,203.61000061035156,203.6884765625,35.7812385559082,0.35578733682632446,0.35386213660240173,41.31642532348633,0.3834152817726135,0.0012686875415965915,0,0.00007481250213459134,0,5.7400054931640625,-0.0784759521484375
52,19,0,1,Night,,97.28942108154297,-7.28942346572876,251.86221313476562,0,0,0,0,26.480005264282227,2.5499000549316406,=NA(),0,64.81599426269531,1.4163999557495117,0.34380000829696655,0.08399999886751175,=NA(),20,1013.25,0,0,0,0,0,26.480005264282227,0,0,0,0,0,0,0,0,0,0,0,0,0,0
52,20,0,1,Night,,108.57087707519531,-18.570880889892578,242.12660217285156,0,0,0,0,24.540002822875977,2.75,=NA(),0,64.81599426269531,1.4163999557495117,0.34380000829696655,0.08399999886751175,=NA(),20,1013.25,0,0,0,0,0,24.540002822875977,0,0,0,0,0,0,0,0,0,0,0,0,0,0
52,21,0,1,Night,,118.78893280029297,-28.788930892944336,230.49948120117188,0,0,0,0,23.600000381469727,2.9400999546051025,=NA(),0,64.81599426269531,1.4163999557495117,0.34380000829696655,0.08399999886751175,=NA(),20,1013.25,0,0,0,0,0,23.600000381469727,0,0,0,0,0,0,0,0,0,0,0,0,0,0
52,22,0,1,Night,,127.23080444335938,-37.23080825805664,216.0392303466797,0,0,0,0,24.800012588500977,2.680000066757202,=NA(),0,64.81599426269531,1.4163999557495117,0.34380000829696655,0.08399999886751175,=NA(),20,1013.25,0,0,0,0,0,24.800012588500977,0,0,0,0,0,0,0,0,0,0,0,0,0,0
52,23,0,1,Night,,132.86724853515625,-42.867244720458984,198.1804656982422,0,0,0,0,24.100000381469727,2.2799999713897705,=NA(),0,64.81599426269531,1.4163999557495117,0.34380000829696655,0.08399999886751175,=NA(),20,1013.25,0,0,0,0,0,24.100000381469727,0,0,0,0,0,0,0,0,0,0,0,0,0,0
53,0,0,1,Night,,134.60784912109375,-44.60784912109375,177.85218811035156,0,0,0,0,23.110010147094727,2.0701000690460205,=NA(),0,64.81599426269531,1.4163999557495117,0.34380000829696655,0.08399999886751175,=NA(),20,1013.25,0,0,0,0,0,23.110010147094727,0,0,0,0,0,0,0,0,0,0,0,0,0,0
53,1,0,1,Night,,132.0189971923828,-42.01899719238281,157.83790588378906,0,0,0,0,21.300012588500977,2.0099000930786133,=NA(),0,64.81599426269531,1.4163999557495117,0.34380000829696655,0.08399999886751175,=NA(),20,1013.25,0,0,0,0,0,21.300012588500977,0,0,0,0,0,0,0,0,0,0,0,0,0,0
53,2,0,1,Night,,125.72793579101562,-35.727935791015625,140.64833068847656,0,0,0,0,19.279993057250977,1.9901000261306763,=NA(),0,64.81599426269531,1.4163999557495117,0.34380000829696655,0.08399999886751175,=NA(),20,1013.25,0,0,0,0,0,19.279993057250977,0,0,0,0,0,0,0,0,0,0,0,0,0,0
53,3,0,1,Night,,116.85909271240234,-26.859088897705078,126.818359375,0,0,0,0,18.300012588500977,1.9801000356674194,=NA(),0,64.81599426269531,1.4163999557495117,0.34380000829696655,0.08399999886751175,=NA(),20,1013.25,0,0,0,0,0,18.300012588500977,0,0,0,0,0,0,0,0,0,0,0,0,0,0
53,4,0,1,Night,,106.3860855102539,-16.386083602905273,115.63337707519531,0,0,0,0,17.8699893951416,1.9500000476837158,=NA(),0,64.81599426269531,1.4163999557495117,0.34380000829696655,0.08399999886751175,=NA(),20,1013.25,0,0,0,0,0,17.8699893951416,0,0,0,0,0,0,0,0,0,0,0,0,0,0
53,5,0,1,Night,Sun below height limit of 1 degrees.,89.30073547363281,0.6992629766464233,102.36956024169922,0,0,0,0,17.3699893951416,2.7701001167297363,=NA(),0,29.185163497924805,1.4163999557495117,0.34380000829696655,0.08399999886751175,=NA(),20,1013.25,0,0,0,0,0,17.3699893951416,0,0,0,0,0,0,0,0,0,0,0,0,0,0
53,6,0,1,Day,,82.75464630126953,7.245355129241943,97.54065704345703,123.19999694824219,110.73884582519531,98.80500030517578,0.8988543152809143,18.82000160217285,3.4600000381469727,=NA(),=NA(),7.496898651123047,1.4163999557495117,0.34380000829696655,0.08399999886751175,=NA(),20,1013.25,10.706520080566406,72.14408111572266,199.3599853515625,191.760009765625,7.600000381469727,27.18999671936035,973.5700073242188,964.2000122070312,965.4423828125,38.6765022277832,1.5601239204406738,1.554046630859375,44.582237243652344,1.6498764753341675,0.00563006242737174,0,0.00016693749057594687,0,9.3699951171875,-1.24237060546875
53,7,0,1,Day,,70.58605194091797,19.41394805908203,89.0462417602539,350.3900146484375,253.96678161621094,290.0899963378906,0.7248116731643677,19.659997940063477,4.559999942779541,=NA(),=NA(),2.9865541458129883,1.4163999557495117,0.34380000829696655,0.08399999886751175,=NA(),20,1013.25,34.50600051879883,36.087249755859375,610.885009765625,585.72998046875,25.149999618530273,44.55937957763672,3623.780029296875,3388.72998046875,3394.71826171875,37.60837173461914,5.641622543334961,5.573514938354492,44.60962677001953,5.96351432800293,0.02020912431180477,0,0.0005809374852105975,0,235.050048828125,-5.98828125
53,8,0,1,Day,,58.40171813964844,31.598281860351562,79.81478881835938,557.9099731445312,315.46826171875,462.7099914550781,0.5654465556144714,20.43999671936035,5.400100231170654,=NA(),=NA(),1.9041682481765747,1.4163999557495117,0.34380000829696655,0.08399999886751175,=NA(),20,1013.25,57.99411392211914,8.662528991699219,871.4299926757812,813.364990234375,58.060001373291016,56.110008239746094,5301.64990234375,4767.39013671875,4773.98193359375,36.19876480102539,8.242847442626953,8.121623992919922,43.840274810791016,8.7282133102417,0.02912631258368492,0,0.0012035624822601676,0,534.259765625,-6.591796875
53,9,0,1,Day,,46.60789489746094,43.39210510253906,68.57977294921875,762.489990234375,325.16064453125,636.5900268554688,0.42644578218460083,22.07000160217285,6.110000133514404,=NA(),=NA(),1.4541831016540527,1.4163999557495117,0.34380000829696655,0.08399999886751175,=NA(),20,1013.25,44.55830001831055,15.38974380493164,1023.4549560546875,967.989990234375,55.459999084472656,64.2206039428711,6199.39013671875,5416.48974609375,5424.2880859375,35.11759567260742,9.653839111328125,9.58131217956543,43.11003112792969,10.24905014038086,0.03431218862533569,0,0.0011824375251308084,0,782.900390625,-7.79833984375
53,10,0,1,Day,,35.88207244873047,54.11792755126953,53.0660400390625,909.2999877929688,294.0960998535156,759.2999877929688,0.3234313130378723,23.219995498657227,6.680099964141846,=NA(),=NA(),1.2335867881774902,1.4163999557495117,0.34380000829696655,0.08399999886751175,=NA(),20,1013.25,30.038063049316406,20.62165069580078,1080.47998046875,1020,60.48500061035156,67.86687469482422,6559.7998046875,5655.669921875,5662.84326171875,34.63227844238281,10.219592094421387,10.194395065307617,42.75801467895508,10.854595184326172,0.03625918924808502,0,0.0013231874909251928,0,904.1298828125,-7.17333984375
53,11,0,1,Day,,27.72134780883789,62.27865219116211,29.430339813232422,990.989990234375,258.47900390625,827.489990234375,0.2608290910720825,24.649988174438477,7.019899845123291,=NA(),=NA(),1.129299521446228,1.4163999557495117,0.34380000829696655,0.08399999886751175,=NA(),20,1013.25,14.47789192199707,23.900100708007812,1092.1099853515625,1019.6799926757812,72.43000030517578,69.9749984741211,6587.7099609375,5635.06982421875,5640.3369140625,34.36470031738281,10.25822925567627,10.232603073120117,42.49669647216797,10.891499519348145,0.03616718575358391,0,0.0015771250473335385,0,952.64013671875,-5.26708984375
53,12,0,1,Day,,24.9288330078125,65.0711669921875,356.3315124511719,999.1900024414062,242.26637268066406,834.6900024414062,0.24246276915073395,26.740015029907227,7.119999885559082,=NA(),=NA(),1.1024396419525146,1.4163999557495117,0.34380000829696655,0.08399999886751175,=NA(),20,1013.25,-1.7034313678741455,24.874277114868164,1074.06005859375,999.5800170898438,74.4749984741211,71.3756332397461,6486.8701171875,5519.14013671875,5524.6337890625,34.182395935058594,10.101385116577148,10.078200340270996,42.285274505615234,10.731282234191895,0.035508811473846436,0,0.00165049999486655,0,967.72998046875,-5.49365234375
53,13,0,1,Day,,29.124052047729492,60.875946044921875,324.7795104980469,945.489990234375,257.7386779785156,787.2899780273438,0.272597998380661,28.040002822875977,7.199999809265137,=NA(),=NA(),1.144331693649292,1.4163999557495117,0.34380000829696655,0.08399999886751175,=NA(),20,1013.25,-17.813142776489258,23.428592681884766,1054.080078125,986.75,67.33000183105469,71.8556137084961,6370.2900390625,5409.66015625,5414.1337890625,34.12836837768555,9.915016174316406,9.896845817565918,42.18603515625,10.535520553588867,0.03501125052571297,0,0.00147237500641495,0,960.6298828125,-4.4736328125
53,14,0,1,Day,,38.03032302856445,51.96967697143555,303.23492431640625,820.7100219726562,294.1427307128906,668.5,0.3584003150463104,28.860010147094727,7.380000114440918,=NA(),=NA(),1.2687982320785522,1.4163999557495117,0.34380000829696655,0.08399999886751175,=NA(),20,1013.25,-33.19288635253906,19.73412322998047,995.719970703125,941.0499877929688,54.66999816894531,70.07686614990234,6043.39990234375,5165.509765625,5172.35693359375,34.34962463378906,9.411231994628906,9.377908706665039,42.30584716796875,10.010354042053223,0.03340018540620804,0,0.0011934374924749136,0,877.89013671875,-6.84716796875
53,15,0,1,Day,,49.077423095703125,40.922576904296875,288.91009521484375,646.2999877929688,321.59735107421875,495.70001220703125,0.4975976347923279,28.790002822875977,7.449999809265137,=NA(),=NA(),1.5248435735702515,1.4163999557495117,0.34380000829696655,0.08399999886751175,=NA(),20,1013.25,-47.49861526489258,14.174549102783203,877.800048828125,823.2899780273438,54.5099983215332,65.05562591552734,5296.669921875,4610.10009765625,4616.0458984375,35.008934020996094,8.240930557250977,8.148193359375,42.684608459472656,8.7516508102417,0.029154999181628227,0,0.0011464999988675117,0,686.56982421875,-5.94580078125
53,16,0,1,Day,,61.00703048706055,28.992969512939453,278.2563171386719,438.1000061035156,297.63330078125,289.79998779296875,0.6793729662895203,28.43999671936035,7.03000020980835,=NA(),=NA(),2.057270050048828,1.4163999557495117,0.34380000829696655,0.08399999886751175,=NA(),20,1013.25,-60,7.254714488983154,677.675048828125,620.1600341796875,57.51000213623047,56.284996032714844,4082.919921875,3664.530029296875,3669.317626953125,36.098548889160156,6.353148460388184,6.221446990966797,43.30774688720703,6.734499931335449,0.022228563204407692,0,0.0011594374664127827,0,418.389892578125,-4.78759765625
53,17,0,1,Day,,73.23545837402344,16.764537811279297,269.281005859375,207.5,185.1465301513672,77.49800109863281,0.892272412776947,27.040002822875977,5.189899921417236,=NA(),=NA(),3.431825876235962,1.4163999557495117,0.34380000829696655,0.08399999886751175,=NA(),20,1013.25,-27.76681900024414,45.47146224975586,312.6600036621094,294.91497802734375,17.75,39.842491149902344,1814.1400146484375,1720.510009765625,1721.85400390625,37.674644470214844,2.856459617614746,2.814588785171509,43.9640007019043,3.0203733444213867,0.01019706204533577,0,0.0003714374906849116,0,93.6300048828125,-1.343994140625
53,18,0,1,Day,,84.860595703125,5.139408111572266,261.19598388671875,9.005499839782715,9.005016326904297,0.005400000140070915,0.9999462962150574,24.83001136779785,4.960000038146973,=NA(),=NA(),10.077404975891113,1.4163999557495117,0.34380000829696655,0.08399999886751175,=NA(),20,1013.25,-7.530071258544922,77.42081451416016,9.84000015258789,8.944999694824219,0.8949999809265137,25.2499942779541,44.060001373291016,43.93000030517578,43.89763259887695,34.18204879760742,0.08026423305273056,0.07975979149341583,39.584842681884766,0.09160647541284561,0.00030250000418163836,0,0.000019499999325489625,0,0.13000106811523438,0.032367706298828125
53,19,0,1,Night,,97.5395278930664,-7.5395307540893555,252.13363647460938,0,0,0,0,22.45000648498535,5.499899864196777,=NA(),0,64.81599426269531,1.4163999557495117,0.34380000829696655,0.08399999886751175,=NA(),20,1013.25,0,0,0,0,0,22.45000648498535,0,0,0,0,0,0,0,0,0,0,0,0,0,0
53,20,0,1,Night,,108.84027099609375,-18.84027099609375,242.38748168945312,0,0,0,0,20.980005264282227,5.659900188446045,=NA(),0,64.81599426269531,1.4163999557495117,0.34380000829696655,0.08399999886751175,=NA(),20,1013.25,0,0,0,0,0,20.980005264282227,0,0,0,0,0,0,0,0,0,0,0,0,0,0
53,21,0,1,Night,,119.08820343017578,-29.08820152282715,230.73985290527344,0,0,0,0,19.600000381469727,5.599999904632568,=NA(),0,64.81599426269531,1.4163999557495117,0.34380000829696655,0.08399999886751175,=NA(),20,1013.25,0,0,0,0,0,19.600000381469727,0,0,0,0,0,0,0,0,0,0,0,0,0,0
53,22,0,1,Night,,127.56416320800781,-37.56416320800781,216.22988891601562,0,0,0,0,17.610010147094727,5.289999961853027,=NA(),0,64.81599426269531,1.4163999557495117,0.34380000829696655,0.08399999886751175,=NA(),20,1013.25,0,0,0,0,0,17.610010147094727,0,0,0,0,0,0,0,0,0,0,0,0,0,0
53,23,0,1,Night,,133.22779846191406,-43.22780227661133,198.2686767578125,0,0,0,0,16.399988174438477,5.019899845123291,=NA(),0,64.81599426269531,1.4163999557495117,0.34380000829696655,0.08399999886751175,=NA(),20,1013.25,0,0,0,0,0,16.399988174438477,0,0,0,0,0,0,0,0,0,0,0,0,0,0
54,0,0,1,Night,,134.9716796875,-44.9716796875,177.79147338867188,0,0,0,0,15.469995498657227,4.739999771118164,=NA(),0,64.81599426269531,1.4163999557495117,0.34380000829696655,0.08399999886751175,=NA(),20,1013.25,0,0,0,0,0,15.469995498657227,0,0,0,0,0,0,0,0,0,0,0,0,0,0
54,1,0,1,Night,,132.3555908203125,-42.355587005615234,157.64222717285156,0,0,0,0,13.879999160766602,4.130099773406982,=NA(),0,64.81599426269531,1.4163999557495117,0.34380000829696655,0.08399999886751175,=NA(),20,1013.25,0,0,0,0,0,13.879999160766602,0,0,0,0,0,0,0,0,0,0,0,0,0,0
54,2,0,1,Night,,126.0212631225586,-36.021263122558594,140.37689208984375,0,0,0,0,11.700006484985352,3.549999952316284,=NA(),0,64.81599426269531,1.4163999557495117,0.34380000829696655,0.08399999886751175,=NA(),20,1013.25,0,0,0,0,0,11.700006484985352,0,0,0,0,0,0,0,0,0,0,0,0,0,0
54,3,0,1,Night,,117.11027526855469,-27.110275268554688,126.51847839355469,0,0,0,0,11.200006484985352,3.1198999881744385,=NA(),0,64.81599426269531,1.4163999557495117,0.34380000829696655,0.08399999886751175,=NA(),20,1013.25,0,0,0,0,0,11.200006484985352,0,0,0,0,0,0,0,0,0,0,0,0,0,0
54,4,0,1,Night,,106.60397338867188,-16.60396957397461,115.32549285888672,0,0,0,0,10.980005264282227,3.029900074005127,=NA(),0,64.81599426269531,1.4163999557495117,0.34380000829696655,0.08399999886751175,=NA(),20,1013.25,0,0,0,0,0,10.980005264282227,0,0,0,0,0,0,0,0,0,0,0,0,0,0
54,5,0,1,Night,Sun below height limit of 1 degrees.,89.37692260742188,0.6230757236480713,101.99162292480469,0,0,0,0,10.600000381469727,3.8499999046325684,=NA(),0,29.98817253112793,1.4163999557495117,0.34380000829696655,0.08399999886751175,=NA(),20,1013.25,0,0,0,0,0,10.600000381469727,0,0,0,0,0,0,0,0,0,0,0,0,0,0
54,6,0,1,Day,,82.92932891845703,7.070667266845703,97.21868896484375,132.88999938964844,119.22662353515625,111,0.897182822227478,11.990015029907227,3.380000114440918,=NA(),=NA(),7.661457061767578,1.4163999557495117,0.34380000829696655,0.08399999886751175,=NA(),20,1013.25,10.428582191467285,72.58626556396484,221.86000061035156,214.20001220703125,7.664999961853027,21.297510147094727,1068.300048828125,1079.77001953125,1080.840576171875,39.65084457397461,1.7036850452423096,1.697339653968811,45.546146392822266,1.798702359199524,0.00617018761113286,0,0.00016912499268073589,0,-11.469970703125,-1.070556640625
54,7,0,1,Day,,70.76103973388672,19.23895835876465,88.70529174804688,367.70001220703125,266.54083251953125,307,0.7248866558074951,14.300012588500977,2.6700000762939453,=NA(),=NA(),3.0122175216674805,1.4163999557495117,0.34380000829696655,0.08399999886751175,=NA(),20,1013.25,34.01056671142578,36.76338195800781,647.02001953125,621.489990234375,25.530000686645508,40.57561492919922,3848.3701171875,3648.929931640625,3655.063720703125,38.18377685546875,5.982747554779053,5.913434982299805,45.23965072631836,6.314761161804199,0.02147156186401844,0,0.0005883125122636557,0,199.440185546875,-6.1337890625
54,8,0,1,Day,,58.585052490234375,31.414947509765625,79.44226837158203,603.989990234375,341.13775634765625,504.2900085449219,0.5648069977760315,16.70000648498535,2.5799999237060547,=NA(),=NA(),1.9140700101852417,1.4163999557495117,0.34380000829696655,0.08399999886751175,=NA(),20,1013.25,58.1482048034668,8.996137619018555,948.739990234375,886.22998046875,62.5099983215332,55.51750946044922,5773.77978515625,5204.5,5211.00634765625,36.28507614135742,8.976036071777344,8.844923973083496,44.08378219604492,9.496475219726562,0.03174593672156334,0,0.0012941249879077077,0,569.27978515625,-6.50634765625
54,9,0,1,Day,,46.814517974853516,43.185482025146484,68.1632080078125,677.6900024414062,317.9891357421875,525.5999755859375,0.46922507882118225,18.920007705688477,2.949899911880493,=NA(),=NA(),1.459741473197937,1.4163999557495117,0.34380000829696655,0.08399999886751175,=NA(),20,1013.25,44.68269729614258,15.736555099487305,903.6749877929688,852.0549926757812,51.625,55.92937469482422,5463.2001953125,4916.47998046875,4923.4228515625,36.22404098510742,8.494795799255371,8.421005249023438,43.92231369018555,8.99445915222168,0.030160749331116676,0,0.0010951249860227108,0,546.72021484375,-6.94287109375
54,10,0,1,Day,,36.13426208496094,53.86573791503906,52.612274169921875,933.4000244140625,303.9273986816406,779.4000244140625,0.32561323046684265,21.230005264282227,3.2600998878479004,=NA(),=NA(),1.2375297546386719,1.4163999557495117,0.34380000829696655,0.08399999886751175,=NA(),20,1013.25,30.118881225585938,20.98089599609375,1108.830078125,1046.3900146484375,62.44499969482422,67.04375457763672,6726.43994140625,5817.759765625,5824.44091796875,34.737648010253906,10.479338645935059,10.449640274047852,42.915069580078125,11.122895240783691,0.03718612343072891,0,0.0013645000290125608,0,908.68017578125,-6.68115234375
54,11,0,1,Day,,28.04227066040039,61.95772933959961,29.048641204833984,1090.699951171875,286.9240417480469,910.6900024414062,0.2630641460418701,22.529993057250977,3.4398999214172363,=NA(),=NA(),1.1326440572738647,1.4163999557495117,0.34380000829696655,0.08399999886751175,=NA(),20,1013.25,14.500785827636719,24.266727447509766,1201.844970703125,1121.780029296875,80.05999755859375,72.49187469482422,7234.77978515625,6132.080078125,6138.9013671875,33.99890899658203,11.28510856628418,11.261033058166504,42.370052337646484,11.998044967651367,0.039774373173713684,0,0.0017423124518245459,0,1102.69970703125,-6.8212890625
54,12,0,1,Day,,25.295900344848633,64.7041015625,356.3001708984375,916.5999755859375,258.03497314453125,728.4099731445312,0.28151318430900574,23.540002822875977,3.4900999069213867,=NA(),=NA(),1.1057482957839966,1.4163999557495117,0.34380000829696655,0.08399999886751175,=NA(),20,1013.25,-1.7468175888061523,25.23947525024414,985.6650390625,916.9649658203125,68.70500183105469,64.2762680053711,5952,5198.43994140625,5203.96435546875,35.127960205078125,9.258940696716309,9.24264907836914,43.02056121826172,9.816526412963867,0.03254431113600731,0,0.0015220624627545476,0,753.56005859375,-5.5244140625
54,13,0,1,Day,,29.461275100708008,60.53872299194336,325.07757568359375,618.9000244140625,423.61334228515625,224.2899932861328,0.6844616532325745,24.4999942779541,3.549999952316284,=NA(),=NA(),1.1481083631515503,1.4163999557495117,0.34380000829696655,0.08399999886751175,=NA(),20,1013.25,-17.919939041137695,23.782726287841797,680.6700439453125,628.030029296875,52.63999938964844,52.501243591308594,4035.409912109375,3671.409912109375,3675.83251953125,36.60771942138672,6.275726795196533,6.238439559936523,43.77809143066406,6.6419782638549805,0.021994562819600105,0,0.0011244374327361584,0,364,-4.422607421875
54,14,0,1,Day,,38.31681442260742,51.68318557739258,303.6072998046875,891.7000122070312,307.4988098144531,744.5900268554688,0.34484559297561646,25.3699893951416,3.640000104904175,=NA(),=NA(),1.2737828493118286,1.4163999557495117,0.34380000829696655,0.08399999886751175,=NA(),20,1013.25,-33.35063171386719,20.07034683227539,1082.925048828125,1023.4600219726562,59.46500015258789,70.19249725341797,6567.169921875,5612.91015625,5620.66162109375,34.32251739501953,10.235011100769043,10.197199821472168,42.462711334228516,10.889328956604004,0.03632787615060806,0,0.0012971875257790089,0,954.259765625,-7.75146484375
54,15,0,1,Day,,49.32986831665039,40.67013168334961,289.262939453125,258.2099914550781,251.23089599609375,10.708999633789062,0.9729712605476379,24.7499942779541,3.630000114440918,=NA(),=NA(),1.532617449760437,1.4163999557495117,0.34380000829696655,0.08399999886751175,=NA(),20,1013.25,-47.69196701049805,14.490737915039062,270.7749938964844,225.06500244140625,45.709999084472656,36.05187225341797,1484.5799560546875,1425.969970703125,1420.703369140625,38.220726013183594,2.322711706161499,2.206146478652954,44.11200714111328,2.475537061691284,0.007783187553286552,0,0.0009206249960698187,0,58.6099853515625,5.2666015625
54,16,0,1,Day,,61.242454528808594,28.757543563842773,278.57861328125,422.489990234375,295.5794982910156,263.7900085449219,0.6996130347251892,24.93999671936035,3.4298999309539795,=NA(),=NA(),2.0725367069244385,1.4163999557495117,0.34380000829696655,0.08399999886751175,=NA(),20,1013.25,-60,7.575968265533447,649.52001953125,592.6099853515625,56.90999984741211,51.558738708496094,3904.260009765625,3563.340087890625,3567.49365234375,36.72118377685547,6.072113990783691,5.939540386199951,43.83747863769531,6.426602363586426,0.021228061988949776,0,0.001148125040344894,0,340.919921875,-4.153564453125
54,17,0,1,Day,,73.46598052978516,16.534019470214844,269.5794372558594,182.1999969482422,168.76817321777344,47.198001861572266,0.9262797832489014,24.480005264282227,2.5799999237060547,=NA(),=NA(),3.4772090911865234,1.4163999557495117,0.34380000829696655,0.08399999886751175,=NA(),20,1013.25,-27.247051239013672,46.21986770629883,262.510009765625,245.9550018310547,16.560001373291016,35.208763122558594,1506.510009765625,1451.5599365234375,1453.3817138671875,38.091129302978516,2.3847107887268066,2.3470757007598877,44.2547607421875,2.5202348232269287,0.008480499498546124,0,0.00034612498711794615,0,54.9500732421875,-1.82177734375
54,18,0,1,Day,,84.9815673828125,5.018429279327393,261.5565490722656,5.293900012969971,5.293900012969971,0,1,22.43999671936035,2.719899892807007,=NA(),=NA(),10.27723503112793,1.4163999557495117,0.34380000829696655,0.08399999886751175,=NA(),20,1013.25,-7.341670036315918,77.72080993652344,5.784999847412109,5.260000228881836,0.5249999761581421,22.68999671936035,23.81999969482422,23.989999771118164,23.9502010345459,33.50265121459961,0.04467957466840744,0.04438352212309837,38.93260192871094,0.05378959700465202,0.0001777500001480803,0,0.000011500000255182385,0,-0.1700000762939453,0.039798736572265625
54,19,0,1,Night,,97.79209899902344,-7.792096138000488,252.40574645996094,0,0,0,0,20.300012588500977,2.460099935531616,=NA(),0,64.81599426269531,1.4163999557495117,0.34380000829696655,0.08399999886751175,=NA(),20,1013.25,0,0,0,0,0,20.300012588500977,0,0,0,0,0,0,0,0,0,0,0,0,0,0
54,20,0,1,Night,,109.11283874511719,-19.112836837768555,242.64927673339844,0,0,0,0,18.300012588500977,1.500100016593933,=NA(),0,64.81599426269531,1.4163999557495117,0.34380000829696655,0.08399999886751175,=NA(),20,1013.25,0,0,0,0,0,18.300012588500977,0,0,0,0,0,0,0,0,0,0,0,0,0,0
54,21,0,1,Night,,119.39058685302734,-29.390588760375977,230.9811248779297,0,0,0,0,16.83001136779785,2.130000114440918,=NA(),0,64.81599426269531,1.4163999557495117,0.34380000829696655,0.08399999886751175,=NA(),20,1013.25,0,0,0,0,0,16.83001136779785,0,0,0,0,0,0,0,0,0,0,0,0,0,0
54,22,0,1,Night,,127.90025329589844,-37.90024948120117,216.42086791992188,0,0,0,0,16.7499942779541,4.179999828338623,=NA(),0,64.81599426269531,1.4163999557495117,0.34380000829696655,0.08399999886751175,=NA(),20,1013.25,0,0,0,0,0,16.7499942779541,0,0,0,0,0,0,0,0,0,0,0,0,0,0
54,23,0,1,Night,,133.59097290039062,-43.590972900390625,198.35528564453125,0,0,0,0,15.869989395141602,5.250100135803223,=NA(),0,64.81599426269531,1.4163999557495117,0.34380000829696655,0.08399999886751175,=NA(),20,1013.25,0,0,0,0,0,15.869989395141602,0,0,0,0,0,0,0,0,0,0,0,0,0,0
55,0,0,1,Night,,135.33741760253906,-45.33740997314453,177.72610473632812,0,0,0,0,16.300012588500977,5.380000114440918,=NA(),0,64.81599426269531,1.4163999557495117,0.34380000829696655,0.08399999886751175,=NA(),20,1013.25,0,0,0,0,0,16.300012588500977,0,0,0,0,0,0,0,0,0,0,0,0,0,0
55,1,0,1,Night,,132.6927947998047,-42.69279098510742,157.43992614746094,0,0,0,0,15.309991836547852,5.000100135803223,=NA(),0,64.81599426269531,1.4163999557495117,0.34380000829696655,0.08399999886751175,=NA(),20,1013.25,0,0,0,0,0,15.309991836547852,0,0,0,0,0,0,0,0,0,0,0,0,0,0
55,2,0,1,Night,,126.31382751464844,-36.3138313293457,140.09898376464844,0,0,0,0,14.700006484985352,4.889999866485596,=NA(),0,64.81599426269531,1.4163999557495117,0.34380000829696655,0.08399999886751175,=NA(),20,1013.25,0,0,0,0,0,14.700006484985352,0,0,0,0,0,0,0,0,0,0,0,0,0,0
55,3,0,1,Night,,117.35969543457031,-27.35969352722168,126.21316528320312,0,0,0,0,14.890008926391602,4.930099964141846,=NA(),0,64.81599426269531,1.4163999557495117,0.34380000829696655,0.08399999886751175,=NA(),20,1013.25,0,0,0,0,0,14.890008926391602,0,0,0,0,0,0,0,0,0,0,0,0,0,0
55,4,0,1,Night,,106.81903839111328,-16.81903839111328,115.01312255859375,0,0,0,0,14.899988174438477,4.920100212097168,=NA(),0,64.81599426269531,1.4163999557495117,0.34380000829696655,0.08399999886751175,=NA(),20,1013.25,0,0,0,0,0,14.899988174438477,0,0,0,0,0,0,0,0,0,0,0,0,0,0
55,5,0,1,Night,Sun below height limit of 1 degrees.,89.459716796875,0.5402829051017761,101.60285186767578,0,0,0,0,14.300012588500977,5.970099925994873,=NA(),0,30.898794174194336,1.4163999557495117,0.34380000829696655,0.08399999886751175,=NA(),20,1013.25,0,0,0,0,0,14.300012588500977,0,0,0,0,0,0,0,0,0,0,0,0,0,0
55,6,0,1,Day,,83.10779571533203,6.892200946807861,96.89339447021484,131.60000610351562,118.4106216430664,109.91000366210938,0.8997766971588135,15.679986953735352,7.009900093078613,=NA(),=NA(),7.836923599243164,1.4163999557495117,0.34380000829696655,0.08399999886751175,=NA(),20,1013.25,10.146455764770508,73.03709411621094,220.52999877929688,213.01998901367188,7.510000228881836,24.982507705688477,1049.6400146484375,1047.5999755859375,1048.31640625,39.11275863647461,1.6751511096954346,1.668565273284912,45.013343811035156,1.770876169204712,0.0060670627281069756,0,0.00016612499894108623,0,2.0400390625,-0.7164306640625
55,7,0,1,Day,,70.93733978271484,19.062658309936523,88.3613510131836,323.8999938964844,240.71446228027344,254.6999969482422,0.7431752681732178,18.2600040435791,6.680099964141846,=NA(),=NA(),3.0385468006134033,1.4163999557495117,0.34380000829696655,0.08399999886751175,=NA(),20,1013.25,33.52280807495117,37.43465805053711,555.8499755859375,532.125,23.720001220703125,40.873130798339844,3294.719970703125,3119.52001953125,3124.822021484375,38.05675506591797,5.131893157958984,5.067289352416992,44.91516876220703,5.419102668762207,0.018391437828540802,0,0.0005395624903030694,0,175.199951171875,-5.302001953125
55,8,0,1,Day,,58.769287109375,31.230710983276367,79.06707763671875,191.3000030517578,188.0825958251953,6.205399990081787,0.983181357383728,18.93999671936035,5.749899864196777,=NA(),=NA(),1.9241441488265991,1.4163999557495117,0.34380000829696655,0.08399999886751175,=NA(),20,1013.25,58.30205154418945,9.333182334899902,199.77999877929688,156.75,43.025001525878906,27.295618057250977,1070.719970703125,1059.97998046875,1050.6639404296875,39.241737365722656,1.672886610031128,1.5589994192123413,44.72721481323242,1.7954586744308472,0.005488624796271324,0,0.0008605624898336828,0,10.739990234375,9.3160400390625
55,9,0,1,Day,,47.022525787353516,42.977474212646484,67.74457550048828,772.4000244140625,332.6965637207031,645,0.4307309091091156,21.5200138092041,4.639999866485596,=NA(),=NA(),1.4653993844985962,1.4163999557495117,0.34380000829696655,0.08399999886751175,=NA(),20,1013.25,44.80640411376953,16.08670425415039,1038.10498046875,981.300048828125,56.80500030517578,64.2874984741211,6280.18017578125,5486.0400390625,5493.76953125,35.10759735107422,9.780290603637695,9.702826499938965,43.12769317626953,10.38227367401123,0.03475281223654747,0,0.0012090625241398811,0,794.14013671875,-7.7294921875
55,10,0,1,Day,,36.388431549072266,53.611568450927734,52.157901763916016,887.4000244140625,290.6434326171875,741.2999877929688,0.3275224566459656,23.30999183654785,3.390000104904175,=NA(),=NA(),1.2415534257888794,1.4163999557495117,0.34380000829696655,0.08399999886751175,=NA(),20,1013.25,30.19830322265625,21.343305587768555,1055.2850341796875,996.1849975585938,59.099998474121094,66.88436126708984,6405.81005859375,5542.68017578125,5549.7763671875,34.765785217285156,9.977081298828125,9.94860553741455,42.835227966308594,10.594464302062988,0.03539787605404854,0,0.001291437540203333,0,863.1298828125,-7.09619140625
55,11,0,1,Day,,28.365550994873047,61.63444900512695,28.66776466369629,1120.699951171875,297.2573547363281,935.7999877929688,0.2652425765991211,24.95000648498535,2.2899999618530273,=NA(),=NA(),1.136069416999817,1.4163999557495117,0.34380000829696655,0.08399999886751175,=NA(),20,1013.25,14.521414756774902,24.636268615722656,1234.8599853515625,1152.429931640625,82.43000030517578,76.43688201904297,7427.83984375,6201.73974609375,6208.9677734375,33.46932601928711,11.594511985778809,11.574376106262207,41.921852111816406,12.347082138061523,0.04085487499833107,0,0.0017930625472217798,0,1226.10009765625,-7.22802734375
55,12,0,1,Day,,25.665679931640625,64.33432006835938,356.263916015625,766.4000244140625,362.5110778808594,448.1000061035156,0.4730050563812256,25.30999183654785,1.5198999643325806,=NA(),=NA(),1.1091476678848267,1.4163999557495117,0.34380000829696655,0.08399999886751175,=NA(),20,1013.25,-1.7934385538101196,25.6071834564209,826.0650024414062,766.64501953125,59.40999984741211,59.38561248779297,4960.02001953125,4406.6201171875,4410.6767578125,35.76625442504883,7.707467079162598,7.69367790222168,43.28632354736328,8.164254188537598,0.0270621869713068,0,0.0013145625125616789,0,553.39990234375,-4.056640625
55,13,0,1,Day,,29.802663803100586,60.19733428955078,325.36712646484375,793.5,325.52655029296875,539.2999877929688,0.41024139523506165,25.20000648498535,1.100100040435791,=NA(),=NA(),1.1519979238510132,1.4163999557495117,0.34380000829696655,0.08399999886751175,=NA(),20,1013.25,-18.030725479125977,24.1387996673584,882.300048828125,823.1950073242188,59.10499954223633,61.59563446044922,5314.6796875,4685.35986328125,4690.7861328125,35.47520446777344,8.26419734954834,8.243858337402344,43.13812255859375,8.762157440185547,0.029119625687599182,0,0.0012851250357925892,0,629.31982421875,-5.42626953125
55,14,0,1,Day,,38.60818862915039,51.39181137084961,303.974609375,505.010009765625,398.96197509765625,135.7100067138672,0.7900080680847168,25.5100040435791,1.1198999881744385,=NA(),=NA(),1.2789256572723389,1.4163999557495117,0.34380000829696655,0.08399999886751175,=NA(),20,1013.25,-33.51268005371094,20.4079647064209,575.02001953125,525.6849975585938,49.33000183105469,49.130638122558594,3389.110107421875,3118.0400390625,3122.524169921875,36.958248138427734,5.280571460723877,5.190410614013672,43.886531829833984,5.590188980102539,0.01844000071287155,0,0.0010241875424981117,0,271.070068359375,-4.484130859375
55,15,0,1,Day,,49.587257385253906,40.412742614746094,289.6134338378906,203.61000061035156,200.8804473876953,4.210400104522705,0.9865942001342773,25.83001136779785,1.2099000215530396,=NA(),=NA(),1.540656328201294,1.4163999557495117,0.34380000829696655,0.08399999886751175,=NA(),20,1013.25,-47.88971710205078,14.807897567749023,208.4550018310547,170.77000427246094,37.68000030517578,34.56499481201172,1122.9599609375,1083.550048828125,1078.16357421875,38.1242790222168,1.76698637008667,1.6707217693328857,43.81844711303711,1.8892704248428345,0.00588906230404973,0,0.0007581249810755253,0,39.409912109375,5.386474609375
55,16,0,1,Day,,61.482479095458984,28.517518997192383,278.8999938964844,278.70001220703125,253.5873260498047,52.599998474121094,0.9098935127258301,24.70000648498535,1.2200000286102295,=NA(),=NA(),2.088372230529785,1.4163999557495117,0.34380000829696655,0.08399999886751175,=NA(),20,1013.25,-60,7.902544021606445,360.2799987792969,308.46002197265625,51.81999969482422,39.55998992919922,2064.27001953125,1960.43994140625,1959.3353271484375,37.93976974487305,3.2276265621185303,3.0969223976135254,44.233856201171875,3.42120099067688,0.010944874957203865,0,0.0010384999914094806,0,103.830078125,1.1046142578125
55,17,0,1,Day,,73.7008285522461,16.299171447753906,269.87774658203125,183.50999450683594,169.1944580078125,51.007999420166016,0.9219904541969299,24.350000381469727,1.2700999975204468,=NA(),=NA(),3.5247373580932617,1.4163999557495117,0.34380000829696655,0.08399999886751175,=NA(),20,1013.25,-26.727184295654297,46.973716735839844,266.43499755859375,250.0800018310547,16.354999542236328,35.235618591308594,1529.260009765625,1473.3800048828125,1475.3675537109375,38.10211944580078,2.4200878143310547,2.382779359817505,44.27785110473633,2.5575673580169678,0.008612125180661678,0,0.00034337499528191984,0,55.8800048828125,-1.987548828125
55,18,0,1,Day,,85.09061431884766,4.909389019012451,261.9293518066406,6.700399875640869,6.700228691101074,0.0020000000949949026,0.9999744296073914,22.5100040435791,2.119999885559082,=NA(),=NA(),10.46383285522461,1.4163999557495117,0.34380000829696655,0.08399999886751175,=NA(),20,1013.25,-7.171810150146484,77.99098205566406,7.324999809265137,6.659999847412109,0.6649999618530273,22.825647354125977,31.420000076293945,31.630001068115234,31.562055587768555,34.01251983642578,0.05799698829650879,0.05762038752436638,39.38306427001953,0.06811626255512238,0.00022506249661091715,0,0.00001449999945180025,0,-0.21000099182128906,0.06794548034667969
55,19,0,1,Night,,98.0467758178711,-8.046778678894043,252.67849731445312,0,0,0,0,21.0100040435791,3.98009991645813,=NA(),0,64.81599426269531,1.4163999557495117,0.34380000829696655,0.08399999886751175,=NA(),20,1013.25,0,0,0,0,0,21.0100040435791,0,0,0,0,0,0,0,0,0,0,0,0,0,0
55,20,0,1,Night,,109.38790130615234,-19.38789939880371,242.9119415283203,0,0,0,0,20.05999183654785,5.429900169372559,=NA(),0,64.81599426269531,1.4163999557495117,0.34380000829696655,0.08399999886751175,=NA(),20,1013.25,0,0,0,0,0,20.05999183654785,0,0,0,0,0,0,0,0,0,0,0,0,0,0
55,21,0,1,Night,,119.69548797607422,-29.695484161376953,231.22335815429688,0,0,0,0,19.600000381469727,6.29010009765625,=NA(),0,64.81599426269531,1.4163999557495117,0.34380000829696655,0.08399999886751175,=NA(),20,1013.25,0,0,0,0,0,19.600000381469727,0,0,0,0,0,0,0,0,0,0,0,0,0,0
55,22,0,1,Night,,128.2391815185547,-38.23918151855469,216.6122283935547,0,0,0,0,19.110010147094727,6.469900131225586,=NA(),0,64.81599426269531,1.4163999557495117,0.34380000829696655,0.08399999886751175,=NA(),20,1013.25,0,0,0,0,0,19.110010147094727,0,0,0,0,0,0,0,0,0,0,0,0,0,0
55,23,0,1,Night,,133.9568634033203,-43.956871032714844,198.44033813476562,0,0,0,0,18.8900089263916,6,=NA(),0,64.81599426269531,1.4163999557495117,0.34380000829696655,0.08399999886751175,=NA(),20,1013.25,0,0,0,0,0,18.8900089263916,0,0,0,0,0,0,0,0,0,0,0,0,0,0
56,0,0,1,Night,,135.7053680419922,-45.70537185668945,177.6560516357422,0,0,0,0,18.089990615844727,5.349899768829346,=NA(),0,64.81599426269531,1.4163999557495117,0.34380000829696655,0.08399999886751175,=NA(),20,1013.25,0,0,0,0,0,18.089990615844727,0,0,0,0,0,0,0,0,0,0,0,0,0,0
56,1,0,1,Night,,133.03106689453125,-43.03107452392578,157.2310333251953,0,0,0,0,16.899988174438477,4.829999923706055,=NA(),0,64.81599426269531,1.4163999557495117,0.34380000829696655,0.08399999886751175,=NA(),20,1013.25,0,0,0,0,0,16.899988174438477,0,0,0,0,0,0,0,0,0,0,0,0,0,0
56,2,0,1,Night,,126.60643768310547,-36.60643768310547,139.81468200683594,0,0,0,0,16.990015029907227,4.329999923706055,=NA(),0,64.81599426269531,1.4163999557495117,0.34380000829696655,0.08399999886751175,=NA(),20,1013.25,0,0,0,0,0,16.990015029907227,0,0,0,0,0,0,0,0,0,0,0,0,0,0
56,3,0,1,Night,,117.60863494873047,-27.60863494873047,125.90251922607422,0,0,0,0,17.2499942779541,3.8101000785827637,=NA(),0,64.81599426269531,1.4163999557495117,0.34380000829696655,0.08399999886751175,=NA(),20,1013.25,0,0,0,0,0,17.2499942779541,0,0,0,0,0,0,0,0,0,0,0,0,0,0
56,4,0,1,Night,,107.03363037109375,-17.033632278442383,114.69640350341797,0,0,0,0,16.860010147094727,3.4700000286102295,=NA(),0,64.81599426269531,1.4163999557495117,0.34380000829696655,0.08399999886751175,=NA(),20,1013.25,0,0,0,0,0,16.860010147094727,0,0,0,0,0,0,0,0,0,0,0,0,0,0
56,5,0,1,Night,Sun below height limit of 1 degrees.,89.54422760009766,0.45577070116996765,101.2153549194336,0,0,0,0,16.20000648498535,3.51990008354187,=NA(),0,31.8710880279541,1.4163999557495117,0.34380000829696655,0.08399999886751175,=NA(),20,1013.25,0,0,0,0,0,16.20000648498535,0,0,0,0,0,0,0,0,0,0,0,0,0,0
56,6,0,1,Day,,83.28404998779297,6.715949535369873,96.56491088867188,10.196999549865723,10.185351371765137,0.09960000216960907,0.9988576769828796,15.740015029907227,3.2600998878479004,=NA(),=NA(),8.017958641052246,1.4163999557495117,0.34380000829696655,0.08399999886751175,=NA(),20,1013.25,9.869352340698242,73.4814224243164,11.125,10.09000015258789,1.0299999713897705,16.211877822875977,50.58000183105469,52.2599983215332,52.283302307128906,35.828636169433594,0.09120351821184158,0.09046006202697754,41.20185089111328,0.10307078808546066,0.00034175001201219857,0,0.000022250000256462954,0,-1.6799964904785156,-0.023303985595703125
56,7,0,1,Day,,71.11296081542969,18.887042999267578,88.0145492553711,336.989990234375,247.23025512695312,277.2900085449219,0.7336426973342896,19.149988174438477,2.740000009536743,=NA(),=NA(),3.0652594566345215,1.4163999557495117,0.34380000829696655,0.08399999886751175,=NA(),20,1013.25,33.047767639160156,38.09396743774414,584.6950073242188,560.8900146484375,23.815000534057617,42.961265563964844,3475.8701171875,3267.97998046875,3273.10205078125,37.80977249145508,5.410527229309082,5.345149040222168,44.740760803222656,5.714920997619629,0.019413750618696213,0,0.0005401250091381371,0,207.89013671875,-5.1220703125
56,8,0,1,Day,,58.95382308959961,31.046178817749023,78.68937683105469,77.49400329589844,77.13438415527344,0.6973000168800354,0.9953594207763672,20.459985733032227,2.569999933242798,=NA(),=NA(),1.9343607425689697,1.4163999557495117,0.34380000829696655,0.08399999886751175,=NA(),20,1013.25,58.455039978027344,9.673470497131348,73.63499450683594,54.47999954223633,19.154998779296875,23.594995498657227,365.6199951171875,366.760009765625,361.1248474121094,38.34376525878906,0.588379979133606,0.5365419387817383,43.40821838378906,0.6430962681770325,0.0018923749448731542,0,0.00038168751052580774,0,-1.1400146484375,5.635162353515625
56,9,0,1,Day,,47.23137664794922,42.76862335205078,67.3240737915039,145.00999450683594,143.6460723876953,2.0085999965667725,0.9905942678451538,20.42998695373535,3.299999952316284,=NA(),=NA(),1.4711439609527588,1.4163999557495117,0.34380000829696655,0.08399999886751175,=NA(),20,1013.25,44.92888641357422,16.439916610717773,145.8300018310547,119.69000244140625,26.139999389648438,26.532495498657227,771.5800170898438,765.8200073242188,761.455322265625,38.7811164855957,1.2267929315567017,1.1579580307006836,44.27033233642578,1.3127341270446777,0.004111562389880419,0,0.0005230624810792506,0,5.760009765625,4.36468505859375
56,10,0,1,Day,,36.6442756652832,53.3557243347168,51.70317077636719,737,329.7238464355469,507.6000061035156,0.4473865032196045,22.100000381469727,4.039999961853027,=NA(),=NA(),1.245654821395874,1.4163999557495117,0.34380000829696655,0.08399999886751175,=NA(),20,1013.25,30.276098251342773,21.70859718322754,868.2750244140625,815.4649658203125,52.80999755859375,57.740013122558594,5252.5,4695.5498046875,4701.818359375,35.98097610473633,8.167202949523926,8.125839233398438,43.611900329589844,8.651754379272461,0.028907999396324158,0,0.0011404999531805515,0,556.9501953125,-6.2685546875
56,11,0,1,Day,,28.690929412841797,61.3090705871582,28.287960052490234,751.010009765625,358.8829040527344,447.010009765625,0.4778670072555542,24.600000381469727,4.429999828338623,=NA(),=NA(),1.139574646949768,1.4163999557495117,0.34380000829696655,0.08399999886751175,=NA(),20,1013.25,14.539698600769043,25.0084228515625,825.7049560546875,767.6950073242188,58.0099983215332,58.613731384277344,4954.35986328125,4413.919921875,4418.89599609375,35.86045837402344,7.701548099517822,7.683043956756592,43.38407516479492,8.157617568969727,0.027088625356554985,0,0.0012555000139400363,0,540.43994140625,-4.97607421875
56,12,0,1,Day,,26.037879943847656,63.962120056152344,356.22308349609375,417.1000061035156,387.4439697265625,33.00600051879883,0.9288994669914246,24.839990615844727,4.409999847412109,=NA(),=NA(),1.1126372814178467,1.4163999557495117,0.34380000829696655,0.08399999886751175,=NA(),20,1013.25,-1.8432471752166748,25.977100372314453,454.2900085449219,417.04998779296875,37.23999786376953,43.523765563964844,2629.800048828125,2465.360107421875,2467.84375,37.53743362426758,4.1089701652526855,4.100710868835449,44.15190887451172,4.344011306762695,0.014354937709867954,0,0.0008214999688789248,0,164.43994140625,-2.483642578125
56,13,0,1,Day,,30.147958755493164,59.8520393371582,325.64837646484375,626.9000244140625,418.0674133300781,241.5,0.6668805480003357,27.240015029907227,4.409999847412109,=NA(),=NA(),1.1560007333755493,1.4163999557495117,0.34380000829696655,0.08399999886751175,=NA(),20,1013.25,-18.145387649536133,24.49665069580078,691.9150390625,640.510009765625,51.404998779296875,55.730003356933594,4121.06005859375,3706.530029296875,3711.40673828125,36.176631927490234,6.411964416503906,6.3776750564575195,43.39837646484375,6.791988372802734,0.022501248866319656,0,0.001103249960578978,0,414.530029296875,-4.876708984375
56,14,0,1,Day,,38.90422821044922,51.09577178955078,304.3368835449219,916.7000122070312,321.0681457519531,765.4000244140625,0.3502434194087982,27.779993057250977,4.429999828338623,=NA(),=NA(),1.2842274904251099,1.4163999557495117,0.34380000829696655,0.08399999886751175,=NA(),20,1013.25,-33.67890167236328,20.746850967407227,1116.3050537109375,1055.320068359375,60.98999786376953,74.1412582397461,6768.89013671875,5699.72021484375,5706.69970703125,33.80122756958008,10.551950454711914,10.506973266601562,42.0195426940918,11.238226890563965,0.03746800124645233,0,0.0013294374803081155,0,1069.169921875,-6.9794921875
56,15,0,1,Day,,49.849239349365234,40.150760650634766,289.9615478515625,669,318.6150817871094,543.4000244140625,0.47625571489334106,28.659997940063477,4.570000171661377,=NA(),=NA(),1.5489575862884521,1.4163999557495117,0.34380000829696655,0.08399999886751175,=NA(),20,1013.25,-48.0915641784668,15.125900268554688,926.9349975585938,873.6600341796875,53.275001525878906,66.9443588256836,5613.66015625,4853.169921875,4860.27294921875,34.75860595703125,8.739421844482422,8.656193733215332,42.558372497558594,9.290034294128418,0.030991561710834503,0,0.0011278125457465649,0,760.490234375,-7.10302734375
56,16,0,1,Day,,61.726959228515625,28.273040771484375,279.22039794921875,404.0899963378906,291.78192138671875,237.10000610351562,0.722071647644043,27.469995498657227,4.119999885559082,=NA(),=NA(),2.1047887802124023,1.4163999557495117,0.34380000829696655,0.08399999886751175,=NA(),20,1013.25,-60,8.234152793884277,619.3150024414062,563.3200073242188,55.9900016784668,52.904991149902344,3705.81005859375,3365.14990234375,3369.32568359375,36.50821304321289,5.768279075622559,5.635902404785156,43.562164306640625,6.109774112701416,0.02011987566947937,0,0.0011335625313222408,0,340.66015625,-4.17578125
56,17,0,1,Day,,73.94001770019531,16.059982299804688,270.17584228515625,185.2100067138672,169.826416015625,55.608001708984375,0.9169397354125977,27.240015029907227,3.1898999214172363,=NA(),=NA(),3.57453989982605,1.4163999557495117,0.34380000829696655,0.08399999886751175,=NA(),20,1013.25,-26.207162857055664,47.73300552368164,271.2200012207031,255.05999755859375,16.15999984741211,38.34563446044922,1557.219970703125,1483.969970703125,1486.0179443359375,37.6851806640625,2.464526653289795,2.427455425262451,43.89033889770508,2.606830596923828,0.008773187175393105,0,0.00034087500534951687,0,73.25,-2.0479736328125
56,18,0,1,Day,,85.2038803100586,4.796123504638672,262.30267333984375,2.598099946975708,2.598099946975708,0,1,24.550012588500977,3.5000998973846436,=NA(),=NA(),10.664491653442383,1.4163999557495117,0.34380000829696655,0.08399999886751175,=NA(),20,1013.25,-6.996527671813965,78.2713623046875,2.8399999141693115,2.5850000381469727,0.2549999952316284,24.67998695373535,9.680000305175781,9.680000305175781,9.67503833770752,31.337814331054688,0.01929580606520176,0.019170453771948814,37.05603790283203,0.02643749676644802,0.00008737500320421532,0,0.000005500000042957254,0,0,0.004961967468261719
56,19,0,1,Night,,98.30433654785156,-8.304337501525879,252.95187377929688,0,0,0,0,21.540002822875977,3.7899999618530273,=NA(),0,64.81599426269531,1.4163999557495117,0.34380000829696655,0.08399999886751175,=NA(),20,1013.25,0,0,0,0,0,21.540002822875977,0,0,0,0,0,0,0,0,0,0,0,0,0,0
56,20,0,1,Night,,109.66631317138672,-19.66631317138672,243.17550659179688,0,0,0,0,19.839990615844727,3.7799999713897705,=NA(),0,64.81599426269531,1.4163999557495117,0.34380000829696655,0.08399999886751175,=NA(),20,1013.25,0,0,0,0,0,19.839990615844727,0,0,0,0,0,0,0,0,0,0,0,0,0,0
56,21,0,1,Night,,120.00373077392578,-30.00373077392578,231.46653747558594,0,0,0,0,18.480005264282227,3.609999895095825,=NA(),0,64.81599426269531,1.4163999557495117,0.34380000829696655,0.08399999886751175,=NA(),20,1013.25,0,0,0,0,0,18.480005264282227,0,0,0,0,0,0,0,0,0,0,0,0,0,0
56,22,0,1,Night,,128.58152770996094,-38.58153533935547,216.80401611328125,0,0,0,0,14.200006484985352,3.420099973678589,=NA(),0,64.81599426269531,1.4163999557495117,0.34380000829696655,0.08399999886751175,=NA(),20,1013.25,0,0,0,0,0,14.200006484985352,0,0,0,0,0,0,0,0,0,0,0,0,0,0
56,23,0,1,Night,,134.32608032226562,-44.32608413696289,198.52386474609375,0,0,0,0,12.939996719360352,3.240000009536743,=NA(),0,64.81599426269531,1.4163999557495117,0.34380000829696655,0.08399999886751175,=NA(),20,1013.25,0,0,0,0,0,12.939996719360352,0,0,0,0,0,0,0,0,0,0,0,0,0,0
57,0,0,1,Night,,136.07586669921875,-46.075862884521484,177.581298828125,0,0,0,0,12.379999160766602,3.039900064468384,=NA(),0,64.81599426269531,1.4163999557495117,0.34380000829696655,0.08399999886751175,=NA(),20,1013.25,0,0,0,0,0,12.379999160766602,0,0,0,0,0,0,0,0,0,0,0,0,0,0
57,1,0,1,Night,,133.37074279785156,-43.37074279785156,157.01551818847656,0,0,0,0,11.179986953735352,2.850100040435791,=NA(),0,64.81599426269531,1.4163999557495117,0.34380000829696655,0.08399999886751175,=NA(),20,1013.25,0,0,0,0,0,11.179986953735352,0,0,0,0,0,0,0,0,0,0,0,0,0,0
57,2,0,1,Night,,126.8995590209961,-36.899559020996094,139.52403259277344,0,0,0,0,11.209985733032227,2.6900999546051025,=NA(),0,64.81599426269531,1.4163999557495117,0.34380000829696655,0.08399999886751175,=NA(),20,1013.25,0,0,0,0,0,11.209985733032227,0,0,0,0,0,0,0,0,0,0,0,0,0,0
57,3,0,1,Night,,117.85781860351562,-27.857820510864258,125.58661651611328,0,0,0,0,10.800012588500977,2.5199999809265137,=NA(),0,64.81599426269531,1.4163999557495117,0.34380000829696655,0.08399999886751175,=NA(),20,1013.25,0,0,0,0,0,10.800012588500977,0,0,0,0,0,0,0,0,0,0,0,0,0,0
57,4,0,1,Night,,107.24903869628906,-17.249040603637695,114.37545013427734,0,0,0,0,9.500085830688477,2.3099000453948975,=NA(),0,64.81599426269531,1.4163999557495117,0.34380000829696655,0.08399999886751175,=NA(),20,1013.25,0,0,0,0,0,9.499994277954102,0,0,0,0,0,0,0,0,0,0,0,0,0,0
57,5,0,1,Night,Sun below height limit of 1 degrees.,89.61656188964844,0.38343992829322815,100.8268814086914,0,0,0,0,10.020013809204102,2.2899999618530273,=NA(),0,32.73870849609375,1.4163999557495117,0.34380000829696655,0.08399999886751175,=NA(),20,1013.25,0,0,0,0,0,10.020013809204102,0,0,0,0,0,0,0,0,0,0,0,0,0,0
57,6,0,1,Day,,83.45736694335938,6.542631149291992,96.23336791992188,121.9000015258789,110.30178833007812,101.79000091552734,0.9048547148704529,10.879999160766602,2.5599000453948975,=NA(),=NA(),8.203968048095703,1.4163999557495117,0.34380000829696655,0.08399999886751175,=NA(),20,1013.25,9.598282814025879,73.91748809814453,201.97500610351562,194.86500549316406,7.105000019073486,19.38750648498535,942.77001953125,959.2000122070312,960.5679321289062,39.75006866455078,1.5103240013122559,1.5044901371002197,45.59617614746094,1.5941355228424072,0.005465125199407339,0,0.00015675000031478703,0,-16.42999267578125,-1.367919921875
57,7,0,1,Day,,71.28790283203125,18.71209716796875,87.6650390625,346.4100036621094,253.59559631347656,289.30999755859375,0.7320677638053894,16.990015029907227,4.300099849700928,=NA(),=NA(),3.0923640727996826,1.4163999557495117,0.34380000829696655,0.08399999886751175,=NA(),20,1013.25,32.58476638793945,38.74192428588867,604.9199829101562,581.0499877929688,23.869998931884766,41.594383239746094,3603.969970703125,3404.739990234375,3409.43701171875,38.0235595703125,5.604200839996338,5.538222789764404,44.98600769042969,5.91514253616333,0.0201388131827116,0,0.0005390000296756625,0,199.22998046875,-4.697021484375
57,8,0,1,Day,,59.13849639892578,30.86150550842285,78.30931854248047,565.1900024414062,323.0758361816406,471.989990234375,0.5716233849525452,19.5100040435791,4.949900150299072,=NA(),=NA(),1.9447141885757446,1.4163999557495117,0.34380000829696655,0.08399999886751175,=NA(),20,1013.25,58.607025146484375,10.016853332519531,891.8699951171875,831.8499755859375,60.01499938964844,56.011863708496094,5420.81005859375,4876.66015625,4883.79931640625,36.21070098876953,8.429685592651367,8.301506996154785,43.89643859863281,8.929832458496094,0.02977806329727173,0,0.0012346250005066395,0,544.14990234375,-7.13916015625
57,9,0,1,Day,,47.44144821166992,42.55855178833008,66.90190887451172,755.5999755859375,328.8949890136719,630.9000244140625,0.435276597738266,21.779993057250977,5.080100059509277,=NA(),=NA(),1.476987361907959,1.4163999557495117,0.34380000829696655,0.08399999886751175,=NA(),20,1013.25,45.05055236816406,16.796161651611328,1017.4649658203125,961.4549560546875,56,63.72875213623047,6155.02001953125,5387.31005859375,5393.20556640625,35.194576263427734,9.57753849029541,9.497467994689941,43.158382415771484,10.155673027038574,0.03404825180768967,0,0.0011898749507963657,0,767.7099609375,-5.8955078125
57,10,0,1,Day,,36.90200424194336,53.09799575805664,51.24831771850586,896.7000122070312,297.9918518066406,748.7000122070312,0.33232057094573975,23.029993057250977,5.080100059509277,=NA(),=NA(),1.249839186668396,1.4163999557495117,0.34380000829696655,0.08399999886751175,=NA(),20,1013.25,30.352502822875977,22.076757431030273,1066.3900146484375,1006.27001953125,60.11499786376953,67.06688690185547,6467.2099609375,5592.2197265625,5599.6865234375,34.737586975097656,10.07497787475586,10.040414810180664,42.83131790161133,10.701218605041504,0.03573506325483322,0,0.0013100624782964587,0,874.990234375,-7.466796875
57,11,0,1,Day,,29.018417358398438,60.98158264160156,27.909467697143555,973.4099731445312,262.63702392578125,812.8099975585938,0.2698113024234772,23.7499942779541,5.070000171661377,=NA(),=NA(),1.1431617736816406,1.4163999557495117,0.34380000829696655,0.08399999886751175,=NA(),20,1013.25,14.555721282958984,25.38312339782715,1072.824951171875,1001.4599609375,71.36500549316406,68.21749114990234,6467.990234375,5568.9501953125,5574.681640625,34.59687805175781,10.070782661437988,10.057907104492188,42.68416976928711,10.689922332763672,0.035496436059474945,0,0.0015535000711679459,0,899.0400390625,-5.7314453125
57,12,0,1,Day,,26.4124698638916,63.58753204345703,356.17803955078125,993.2999877929688,250.38735961914062,829.5,0.25207626819610596,25.350000381469727,5.130000114440918,=NA(),=NA(),1.116219162940979,1.4163999557495117,0.34380000829696655,0.08399999886751175,=NA(),20,1013.25,-1.896180272102356,26.349193572998047,1068.06005859375,993.7750244140625,74.27999877929688,69.64250946044922,6446.68994140625,5520.91015625,5526.873046875,34.40761947631836,10.039334297180176,10.024057388305664,42.49470138549805,10.66246509552002,0.035281937569379807,0,0.0016444999491795897,0,925.77978515625,-5.962890625
57,13,0,1,Day,,30.496856689453125,59.503143310546875,325.9215393066406,933.2100219726562,263.099365234375,777.7000122070312,0.2819294333457947,25.980005264282227,5.109899997711182,=NA(),=NA(),1.16011643409729,1.4163999557495117,0.34380000829696655,0.08399999886751175,=NA(),20,1013.25,-18.26375389099121,24.856067657470703,1041.8399658203125,975.344970703125,66.48999786376953,69.1574935913086,6296.75,5401.77001953125,5407.6630859375,34.47579574584961,9.803369522094727,9.78463363647461,42.508323669433594,10.412240028381348,0.03460250049829483,0,0.0014551874483004212,0,894.97998046875,-5.89306640625
57,14,0,1,Day,,39.20452880859375,50.79547119140625,304.6940002441406,731.2999877929688,323.62799072265625,526.0999755859375,0.44253793358802795,26.540002822875977,4.920100212097168,=NA(),=NA(),1.289685845375061,1.4163999557495117,0.34380000829696655,0.08399999886751175,=NA(),20,1013.25,-33.8490104675293,21.086795806884766,883.64501953125,831.800048828125,51.84000015258789,62.982505798339844,5350.419921875,4693.0400390625,4697.5517578125,35.29847717285156,8.317564964294434,8.2637939453125,42.97248077392578,8.824390411376953,0.029490187764167786,0,0.0011192499659955502,0,657.3798828125,-4.51171875
57,15,0,1,Day,,50.11526870727539,39.88473129272461,290.3071594238281,643.3900146484375,319.4393615722656,505.19000244140625,0.4964941143989563,26.790002822875977,4.739999771118164,=NA(),=NA(),1.5575124025344849,1.4163999557495117,0.34380000829696655,0.08399999886751175,=NA(),20,1013.25,-48.29703140258789,15.44458293914795,882.5799560546875,827.989990234375,54.584999084472656,63.17626190185547,5332.06005859375,4673.4599609375,4679.90625,35.256988525390625,8.29617691040039,8.202630043029785,42.94060516357422,8.805927276611328,0.029354000464081764,0,0.00115018745418638,0,658.60009765625,-6.4462890625
57,16,0,1,Day,,61.97513198852539,28.024866104125977,279.53973388671875,421.5,292.0550231933594,275.5,0.692894458770752,26.969995498657227,4.03000020980835,=NA(),=NA(),2.121757745742798,1.4163999557495117,0.34380000829696655,0.08399999886751175,=NA(),20,1013.25,-60,8.570289611816406,659.530029296875,603.2000122070312,56.334999084472656,54.056236267089844,3960.260009765625,3582.590087890625,3586.503173828125,36.39189529418945,6.159704685211182,6.02779483795166,43.5392951965332,6.522600173950195,0.02154950052499771,0,0.001143750036135316,0,377.669921875,-3.9130859375
57,17,0,1,Day,,74.18207550048828,15.817923545837402,270.4736633300781,155.69000244140625,148.27906799316406,27.187999725341797,0.9523994326591492,25.850000381469727,2.6201000213623047,=NA(),=NA(),3.6264381408691406,1.4163999557495117,0.34380000829696655,0.08399999886751175,=NA(),20,1013.25,-25.690032958984375,48.493133544921875,202.7949981689453,187.05999755859375,15.734999656677246,34.185630798339844,1138.6700439453125,1100.3599853515625,1101.3416748046875,37.898658752441406,1.8162484169006348,1.7809135913848877,43.898048400878906,1.9221636056900024,0.006406562402844429,0,0.0003293124900665134,0,38.31005859375,-0.981689453125
57,18,0,1,Night,Sun above horizon but GHI below 1,85.32787322998047,4.672123432159424,262.6693420410156,0,0,0,0,22.67998695373535,2.490000009536743,=NA(),0,10.89258098602295,1.4163999557495117,0.34380000829696655,0.08399999886751175,=NA(),20,1013.25,0,0,0,0,0,22.67998695373535,0,0,0,0,0,0,0,0,0,0,0,0,0,0
57,19,0,1,Night,,98.56517791748047,-8.565178871154785,253.22581481933594,0,0,0,0,20.20000648498535,2.3801000118255615,=NA(),0,64.81599426269531,1.4163999557495117,0.34380000829696655,0.08399999886751175,=NA(),20,1013.25,0,0,0,0,0,20.20000648498535,0,0,0,0,0,0,0,0,0,0,0,0,0,0
57,20,0,1,Night,,109.9480972290039,-19.94809913635254,243.43994140625,0,0,0,0,16.6299991607666,2.2499001026153564,=NA(),0,64.81599426269531,1.4163999557495117,0.34380000829696655,0.08399999886751175,=NA(),20,1013.25,0,0,0,0,0,16.6299991607666,0,0,0,0,0,0,0,0,0,0,0,0,0,0
57,21,0,1,Night,,120.3149185180664,-30.31492042541504,231.710693359375,0,0,0,0,15.770013809204102,2.089900016784668,=NA(),0,64.81599426269531,1.4163999557495117,0.34380000829696655,0.08399999886751175,=NA(),20,1013.25,0,0,0,0,0,15.770013809204102,0,0,0,0,0,0,0,0,0,0,0,0,0,0
57,22,0,1,Night,,128.92616271972656,-38.9261589050293,216.99630737304688,0,0,0,0,16.659997940063477,1.8600000143051147,=NA(),0,64.81599426269531,1.4163999557495117,0.34380000829696655,0.08399999886751175,=NA(),20,1013.25,0,0,0,0,0,16.659997940063477,0,0,0,0,0,0,0,0,0,0,0,0,0,0
57,23,0,1,Night,,134.69747924804688,-44.697479248046875,198.60594177246094,0,0,0,0,15.570001602172852,1.8899999856948853,=NA(),0,64.81599426269531,1.4163999557495117,0.34380000829696655,0.08399999886751175,=NA(),20,1013.25,0,0,0,0,0,15.570001602172852,0,0,0,0,0,0,0,0,0,0,0,0,0,0
58,0,0,1,Night,,136.4479522705078,-46.44795227050781,177.5019073486328,0,0,0,0,14.839990615844727,2.0701000690460205,=NA(),0,64.81599426269531,1.4163999557495117,0.34380000829696655,0.08399999886751175,=NA(),20,1013.25,0,0,0,0,0,14.839990615844727,0,0,0,0,0,0,0,0,0,0,0,0,0,0
58,1,0,1,Night,,133.71067810058594,-43.71067810058594,156.79342651367188,0,0,0,0,14.980005264282227,2.180000066757202,=NA(),0,64.81599426269531,1.4163999557495117,0.34380000829696655,0.08399999886751175,=NA(),20,1013.25,0,0,0,0,0,14.980005264282227,0,0,0,0,0,0,0,0,0,0,0,0,0,0
58,2,0,1,Night,,127.19178771972656,-37.1917839050293,139.2271270751953,0,0,0,0,14.159997940063477,2.2799999713897705,=NA(),0,64.81599426269531,1.4163999557495117,0.34380000829696655,0.08399999886751175,=NA(),20,1013.25,0,0,0,0,0,14.159997940063477,0,0,0,0,0,0,0,0,0,0,0,0,0,0
58,3,0,1,Night,,118.10515594482422,-28.105159759521484,125.26559448242188,0,0,0,0,14.249994277954102,2.469899892807007,=NA(),0,64.81599426269531,1.4163999557495117,0.34380000829696655,0.08399999886751175,=NA(),20,1013.25,0,0,0,0,0,14.249994277954102,0,0,0,0,0,0,0,0,0,0,0,0,0,0
58,4,0,1,Night,,107.46134948730469,-17.46135139465332,114.05037689208984,0,0,0,0,14.010004043579102,2.5199999809265137,=NA(),0,64.81599426269531,1.4163999557495117,0.34380000829696655,0.08399999886751175,=NA(),20,1013.25,0,0,0,0,0,14.010004043579102,0,0,0,0,0,0,0,0,0,0,0,0,0,0
58,5,0,1,Night,Sun below height limit of 1 degrees.,89.6960220336914,0.3039790093898773,100.42796325683594,0,0,0,0,13.619989395141602,2.4100000858306885,=NA(),0,33.731170654296875,1.4163999557495117,0.34380000829696655,0.08399999886751175,=NA(),20,1013.25,0,0,0,0,0,13.619989395141602,0,0,0,0,0,0,0,0,0,0,0,0,0,0
58,6,0,1,Day,,83.6337890625,6.366214275360107,95.8989028930664,35.70899963378906,35.60853958129883,0.906000018119812,0.9971867203712463,14.300012588500977,3.049999952316284,=NA(),=NA(),8.401996612548828,1.4163999557495117,0.34380000829696655,0.08399999886751175,=NA(),20,1013.25,9.323966979980469,74.36054992675781,40.505001068115234,37.025001525878906,3.4800000190734863,15.988122940063477,202.5399932861328,209.1300048828125,209.0819854736328,38.11932373046875,0.34280768036842346,0.3402281105518341,43.525146484375,0.36882519721984863,0.0012269375147297978,0,0.00007531249866588041,0,-6.5900115966796875,0.0480194091796875
58,7,0,1,Day,,71.46316528320312,18.536832809448242,87.31294250488281,445.70001220703125,327.3723449707031,372.20001220703125,0.7345127463340759,17.790002822875977,1.6399999856948853,=NA(),=NA(),3.120028018951416,1.4163999557495117,0.34380000829696655,0.08399999886751175,=NA(),20,1013.25,32.13053894042969,39.382720947265625,816.1300048828125,789.4550170898438,26.674999237060547,51.141868591308594,4903.08984375,4486.02001953125,4491.76611328125,36.854698181152344,7.617429256439209,7.542654991149902,44.32866668701172,8.053841590881348,0.027442624792456627,0,0.0006090624956414104,0,417.06982421875,-5.74609375
58,8,0,1,Day,,59.32388687133789,30.676111221313477,77.92707061767578,273.30999755859375,253.40924072265625,39.00699996948242,0.927186131477356,21.93999671936035,2.4798998832702637,=NA(),=NA(),1.9552397727966309,1.4163999557495117,0.34380000829696655,0.08399999886751175,=NA(),20,1013.25,58.75859451293945,10.363245964050293,335.4150085449219,284.44500732421875,50.974998474121094,35.77812957763672,1906.77001953125,1834.469970703125,1831.966796875,38.44350814819336,2.978163242340088,2.849942684173584,44.5960693359375,3.1592607498168945,0.010071875527501106,0,0.0010216250084340572,0,72.300048828125,2.503173828125
58,9,0,1,Day,,47.652591705322266,42.347408294677734,66.478271484375,841.0999755859375,368.013671875,702.2999877929688,0.4375385642051697,22.8900089263916,3.309999942779541,=NA(),=NA(),1.4829275608062744,1.4163999557495117,0.34380000829696655,0.08399999886751175,=NA(),20,1013.25,45.1712646484375,17.155261993408203,1130.554931640625,1067.0050048828125,63.55000305175781,69.7612533569336,6825.10009765625,5843.64013671875,5848.8310546875,34.38475036621094,10.631312370300293,10.535944938659668,42.59733200073242,11.287062644958496,0.03777781128883362,0,0.0013470625272020698,0,981.4599609375,-5.19091796875
58,10,0,1,Day,,37.161617279052734,52.838382720947266,50.79358673095703,601.510009765625,392.5457458496094,262.2099914550781,0.6526005268096924,26.029993057250977,4.010000228881836,=NA(),=NA(),1.2541083097457886,1.4163999557495117,0.34380000829696655,0.08399999886751175,=NA(),20,1013.25,30.427566528320312,22.447668075561523,692.5700073242188,642.2249755859375,50.345001220703125,54.48436737060547,4138.419921875,3738.969970703125,3743.8349609375,36.34685516357422,6.437729358673096,6.369684219360352,43.56845474243164,6.817790985107422,0.022639311850070953,0,0.00106343743391335,0,399.449951171875,-4.864990234375
58,11,0,1,Day,,29.348085403442383,60.651912689208984,27.532516479492188,908.6900024414062,261.143798828125,742.8900146484375,0.28738492727279663,26.469995498657227,4.590000152587891,=NA(),=NA(),1.1468335390090942,1.4163999557495117,0.34380000829696655,0.08399999886751175,=NA(),20,1013.25,14.569602966308594,25.760360717773438,1001.39501953125,934.5650024414062,66.83000183105469,67.99251556396484,6039.81982421875,5203.08984375,5207.427734375,34.64319610595703,9.394750595092773,9.379618644714355,42.57276916503906,9.968491554260254,0.033119186758995056,0,0.0014538749819621444,0,836.72998046875,-4.337890625
58,12,0,1,Day,,26.789369583129883,63.21063232421875,356.12908935546875,998.2999877929688,254.17962646484375,833.5900268554688,0.2546124756336212,27.92998695373535,5.080100059509277,=NA(),=NA(),1.1198948621749878,1.4163999557495117,0.34380000829696655,0.08399999886751175,=NA(),20,1013.25,-1.9521905183792114,26.723390579223633,1073.534912109375,998.7999877929688,74.72999572753906,72.55562591552734,6478.009765625,5486.91015625,5492.37939453125,34.02621078491211,10.088507652282715,10.071528434753418,42.131229400634766,10.720821380615234,0.03545375168323517,0,0.001654125051572919,0,991.099609375,-5.46923828125
58,13,0,1,Day,,30.849393844604492,59.150604248046875,326.1868591308594,699.0999755859375,381.8689270019531,369.510009765625,0.546229362487793,28.20000648498535,5.410099983215332,=NA(),=NA(),1.164348840713501,1.4163999557495117,0.34380000829696655,0.08399999886751175,=NA(),20,1013.25,-18.38592529296875,25.217103958129883,774.1199951171875,718.60498046875,55.51499938964844,60.15123748779297,4631.81982421875,4102.080078125,4106.4208984375,35.63762664794922,7.201700210571289,7.164015293121338,43.05240249633789,7.632842540740967,0.025309186428785324,0,0.0011966874590143561,0,529.73974609375,-4.3408203125
58,14,0,1,Day,,39.50923538208008,50.49076461791992,305.0460205078125,868.510009765625,308.9944763183594,725.2100219726562,0.355775386095047,29.050012588500977,5.360000133514404,=NA(),=NA(),1.295308232307434,1.4163999557495117,0.34380000829696655,0.08399999886751175,=NA(),20,1013.25,-34.02322006225586,21.4278507232666,1060.135009765625,1002.2899780273438,57.845001220703125,73.10375213623047,6433.56005859375,5437.68994140625,5441.38720703125,33.96736526489258,10.012165069580078,9.959053993225098,42.04617691040039,10.647948265075684,0.03559087589383125,0,0.0012595000443980098,0,995.8701171875,-3.697265625
58,15,0,1,Day,,50.38576126098633,39.61423873901367,290.6502380371094,630.2100219726562,320.4500427246094,485.80999755859375,0.5084813237190247,29.100000381469727,5.039999961853027,=NA(),=NA(),1.5663423538208008,1.4163999557495117,0.34380000829696655,0.08399999886751175,=NA(),20,1013.25,-48.50658416748047,15.763962745666504,864.0650024414062,809.7249755859375,54.34000015258789,64.7868881225586,5218.1298828125,4545.85986328125,4551.62255859375,35.04286193847656,8.11807632446289,8.021056175231934,42.68923568725586,8.619405746459961,0.02870750054717064,0,0.0011443749535828829,0,672.27001953125,-5.7626953125
58,16,0,1,Day,,62.227439880371094,27.772560119628906,279.8580017089844,406.20001220703125,289.476318359375,250.5,0.7126447558403015,28.8699893951416,4.099999904632568,=NA(),=NA(),2.139331817626953,1.4163999557495117,0.34380000829696655,0.08399999886751175,=NA(),20,1013.25,-60,8.910837173461914,631.7650146484375,576.094970703125,55.665000915527344,54.86748504638672,3784.070068359375,3412.39013671875,3415.426513671875,36.266082763671875,5.886239528656006,5.75279426574707,43.34603500366211,6.233505725860596,0.020564250648021698,0,0.001131562516093254,0,371.679931640625,-3.036376953125
58,17,0,1,Day,,74.4283447265625,15.571653366088867,270.77117919921875,177.49000549316406,163.6947021484375,51.38999938964844,0.9222756028175354,28.20000648498535,2.780100107192993,=NA(),=NA(),3.680851936340332,1.4163999557495117,0.34380000829696655,0.08399999886751175,=NA(),20,1013.25,-25.172807693481445,49.25834274291992,258.5249938964844,243.16000366210938,15.364999771118164,38.805625915527344,1478.1600341796875,1406.0799560546875,1407.7408447265625,37.56282043457031,2.3423104286193848,2.306779384613037,43.734642028808594,2.4784934520721436,0.008340312168002129,0,0.0003257500065956265,0,72.080078125,-1.660888671875
58,18,0,1,Night,Sun above horizon but GHI below 1,85.44390106201172,4.556098937988281,263.04583740234375,0,0,0,0,24.959985733032227,2.8299999237060547,=NA(),0,11.114389419555664,1.4163999557495117,0.34380000829696655,0.08399999886751175,=NA(),20,1013.25,0,0,0,0,0,24.959985733032227,0,0,0,0,0,0,0,0,0,0,0,0,0,0
58,19,0,1,Night,,98.82827758789062,-8.82827377319336,253.5003662109375,0,0,0,0,20.529993057250977,2.9400999546051025,=NA(),0,64.81599426269531,1.4163999557495117,0.34380000829696655,0.08399999886751175,=NA(),20,1013.25,0,0,0,0,0,20.529993057250977,0,0,0,0,0,0,0,0,0,0,0,0,0,0
58,20,0,1,Night,,110.23206329345703,-20.232059478759766,243.7052459716797,0,0,0,0,17.300012588500977,2.9700000286102295,=NA(),0,64.81599426269531,1.4163999557495117,0.34380000829696655,0.08399999886751175,=NA(),20,1013.25,0,0,0,0,0,17.300012588500977,0,0,0,0,0,0,0,0,0,0,0,0,0,0
58,21,0,1,Night,,120.62832641601562,-30.628324508666992,231.95590209960938,0,0,0,0,17.790002822875977,2.9400999546051025,=NA(),0,64.81599426269531,1.4163999557495117,0.34380000829696655,0.08399999886751175,=NA(),20,1013.25,0,0,0,0,0,17.790002822875977,0,0,0,0,0,0,0,0,0,0,0,0,0,0
58,22,0,1,Night,,129.27371215820312,-39.273719787597656,217.1891632080078,0,0,0,0,15.399988174438477,2.890000104904175,=NA(),0,64.81599426269531,1.4163999557495117,0.34380000829696655,0.08399999886751175,=NA(),20,1013.25,0,0,0,0,0,15.399988174438477,0,0,0,0,0,0,0,0,0,0,0,0,0,0
58,23,0,1,Night,,135.0716094970703,-45.07160568237305,198.6866455078125,0,0,0,0,15.249994277954102,2.7999000549316406,=NA(),0,64.81599426269531,1.4163999557495117,0.34380000829696655,0.08399999886751175,=NA(),20,1013.25,0,0,0,0,0,15.249994277954102,0,0,0,0,0,0,0,0,0,0,0,0,0,0
59,0,0,1,Night,,136.82211303710938,-46.822105407714844,177.41786193847656,0,0,0,0,14.490015029907227,2.6500000953674316,=NA(),0,64.81599426269531,1.4163999557495117,0.34380000829696655,0.08399999886751175,=NA(),20,1013.25,0,0,0,0,0,14.490015029907227,0,0,0,0,0,0,0,0,0,0,0,0,0,0
59,1,0,1,Night,,134.05169677734375,-44.051700592041016,156.56475830078125,0,0,0,0,12.920007705688477,2.4798998832702637,=NA(),0,64.81599426269531,1.4163999557495117,0.34380000829696655,0.08399999886751175,=NA(),20,1013.25,0,0,0,0,0,12.920007705688477,0,0,0,0,0,0,0,0,0,0,0,0,0,0
59,2,0,1,Night,,127.48409271240234,-37.48408889770508,138.9239959716797,0,0,0,0,12.279993057250977,2.3199000358581543,=NA(),0,64.81599426269531,1.4163999557495117,0.34380000829696655,0.08399999886751175,=NA(),20,1013.25,0,0,0,0,0,12.279993057250977,0,0,0,0,0,0,0,0,0,0,0,0,0,0
59,3,0,1,Night,,118.35243225097656,-28.35243034362793,124.9395523071289,0,0,0,0,10.749994277954102,2.23009991645813,=NA(),0,64.81599426269531,1.4163999557495117,0.34380000829696655,0.08399999886751175,=NA(),20,1013.25,0,0,0,0,0,10.749994277954102,0,0,0,0,0,0,0,0,0,0,0,0,0,0
59,4,0,1,Night,,107.67422485351562,-17.674224853515625,113.72132873535156,0,0,0,0,10.140008926391602,2.2100000381469727,=NA(),0,64.81599426269531,1.4163999557495117,0.34380000829696655,0.08399999886751175,=NA(),20,1013.25,0,0,0,0,0,10.140008926391602,0,0,0,0,0,0,0,0,0,0,0,0,0,0
59,5,0,1,Night,Sun below height limit of 1 degrees.,89.76538848876953,0.23461100459098816,100.03074645996094,0,0,0,0,9.139795303344727,1.999899983406067,=NA(),0,34.63215637207031,1.4163999557495117,0.34380000829696655,0.08399999886751175,=NA(),20,1013.25,0,0,0,0,0,9.140008926391602,0,0,0,0,0,0,0,0,0,0,0,0,0,0
59,6,0,1,Day,,83.8067855834961,6.193216800689697,95.56165313720703,114.38999938964844,104.0876235961914,95.49700164794922,0.9099363684654236,11.879999160766602,2.359999895095825,=NA(),=NA(),8.605268478393555,1.4163999557495117,0.34380000829696655,0.08399999886751175,=NA(),20,1013.25,9.056272506713867,74.79425048828125,188.31500244140625,181.58499145507812,6.735000133514404,19.85064125061035,861.3400268554688,875.0900268554688,875.9178466796875,39.5822868347168,1.3830643892288208,1.3772990703582764,45.38162612915039,1.4615312814712524,0.005006374791264534,0,0.00014856249617878348,0,-13.75,-0.82781982421875
59,7,0,1,Day,,71.63777923583984,18.36221694946289,86.95842742919922,337.1099853515625,248.55380249023438,281.1099853515625,0.7373077273368835,15.540002822875977,1.3200000524520874,=NA(),=NA(),3.148108720779419,1.4163999557495117,0.34380000829696655,0.08399999886751175,=NA(),20,1013.25,31.687210083007812,40.0131950378418,586.8099975585938,563.7900390625,23.020000457763672,39.37438201904297,3502.639892578125,3333.89013671875,3337.5439453125,38.32152557373047,5.443368911743164,5.378582000732422,45.22297668457031,5.740816116333008,0.01959218829870224,0,0.0005127500044181943,0,168.749755859375,-3.65380859375
59,8,0,1,Day,,59.509281158447266,30.490718841552734,77.54280090332031,555.1900024414062,319.8584289550781,463.79998779296875,0.5761242508888245,19.800012588500977,2.9000000953674316,=NA(),=NA(),1.9659000635147095,1.4163999557495117,0.34380000829696655,0.08399999886751175,=NA(),20,1013.25,58.90903091430664,10.712438583374023,879.4400024414062,819.6500244140625,59.79999923706055,55.806236267089844,5341.18017578125,4808.27978515625,4814.29931640625,36.244449615478516,8.301986694335938,8.168312072753906,43.89380645751953,8.790573120117188,0.02933112531900406,0,0.0012251874431967735,0,532.900390625,-6.01953125
59,9,0,1,Day,,47.864891052246094,42.135108947753906,66.0533676147461,746.2000122070312,328.1739807128906,623.0999755859375,0.43979358673095703,24.529993057250977,3.7100000381469727,=NA(),=NA(),1.488968849182129,1.4163999557495117,0.34380000829696655,0.08399999886751175,=NA(),20,1013.25,45.2911376953125,17.51710319519043,1006.4549560546875,950.6500244140625,55.810001373291016,66.1781234741211,6087.52001953125,5279.9599609375,5282.5009765625,34.8936653137207,9.461849212646484,9.376648902893066,42.821678161621094,10.027294158935547,0.033664751797914505,0,0.001183624961413443,0,807.56005859375,-2.541015625
59,10,0,1,Day,,37.42293167114258,52.57706832885742,50.339210510253906,883.7100219726562,297.6829833984375,737.9099731445312,0.336855947971344,26.7499942779541,4.119999885559082,=NA(),=NA(),1.2584609985351562,1.4163999557495117,0.34380000829696655,0.08399999886751175,=NA(),20,1013.25,30.501184463500977,22.82110595703125,1051.39501953125,991.949951171875,59.44499969482422,70.31688690185547,6374.0400390625,5444.5400390625,5450.3662109375,34.32181930541992,9.925110816955566,9.884438514709473,42.384891510009766,10.546651840209961,0.035212624818086624,0,0.0012924375478178263,0,929.5,-5.826171875
59,11,0,1,Day,,29.679746627807617,60.32025146484375,27.15733528137207,963.7999877929688,264.7582092285156,804.5999755859375,0.27470242977142334,27.920007705688477,4.300099849700928,=NA(),=NA(),1.1505898237228394,1.4163999557495117,0.34380000829696655,0.08399999886751175,=NA(),20,1013.25,14.581323623657227,26.139892578125,1062.22509765625,991.4349975585938,70.79000091552734,72.12874603271484,6404.39013671875,5433.080078125,5436.11474609375,34.10069274902344,9.96335220336914,9.943100929260254,42.16205978393555,10.576937675476074,0.03514131158590317,0,0.001539750024676323,0,971.31005859375,-3.03466796875
59,12,0,1,Day,,27.168384552001953,62.83161544799805,356.07659912109375,974.8900146484375,250.43299865722656,814.2999877929688,0.25688332319259644,29.05999183654785,4.329999923706055,=NA(),=NA(),1.1236648559570312,1.4163999557495117,0.34380000829696655,0.08399999886751175,=NA(),20,1013.25,-2.011225461959839,27.099489212036133,1048.4150390625,975.4100341796875,73.0050048828125,72.67436981201172,6327.5302734375,5356.419921875,5360.42822265625,34.02233123779297,9.847259521484375,9.829805374145508,42.0667724609375,10.456997871398926,0.034620251506567,0,0.001615812536329031,0,971.1103515625,-4.00830078125
59,13,0,1,Day,,31.205297470092773,58.79470443725586,326.4445495605469,922.4000244140625,265.59405517578125,767.9099731445312,0.28793802857398987,30.279993057250977,4.260000228881836,=NA(),=NA(),1.1686980724334717,1.4163999557495117,0.34380000829696655,0.08399999886751175,=NA(),20,1013.25,-18.511751174926758,25.57958221435547,1030.56494140625,964.800048828125,65.76499938964844,73.1518783569336,6229.2998046875,5263.2099609375,5266.892578125,33.96320724487305,9.692276954650879,9.668632507324219,41.97291564941406,10.297385215759277,0.03422831371426582,0,0.0014393749879673123,0,966.08984375,-3.6826171875
59,14,0,1,Day,,39.817970275878906,50.182029724121094,305.3929748535156,803.2999877929688,298.20880126953125,657.5999755859375,0.3712296783924103,30.42998695373535,4.050099849700928,=NA(),=NA(),1.3010928630828857,1.4163999557495117,0.34380000829696655,0.08399999886751175,=NA(),20,1013.25,-34.201255798339844,21.76984214782715,980.6500244140625,926.6900024414062,53.959999084472656,71.10375213623047,5945.52001953125,5061.669921875,5066.6533203125,34.22584533691406,9.252248764038086,9.20085620880127,42.14011764526367,9.83871078491211,0.032854124903678894,0,0.001174874952994287,0,883.85009765625,-4.9833984375
59,15,0,1,Day,,50.66024398803711,39.33975601196289,290.9907531738281,537.2999877929688,339.5810852050781,311.8999938964844,0.6320139169692993,30.600000381469727,3.650099992752075,=NA(),=NA(),1.5754414796829224,1.4163999557495117,0.34380000829696655,0.08399999886751175,=NA(),20,1013.25,-48.71979522705078,16.08395004272461,715.155029296875,661.93994140625,53.209999084472656,60.12499237060547,4284.14990234375,3792.739990234375,3796.70361328125,35.61196517944336,6.663464546203613,6.554332733154297,42.90174865722656,7.065678596496582,0.023419499397277832,0,0.0011100000701844692,0,491.409912109375,-3.963623046875
59,16,0,1,Day,,62.48351287841797,27.51648712158203,280.17510986328125,398.989990234375,287.5084533691406,241.3000030517578,0.7205906510353088,30.850000381469727,2.5599000453948975,=NA(),=NA(),2.1575093269348145,1.4163999557495117,0.34380000829696655,0.08399999886751175,=NA(),20,1013.25,-60,9.255450248718262,620.8250122070312,565.5849609375,55.23500061035156,56.45061492919922,3714.10009765625,3329.739990234375,3331.87744140625,36.049949645996094,5.776679992675781,5.641699314117432,43.10254669189453,6.1186723709106445,0.02017543837428093,0,0.0011247500078752637,0,384.360107421875,-2.137451171875
59,17,0,1,Day,,74.67784881591797,15.322148323059082,271.068359375,171.1999969482422,158.93792724609375,46.40399932861328,0.928375780582428,29.7600040435791,1.7999999523162842,=NA(),=NA(),3.7377164363861084,1.4163999557495117,0.34380000829696655,0.08399999886751175,=NA(),20,1013.25,-24.657426834106445,50.02565383911133,247.38999938964844,232.5050048828125,14.885000228881836,39.93187713623047,1409.989990234375,1335.5799560546875,1336.8565673828125,37.353515625,2.2368311882019043,2.2022924423217773,43.497657775878906,2.3681654930114746,0.007962937466800213,0,0.0003161249915137887,0,74.4100341796875,-1.276611328125
59,18,0,1,Night,Sun above horizon but GHI below 1,85.56553649902344,4.434459686279297,263.4202880859375,0,0,0,0,26.45000648498535,1.309999942779541,=NA(),0,11.356136322021484,1.4163999557495117,0.34380000829696655,0.08399999886751175,=NA(),20,1013.25,0,0,0,0,0,26.45000648498535,0,0,0,0,0,0,0,0,0,0,0,0,0,0
59,19,0,1,Night,,99.09381103515625,-9.093807220458984,253.77545166015625,0,0,0,0,21.43999671936035,0.9900000095367432,=NA(),0,64.81599426269531,1.4163999557495117,0.34380000829696655,0.08399999886751175,=NA(),20,1013.25,0,0,0,0,0,21.43999671936035,0,0,0,0,0,0,0,0,0,0,0,0,0,0
59,20,0,1,Night,,110.5184555053711,-20.51845932006836,243.97145080566406,0,0,0,0,19.360010147094727,1.4600000381469727,=NA(),0,64.81599426269531,1.4163999557495117,0.34380000829696655,0.08399999886751175,=NA(),20,1013.25,0,0,0,0,0,19.360010147094727,0,0,0,0,0,0,0,0,0,0,0,0,0,0
59,21,0,1,Night,,120.94450378417969,-30.944507598876953,232.20216369628906,0,0,0,0,17.100000381469727,2.23009991645813,=NA(),0,64.81599426269531,1.4163999557495117,0.34380000829696655,0.08399999886751175,=NA(),20,1013.25,0,0,0,0,0,17.100000381469727,0,0,0,0,0,0,0,0,0,0,0,0,0,0
59,22,0,1,Night,,129.6236114501953,-39.623619079589844,217.38267517089844,0,0,0,0,16.670007705688477,2.860100030899048,=NA(),0,64.81599426269531,1.4163999557495117,0.34380000829696655,0.08399999886751175,=NA(),20,1013.25,0,0,0,0,0,16.670007705688477,0,0,0,0,0,0,0,0,0,0,0,0,0,0
59,23,0,1,Night,,135.4480743408203,-45.44807434082031,198.76600646972656,0,0,0,0,16.719995498657227,3.240000009536743,=NA(),0,64.81599426269531,1.4163999557495117,0.34380000829696655,0.08399999886751175,=NA(),20,1013.25,0,0,0,0,0,16.719995498657227,0,0,0,0,0,0,0,0,0,0,0,0,0,0