Day of year,Hour,Minute,Period (h),Flag,Message,Solar zenith (degrees),Solar elevation (degrees),Solar azimuth (degrees),GHI (W/m2),DHI (W/m2),DNI (W/m2),Diffuse fraction,Ambient temperature (°C),Wind velocity (m/s),Wind direction,Opaque cloud fraction,Air mass,Precipitable water vapour (cm),Ozone (atm.cm),Aerosol optical density,Relative humidity (%),Far field albedo (%),Surface pressure (mb),Module tilt (degrees),Incident angle (degrees),VF power for Tmod [average] (W/m2),VF power for Tmod front [average] (W/m2),VF power for Tmod rear [average] (W/m2),Module temperature [average] (C),Power - no mismatch @25C [unit-system] (W),Power - no mismatch [unit-system] (W),Power [unit-system] (W),Vmp [average] (V),Imp [average] (A),Imp [minimum] (A),Voc [average] (V),Isc [average] (A),Jfront [average] (A/cm2),Ifront [average] (A),Jrear [average] (A/cm2),Irear [average] (A),Temperature loss (W),Cell-to-cell mismatch loss (W)
1,0,0,1,Night,,121.8150634765625,-31.815059661865234,175.52590942382812,0,0,0,0,19.550012588500977,7.659900188446045,=NA(),0,64.81599426269531,1.4163999557495117,0.34380000829696655,0.08399999886751175,=NA(),20,1013.25,0,0,0,0,0,19.550012588500977,0,0,0,0,0,0,0,0,0,0,0,0,0,0
1,1,0,1,Night,,119.18629455566406,-29.18629264831543,159.8000946044922,0,0,0,0,19.2499942779541,7.329899787902832,=NA(),0,64.81599426269531,1.4163999557495117,0.34380000829696655,0.08399999886751175,=NA(),20,1013.25,0,0,0,0,0,19.2499942779541,0,0,0,0,0,0,0,0,0,0,0,0,0,0
1,2,0,1,Night,,113.56180572509766,-23.56180191040039,145.7327880859375,0,0,0,0,18.959985733032227,7.150100231170654,=NA(),0,64.81599426269531,1.4163999557495117,0.34380000829696655,0.08399999886751175,=NA(),20,1013.25,0,0,0,0,0,18.959985733032227,0,0,0,0,0,0,0,0,0,0,0,0,0,0
1,3,0,1,Night,,105.63668060302734,-15.63668441772461,133.74945068359375,0,0,0,0,18.920007705688477,6.699900150299072,=NA(),0,64.81599426269531,1.4163999557495117,0.34380000829696655,0.08399999886751175,=NA(),20,1013.25,0,0,0,0,0,18.920007705688477,0,0,0,0,0,0,0,0,0,0,0,0,0,0
1,4,0,1,Night,,96.04838562011719,-6.048386096954346,123.63626098632812,0,0,0,0,18.899988174438477,6.29010009765625,=NA(),0,64.81599426269531,1.4163999557495117,0.34380000829696655,0.08399999886751175,=NA(),20,1013.25,0,0,0,0,0,18.899988174438477,0,0,0,0,0,0,0,0,0,0,0,0,0,0
1,5,0,1,Day,,85.02500915527344,4.974987983703613,114.8443832397461,13.909000396728516,13.899842262268066,0.10559999942779541,0.9993415474891663,18.9999942779541,7.349999904632568,=NA(),=NA(),10.35081672668457,1.4163999557495117,0.34380000829696655,0.08399999886751175,=NA(),20,1013.25,7.944540500640869,77.8284683227539,15.229999542236328,13.815000534057617,1.4100000858306885,19.644983291625977,71.56999969482422,72.91000366210938,72.7402572631836,35.98646926879883,0.1263328343629837,0.12530405819416046,41.258731842041016,0.14129452407360077,0.00046675000339746475,0,0.000030499999411404133,0,-1.3400039672851562,0.16974639892578125
1,6,0,1,Day,,73.78282165527344,16.217180252075195,107.0871353149414,44.59700012207031,44.486656188964844,0.3950999975204468,0.9975257515907288,19.159997940063477,7.860000133514404,=NA(),=NA(),3.54164719581604,1.4163999557495117,0.34380000829696655,0.08399999886751175,=NA(),20,1013.25,28.127687454223633,47.23493576049805,46.63999938964844,40.80500030517578,5.840000152587891,21.121240615844727,236.08999633789062,238.8699951171875,236.7381134033203,37.9632568359375,0.389711856842041,0.3756333589553833,43.032814025878906,0.425579696893692,0.001382000045850873,0,0.0001219374971697107,0,-2.779998779296875,2.1318817138671875
1,7,0,1,Day,,61.87288284301758,28.127117156982422,99.5947036743164,244.39999389648438,231.01376342773438,28.395000457763672,0.9452281594276428,20.05999183654785,7.360000133514404,=NA(),=NA(),2.1147284507751465,1.4163999557495117,0.34380000829696655,0.08399999886751175,=NA(),20,1013.25,60,8.590168952941895,283.5400085449219,230.92498779296875,52.61499786376953,31.857507705688477,1560.97998046875,1520.1700439453125,1513.1651611328125,38.972599029541016,2.4261350631713867,2.301496982574463,44.766395568847656,2.590391159057617,0.008065625093877316,0,0.001071437494829297,0,40.8099365234375,7.0048828125
1,8,0,1,Day,,49.6807746887207,40.3192253112793,91.77523803710938,395.69000244140625,341.08258056640625,84.3949966430664,0.8619944453239441,21.05999183654785,6.639999866485596,=NA(),=NA(),1.5436055660247803,1.4163999557495117,0.34380000829696655,0.08399999886751175,=NA(),20,1013.25,49.667198181152344,1.3534409999847412,473.69000244140625,416.7900085449219,56.900001525878906,40.568748474121094,2741.1298828125,2593.93994140625,2594.65576171875,38.075748443603516,4.259093284606934,4.114500999450684,44.61676025390625,4.506294250488281,0.014636625535786152,0,0.0011685624485835433,0,147.18994140625,-0.7158203125
1,9,0,1,Day,,37.43968200683594,52.56031799316406,82.47744750976562,799.5900268554688,307.2424011230469,620.0900268554688,0.3842499256134033,24.2600040435791,6.010000228881836,=NA(),=NA(),1.2587419748306274,1.4163999557495117,0.34380000829696655,0.08399999886751175,=NA(),20,1013.25,37.20090103149414,4.564857006072998,1004.3099975585938,950.6099853515625,53.69999694824219,65.80687713623047,6099.85009765625,5292.72021484375,5298.8076171875,34.95774841308594,9.473603248596191,9.426918029785156,42.873722076416016,10.032364845275879,0.03374212607741356,0,0.0011775000020861626,0,807.1298828125,-6.08740234375
1,10,0,1,Day,,25.54935646057129,64.45064544677734,68.8519287109375,590.9000244140625,447.7096252441406,158.7100067138672,0.7576740384101868,24.82000160217285,5.610000133514404,=NA(),=NA(),1.1080710887908936,1.4163999557495117,0.34380000829696655,0.08399999886751175,=NA(),20,1013.25,24.029146194458008,8.9515962600708,657.97998046875,605.2249755859375,52.76000213623047,51.90373992919922,3893.60009765625,3545.81005859375,3552.02294921875,36.68768310546875,6.051150798797607,5.987901210784912,43.78752899169922,6.400181770324707,0.021201562136411667,0,0.001114812446758151,0,347.7900390625,-6.212890625
1,11,0,1,Day,,15.353609085083008,74.64639282226562,41.193206787109375,601.2899780273438,469.27593994140625,136.89999389648438,0.7804486155509949,26.100000381469727,5.509900093078613,=NA(),=NA(),1.036854863166809,1.4163999557495117,0.34380000829696655,0.08399999886751175,=NA(),20,1013.25,10.250316619873047,11.492615699768066,655.760009765625,603.7149658203125,52.04499816894531,53.17687225341797,3876.860107421875,3514.47998046875,3517.667724609375,36.547420501708984,6.015591144561768,5.991839408874512,43.61327362060547,6.362979888916016,0.021092811599373817,0,0.001128687523305416,0,362.380126953125,-3.187744140625
1,12,0,1,Day,,12.567623138427734,77.432373046875,342.5169677734375,507.8999938964844,449.72998046875,59.597999572753906,0.8854695558547974,26.089990615844727,5.550000190734863,=NA(),=NA(),1.0244208574295044,1.4163999557495117,0.34380000829696655,0.08399999886751175,=NA(),20,1013.25,-3.831620216369629,11.97824764251709,553.3200073242188,507.82501220703125,45.494998931884766,48.917503356933594,3226.570068359375,2967.360107421875,2972.512451171875,36.977928161621094,5.024133682250977,5.014675617218018,43.82221221923828,5.3157501220703125,0.01754624955356121,0,0.0010006874799728394,0,259.2099609375,-5.15234375
1,13,0,1,Day,,20.512117385864258,69.48788452148438,300.8970031738281,804.9000244140625,367.78033447265625,466.7099914550781,0.45692673325538635,26.529993057250977,5.640100002288818,=NA(),=NA(),1.067470908164978,1.4163999557495117,0.34380000829696655,0.08399999886751175,=NA(),20,1013.25,-17.798404693603516,10.365799903869629,895.64501953125,834.594970703125,61.05000305175781,63.663108825683594,5397.43994140625,4717.8701171875,4721.38671875,35.26207733154297,8.368393898010254,8.328605651855469,42.90219497680664,8.86111068725586,0.029546501114964485,0,0.0013323749881237745,0,679.56982421875,-3.5166015625
1,14,0,1,Day,,31.932600021362305,58.06740188598633,282.92413330078125,922.8900146484375,272.56201171875,766.2899780273438,0.2953353226184845,26.839990615844727,5.810100078582764,=NA(),=NA(),1.177829384803772,1.4163999557495117,0.34380000829696655,0.08399999886751175,=NA(),20,1013.25,-31.276439666748047,6.79394006729126,1113.820068359375,1054.75,59.06999969482422,73.07686614990234,6772.43017578125,5720.22998046875,5731.1640625,33.95172119140625,10.550210952758789,10.5264310836792,42.15684509277344,11.215117454528809,0.037505000829696655,0,0.0013129999861121178,0,1052.2001953125,-10.93408203125
1,15,0,1,Day,,44.0893440246582,45.9106559753418,272.2108154296875,416.5,363.56744384765625,73.69599914550781,0.8729110360145569,26.100000381469727,6.050099849700928,=NA(),=NA(),1.3910812139511108,1.4163999557495117,0.34380000829696655,0.08399999886751175,=NA(),20,1013.25,-44.06802749633789,1.538048267364502,480.29998779296875,425.2750244140625,55.02000045776367,45.943748474121094,2769,2571.6201171875,2574.76708984375,37.28701400756836,4.315866470336914,4.183741569519043,43.92634201049805,4.567927360534668,0.01484493725001812,0,0.0011176250409334898,0,197.3798828125,-3.14697265625
1,16,0,1,Day,,56.340110778808594,33.659889221191406,263.91644287109375,276.20001220703125,260.90460205078125,27.59600067138672,0.9446219801902771,25.2499942779541,6.370100021362305,=NA(),=NA(),1.80067777633667,1.4163999557495117,0.34380000829696655,0.08399999886751175,=NA(),20,1013.25,-56.190670013427734,5.060678482055664,306.7850036621094,252.05999755859375,54.71500015258789,38.050621032714844,1705.4300537109375,1625.5699462890625,1616.5870361328125,38.22759246826172,2.642899513244629,2.4890663623809814,44.09025192260742,2.820120096206665,0.008836125023663044,0,0.0011188749922439456,0,79.860107421875,8.98291015625
1,17,0,1,Day,,68.41110229492188,21.588897705078125,256.3764953613281,290.29998779296875,239.70762634277344,137.5,0.8257238864898682,24.7700138092041,6.450099945068359,=NA(),=NA(),2.7022476196289062,1.4163999557495117,0.34380000829696655,0.08399999886751175,=NA(),20,1013.25,-44.31134033203125,26.547985076904297,454.71502685546875,422.43499755859375,32.279998779296875,43.522483825683594,2615.10009765625,2449.0400390625,2451.84033203125,37.56895065307617,4.078969955444336,3.9891774654388428,44.14118576049805,4.315306186676025,0.014404437504708767,0,0.0006895625265315175,0,166.06005859375,-2.80029296875
1,18,0,1,Day,,80.07120513916016,9.928792953491211,248.7711639404297,31.099000930786133,31.02996253967285,0.4004000127315521,0.9977800250053406,22.20000648498535,6.360099792480469,=NA(),=NA(),5.624644756317139,1.4163999557495117,0.34380000829696655,0.08399999886751175,=NA(),20,1013.25,-16.025686264038086,65.21566009521484,33.64500045776367,30.25,3.3949999809265137,23.6093692779541,169.80999755859375,170.22999572753906,170.1834259033203,36.72394943237305,0.28963056206703186,0.28538191318511963,42.118553161621094,0.3138684332370758,0.001033812528476119,0,0.00007037499744910747,0,-0.4199981689453125,0.04656982421875
1,19,0,1,Night,Sun above horizon but GHI below 1,87.911376953125,2.0886242389678955,242.9502716064453,0,0,0,0,20.469995498657227,6.409999847412109,=NA(),0,18.97605323791504,1.4163999557495117,0.34380000829696655,0.08399999886751175,=NA(),20,1013.25,0,0,0,0,0,20.469995498657227,0,0,0,0,0,0,0,0,0,0,0,0,0,0
1,20,0,1,Night,,101.48411560058594,-11.484113693237305,231.11636352539062,0,0,0,0,19.42998695373535,6.570000171661377,=NA(),0,64.81599426269531,1.4163999557495117,0.34380000829696655,0.08399999886751175,=NA(),20,1013.25,0,0,0,0,0,19.42998695373535,0,0,0,0,0,0,0,0,0,0,0,0,0,0
1,21,0,1,Night,,110.23611450195312,-20.23611068725586,220.0354461669922,0,0,0,0,18.600000381469727,6.590000152587891,=NA(),0,64.81599426269531,1.4163999557495117,0.34380000829696655,0.08399999886751175,=NA(),20,1013.25,0,0,0,0,0,18.600000381469727,0,0,0,0,0,0,0,0,0,0,0,0,0,0
1,22,0,1,Night,,117.01480865478516,-27.01480484008789,206.90818786621094,0,0,0,0,18.240015029907227,6.559999942779541,=NA(),0,64.81599426269531,1.4163999557495117,0.34380000829696655,0.08399999886751175,=NA(),20,1013.25,0,0,0,0,0,18.240015029907227,0,0,0,0,0,0,0,0,0,0,0,0,0,0
1,23,0,1,Night,,121.09977722167969,-31.099775314331055,191.8164825439453,0,0,0,0,17.899988174438477,6.389900207519531,=NA(),0,64.81599426269531,1.4163999557495117,0.34380000829696655,0.08399999886751175,=NA(),20,1013.25,0,0,0,0,0,17.899988174438477,0,0,0,0,0,0,0,0,0,0,0,0,0,0
2,0,0,1,Night,,121.90554809570312,-31.905546188354492,175.646240234375,0,0,0,0,17.110010147094727,6.04010009765625,=NA(),0,64.81599426269531,1.4163999557495117,0.34380000829696655,0.08399999886751175,=NA(),20,1013.25,0,0,0,0,0,17.110010147094727,0,0,0,0,0,0,0,0,0,0,0,0,0,0
2,1,0,1,Night,,119.29903411865234,-29.299034118652344,159.8887176513672,0,0,0,0,16.43999671936035,5.979899883270264,=NA(),0,64.81599426269531,1.4163999557495117,0.34380000829696655,0.08399999886751175,=NA(),20,1013.25,0,0,0,0,0,16.43999671936035,0,0,0,0,0,0,0,0,0,0,0,0,0,0
2,2,0,1,Night,,113.68859100341797,-23.688589096069336,145.78916931152344,0,0,0,0,16.05999183654785,5.760000228881836,=NA(),0,64.81599426269531,1.4163999557495117,0.34380000829696655,0.08399999886751175,=NA(),20,1013.25,0,0,0,0,0,16.05999183654785,0,0,0,0,0,0,0,0,0,0,0,0,0,0
2,3,0,1,Night,,105.77066802978516,-15.770669937133789,133.7793731689453,0,0,0,0,15.999994277954102,5.599999904632568,=NA(),0,64.81599426269531,1.4163999557495117,0.34380000829696655,0.08399999886751175,=NA(),20,1013.25,0,0,0,0,0,15.999994277954102,0,0,0,0,0,0,0,0,0,0,0,0,0,0
2,4,0,1,Night,,96.19051361083984,-6.190512180328369,123.64643859863281,0,0,0,0,15.929986953735352,5.669899940490723,=NA(),0,64.81599426269531,1.4163999557495117,0.34380000829696655,0.08399999886751175,=NA(),20,1013.25,0,0,0,0,0,15.929986953735352,0,0,0,0,0,0,0,0,0,0,0,0,0,0
2,5,0,1,Day,,85.09115600585938,4.9088454246521,114.78970336914062,45.59400177001953,45.16639709472656,4.997099876403809,0.9906214475631714,16.8699893951416,6.110000133514404,=NA(),=NA(),10.464783668518066,1.4163999557495117,0.34380000829696655,0.08399999886751175,=NA(),20,1013.25,7.832766056060791,77.9923324584961,56.47999954223633,52.37000274658203,4.114999771118164,19.253137588500977,268.29998779296875,273.3599853515625,273.2144470214844,38.11052322387695,0.44806382060050964,0.44520094990730286,43.51871871948242,0.48158279061317444,0.0016075000166893005,0,0.00008993750088848174,0,-5.05999755859375,0.145538330078125
2,6,0,1,Day,,73.91883850097656,16.081165313720703,107.0710678100586,200.88999938964844,180.03421020507812,75.29199981689453,0.8961830139160156,18.969995498657227,6.149899959564209,=NA(),=NA(),3.5700714588165283,1.4163999557495117,0.34380000829696655,0.08399999886751175,=NA(),20,1013.25,27.802459716796875,47.66610336303711,302.5899963378906,285.125,17.46500015258789,31.3381290435791,1741.239990234375,1699.2099609375,1699.6085205078125,38.8935546875,2.731174945831299,2.688833236694336,45.031280517578125,2.8835740089416504,0.009781062602996826,0,0.0003751874901354313,0,42.030029296875,-0.3985595703125
2,7,0,1,Day,,62.00834655761719,27.991655349731445,99.56867980957031,276.7099914550781,252.3018035888672,52.005001068115234,0.9117914438247681,20.18999671936035,5.760000228881836,=NA(),=NA(),2.124052047729492,1.4163999557495117,0.34380000829696655,0.08399999886751175,=NA(),20,1013.25,60,8.603860855102539,360.760009765625,309.0150146484375,51.74500274658203,35.06249237060547,2051.10009765625,1976.5999755859375,1976.1444091796875,38.62351989746094,3.197567939758301,3.073517084121704,44.82242202758789,3.3899247646331787,0.010851750150322914,0,0.0010575625346973538,0,74.5001220703125,0.45556640625
2,8,0,1,Day,,49.815818786621094,40.184181213378906,91.740234375,554.2000122070312,347.0757751464844,321,0.6262644529342651,21.719995498657227,5.339900016784668,=NA(),=NA(),1.5478918552398682,1.4163999557495117,0.34380000829696655,0.08399999886751175,=NA(),20,1013.25,49.802791595458984,1.3294073343276978,750.5499877929688,695.35498046875,55.19499969482422,52.514366149902344,4514.2001953125,4104.7001953125,4111.0625,36.675846099853516,7.0059003829956055,6.893675327301025,43.99184799194336,7.4079670906066895,0.024677187204360962,0,0.0011592500377446413,0,409.5,-6.3623046875
2,9,0,1,Day,,37.57521057128906,52.42478942871094,82.43656158447266,550.989990234375,408.9643859863281,179.1999969482422,0.7422356009483337,23.719995498657227,5.019899845123291,=NA(),=NA(),1.2610235214233398,1.4163999557495117,0.34380000829696655,0.08399999886751175,=NA(),20,1013.25,37.33351135253906,4.6037726402282715,645.5150146484375,590.949951171875,54.56500244140625,50.29936981201172,3822.580078125,3500.6298828125,3505.235107421875,36.921913146972656,5.933619499206543,5.833148002624512,43.9615478515625,6.2744669914245605,0.02077731303870678,0,0.0011368750128895044,0,321.9501953125,-4.605224609375
2,10,0,1,Day,,25.686857223510742,64.31314086914062,68.82567596435547,787.2999877929688,360.68304443359375,473.3999938964844,0.45812657475471497,24.219995498657227,4.71999979019165,=NA(),=NA(),1.1093443632125854,1.4163999557495117,0.34380000829696655,0.08399999886751175,=NA(),20,1013.25,24.156789779663086,9.0076265335083,898.9849853515625,841.094970703125,57.88999938964844,61.30126190185547,5419.830078125,4778.85009765625,4787.00390625,35.53232192993164,8.420158386230469,8.387144088745117,43.21541213989258,8.918230056762695,0.029745811596512794,0,0.0012613125145435333,0,640.97998046875,-8.15380859375
2,11,0,1,Day,,15.486871719360352,74.51313018798828,41.330108642578125,678.5900268554688,457.43243408203125,229.49000549316406,0.6740924715995789,25.70000648498535,4.429999828338623,=NA(),=NA(),1.037518858909607,1.4163999557495117,0.34380000829696655,0.08399999886751175,=NA(),20,1013.25,10.369336128234863,11.566672325134277,740.1600341796875,682.5449829101562,57.61499786376953,56.28374481201172,4396.169921875,3943.449951171875,3947.80712890625,36.17499542236328,6.820680141448975,6.795736789703369,43.451499938964844,7.215875148773193,0.023915937170386314,0,0.0012498749420046806,0,452.719970703125,-4.357177734375
2,12,0,1,Day,,12.623250961303711,77.37674713134766,343.0977783203125,784,407.91583251953125,385.3999938964844,0.5203008055686951,27.33001136779785,4.199999809265137,=NA(),=NA(),1.0246425867080688,1.4163999557495117,0.34380000829696655,0.08399999886751175,=NA(),20,1013.25,-3.725379705429077,12.069546699523926,848,785.0150146484375,62.98500061035156,62.462486267089844,5056.47998046875,4437.98974609375,4445.2587890625,35.36798858642578,7.855371475219727,7.840570449829102,42.926551818847656,8.320606231689453,0.02752712555229664,0,0.001400750013999641,0,618.490234375,-7.26904296875
2,13,0,1,Day,,20.486875534057617,69.51312255859375,301.2857971191406,871.5,312.91455078125,596.2999877929688,0.359052836894989,28.490015029907227,3.839900016784668,=NA(),=NA(),1.0672954320907593,1.4163999557495117,0.34380000829696655,0.08399999886751175,=NA(),20,1013.25,-17.707977294921875,10.471929550170898,971.64501953125,907.5400390625,64.0999984741211,68.88875579833984,5871.2001953125,5035.08984375,5039.984375,34.560794830322266,9.114348411560059,9.075366973876953,42.39938735961914,9.663734436035156,0.03219618648290634,0,0.0014048749580979347,0,836.1103515625,-4.89453125
2,14,0,1,Day,,31.883384704589844,58.116615295410156,283.1692810058594,949.5,275.97412109375,793.2000122070312,0.2906520366668701,28.95000648498535,3.369999885559082,=NA(),=NA(),1.1772010326385498,1.4163999557495117,0.34380000829696655,0.08399999886751175,=NA(),20,1013.25,-31.20261573791504,6.911579608917236,1145.409912109375,1084.6500244140625,60.75,76.60686492919922,6962.2099609375,5801.93017578125,5813.93505859375,33.47552490234375,10.854825019836426,10.831315040588379,41.763038635253906,11.558526039123535,0.038573313504457474,0,0.0013506874674931169,0,1160.27978515625,-12.0048828125
2,15,0,1,Day,,44.03445816040039,45.96554183959961,272.3940734863281,438.7099914550781,371.7740478515625,93.10600280761719,0.8474255204200745,28.800012588500977,2.819999933242798,=NA(),=NA(),1.389796257019043,1.4163999557495117,0.34380000829696655,0.08399999886751175,=NA(),20,1013.25,-44.009456634521484,1.663841724395752,510.3800048828125,453.9750061035156,56.404998779296875,49.91374969482422,2954.449951171875,2706.18994140625,2710.450927734375,36.7801399230957,4.605949401855469,4.47276496887207,43.524208068847656,4.878392219543457,0.015862124040722847,0,0.0011478749802336097,0,248.260009765625,-4.260986328125
2,16,0,1,Day,,56.28676223754883,33.71323776245117,264.0704650878906,177.8000030517578,175.7450408935547,3.702399969100952,0.9884423017501831,29.230005264282227,2.3199000358581543,=NA(),=NA(),1.7981784343719482,1.4163999557495117,0.34380000829696655,0.08399999886751175,=NA(),20,1013.25,-56.14470291137695,4.929618835449219,181.3000030517578,142.1750030517578,39.12000274658203,36.89000701904297,964.239990234375,921.2899780273438,911.4403686523438,37.81610107421875,1.506095051765442,1.3928271532058716,43.22826385498047,1.6226963996887207,0.004943499807268381,0,0.0007969375001266599,0,42.95001220703125,9.849609375
2,17,0,1,Day,,68.36343383789062,21.63656997680664,256.516845703125,128.91000366210938,127.65399932861328,3.406399965286255,0.9902567267417908,28.100000381469727,2.759999990463257,=NA(),=NA(),2.696658134460449,1.4163999557495117,0.34380000829696655,0.08399999886751175,=NA(),20,1013.25,-44.4830207824707,26.305892944335938,141.51998901367188,119.33999633789062,22.174999237060547,34.040000915527344,757.22998046875,730.6500244140625,726.6862182617188,37.69356155395508,1.2047443389892578,1.1453038454055786,43.198081970214844,1.2921746969223022,0.004096562508493662,0,0.00045506248716264963,0,26.5799560546875,3.96380615234375
2,18,0,1,Day,,80.03363037109375,9.966371536254883,248.90684509277344,52.801998138427734,52.62833786010742,1.0033999681472778,0.9967110753059387,26.800012588500977,3.5399999618530273,=NA(),=NA(),5.604936122894287,1.4163999557495117,0.34380000829696655,0.08399999886751175,=NA(),20,1013.25,-16.076892852783203,65.11649322509766,59.48500061035156,53.904998779296875,5.579999923706055,29.279382705688477,311.69000244140625,305.739990234375,305.96051025390625,36.783660888671875,0.5198614001274109,0.5130831003189087,42.33014678955078,0.5569178462028503,0.0018393124919384718,0,0.00011600000289035961,0,5.95001220703125,-0.22052001953125
2,19,0,1,Night,Sun above horizon but GHI below 1,87.9003677368164,2.099630355834961,243.07464599609375,0,0,0,0,23.93999671936035,4.220099925994873,=NA(),0,18.91997718811035,1.4163999557495117,0.34380000829696655,0.08399999886751175,=NA(),20,1013.25,0,0,0,0,0,23.93999671936035,0,0,0,0,0,0,0,0,0,0,0,0,0,0
2,20,0,1,Night,,101.47348022460938,-11.473477363586426,231.25848388671875,0,0,0,0,23.600000381469727,4.220099925994873,=NA(),0,64.81599426269531,1.4163999557495117,0.34380000829696655,0.08399999886751175,=NA(),20,1013.25,0,0,0,0,0,23.600000381469727,0,0,0,0,0,0,0,0,0,0,0,0,0,0
2,21,0,1,Night,,110.247802734375,-20.247806549072266,220.18385314941406,0,0,0,0,22.43999671936035,4.159900188446045,=NA(),0,64.81599426269531,1.4163999557495117,0.34380000829696655,0.08399999886751175,=NA(),20,1013.25,0,0,0,0,0,22.43999671936035,0,0,0,0,0,0,0,0,0,0,0,0,0,0
2,22,0,1,Night,,117.0536880493164,-27.053691864013672,207.05897521972656,0,0,0,0,21.4999942779541,4.199999809265137,=NA(),0,64.81599426269531,1.4163999557495117,0.34380000829696655,0.08399999886751175,=NA(),20,1013.25,0,0,0,0,0,21.4999942779541,0,0,0,0,0,0,0,0,0,0,0,0,0,0
2,23,0,1,Night,,121.16874694824219,-31.168745040893555,191.958740234375,0,0,0,0,20.8799991607666,4.960000038146973,=NA(),0,64.81599426269531,1.4163999557495117,0.34380000829696655,0.08399999886751175,=NA(),20,1013.25,0,0,0,0,0,20.8799991607666,0,0,0,0,0,0,0,0,0,0,0,0,0,0
3,0,0,1,Night,,122.00282287597656,-32.00282287597656,175.7649383544922,0,0,0,0,20.70000648498535,5.070000171661377,=NA(),0,64.81599426269531,1.4163999557495117,0.34380000829696655,0.08399999886751175,=NA(),20,1013.25,0,0,0,0,0,20.70000648498535,0,0,0,0,0,0,0,0,0,0,0,0,0,0
3,1,0,1,Night,,119.41783905029297,-29.417837142944336,159.97369384765625,0,0,0,0,20.550012588500977,5.440000057220459,=NA(),0,64.81599426269531,1.4163999557495117,0.34380000829696655,0.08399999886751175,=NA(),20,1013.25,0,0,0,0,0,20.550012588500977,0,0,0,0,0,0,0,0,0,0,0,0,0,0
3,2,0,1,Night,,113.8204116821289,-23.820409774780273,145.84046936035156,0,0,0,0,20.20000648498535,5.760000228881836,=NA(),0,64.81599426269531,1.4163999557495117,0.34380000829696655,0.08399999886751175,=NA(),20,1013.25,0,0,0,0,0,20.20000648498535,0,0,0,0,0,0,0,0,0,0,0,0,0,0
3,3,0,1,Night,,105.9084243774414,-15.908425331115723,133.80340576171875,0,0,0,0,19.7499942779541,5.570099830627441,=NA(),0,64.81599426269531,1.4163999557495117,0.34380000829696655,0.08399999886751175,=NA(),20,1013.25,0,0,0,0,0,19.7499942779541,0,0,0,0,0,0,0,0,0,0,0,0,0,0
3,4,0,1,Night,,96.3349609375,-6.334959983825684,123.65023803710938,0,0,0,0,19.70000648498535,5.369999885559082,=NA(),0,64.81599426269531,1.4163999557495117,0.34380000829696655,0.08399999886751175,=NA(),20,1013.25,0,0,0,0,0,19.70000648498535,0,0,0,0,0,0,0,0,0,0,0,0,0,0
3,5,0,1,Day,,85.15458679199219,4.845412254333496,114.72132110595703,10.998000144958496,10.989950180053711,0.09529999643564224,0.9992680549621582,19.9999942779541,5.360000133514404,=NA(),=NA(),10.576285362243652,1.4163999557495117,0.34380000829696655,0.08399999886751175,=NA(),20,1013.25,7.724793434143066,78.14936828613281,12.045000076293945,10.930000305175781,1.1150000095367432,20.51250648498535,55.19000244140625,56.02000045776367,55.96040344238281,35.374820709228516,0.09887045621871948,0.09813398122787476,40.69115447998047,0.1117691695690155,0.0003692499885801226,0,0.000024000000848900527,0,-0.8299980163574219,0.059597015380859375
3,6,0,1,Day,,74.05786895751953,15.942131996154785,107.04776000976562,107.91000366210938,106.75308227539062,4.212100028991699,0.9892788529396057,18.980005264282227,5.300000190734863,=NA(),=NA(),3.599616050720215,1.4163999557495117,0.34380000829696655,0.08399999886751175,=NA(),20,1013.25,27.472225189208984,48.1041145324707,125.73500061035156,112.96499633789062,12.770000457763672,24.188135147094727,680.5999755859375,680.510009765625,677.670166015625,38.93840408325195,1.0876790285110474,1.053893804550171,44.383567810058594,1.1612966060638428,0.0038399375043809414,0,0.0002696249866858125,0,0.0899658203125,2.83984375
3,7,0,1,Day,,62.146514892578125,27.853487014770508,99.53465270996094,207.11000061035156,201.07875061035156,12.909000396728516,0.9708790183067322,21.1199893951416,4.859899997711182,=NA(),=NA(),2.1336586475372314,1.4163999557495117,0.34380000829696655,0.08399999886751175,=NA(),20,1013.25,60,8.613645553588867,229.21499633789062,182.29998779296875,46.90999984741211,30.71062660217285,1236.4300537109375,1208.469970703125,1200.05126953125,38.9212760925293,1.9264955520629883,1.8146843910217285,44.512672424316406,2.0654048919677734,0.006335687357932329,0,0.0009583125356584787,0,27.9600830078125,8.418701171875
3,8,0,1,Day,,49.953250885009766,40.046749114990234,91.69596862792969,162.1999969482422,160.5299530029297,2.595599889755249,0.9897037744522095,21.469995498657227,4.25,=NA(),=NA(),1.552287220954895,1.4163999557495117,0.34380000829696655,0.08399999886751175,=NA(),20,1013.25,49.940887451171875,1.2982168197631836,163.17999267578125,130.83999633789062,32.334999084472656,28.328760147094727,862.75,850.02001953125,842.1721801757812,38.85028839111328,1.3544687032699585,1.2612732648849487,44.213375091552734,1.457991123199463,0.004503000061959028,0,0.0006558125023730099,0,12.72998046875,7.84783935546875
3,9,0,1,Day,,37.7132453918457,52.2867546081543,82.38421630859375,206.6999969482422,204.0111083984375,3.3989999294281006,0.9869913458824158,22.20000648498535,3.940000057220459,=NA(),=NA(),1.2633631229400635,1.4163999557495117,0.34380000829696655,0.08399999886751175,=NA(),20,1013.25,37.46786880493164,4.650046348571777,213.66500854492188,182.5749969482422,31.09000015258789,31.092493057250977,1168.7900390625,1140.81005859375,1136.5048828125,38.659820556640625,1.8371191024780273,1.7534546852111816,44.36395263671875,1.9572598934173584,0.0062845624051988125,0,0.0006238124915398657,0,27.97998046875,4.30517578125
3,10,0,1,Day,,25.827608108520508,64.17239379882812,68.78392028808594,735.2000122070312,395.9489440917969,376.8999938964844,0.5385594964027405,23.43999671936035,3.859999895095825,=NA(),=NA(),1.1106574535369873,1.4163999557495117,0.34380000829696655,0.08399999886751175,=NA(),20,1013.25,24.2852840423584,9.071166038513184,833.1699829101562,775.2999877929688,57.86499786376953,57.745628356933594,4995.5400390625,4460.27001953125,4468.93505859375,35.98560333251953,7.761683464050293,7.716736316680908,43.51273727416992,8.217270851135254,0.02733318693935871,0,0.0012463125167414546,0,535.27001953125,-8.6650390625
3,11,0,1,Day,,15.625630378723145,74.3743667602539,41.444862365722656,891.4000244140625,309.905517578125,603.8099975585938,0.347661554813385,26.67998695373535,4.2399001121521,=NA(),=NA(),1.0382171869277954,1.4163999557495117,0.34380000829696655,0.08399999886751175,=NA(),20,1013.25,10.488128662109375,11.648284912109375,972.6500244140625,904.5700073242188,68.08499908447266,67.65874481201172,5760.39990234375,4962.4599609375,4911.24609375,35.2659912109375,8.704219818115234,8.558327674865723,42.51783752441406,9.246665954589844,0.031456563621759415,0,0.0015076874988153577,0,797.93994140625,51.2138671875
3,12,0,1,Day,,12.687676429748535,77.31232452392578,343.6768493652344,319,312.1740417480469,6.996799945831299,0.9786019921302795,28.459985733032227,4.479899883270264,=NA(),=NA(),1.0249007940292358,1.4163999557495117,0.34380000829696655,0.08399999886751175,=NA(),20,1013.25,-3.6205570697784424,12.168254852294922,349.3500061035156,318.6400146484375,30.709999084472656,42.92186737060547,1989.3199462890625,1864.9300537109375,1865.451416015625,37.424964904785156,3.115333080291748,3.0918214321136475,43.719242095947266,3.3020591735839844,0.010888812132179737,0,0.0006713750190101564,0,124.389892578125,-0.5213623046875
3,13,0,1,Day,,20.46823501586914,69.53176879882812,301.68951416015625,711.9000244140625,429.62225341796875,301.29998779296875,0.6034867763519287,27.420007705688477,4.570000171661377,=NA(),=NA(),1.0671659708023071,1.4163999557495117,0.34380000829696655,0.08399999886751175,=NA(),20,1013.25,-17.62003517150879,10.585155487060547,787.9150390625,730.260009765625,57.665000915527344,60.011253356933594,4712.740234375,4172.08984375,4178.05029296875,35.68789291381836,7.3170037269592285,7.275981903076172,43.10430145263672,7.7482194900512695,0.025720063596963882,0,0.001246624975465238,0,540.650390625,-5.96044921875
3,14,0,1,Day,,31.839391708374023,58.16061019897461,283.4263000488281,585.7100219726562,427.7823486328125,185.89999389648438,0.7303653955459595,30.040002822875977,4.690100193023682,=NA(),=NA(),1.1766406297683716,1.4163999557495117,0.34380000829696655,0.08399999886751175,=NA(),20,1013.25,-31.132261276245117,7.035932540893555,667.7899780273438,613.7550048828125,54.03499984741211,57.66936492919922,3964.18994140625,3536.050048828125,3540.244873046875,35.93949890136719,6.156667709350586,6.072856903076172,43.069950103759766,6.523079872131348,0.021578438580036163,0,0.00113731250166893,0,428.139892578125,-4.19482421875
3,15,0,1,Day,,43.98427200317383,46.01572799682617,272.5864562988281,685.7999877929688,332.72637939453125,490.70001220703125,0.4851653277873993,29.80999183654785,4.670000076293945,=NA(),=NA(),1.3886243104934692,1.4163999557495117,0.34380000829696655,0.08399999886751175,=NA(),20,1013.25,-43.9550895690918,1.7958769798278809,907.2349853515625,854.4100341796875,52.82500076293945,67.3443832397461,5474.39990234375,4720.33984375,4730.978515625,34.710121154785156,8.518780708312988,8.448156356811523,42.45563888549805,9.05437183380127,0.030198875814676285,0,0.001121249981224537,0,754.06005859375,-10.638671875
3,16,0,1,Day,,56.237850189208984,33.762149810791016,264.2320251464844,247.19000244140625,238.52590942382812,15.59000015258789,0.9649496674537659,29.42998695373535,4.319900035858154,=NA(),=NA(),1.7958945035934448,1.4163999557495117,0.34380000829696655,0.08399999886751175,=NA(),20,1013.25,-56.103355407714844,4.7927165031433105,266.885009765625,216.17498779296875,50.709999084472656,40.625633239746094,1465.010009765625,1382.8599853515625,1374.6409912109375,37.692649841308594,2.2790744304656982,2.139660120010376,43.4688835144043,2.4377806186676025,0.0075566875748336315,0,0.001035937573760748,0,82.1500244140625,8.218994140625
3,17,0,1,Day,,68.32050323486328,21.67949676513672,256.6636657714844,228.1999969482422,209.3221893310547,51.10200119018555,0.9172751903533936,30.300012588500977,2.780100107192993,=NA(),=NA(),2.691645383834839,1.4163999557495117,0.34380000829696655,0.08399999886751175,=NA(),20,1013.25,-44.631439208984375,26.086158752441406,322.77001953125,292.739990234375,30.030000686645508,43.68437957763672,1823.780029296875,1704.3399658203125,1705.6236572265625,37.19792556762695,2.865779161453247,2.7846086025238037,43.45718002319336,3.0390822887420654,0.009994124993681908,0,0.0006303124828264117,0,119.4400634765625,-1.28369140625
3,18,0,1,Day,,80.0005874633789,9.99941349029541,249.04823303222656,60.4010009765625,60.12361526489258,1.597499966621399,0.9954075813293457,29.2700138092041,2.0701000690460205,=NA(),=NA(),5.587718486785889,1.4163999557495117,0.34380000829696655,0.08399999886751175,=NA(),20,1013.25,-16.119380950927734,65.02925109863281,69.58000183105469,63.31999969482422,6.260000228881836,32.170005798339844,368.2099914550781,357.2300109863281,357.6664733886719,36.59056854248047,0.6109231114387512,0.6035506129264832,42.20490264892578,0.6529979109764099,0.0021589999087154865,0,0.00013006250082980841,0,10.97998046875,-0.43646240234375
3,19,0,1,Night,Sun above horizon but GHI below 1,87.8869857788086,2.113016128540039,243.20899963378906,0,0,0,0,25.4999942779541,1.7300000190734863,=NA(),0,18.852182388305664,1.4163999557495117,0.34380000829696655,0.08399999886751175,=NA(),20,1013.25,0,0,0,0,0,25.4999942779541,0,0,0,0,0,0,0,0,0,0,0,0,0,0
3,20,0,1,Night,,101.46998596191406,-11.469989776611328,231.405029296875,0,0,0,0,23.45000648498535,1.1399999856948853,=NA(),0,64.81599426269531,1.4163999557495117,0.34380000829696655,0.08399999886751175,=NA(),20,1013.25,0,0,0,0,0,23.45000648498535,0,0,0,0,0,0,0,0,0,0,0,0,0,0
3,21,0,1,Night,,110.26676940917969,-20.266767501831055,220.3358154296875,0,0,0,0,22.209985733032227,0.5,=NA(),0,64.81599426269531,1.4163999557495117,0.34380000829696655,0.08399999886751175,=NA(),20,1013.25,0,0,0,0,0,22.209985733032227,0,0,0,0,0,0,0,0,0,0,0,0,0,0
3,22,0,1,Night,,117.10020446777344,-27.100202560424805,207.21206665039062,0,0,0,0,20.399988174438477,0.6100000143051147,=NA(),0,64.81599426269531,1.4163999557495117,0.34380000829696655,0.08399999886751175,=NA(),20,1013.25,0,0,0,0,0,20.399988174438477,0,0,0,0,0,0,0,0,0,0,0,0,0,0
3,23,0,1,Night,,121.24551391601562,-31.245515823364258,192.10145568847656,0,0,0,0,19.860010147094727,1.2099000215530396,=NA(),0,64.81599426269531,1.4163999557495117,0.34380000829696655,0.08399999886751175,=NA(),20,1013.25,0,0,0,0,0,19.860010147094727,0,0,0,0,0,0,0,0,0,0,0,0,0,0
4,0,0,1,Night,,122.10780334472656,-32.10780334472656,175.88186645507812,0,0,0,0,19.3900089263916,1.5499999523162842,=NA(),0,64.81599426269531,1.4163999557495117,0.34380000829696655,0.08399999886751175,=NA(),20,1013.25,0,0,0,0,0,19.3900089263916,0,0,0,0,0,0,0,0,0,0,0,0,0,0
4,1,0,1,Night,,119.54388427734375,-29.543886184692383,160.05494689941406,0,0,0,0,19.3699893951416,1.2898999452590942,=NA(),0,64.81599426269531,1.4163999557495117,0.34380000829696655,0.08399999886751175,=NA(),20,1013.25,0,0,0,0,0,19.3699893951416,0,0,0,0,0,0,0,0,0,0,0,0,0,0
4,2,0,1,Night,,113.95882415771484,-23.958824157714844,145.88665771484375,0,0,0,0,18.4999942779541,1.090000033378601,=NA(),0,64.81599426269531,1.4163999557495117,0.34380000829696655,0.08399999886751175,=NA(),20,1013.25,0,0,0,0,0,18.4999942779541,0,0,0,0,0,0,0,0,0,0,0,0,0,0
4,3,0,1,Night,,106.05210876464844,-16.052104949951172,133.82151794433594,0,0,0,0,18.300012588500977,1.3200000524520874,=NA(),0,64.81599426269531,1.4163999557495117,0.34380000829696655,0.08399999886751175,=NA(),20,1013.25,0,0,0,0,0,18.300012588500977,0,0,0,0,0,0,0,0,0,0,0,0,0,0
4,4,0,1,Night,,96.4840087890625,-6.484012126922607,123.64765167236328,0,0,0,0,18.4999942779541,1.750100016593933,=NA(),0,64.81599426269531,1.4163999557495117,0.34380000829696655,0.08399999886751175,=NA(),20,1013.25,0,0,0,0,0,18.4999942779541,0,0,0,0,0,0,0,0,0,0,0,0,0,0
4,5,0,1,Day,,85.2251968383789,4.774801254272461,114.65055847167969,32.095001220703125,32.011962890625,0.9976000189781189,0.9974127411842346,19.3699893951416,3.039900064468384,=NA(),=NA(),10.70306396484375,1.4163999557495117,0.34380000829696655,0.08399999886751175,=NA(),20,1013.25,7.605196952819824,78.32410430908203,37.09000015258789,33.994998931884766,3.0950000286102295,20.92998695373535,179.9499969482422,182.22000122070312,182.17681884765625,37.22705841064453,0.3058546185493469,0.30380794405937195,42.607479095458984,0.3312036395072937,0.001098250038921833,0,0.00006781249976484105,0,-2.2700042724609375,0.043182373046875
4,6,0,1,Day,,74.20044708251953,15.799554824829102,107.01719665527344,191.7899932861328,173.85020446777344,65.88899993896484,0.9064612984657288,22.360010147094727,2.7701001167297363,=NA(),=NA(),3.630439281463623,1.4163999557495117,0.34380000829696655,0.08399999886751175,=NA(),20,1013.25,27.13597869873047,48.550479888916016,285.55499267578125,268.75,16.80500030517578,34.063133239746094,1636.3800048828125,1581.719970703125,1582.4794921875,38.42570877075195,2.5739171504974365,2.533595323562622,44.555362701416016,2.719538688659668,0.009200375527143478,0,0.000362312508514151,0,54.6600341796875,-0.759521484375
4,7,0,1,Day,,62.28729248046875,27.712705612182617,99.49264526367188,125.38999938964844,124.3707275390625,2.191800117492676,0.991871178150177,22.740015029907227,2.9000000953674316,=NA(),=NA(),2.1435494422912598,1.4163999557495117,0.34380000829696655,0.08399999886751175,=NA(),20,1013.25,60,8.619706153869629,125.57500457763672,94.55500030517578,31.020000457763672,28.063135147094727,642.9100341796875,633.8499755859375,625.296630859375,38.52914047241211,1.013925552368164,0.93768709897995,43.741493225097656,1.099779725074768,0.0032579374965280294,0,0.0006343750283122063,0,9.06005859375,8.5533447265625
4,8,0,1,Day,,50.093040466308594,39.906959533691406,91.64249420166016,56.70899963378906,56.51211166381836,0.3068999946117401,0.9965280890464783,21.08001136779785,3.7699999809265137,=NA(),=NA(),1.5567927360534668,1.4163999557495117,0.34380000829696655,0.08399999886751175,=NA(),20,1013.25,50.081451416015625,1.2598638534545898,55.19499969482422,43.334999084472656,11.859999656677246,23.4268741607666,272.9599914550781,273.739990234375,270.674072265625,37.869083404541016,0.44655343890190125,0.41233035922050476,42.940216064453125,0.48858973383903503,0.0014844374964013696,0,0.0002402500103926286,0,-0.779998779296875,3.06591796875
4,9,0,1,Day,,37.85368347167969,52.14631652832031,82.3205337524414,47.19599914550781,47.043846130371094,0.19269999861717224,0.9967761635780334,18.58001136779785,3.859999895095825,=NA(),=NA(),1.265759825706482,1.4163999557495117,0.34380000829696655,0.08399999886751175,=NA(),20,1013.25,37.60385513305664,4.703666687011719,47.75,40.25,7.494999885559082,20.589990615844727,240.30999755859375,243.63999938964844,242.45687866210938,37.91075134277344,0.3996350169181824,0.3791602849960327,43.13924789428711,0.43338313698768616,0.001379687455482781,0,0.0001500624930486083,0,-3.3300018310546875,1.1831207275390625
4,10,0,1,Day,,25.97141456604004,64.0285873413086,68.72689056396484,42.29199981689453,42.208839416503906,0.0925000011920929,0.9980336427688599,17.8799991607666,3.309999942779541,=NA(),=NA(),1.1120091676712036,1.4163999557495117,0.34380000829696655,0.08399999886751175,=NA(),20,1013.25,24.4144344329834,9.142149925231934,44.599998474121094,39.40999984741211,5.194999694824219,19.737512588500977,227.82000732421875,231.7100067138672,231.72384643554688,37.76299285888672,0.38349777460098267,0.3728199005126953,43.17490768432617,0.4126887321472168,0.0013490000274032354,0,0.00010512500011827797,0,-3.8899993896484375,-0.0138397216796875
4,11,0,1,Day,,15.769588470458984,74.23041534423828,41.53776550292969,86.69499969482422,86.22171020507812,0.4918000102043152,0.9945407509803772,17.300012588500977,3.100100040435791,=NA(),=NA(),1.0389490127563477,1.4163999557495117,0.34380000829696655,0.08399999886751175,=NA(),20,1013.25,10.606488227844238,11.73729133605957,94.51000213623047,85.56500244140625,8.940000534057617,21.255640029907227,511.9599914550781,517.3499755859375,503.1913757324219,39.58536911010742,0.7945272922515869,0.7681146860122681,44.312686920166016,0.8728342056274414,0.002947812434285879,0,0.00018324999837204814,0,-5.389984130859375,14.158599853515625
4,12,0,1,Day,,12.760751724243164,77.23925018310547,344.2528076171875,463.69000244140625,426.5359191894531,38.095001220703125,0.9198729991912842,18.2700138092041,2.460099935531616,=NA(),=NA(),1.0251952409744263,1.4163999557495117,0.34380000829696655,0.08399999886751175,=NA(),20,1013.25,-3.5171823501586914,12.27420425415039,505.4750061035156,463.58001708984375,41.89500045776367,39.011253356933594,2937.5400390625,2795.56005859375,2798.270751953125,38.30021667480469,4.566346168518066,4.552468299865723,44.94913864135742,4.8205671310424805,0.01599281281232834,0,0.0009216250036843121,0,141.97998046875,-2.710693359375
4,13,0,1,Day,,20.456256866455078,69.54373931884766,302.10760498046875,696.7999877929688,436.7993469238281,277.5,0.6268647313117981,19.80999183654785,1.7100000381469727,=NA(),=NA(),1.0670830011367798,1.4163999557495117,0.34380000829696655,0.08399999886751175,=NA(),20,1013.25,-17.534591674804688,10.705382347106934,770.719970703125,713.9550170898438,56.76499938964844,51.474998474121094,4605.91015625,4203.9697265625,4210.53759765625,36.8227653503418,7.146636009216309,7.107514381408691,44.16527557373047,7.550887107849121,0.025132250040769577,0,0.0012261249357834458,0,401.9404296875,-6.56787109375
4,14,0,1,Day,,31.800479888916016,58.199520111083984,283.6949462890625,659.2000122070312,407.9815368652344,295.5899963378906,0.6189039945602417,21.9999942779541,1.7000000476837158,=NA(),=NA(),1.1761460304260254,1.4163999557495117,0.34380000829696655,0.08399999886751175,=NA(),20,1013.25,-31.065189361572266,7.166879177093506,766.800048828125,712.6500244140625,54.150001525878906,53.529991149902344,4600.33984375,4168.3798828125,4173.83935546875,36.554901123046875,7.136285781860352,7.070195198059082,43.896793365478516,7.544884204864502,0.025169188156723976,0,0.0011573749361559749,0,431.9599609375,-5.45947265625
4,15,0,1,Day,,43.93862533569336,46.06137466430664,272.7878723144531,569.6099853515625,375.3962707519531,269.7099914550781,0.6590408682823181,23.860010147094727,2.150099992752075,=NA(),=NA(),1.3875612020492554,1.4163999557495117,0.34380000829696655,0.08399999886751175,=NA(),20,1013.25,-43.90472412109375,1.9340685606002808,709.655029296875,651.8049926757812,57.849998474121094,53.03313446044922,4212.7001953125,3822.31005859375,3830.880126953125,36.55391311645508,6.550203323364258,6.43686580657959,43.79161834716797,6.935052394866943,0.022926749661564827,0,0.0011975625529885292,0,390.39013671875,-8.570068359375
4,16,0,1,Day,,56.193363189697266,33.806636810302734,264.40093994140625,477.30999755859375,323.2450866699219,276.8999938964844,0.6772225499153137,24.550012588500977,2.3701000213623047,=NA(),=NA(),1.7938231229782104,1.4163999557495117,0.34380000829696655,0.08399999886751175,=NA(),20,1013.25,-56.06657028198242,4.650073528289795,679.260009765625,621.510009765625,57.75499725341797,52.45250701904297,4076.219970703125,3705.5,3711.6962890625,36.641639709472656,6.33130407333374,6.192628383636475,43.803558349609375,6.69566535949707,0.02213912457227707,0,0.00121118756942451,0,370.719970703125,-6.1962890625
4,17,0,1,Day,,68.28154754638672,21.718454360961914,256.8168029785156,404.19000244140625,279.5992126464844,336.69000244140625,0.6917518973350525,24.80999183654785,1.9801000356674194,=NA(),=NA(),2.6871132850646973,1.4163999557495117,0.34380000829696655,0.08399999886751175,=NA(),20,1013.25,-44.759918212890625,25.885297775268555,714.135009765625,679.2900390625,34.845001220703125,54.30687713623047,4168.10986328125,3764.5,3772.52001953125,36.38124465942383,6.481018543243408,6.3824591636657715,43.60559844970703,6.864997863769531,0.02310349978506565,0,0.0007684375159442425,0,403.60986328125,-8.02001953125
4,18,0,1,Day,,79.97069549560547,10.029303550720215,249.19515991210938,88.80400085449219,87.02677917480469,10.204999923706055,0.9799871444702148,24.43999671936035,1.2700999975204468,=NA(),=NA(),5.572234630584717,1.4163999557495117,0.34380000829696655,0.08399999886751175,=NA(),20,1013.25,-16.155649185180664,64.95028686523438,111.60000610351562,103.14500427246094,8.454999923706055,29.042505264282227,607,596.3699951171875,597.3636474609375,37.776676177978516,0.9883116483688354,0.9786942601203918,43.51285171508789,1.0491951704025269,0.003507375018671155,0,0.0001765000051818788,0,10.6300048828125,-0.99365234375
4,19,0,1,Night,Sun above horizon but GHI below 1,87.8716812133789,2.1283159255981445,243.3507843017578,0,0,0,0,22.5100040435791,0.460099995136261,=NA(),0,18.77521514892578,1.4163999557495117,0.34380000829696655,0.08399999886751175,=NA(),20,1013.25,0,0,0,0,0,22.5100040435791,0,0,0,0,0,0,0,0,0,0,0,0,0,0
4,20,0,1,Night,,101.47314453125,-11.473146438598633,231.55589294433594,0,0,0,0,21.300012588500977,1.0700000524520874,=NA(),0,64.81599426269531,1.4163999557495117,0.34380000829696655,0.08399999886751175,=NA(),20,1013.25,0,0,0,0,0,21.300012588500977,0,0,0,0,0,0,0,0,0,0,0,0,0,0
4,21,0,1,Night,,110.29254150390625,-20.292539596557617,220.49130249023438,0,0,0,0,21.100000381469727,1.5801000595092773,=NA(),0,64.81599426269531,1.4163999557495117,0.34380000829696655,0.08399999886751175,=NA(),20,1013.25,0,0,0,0,0,21.100000381469727,0,0,0,0,0,0,0,0,0,0,0,0,0,0
4,22,0,1,Night,,117.15372467041016,-27.15372657775879,207.3673553466797,0,0,0,0,20.70000648498535,1.7401000261306763,=NA(),0,64.81599426269531,1.4163999557495117,0.34380000829696655,0.08399999886751175,=NA(),20,1013.25,0,0,0,0,0,20.70000648498535,0,0,0,0,0,0,0,0,0,0,0,0,0,0
4,23,0,1,Night,,121.32948303222656,-31.329484939575195,192.24456787109375,0,0,0,0,20.8799991607666,1.6200000047683716,=NA(),0,64.81599426269531,1.4163999557495117,0.34380000829696655,0.08399999886751175,=NA(),20,1013.25,0,0,0,0,0,20.8799991607666,0,0,0,0,0,0,0,0,0,0,0,0,0,0
5,0,0,1,Night,,122.2198715209961,-32.21987533569336,175.99700927734375,0,0,0,0,19.839990615844727,1.399999976158142,=NA(),0,64.81599426269531,1.4163999557495117,0.34380000829696655,0.08399999886751175,=NA(),20,1013.25,0,0,0,0,0,19.839990615844727,0,0,0,0,0,0,0,0,0,0,0,0,0,0
5,1,0,1,Night,,119.67652130126953,-29.676523208618164,160.13235473632812,0,0,0,0,18.70000648498535,1.1399999856948853,=NA(),0,64.81599426269531,1.4163999557495117,0.34380000829696655,0.08399999886751175,=NA(),20,1013.25,0,0,0,0,0,18.70000648498535,0,0,0,0,0,0,0,0,0,0,0,0,0,0
5,2,0,1,Night,,114.10295104980469,-24.10295295715332,145.9276580810547,0,0,0,0,17.399988174438477,0.9401000142097473,=NA(),0,64.81599426269531,1.4163999557495117,0.34380000829696655,0.08399999886751175,=NA(),20,1013.25,0,0,0,0,0,17.399988174438477,0,0,0,0,0,0,0,0,0,0,0,0,0,0
5,3,0,1,Night,,106.2004623413086,-16.200458526611328,133.8336639404297,0,0,0,0,17.8799991607666,0.8701000213623047,=NA(),0,64.81599426269531,1.4163999557495117,0.34380000829696655,0.08399999886751175,=NA(),20,1013.25,0,0,0,0,0,17.8799991607666,0,0,0,0,0,0,0,0,0,0,0,0,0,0
5,4,0,1,Night,,96.63689422607422,-6.636891841888428,123.6386489868164,0,0,0,0,16.339990615844727,1.0800000429153442,=NA(),0,64.81599426269531,1.4163999557495117,0.34380000829696655,0.08399999886751175,=NA(),20,1013.25,0,0,0,0,0,16.339990615844727,0,0,0,0,0,0,0,0,0,0,0,0,0,0
5,5,0,1,Day,,85.2912368774414,4.708765029907227,114.56832122802734,51.20000076293945,50.33829116821289,10.496999740600586,0.9831697344779968,15.860010147094727,1.5399999618530273,=NA(),=NA(),10.824235916137695,1.4163999557495117,0.34380000829696655,0.08399999886751175,=NA(),20,1013.25,7.492610454559326,78.48744201660156,65.25499725341797,60.834999084472656,4.420000076293945,18.618127822875977,303.9100036621094,310.2799987792969,310.5155334472656,38.3409538269043,0.5061750411987305,0.5034124255180359,43.816463470458984,0.5417076945304871,0.0018129999516531825,0,0.00009687500278232619,0,-6.3699951171875,-0.23553466796875
5,6,0,1,Day,,74.344482421875,15.65551471710205,106.97941589355469,278.989990234375,218.49166870117188,224.19000244140625,0.7831523418426514,18.7700138092041,2.4798998832702637,=NA(),=NA(),3.662135362625122,1.4163999557495117,0.34380000829696655,0.08399999886751175,=NA(),20,1013.25,26.798675537109375,48.9986686706543,475.0799865722656,456.2850036621094,18.795000076293945,38.154380798339844,2788.199951171875,2660.800048828125,2664.3876953125,38.354068756103516,4.341773986816406,4.292952537536621,44.966712951660156,4.579899311065674,0.015655875205993652,0,0.0004142500110901892,0,127.39990234375,-3.587646484375
5,7,0,1,Day,,62.43020248413086,27.56979751586914,99.44268798828125,491,304.89654541015625,402.1000061035156,0.6209705471992493,21.30999183654785,3.7799999713897705,=NA(),=NA(),2.153696298599243,1.4163999557495117,0.34380000829696655,0.08399999886751175,=NA(),20,1013.25,60,8.62210464477539,815.530029296875,757.02001953125,58.51000213623047,54.781883239746094,4902.31005859375,4423.3701171875,4433.43701171875,36.36727523803711,7.619411468505859,7.482053756713867,43.85839080810547,8.065879821777344,0.026802625507116318,0,0.0012449375353753567,0,478.93994140625,-10.06689453125
5,8,0,1,Day,,50.23529815673828,39.76470184326172,91.57987213134766,714.010009765625,332.4606018066406,596.510009765625,0.4656245708465576,23.4999942779541,4.639999866485596,=NA(),=NA(),1.561414122581482,1.4163999557495117,0.34380000829696655,0.08399999886751175,=NA(),20,1013.25,50.22459030151367,1.2143503427505493,1021.719970703125,964.4200439453125,57.30500030517578,65.64937591552734,6213.669921875,5395.009765625,5405.90625,34.942665100097656,9.669356346130371,9.581509590148926,42.93135070800781,10.261319160461426,0.03435087576508522,0,0.001226312480866909,0,818.66015625,-10.896484375
5,9,0,1,Day,,37.996917724609375,52.003082275390625,82.24562072753906,804.010009765625,304.7054138183594,633.5999755859375,0.3789821267127991,24.07000160217285,4.800000190734863,=NA(),=NA(),1.2682214975357056,1.4163999557495117,0.34380000829696655,0.08399999886751175,=NA(),20,1013.25,37.741851806640625,4.764673709869385,1015.60498046875,961.844970703125,53.76000213623047,66.02312469482422,6174.080078125,5353.1201171875,5362.52734375,34.90391540527344,9.602314949035645,9.555940628051758,42.87062072753906,10.18020248413086,0.03416987508535385,0,0.0011786875547841191,0,820.9599609375,-9.4072265625
5,10,0,1,Day,,26.11869239807129,63.881309509277344,68.65480041503906,1081.5,270.6209716796875,903.0999755859375,0.2502274215221405,25.909997940063477,4.650000095367432,=NA(),=NA(),1.1134040355682373,1.4163999557495117,0.34380000829696655,0.08399999886751175,=NA(),20,1013.25,24.544620513916016,9.220732688903809,1249.6600341796875,1177.135009765625,72.52000427246094,78.01375579833984,7549.7998046875,6259.16015625,6272.490234375,33.2574462890625,11.787750244140625,11.767163276672363,41.755096435546875,12.561504364013672,0.04175775125622749,0,0.001606312463991344,0,1290.6396484375,-13.330078125
5,11,0,1,Day,,15.919078826904297,74.08092498779297,41.60913848876953,792.5,392.8382568359375,415.6000061035156,0.49569496512413025,26.170007705688477,4.629899978637695,=NA(),=NA(),1.0397170782089233,1.4163999557495117,0.34380000829696655,0.08399999886751175,=NA(),20,1013.25,10.724640846252441,11.833984375,865.10498046875,802.7850341796875,62.31999969482422,62.475608825683594,5119.7099609375,4493.56005859375,4449.3720703125,35.92964172363281,7.739994049072266,7.619843482971191,42.94877243041992,8.228145599365234,0.02792343683540821,0,0.0013666249578818679,0,626.14990234375,44.18798828125
5,12,0,1,Day,,12.842830657958984,77.15716552734375,344.8240966796875,775.3099975585938,413.3863830566406,371.2099914550781,0.53318852186203,27.490015029907227,4.739999771118164,=NA(),=NA(),1.0255283117294312,1.4163999557495117,0.34380000829696655,0.08399999886751175,=NA(),20,1013.25,-3.415449380874634,12.387711524963379,838.5,776.1400146484375,62.37000274658203,62.27562713623047,4995.91015625,4387.60986328125,4392.1435546875,35.413719177246094,7.751488208770752,7.733786106109619,42.92689514160156,8.20523738861084,0.027192937210202217,0,0.0013889374677091837,0,608.30029296875,-4.53369140625
5,13,0,1,Day,,20.45154571533203,69.54845428466797,302.5394592285156,983.7000122070312,235.7184600830078,798.2999877929688,0.23962433636188507,28.589990615844727,4.900000095367432,=NA(),=NA(),1.0670503377914429,1.4163999557495117,0.34380000829696655,0.08399999886751175,=NA(),20,1013.25,-17.452125549316406,10.832795143127441,1098.1199951171875,1027.905029296875,70.21000671386719,74.33312225341797,6644.7099609375,5584.93994140625,5594.31298828125,33.80020523071289,10.344453811645508,10.305825233459473,41.955909729003906,10.994417190551758,0.03653087466955185,0,0.0015446250326931477,0,1059.77001953125,-9.373046875
5,14,0,1,Day,,31.767559051513672,58.23244094848633,283.9749755859375,959.4000244140625,278.4820861816406,800.9000244140625,0.29026690125465393,28.4999942779541,4.869900226593018,=NA(),=NA(),1.17572820186615,1.4163999557495117,0.34380000829696655,0.08399999886751175,=NA(),20,1013.25,-31.002241134643555,7.304504871368408,1155.47509765625,1093.885009765625,61.590003967285156,76.64501190185547,7024.72998046875,5853.35986328125,5862.32568359375,33.4858283996582,10.941803932189941,10.918371200561523,41.776763916015625,11.635710716247559,0.03892099857330322,0,0.0013678750256076455,0,1171.3701171875,-8.9658203125
5,15,0,1,Day,,43.89851760864258,46.10148239135742,272.9981689453125,746.8099975585938,314.9657287597656,599.3099975585938,0.4217481315135956,28.30999183654785,4.730000019073486,=NA(),=NA(),1.3866291046142578,1.4163999557495117,0.34380000829696655,0.08399999886751175,=NA(),20,1013.25,-43.85930633544922,2.078394889831543,999.260009765625,945.760009765625,53.49500274658203,69.66625213623047,6046.830078125,5171.2900390625,5183.56982421875,34.401893615722656,9.417337417602539,9.354486465454102,42.3598518371582,10.017767906188965,0.03346874937415123,0,0.0011448124423623085,0,875.5400390625,-12.27978515625
5,16,0,1,Day,,56.15447998046875,33.84552001953125,264.5771484375,354.3999938964844,305.8367919921875,87.19400024414062,0.8629706501960754,28.420007705688477,4.520100116729736,=NA(),=NA(),1.7920175790786743,1.4163999557495117,0.34380000829696655,0.08399999886751175,=NA(),20,1013.25,-56.035491943359375,4.501808166503906,447.9000244140625,391.30499267578125,56.599998474121094,46.93999481201172,2600.1298828125,2405.5,2406.84619140625,37.1357536315918,4.050838470458984,3.9074831008911133,43.67742156982422,4.292263031005859,0.01384000014513731,0,0.00116906245239079,0,194.6298828125,-1.34619140625
5,17,0,1,Day,,68.24869537353516,21.751306533813477,256.9761962890625,300.70001220703125,243.85325622558594,153.39999389648438,0.8109519481658936,27.399988174438477,3.640000104904175,=NA(),=NA(),2.6833043098449707,1.4163999557495117,0.34380000829696655,0.08399999886751175,=NA(),20,1013.25,-44.85768508911133,25.71482276916504,476.66998291015625,443.5950012207031,33.07500076293945,47.07561492919922,2742.989990234375,2537.25,2542.207763671875,37.08875274658203,4.284074306488037,4.192128658294678,43.75978088378906,4.536602020263672,0.015108437277376652,0,0.0007076250039972365,0,205.739990234375,-4.957763671875
5,18,0,1,Day,,79.94791412353516,10.052083015441895,249.3476104736328,86.4990005493164,84.94599914550781,8.897500038146973,0.9820460081100464,25.969995498657227,2.75,=NA(),=NA(),5.56049108505249,1.4163999557495117,0.34380000829696655,0.08399999886751175,=NA(),20,1013.25,-16.178651809692383,64.89007568359375,107.86000061035156,99.56500244140625,8.300000190734863,30.425012588500977,585.8699951171875,572.6400146484375,573.6444702148438,37.52311325073242,0.9554823637008667,0.9459273219108582,43.2572021484375,1.0150880813598633,0.0033878751564770937,0,0.00017318749451078475,0,13.22998046875,-1.00445556640625
5,19,0,1,Night,Sun above horizon but GHI below 1,87.86465454101562,2.1353487968444824,243.4976348876953,0,0,0,0,22.730005264282227,2.8399999141693115,=NA(),0,18.740039825439453,1.4163999557495117,0.34380000829696655,0.08399999886751175,=NA(),20,1013.25,0,0,0,0,0,22.730005264282227,0,0,0,0,0,0,0,0,0,0,0,0,0,0
5,20,0,1,Night,,101.48200225830078,-11.482006072998047,231.7110595703125,0,0,0,0,21.100000381469727,2.860100030899048,=NA(),0,64.81599426269531,1.4163999557495117,0.34380000829696655,0.08399999886751175,=NA(),20,1013.25,0,0,0,0,0,21.100000381469727,0,0,0,0,0,0,0,0,0,0,0,0,0,0
5,21,0,1,Night,,110.32493591308594,-20.324935913085938,220.65017700195312,0,0,0,0,20.4999942779541,2.5199999809265137,=NA(),0,64.81599426269531,1.4163999557495117,0.34380000829696655,0.08399999886751175,=NA(),20,1013.25,0,0,0,0,0,20.4999942779541,0,0,0,0,0,0,0,0,0,0,0,0,0,0
5,22,0,1,Night,,117.21451568603516,-27.21451759338379,207.52481079101562,0,0,0,0,19.899988174438477,1.820099949836731,=NA(),0,64.81599426269531,1.4163999557495117,0.34380000829696655,0.08399999886751175,=NA(),20,1013.25,0,0,0,0,0,19.899988174438477,0,0,0,0,0,0,0,0,0,0,0,0,0,0
5,23,0,1,Night,,121.42118835449219,-31.421184539794922,192.38795471191406,0,0,0,0,17.8799991607666,1.309999942779541,=NA(),0,64.81599426269531,1.4163999557495117,0.34380000829696655,0.08399999886751175,=NA(),20,1013.25,0,0,0,0,0,17.8799991607666,0,0,0,0,0,0,0,0,0,0,0,0,0,0
6,0,0,1,Night,,122.33941650390625,-32.33941650390625,176.1102752685547,0,0,0,0,16.990015029907227,1,=NA(),0,64.81599426269531,1.4163999557495117,0.34380000829696655,0.08399999886751175,=NA(),20,1013.25,0,0,0,0,0,16.990015029907227,0,0,0,0,0,0,0,0,0,0,0,0,0,0
6,1,0,1,Night,,119.8160171508789,-29.816017150878906,160.20591735839844,0,0,0,0,15.480005264282227,0.6700000166893005,=NA(),0,64.81599426269531,1.4163999557495117,0.34380000829696655,0.08399999886751175,=NA(),20,1013.25,0,0,0,0,0,15.480005264282227,0,0,0,0,0,0,0,0,0,0,0,0,0,0
6,2,0,1,Night,,114.25286865234375,-24.25286865234375,145.96340942382812,0,0,0,0,15.730005264282227,0.3801000118255615,=NA(),0,64.81599426269531,1.4163999557495117,0.34380000829696655,0.08399999886751175,=NA(),20,1013.25,0,0,0,0,0,15.730005264282227,0,0,0,0,0,0,0,0,0,0,0,0,0,0
6,3,0,1,Night,,106.35392761230469,-16.353931427001953,133.8397674560547,0,0,0,0,15.700006484985352,0.2498999983072281,=NA(),0,64.81599426269531,1.4163999557495117,0.34380000829696655,0.08399999886751175,=NA(),20,1013.25,0,0,0,0,0,15.700006484985352,0,0,0,0,0,0,0,0,0,0,0,0,0,0
6,4,0,1,Night,,96.79277038574219,-6.792773246765137,123.62318420410156,0,0,0,0,16.3799991607666,0.5400999784469604,=NA(),0,64.81599426269531,1.4163999557495117,0.34380000829696655,0.08399999886751175,=NA(),20,1013.25,0,0,0,0,0,16.3799991607666,0,0,0,0,0,0,0,0,0,0,0,0,0,0
6,5,0,1,Day,,85.3661117553711,4.633889198303223,114.48141479492188,89,83.02973937988281,73.9000015258789,0.9329184293746948,17.1299991607666,1.5801000595092773,=NA(),=NA(),10.96475887298584,1.4163999557495117,0.34380000829696655,0.08399999886751175,=NA(),20,1013.25,7.365663051605225,78.67256164550781,140.02499389648438,134.63999938964844,5.385000228881836,23.176233291625977,577.6799926757812,579.75,580.9281005859375,38.54631805419922,0.9419317245483398,0.9383926391601562,44.24728012084961,1.00003981590271,0.003399687586352229,0,0.00011900000390596688,0,-2.07000732421875,-1.1781005859375
6,6,0,1,Day,,74.49220275878906,15.507798194885254,106.93441009521484,280.29998779296875,219.31298828125,228.10000610351562,0.7824224233627319,20.18999671936035,2.2899999618530273,=NA(),=NA(),3.6952357292175293,1.4163999557495117,0.34380000829696655,0.08399999886751175,=NA(),20,1013.25,26.455394744873047,49.455467224121094,478.5999755859375,459.93499755859375,18.665000915527344,39.738121032714844,2807.43994140625,2664.679931640625,2668.684326171875,38.134849548339844,4.373777866363525,4.3255414962768555,44.77065658569336,4.615460395812988,0.015766499564051628,0,0.00041231251088902354,0,142.760009765625,-4.00439453125
6,7,0,1,Day,,62.5756950378418,27.424304962158203,99.38481903076172,436.5,293.9976806640625,309.3999938964844,0.6735342144966125,21.990015029907227,2.490000009536743,=NA(),=NA(),2.1641387939453125,1.4163999557495117,0.34380000829696655,0.08399999886751175,=NA(),20,1013.25,60,8.621208190917969,701.260009765625,644.1650390625,57.095001220703125,50.763755798339844,4180.240234375,3823.31005859375,3831.7763671875,36.85860824584961,6.497622966766357,6.360430717468262,44.071083068847656,6.873276710510254,0.02273612469434738,0,0.0012036249972879887,0,356.93017578125,-8.46630859375
6,8,0,1,Day,,50.379600524902344,39.620399475097656,91.5081558227539,737.0999755859375,344.5966796875,615.5,0.46750330924987793,23.540002822875977,2.0299999713897705,=NA(),=NA(),1.566139817237854,1.4163999557495117,0.34380000829696655,0.08399999886751175,=NA(),20,1013.25,50.36985397338867,1.1616573333740234,1055.034912109375,995.31494140625,59.71500015258789,67.10375213623047,6411.9501953125,5537.8798828125,5549.7646484375,34.74169158935547,9.984107971191406,9.892229080200195,42.80897521972656,10.60328483581543,0.03544706106185913,0,0.0012779999524354935,0,874.0703125,-11.884765625
6,9,0,1,Day,,38.14228820800781,51.85771179199219,82.15958404541016,483.8900146484375,401.08160400390625,105.29000091552734,0.8288693428039551,24.909997940063477,1.4700000286102295,=NA(),=NA(),1.270737886428833,1.4163999557495117,0.34380000829696655,0.08399999886751175,=NA(),20,1013.25,37.881187438964844,4.833003044128418,549.9199829101562,494.8450012207031,55.06999969482422,47.58562469482422,3210.1298828125,2965.97998046875,2970.830810546875,37.17397689819336,4.994903087615967,4.876591205596924,43.986942291259766,5.285834312438965,0.017321687191724777,0,0.0011324374936521053,0,244.14990234375,-4.850830078125
6,10,0,1,Day,,26.268749237060547,63.73125076293945,68.56788635253906,207.80999755859375,205.11183166503906,3.0088999271392822,0.9870162010192871,24.670007705688477,1.0398999452590942,=NA(),=NA(),1.114836573600769,1.4163999557495117,0.34380000829696655,0.08399999886751175,=NA(),20,1013.25,24.675172805786133,9.306680679321289,220.67001342773438,195.96499633789062,24.704999923706055,33.779991149902344,1226.0899658203125,1185.550048828125,1186.642333984375,38.1031494140625,1.9463902711868286,1.8983994722366333,44.083370208740234,2.0612664222717285,0.006732374895364046,0,0.0005020624957978725,0,40.5399169921875,-1.09228515625
6,11,0,1,Day,,16.07354736328125,73.92645263671875,41.659332275390625,607.1900024414062,468.0506591796875,144.8000030517578,0.7708470821380615,24.350000381469727,1.1399999856948853,=NA(),=NA(),1.0405192375183105,1.4163999557495117,0.34380000829696655,0.08399999886751175,=NA(),20,1013.25,10.84218978881836,11.938003540039062,662.5650024414062,610.0150146484375,52.54999923706055,51.959373474121094,3887.419921875,3539.469970703125,3512.23291015625,37.1530876159668,5.9085307121276855,5.827451229095459,43.77651596069336,6.282474040985107,0.021158000454306602,0,0.0011240000603720546,0,347.949951171875,27.237060546875
6,12,0,1,Day,,12.933500289916992,77.06649780273438,345.38934326171875,835.4000244140625,366.0179748535156,481.6000061035156,0.43813496828079224,25.459985733032227,1.839900016784668,=NA(),=NA(),1.0258989334106445,1.4163999557495117,0.34380000829696655,0.08399999886751175,=NA(),20,1013.25,-3.3153305053710938,12.508366584777832,901.6650390625,836.4849853515625,65.18000030517578,62.717491149902344,5424.58984375,4758.2900390625,4766.359375,35.34295654296875,8.428763389587402,8.411652565002441,43.034400939941406,8.927781105041504,0.02958993799984455,0,0.0014445000560954213,0,666.2998046875,-8.0693359375
6,13,0,1,Day,,20.45363426208496,69.5463638305664,302.98443603515625,523.6099853515625,447.9930114746094,80.70500183105469,0.8555853366851807,23.899988174438477,2.3099000453948975,=NA(),=NA(),1.0670647621154785,1.4163999557495117,0.34380000829696655,0.08399999886751175,=NA(),20,1013.25,-17.37218475341797,10.967028617858887,572.39501953125,523.3200073242188,49.07499694824219,47.45000457763672,3348.3798828125,3095.760009765625,3102.07080078125,37.19549560546875,5.212465286254883,5.1683807373046875,44.084041595458984,5.512153625488281,0.018193749710917473,0,0.001040937495417893,0,252.619873046875,-6.310791015625
6,14,0,1,Day,,31.73985481262207,58.26014709472656,284.2661437988281,264.5,259.9937438964844,5.298699855804443,0.9829630851745605,22.58001136779785,2.5599000453948975,=NA(),=NA(),1.1753772497177124,1.4163999557495117,0.34380000829696655,0.08399999886751175,=NA(),20,1013.25,-30.94260597229004,7.448561191558838,278.489990234375,244.21499633789062,34.27000045776367,34.103111267089844,1556.300048828125,1503.8900146484375,1502.79150390625,38.45246887207031,2.442476272583008,2.3639328479766846,44.46086120605469,2.590554714202881,0.008414937183260918,0,0.0006951250252313912,0,52.4100341796875,1.0985107421875
6,15,0,1,Day,,43.86309051513672,46.13690948486328,273.2172546386719,487.6000061035156,382.3271484375,146.00999450683594,0.7840999960899353,24.70000648498535,2.819999933242798,=NA(),=NA(),1.3858073949813843,1.4163999557495117,0.34380000829696655,0.08399999886751175,=NA(),20,1013.25,-43.817935943603516,2.22873592376709,589.8200073242188,534.8099975585938,55.01000213623047,48.94249725341797,3465.3701171875,3187.3798828125,3194.69091796875,37.0044059753418,5.395932197570801,5.277571201324463,43.952850341796875,5.709653377532959,0.01876518689095974,0,0.001129937474615872,0,277.990234375,-7.31103515625
6,16,0,1,Day,,56.119991302490234,33.880008697509766,264.7605285644531,232.6999969482422,226.34556579589844,11.39900016784668,0.972692608833313,24.659997940063477,3.049999952316284,=NA(),=NA(),1.7904198169708252,1.4163999557495117,0.34380000829696655,0.08399999886751175,=NA(),20,1013.25,-56.008880615234375,4.347951412200928,247.7949981689453,199.33999633789062,48.45000076293945,35.034385681152344,1351.75,1301.4000244140625,1291.9840087890625,38.42890930175781,2.1009678840637207,1.9656260013580322,44.081966400146484,2.2493157386779785,0.006960500031709671,0,0.0009892500238493085,0,50.3499755859375,9.416015625
6,17,0,1,Day,,68.22024536132812,21.779754638671875,257.1416931152344,358.29998779296875,260.56439208984375,263.4100036621094,0.7272241115570068,24.6299991607666,2.569999933242798,=NA(),=NA(),2.6800155639648438,1.4163999557495117,0.34380000829696655,0.08399999886751175,=NA(),20,1013.25,-44.93273162841797,25.566387176513672,613.75,580.2349853515625,33.51499938964844,49.91686248779297,3566.14990234375,3269.22998046875,3277.11328125,36.883811950683594,5.55321741104126,5.459547996520996,43.879764556884766,5.8796210289001465,0.0197332501411438,0,0.0007315624970942736,0,296.919921875,-7.88330078125
6,18,0,1,Day,,79.9291763305664,10.070826530456543,249.50546264648438,21.898000717163086,21.863080978393555,0.1996999979019165,0.9984053373336792,22.920007705688477,2.5999999046325684,=NA(),=NA(),5.550865173339844,1.4163999557495117,0.34380000829696655,0.08399999886751175,=NA(),20,1013.25,-16.193920135498047,64.84051513671875,23.65999984741211,21.264999389648438,2.3949999809265137,23.915002822875977,116.37000274658203,116.52999877929688,116.60032653808594,36.02659225463867,0.2022796869277954,0.19921503961086273,41.43488693237305,0.2209588885307312,0.0007273125229403377,0,0.000049562499043531716,0,-0.15999603271484375,-0.0703277587890625
6,19,0,1,Night,Sun above horizon but GHI below 1,87.86414337158203,2.1358540058135986,243.6471405029297,0,0,0,0,21.240015029907227,3.8901000022888184,=NA(),0,18.73751449584961,1.4163999557495117,0.34380000829696655,0.08399999886751175,=NA(),20,1013.25,0,0,0,0,0,21.240015029907227,0,0,0,0,0,0,0,0,0,0,0,0,0,0
6,20,0,1,Night,,101.49734497070312,-11.497344017028809,231.87034606933594,0,0,0,0,19.68999671936035,5.449999809265137,=NA(),0,64.81599426269531,1.4163999557495117,0.34380000829696655,0.08399999886751175,=NA(),20,1013.25,0,0,0,0,0,19.68999671936035,0,0,0,0,0,0,0,0,0,0,0,0,0,0
6,21,0,1,Night,,110.3641128540039,-20.364112854003906,220.81239318847656,0,0,0,0,19.399988174438477,6.370100021362305,=NA(),0,64.81599426269531,1.4163999557495117,0.34380000829696655,0.08399999886751175,=NA(),20,1013.25,0,0,0,0,0,19.399988174438477,0,0,0,0,0,0,0,0,0,0,0,0,0,0
6,22,0,1,Night,,117.28247833251953,-27.2824764251709,207.684326171875,0,0,0,0,18.529993057250977,6.379899978637695,=NA(),0,64.81599426269531,1.4163999557495117,0.34380000829696655,0.08399999886751175,=NA(),20,1013.25,0,0,0,0,0,18.529993057250977,0,0,0,0,0,0,0,0,0,0,0,0,0,0
6,23,0,1,Night,,121.51996612548828,-31.51996612548828,192.5316162109375,0,0,0,0,17.70000648498535,6.219900131225586,=NA(),0,64.81599426269531,1.4163999557495117,0.34380000829696655,0.08399999886751175,=NA(),20,1013.25,0,0,0,0,0,17.70000648498535,0,0,0,0,0,0,0,0,0,0,0,0,0,0
7,0,0,1,Night,,122.46586608886719,-32.46586227416992,176.2215576171875,0,0,0,0,16.909997940063477,6,=NA(),0,64.81599426269531,1.4163999557495117,0.34380000829696655,0.08399999886751175,=NA(),20,1013.25,0,0,0,0,0,16.909997940063477,0,0,0,0,0,0,0,0,0,0,0,0,0,0
7,1,0,1,Night,,119.96157836914062,-29.96158218383789,160.27548217773438,0,0,0,0,16.839990615844727,5.589900016784668,=NA(),0,64.81599426269531,1.4163999557495117,0.34380000829696655,0.08399999886751175,=NA(),20,1013.25,0,0,0,0,0,16.839990615844727,0,0,0,0,0,0,0,0,0,0,0,0,0,0
7,2,0,1,Night,,114.40812683105469,-24.40812873840332,145.99380493164062,0,0,0,0,16.43999671936035,5.150000095367432,=NA(),0,64.81599426269531,1.4163999557495117,0.34380000829696655,0.08399999886751175,=NA(),20,1013.25,0,0,0,0,0,16.43999671936035,0,0,0,0,0,0,0,0,0,0,0,0,0,0
7,3,0,1,Night,,106.51175689697266,-16.511754989624023,133.83978271484375,0,0,0,0,15.300012588500977,4.859899997711182,=NA(),0,64.81599426269531,1.4163999557495117,0.34380000829696655,0.08399999886751175,=NA(),20,1013.25,0,0,0,0,0,15.300012588500977,0,0,0,0,0,0,0,0,0,0,0,0,0,0
7,4,0,1,Night,,96.95256042480469,-6.952559471130371,123.60124969482422,0,0,0,0,14.490015029907227,4.920100212097168,=NA(),0,64.81599426269531,1.4163999557495117,0.34380000829696655,0.08399999886751175,=NA(),20,1013.25,0,0,0,0,0,14.490015029907227,0,0,0,0,0,0,0,0,0,0,0,0,0,0
7,5,0,1,Day,,85.43276977539062,4.567231178283691,114.38066864013672,74.69999694824219,70.8381576538086,48.49800109863281,0.9483020305633545,14.869989395141602,5.480100154876709,=NA(),=NA(),11.092741966247559,1.4163999557495117,0.34380000829696655,0.08399999886751175,=NA(),20,1013.25,7.251572608947754,78.83724975585938,110.66999816894531,105.63500213623047,5.039999961853027,19.6193790435791,468.5899963378906,476.3900146484375,477.31353759765625,38.77360916137695,0.7693918943405151,0.7663040161132812,44.39441680908203,0.8176628947257996,0.002770625054836273,0,0.00011106250167358667,0,-7.800018310546875,-0.92352294921875
7,6,0,1,Day,,74.64169311523438,15.358308792114258,106.88218688964844,278.6000061035156,218.37210083007812,227.39999389648438,0.7838194370269775,17.360010147094727,5.509900093078613,=NA(),=NA(),3.7293641567230225,1.4163999557495117,0.34380000829696655,0.08399999886751175,=NA(),20,1013.25,26.110614776611328,49.91493606567383,475.75,457.30499267578125,18.44499969482422,36.746238708496094,2787.969970703125,2673.3798828125,2677.691162109375,38.53733444213867,4.342702388763428,4.295639514923096,45.15142059326172,4.579304218292236,0.015660688281059265,0,0.00040824999450705945,0,114.590087890625,-4.311279296875
7,7,0,1,Day,,62.72317123413086,27.276826858520508,99.31904602050781,508.6000061035156,313.9183654785156,424.79998779296875,0.6172205209732056,19.9999942779541,4.889999866485596,=NA(),=NA(),2.1748414039611816,1.4163999557495117,0.34380000829696655,0.08399999886751175,=NA(),20,1013.25,60,8.617046356201172,853.25,793.094970703125,60.150001525878906,55.03624725341797,5115.7099609375,4612.5400390625,4623.19482421875,36.34051513671875,7.951388359069824,7.812453269958496,43.90838623046875,8.417759895324707,0.02800668776035309,0,0.0012595625594258308,0,503.169921875,-10.65478515625
7,8,0,1,Day,,50.52589416503906,39.47410583496094,91.42741394042969,723.3099975585938,339.3929748535156,603.9000244140625,0.4692220091819763,21.70000648498535,4.099999904632568,=NA(),=NA(),1.5709701776504517,1.4163999557495117,0.34380000829696655,0.08399999886751175,=NA(),20,1013.25,50.51716613769531,1.1017937660217285,1037.31005859375,978.64501953125,58.665000915527344,64.43437957763672,6305.58984375,5499.77978515625,5512.04541015625,35.093746185302734,9.816768646240234,9.727376937866211,43.11702346801758,10.418179512023926,0.03485250100493431,0,0.0012563749914988875,0,805.81005859375,-12.265625
7,9,0,1,Day,,38.2898063659668,51.7101936340332,82.06254577636719,901.7999877929688,310.78033447265625,753,0.34462225437164307,23.300012588500977,3.4800000190734863,=NA(),=NA(),1.2733099460601807,1.4163999557495117,0.34380000829696655,0.08399999886751175,=NA(),20,1013.25,38.021854400634766,4.9086456298828125,1144.719970703125,1085.364990234375,59.36000061035156,70.70751190185547,6955.41015625,5928.490234375,5940.80419921875,34.248390197753906,10.841403007507324,10.793485641479492,42.51572799682617,11.519275665283203,0.03858000040054321,0,0.0013038750039413571,0,1026.919921875,-12.31396484375
7,10,0,1,Day,,26.421785354614258,63.578216552734375,68.46637725830078,1026.800048828125,258.9617919921875,857.4000244140625,0.25220274925231934,24.290002822875977,3.049999952316284,=NA(),=NA(),1.1163091659545898,1.4163999557495117,0.34380000829696655,0.08399999886751175,=NA(),20,1013.25,24.806255340576172,9.400065422058105,1188.534912109375,1119.9949951171875,68.53500366210938,73.6787338256836,7187.490234375,6058.25,6071.5107421875,33.843505859375,11.212471961975098,11.189813613891602,42.20452880859375,11.93182373046875,0.03972024843096733,0,0.0015193125000223517,0,1129.240234375,-13.2607421875
7,11,0,1,Day,,16.23310661315918,73.76689147949219,41.688743591308594,1136.4000244140625,225.32089233398438,948.9099731445312,0.19827604293823242,26.20000648498535,2.70989990234375,=NA(),=NA(),1.041357159614563,1.4163999557495117,0.34380000829696655,0.08399999886751175,=NA(),20,1013.25,10.959202766418457,12.049473762512207,1241.52490234375,1155.9849853515625,85.54000091552734,78.94124603271484,7351.22021484375,6071.93017578125,6005.6767578125,33.76093673706055,11.118450164794922,10.913540840148926,41.578548431396484,11.813315391540527,0.04030650109052658,0,0.001894499990157783,0,1279.2900390625,66.25341796875
7,12,0,1,Day,,13.032896995544434,76.96710205078125,345.9471130371094,419.6000061035156,397.09503173828125,23.100000381469727,0.9463656544685364,26.7499942779541,2.399899959564209,=NA(),=NA(),1.0263084173202515,1.4163999557495117,0.34380000829696655,0.08399999886751175,=NA(),20,1013.25,-3.2169575691223145,12.6362943649292,458.9849853515625,419.30499267578125,39.685001373291016,45.71123504638672,2636.64990234375,2450.340087890625,2453.991455078125,37.258060455322266,4.116544246673584,4.108521938323975,43.86701965332031,4.357295513153076,0.014342499896883965,0,0.0008730000117793679,0,186.309814453125,-3.6513671875
7,13,0,1,Day,,20.463071823120117,69.53692626953125,303.4417724609375,645.7000122070312,453.91705322265625,204.6999969482422,0.7029844522476196,26.469995498657227,2.109999895095825,=NA(),=NA(),1.067130208015442,1.4163999557495117,0.34380000829696655,0.08399999886751175,=NA(),20,1013.25,-17.29521942138672,11.108223915100098,710.81005859375,655.2249755859375,55.59000015258789,55.80187225341797,4216.89990234375,3788.419921875,3795.757568359375,36.19195556640625,6.554920673370361,6.515904903411865,43.43346405029297,6.940968990325928,0.02295687422156334,0,0.0011913124471902847,0,428.47998046875,-7.337646484375
7,14,0,1,Day,,31.71824073791504,58.281761169433594,284.5682373046875,858.2899780273438,289.9833679199219,668.0900268554688,0.3378617763519287,26.58001136779785,1.9700000286102295,=NA(),=NA(),1.1751036643981934,1.4163999557495117,0.34380000829696655,0.08399999886751175,=NA(),20,1013.25,-30.8870792388916,7.599131107330322,1029.0350341796875,972.2249755859375,56.80999755859375,69.1731185913086,6256.39990234375,5361.330078125,5371.7646484375,34.47944641113281,9.73725700378418,9.712119102478027,42.49309158325195,10.33953857421875,0.03456943854689598,0,0.0012548124650493264,0,895.06982421875,-10.4345703125
7,15,0,1,Day,,43.83315658569336,46.16684341430664,273.44488525390625,803.9099731445312,319.43768310546875,671.6099853515625,0.3973550498485565,26.550012588500977,2.0701000690460205,=NA(),=NA(),1.385114312171936,1.4163999557495117,0.34380000829696655,0.08399999886751175,=NA(),20,1013.25,-43.78138732910156,2.3850364685058594,1079.044921875,1022.8900146484375,56.154998779296875,71.23937225341797,6532.5400390625,5555.5302734375,5568.83056640625,34.1849479675293,10.181464195251465,10.11803150177002,42.31745147705078,10.833952903747559,0.03621850162744522,0,0.0012056250125169754,0,977.009765625,-13.30029296875
7,16,0,1,Day,,56.09103775024414,33.90896224975586,264.9509582519531,189,186.49017333984375,4.498899936676025,0.9867205023765564,26.529993057250977,2.5799999237060547,=NA(),=NA(),1.7890809774398804,1.4163999557495117,0.34380000829696655,0.08399999886751175,=NA(),20,1013.25,-55.98782730102539,4.188632488250732,194.17999267578125,153.1199951171875,41.05999755859375,34.706871032714844,1038.3499755859375,1000.2200317382812,991.1781005859375,38.182159423828125,1.6220815181732178,1.5095109939575195,43.6596794128418,1.743984580039978,0.005327375140041113,0,0.0008369999704882503,0,38.12994384765625,9.04193115234375
7,17,0,1,Day,,68.19780731201172,21.802194595336914,257.313232421875,316.3999938964844,248.91600036621094,181.6999969482422,0.7867130637168884,28.110010147094727,3.1600000858306885,=NA(),=NA(),2.6774275302886963,1.4163999557495117,0.34380000829696655,0.08399999886751175,=NA(),20,1013.25,-44.97703170776367,25.44876480102539,519.3150024414062,486.7449951171875,32.56999969482422,49.537498474121094,2999.510009765625,2751.43994140625,2758.020263671875,36.81077575683594,4.682860851287842,4.592360019683838,43.6026725769043,4.961369037628174,0.016561686992645264,0,0.0007028125110082328,0,248.070068359375,-6.580322265625
7,18,0,1,Day,,79.91765594482422,10.082342147827148,249.66860961914062,47.60599899291992,47.44679641723633,0.9093999862670898,0.9966558218002319,26.18999671936035,4.360000133514404,=NA(),=NA(),5.544967174530029,1.4163999557495117,0.34380000829696655,0.08399999886751175,=NA(),20,1013.25,-16.1958065032959,64.81005859375,52.75,47.644996643066406,5.105000019073486,28.391260147094727,274.5799865722656,270.2300109863281,270.4330139160156,36.72099304199219,0.46028053760528564,0.4528123736381531,42.240806579589844,0.4941377341747284,0.0016281874850392342,0,0.00010581250535324216,0,4.3499755859375,-0.2030029296875
7,19,0,1,Night,Sun above horizon but GHI below 1,87.86022186279297,2.1397783756256104,243.8108367919922,0,0,0,0,22.550012588500977,5.920000076293945,=NA(),0,18.717914581298828,1.4163999557495117,0.34380000829696655,0.08399999886751175,=NA(),20,1013.25,0,0,0,0,0,22.550012588500977,0,0,0,0,0,0,0,0,0,0,0,0,0,0
7,20,0,1,Night,,101.51788330078125,-11.5178804397583,232.0337371826172,0,0,0,0,22.55999183654785,6.840099811553955,=NA(),0,64.81599426269531,1.4163999557495117,0.34380000829696655,0.08399999886751175,=NA(),20,1013.25,0,0,0,0,0,22.55999183654785,0,0,0,0,0,0,0,0,0,0,0,0,0,0
7,21,0,1,Night,,110.4096450805664,-20.409643173217773,220.97784423828125,0,0,0,0,20.55999183654785,6.789999961853027,=NA(),0,64.81599426269531,1.4163999557495117,0.34380000829696655,0.08399999886751175,=NA(),20,1013.25,0,0,0,0,0,20.55999183654785,0,0,0,0,0,0,0,0,0,0,0,0,0,0
7,22,0,1,Night,,117.35743713378906,-27.357439041137695,207.84580993652344,0,0,0,0,18.2600040435791,6.699900150299072,=NA(),0,64.81599426269531,1.4163999557495117,0.34380000829696655,0.08399999886751175,=NA(),20,1013.25,0,0,0,0,0,18.2600040435791,0,0,0,0,0,0,0,0,0,0,0,0,0,0
7,23,0,1,Night,,121.62608337402344,-31.626083374023438,192.6754150390625,0,0,0,0,17.20000648498535,5.970099925994873,=NA(),0,64.81599426269531,1.4163999557495117,0.34380000829696655,0.08399999886751175,=NA(),20,1013.25,0,0,0,0,0,17.20000648498535,0,0,0,0,0,0,0,0,0,0,0,0,0,0
8,0,0,1,Night,,122.5994873046875,-32.5994873046875,176.33079528808594,0,0,0,0,16.07000160217285,5.170100212097168,=NA(),0,64.81599426269531,1.4163999557495117,0.34380000829696655,0.08399999886751175,=NA(),20,1013.25,0,0,0,0,0,16.07000160217285,0,0,0,0,0,0,0,0,0,0,0,0,0,0
8,1,0,1,Night,,120.11386108398438,-30.113859176635742,160.34100341796875,0,0,0,0,15.399988174438477,4.610099792480469,=NA(),0,64.81599426269531,1.4163999557495117,0.34380000829696655,0.08399999886751175,=NA(),20,1013.25,0,0,0,0,0,15.399988174438477,0,0,0,0,0,0,0,0,0,0,0,0,0,0
8,2,0,1,Night,,114.56927490234375,-24.56927490234375,146.018798828125,0,0,0,0,14.300012588500977,4.179999828338623,=NA(),0,64.81599426269531,1.4163999557495117,0.34380000829696655,0.08399999886751175,=NA(),20,1013.25,0,0,0,0,0,14.300012588500977,0,0,0,0,0,0,0,0,0,0,0,0,0,0
8,3,0,1,Night,,106.67422485351562,-16.674222946166992,133.83367919921875,0,0,0,0,14.600000381469727,3.8499999046325684,=NA(),0,64.81599426269531,1.4163999557495117,0.34380000829696655,0.08399999886751175,=NA(),20,1013.25,0,0,0,0,0,14.600000381469727,0,0,0,0,0,0,0,0,0,0,0,0,0,0
8,4,0,1,Night,,97.115234375,-7.115231037139893,123.5727767944336,0,0,0,0,14.540002822875977,3.7200000286102295,=NA(),0,64.81599426269531,1.4163999557495117,0.34380000829696655,0.08399999886751175,=NA(),20,1013.25,0,0,0,0,0,14.540002822875977,0,0,0,0,0,0,0,0,0,0,0,0,0,0
8,5,0,1,Day,,85.51028442382812,4.489713191986084,114.27750396728516,73.802001953125,69.8879165649414,50.000999450683594,0.9469650387763977,15.990015029907227,5.139999866485596,=NA(),=NA(),11.245119094848633,1.4163999557495117,0.34380000829696655,0.08399999886751175,=NA(),20,1013.25,7.120082855224609,79.02867889404297,108.65499877929688,103.68000030517578,4.970000267028809,20.659387588500977,458.3899841308594,464.27001953125,465.2798156738281,38.582908630371094,0.7537013292312622,0.7508212924003601,44.21157455444336,0.8011510372161865,0.0027126248460263014,0,0.00010943750385195017,0,-5.880035400390625,-1.009796142578125
8,6,0,1,Day,,74.79434204101562,15.205657005310059,106.82276916503906,280.29998779296875,219.6335906982422,231.3000030517578,0.7835661768913269,17.790002822875977,5.699999809265137,=NA(),=NA(),3.7648861408233643,1.4163999557495117,0.34380000829696655,0.08399999886751175,=NA(),20,1013.25,25.76137351989746,50.381263732910156,480.05499267578125,461.7200012207031,18.334999084472656,37.35625457763672,2811.840087890625,2690.72998046875,2695.46484375,38.453636169433594,4.381045818328857,4.334701061248779,45.08689880371094,4.620404243469238,0.015797313302755356,0,0.0004066250112373382,0,121.110107421875,-4.73486328125
8,7,0,1,Day,,62.87297821044922,27.12702178955078,99.24544525146484,507.70001220703125,314.32537841796875,424.1000061035156,0.6191163659095764,19.480005264282227,4.960000038146973,=NA(),=NA(),2.1858363151550293,1.4163999557495117,0.34380000829696655,0.08399999886751175,=NA(),20,1013.25,60,8.609999656677246,854.074951171875,793.864990234375,60.209999084472656,54.550621032714844,5111.580078125,4616.77001953125,4627.46142578125,36.404701232910156,7.9446940422058105,7.806561470031738,43.96967315673828,8.40933609008789,0.0279922503978014,0,0.0012503749458119273,0,494.81005859375,-10.69140625
8,8,0,1,Day,,50.674285888671875,39.325714111328125,91.33772277832031,726.2999877929688,341.95025634765625,606.489990234375,0.47081130743026733,20.899988174438477,3.8901000022888184,=NA(),=NA(),1.5759106874465942,1.4163999557495117,0.34380000829696655,0.08399999886751175,=NA(),20,1013.25,50.66663360595703,1.0347652435302734,1042.925048828125,983.7449951171875,59.18000030517578,63.83873748779297,6338.43994140625,5540.68017578125,5553.525390625,35.168853759765625,9.869525909423828,9.780003547668457,43.204036712646484,10.474178314208984,0.03503112494945526,0,0.0012679374776780605,0,797.759765625,-12.84521484375
8,9,0,1,Day,,38.43952560424805,51.56047439575195,81.95462799072266,901.5,311.9366149902344,752.7000122070312,0.34601953625679016,22.300012588500977,3.029900074005127,=NA(),=NA(),1.275939702987671,1.4163999557495117,0.34380000829696655,0.08399999886751175,=NA(),20,1013.25,38.163875579833984,4.991605281829834,1145.5,1086.0250244140625,59.474998474121094,69.68187713623047,6960.33984375,5955.669921875,5968.697265625,34.37868118286133,10.851024627685547,10.802736282348633,42.64807891845703,11.529250144958496,0.03860706090927124,0,0.0013057499891147017,0,1004.669921875,-13.02734375
8,10,0,1,Day,,26.57769775390625,63.42230224609375,68.35051727294922,1027.9000244140625,260.3068542480469,858.2899780273438,0.2532414197921753,23.67998695373535,2.509999990463257,=NA(),=NA(),1.1178216934204102,1.4163999557495117,0.34380000829696655,0.08399999886751175,=NA(),20,1013.25,24.937747955322266,9.500846862792969,1190.64501953125,1122.0799560546875,68.56500244140625,73.14562225341797,7198.91015625,6080.31005859375,6093.4326171875,33.913082122802734,11.22987174987793,11.205400466918945,42.2760124206543,11.946344375610352,0.03978637605905533,0,0.001520249992609024,0,1118.60009765625,-13.12255859375
8,11,0,1,Day,,16.397544860839844,73.60245513916016,41.69778060913086,1093.699951171875,217.64337158203125,913.2000122070312,0.19899733364582062,24.860010147094727,2.190000057220459,=NA(),=NA(),1.0422306060791016,1.4163999557495117,0.34380000829696655,0.08399999886751175,=NA(),20,1013.25,11.075516700744629,12.168272972106934,1195.25,1113.0150146484375,82.23500061035156,75.53313446044922,7086.3798828125,5930.31982421875,5857.82080078125,34.282169342041016,10.679864883422852,10.481879234313965,41.936275482177734,11.358299255371094,0.03883112594485283,0,0.0018200625199824572,0,1156.06005859375,72.4990234375
8,12,0,1,Day,,13.140888214111328,76.85911560058594,346.49615478515625,1102,205.88662719726562,920.2100219726562,0.18682996928691864,25.709985733032227,1.8899999856948853,=NA(),=NA(),1.0267572402954102,1.4163999557495117,0.34380000829696655,0.08399999886751175,=NA(),20,1013.25,-3.120403289794922,12.771368980407715,1187.054931640625,1103.5350341796875,83.52499389648438,75.15499114990234,7157.91015625,5999.2001953125,6011.0888671875,33.65886688232422,11.161787033081055,11.138957023620605,42.007442474365234,11.869386672973633,0.03921293839812279,0,0.001853937515988946,0,1158.7099609375,-11.888671875
8,13,0,1,Day,,20.47979164123535,69.52021026611328,303.91082763671875,1039.0999755859375,226.3361053466797,867.5999755859375,0.21781937777996063,26.909997940063477,1.6299999952316284,=NA(),=NA(),1.0672461986541748,1.4163999557495117,0.34380000829696655,0.08399999886751175,=NA(),20,1013.25,-17.221132278442383,11.256235122680664,1158.0999755859375,1082.93994140625,75.16000366210938,75.15373992919922,6992.330078125,5859.919921875,5871.4853515625,33.66811752319336,10.899564743041992,10.86638355255127,41.95808792114258,11.593636512756348,0.038450561463832855,0,0.001649125013500452,0,1132.41015625,-11.5654296875
8,14,0,1,Day,,31.702381134033203,58.2976188659668,284.8808288574219,914.489990234375,271.9824523925781,755.1900024414062,0.2974143624305725,26.730005264282227,1.409999966621399,=NA(),=NA(),1.174903154373169,1.4163999557495117,0.34380000829696655,0.08399999886751175,=NA(),20,1013.25,-30.835285186767578,7.7560248374938965,1099.85498046875,1040.965087890625,58.88999938964844,72.3243637084961,6691.89013671875,5668.1298828125,5680.19482421875,34.04521560668945,10.427664756774902,10.409683227539062,42.22814178466797,11.088730812072754,0.03704312443733215,0,0.001306562451645732,0,1023.76025390625,-12.06494140625
8,15,0,1,Day,,43.808502197265625,46.191497802734375,273.6809387207031,736.2999877929688,316.87261962890625,581.2000122070312,0.43035805225372314,27.7600040435791,1.3799999952316284,=NA(),=NA(),1.3845442533493042,1.4163999557495117,0.34380000829696655,0.08399999886751175,=NA(),20,1013.25,-43.74939727783203,2.547208547592163,982.3399658203125,929.114990234375,53.22999954223633,68.3706283569336,5944.9697265625,5108.580078125,5120.478515625,34.57514190673828,9.256105422973633,9.190326690673828,42.49143981933594,9.836854934692383,0.032887063920497894,0,0.0011385624529793859,0,836.3896484375,-11.8984375
8,16,0,1,Day,,56.06719207763672,33.93280792236328,265.1483154296875,528.7000122070312,319.2557373046875,375.20001220703125,0.6038504242897034,27.57000160217285,1.940000057220459,=NA(),=NA(),1.7879801988601685,1.4163999557495117,0.34380000829696655,0.08399999886751175,=NA(),20,1013.25,-55.97187042236328,4.023919582366943,784.5750122070312,728.905029296875,55.66999816894531,59.857505798339844,4752.9697265625,4210.1298828125,4218.861328125,35.68614959716797,7.389033794403076,7.2631731033325195,43.141056060791016,7.829815864562988,0.026017187163233757,0,0.0011784374946728349,0,542.83984375,-8.7314453125
8,17,0,1,Day,,68.1799545288086,21.820049285888672,257.49066162109375,299.8999938964844,243.8115692138672,150.89999389648438,0.8129762411117554,26.4999942779541,3,=NA(),=NA(),2.6753721237182617,1.4163999557495117,0.34380000829696655,0.08399999886751175,=NA(),20,1013.25,-44.997528076171875,25.354816436767578,474.3999938964844,441.18499755859375,33.21500015258789,46.04875946044922,2727.64990234375,2532.18994140625,2538.05859375,37.21167755126953,4.262956142425537,4.171390056610107,43.88502883911133,4.5135345458984375,0.015018687583506107,0,0.0007108750287443399,0,195.4599609375,-5.86865234375
8,18,0,1,Day,,79.91023254394531,10.089763641357422,249.83694458007812,85.697998046875,84.22712707519531,8.39579963684082,0.9828366041183472,24.740015029907227,4.429999828338623,=NA(),=NA(),5.541171073913574,1.4163999557495117,0.34380000829696655,0.08399999886751175,=NA(),20,1013.25,-16.189952850341797,64.79041290283203,106.51000213623047,98.2550048828125,8.255000114440918,29.13750648498535,578.5399780273438,568.1900024414062,568.989013671875,37.70897674560547,0.9430575966835022,0.9314883947372437,43.415802001953125,1.0023901462554932,0.003346625017002225,0,0.0001721875014482066,0,10.3499755859375,-0.79901123046875
8,19,0,1,Night,Sun above horizon but GHI below 1,87.85968017578125,2.14032244682312,243.9793243408203,0,0,0,0,21.800012588500977,6.03000020980835,=NA(),0,18.71522331237793,1.4163999557495117,0.34380000829696655,0.08399999886751175,=NA(),20,1013.25,0,0,0,0,0,21.800012588500977,0,0,0,0,0,0,0,0,0,0,0,0,0,0
8,20,0,1,Night,,101.54590606689453,-11.545905113220215,232.20114135742188,0,0,0,0,20.20000648498535,6.210100173950195,=NA(),0,64.81599426269531,1.4163999557495117,0.34380000829696655,0.08399999886751175,=NA(),20,1013.25,0,0,0,0,0,20.20000648498535,0,0,0,0,0,0,0,0,0,0,0,0,0,0
8,21,0,1,Night,,110.4622802734375,-20.462282180786133,221.14645385742188,0,0,0,0,18.95000648498535,5.849999904632568,=NA(),0,64.81599426269531,1.4163999557495117,0.34380000829696655,0.08399999886751175,=NA(),20,1013.25,0,0,0,0,0,18.95000648498535,0,0,0,0,0,0,0,0,0,0,0,0,0,0
8,22,0,1,Night,,117.43944549560547,-27.43944549560547,208.0092010498047,0,0,0,0,18.600000381469727,5.570099830627441,=NA(),0,64.81599426269531,1.4163999557495117,0.34380000829696655,0.08399999886751175,=NA(),20,1013.25,0,0,0,0,0,18.600000381469727,0,0,0,0,0,0,0,0,0,0,0,0,0,0
8,23,0,1,Night,,121.73934173583984,-31.73933982849121,192.8192596435547,0,0,0,0,18.1400089263916,5.039999961853027,=NA(),0,64.81599426269531,1.4163999557495117,0.34380000829696655,0.08399999886751175,=NA(),20,1013.25,0,0,0,0,0,18.1400089263916,0,0,0,0,0,0,0,0,0,0,0,0,0,0
9,0,0,1,Night,,122.73997497558594,-32.73997497558594,176.43789672851562,0,0,0,0,17.05999183654785,4.489999771118164,=NA(),0,64.81599426269531,1.4163999557495117,0.34380000829696655,0.08399999886751175,=NA(),20,1013.25,0,0,0,0,0,17.05999183654785,0,0,0,0,0,0,0,0,0,0,0,0,0,0
9,1,0,1,Night,,120.2723159790039,-30.272314071655273,160.4023895263672,0,0,0,0,16.20000648498535,4.03000020980835,=NA(),0,64.81599426269531,1.4163999557495117,0.34380000829696655,0.08399999886751175,=NA(),20,1013.25,0,0,0,0,0,16.20000648498535,0,0,0,0,0,0,0,0,0,0,0,0,0,0
9,2,0,1,Night,,114.73550415039062,-24.735502243041992,146.03831481933594,0,0,0,0,15.200006484985352,3.650099992752075,=NA(),0,64.81599426269531,1.4163999557495117,0.34380000829696655,0.08399999886751175,=NA(),20,1013.25,0,0,0,0,0,15.200006484985352,0,0,0,0,0,0,0,0,0,0,0,0,0,0
9,3,0,1,Night,,106.84101867675781,-16.841022491455078,133.8213653564453,0,0,0,0,14.800012588500977,3.4000000953674316,=NA(),0,64.81599426269531,1.4163999557495117,0.34380000829696655,0.08399999886751175,=NA(),20,1013.25,0,0,0,0,0,14.800012588500977,0,0,0,0,0,0,0,0,0,0,0,0,0,0
9,4,0,1,Night,,97.28125762939453,-7.281253814697266,123.53776550292969,0,0,0,0,14.350000381469727,3.859999895095825,=NA(),0,64.81599426269531,1.4163999557495117,0.34380000829696655,0.08399999886751175,=NA(),20,1013.25,0,0,0,0,0,14.350000381469727,0,0,0,0,0,0,0,0,0,0,0,0,0,0
9,5,0,1,Day,,85.58329010009766,4.416712284088135,114.16275787353516,73.7040023803711,69.90702819824219,49.30500030517578,0.9484834671020508,15.200006484985352,4.889999866485596,=NA(),=NA(),11.39222240447998,1.4163999557495117,0.34380000829696655,0.08399999886751175,=NA(),20,1013.25,6.995619773864746,79.20886993408203,108.03999328613281,103.10499572753906,4.934999942779541,19.842493057250977,453.7900085449219,460.989990234375,462.01971435546875,38.68526077270508,0.7464399933815002,0.7437393665313721,44.310726165771484,0.7932040691375732,0.002686562482267618,0,0.0001086249976651743,0,-7.199981689453125,-1.02972412109375
9,6,0,1,Day,,74.94940948486328,15.050586700439453,106.75614929199219,278.8999938964844,218.96775817871094,230.8000030517578,0.7851120829582214,18.300012588500977,5.369999885559082,=NA(),=NA(),3.8016881942749023,1.4163999557495117,0.34380000829696655,0.08399999886751175,=NA(),20,1013.25,25.40945053100586,50.85214614868164,477.83502197265625,459.7099914550781,18.130001068115234,37.779380798339844,2796.169921875,2671.85009765625,2676.9287109375,38.38498306274414,4.358697414398193,4.313493728637695,45.02118682861328,4.597627639770508,0.015712875872850418,0,0.0004025624948553741,0,124.31982421875,-5.07861328125
9,7,0,1,Day,,63.02505111694336,26.97494888305664,99.16400909423828,505.29998779296875,313.8350524902344,422.1000061035156,0.621086597442627,20.740015029907227,4.440000057220459,=NA(),=NA(),2.197126626968384,1.4163999557495117,0.34380000829696655,0.08399999886751175,=NA(),20,1013.25,60,8.600298881530762,852.3049926757812,792.1849975585938,60.11499786376953,55.782493591308594,5091.56005859375,4578.4599609375,4589.0576171875,36.238861083984375,7.914815902709961,7.77768087387085,43.80296325683594,8.381195068359375,0.02789049968123436,0,0.00123774993699044,0,513.10009765625,-10.59765625
9,8,0,1,Day,,50.824764251708984,39.175235748291016,91.23914337158203,720.010009765625,340.22906494140625,601.2100219726562,0.47253379225730896,22.33001136779785,3.240000009536743,=NA(),=NA(),1.580963134765625,1.4163999557495117,0.34380000829696655,0.08399999886751175,=NA(),20,1013.25,50.818199157714844,0.9605749845504761,1035.6300048828125,976.7949829101562,58.84000015258789,64.99813079833984,6294.06005859375,5478.27001953125,5491.404296875,35.013999938964844,9.802289009094238,9.713996887207031,43.04104232788086,10.409097671508789,0.03478081151843071,0,0.0012614375445991755,0,815.7900390625,-13.13427734375
9,9,0,1,Day,,38.59145736694336,51.40854263305664,81.8359603881836,899.6099853515625,312.4541015625,751.2100219726562,0.3473217487335205,23.980005264282227,2.130000114440918,=NA(),=NA(),1.2786283493041992,1.4163999557495117,0.34380000829696655,0.08399999886751175,=NA(),20,1013.25,38.30724334716797,5.081872940063477,1144.35498046875,1084.89501953125,59.459999084472656,71.35686492919922,6953.83984375,5912.669921875,5926.20458984375,34.15644073486328,10.843875885009766,10.795428276062012,42.43233108520508,11.533282279968262,0.038570061326026917,0,0.0013049375265836716,0,1041.169921875,-13.53466796875
9,10,0,1,Day,,26.736467361450195,63.26353454589844,68.22056579589844,1028.699951171875,261.5486755371094,858.989990234375,0.2542516589164734,25.05999183654785,1.2200000286102295,=NA(),=NA(),1.1193746328353882,1.4163999557495117,0.34380000829696655,0.08399999886751175,=NA(),20,1013.25,25.069604873657227,9.609010696411133,1192.425048828125,1123.844970703125,68.57499694824219,74.67125701904297,7208.35986328125,6052.85009765625,6065.4501953125,33.71611022949219,11.243605613708496,11.217384338378906,42.083824157714844,11.963947296142578,0.03984112665057182,0,0.0015205624513328075,0,1155.509765625,-12.60009765625
9,11,0,1,Day,,16.56685447692871,73.43314361572266,41.686866760253906,1098,219.2584991455078,916.7999877929688,0.19968898594379425,26.490015029907227,0.7599999904632568,=NA(),=NA(),1.0431402921676636,1.4163999557495117,0.34380000829696655,0.08399999886751175,=NA(),20,1013.25,11.191099166870117,12.294426918029785,1200.31494140625,1117.77001953125,82.54499816894531,77.4587631225586,7119.33984375,5913.75,5838.3720703125,34.04771423339844,10.717738151550293,10.518793106079102,41.69963836669922,11.408904075622559,0.03901887685060501,0,0.0018251249566674232,0,1205.58984375,75.3779296875
9,12,0,1,Day,,13.257473945617676,76.74252319335938,347.0352478027344,1099.5999755859375,205.87059020996094,918.2000122070312,0.1872231662273407,27.540002822875977,1,=NA(),=NA(),1.0272462368011475,1.4163999557495117,0.34380000829696655,0.08399999886751175,=NA(),20,1013.25,-3.025763511657715,12.913595199584961,1184.3699951171875,1101.0350341796875,83.33499908447266,76.93749237060547,7142.3701171875,5945.0302734375,5957.3642578125,33.42295837402344,11.140103340148926,11.118566513061523,41.774566650390625,11.857389450073242,0.03912612423300743,0,0.0018499374855309725,0,1197.33984375,-12.333984375
9,13,0,1,Day,,20.50399398803711,69.49600219726562,304.39068603515625,1037.9000244140625,226.30410766601562,866.489990234375,0.2180403769016266,28.55999183654785,1.3200000524520874,=NA(),=NA(),1.067414402961731,1.4163999557495117,0.34380000829696655,0.08399999886751175,=NA(),20,1013.25,-17.15007972717285,11.410998344421387,1156.43994140625,1081.304931640625,75.13500213623047,76.77498626708984,6981.2802734375,5814.06005859375,5826.24853515625,33.45111846923828,10.885749816894531,10.858216285705566,41.74699783325195,11.59078598022461,0.038387373089790344,0,0.001647687517106533,0,1167.22021484375,-12.1884765625
9,14,0,1,Day,,31.6926212310791,58.307376861572266,285.2037048339844,913.9099731445312,271.99853515625,754.4099731445312,0.2976207137107849,29.490015029907227,1.6200000047683716,=NA(),=NA(),1.1747798919677734,1.4163999557495117,0.34380000829696655,0.08399999886751175,=NA(),20,1013.25,-30.787508010864258,7.919230937957764,1098.739990234375,1039.840087890625,58.89500045776367,75.11751556396484,6685.41015625,5602.39013671875,5615.01953125,33.67499542236328,10.421341896057129,10.404877662658691,41.86824417114258,11.099296569824219,0.03700581192970276,0,0.001306000049225986,0,1083.02001953125,-12.62939453125
9,15,0,1,Day,,43.78932571411133,46.21067428588867,273.9251403808594,736.7100219726562,316.70770263671875,581.8099975585938,0.42989465594291687,29.969995498657227,1.820099949836731,=NA(),=NA(),1.3841012716293335,1.4163999557495117,0.34380000829696655,0.08399999886751175,=NA(),20,1013.25,-43.72211456298828,2.715127468109131,982.6650390625,929.4450073242188,53.220001220703125,70.6787338256836,5947.7099609375,5066.6298828125,5077.9765625,34.273563385009766,9.26004695892334,9.194127082824707,42.195491790771484,9.845544815063477,0.03290293738245964,0,0.0011390624567866325,0,881.080078125,-11.3466796875
9,16,0,1,Day,,56.04874038696289,33.95125961303711,265.3523864746094,524.5999755859375,319.69091796875,366.8999938964844,0.6093994379043579,30.32000160217285,1.9500000476837158,=NA(),=NA(),1.7871296405792236,1.4163999557495117,0.34380000829696655,0.08399999886751175,=NA(),20,1013.25,-55.96125793457031,3.853935956954956,776.760009765625,721.1400146484375,55.61499786376953,62.34062957763672,4702.72021484375,4127.56005859375,4136.74755859375,35.34437561035156,7.315282821655273,7.191455841064453,42.7979736328125,7.761251926422119,0.025732874870300293,0,0.0011766875395551324,0,575.16015625,-9.1875
9,17,0,1,Day,,68.16809844970703,21.831899642944336,257.6739196777344,296.69000244140625,242.69606018066406,145.19000244140625,0.8180122375488281,30.0200138092041,1.679900050163269,=NA(),=NA(),2.6740097999572754,1.4163999557495117,0.34380000829696655,0.08399999886751175,=NA(),20,1013.25,-44.987342834472656,25.292285919189453,467.19500732421875,434.07000732421875,33.12999725341797,49.318748474121094,2684.239990234375,2462.760009765625,2468.6142578125,36.744136810302734,4.199075698852539,4.107993125915527,43.42247009277344,4.4503397941589355,0.014775312505662441,0,0.0007088750135153532,0,221.47998046875,-5.854248046875
9,18,0,1,Day,,79.90997314453125,10.090025901794434,250.01036071777344,83.49099731445312,82.19583129882812,7.3927001953125,0.9844873547554016,29.050012588500977,2.190000057220459,=NA(),=NA(),5.541038513183594,1.4163999557495117,0.34380000829696655,0.08399999886751175,=NA(),20,1013.25,-16.170957565307617,64.78973388671875,103.06500244140625,94.97000122070312,8.095000267028809,33.323753356933594,558.8200073242188,540.2899780273438,540.9063110351562,37.05771255493164,0.9122689962387085,0.8996579647064209,42.76824188232422,0.9714377522468567,0.00323518761433661,0,0.00016893749125301838,0,18.530029296875,-0.6163330078125
9,19,0,1,Night,Sun above horizon but GHI below 1,87.8626708984375,2.1373305320739746,244.15711975097656,0,0,0,0,25.159997940063477,2.460099935531616,=NA(),0,18.730148315429688,1.4163999557495117,0.34380000829696655,0.08399999886751175,=NA(),20,1013.25,0,0,0,0,0,25.159997940063477,0,0,0,0,0,0,0,0,0,0,0,0,0,0
9,20,0,1,Night,,101.5794677734375,-11.579466819763184,232.37237548828125,0,0,0,0,20.839990615844727,2.3199000358581543,=NA(),0,64.81599426269531,1.4163999557495117,0.34380000829696655,0.08399999886751175,=NA(),20,1013.25,0,0,0,0,0,20.839990615844727,0,0,0,0,0,0,0,0,0,0,0,0,0,0
9,21,0,1,Night,,110.5213623046875,-20.521364212036133,221.31809997558594,0,0,0,0,19.0200138092041,1.6098999977111816,=NA(),0,64.81599426269531,1.4163999557495117,0.34380000829696655,0.08399999886751175,=NA(),20,1013.25,0,0,0,0,0,19.0200138092041,0,0,0,0,0,0,0,0,0,0,0,0,0,0
9,22,0,1,Night,,117.52857971191406,-27.528581619262695,208.1743927001953,0,0,0,0,18.279993057250977,0.3700000047683716,=NA(),0,64.81599426269531,1.4163999557495117,0.34380000829696655,0.08399999886751175,=NA(),20,1013.25,0,0,0,0,0,18.279993057250977,0,0,0,0,0,0,0,0,0,0,0,0,0,0
9,23,0,1,Night,,121.86001586914062,-31.860017776489258,192.96310424804688,0,0,0,0,16.839990615844727,1.7598999738693237,=NA(),0,64.81599426269531,1.4163999557495117,0.34380000829696655,0.08399999886751175,=NA(),20,1013.25,0,0,0,0,0,16.839990615844727,0,0,0,0,0,0,0,0,0,0,0,0,0,0
10,0,0,1,Night,,122.88758850097656,-32.88758850097656,176.5427703857422,0,0,0,0,16.589990615844727,2.7701001167297363,=NA(),0,64.81599426269531,1.4163999557495117,0.34380000829696655,0.08399999886751175,=NA(),20,1013.25,0,0,0,0,0,16.589990615844727,0,0,0,0,0,0,0,0,0,0,0,0,0,0
10,1,0,1,Night,,120.43708038330078,-30.437084197998047,160.45953369140625,0,0,0,0,16.709985733032227,3.4800000190734863,=NA(),0,64.81599426269531,1.4163999557495117,0.34380000829696655,0.08399999886751175,=NA(),20,1013.25,0,0,0,0,0,16.709985733032227,0,0,0,0,0,0,0,0,0,0,0,0,0,0
10,2,0,1,Night,,114.90699005126953,-24.906993865966797,146.05226135253906,0,0,0,0,16.800012588500977,3.829900026321411,=NA(),0,64.81599426269531,1.4163999557495117,0.34380000829696655,0.08399999886751175,=NA(),20,1013.25,0,0,0,0,0,16.800012588500977,0,0,0,0,0,0,0,0,0,0,0,0,0,0
10,3,0,1,Night,,107.0118179321289,-17.01181411743164,133.8028106689453,0,0,0,0,17.100000381469727,3.7599000930786133,=NA(),0,64.81599426269531,1.4163999557495117,0.34380000829696655,0.08399999886751175,=NA(),20,1013.25,0,0,0,0,0,17.100000381469727,0,0,0,0,0,0,0,0,0,0,0,0,0,0
10,4,0,1,Night,,97.4502182006836,-7.450220108032227,123.49618530273438,0,0,0,0,15.100000381469727,4.050099849700928,=NA(),0,64.81599426269531,1.4163999557495117,0.34380000829696655,0.08399999886751175,=NA(),20,1013.25,0,0,0,0,0,15.100000381469727,0,0,0,0,0,0,0,0,0,0,0,0,0,0
10,5,0,1,Day,,85.65636444091797,4.34363317489624,114.03870391845703,68,64.85701751708984,41.49800109863281,0.9537796974182129,15.300012588500977,4.29010009765625,=NA(),=NA(),11.543099403381348,1.4163999557495117,0.34380000829696655,0.08399999886751175,=NA(),20,1013.25,6.870906829833984,79.38915252685547,97.03500366210938,92.30500030517578,4.730000019073486,19.471887588500977,411.6600036621094,418.7799987792969,418.8131103515625,38.69221878051758,0.6765173077583313,0.6684269309043884,44.19947814941406,0.722042441368103,0.0024434998631477356,0,0.00010406249930383638,0,-7.1199951171875,-0.033111572265625
10,6,0,1,Day,,75.1070556640625,14.892942428588867,106.682373046875,267.19000244140625,211.67759704589844,215.99000549316406,0.7922362089157104,20.159997940063477,3.9600000381469727,=NA(),=NA(),3.8398611545562744,1.4163999557495117,0.34380000829696655,0.08399999886751175,=NA(),20,1013.25,25.05466651916504,51.327964782714844,453.9750061035156,436.35498046875,17.619998931884766,38.68498992919922,2649.72998046875,2523.699951171875,2528.76171875,38.20992660522461,4.136307716369629,4.093258857727051,44.8045654296875,4.365233421325684,0.01489768736064434,0,0.0003910000086762011,0,126.030029296875,-5.061767578125
10,7,0,1,Day,,63.17927169799805,26.820728302001953,99.07481384277344,491,306.8650817871094,408.1000061035156,0.6249797940254211,23.600000381469727,2.610100030899048,=NA(),=NA(),2.2087111473083496,1.4163999557495117,0.34380000829696655,0.08399999886751175,=NA(),20,1013.25,60,8.588193893432617,828.8900146484375,770.0050048828125,58.88999938964844,57.74999237060547,4940.93994140625,4411.1298828125,4421.32666015625,35.97018814086914,7.682483673095703,7.548765659332275,43.49018096923828,8.141180038452148,0.027066249400377274,0,0.0012019374407827854,0,529.81005859375,-10.19677734375
10,8,0,1,Day,,50.97721862792969,39.02278137207031,91.13174438476562,700.7999877929688,332.2087097167969,585.4099731445312,0.4740421175956726,25.790002822875977,1.3799999952316284,=NA(),=NA(),1.5861263275146484,1.4163999557495117,0.34380000829696655,0.08399999886751175,=NA(),20,1013.25,50.97175216674805,0.8792245984077454,1010.4249877929688,953.1800537109375,57.23999786376953,67.49437713623047,6142.58984375,5296.5498046875,5309.58447265625,34.685237884521484,9.5675687789917,9.482828140258789,42.6712646484375,10.170860290527344,0.03393793851137161,0,0.0012283750111237168,0,846.0400390625,-13.03466796875
10,9,0,1,Day,,38.74549865722656,51.25450134277344,81.70667266845703,872.0999755859375,303.84033203125,728.5999755859375,0.3484008014202118,27.980005264282227,1.2700999975204468,=NA(),=NA(),1.2813750505447388,1.4163999557495117,0.34380000829696655,0.08399999886751175,=NA(),20,1013.25,38.45182800292969,5.179426670074463,1111.6650390625,1054.300048828125,57.36499786376953,74.08187103271484,6760.5400390625,5688.259765625,5701.74072265625,33.804500579833984,10.541769027709961,10.496228218078613,42.02462387084961,11.227194786071777,0.03748925030231476,0,0.00125962495803833,0,1072.2802734375,-13.48095703125
10,10,0,1,Day,,26.898035049438477,63.10196304321289,68.07676696777344,1001.2999877929688,255.38754272460938,836.4000244140625,0.2550559639930725,29.209985733032227,1.6399999856948853,=NA(),=NA(),1.120968222618103,1.4163999557495117,0.34380000829696655,0.08399999886751175,=NA(),20,1013.25,25.201744079589844,9.724531173706055,1161.7249755859375,1095.1500244140625,66.58000183105469,77.6681137084961,7025.89013671875,5831.080078125,5842.35498046875,33.33831787109375,10.952781677246094,10.92615032196045,41.64609909057617,11.662567138671875,0.03881831467151642,0,0.0014771249843761325,0,1194.81005859375,-11.27490234375
10,11,0,1,Day,,16.740917205810547,73.25908660888672,41.65645980834961,1064.199951171875,213.0603485107422,888.8099975585938,0.20020706951618195,30.4999942779541,1.839900016784668,=NA(),=NA(),1.0440868139266968,1.4163999557495117,0.34380000829696655,0.08399999886751175,=NA(),20,1013.25,11.305849075317383,12.427879333496094,1163.72998046875,1083.804931640625,79.92500305175781,79.23375701904297,7026.990234375,5796.41015625,5803.333984375,33.161834716796875,10.937524795532227,10.913415908813477,41.445762634277344,11.630138397216797,0.038564812391996384,0,0.0017372500151395798,0,1230.580078125,-6.923828125
10,12,0,1,Day,,13.382570266723633,76.617431640625,347.5630798339844,1078.699951171875,202.45724487304688,900.7000122070312,0.18768633902072906,32.029991149902344,1.9000999927520752,=NA(),=NA(),1.0277762413024902,1.4163999557495117,0.34380000829696655,0.08399999886751175,=NA(),20,1013.25,-2.933147430419922,13.06290340423584,1161.75,1080.0250244140625,81.7249984741211,80.61748504638672,7008.97998046875,5750.10009765625,5762.2939453125,32.94699478149414,10.930990219116211,10.911248207092285,41.26301956176758,11.653308868408203,0.03838243708014488,0,0.0018144999630749226,0,1258.8798828125,-12.19384765625
10,13,0,1,Day,,20.535808563232422,69.46419525146484,304.88055419921875,1028.800048828125,225.87579345703125,857.4099731445312,0.2195526659488678,32.279991149902344,1.8700000047683716,=NA(),=NA(),1.0676357746124268,1.4163999557495117,0.34380000829696655,0.08399999886751175,=NA(),20,1013.25,-17.0821533203125,11.572460174560547,1145.97998046875,1071.43505859375,74.54499816894531,80.17436981201172,6917.9599609375,5685.02001953125,5697.27099609375,33.007041931152344,10.787982940673828,10.765667915344238,41.29185104370117,11.50451946258545,0.03803181275725365,0,0.0016340625006705523,0,1232.93994140625,-12.2509765625
10,14,0,1,Day,,31.689037322998047,58.31096267700195,285.53643798828125,911.0900268554688,272.3106689453125,750.7000122070312,0.29888448119163513,33.67998504638672,1.8301000595092773,=NA(),=NA(),1.1747345924377441,1.4163999557495117,0.34380000829696655,0.08399999886751175,=NA(),20,1013.25,-30.743785858154297,8.088621139526367,1094.8798828125,1036.0849609375,58.79499816894531,79.27938079833984,6662.259765625,5493.2001953125,5506.00146484375,33.126739501953125,10.38813304901123,10.372878074645996,41.32640838623047,11.08543586730957,0.03687399998307228,0,0.0013033750001341105,0,1169.0595703125,-12.80126953125
10,15,0,1,Day,,43.775760650634766,46.224239349365234,274.1773376464844,737.6099853515625,316.50146484375,583.2100219726562,0.4290905296802521,33.790000915527344,1.7598999738693237,=NA(),=NA(),1.3837882280349731,1.4163999557495117,0.34380000829696655,0.08399999886751175,=NA(),20,1013.25,-43.69962692260742,2.8887085914611816,983.7550048828125,930.5250244140625,53.22999954223633,74.70061492919922,5955.240234375,4995.52001953125,5005.3525390625,33.75067901611328,9.269021987915039,9.202454566955566,41.67980194091797,9.860949516296387,0.03294549882411957,0,0.0011396249756217003,0,959.72021484375,-9.83251953125
10,16,0,1,Day,,56.03575134277344,33.96424865722656,265.56304931640625,523.2899780273438,319.77008056640625,364.2900085449219,0.6110762357711792,34.62999725341797,1.6299999952316284,=NA(),=NA(),1.786531686782837,1.4163999557495117,0.34380000829696655,0.08399999886751175,=NA(),20,1013.25,-55.956024169921875,3.6787915229797363,774.27001953125,718.6849975585938,55.584999084472656,66.64623260498047,4686.2998046875,4047.510009765625,4057.049072265625,34.7617301940918,7.2946014404296875,7.172992706298828,42.2318000793457,7.753643035888672,0.025640062987804413,0,0.0011754999868571758,0,638.789794921875,-9.5390625
10,17,0,1,Day,,68.16165161132812,21.83834457397461,257.8627624511719,334.489990234375,254.03245544433594,216.2899932861328,0.7594620585441589,33.649986267089844,1.25,=NA(),=NA(),2.673269033432007,1.4163999557495117,0.34380000829696655,0.08399999886751175,=NA(),20,1013.25,-44.949668884277344,25.25820541381836,559.875,526.875,33,56.871238708496094,3241.989990234375,2897.030029296875,2903.05810546875,35.88130187988281,5.056807994842529,4.967206954956055,42.784996032714844,5.362435340881348,0.017917312681674957,0,0.0007170625030994415,0,344.9599609375,-6.028076171875
10,18,0,1,Night,Sun above horizon but GHI below 1,79.90504455566406,10.094956398010254,250.18873596191406,0,0,0,0,-0.00009765625145519152,1.3200000524520874,=NA(),0,5.538519859313965,1.4163999557495117,0.34380000829696655,0.08399999886751175,=NA(),20,1013.25,0,0,0,0,0,-0.00000610351571594947,0,0,0,0,0,0,0,0,0,0,0,0,0,0
10,19,0,1,Night,Sun above horizon but GHI below 1,87.84518432617188,2.154815673828125,244.33714294433594,0,0,0,0,-0.00009765625145519152,1.2999999523162842,=NA(),0,18.643211364746094,1.4163999557495117,0.34380000829696655,0.08399999886751175,=NA(),20,1013.25,0,0,0,0,0,-0.00000610351571594947,0,0,0,0,0,0,0,0,0,0,0,0,0,0
10,20,0,1,Night,,101.62480163574219,-11.624802589416504,232.5474090576172,0,0,0,0,-0.00009765625145519152,0.8299999833106995,=NA(),0,64.81599426269531,1.4163999557495117,0.34380000829696655,0.08399999886751175,=NA(),20,1013.25,0,0,0,0,0,-0.00000610351571594947,0,0,0,0,0,0,0,0,0,0,0,0,0,0
10,21,0,1,Night,,110.59012603759766,-20.590129852294922,221.4927215576172,0,0,0,0,-0.00009765625145519152,1.649999976158142,=NA(),0,64.81599426269531,1.4163999557495117,0.34380000829696655,0.08399999886751175,=NA(),20,1013.25,0,0,0,0,0,-0.00000610351571594947,0,0,0,0,0,0,0,0,0,0,0,0,0,0
10,22,0,1,Night,,117.6268081665039,-27.62681007385254,208.34127807617188,0,0,0,0,-0.00009765625145519152,3.039900064468384,=NA(),0,64.81599426269531,1.4163999557495117,0.34380000829696655,0.08399999886751175,=NA(),20,1013.25,0,0,0,0,0,-0.00000610351571594947,0,0,0,0,0,0,0,0,0,0,0,0,0,0
10,23,0,1,Night,,121.9893798828125,-31.989377975463867,193.10684204101562,0,0,0,0,-0.00009765625145519152,4.829999923706055,=NA(),0,64.81599426269531,1.4163999557495117,0.34380000829696655,0.08399999886751175,=NA(),20,1013.25,0,0,0,0,0,-0.00000610351571594947,0,0,0,0,0,0,0,0,0,0,0,0,0,0
11,0,0,1,Night,,123.04358673095703,-33.04358673095703,176.64529418945312,0,0,0,0,-0.00009765625145519152,5.570099830627441,=NA(),0,64.81599426269531,1.4163999557495117,0.34380000829696655,0.08399999886751175,=NA(),20,1013.25,0,0,0,0,0,-0.00000610351571594947,0,0,0,0,0,0,0,0,0,0,0,0,0,0
11,1,0,1,Night,,120.60981750488281,-30.609819412231445,160.5123291015625,0,0,0,0,-0.00009765625145519152,4.739999771118164,=NA(),0,64.81599426269531,1.4163999557495117,0.34380000829696655,0.08399999886751175,=NA(),20,1013.25,0,0,0,0,0,-0.00000610351571594947,0,0,0,0,0,0,0,0,0,0,0,0,0,0
11,2,0,1,Night,,115.0860595703125,-25.086061477661133,146.060546875,0,0,0,0,-0.00009765625145519152,3.7699999809265137,=NA(),0,64.81599426269531,1.4163999557495117,0.34380000829696655,0.08399999886751175,=NA(),20,1013.25,0,0,0,0,0,-0.00000610351571594947,0,0,0,0,0,0,0,0,0,0,0,0,0,0
11,3,0,1,Night,,107.19049835205078,-17.190494537353516,133.7779541015625,0,0,0,0,-0.00009765625145519152,3.4000000953674316,=NA(),0,64.81599426269531,1.4163999557495117,0.34380000829696655,0.08399999886751175,=NA(),20,1013.25,0,0,0,0,0,-0.00000610351571594947,0,0,0,0,0,0,0,0,0,0,0,0,0,0
11,4,0,1,Night,,97.62693786621094,-7.6269378662109375,123.44799041748047,0,0,0,0,-0.00009765625145519152,3.8499999046325684,=NA(),0,64.81599426269531,1.4163999557495117,0.34380000829696655,0.08399999886751175,=NA(),20,1013.25,0,0,0,0,0,-0.00000610351571594947,0,0,0,0,0,0,0,0,0,0,0,0,0,0
11,5,0,1,Night,Sun above horizon but GHI below 1,85.74259948730469,4.257401943206787,113.9236831665039,0,0,0,0,-0.00009765625145519152,4.800000190734863,=NA(),0,11.725970268249512,1.4163999557495117,0.34380000829696655,0.08399999886751175,=NA(),20,1013.25,0,0,0,0,0,-0.00000610351571594947,0,0,0,0,0,0,0,0,0,0,0,0,0,0
11,6,0,1,Night,Sun above horizon but GHI below 1,75.26202392578125,14.737974166870117,106.60143280029297,0,0,0,0,-0.00009765625145519152,5.320099830627441,=NA(),0,3.8781585693359375,1.4163999557495117,0.34380000829696655,0.08399999886751175,=NA(),20,1013.25,0,0,0,0,0,-0.00000610351571594947,0,0,0,0,0,0,0,0,0,0,0,0,0,0
11,7,0,1,Night,Sun above horizon but GHI below 1,63.33228302001953,26.66771697998047,98.97789764404297,0,0,0,0,-0.00009765625145519152,5.109899997711182,=NA(),0,2.220341205596924,1.4163999557495117,0.34380000829696655,0.08399999886751175,=NA(),20,1013.25,0,0,0,0,0,-0.00000610351571594947,0,0,0,0,0,0,0,0,0,0,0,0,0,0
11,8,0,1,Night,Sun above horizon but GHI below 1,51.129310607910156,38.870689392089844,91.015625,0,0,0,0,-0.00009765625145519152,4.510000228881836,=NA(),0,1.5913221836090088,1.4163999557495117,0.34380000829696655,0.08399999886751175,=NA(),20,1013.25,0,0,0,0,0,-0.00000610351571594947,0,0,0,0,0,0,0,0,0,0,0,0,0,0
11,9,0,1,Night,Sun above horizon but GHI below 1,38.89997482299805,51.10002517700195,81.56690979003906,0,0,0,0,-0.00009765625145519152,3.859999895095825,=NA(),0,1.2841508388519287,1.4163999557495117,0.34380000829696655,0.08399999886751175,=NA(),20,1013.25,0,0,0,0,0,-0.00000610351571594947,0,0,0,0,0,0,0,0,0,0,0,0,0,0
11,10,0,1,Night,Sun above horizon but GHI below 1,27.061275482177734,62.938724517822266,67.91939544677734,0,0,0,0,-0.00009765625145519152,3.3301000595092773,=NA(),0,1.1225918531417847,1.4163999557495117,0.34380000829696655,0.08399999886751175,=NA(),20,1013.25,0,0,0,0,0,-0.00000610351571594947,0,0,0,0,0,0,0,0,0,0,0,0,0,0
11,11,0,1,Night,Sun above horizon but GHI below 1,16.918987274169922,73.08100891113281,41.60702133178711,0,0,0,0,-0.00009765625145519152,2.9300999641418457,=NA(),0,1.0450668334960938,1.4163999557495117,0.34380000829696655,0.08399999886751175,=NA(),20,1013.25,0,0,0,0,0,-0.00000610351571594947,0,0,0,0,0,0,0,0,0,0,0,0,0,0
11,12,0,1,Night,Sun above horizon but GHI below 1,13.515554428100586,76.48444366455078,348.07867431640625,0,0,0,0,-0.00009765625145519152,2.7701001167297363,=NA(),0,1.0283455848693848,1.4163999557495117,0.34380000829696655,0.08399999886751175,=NA(),20,1013.25,0,0,0,0,0,-0.00000610351571594947,0,0,0,0,0,0,0,0,0,0,0,0,0,0
11,13,0,1,Night,Sun above horizon but GHI below 1,20.574542999267578,69.42545318603516,305.3796081542969,0,0,0,0,-0.00009765625145519152,2.809999942779541,=NA(),0,1.0679060220718384,1.4163999557495117,0.34380000829696655,0.08399999886751175,=NA(),20,1013.25,0,0,0,0,0,-0.00000610351571594947,0,0,0,0,0,0,0,0,0,0,0,0,0,0
11,14,0,1,Night,Sun above horizon but GHI below 1,31.690397262573242,58.30960464477539,285.8786926269531,0,0,0,0,-0.00009765625145519152,2.9300999641418457,=NA(),0,1.1747517585754395,1.4163999557495117,0.34380000829696655,0.08399999886751175,=NA(),20,1013.25,0,0,0,0,0,-0.00000610351571594947,0,0,0,0,0,0,0,0,0,0,0,0,0,0
11,15,0,1,Night,Sun above horizon but GHI below 1,43.76579666137695,46.23420333862305,274.43731689453125,0,0,0,0,-0.00009765625145519152,3.0799999237060547,=NA(),0,1.3835583925247192,1.4163999557495117,0.34380000829696655,0.08399999886751175,=NA(),20,1013.25,0,0,0,0,0,-0.00000610351571594947,0,0,0,0,0,0,0,0,0,0,0,0,0,0
11,16,0,1,Night,Sun above horizon but GHI below 1,56.02496337890625,33.97503662109375,265.7801513671875,0,0,0,0,-0.00009765625145519152,3.170099973678589,=NA(),0,1.7860350608825684,1.4163999557495117,0.34380000829696655,0.08399999886751175,=NA(),20,1013.25,0,0,0,0,0,-0.00000610351571594947,0,0,0,0,0,0,0,0,0,0,0,0,0,0
11,17,0,1,Night,Sun above horizon but GHI below 1,68.15546417236328,21.844533920288086,258.0571594238281,0,0,0,0,-0.00009765625145519152,2.469899892807007,=NA(),0,2.6725587844848633,1.4163999557495117,0.34380000829696655,0.08399999886751175,=NA(),20,1013.25,0,0,0,0,0,-0.00000610351571594947,0,0,0,0,0,0,0,0,0,0,0,0,0,0
11,18,0,1,Night,Sun above horizon but GHI below 1,79.91474151611328,10.085261344909668,250.3719482421875,0,0,0,0,-0.00009765625145519152,2.6700000762939453,=NA(),0,5.543471813201904,1.4163999557495117,0.34380000829696655,0.08399999886751175,=NA(),20,1013.25,0,0,0,0,0,-0.00000610351571594947,0,0,0,0,0,0,0,0,0,0,0,0,0,0
11,19,0,1,Night,Sun above horizon but GHI below 1,87.8729476928711,2.1270530223846436,244.50985717773438,0,0,0,0,-0.00009765625145519152,3.069999933242798,=NA(),0,18.781551361083984,1.4163999557495117,0.34380000829696655,0.08399999886751175,=NA(),20,1013.25,0,0,0,0,0,-0.00000610351571594947,0,0,0,0,0,0,0,0,0,0,0,0,0,0
11,20,0,1,Night,,101.67105865478516,-11.671060562133789,232.72605895996094,0,0,0,0,-0.00009765625145519152,3.319999933242798,=NA(),0,64.81599426269531,1.4163999557495117,0.34380000829696655,0.08399999886751175,=NA(),20,1013.25,0,0,0,0,0,-0.00000610351571594947,0,0,0,0,0,0,0,0,0,0,0,0,0,0
11,21,0,1,Night,,110.66259002685547,-20.662586212158203,221.67018127441406,0,0,0,0,-0.00009765625145519152,3.5399999618530273,=NA(),0,64.81599426269531,1.4163999557495117,0.34380000829696655,0.08399999886751175,=NA(),20,1013.25,0,0,0,0,0,-0.00000610351571594947,0,0,0,0,0,0,0,0,0,0,0,0,0,0
11,22,0,1,Night,,117.72997283935547,-27.72997283935547,208.50978088378906,0,0,0,0,-0.00009765625145519152,3.7799999713897705,=NA(),0,64.81599426269531,1.4163999557495117,0.34380000829696655,0.08399999886751175,=NA(),20,1013.25,0,0,0,0,0,-0.00000610351571594947,0,0,0,0,0,0,0,0,0,0,0,0,0,0
11,23,0,1,Night,,122.12425231933594,-32.12424850463867,193.25033569335938,0,0,0,0,-0.00009765625145519152,4.130099773406982,=NA(),0,64.81599426269531,1.4163999557495117,0.34380000829696655,0.08399999886751175,=NA(),20,1013.25,0,0,0,0,0,-0.00000610351571594947,0,0,0,0,0,0,0,0,0,0,0,0,0,0
12,0,0,1,Night,,123.20491027832031,-33.20490646362305,176.74539184570312,0,0,0,0,-0.00009765625145519152,4.639999866485596,=NA(),0,64.81599426269531,1.4163999557495117,0.34380000829696655,0.08399999886751175,=NA(),20,1013.25,0,0,0,0,0,-0.00000610351571594947,0,0,0,0,0,0,0,0,0,0,0,0,0,0
12,1,0,1,Night,,120.78695678710938,-30.786954879760742,160.56069946289062,0,0,0,0,-0.00009765625145519152,5.090099811553955,=NA(),0,64.81599426269531,1.4163999557495117,0.34380000829696655,0.08399999886751175,=NA(),20,1013.25,0,0,0,0,0,-0.00000610351571594947,0,0,0,0,0,0,0,0,0,0,0,0,0,0
12,2,0,1,Night,,115.26813507080078,-25.26813316345215,146.06312561035156,0,0,0,0,-0.00009765625145519152,5.080100059509277,=NA(),0,64.81599426269531,1.4163999557495117,0.34380000829696655,0.08399999886751175,=NA(),20,1013.25,0,0,0,0,0,-0.00000610351571594947,0,0,0,0,0,0,0,0,0,0,0,0,0,0
12,3,0,1,Night,,107.37007904052734,-17.370079040527344,133.7467498779297,0,0,0,0,-0.00009765625145519152,4.659999847412109,=NA(),0,64.81599426269531,1.4163999557495117,0.34380000829696655,0.08399999886751175,=NA(),20,1013.25,0,0,0,0,0,-0.00000610351571594947,0,0,0,0,0,0,0,0,0,0,0,0,0,0
12,4,0,1,Night,,97.8022689819336,-7.802266597747803,123.39317321777344,0,0,0,0,-0.00009765625145519152,4.179999828338623,=NA(),0,64.81599426269531,1.4163999557495117,0.34380000829696655,0.08399999886751175,=NA(),20,1013.25,0,0,0,0,0,-0.00000610351571594947,0,0,0,0,0,0,0,0,0,0,0,0,0,0
12,5,0,1,Night,Sun above horizon but GHI below 1,85.82014465332031,4.179854393005371,113.78556823730469,0,0,0,0,-0.00009765625145519152,3.690000057220459,=NA(),0,11.89507007598877,1.4163999557495117,0.34380000829696655,0.08399999886751175,=NA(),20,1013.25,0,0,0,0,0,-0.00000610351571594947,0,0,0,0,0,0,0,0,0,0,0,0,0,0
12,6,0,1,Night,Sun above horizon but GHI below 1,75.42347717285156,14.576521873474121,106.51337432861328,0,0,0,0,-0.00009765625145519152,3.2200000286102295,=NA(),0,3.9188952445983887,1.4163999557495117,0.34380000829696655,0.08399999886751175,=NA(),20,1013.25,0,0,0,0,0,-0.00000610351571594947,0,0,0,0,0,0,0,0,0,0,0,0,0,0
12,7,0,1,Night,Sun above horizon but GHI below 1,63.48979187011719,26.510210037231445,98.87329864501953,0,0,0,0,-0.00009765625145519152,4.71999979019165,=NA(),0,2.2324581146240234,1.4163999557495117,0.34380000829696655,0.08399999886751175,=NA(),20,1013.25,0,0,0,0,0,-0.00000610351571594947,0,0,0,0,0,0,0,0,0,0,0,0,0,0
12,8,0,1,Night,Sun above horizon but GHI below 1,51.28491973876953,38.71508026123047,90.89086151123047,0,0,0,0,-0.00009765625145519152,5.339900016784668,=NA(),0,1.5966846942901611,1.4163999557495117,0.34380000829696655,0.08399999886751175,=NA(),20,1013.25,0,0,0,0,0,-0.00000610351571594947,0,0,0,0,0,0,0,0,0,0,0,0,0,0
12,9,0,1,Night,Sun above horizon but GHI below 1,39.05760192871094,50.94239807128906,81.41680908203125,0,0,0,0,-0.00009765625145519152,5.099899768829346,=NA(),0,1.287005066871643,1.4163999557495117,0.34380000829696655,0.08399999886751175,=NA(),20,1013.25,0,0,0,0,0,-0.00000610351571594947,0,0,0,0,0,0,0,0,0,0,0,0,0,0
12,10,0,1,Night,Sun above horizon but GHI below 1,27.22794532775879,62.77205276489258,67.74871826171875,0,0,0,0,-0.00009765625145519152,4.699900150299072,=NA(),0,1.1242640018463135,1.4163999557495117,0.34380000829696655,0.08399999886751175,=NA(),20,1013.25,0,0,0,0,0,-0.00000610351571594947,0,0,0,0,0,0,0,0,0,0,0,0,0,0
12,11,0,1,Night,Sun above horizon but GHI below 1,17.102092742919922,72.89791107177734,41.539031982421875,0,0,0,0,-0.00009765625145519152,4.210100173950195,=NA(),0,1.0460870265960693,1.4163999557495117,0.34380000829696655,0.08399999886751175,=NA(),20,1013.25,0,0,0,0,0,-0.00000610351571594947,0,0,0,0,0,0,0,0,0,0,0,0,0,0
12,12,0,1,Night,Sun above horizon but GHI below 1,13.65726089477539,76.34273529052734,348.5809020996094,0,0,0,0,-0.00009765625145519152,3.5399999618530273,=NA(),0,1.0289591550827026,1.4163999557495117,0.34380000829696655,0.08399999886751175,=NA(),20,1013.25,0,0,0,0,0,-0.00000610351571594947,0,0,0,0,0,0,0,0,0,0,0,0,0,0
12,13,0,1,Night,Sun above horizon but GHI below 1,20.621763229370117,69.37823486328125,305.88690185546875,0,0,0,0,-0.00009765625145519152,2.759999990463257,=NA(),0,1.0682361125946045,1.4163999557495117,0.34380000829696655,0.08399999886751175,=NA(),20,1013.25,0,0,0,0,0,-0.00000610351571594947,0,0,0,0,0,0,0,0,0,0,0,0,0,0
12,14,0,1,Night,Sun above horizon but GHI below 1,31.69933319091797,58.30066680908203,286.2300109863281,0,0,0,0,-0.00009765625145519152,2.0299999713897705,=NA(),0,1.174864649772644,1.4163999557495117,0.34380000829696655,0.08399999886751175,=NA(),20,1013.25,0,0,0,0,0,-0.00000610351571594947,0,0,0,0,0,0,0,0,0,0,0,0,0,0
12,15,0,1,Night,Sun above horizon but GHI below 1,43.763431549072266,46.236568450927734,274.70477294921875,0,0,0,0,-0.00009765625145519152,1.3899999856948853,=NA(),0,1.3835039138793945,1.4163999557495117,0.34380000829696655,0.08399999886751175,=NA(),20,1013.25,0,0,0,0,0,-0.00000610351571594947,0,0,0,0,0,0,0,0,0,0,0,0,0,0
12,16,0,1,Night,Sun above horizon but GHI below 1,56.02262878417969,33.97737121582031,266.0035095214844,0,0,0,0,-0.00009765625145519152,1.25,=NA(),0,1.7859277725219727,1.4163999557495117,0.34380000829696655,0.08399999886751175,=NA(),20,1013.25,0,0,0,0,0,-0.00000610351571594947,0,0,0,0,0,0,0,0,0,0,0,0,0,0
12,17,0,1,Night,Sun above horizon but GHI below 1,68.15957641601562,21.840423583984375,258.25689697265625,0,0,0,0,-0.00009765625145519152,1.5999000072479248,=NA(),0,2.6730306148529053,1.4163999557495117,0.34380000829696655,0.08399999886751175,=NA(),20,1013.25,0,0,0,0,0,-0.00000610351571594947,0,0,0,0,0,0,0,0,0,0,0,0,0,0
12,18,0,1,Night,Sun above horizon but GHI below 1,79.93009948730469,10.069903373718262,250.55987548828125,0,0,0,0,-0.00009765625145519152,2.469899892807007,=NA(),0,5.551338195800781,1.4163999557495117,0.34380000829696655,0.08399999886751175,=NA(),20,1013.25,0,0,0,0,0,-0.00000610351571594947,0,0,0,0,0,0,0,0,0,0,0,0,0,0
12,19,0,1,Night,Sun above horizon but GHI below 1,87.88045501708984,2.11954402923584,244.70797729492188,0,0,0,0,-0.00009765625145519152,3.049999952316284,=NA(),0,18.81926727294922,1.4163999557495117,0.34380000829696655,0.08399999886751175,=NA(),20,1013.25,0,0,0,0,0,-0.00000610351571594947,0,0,0,0,0,0,0,0,0,0,0,0,0,0
12,20,0,1,Night,,101.72360229492188,-11.723604202270508,232.90829467773438,0,0,0,0,-0.00009765625145519152,3.640000104904175,=NA(),0,64.81599426269531,1.4163999557495117,0.34380000829696655,0.08399999886751175,=NA(),20,1013.25,0,0,0,0,0,-0.00000610351571594947,0,0,0,0,0,0,0,0,0,0,0,0,0,0
12,21,0,1,Night,,110.74173736572266,-20.741737365722656,221.8503875732422,0,0,0,0,-0.00009765625145519152,4.789899826049805,=NA(),0,64.81599426269531,1.4163999557495117,0.34380000829696655,0.08399999886751175,=NA(),20,1013.25,0,0,0,0,0,-0.00000610351571594947,0,0,0,0,0,0,0,0,0,0,0,0,0,0
12,22,0,1,Night,,117.84013366699219,-27.840129852294922,208.67979431152344,0,0,0,0,-0.00009765625145519152,5.730100154876709,=NA(),0,64.81599426269531,1.4163999557495117,0.34380000829696655,0.08399999886751175,=NA(),20,1013.25,0,0,0,0,0,-0.00000610351571594947,0,0,0,0,0,0,0,0,0,0,0,0,0,0
12,23,0,1,Night,,122.26618957519531,-32.26618957519531,193.39352416992188,0,0,0,0,-0.00009765625145519152,5.960100173950195,=NA(),0,64.81599426269531,1.4163999557495117,0.34380000829696655,0.08399999886751175,=NA(),20,1013.25,0,0,0,0,0,-0.00000610351571594947,0,0,0,0,0,0,0,0,0,0,0,0,0,0
13,0,0,1,Night,,123.37300109863281,-33.37299728393555,176.84292602539062,0,0,0,0,-0.00009765625145519152,5.550000190734863,=NA(),0,64.81599426269531,1.4163999557495117,0.34380000829696655,0.08399999886751175,=NA(),20,1013.25,0,0,0,0,0,-0.00000610351571594947,0,0,0,0,0,0,0,0,0,0,0,0,0,0
13,1,0,1,Night,,120.9701156616211,-30.97011375427246,160.60452270507812,0,0,0,0,-0.00009765625145519152,5.240099906921387,=NA(),0,64.81599426269531,1.4163999557495117,0.34380000829696655,0.08399999886751175,=NA(),20,1013.25,0,0,0,0,0,-0.00000610351571594947,0,0,0,0,0,0,0,0,0,0,0,0,0,0
13,2,0,1,Night,,115.45520782470703,-25.4552059173584,146.0598907470703,0,0,0,0,-0.00009765625145519152,5.160099983215332,=NA(),0,64.81599426269531,1.4163999557495117,0.34380000829696655,0.08399999886751175,=NA(),20,1013.25,0,0,0,0,0,-0.00000610351571594947,0,0,0,0,0,0,0,0,0,0,0,0,0,0
13,3,0,1,Night,,107.55367279052734,-17.553674697875977,133.7091064453125,0,0,0,0,-0.00009765625145519152,5.019899845123291,=NA(),0,64.81599426269531,1.4163999557495117,0.34380000829696655,0.08399999886751175,=NA(),20,1013.25,0,0,0,0,0,-0.00000610351571594947,0,0,0,0,0,0,0,0,0,0,0,0,0,0
13,4,0,1,Night,,97.9804916381836,-7.980490207672119,123.3316879272461,0,0,0,0,-0.00009765625145519152,5.070000171661377,=NA(),0,64.81599426269531,1.4163999557495117,0.34380000829696655,0.08399999886751175,=NA(),20,1013.25,0,0,0,0,0,-0.00000610351571594947,0,0,0,0,0,0,0,0,0,0,0,0,0,0
13,5,0,1,Night,Sun above horizon but GHI below 1,85.89981842041016,4.100180149078369,113.64041900634766,0,0,0,0,-0.00009765625145519152,5.240099906921387,=NA(),0,12.073558807373047,1.4163999557495117,0.34380000829696655,0.08399999886751175,=NA(),20,1013.25,0,0,0,0,0,-0.00000610351571594947,0,0,0,0,0,0,0,0,0,0,0,0,0,0
13,6,0,1,Night,Sun above horizon but GHI below 1,75.58686828613281,14.413131713867188,106.41820526123047,0,0,0,0,-0.00009765625145519152,5.509900093078613,=NA(),0,3.9610190391540527,1.4163999557495117,0.34380000829696655,0.08399999886751175,=NA(),20,1013.25,0,0,0,0,0,-0.00000610351571594947,0,0,0,0,0,0,0,0,0,0,0,0,0,0
13,7,0,1,Night,Sun above horizon but GHI below 1,63.64894104003906,26.351058959960938,98.76107025146484,0,0,0,0,-0.00009765625145519152,5.53000020980835,=NA(),0,2.244852304458618,1.4163999557495117,0.34380000829696655,0.08399999886751175,=NA(),20,1013.25,0,0,0,0,0,-0.00000610351571594947,0,0,0,0,0,0,0,0,0,0,0,0,0,0
13,8,0,1,Night,Sun above horizon but GHI below 1,51.442081451416016,38.557918548583984,90.75751495361328,0,0,0,0,-0.00009765625145519152,5.349899768829346,=NA(),0,1.602149486541748,1.4163999557495117,0.34380000829696655,0.08399999886751175,=NA(),20,1013.25,0,0,0,0,0,-0.00000610351571594947,0,0,0,0,0,0,0,0,0,0,0,0,0,0
13,9,0,1,Night,Sun above horizon but GHI below 1,39.21697998046875,50.78302001953125,81.25650787353516,0,0,0,0,-0.00009765625145519152,5.109899997711182,=NA(),0,1.2899140119552612,1.4163999557495117,0.34380000829696655,0.08399999886751175,=NA(),20,1013.25,0,0,0,0,0,-0.00000610351571594947,0,0,0,0,0,0,0,0,0,0,0,0,0,0
13,10,0,1,Night,Sun above horizon but GHI below 1,27.397113800048828,62.60288619995117,67.56497192382812,0,0,0,0,-0.00009765625145519152,4.939899921417236,=NA(),0,1.1259759664535522,1.4163999557495117,0.34380000829696655,0.08399999886751175,=NA(),20,1013.25,0,0,0,0,0,-0.00000610351571594947,0,0,0,0,0,0,0,0,0,0,0,0,0,0
13,11,0,1,Night,Sun above horizon but GHI below 1,17.289600372314453,72.71039581298828,41.452972412109375,0,0,0,0,-0.00009765625145519152,4.829999923706055,=NA(),0,1.047144889831543,1.4163999557495117,0.34380000829696655,0.08399999886751175,=NA(),20,1013.25,0,0,0,0,0,-0.00000610351571594947,0,0,0,0,0,0,0,0,0,0,0,0,0,0
13,12,0,1,Night,Sun above horizon but GHI below 1,13.807147026062012,76.19285583496094,349.0690002441406,0,0,0,0,-0.00009765625145519152,4.730000019073486,=NA(),0,1.0296156406402588,1.4163999557495117,0.34380000829696655,0.08399999886751175,=NA(),20,1013.25,0,0,0,0,0,-0.00000610351571594947,0,0,0,0,0,0,0,0,0,0,0,0,0,0
13,13,0,1,Night,Sun above horizon but GHI below 1,20.676876068115234,69.32312774658203,306.4014892578125,0,0,0,0,-0.00009765625145519152,4.639999866485596,=NA(),0,1.0686227083206177,1.4163999557495117,0.34380000829696655,0.08399999886751175,=NA(),20,1013.25,0,0,0,0,0,-0.00000610351571594947,0,0,0,0,0,0,0,0,0,0,0,0,0,0
13,14,0,1,Night,Sun above horizon but GHI below 1,31.71478271484375,58.28521728515625,286.590087890625,0,0,0,0,-0.00009765625145519152,4.680099964141846,=NA(),0,1.1750599145889282,1.4163999557495117,0.34380000829696655,0.08399999886751175,=NA(),20,1013.25,0,0,0,0,0,-0.00000610351571594947,0,0,0,0,0,0,0,0,0,0,0,0,0,0
13,15,0,1,Night,Sun above horizon but GHI below 1,43.76692581176758,46.23307418823242,274.97955322265625,0,0,0,0,-0.00009765625145519152,4.880000114440918,=NA(),0,1.3835844993591309,1.4163999557495117,0.34380000829696655,0.08399999886751175,=NA(),20,1013.25,0,0,0,0,0,-0.00000610351571594947,0,0,0,0,0,0,0,0,0,0,0,0,0,0
13,16,0,1,Night,Sun above horizon but GHI below 1,56.025917053222656,33.974082946777344,266.2329406738281,0,0,0,0,-0.00009765625145519152,4.389900207519531,=NA(),0,1.786078929901123,1.4163999557495117,0.34380000829696655,0.08399999886751175,=NA(),20,1013.25,0,0,0,0,0,-0.00000610351571594947,0,0,0,0,0,0,0,0,0,0,0,0,0,0
13,17,0,1,Night,Sun above horizon but GHI below 1,68.16929626464844,21.830705642700195,258.4618835449219,0,0,0,0,-0.00009765625145519152,3.5099000930786133,=NA(),0,2.674147129058838,1.4163999557495117,0.34380000829696655,0.08399999886751175,=NA(),20,1013.25,0,0,0,0,0,-0.00000610351571594947,0,0,0,0,0,0,0,0,0,0,0,0,0,0
13,18,0,1,Night,Sun above horizon but GHI below 1,79.951171875,10.048829078674316,250.7523651123047,0,0,0,0,-0.00009765625145519152,3.1800999641418457,=NA(),0,5.562164306640625,1.4163999557495117,0.34380000829696655,0.08399999886751175,=NA(),20,1013.25,0,0,0,0,0,-0.00000610351571594947,0,0,0,0,0,0,0,0,0,0,0,0,0,0
13,19,0,1,Night,Sun above horizon but GHI below 1,87.8962631225586,2.1037392616271973,244.90792846679688,0,0,0,0,-0.00009765625145519152,3.0100998878479004,=NA(),0,18.899145126342773,1.4163999557495117,0.34380000829696655,0.08399999886751175,=NA(),20,1013.25,0,0,0,0,0,-0.00000610351571594947,0,0,0,0,0,0,0,0,0,0,0,0,0,0
13,20,0,1,Night,,101.78246307373047,-11.782461166381836,233.09397888183594,0,0,0,0,-0.00009765625145519152,2.9800000190734863,=NA(),0,64.81599426269531,1.4163999557495117,0.34380000829696655,0.08399999886751175,=NA(),20,1013.25,0,0,0,0,0,-0.00000610351571594947,0,0,0,0,0,0,0,0,0,0,0,0,0,0
13,21,0,1,Night,,110.82755279541016,-20.827550888061523,222.03323364257812,0,0,0,0,-0.00009765625145519152,3.1198999881744385,=NA(),0,64.81599426269531,1.4163999557495117,0.34380000829696655,0.08399999886751175,=NA(),20,1013.25,0,0,0,0,0,-0.00000610351571594947,0,0,0,0,0,0,0,0,0,0,0,0,0,0
13,22,0,1,Night,,117.95724487304688,-27.957242965698242,208.85121154785156,0,0,0,0,-0.00009765625145519152,3.4298999309539795,=NA(),0,64.81599426269531,1.4163999557495117,0.34380000829696655,0.08399999886751175,=NA(),20,1013.25,0,0,0,0,0,-0.00000610351571594947,0,0,0,0,0,0,0,0,0,0,0,0,0,0
13,23,0,1,Night,,122.41517639160156,-32.41517639160156,193.53627014160156,0,0,0,0,-0.00009765625145519152,3.9198999404907227,=NA(),0,64.81599426269531,1.4163999557495117,0.34380000829696655,0.08399999886751175,=NA(),20,1013.25,0,0,0,0,0,-0.00000610351571594947,0,0,0,0,0,0,0,0,0,0,0,0,0,0
14,0,0,1,Night,,123.54776763916016,-33.54776382446289,176.93780517578125,0,0,0,0,-0.00009765625145519152,3.900099992752075,=NA(),0,64.81599426269531,1.4163999557495117,0.34380000829696655,0.08399999886751175,=NA(),20,1013.25,0,0,0,0,0,-0.00000610351571594947,0,0,0,0,0,0,0,0,0,0,0,0,0,0
14,1,0,1,Night,,121.15919494628906,-31.159196853637695,160.64369201660156,0,0,0,0,-0.00009765625145519152,3.559999942779541,=NA(),0,64.81599426269531,1.4163999557495117,0.34380000829696655,0.08399999886751175,=NA(),20,1013.25,0,0,0,0,0,-0.00000610351571594947,0,0,0,0,0,0,0,0,0,0,0,0,0,0
14,2,0,1,Night,,115.6471939086914,-25.647193908691406,146.05072021484375,0,0,0,0,-0.00009765625145519152,3.090100049972534,=NA(),0,64.81599426269531,1.4163999557495117,0.34380000829696655,0.08399999886751175,=NA(),20,1013.25,0,0,0,0,0,-0.00000610351571594947,0,0,0,0,0,0,0,0,0,0,0,0,0,0
14,3,0,1,Night,,107.74116516113281,-17.741165161132812,133.66502380371094,0,0,0,0,-0.00009765625145519152,2.719899892807007,=NA(),0,64.81599426269531,1.4163999557495117,0.34380000829696655,0.08399999886751175,=NA(),20,1013.25,0,0,0,0,0,-0.00000610351571594947,0,0,0,0,0,0,0,0,0,0,0,0,0,0
14,4,0,1,Night,,98.1615219116211,-8.161520957946777,123.26351928710938,0,0,0,0,-0.00009765625145519152,2.569999933242798,=NA(),0,64.81599426269531,1.4163999557495117,0.34380000829696655,0.08399999886751175,=NA(),20,1013.25,0,0,0,0,0,-0.00000610351571594947,0,0,0,0,0,0,0,0,0,0,0,0,0,0
14,5,0,1,Night,Sun above horizon but GHI below 1,85.97545623779297,4.024546146392822,113.48361206054688,0,0,0,0,-0.00009765625145519152,3.4900999069213867,=NA(),0,12.247620582580566,1.4163999557495117,0.34380000829696655,0.08399999886751175,=NA(),20,1013.25,0,0,0,0,0,-0.00000610351571594947,0,0,0,0,0,0,0,0,0,0,0,0,0,0
14,6,0,1,Night,Sun above horizon but GHI below 1,75.75208282470703,14.247915267944336,106.31597900390625,0,0,0,0,-0.00009765625145519152,4.269999980926514,=NA(),0,4.004560470581055,1.4163999557495117,0.34380000829696655,0.08399999886751175,=NA(),20,1013.25,0,0,0,0,0,-0.00000610351571594947,0,0,0,0,0,0,0,0,0,0,0,0,0,0
14,7,0,1,Night,Sun above horizon but GHI below 1,63.809635162353516,26.190364837646484,98.64128112792969,0,0,0,0,-0.00009765625145519152,5.109899997711182,=NA(),0,2.257524013519287,1.4163999557495117,0.34380000829696655,0.08399999886751175,=NA(),20,1013.25,0,0,0,0,0,-0.00000610351571594947,0,0,0,0,0,0,0,0,0,0,0,0,0,0
14,8,0,1,Night,Sun above horizon but GHI below 1,51.6006965637207,38.3993034362793,90.6156997680664,0,0,0,0,-0.00009765625145519152,6.110000133514404,=NA(),0,1.6077152490615845,1.4163999557495117,0.34380000829696655,0.08399999886751175,=NA(),20,1013.25,0,0,0,0,0,-0.00000610351571594947,0,0,0,0,0,0,0,0,0,0,0,0,0,0
14,9,0,1,Night,Sun above horizon but GHI below 1,39.37803649902344,50.62196350097656,81.0861587524414,0,0,0,0,-0.00009765625145519152,6.929900169372559,=NA(),0,1.292876958847046,1.4163999557495117,0.34380000829696655,0.08399999886751175,=NA(),20,1013.25,0,0,0,0,0,-0.00000610351571594947,0,0,0,0,0,0,0,0,0,0,0,0,0,0
14,10,0,1,Night,Sun above horizon but GHI below 1,27.568702697753906,62.431297302246094,67.36846923828125,0,0,0,0,-0.00009765625145519152,7.53000020980835,=NA(),0,1.1277278661727905,1.4163999557495117,0.34380000829696655,0.08399999886751175,=NA(),20,1013.25,0,0,0,0,0,-0.00000610351571594947,0,0,0,0,0,0,0,0,0,0,0,0,0,0
14,11,0,1,Night,Sun above horizon but GHI below 1,17.481416702270508,72.51858520507812,41.34934997558594,0,0,0,0,-0.00009765625145519152,7.929999828338623,=NA(),0,1.0482409000396729,1.4163999557495117,0.34380000829696655,0.08399999886751175,=NA(),20,1013.25,0,0,0,0,0,-0.00000610351571594947,0,0,0,0,0,0,0,0,0,0,0,0,0,0
14,12,0,1,Night,Sun above horizon but GHI below 1,13.96509838104248,76.03490447998047,349.5420227050781,0,0,0,0,-0.00009765625145519152,8.270099639892578,=NA(),0,1.0303161144256592,1.4163999557495117,0.34380000829696655,0.08399999886751175,=NA(),20,1013.25,0,0,0,0,0,-0.00000610351571594947,0,0,0,0,0,0,0,0,0,0,0,0,0,0
14,13,0,1,Night,Sun above horizon but GHI below 1,20.739965438842773,69.2600326538086,306.9224853515625,0,0,0,0,-0.00009765625145519152,8.550000190734863,=NA(),0,1.0690667629241943,1.4163999557495117,0.34380000829696655,0.08399999886751175,=NA(),20,1013.25,0,0,0,0,0,-0.00000610351571594947,0,0,0,0,0,0,0,0,0,0,0,0,0,0
14,14,0,1,Night,Sun above horizon but GHI below 1,31.73685073852539,58.26314926147461,286.95843505859375,0,0,0,0,-0.00009765625145519152,8.699899673461914,=NA(),0,1.1753392219543457,1.4163999557495117,0.34380000829696655,0.08399999886751175,=NA(),20,1013.25,0,0,0,0,0,-0.00000610351571594947,0,0,0,0,0,0,0,0,0,0,0,0,0,0
14,15,0,1,Night,Sun above horizon but GHI below 1,43.776371002197266,46.223628997802734,275.26129150390625,0,0,0,0,-0.00009765625145519152,8.65999984741211,=NA(),0,1.3838024139404297,1.4163999557495117,0.34380000829696655,0.08399999886751175,=NA(),20,1013.25,0,0,0,0,0,-0.00000610351571594947,0,0,0,0,0,0,0,0,0,0,0,0,0,0
14,16,0,1,Night,Sun above horizon but GHI below 1,56.0349006652832,33.9650993347168,266.46826171875,0,0,0,0,-0.00009765625145519152,8.239999771118164,=NA(),0,1.7864924669265747,1.4163999557495117,0.34380000829696655,0.08399999886751175,=NA(),20,1013.25,0,0,0,0,0,-0.00000610351571594947,0,0,0,0,0,0,0,0,0,0,0,0,0,0
14,17,0,1,Night,Sun above horizon but GHI below 1,68.1846923828125,21.8153076171875,258.6719055175781,0,0,0,0,-0.00009765625145519152,6.670100212097168,=NA(),0,2.675917625427246,1.4163999557495117,0.34380000829696655,0.08399999886751175,=NA(),20,1013.25,0,0,0,0,0,-0.00000610351571594947,0,0,0,0,0,0,0,0,0,0,0,0,0,0
14,18,0,1,Night,Sun above horizon but GHI below 1,79.97801208496094,10.021988868713379,250.94927978515625,0,0,0,0,-0.00009765625145519152,4.360000133514404,=NA(),0,5.576016426086426,1.4163999557495117,0.34380000829696655,0.08399999886751175,=NA(),20,1013.25,0,0,0,0,0,-0.00000610351571594947,0,0,0,0,0,0,0,0,0,0,0,0,0,0
14,19,0,1,Night,Sun above horizon but GHI below 1,87.9089584350586,2.091042995452881,245.11898803710938,0,0,0,0,-0.00009765625145519152,3.4900999069213867,=NA(),0,18.96367835998535,1.4163999557495117,0.34380000829696655,0.08399999886751175,=NA(),20,1013.25,0,0,0,0,0,-0.00000610351571594947,0,0,0,0,0,0,0,0,0,0,0,0,0,0
14,20,0,1,Night,,101.84762573242188,-11.847622871398926,233.28298950195312,0,0,0,0,-0.00009765625145519152,3.279900074005127,=NA(),0,64.81599426269531,1.4163999557495117,0.34380000829696655,0.08399999886751175,=NA(),20,1013.25,0,0,0,0,0,-0.00000610351571594947,0,0,0,0,0,0,0,0,0,0,0,0,0,0
14,21,0,1,Night,,110.9200210571289,-20.920019149780273,222.21861267089844,0,0,0,0,-0.00009765625145519152,3.1098999977111816,=NA(),0,64.81599426269531,1.4163999557495117,0.34380000829696655,0.08399999886751175,=NA(),20,1013.25,0,0,0,0,0,-0.00000610351571594947,0,0,0,0,0,0,0,0,0,0,0,0,0,0
14,22,0,1,Night,,118.08129119873047,-28.08129119873047,209.02392578125,0,0,0,0,-0.00009765625145519152,2.860100030899048,=NA(),0,64.81599426269531,1.4163999557495117,0.34380000829696655,0.08399999886751175,=NA(),20,1013.25,0,0,0,0,0,-0.00000610351571594947,0,0,0,0,0,0,0,0,0,0,0,0,0,0
14,23,0,1,Night,,122.57113647460938,-32.57113265991211,193.6785125732422,0,0,0,0,-0.00009765625145519152,2.6600000858306885,=NA(),0,64.81599426269531,1.4163999557495117,0.34380000829696655,0.08399999886751175,=NA(),20,1013.25,0,0,0,0,0,-0.00000610351571594947,0,0,0,0,0,0,0,0,0,0,0,0,0,0
15,0,0,1,Night,,123.72917175292969,-33.72917556762695,177.0299530029297,0,0,0,0,-0.00009765625145519152,2.4500999450683594,=NA(),0,64.81599426269531,1.4163999557495117,0.34380000829696655,0.08399999886751175,=NA(),20,1013.25,0,0,0,0,0,-0.00000610351571594947,0,0,0,0,0,0,0,0,0,0,0,0,0,0
15,1,0,1,Night,,121.35411834716797,-31.35411834716797,160.67813110351562,0,0,0,0,-0.00009765625145519152,2.200000047683716,=NA(),0,64.81599426269531,1.4163999557495117,0.34380000829696655,0.08399999886751175,=NA(),20,1013.25,0,0,0,0,0,-0.00000610351571594947,0,0,0,0,0,0,0,0,0,0,0,0,0,0
15,2,0,1,Night,,115.84395599365234,-25.843952178955078,146.03561401367188,0,0,0,0,-0.00009765625145519152,1.8799999952316284,=NA(),0,64.81599426269531,1.4163999557495117,0.34380000829696655,0.08399999886751175,=NA(),20,1013.25,0,0,0,0,0,-0.00000610351571594947,0,0,0,0,0,0,0,0,0,0,0,0,0,0
15,3,0,1,Night,,107.93242645263672,-17.932424545288086,133.61439514160156,0,0,0,0,-0.00009765625145519152,1.5700000524520874,=NA(),0,64.81599426269531,1.4163999557495117,0.34380000829696655,0.08399999886751175,=NA(),20,1013.25,0,0,0,0,0,-0.00000610351571594947,0,0,0,0,0,0,0,0,0,0,0,0,0,0
15,4,0,1,Night,,98.34524536132812,-8.345243453979492,123.18866729736328,0,0,0,0,-0.00009765625145519152,1.5298999547958374,=NA(),0,64.81599426269531,1.4163999557495117,0.34380000829696655,0.08399999886751175,=NA(),20,1013.25,0,0,0,0,0,-0.00000610351571594947,0,0,0,0,0,0,0,0,0,0,0,0,0,0
15,5,0,1,Night,Sun above horizon but GHI below 1,86.0559310913086,3.944065570831299,113.32206726074219,0,0,0,0,-0.00009765625145519152,2.3399999141693115,=NA(),0,12.437989234924316,1.4163999557495117,0.34380000829696655,0.08399999886751175,=NA(),20,1013.25,0,0,0,0,0,-0.00000610351571594947,0,0,0,0,0,0,0,0,0,0,0,0,0,0
15,6,0,1,Night,Sun above horizon but GHI below 1,75.91901397705078,14.080984115600586,106.20669555664062,0,0,0,0,-0.00009765625145519152,3.8901000022888184,=NA(),0,4.049553871154785,1.4163999557495117,0.34380000829696655,0.08399999886751175,=NA(),20,1013.25,0,0,0,0,0,-0.00000610351571594947,0,0,0,0,0,0,0,0,0,0,0,0,0,0
15,7,0,1,Night,Sun above horizon but GHI below 1,63.97176742553711,26.02823257446289,98.51396942138672,0,0,0,0,-0.00009765625145519152,5.349899768829346,=NA(),0,2.270472288131714,1.4163999557495117,0.34380000829696655,0.08399999886751175,=NA(),20,1013.25,0,0,0,0,0,-0.00000610351571594947,0,0,0,0,0,0,0,0,0,0,0,0,0,0
15,8,0,1,Night,Sun above horizon but GHI below 1,51.760677337646484,38.239322662353516,90.46550750732422,0,0,0,0,-0.00009765625145519152,6.299900054931641,=NA(),0,1.6133805513381958,1.4163999557495117,0.34380000829696655,0.08399999886751175,=NA(),20,1013.25,0,0,0,0,0,-0.00000610351571594947,0,0,0,0,0,0,0,0,0,0,0,0,0,0
15,9,0,1,Night,Sun above horizon but GHI below 1,39.54069137573242,50.45930862426758,80.90589904785156,0,0,0,0,-0.00009765625145519152,7.059999942779541,=NA(),0,1.2958935499191284,1.4163999557495117,0.34380000829696655,0.08399999886751175,=NA(),20,1013.25,0,0,0,0,0,-0.00000610351571594947,0,0,0,0,0,0,0,0,0,0,0,0,0,0
15,10,0,1,Night,Sun above horizon but GHI below 1,27.742652893066406,62.257347106933594,67.15946197509766,0,0,0,0,-0.00009765625145519152,7.929999828338623,=NA(),0,1.1295198202133179,1.4163999557495117,0.34380000829696655,0.08399999886751175,=NA(),20,1013.25,0,0,0,0,0,-0.00000610351571594947,0,0,0,0,0,0,0,0,0,0,0,0,0,0
15,11,0,1,Night,Sun above horizon but GHI below 1,17.67745018005371,72.32254791259766,41.22868347167969,0,0,0,0,-0.00009765625145519152,8.76990032196045,=NA(),0,1.0493755340576172,1.4163999557495117,0.34380000829696655,0.08399999886751175,=NA(),20,1013.25,0,0,0,0,0,-0.00000610351571594947,0,0,0,0,0,0,0,0,0,0,0,0,0,0
15,12,0,1,Night,Sun above horizon but GHI below 1,14.130995750427246,75.86900329589844,349.99932861328125,0,0,0,0,-0.00009765625145519152,9.409899711608887,=NA(),0,1.0310612916946411,1.4163999557495117,0.34380000829696655,0.08399999886751175,=NA(),20,1013.25,0,0,0,0,0,-0.00000610351571594947,0,0,0,0,0,0,0,0,0,0,0,0,0,0
15,13,0,1,Night,Sun above horizon but GHI below 1,20.81111717224121,69.18888092041016,307.44891357421875,0,0,0,0,-0.00009765625145519152,10.010000228881836,=NA(),0,1.0695695877075195,1.4163999557495117,0.34380000829696655,0.08399999886751175,=NA(),20,1013.25,0,0,0,0,0,-0.00000610351571594947,0,0,0,0,0,0,0,0,0,0,0,0,0,0
15,14,0,1,Night,Sun above horizon but GHI below 1,31.765649795532227,58.234352111816406,287.3345947265625,0,0,0,0,-0.00009765625145519152,10.420000076293945,=NA(),0,1.175704002380371,1.4163999557495117,0.34380000829696655,0.08399999886751175,=NA(),20,1013.25,0,0,0,0,0,-0.00000610351571594947,0,0,0,0,0,0,0,0,0,0,0,0,0,0
15,15,0,1,Night,Sun above horizon but GHI below 1,43.791873931884766,46.208126068115234,275.5498352050781,0,0,0,0,-0.00009765625145519152,10.600000381469727,=NA(),0,1.3841601610183716,1.4163999557495117,0.34380000829696655,0.08399999886751175,=NA(),20,1013.25,0,0,0,0,0,-0.00000610351571594947,0,0,0,0,0,0,0,0,0,0,0,0,0,0
15,16,0,1,Night,Sun above horizon but GHI below 1,56.04967498779297,33.95032501220703,266.70928955078125,0,0,0,0,-0.00009765625145519152,10.65999984741211,=NA(),0,1.7871729135513306,1.4163999557495117,0.34380000829696655,0.08399999886751175,=NA(),20,1013.25,0,0,0,0,0,-0.00000610351571594947,0,0,0,0,0,0,0,0,0,0,0,0,0,0
15,17,0,1,Night,Sun above horizon but GHI below 1,68.20582580566406,21.79417610168457,258.8868408203125,0,0,0,0,-0.00009765625145519152,10.15999984741211,=NA(),0,2.678351879119873,1.4163999557495117,0.34380000829696655,0.08399999886751175,=NA(),20,1013.25,0,0,0,0,0,-0.00000610351571594947,0,0,0,0,0,0,0,0,0,0,0,0,0,0
15,18,0,1,Night,Sun above horizon but GHI below 1,80.01065826416016,9.98934555053711,251.15054321289062,0,0,0,0,-0.00009765625145519152,8.76990032196045,=NA(),0,5.592953205108643,1.4163999557495117,0.34380000829696655,0.08399999886751175,=NA(),20,1013.25,0,0,0,0,0,-0.00000610351571594947,0,0,0,0,0,0,0,0,0,0,0,0,0,0
15,19,0,1,Night,Sun above horizon but GHI below 1,87.92710876464844,2.072887420654297,245.33399963378906,0,0,0,0,-0.00009765625145519152,8.110099792480469,=NA(),0,19.056663513183594,1.4163999557495117,0.34380000829696655,0.08399999886751175,=NA(),20,1013.25,0,0,0,0,0,-0.00000610351571594947,0,0,0,0,0,0,0,0,0,0,0,0,0,0
15,20,0,1,Night,,101.91910552978516,-11.919109344482422,233.4751739501953,0,0,0,0,-0.00009765625145519152,7.53000020980835,=NA(),0,64.81599426269531,1.4163999557495117,0.34380000829696655,0.08399999886751175,=NA(),20,1013.25,0,0,0,0,0,-0.00000610351571594947,0,0,0,0,0,0,0,0,0,0,0,0,0,0
15,21,0,1,Night,,111.01911926269531,-21.019121170043945,222.4064178466797,0,0,0,0,-0.00009765625145519152,6.670100212097168,=NA(),0,64.81599426269531,1.4163999557495117,0.34380000829696655,0.08399999886751175,=NA(),20,1013.25,0,0,0,0,0,-0.00000610351571594947,0,0,0,0,0,0,0,0,0,0,0,0,0,0
15,22,0,1,Night,,118.21222686767578,-28.21222686767578,209.19786071777344,0,0,0,0,-0.00009765625145519152,6.429999828338623,=NA(),0,64.81599426269531,1.4163999557495117,0.34380000829696655,0.08399999886751175,=NA(),20,1013.25,0,0,0,0,0,-0.00000610351571594947,0,0,0,0,0,0,0,0,0,0,0,0,0,0
15,23,0,1,Night,,122.73401641845703,-32.7340202331543,193.8201141357422,0,0,0,0,-0.00009765625145519152,6.149899959564209,=NA(),0,64.81599426269531,1.4163999557495117,0.34380000829696655,0.08399999886751175,=NA(),20,1013.25,0,0,0,0,0,-0.00000610351571594947,0,0,0,0,0,0,0,0,0,0,0,0,0,0
16,0,0,1,Night,,123.91712951660156,-33.91712951660156,177.11923217773438,0,0,0,0,-0.00009765625145519152,5.840000152587891,=NA(),0,64.81599426269531,1.4163999557495117,0.34380000829696655,0.08399999886751175,=NA(),20,1013.25,0,0,0,0,0,-0.00000610351571594947,0,0,0,0,0,0,0,0,0,0,0,0,0,0
16,1,0,1,Night,,121.55476379394531,-31.55476188659668,160.7076873779297,0,0,0,0,-0.00009765625145519152,5.630000114440918,=NA(),0,64.81599426269531,1.4163999557495117,0.34380000829696655,0.08399999886751175,=NA(),20,1013.25,0,0,0,0,0,-0.00000610351571594947,0,0,0,0,0,0,0,0,0,0,0,0,0,0
16,2,0,1,Night,,116.04541778564453,-26.045421600341797,146.01441955566406,0,0,0,0,-0.00009765625145519152,5.449999809265137,=NA(),0,64.81599426269531,1.4163999557495117,0.34380000829696655,0.08399999886751175,=NA(),20,1013.25,0,0,0,0,0,-0.00000610351571594947,0,0,0,0,0,0,0,0,0,0,0,0,0,0
16,3,0,1,Night,,108.12732696533203,-18.12732696533203,133.55723571777344,0,0,0,0,-0.00009765625145519152,5.289999961853027,=NA(),0,64.81599426269531,1.4163999557495117,0.34380000829696655,0.08399999886751175,=NA(),20,1013.25,0,0,0,0,0,-0.00000610351571594947,0,0,0,0,0,0,0,0,0,0,0,0,0,0
16,4,0,1,Night,,98.53157043457031,-8.53156852722168,123.10707092285156,0,0,0,0,-0.00009765625145519152,5.519999980926514,=NA(),0,64.81599426269531,1.4163999557495117,0.34380000829696655,0.08399999886751175,=NA(),20,1013.25,0,0,0,0,0,-0.00000610351571594947,0,0,0,0,0,0,0,0,0,0,0,0,0,0
16,5,0,1,Night,Sun above horizon but GHI below 1,86.13811492919922,3.861884593963623,113.15350341796875,0,0,0,0,-0.00009765625145519152,6.889999866485596,=NA(),0,12.63807487487793,1.4163999557495117,0.34380000829696655,0.08399999886751175,=NA(),20,1013.25,0,0,0,0,0,-0.00000610351571594947,0,0,0,0,0,0,0,0,0,0,0,0,0,0
16,6,0,1,Night,Sun above horizon but GHI below 1,76.08753204345703,13.91246509552002,106.09040069580078,0,0,0,0,-0.00009765625145519152,7.440000057220459,=NA(),0,4.096029758453369,1.4163999557495117,0.34380000829696655,0.08399999886751175,=NA(),20,1013.25,0,0,0,0,0,-0.00000610351571594947,0,0,0,0,0,0,0,0,0,0,0,0,0,0
16,7,0,1,Night,Sun above horizon but GHI below 1,64.13524627685547,25.86475372314453,98.37919616699219,0,0,0,0,-0.00009765625145519152,7.339900016784668,=NA(),0,2.283696413040161,1.4163999557495117,0.34380000829696655,0.08399999886751175,=NA(),20,1013.25,0,0,0,0,0,-0.00000610351571594947,0,0,0,0,0,0,0,0,0,0,0,0,0,0
16,8,0,1,Night,Sun above horizon but GHI below 1,51.921939849853516,38.078060150146484,90.30701446533203,0,0,0,0,-0.00009765625145519152,7.190000057220459,=NA(),0,1.6191444396972656,1.4163999557495117,0.34380000829696655,0.08399999886751175,=NA(),20,1013.25,0,0,0,0,0,-0.00000610351571594947,0,0,0,0,0,0,0,0,0,0,0,0,0,0
16,9,0,1,Night,Sun above horizon but GHI below 1,39.70486831665039,50.29513168334961,80.71589660644531,0,0,0,0,-0.00009765625145519152,7.240099906921387,=NA(),0,1.2989634275436401,1.4163999557495117,0.34380000829696655,0.08399999886751175,=NA(),20,1013.25,0,0,0,0,0,-0.00000610351571594947,0,0,0,0,0,0,0,0,0,0,0,0,0,0
16,10,0,1,Night,Sun above horizon but GHI below 1,27.918903350830078,62.08109664916992,66.93824005126953,0,0,0,0,-0.00009765625145519152,7.409900188446045,=NA(),0,1.1313518285751343,1.4163999557495117,0.34380000829696655,0.08399999886751175,=NA(),20,1013.25,0,0,0,0,0,-0.00000610351571594947,0,0,0,0,0,0,0,0,0,0,0,0,0,0
16,11,0,1,Night,Sun above horizon but GHI below 1,17.87761688232422,72.12238311767578,41.09151077270508,0,0,0,0,-0.00009765625145519152,7.75,=NA(),0,1.0505492687225342,1.4163999557495117,0.34380000829696655,0.08399999886751175,=NA(),20,1013.25,0,0,0,0,0,-0.00000610351571594947,0,0,0,0,0,0,0,0,0,0,0,0,0,0
16,12,0,1,Night,Sun above horizon but GHI below 1,14.30471134185791,75.6952896118164,350.4403381347656,0,0,0,0,-0.00009765625145519152,8.20989990234375,=NA(),0,1.031851887702942,1.4163999557495117,0.34380000829696655,0.08399999886751175,=NA(),20,1013.25,0,0,0,0,0,-0.00000610351571594947,0,0,0,0,0,0,0,0,0,0,0,0,0,0
16,13,0,1,Night,Sun above horizon but GHI below 1,20.890390396118164,69.10961151123047,307.9798583984375,0,0,0,0,-0.00009765625145519152,8.739999771118164,=NA(),0,1.0701322555541992,1.4163999557495117,0.34380000829696655,0.08399999886751175,=NA(),20,1013.25,0,0,0,0,0,-0.00000610351571594947,0,0,0,0,0,0,0,0,0,0,0,0,0,0
16,14,0,1,Night,Sun above horizon but GHI below 1,31.80128288269043,58.19871520996094,287.7181701660156,0,0,0,0,-0.00009765625145519152,9.039999961853027,=NA(),0,1.1761561632156372,1.4163999557495117,0.34380000829696655,0.08399999886751175,=NA(),20,1013.25,0,0,0,0,0,-0.00000610351571594947,0,0,0,0,0,0,0,0,0,0,0,0,0,0
16,15,0,1,Night,Sun above horizon but GHI below 1,43.813514709472656,46.186485290527344,275.8448791503906,0,0,0,0,-0.00009765625145519152,8.9399995803833,=NA(),0,1.384660005569458,1.4163999557495117,0.34380000829696655,0.08399999886751175,=NA(),20,1013.25,0,0,0,0,0,-0.00000610351571594947,0,0,0,0,0,0,0,0,0,0,0,0,0,0
16,16,0,1,Night,Sun above horizon but GHI below 1,56.07029724121094,33.92970275878906,266.9558410644531,0,0,0,0,-0.00009765625145519152,8.470000267028809,=NA(),0,1.7881237268447876,1.4163999557495117,0.34380000829696655,0.08399999886751175,=NA(),20,1013.25,0,0,0,0,0,-0.00000610351571594947,0,0,0,0,0,0,0,0,0,0,0,0,0,0
16,17,0,1,Night,Sun above horizon but GHI below 1,68.23274993896484,21.767248153686523,259.1065368652344,0,0,0,0,-0.00009765625145519152,7.310100078582764,=NA(),0,2.681460380554199,1.4163999557495117,0.34380000829696655,0.08399999886751175,=NA(),20,1013.25,0,0,0,0,0,-0.00000610351571594947,0,0,0,0,0,0,0,0,0,0,0,0,0,0
16,18,0,1,Night,Sun above horizon but GHI below 1,80.04912567138672,9.950872421264648,251.35595703125,0,0,0,0,-0.00009765625145519152,5.170100212097168,=NA(),0,5.6130475997924805,1.4163999557495117,0.34380000829696655,0.08399999886751175,=NA(),20,1013.25,0,0,0,0,0,-0.00000610351571594947,0,0,0,0,0,0,0,0,0,0,0,0,0,0
16,19,0,1,Night,Sun above horizon but GHI below 1,87.94786071777344,2.052138328552246,245.55519104003906,0,0,0,0,-0.00009765625145519152,4.539899826049805,=NA(),0,19.163944244384766,1.4163999557495117,0.34380000829696655,0.08399999886751175,=NA(),20,1013.25,0,0,0,0,0,-0.00000610351571594947,0,0,0,0,0,0,0,0,0,0,0,0,0,0
16,20,0,1,Night,,101.99690246582031,-11.996898651123047,233.67051696777344,0,0,0,0,-0.00009765625145519152,4.530099868774414,=NA(),0,64.81599426269531,1.4163999557495117,0.34380000829696655,0.08399999886751175,=NA(),20,1013.25,0,0,0,0,0,-0.00000610351571594947,0,0,0,0,0,0,0,0,0,0,0,0,0,0
16,21,0,1,Night,,111.12484741210938,-21.124849319458008,222.59657287597656,0,0,0,0,-0.00009765625145519152,3.829900026321411,=NA(),0,64.81599426269531,1.4163999557495117,0.34380000829696655,0.08399999886751175,=NA(),20,1013.25,0,0,0,0,0,-0.00000610351571594947,0,0,0,0,0,0,0,0,0,0,0,0,0,0
16,22,0,1,Night,,118.35002136230469,-28.350021362304688,209.3729248046875,0,0,0,0,-0.00009765625145519152,3.1898999214172363,=NA(),0,64.81599426269531,1.4163999557495117,0.34380000829696655,0.08399999886751175,=NA(),20,1013.25,0,0,0,0,0,-0.00000610351571594947,0,0,0,0,0,0,0,0,0,0,0,0,0,0
16,23,0,1,Night,,122.90377044677734,-32.903770446777344,193.9610595703125,0,0,0,0,-0.00009765625145519152,2.9700000286102295,=NA(),0,64.81599426269531,1.4163999557495117,0.34380000829696655,0.08399999886751175,=NA(),20,1013.25,0,0,0,0,0,-0.00000610351571594947,0,0,0,0,0,0,0,0,0,0,0,0,0,0
17,0,0,1,Night,,124.1115493774414,-34.111549377441406,177.2055206298828,0,0,0,0,-0.00009765625145519152,2.95989990234375,=NA(),0,64.81599426269531,1.4163999557495117,0.34380000829696655,0.08399999886751175,=NA(),20,1013.25,0,0,0,0,0,-0.00000610351571594947,0,0,0,0,0,0,0,0,0,0,0,0,0,0
17,1,0,1,Night,,121.76103210449219,-31.761030197143555,160.7323455810547,0,0,0,0,-0.00009765625145519152,2.9300999641418457,=NA(),0,64.81599426269531,1.4163999557495117,0.34380000829696655,0.08399999886751175,=NA(),20,1013.25,0,0,0,0,0,-0.00000610351571594947,0,0,0,0,0,0,0,0,0,0,0,0,0,0
17,2,0,1,Night,,116.25142669677734,-26.251426696777344,145.98712158203125,0,0,0,0,-0.00009765625145519152,2.8798999786376953,=NA(),0,64.81599426269531,1.4163999557495117,0.34380000829696655,0.08399999886751175,=NA(),20,1013.25,0,0,0,0,0,-0.00000610351571594947,0,0,0,0,0,0,0,0,0,0,0,0,0,0
17,3,0,1,Night,,108.32574462890625,-18.325746536254883,133.4934539794922,0,0,0,0,-0.00009765625145519152,2.8299999237060547,=NA(),0,64.81599426269531,1.4163999557495117,0.34380000829696655,0.08399999886751175,=NA(),20,1013.25,0,0,0,0,0,-0.00000610351571594947,0,0,0,0,0,0,0,0,0,0,0,0,0,0
17,4,0,1,Night,,98.72039031982422,-8.720390319824219,123.01876068115234,0,0,0,0,-0.00009765625145519152,3.1898999214172363,=NA(),0,64.81599426269531,1.4163999557495117,0.34380000829696655,0.08399999886751175,=NA(),20,1013.25,0,0,0,0,0,-0.00000610351571594947,0,0,0,0,0,0,0,0,0,0,0,0,0,0
17,5,0,1,Night,Sun above horizon but GHI below 1,86.21885681152344,3.781141519546509,112.9756088256836,0,0,0,0,-0.00009765625145519152,4.420000076293945,=NA(),0,12.840503692626953,1.4163999557495117,0.34380000829696655,0.08399999886751175,=NA(),20,1013.25,0,0,0,0,0,-0.00000610351571594947,0,0,0,0,0,0,0,0,0,0,0,0,0,0
17,6,0,1,Night,Sun above horizon but GHI below 1,76.2575454711914,13.742454528808594,105.9671401977539,0,0,0,0,-0.00009765625145519152,4.960000038146973,=NA(),0,4.144026279449463,1.4163999557495117,0.34380000829696655,0.08399999886751175,=NA(),20,1013.25,0,0,0,0,0,-0.00000610351571594947,0,0,0,0,0,0,0,0,0,0,0,0,0,0
17,7,0,1,Night,Sun above horizon but GHI below 1,64.29996490478516,25.70003890991211,98.23703002929688,0,0,0,0,-0.00009765625145519152,5.000100135803223,=NA(),0,2.2971956729888916,1.4163999557495117,0.34380000829696655,0.08399999886751175,=NA(),20,1013.25,0,0,0,0,0,-0.00000610351571594947,0,0,0,0,0,0,0,0,0,0,0,0,0,0
17,8,0,1,Night,Sun above horizon but GHI below 1,52.08441162109375,37.91558837890625,90.14033508300781,0,0,0,0,-0.00009765625145519152,5.109899997711182,=NA(),0,1.6250061988830566,1.4163999557495117,0.34380000829696655,0.08399999886751175,=NA(),20,1013.25,0,0,0,0,0,-0.00000610351571594947,0,0,0,0,0,0,0,0,0,0,0,0,0,0
17,9,0,1,Night,Sun above horizon but GHI below 1,39.87051773071289,50.12948226928711,80.51629638671875,0,0,0,0,-0.00009765625145519152,5.259900093078613,=NA(),0,1.3020862340927124,1.4163999557495117,0.34380000829696655,0.08399999886751175,=NA(),20,1013.25,0,0,0,0,0,-0.00000610351571594947,0,0,0,0,0,0,0,0,0,0,0,0,0,0
17,10,0,1,Night,Sun above horizon but GHI below 1,28.09740447998047,61.90259552001953,66.70509338378906,0,0,0,0,-0.00009765625145519152,5.360000133514404,=NA(),0,1.1332242488861084,1.4163999557495117,0.34380000829696655,0.08399999886751175,=NA(),20,1013.25,0,0,0,0,0,-0.00000610351571594947,0,0,0,0,0,0,0,0,0,0,0,0,0,0
17,11,0,1,Night,Sun above horizon but GHI below 1,18.08184242248535,71.91815948486328,40.938385009765625,0,0,0,0,-0.00009765625145519152,5.53000020980835,=NA(),0,1.0517628192901611,1.4163999557495117,0.34380000829696655,0.08399999886751175,=NA(),20,1013.25,0,0,0,0,0,-0.00000610351571594947,0,0,0,0,0,0,0,0,0,0,0,0,0,0
17,12,0,1,Night,Sun above horizon but GHI below 1,14.486113548278809,75.51388549804688,350.8646545410156,0,0,0,0,-0.00009765625145519152,5.720099925994873,=NA(),0,1.0326889753341675,1.4163999557495117,0.34380000829696655,0.08399999886751175,=NA(),20,1013.25,0,0,0,0,0,-0.00000610351571594947,0,0,0,0,0,0,0,0,0,0,0,0,0,0
17,13,0,1,Night,Sun above horizon but GHI below 1,20.97783851623535,69.02216339111328,308.514404296875,0,0,0,0,-0.00009765625145519152,5.849999904632568,=NA(),0,1.070755958557129,1.4163999557495117,0.34380000829696655,0.08399999886751175,=NA(),20,1013.25,0,0,0,0,0,-0.00000610351571594947,0,0,0,0,0,0,0,0,0,0,0,0,0,0
17,14,0,1,Night,Sun above horizon but GHI below 1,31.84383773803711,58.15616226196289,288.1086730957031,0,0,0,0,-0.00009765625145519152,5.849999904632568,=NA(),0,1.1766972541809082,1.4163999557495117,0.34380000829696655,0.08399999886751175,=NA(),20,1013.25,0,0,0,0,0,-0.00000610351571594947,0,0,0,0,0,0,0,0,0,0,0,0,0,0
17,15,0,1,Night,Sun above horizon but GHI below 1,43.84136962890625,46.15863037109375,276.1461486816406,0,0,0,0,-0.00009765625145519152,5.710000038146973,=NA(),0,1.38530433177948,1.4163999557495117,0.34380000829696655,0.08399999886751175,=NA(),20,1013.25,0,0,0,0,0,-0.00000610351571594947,0,0,0,0,0,0,0,0,0,0,0,0,0,0
17,16,0,1,Night,Sun above horizon but GHI below 1,56.09683609008789,33.90316390991211,267.20770263671875,0,0,0,0,-0.00009765625145519152,5.460000038146973,=NA(),0,1.78934907913208,1.4163999557495117,0.34380000829696655,0.08399999886751175,=NA(),20,1013.25,0,0,0,0,0,-0.00000610351571594947,0,0,0,0,0,0,0,0,0,0,0,0,0,0
17,17,0,1,Night,Sun above horizon but GHI below 1,68.2655029296875,21.7344970703125,259.3308410644531,0,0,0,0,-0.00009765625145519152,4.260000228881836,=NA(),0,2.6852517127990723,1.4163999557495117,0.34380000829696655,0.08399999886751175,=NA(),20,1013.25,0,0,0,0,0,-0.00000610351571594947,0,0,0,0,0,0,0,0,0,0,0,0,0,0
17,18,0,1,Night,Sun above horizon but GHI below 1,80.09346771240234,9.906533241271973,251.5654296875,0,0,0,0,-0.00009765625145519152,3.340100049972534,=NA(),0,5.636383533477783,1.4163999557495117,0.34380000829696655,0.08399999886751175,=NA(),20,1013.25,0,0,0,0,0,-0.00000610351571594947,0,0,0,0,0,0,0,0,0,0,0,0,0,0
17,19,0,1,Night,Sun above horizon but GHI below 1,87.97122192382812,2.028775930404663,245.78248596191406,0,0,0,0,-0.00009765625145519152,3.240000009536743,=NA(),0,19.285926818847656,1.4163999557495117,0.34380000829696655,0.08399999886751175,=NA(),20,1013.25,0,0,0,0,0,-0.00000610351571594947,0,0,0,0,0,0,0,0,0,0,0,0,0,0
17,20,0,1,Night,,102.08099365234375,-12.08099365234375,233.8688507080078,0,0,0,0,-0.00009765625145519152,3.240000009536743,=NA(),0,64.81599426269531,1.4163999557495117,0.34380000829696655,0.08399999886751175,=NA(),20,1013.25,0,0,0,0,0,-0.00000610351571594947,0,0,0,0,0,0,0,0,0,0,0,0,0,0
17,21,0,1,Night,,111.2371597290039,-21.237163543701172,222.7889862060547,0,0,0,0,-0.00009765625145519152,3.1500000953674316,=NA(),0,64.81599426269531,1.4163999557495117,0.34380000829696655,0.08399999886751175,=NA(),20,1013.25,0,0,0,0,0,-0.00000610351571594947,0,0,0,0,0,0,0,0,0,0,0,0,0,0
17,22,0,1,Night,,118.49461364746094,-28.494613647460938,209.54904174804688,0,0,0,0,-0.00009765625145519152,3.0201001167297363,=NA(),0,64.81599426269531,1.4163999557495117,0.34380000829696655,0.08399999886751175,=NA(),20,1013.25,0,0,0,0,0,-0.00000610351571594947,0,0,0,0,0,0,0,0,0,0,0,0,0,0
17,23,0,1,Night,,123.080322265625,-33.080326080322266,194.10116577148438,0,0,0,0,-0.00009765625145519152,2.860100030899048,=NA(),0,64.81599426269531,1.4163999557495117,0.34380000829696655,0.08399999886751175,=NA(),20,1013.25,0,0,0,0,0,-0.00000610351571594947,0,0,0,0,0,0,0,0,0,0,0,0,0,0
18,0,0,1,Night,,124.31237030029297,-34.3123664855957,177.28878784179688,0,0,0,0,-0.00009765625145519152,2.639899969100952,=NA(),0,64.81599426269531,1.4163999557495117,0.34380000829696655,0.08399999886751175,=NA(),20,1013.25,0,0,0,0,0,-0.00000610351571594947,0,0,0,0,0,0,0,0,0,0,0,0,0,0
18,1,0,1,Night,,121.97284698486328,-31.97284507751465,160.75196838378906,0,0,0,0,-0.00009765625145519152,2.3499999046325684,=NA(),0,64.81599426269531,1.4163999557495117,0.34380000829696655,0.08399999886751175,=NA(),20,1013.25,0,0,0,0,0,-0.00000610351571594947,0,0,0,0,0,0,0,0,0,0,0,0,0,0
18,2,0,1,Night,,116.46188354492188,-26.461881637573242,145.95361328125,0,0,0,0,-0.00009765625145519152,2.0299999713897705,=NA(),0,64.81599426269531,1.4163999557495117,0.34380000829696655,0.08399999886751175,=NA(),20,1013.25,0,0,0,0,0,-0.00000610351571594947,0,0,0,0,0,0,0,0,0,0,0,0,0,0
18,3,0,1,Night,,108.52755737304688,-18.527555465698242,133.42303466796875,0,0,0,0,-0.00009765625145519152,1.6899000406265259,=NA(),0,64.81599426269531,1.4163999557495117,0.34380000829696655,0.08399999886751175,=NA(),20,1013.25,0,0,0,0,0,-0.00000610351571594947,0,0,0,0,0,0,0,0,0,0,0,0,0,0
18,4,0,1,Night,,98.91161346435547,-8.91161060333252,122.92372131347656,0,0,0,0,-0.00009765625145519152,1.4300999641418457,=NA(),0,64.81599426269531,1.4163999557495117,0.34380000829696655,0.08399999886751175,=NA(),20,1013.25,0,0,0,0,0,-0.00000610351571594947,0,0,0,0,0,0,0,0,0,0,0,0,0,0
18,5,0,1,Night,Sun above horizon but GHI below 1,86.30406188964844,3.695939540863037,112.79302215576172,0,0,0,0,-0.00009765625145519152,1.5999000072479248,=NA(),0,13.060650825500488,1.4163999557495117,0.34380000829696655,0.08399999886751175,=NA(),20,1013.25,0,0,0,0,0,-0.00000610351571594947,0,0,0,0,0,0,0,0,0,0,0,0,0,0
18,6,0,1,Night,Sun above horizon but GHI below 1,76.428955078125,13.571044921875,105.83695220947266,0,0,0,0,-0.00009765625145519152,2.3099000453948975,=NA(),0,4.193586349487305,1.4163999557495117,0.34380000829696655,0.08399999886751175,=NA(),20,1013.25,0,0,0,0,0,-0.00000610351571594947,0,0,0,0,0,0,0,0,0,0,0,0,0,0
18,7,0,1,Night,Sun above horizon but GHI below 1,64.46583557128906,25.53416633605957,98.0875473022461,0,0,0,0,-0.00009765625145519152,3.369999885559082,=NA(),0,2.3109700679779053,1.4163999557495117,0.34380000829696655,0.08399999886751175,=NA(),20,1013.25,0,0,0,0,0,-0.00000610351571594947,0,0,0,0,0,0,0,0,0,0,0,0,0,0
18,8,0,1,Night,Sun above horizon but GHI below 1,52.24801254272461,37.75198745727539,89.9655532836914,0,0,0,0,-0.00009765625145519152,4.079899787902832,=NA(),0,1.630964756011963,1.4163999557495117,0.34380000829696655,0.08399999886751175,=NA(),20,1013.25,0,0,0,0,0,-0.00000610351571594947,0,0,0,0,0,0,0,0,0,0,0,0,0,0
18,9,0,1,Night,Sun above horizon but GHI below 1,40.03757095336914,49.96242904663086,80.30728149414062,0,0,0,0,-0.00009765625145519152,4.699900150299072,=NA(),0,1.3052619695663452,1.4163999557495117,0.34380000829696655,0.08399999886751175,=NA(),20,1013.25,0,0,0,0,0,-0.00000610351571594947,0,0,0,0,0,0,0,0,0,0,0,0,0,0
18,10,0,1,Night,Sun above horizon but GHI below 1,28.278106689453125,61.721893310546875,66.46031951904297,0,0,0,0,-0.00009765625145519152,5.480100154876709,=NA(),0,1.1351373195648193,1.4163999557495117,0.34380000829696655,0.08399999886751175,=NA(),20,1013.25,0,0,0,0,0,-0.00000610351571594947,0,0,0,0,0,0,0,0,0,0,0,0,0,0
18,11,0,1,Night,Sun above horizon but GHI below 1,18.290048599243164,71.70995330810547,40.76987075805664,0,0,0,0,-0.00009765625145519152,6.389900207519531,=NA(),0,1.0530165433883667,1.4163999557495117,0.34380000829696655,0.08399999886751175,=NA(),20,1013.25,0,0,0,0,0,-0.00000610351571594947,0,0,0,0,0,0,0,0,0,0,0,0,0,0
18,12,0,1,Night,Sun above horizon but GHI below 1,14.675065994262695,75.32493591308594,351.27178955078125,0,0,0,0,-0.00009765625145519152,7.199999809265137,=NA(),0,1.0335733890533447,1.4163999557495117,0.34380000829696655,0.08399999886751175,=NA(),20,1013.25,0,0,0,0,0,-0.00000610351571594947,0,0,0,0,0,0,0,0,0,0,0,0,0,0
18,13,0,1,Night,Sun above horizon but GHI below 1,21.07349967956543,68.92649841308594,309.0516052246094,0,0,0,0,-0.00009765625145519152,7.769999980926514,=NA(),0,1.0714420080184937,1.4163999557495117,0.34380000829696655,0.08399999886751175,=NA(),20,1013.25,0,0,0,0,0,-0.00000610351571594947,0,0,0,0,0,0,0,0,0,0,0,0,0,0
18,14,0,1,Night,Sun above horizon but GHI below 1,31.893394470214844,58.106605529785156,288.5057067871094,0,0,0,0,-0.00009765625145519152,8.120100021362305,=NA(),0,1.1773287057876587,1.4163999557495117,0.34380000829696655,0.08399999886751175,=NA(),20,1013.25,0,0,0,0,0,-0.00000610351571594947,0,0,0,0,0,0,0,0,0,0,0,0,0,0
18,15,0,1,Night,Sun above horizon but GHI below 1,43.87552261352539,46.12447738647461,276.45343017578125,0,0,0,0,-0.00009765625145519152,8.20989990234375,=NA(),0,1.386095643043518,1.4163999557495117,0.34380000829696655,0.08399999886751175,=NA(),20,1013.25,0,0,0,0,0,-0.00000610351571594947,0,0,0,0,0,0,0,0,0,0,0,0,0,0
18,16,0,1,Night,Sun above horizon but GHI below 1,56.12934494018555,33.87065505981445,267.4647521972656,0,0,0,0,-0.00009765625145519152,7.909999847412109,=NA(),0,1.7908527851104736,1.4163999557495117,0.34380000829696655,0.08399999886751175,=NA(),20,1013.25,0,0,0,0,0,-0.00000610351571594947,0,0,0,0,0,0,0,0,0,0,0,0,0,0
18,17,0,1,Night,Sun above horizon but GHI below 1,68.30413055419922,21.69586944580078,259.55963134765625,0,0,0,0,-0.00009765625145519152,6.409999847412109,=NA(),0,2.6897389888763428,1.4163999557495117,0.34380000829696655,0.08399999886751175,=NA(),20,1013.25,0,0,0,0,0,-0.00000610351571594947,0,0,0,0,0,0,0,0,0,0,0,0,0,0
18,18,0,1,Night,Sun above horizon but GHI below 1,80.14369201660156,9.856306076049805,251.77882385253906,0,0,0,0,-0.00009765625145519152,4.319900035858154,=NA(),0,5.6630473136901855,1.4163999557495117,0.34380000829696655,0.08399999886751175,=NA(),20,1013.25,0,0,0,0,0,-0.00000610351571594947,0,0,0,0,0,0,0,0,0,0,0,0,0,0
18,19,0,1,Night,Sun above horizon but GHI below 1,88.0000228881836,1.9999738931655884,246.01336669921875,0,0,0,0,-0.00009765625145519152,3.7499001026153564,=NA(),0,19.438186645507812,1.4163999557495117,0.34380000829696655,0.08399999886751175,=NA(),20,1013.25,0,0,0,0,0,-0.00000610351571594947,0,0,0,0,0,0,0,0,0,0,0,0,0,0
18,20,0,1,Night,,102.17137908935547,-12.171382904052734,234.0701141357422,0,0,0,0,-0.00009765625145519152,4.060100078582764,=NA(),0,64.81599426269531,1.4163999557495117,0.34380000829696655,0.08399999886751175,=NA(),20,1013.25,0,0,0,0,0,-0.00000610351571594947,0,0,0,0,0,0,0,0,0,0,0,0,0,0
18,21,0,1,Night,,111.35603332519531,-21.356033325195312,222.98355102539062,0,0,0,0,-0.00009765625145519152,4.579999923706055,=NA(),0,64.81599426269531,1.4163999557495117,0.34380000829696655,0.08399999886751175,=NA(),20,1013.25,0,0,0,0,0,-0.00000610351571594947,0,0,0,0,0,0,0,0,0,0,0,0,0,0
18,22,0,1,Night,,118.64596557617188,-28.64596939086914,209.7261199951172,0,0,0,0,-0.00009765625145519152,5.0100998878479,=NA(),0,64.81599426269531,1.4163999557495117,0.34380000829696655,0.08399999886751175,=NA(),20,1013.25,0,0,0,0,0,-0.00000610351571594947,0,0,0,0,0,0,0,0,0,0,0,0,0,0
18,23,0,1,Night,,123.26360321044922,-33.26359939575195,194.24044799804688,0,0,0,0,-0.00009765625145519152,5.130000114440918,=NA(),0,64.81599426269531,1.4163999557495117,0.34380000829696655,0.08399999886751175,=NA(),20,1013.25,0,0,0,0,0,-0.00000610351571594947,0,0,0,0,0,0,0,0,0,0,0,0,0,0
19,0,0,1,Night,,124.51947021484375,-34.51947021484375,177.36895751953125,0,0,0,0,-0.00009765625145519152,4.930099964141846,=NA(),0,64.81599426269531,1.4163999557495117,0.34380000829696655,0.08399999886751175,=NA(),20,1013.25,0,0,0,0,0,-0.00000610351571594947,0,0,0,0,0,0,0,0,0,0,0,0,0,0
19,1,0,1,Night,,122.19007873535156,-32.19008255004883,160.76644897460938,0,0,0,0,-0.00009765625145519152,4.579999923706055,=NA(),0,64.81599426269531,1.4163999557495117,0.34380000829696655,0.08399999886751175,=NA(),20,1013.25,0,0,0,0,0,-0.00000610351571594947,0,0,0,0,0,0,0,0,0,0,0,0,0,0
19,2,0,1,Night,,116.67668151855469,-26.676679611206055,145.91384887695312,0,0,0,0,-0.00009765625145519152,4.149899959564209,=NA(),0,64.81599426269531,1.4163999557495117,0.34380000829696655,0.08399999886751175,=NA(),20,1013.25,0,0,0,0,0,-0.00000610351571594947,0,0,0,0,0,0,0,0,0,0,0,0,0,0
19,3,0,1,Night,,108.73265838623047,-18.73265838623047,133.34593200683594,0,0,0,0,-0.00009765625145519152,3.700000047683716,=NA(),0,64.81599426269531,1.4163999557495117,0.34380000829696655,0.08399999886751175,=NA(),20,1013.25,0,0,0,0,0,-0.00000610351571594947,0,0,0,0,0,0,0,0,0,0,0,0,0,0
19,4,0,1,Night,,99.10511779785156,-9.105114936828613,122.82193756103516,0,0,0,0,-0.00009765625145519152,3.6798999309539795,=NA(),0,64.81599426269531,1.4163999557495117,0.34380000829696655,0.08399999886751175,=NA(),20,1013.25,0,0,0,0,0,-0.00000610351571594947,0,0,0,0,0,0,0,0,0,0,0,0,0,0
19,5,0,1,Night,Sun above horizon but GHI below 1,86.38455963134766,3.6154391765594482,112.59884643554688,0,0,0,0,-0.00009765625145519152,3.940000057220459,=NA(),0,13.275049209594727,1.4163999557495117,0.34380000829696655,0.08399999886751175,=NA(),20,1013.25,0,0,0,0,0,-0.00000610351571594947,0,0,0,0,0,0,0,0,0,0,0,0,0,0
19,6,0,1,Night,Sun above horizon but GHI below 1,76.60165405273438,13.398348808288574,105.69989013671875,0,0,0,0,-0.00009765625145519152,3.5000998973846436,=NA(),0,4.24474573135376,1.4163999557495117,0.34380000829696655,0.08399999886751175,=NA(),20,1013.25,0,0,0,0,0,-0.00000610351571594947,0,0,0,0,0,0,0,0,0,0,0,0,0,0
19,7,0,1,Night,Sun above horizon but GHI below 1,64.63278198242188,25.367216110229492,97.93082427978516,0,0,0,0,-0.00009765625145519152,2.6700000762939453,=NA(),0,2.3250203132629395,1.4163999557495117,0.34380000829696655,0.08399999886751175,=NA(),20,1013.25,0,0,0,0,0,-0.00000610351571594947,0,0,0,0,0,0,0,0,0,0,0,0,0,0
19,8,0,1,Night,Sun above horizon but GHI below 1,52.41267013549805,37.58732986450195,89.78280639648438,0,0,0,0,-0.00009765625145519152,2.3099000453948975,=NA(),0,1.6370196342468262,1.4163999557495117,0.34380000829696655,0.08399999886751175,=NA(),20,1013.25,0,0,0,0,0,-0.00000610351571594947,0,0,0,0,0,0,0,0,0,0,0,0,0,0
19,9,0,1,Night,Sun above horizon but GHI below 1,40.20598220825195,49.79401779174805,80.0890121459961,0,0,0,0,-0.00009765625145519152,2.5999999046325684,=NA(),0,1.30849027633667,1.4163999557495117,0.34380000829696655,0.08399999886751175,=NA(),20,1013.25,0,0,0,0,0,-0.00000610351571594947,0,0,0,0,0,0,0,0,0,0,0,0,0,0
19,10,0,1,Night,Sun above horizon but GHI below 1,28.46097183227539,61.53902816772461,66.20423889160156,0,0,0,0,-0.00009765625145519152,3.349900007247925,=NA(),0,1.1370913982391357,1.4163999557495117,0.34380000829696655,0.08399999886751175,=NA(),20,1013.25,0,0,0,0,0,-0.00000610351571594947,0,0,0,0,0,0,0,0,0,0,0,0,0,0
19,11,0,1,Night,Sun above horizon but GHI below 1,18.50217056274414,71.49783325195312,40.58654022216797,0,0,0,0,-0.00009765625145519152,4.329999923706055,=NA(),0,1.0543113946914673,1.4163999557495117,0.34380000829696655,0.08399999886751175,=NA(),20,1013.25,0,0,0,0,0,-0.00000610351571594947,0,0,0,0,0,0,0,0,0,0,0,0,0,0
19,12,0,1,Night,Sun above horizon but GHI below 1,14.871428489685059,75.12857055664062,351.66162109375,0,0,0,0,-0.00009765625145519152,5.289999961853027,=NA(),0,1.0345059633255005,1.4163999557495117,0.34380000829696655,0.08399999886751175,=NA(),20,1013.25,0,0,0,0,0,-0.00000610351571594947,0,0,0,0,0,0,0,0,0,0,0,0,0,0
19,13,0,1,Night,Sun above horizon but GHI below 1,21.177398681640625,68.82260131835938,309.5906066894531,0,0,0,0,-0.00009765625145519152,5.9899001121521,=NA(),0,1.0721914768218994,1.4163999557495117,0.34380000829696655,0.08399999886751175,=NA(),20,1013.25,0,0,0,0,0,-0.00000610351571594947,0,0,0,0,0,0,0,0,0,0,0,0,0,0
19,14,0,1,Night,Sun above horizon but GHI below 1,31.950027465820312,58.04997253417969,288.9087829589844,0,0,0,0,-0.00009765625145519152,6.340000152587891,=NA(),0,1.178052306175232,1.4163999557495117,0.34380000829696655,0.08399999886751175,=NA(),20,1013.25,0,0,0,0,0,-0.00000610351571594947,0,0,0,0,0,0,0,0,0,0,0,0,0,0
19,15,0,1,Night,Sun above horizon but GHI below 1,43.91603088378906,46.08396911621094,276.766357421875,0,0,0,0,-0.00009765625145519152,6.360099792480469,=NA(),0,1.387035846710205,1.4163999557495117,0.34380000829696655,0.08399999886751175,=NA(),20,1013.25,0,0,0,0,0,-0.00000610351571594947,0,0,0,0,0,0,0,0,0,0,0,0,0,0
19,16,0,1,Night,Sun above horizon but GHI below 1,56.167877197265625,33.832122802734375,267.7266845703125,0,0,0,0,-0.00009765625145519152,6.059899806976318,=NA(),0,1.792639136314392,1.4163999557495117,0.34380000829696655,0.08399999886751175,=NA(),20,1013.25,0,0,0,0,0,-0.00000610351571594947,0,0,0,0,0,0,0,0,0,0,0,0,0,0
19,17,0,1,Night,Sun above horizon but GHI below 1,68.34866333007812,21.651334762573242,259.792724609375,0,0,0,0,-0.00009765625145519152,4.460100173950195,=NA(),0,2.6949315071105957,1.4163999557495117,0.34380000829696655,0.08399999886751175,=NA(),20,1013.25,0,0,0,0,0,-0.00000610351571594947,0,0,0,0,0,0,0,0,0,0,0,0,0,0
19,18,0,1,Night,Sun above horizon but GHI below 1,80.1998062133789,9.800192832946777,251.9960479736328,0,0,0,0,-0.00009765625145519152,3.7899999618530273,=NA(),0,5.693136692047119,1.4163999557495117,0.34380000829696655,0.08399999886751175,=NA(),20,1013.25,0,0,0,0,0,-0.00000610351571594947,0,0,0,0,0,0,0,0,0,0,0,0,0,0
19,19,0,1,Night,Sun above horizon but GHI below 1,88.02851867675781,1.971482515335083,246.25244140625,0,0,0,0,-0.00009765625145519152,3.9198999404907227,=NA(),0,19.590831756591797,1.4163999557495117,0.34380000829696655,0.08399999886751175,=NA(),20,1013.25,0,0,0,0,0,-0.00000610351571594947,0,0,0,0,0,0,0,0,0,0,0,0,0,0
19,20,0,1,Night,,102.26803588867188,-12.268037796020508,234.274169921875,0,0,0,0,-0.00009765625145519152,3.4700000286102295,=NA(),0,64.81599426269531,1.4163999557495117,0.34380000829696655,0.08399999886751175,=NA(),20,1013.25,0,0,0,0,0,-0.00000610351571594947,0,0,0,0,0,0,0,0,0,0,0,0,0,0
19,21,0,1,Night,,111.48141479492188,-21.481412887573242,223.18020629882812,0,0,0,0,-0.00009765625145519152,3.0799999237060547,=NA(),0,64.81599426269531,1.4163999557495117,0.34380000829696655,0.08399999886751175,=NA(),20,1013.25,0,0,0,0,0,-0.00000610351571594947,0,0,0,0,0,0,0,0,0,0,0,0,0,0
19,22,0,1,Night,,118.80402374267578,-28.804025650024414,209.9040985107422,0,0,0,0,-0.00009765625145519152,5.090099811553955,=NA(),0,64.81599426269531,1.4163999557495117,0.34380000829696655,0.08399999886751175,=NA(),20,1013.25,0,0,0,0,0,-0.00000610351571594947,0,0,0,0,0,0,0,0,0,0,0,0,0,0
19,23,0,1,Night,,123.45354461669922,-33.453548431396484,194.37876892089844,0,0,0,0,-0.00009765625145519152,6.739999771118164,=NA(),0,64.81599426269531,1.4163999557495117,0.34380000829696655,0.08399999886751175,=NA(),20,1013.25,0,0,0,0,0,-0.00000610351571594947,0,0,0,0,0,0,0,0,0,0,0,0,0,0
20,0,0,1,Night,,124.7328109741211,-34.732810974121094,177.44589233398438,0,0,0,0,-0.00009765625145519152,6.869999885559082,=NA(),0,64.81599426269531,1.4163999557495117,0.34380000829696655,0.08399999886751175,=NA(),20,1013.25,0,0,0,0,0,-0.00000610351571594947,0,0,0,0,0,0,0,0,0,0,0,0,0,0
20,1,0,1,Night,,122.41265106201172,-32.41264724731445,160.77577209472656,0,0,0,0,-0.00009765625145519152,6.549900054931641,=NA(),0,64.81599426269531,1.4163999557495117,0.34380000829696655,0.08399999886751175,=NA(),20,1013.25,0,0,0,0,0,-0.00000610351571594947,0,0,0,0,0,0,0,0,0,0,0,0,0,0
20,2,0,1,Night,,116.89569091796875,-26.895692825317383,145.86778259277344,0,0,0,0,-0.00009765625145519152,6.29010009765625,=NA(),0,64.81599426269531,1.4163999557495117,0.34380000829696655,0.08399999886751175,=NA(),20,1013.25,0,0,0,0,0,-0.00000610351571594947,0,0,0,0,0,0,0,0,0,0,0,0,0,0
20,3,0,1,Night,,108.94091796875,-18.94091796875,133.26214599609375,0,0,0,0,-0.00009765625145519152,6.190000057220459,=NA(),0,64.81599426269531,1.4163999557495117,0.34380000829696655,0.08399999886751175,=NA(),20,1013.25,0,0,0,0,0,-0.00000610351571594947,0,0,0,0,0,0,0,0,0,0,0,0,0,0
20,4,0,1,Night,,99.30082702636719,-9.300823211669922,122.71344757080078,0,0,0,0,-0.00009765625145519152,6.229899883270264,=NA(),0,64.81599426269531,1.4163999557495117,0.34380000829696655,0.08399999886751175,=NA(),20,1013.25,0,0,0,0,0,-0.00000610351571594947,0,0,0,0,0,0,0,0,0,0,0,0,0,0
20,5,0,1,Night,Sun above horizon but GHI below 1,86.46927642822266,3.5307230949401855,112.40003967285156,0,0,0,0,-0.00009765625145519152,7.21999979019165,=NA(),0,13.507731437683105,1.4163999557495117,0.34380000829696655,0.08399999886751175,=NA(),20,1013.25,0,0,0,0,0,-0.00000610351571594947,0,0,0,0,0,0,0,0,0,0,0,0,0,0
20,6,0,1,Night,Sun above horizon but GHI below 1,76.77554321289062,13.22445297241211,105.5560073852539,0,0,0,0,-0.00009765625145519152,7.369999885559082,=NA(),0,4.297552585601807,1.4163999557495117,0.34380000829696655,0.08399999886751175,=NA(),20,1013.25,0,0,0,0,0,-0.00000610351571594947,0,0,0,0,0,0,0,0,0,0,0,0,0,0
20,7,0,1,Night,Sun above horizon but GHI below 1,64.80072021484375,25.19927978515625,97.76693725585938,0,0,0,0,-0.00009765625145519152,6.600100040435791,=NA(),0,2.339346170425415,1.4163999557495117,0.34380000829696655,0.08399999886751175,=NA(),20,1013.25,0,0,0,0,0,-0.00000610351571594947,0,0,0,0,0,0,0,0,0,0,0,0,0,0
20,8,0,1,Night,Sun above horizon but GHI below 1,52.578330993652344,37.421669006347656,89.59221649169922,0,0,0,0,-0.00009765625145519152,5.589900016784668,=NA(),0,1.6431704759597778,1.4163999557495117,0.34380000829696655,0.08399999886751175,=NA(),20,1013.25,0,0,0,0,0,-0.00000610351571594947,0,0,0,0,0,0,0,0,0,0,0,0,0,0
20,9,0,1,Night,Sun above horizon but GHI below 1,40.37569808959961,49.62430191040039,79.8616714477539,0,0,0,0,-0.00009765625145519152,4.559999942779541,=NA(),0,1.3117713928222656,1.4163999557495117,0.34380000829696655,0.08399999886751175,=NA(),20,1013.25,0,0,0,0,0,-0.00000610351571594947,0,0,0,0,0,0,0,0,0,0,0,0,0,0
20,10,0,1,Night,Sun above horizon but GHI below 1,28.645963668823242,61.354034423828125,65.93714904785156,0,0,0,0,-0.00009765625145519152,3.619999885559082,=NA(),0,1.1390868425369263,1.4163999557495117,0.34380000829696655,0.08399999886751175,=NA(),20,1013.25,0,0,0,0,0,-0.00000610351571594947,0,0,0,0,0,0,0,0,0,0,0,0,0,0
20,11,0,1,Night,Sun above horizon but GHI below 1,18.718143463134766,71.2818603515625,40.38900375366211,0,0,0,0,-0.00009765625145519152,2.819999933242798,=NA(),0,1.055647850036621,1.4163999557495117,0.34380000829696655,0.08399999886751175,=NA(),20,1013.25,0,0,0,0,0,-0.00000610351571594947,0,0,0,0,0,0,0,0,0,0,0,0,0,0
20,12,0,1,Night,Sun above horizon but GHI below 1,15.075052261352539,74.9249496459961,352.033935546875,0,0,0,0,-0.00009765625145519152,2.190000057220459,=NA(),0,1.0354876518249512,1.4163999557495117,0.34380000829696655,0.08399999886751175,=NA(),20,1013.25,0,0,0,0,0,-0.00000610351571594947,0,0,0,0,0,0,0,0,0,0,0,0,0,0
20,13,0,1,Night,Sun above horizon but GHI below 1,21.2895450592041,68.71045684814453,310.1305236816406,0,0,0,0,-0.00009765625145519152,1.7100000381469727,=NA(),0,1.0730056762695312,1.4163999557495117,0.34380000829696655,0.08399999886751175,=NA(),20,1013.25,0,0,0,0,0,-0.00000610351571594947,0,0,0,0,0,0,0,0,0,0,0,0,0,0
20,14,0,1,Night,Sun above horizon but GHI below 1,32.013790130615234,57.986209869384766,289.3174133300781,0,0,0,0,-0.00009765625145519152,1.399999976158142,=NA(),0,1.1788694858551025,1.4163999557495117,0.34380000829696655,0.08399999886751175,=NA(),20,1013.25,0,0,0,0,0,-0.00000610351571594947,0,0,0,0,0,0,0,0,0,0,0,0,0,0
20,15,0,1,Night,Sun above horizon but GHI below 1,43.96294403076172,46.03705596923828,277.084716796875,0,0,0,0,-0.00009765625145519152,1.2200000286102295,=NA(),0,1.3881274461746216,1.4163999557495117,0.34380000829696655,0.08399999886751175,=NA(),20,1013.25,0,0,0,0,0,-0.00000610351571594947,0,0,0,0,0,0,0,0,0,0,0,0,0,0
20,16,0,1,Night,Sun above horizon but GHI below 1,56.21246337890625,33.78753662109375,267.9934387207031,0,0,0,0,-0.00009765625145519152,1.1699999570846558,=NA(),0,1.794711709022522,1.4163999557495117,0.34380000829696655,0.08399999886751175,=NA(),20,1013.25,0,0,0,0,0,-0.00000610351571594947,0,0,0,0,0,0,0,0,0,0,0,0,0,0
20,17,0,1,Night,Sun above horizon but GHI below 1,68.39912414550781,21.600875854492188,260.02996826171875,0,0,0,0,-0.00009765625145519152,0.9800000190734863,=NA(),0,2.7008414268493652,1.4163999557495117,0.34380000829696655,0.08399999886751175,=NA(),20,1013.25,0,0,0,0,0,-0.00000610351571594947,0,0,0,0,0,0,0,0,0,0,0,0,0,0
20,18,0,1,Night,Sun above horizon but GHI below 1,80.2618179321289,9.738178253173828,252.21690368652344,0,0,0,0,-0.00009765625145519152,1.1101000308990479,=NA(),0,5.726755142211914,1.4163999557495117,0.34380000829696655,0.08399999886751175,=NA(),20,1013.25,0,0,0,0,0,-0.00000610351571594947,0,0,0,0,0,0,0,0,0,0,0,0,0,0
20,19,0,1,Night,Sun above horizon but GHI below 1,88.06240844726562,1.93759024143219,246.4949493408203,0,0,0,0,-0.00009765625145519152,1.5298999547958374,=NA(),0,19.77511978149414,1.4163999557495117,0.34380000829696655,0.08399999886751175,=NA(),20,1013.25,0,0,0,0,0,-0.00000610351571594947,0,0,0,0,0,0,0,0,0,0,0,0,0,0
20,20,0,1,Night,,102.37091827392578,-12.370919227600098,234.4810028076172,0,0,0,0,-0.00009765625145519152,2.190000057220459,=NA(),0,64.81599426269531,1.4163999557495117,0.34380000829696655,0.08399999886751175,=NA(),20,1013.25,0,0,0,0,0,-0.00000610351571594947,0,0,0,0,0,0,0,0,0,0,0,0,0,0
20,21,0,1,Night,,111.6132583618164,-21.613262176513672,223.3788604736328,0,0,0,0,-0.00009765625145519152,3,=NA(),0,64.81599426269531,1.4163999557495117,0.34380000829696655,0.08399999886751175,=NA(),20,1013.25,0,0,0,0,0,-0.00000610351571594947,0,0,0,0,0,0,0,0,0,0,0,0,0,0
20,22,0,1,Night,,118.96871185302734,-28.968708038330078,210.0828857421875,0,0,0,0,-0.00009765625145519152,4.140100002288818,=NA(),0,64.81599426269531,1.4163999557495117,0.34380000829696655,0.08399999886751175,=NA(),20,1013.25,0,0,0,0,0,-0.00000610351571594947,0,0,0,0,0,0,0,0,0,0,0,0,0,0
20,23,0,1,Night,,123.65010070800781,-33.65010070800781,194.51611328125,0,0,0,0,-0.00009765625145519152,5.369999885559082,=NA(),0,64.81599426269531,1.4163999557495117,0.34380000829696655,0.08399999886751175,=NA(),20,1013.25,0,0,0,0,0,-0.00000610351571594947,0,0,0,0,0,0,0,0,0,0,0,0,0,0
21,0,0,1,Night,,124.9522705078125,-34.9522705078125,177.51954650878906,0,0,0,0,-0.00009765625145519152,6.079999923706055,=NA(),0,64.81599426269531,1.4163999557495117,0.34380000829696655,0.08399999886751175,=NA(),20,1013.25,0,0,0,0,0,-0.00000610351571594947,0,0,0,0,0,0,0,0,0,0,0,0,0,0
21,1,0,1,Night,,122.64043426513672,-32.64043426513672,160.77981567382812,0,0,0,0,-0.00009765625145519152,6.159999847412109,=NA(),0,64.81599426269531,1.4163999557495117,0.34380000829696655,0.08399999886751175,=NA(),20,1013.25,0,0,0,0,0,-0.00000610351571594947,0,0,0,0,0,0,0,0,0,0,0,0,0,0
21,2,0,1,Night,,117.1187973022461,-27.11879539489746,145.81533813476562,0,0,0,0,-0.00009765625145519152,5.920000076293945,=NA(),0,64.81599426269531,1.4163999557495117,0.34380000829696655,0.08399999886751175,=NA(),20,1013.25,0,0,0,0,0,-0.00000610351571594947,0,0,0,0,0,0,0,0,0,0,0,0,0,0
21,3,0,1,Night,,109.15221405029297,-19.152217864990234,133.17166137695312,0,0,0,0,-0.00009765625145519152,5.440000057220459,=NA(),0,64.81599426269531,1.4163999557495117,0.34380000829696655,0.08399999886751175,=NA(),20,1013.25,0,0,0,0,0,-0.00000610351571594947,0,0,0,0,0,0,0,0,0,0,0,0,0,0
21,4,0,1,Night,,99.4986343383789,-9.49863052368164,122.59823608398438,0,0,0,0,-0.00009765625145519152,5.210000038146973,=NA(),0,64.81599426269531,1.4163999557495117,0.34380000829696655,0.08399999886751175,=NA(),20,1013.25,0,0,0,0,0,-0.00000610351571594947,0,0,0,0,0,0,0,0,0,0,0,0,0,0
21,5,0,1,Night,Sun above horizon but GHI below 1,86.55204772949219,3.4479496479034424,112.19202423095703,0,0,0,0,-0.00009765625145519152,5.589900016784668,=NA(),0,13.74238395690918,1.4163999557495117,0.34380000829696655,0.08399999886751175,=NA(),20,1013.25,0,0,0,0,0,-0.00000610351571594947,0,0,0,0,0,0,0,0,0,0,0,0,0,0
21,6,0,1,Night,Sun above horizon but GHI below 1,76.95055389404297,13.049449920654297,105.4053726196289,0,0,0,0,-0.00009765625145519152,5.599999904632568,=NA(),0,4.352052688598633,1.4163999557495117,0.34380000829696655,0.08399999886751175,=NA(),20,1013.25,0,0,0,0,0,-0.00000610351571594947,0,0,0,0,0,0,0,0,0,0,0,0,0,0
21,7,0,1,Night,Sun above horizon but GHI below 1,64.96959686279297,25.030405044555664,97.59597778320312,0,0,0,0,-0.00009765625145519152,4.980000019073486,=NA(),0,2.353949785232544,1.4163999557495117,0.34380000829696655,0.08399999886751175,=NA(),20,1013.25,0,0,0,0,0,-0.00000610351571594947,0,0,0,0,0,0,0,0,0,0,0,0,0,0
21,8,0,1,Night,Sun above horizon but GHI below 1,52.74493408203125,37.25506591796875,89.39387512207031,0,0,0,0,-0.00009765625145519152,4.25,=NA(),0,1.6494166851043701,1.4163999557495117,0.34380000829696655,0.08399999886751175,=NA(),20,1013.25,0,0,0,0,0,-0.00000610351571594947,0,0,0,0,0,0,0,0,0,0,0,0,0,0
21,9,0,1,Night,Sun above horizon but GHI below 1,40.54669189453125,49.45330810546875,79.62545013427734,0,0,0,0,-0.00009765625145519152,3.690000057220459,=NA(),0,1.3151054382324219,1.4163999557495117,0.34380000829696655,0.08399999886751175,=NA(),20,1013.25,0,0,0,0,0,-0.00000610351571594947,0,0,0,0,0,0,0,0,0,0,0,0,0,0
21,10,0,1,Night,Sun above horizon but GHI below 1,28.833051681518555,61.16695022583008,65.65938568115234,0,0,0,0,-0.00009765625145519152,3.4398999214172363,=NA(),0,1.1411241292953491,1.4163999557495117,0.34380000829696655,0.08399999886751175,=NA(),20,1013.25,0,0,0,0,0,-0.00000610351571594947,0,0,0,0,0,0,0,0,0,0,0,0,0,0
21,11,0,1,Night,Sun above horizon but GHI below 1,18.937904357910156,71.06209564208984,40.17783737182617,0,0,0,0,-0.00009765625145519152,3.390000104904175,=NA(),0,1.0570266246795654,1.4163999557495117,0.34380000829696655,0.08399999886751175,=NA(),20,1013.25,0,0,0,0,0,-0.00000610351571594947,0,0,0,0,0,0,0,0,0,0,0,0,0,0
21,12,0,1,Night,Sun above horizon but GHI below 1,15.285791397094727,74.7142105102539,352.388671875,0,0,0,0,-0.00009765625145519152,3.369999885559082,=NA(),0,1.0365194082260132,1.4163999557495117,0.34380000829696655,0.08399999886751175,=NA(),20,1013.25,0,0,0,0,0,-0.00000610351571594947,0,0,0,0,0,0,0,0,0,0,0,0,0,0
21,13,0,1,Night,Sun above horizon but GHI below 1,21.40993881225586,68.59005737304688,310.6705017089844,0,0,0,0,-0.00009765625145519152,3.240000009536743,=NA(),0,1.0738855600357056,1.4163999557495117,0.34380000829696655,0.08399999886751175,=NA(),20,1013.25,0,0,0,0,0,-0.00000610351571594947,0,0,0,0,0,0,0,0,0,0,0,0,0,0
21,14,0,1,Night,Sun above horizon but GHI below 1,32.084739685058594,57.915260314941406,289.73114013671875,0,0,0,0,-0.00009765625145519152,3,=NA(),0,1.1797816753387451,1.4163999557495117,0.34380000829696655,0.08399999886751175,=NA(),20,1013.25,0,0,0,0,0,-0.00000610351571594947,0,0,0,0,0,0,0,0,0,0,0,0,0,0
21,15,0,1,Night,Sun above horizon but GHI below 1,44.01632308959961,45.98367691040039,277.40826416015625,0,0,0,0,-0.00009765625145519152,2.70989990234375,=NA(),0,1.38937246799469,1.4163999557495117,0.34380000829696655,0.08399999886751175,=NA(),20,1013.25,0,0,0,0,0,-0.00000610351571594947,0,0,0,0,0,0,0,0,0,0,0,0,0,0
21,16,0,1,Night,Sun above horizon but GHI below 1,56.26314163208008,33.73685836791992,268.2646789550781,0,0,0,0,-0.00009765625145519152,2.3801000118255615,=NA(),0,1.7970746755599976,1.4163999557495117,0.34380000829696655,0.08399999886751175,=NA(),20,1013.25,0,0,0,0,0,-0.00000610351571594947,0,0,0,0,0,0,0,0,0,0,0,0,0,0
21,17,0,1,Night,Sun above horizon but GHI below 1,68.45552062988281,21.544475555419922,260.271240234375,0,0,0,0,-0.00009765625145519152,1.5901000499725342,=NA(),0,2.707479238510132,1.4163999557495117,0.34380000829696655,0.08399999886751175,=NA(),20,1013.25,0,0,0,0,0,-0.00000610351571594947,0,0,0,0,0,0,0,0,0,0,0,0,0,0
21,18,0,1,Night,Sun above horizon but GHI below 1,80.3297348022461,9.670268058776855,252.4413604736328,0,0,0,0,-0.00009765625145519152,1.4700000286102295,=NA(),0,5.7640252113342285,1.4163999557495117,0.34380000829696655,0.08399999886751175,=NA(),20,1013.25,0,0,0,0,0,-0.00000610351571594947,0,0,0,0,0,0,0,0,0,0,0,0,0,0
21,19,0,1,Night,Sun above horizon but GHI below 1,88.09590148925781,1.904096245765686,246.74542236328125,0,0,0,0,-0.00009765625145519152,1.9700000286102295,=NA(),0,19.96019172668457,1.4163999557495117,0.34380000829696655,0.08399999886751175,=NA(),20,1013.25,0,0,0,0,0,-0.00000610351571594947,0,0,0,0,0,0,0,0,0,0,0,0,0,0
21,20,0,1,Night,,102.48001098632812,-12.480008125305176,234.69044494628906,0,0,0,0,-0.00009765625145519152,2.460099935531616,=NA(),0,64.81599426269531,1.4163999557495117,0.34380000829696655,0.08399999886751175,=NA(),20,1013.25,0,0,0,0,0,-0.00000610351571594947,0,0,0,0,0,0,0,0,0,0,0,0,0,0
21,21,0,1,Night,,111.75153350830078,-21.75153160095215,223.57943725585938,0,0,0,0,-0.00009765625145519152,2.740000009536743,=NA(),0,64.81599426269531,1.4163999557495117,0.34380000829696655,0.08399999886751175,=NA(),20,1013.25,0,0,0,0,0,-0.00000610351571594947,0,0,0,0,0,0,0,0,0,0,0,0,0,0
21,22,0,1,Night,,119.13997650146484,-29.139976501464844,210.262451171875,0,0,0,0,-0.00009765625145519152,3.1800999641418457,=NA(),0,64.81599426269531,1.4163999557495117,0.34380000829696655,0.08399999886751175,=NA(),20,1013.25,0,0,0,0,0,-0.00000610351571594947,0,0,0,0,0,0,0,0,0,0,0,0,0,0
21,23,0,1,Night,,123.85315704345703,-33.853153228759766,194.6523895263672,0,0,0,0,-0.00009765625145519152,4.229899883270264,=NA(),0,64.81599426269531,1.4163999557495117,0.34380000829696655,0.08399999886751175,=NA(),20,1013.25,0,0,0,0,0,-0.00000610351571594947,0,0,0,0,0,0,0,0,0,0,0,0,0,0
22,0,0,1,Night,,125.17776489257812,-35.17776107788086,177.58985900878906,0,0,0,0,-0.00009765625145519152,5.570099830627441,=NA(),0,64.81599426269531,1.4163999557495117,0.34380000829696655,0.08399999886751175,=NA(),20,1013.25,0,0,0,0,0,-0.00000610351571594947,0,0,0,0,0,0,0,0,0,0,0,0,0,0
22,1,0,1,Night,,122.87332916259766,-32.873329162597656,160.77853393554688,0,0,0,0,-0.00009765625145519152,5.9899001121521,=NA(),0,64.81599426269531,1.4163999557495117,0.34380000829696655,0.08399999886751175,=NA(),20,1013.25,0,0,0,0,0,-0.00000610351571594947,0,0,0,0,0,0,0,0,0,0,0,0,0,0
22,2,0,1,Night,,117.34588623046875,-27.345890045166016,145.75650024414062,0,0,0,0,-0.00009765625145519152,6.280099868774414,=NA(),0,64.81599426269531,1.4163999557495117,0.34380000829696655,0.08399999886751175,=NA(),20,1013.25,0,0,0,0,0,-0.00000610351571594947,0,0,0,0,0,0,0,0,0,0,0,0,0,0
22,3,0,1,Night,,109.36643981933594,-19.36644172668457,133.07444763183594,0,0,0,0,-0.00009765625145519152,5.970099925994873,=NA(),0,64.81599426269531,1.4163999557495117,0.34380000829696655,0.08399999886751175,=NA(),20,1013.25,0,0,0,0,0,-0.00000610351571594947,0,0,0,0,0,0,0,0,0,0,0,0,0,0
22,4,0,1,Night,,99.69843292236328,-9.698429107666016,122.47633361816406,0,0,0,0,-0.00009765625145519152,5.890100002288818,=NA(),0,64.81599426269531,1.4163999557495117,0.34380000829696655,0.08399999886751175,=NA(),20,1013.25,0,0,0,0,0,-0.00000610351571594947,0,0,0,0,0,0,0,0,0,0,0,0,0,0
22,5,0,1,Night,Sun above horizon but GHI below 1,86.6388168334961,3.3611838817596436,111.97948455810547,0,0,0,0,-0.00009765625145519152,7.099899768829346,=NA(),0,13.9963960647583,1.4163999557495117,0.34380000829696655,0.08399999886751175,=NA(),20,1013.25,0,0,0,0,0,-0.00000610351571594947,0,0,0,0,0,0,0,0,0,0,0,0,0,0
22,6,0,1,Night,Sun above horizon but GHI below 1,77.12657928466797,12.873421669006348,105.24805450439453,0,0,0,0,-0.00009765625145519152,8.900099754333496,=NA(),0,4.408297061920166,1.4163999557495117,0.34380000829696655,0.08399999886751175,=NA(),20,1013.25,0,0,0,0,0,-0.00000610351571594947,0,0,0,0,0,0,0,0,0,0,0,0,0,0
22,7,0,1,Night,Sun above horizon but GHI below 1,65.1393051147461,24.86069679260254,97.41803741455078,0,0,0,0,-0.00009765625145519152,9.239899635314941,=NA(),0,2.3688302040100098,1.4163999557495117,0.34380000829696655,0.08399999886751175,=NA(),20,1013.25,0,0,0,0,0,-0.00000610351571594947,0,0,0,0,0,0,0,0,0,0,0,0,0,0
22,8,0,1,Night,Sun above horizon but GHI below 1,52.91242218017578,37.08757781982422,89.18793487548828,0,0,0,0,-0.00009765625145519152,8.489999771118164,=NA(),0,1.655758261680603,1.4163999557495117,0.34380000829696655,0.08399999886751175,=NA(),20,1013.25,0,0,0,0,0,-0.00000610351571594947,0,0,0,0,0,0,0,0,0,0,0,0,0,0
22,9,0,1,Night,Sun above horizon but GHI below 1,40.71890640258789,49.28109359741211,79.38053131103516,0,0,0,0,-0.00009765625145519152,7.560100078582764,=NA(),0,1.3184922933578491,1.4163999557495117,0.34380000829696655,0.08399999886751175,=NA(),20,1013.25,0,0,0,0,0,-0.00000610351571594947,0,0,0,0,0,0,0,0,0,0,0,0,0,0
22,10,0,1,Night,Sun above horizon but GHI below 1,29.02220916748047,60.97779083251953,65.37126159667969,0,0,0,0,-0.00009765625145519152,6.820000171661377,=NA(),0,1.143203616142273,1.4163999557495117,0.34380000829696655,0.08399999886751175,=NA(),20,1013.25,0,0,0,0,0,-0.00000610351571594947,0,0,0,0,0,0,0,0,0,0,0,0,0,0
22,11,0,1,Night,Sun above horizon but GHI below 1,19.161399841308594,70.8386001586914,39.95365524291992,0,0,0,0,-0.00009765625145519152,6.329999923706055,=NA(),0,1.0584484338760376,1.4163999557495117,0.34380000829696655,0.08399999886751175,=NA(),20,1013.25,0,0,0,0,0,-0.00000610351571594947,0,0,0,0,0,0,0,0,0,0,0,0,0,0
22,12,0,1,Night,Sun above horizon but GHI below 1,15.50349235534668,74.49650573730469,352.725830078125,0,0,0,0,-0.00009765625145519152,6.059899806976318,=NA(),0,1.037602186203003,1.4163999557495117,0.34380000829696655,0.08399999886751175,=NA(),20,1013.25,0,0,0,0,0,-0.00000610351571594947,0,0,0,0,0,0,0,0,0,0,0,0,0,0
22,13,0,1,Night,Sun above horizon but GHI below 1,21.538557052612305,68.46144104003906,311.2096862792969,0,0,0,0,-0.00009765625145519152,5.840000152587891,=NA(),0,1.0748324394226074,1.4163999557495117,0.34380000829696655,0.08399999886751175,=NA(),20,1013.25,0,0,0,0,0,-0.00000610351571594947,0,0,0,0,0,0,0,0,0,0,0,0,0,0
22,14,0,1,Night,Sun above horizon but GHI below 1,32.16291427612305,57.83708572387695,290.1495361328125,0,0,0,0,-0.00009765625145519152,5.560100078582764,=NA(),0,1.1807905435562134,1.4163999557495117,0.34380000829696655,0.08399999886751175,=NA(),20,1013.25,0,0,0,0,0,-0.00000610351571594947,0,0,0,0,0,0,0,0,0,0,0,0,0,0
22,15,0,1,Night,Sun above horizon but GHI below 1,44.076194763183594,45.923805236816406,277.7366027832031,0,0,0,0,-0.00009765625145519152,5.189899921417236,=NA(),0,1.390773057937622,1.4163999557495117,0.34380000829696655,0.08399999886751175,=NA(),20,1013.25,0,0,0,0,0,-0.00000610351571594947,0,0,0,0,0,0,0,0,0,0,0,0,0,0
22,16,0,1,Night,Sun above horizon but GHI below 1,56.31993865966797,33.68006134033203,268.54034423828125,0,0,0,0,-0.00009765625145519152,4.690100193023682,=NA(),0,1.7997318506240845,1.4163999557495117,0.34380000829696655,0.08399999886751175,=NA(),20,1013.25,0,0,0,0,0,-0.00000610351571594947,0,0,0,0,0,0,0,0,0,0,0,0,0,0
22,17,0,1,Night,Sun above horizon but GHI below 1,68.51787567138672,21.482126235961914,260.516357421875,0,0,0,0,-0.00009765625145519152,3.1500000953674316,=NA(),0,2.7148590087890625,1.4163999557495117,0.34380000829696655,0.08399999886751175,=NA(),20,1013.25,0,0,0,0,0,-0.00000610351571594947,0,0,0,0,0,0,0,0,0,0,0,0,0,0
22,18,0,1,Night,Sun above horizon but GHI below 1,80.40352630615234,9.596474647521973,252.66921997070312,0,0,0,0,-0.00009765625145519152,2.759999990463257,=NA(),0,5.8050689697265625,1.4163999557495117,0.34380000829696655,0.08399999886751175,=NA(),20,1013.25,0,0,0,0,0,-0.00000610351571594947,0,0,0,0,0,0,0,0,0,0,0,0,0,0
22,19,0,1,Night,Sun above horizon but GHI below 1,88.13182830810547,1.8681737184524536,247.00148010253906,0,0,0,0,-0.00009765625145519152,2.740000009536743,=NA(),0,20.16201400756836,1.4163999557495117,0.34380000829696655,0.08399999886751175,=NA(),20,1013.25,0,0,0,0,0,-0.00000610351571594947,0,0,0,0,0,0,0,0,0,0,0,0,0,0
22,20,0,1,Night,,102.59526824951172,-12.595264434814453,234.9024200439453,0,0,0,0,-0.00009765625145519152,2.75,=NA(),0,64.81599426269531,1.4163999557495117,0.34380000829696655,0.08399999886751175,=NA(),20,1013.25,0,0,0,0,0,-0.00000610351571594947,0,0,0,0,0,0,0,0,0,0,0,0,0,0
22,21,0,1,Night,,111.89616394042969,-21.896163940429688,223.78189086914062,0,0,0,0,-0.00009765625145519152,2.6700000762939453,=NA(),0,64.81599426269531,1.4163999557495117,0.34380000829696655,0.08399999886751175,=NA(),20,1013.25,0,0,0,0,0,-0.00000610351571594947,0,0,0,0,0,0,0,0,0,0,0,0,0,0
22,22,0,1,Night,,119.31775665283203,-29.317752838134766,210.44271850585938,0,0,0,0,-0.00009765625145519152,2.3701000213623047,=NA(),0,64.81599426269531,1.4163999557495117,0.34380000829696655,0.08399999886751175,=NA(),20,1013.25,0,0,0,0,0,-0.00000610351571594947,0,0,0,0,0,0,0,0,0,0,0,0,0,0
22,23,0,1,Night,,124.06263732910156,-34.06263732910156,194.78753662109375,0,0,0,0,-0.00009765625145519152,1.750100016593933,=NA(),0,64.81599426269531,1.4163999557495117,0.34380000829696655,0.08399999886751175,=NA(),20,1013.25,0,0,0,0,0,-0.00000610351571594947,0,0,0,0,0,0,0,0,0,0,0,0,0,0
23,0,0,1,Night,,125.40921020507812,-35.409210205078125,177.65672302246094,0,0,0,0,-0.00009765625145519152,0.75,=NA(),0,64.81599426269531,1.4163999557495117,0.34380000829696655,0.08399999886751175,=NA(),20,1013.25,0,0,0,0,0,-0.00000610351571594947,0,0,0,0,0,0,0,0,0,0,0,0,0,0
23,1,0,1,Night,,123.11123657226562,-33.11123275756836,160.77188110351562,0,0,0,0,-0.00009765625145519152,1.3899999856948853,=NA(),0,64.81599426269531,1.4163999557495117,0.34380000829696655,0.08399999886751175,=NA(),20,1013.25,0,0,0,0,0,-0.00000610351571594947,0,0,0,0,0,0,0,0,0,0,0,0,0,0
23,2,0,1,Night,,117.57684326171875,-27.576841354370117,145.69119262695312,0,0,0,0,-0.00009765625145519152,2.530100107192993,=NA(),0,64.81599426269531,1.4163999557495117,0.34380000829696655,0.08399999886751175,=NA(),20,1013.25,0,0,0,0,0,-0.00000610351571594947,0,0,0,0,0,0,0,0,0,0,0,0,0,0
23,3,0,1,Night,,109.5834732055664,-19.583473205566406,132.97048950195312,0,0,0,0,-0.00009765625145519152,3.059999942779541,=NA(),0,64.81599426269531,1.4163999557495117,0.34380000829696655,0.08399999886751175,=NA(),20,1013.25,0,0,0,0,0,-0.00000610351571594947,0,0,0,0,0,0,0,0,0,0,0,0,0,0
23,4,0,1,Night,,99.90013122558594,-9.900132179260254,122.3477554321289,0,0,0,0,-0.00009765625145519152,3.3301000595092773,=NA(),0,64.81599426269531,1.4163999557495117,0.34380000829696655,0.08399999886751175,=NA(),20,1013.25,0,0,0,0,0,-0.00000610351571594947,0,0,0,0,0,0,0,0,0,0,0,0,0,0
23,5,0,1,Night,Sun above horizon but GHI below 1,86.72342681884766,3.2765743732452393,111.7578125,0,0,0,0,-0.00009765625145519152,4.329999923706055,=NA(),0,14.252410888671875,1.4163999557495117,0.34380000829696655,0.08399999886751175,=NA(),20,1013.25,0,0,0,0,0,-0.00000610351571594947,0,0,0,0,0,0,0,0,0,0,0,0,0,0
23,6,0,1,Night,Sun above horizon but GHI below 1,77.30353546142578,12.696465492248535,105.0841293334961,0,0,0,0,-0.00009765625145519152,4.269999980926514,=NA(),0,4.466334342956543,1.4163999557495117,0.34380000829696655,0.08399999886751175,=NA(),20,1013.25,0,0,0,0,0,-0.00000610351571594947,0,0,0,0,0,0,0,0,0,0,0,0,0,0
23,7,0,1,Night,Sun above horizon but GHI below 1,65.30980682373047,24.690195083618164,97.23321533203125,0,0,0,0,-0.00009765625145519152,4.659999847412109,=NA(),0,2.383990526199341,1.4163999557495117,0.34380000829696655,0.08399999886751175,=NA(),20,1013.25,0,0,0,0,0,-0.00000610351571594947,0,0,0,0,0,0,0,0,0,0,0,0,0,0
23,8,0,1,Night,Sun above horizon but GHI below 1,53.08074951171875,36.91925048828125,88.97453308105469,0,0,0,0,-0.00009765625145519152,4.909999847412109,=NA(),0,1.6621947288513184,1.4163999557495117,0.34380000829696655,0.08399999886751175,=NA(),20,1013.25,0,0,0,0,0,-0.00000610351571594947,0,0,0,0,0,0,0,0,0,0,0,0,0,0
23,9,0,1,Night,Sun above horizon but GHI below 1,40.8923225402832,49.1076774597168,79.12712097167969,0,0,0,0,-0.00009765625145519152,4.939899921417236,=NA(),0,1.3219324350357056,1.4163999557495117,0.34380000829696655,0.08399999886751175,=NA(),20,1013.25,0,0,0,0,0,-0.00000610351571594947,0,0,0,0,0,0,0,0,0,0,0,0,0,0
23,10,0,1,Night,Sun above horizon but GHI below 1,29.213409423828125,60.786590576171875,65.07312774658203,0,0,0,0,-0.00009765625145519152,5.000100135803223,=NA(),0,1.1453261375427246,1.4163999557495117,0.34380000829696655,0.08399999886751175,=NA(),20,1013.25,0,0,0,0,0,-0.00000610351571594947,0,0,0,0,0,0,0,0,0,0,0,0,0,0
23,11,0,1,Night,Sun above horizon but GHI below 1,19.38857650756836,70.6114273071289,39.71704864501953,0,0,0,0,-0.00009765625145519152,5.029900074005127,=NA(),0,1.059914231300354,1.4163999557495117,0.34380000829696655,0.08399999886751175,=NA(),20,1013.25,0,0,0,0,0,-0.00000610351571594947,0,0,0,0,0,0,0,0,0,0,0,0,0,0
23,12,0,1,Night,Sun above horizon but GHI below 1,15.728006362915039,74.2719955444336,353.0455322265625,0,0,0,0,-0.00009765625145519152,5.019899845123291,=NA(),0,1.0387368202209473,1.4163999557495117,0.34380000829696655,0.08399999886751175,=NA(),20,1013.25,0,0,0,0,0,-0.00000610351571594947,0,0,0,0,0,0,0,0,0,0,0,0,0,0
23,13,0,1,Night,Sun above horizon but GHI below 1,21.67538070678711,68.32462310791016,311.747314453125,0,0,0,0,-0.00009765625145519152,4.920100212097168,=NA(),0,1.0758475065231323,1.4163999557495117,0.34380000829696655,0.08399999886751175,=NA(),20,1013.25,0,0,0,0,0,-0.00000610351571594947,0,0,0,0,0,0,0,0,0,0,0,0,0,0
23,14,0,1,Night,Sun above horizon but GHI below 1,32.24834442138672,57.75165557861328,290.5720520019531,0,0,0,0,-0.00009765625145519152,4.650000095367432,=NA(),0,1.1818976402282715,1.4163999557495117,0.34380000829696655,0.08399999886751175,=NA(),20,1013.25,0,0,0,0,0,-0.00000610351571594947,0,0,0,0,0,0,0,0,0,0,0,0,0,0
23,15,0,1,Night,Sun above horizon but GHI below 1,44.142601013183594,45.857398986816406,278.0695495605469,0,0,0,0,-0.00009765625145519152,4.28000020980835,=NA(),0,1.392331600189209,1.4163999557495117,0.34380000829696655,0.08399999886751175,=NA(),20,1013.25,0,0,0,0,0,-0.00000610351571594947,0,0,0,0,0,0,0,0,0,0,0,0,0,0
23,16,0,1,Night,Sun above horizon but GHI below 1,56.382877349853516,33.617122650146484,268.82012939453125,0,0,0,0,-0.00009765625145519152,3.7400999069213867,=NA(),0,1.8026875257492065,1.4163999557495117,0.34380000829696655,0.08399999886751175,=NA(),20,1013.25,0,0,0,0,0,-0.00000610351571594947,0,0,0,0,0,0,0,0,0,0,0,0,0,0
23,17,0,1,Night,Sun above horizon but GHI below 1,68.586181640625,21.413816452026367,260.76519775390625,0,0,0,0,-0.00009765625145519152,2.4798998832702637,=NA(),0,2.7229933738708496,1.4163999557495117,0.34380000829696655,0.08399999886751175,=NA(),20,1013.25,0,0,0,0,0,-0.00000610351571594947,0,0,0,0,0,0,0,0,0,0,0,0,0,0
23,18,0,1,Night,Sun above horizon but GHI below 1,80.48319244384766,9.516805648803711,252.90037536621094,0,0,0,0,-0.00009765625145519152,1.999899983406067,=NA(),0,5.850030422210693,1.4163999557495117,0.34380000829696655,0.08399999886751175,=NA(),20,1013.25,0,0,0,0,0,-0.00000610351571594947,0,0,0,0,0,0,0,0,0,0,0,0,0,0
23,19,0,1,Night,Sun above horizon but GHI below 1,88.17303466796875,1.826966643333435,247.26060485839844,0,0,0,0,-0.00009765625145519152,1.649999976158142,=NA(),0,20.397817611694336,1.4163999557495117,0.34380000829696655,0.08399999886751175,=NA(),20,1013.25,0,0,0,0,0,-0.00000610351571594947,0,0,0,0,0,0,0,0,0,0,0,0,0,0
23,20,0,1,Night,,102.71662902832031,-12.716631889343262,235.1168670654297,0,0,0,0,-0.00009765625145519152,1.1800999641418457,=NA(),0,64.81599426269531,1.4163999557495117,0.34380000829696655,0.08399999886751175,=NA(),20,1013.25,0,0,0,0,0,-0.00000610351571594947,0,0,0,0,0,0,0,0,0,0,0,0,0,0
23,21,0,1,Night,,112.04710388183594,-22.047100067138672,223.98609924316406,0,0,0,0,-0.00009765625145519152,0.7199000120162964,=NA(),0,64.81599426269531,1.4163999557495117,0.34380000829696655,0.08399999886751175,=NA(),20,1013.25,0,0,0,0,0,-0.00000610351571594947,0,0,0,0,0,0,0,0,0,0,0,0,0,0
23,22,0,1,Night,,119.50194549560547,-29.501941680908203,210.6236572265625,0,0,0,0,-0.00009765625145519152,0.8999999761581421,=NA(),0,64.81599426269531,1.4163999557495117,0.34380000829696655,0.08399999886751175,=NA(),20,1013.25,0,0,0,0,0,-0.00000610351571594947,0,0,0,0,0,0,0,0,0,0,0,0,0,0
23,23,0,1,Night,,124.27848052978516,-34.27848434448242,194.92152404785156,0,0,0,0,-0.00009765625145519152,1.750100016593933,=NA(),0,64.81599426269531,1.4163999557495117,0.34380000829696655,0.08399999886751175,=NA(),20,1013.25,0,0,0,0,0,-0.00000610351571594947,0,0,0,0,0,0,0,0,0,0,0,0,0,0
24,0,0,1,Night,,125.6465072631836,-35.64650344848633,177.7201385498047,0,0,0,0,-0.00009765625145519152,2.6700000762939453,=NA(),0,64.81599426269531,1.4163999557495117,0.34380000829696655,0.08399999886751175,=NA(),20,1013.25,0,0,0,0,0,-0.00000610351571594947,0,0,0,0,0,0,0,0,0,0,0,0,0,0
24,1,0,1,Night,,123.35404968261719,-33.35404586791992,160.75973510742188,0,0,0,0,-0.00009765625145519152,3.309999942779541,=NA(),0,64.81599426269531,1.4163999557495117,0.34380000829696655,0.08399999886751175,=NA(),20,1013.25,0,0,0,0,0,-0.00000610351571594947,0,0,0,0,0,0,0,0,0,0,0,0,0,0
24,2,0,1,Night,,117.81153869628906,-27.811542510986328,145.61941528320312,0,0,0,0,-0.00009765625145519152,3.5399999618530273,=NA(),0,64.81599426269531,1.4163999557495117,0.34380000829696655,0.08399999886751175,=NA(),20,1013.25,0,0,0,0,0,-0.00000610351571594947,0,0,0,0,0,0,0,0,0,0,0,0,0,0
24,3,0,1,Night,,109.80319213867188,-19.803194046020508,132.8598175048828,0,0,0,0,-0.00009765625145519152,3.4800000190734863,=NA(),0,64.81599426269531,1.4163999557495117,0.34380000829696655,0.08399999886751175,=NA(),20,1013.25,0,0,0,0,0,-0.00000610351571594947,0,0,0,0,0,0,0,0,0,0,0,0,0,0
24,4,0,1,Night,,100.10363006591797,-10.103631019592285,122.21253204345703,0,0,0,0,-0.00009765625145519152,3.309999942779541,=NA(),0,64.81599426269531,1.4163999557495117,0.34380000829696655,0.08399999886751175,=NA(),20,1013.25,0,0,0,0,0,-0.00000610351571594947,0,0,0,0,0,0,0,0,0,0,0,0,0,0
24,5,0,1,Night,Sun above horizon but GHI below 1,86.80878448486328,3.1912171840667725,111.52941131591797,0,0,0,0,-0.00009765625145519152,3.900099992752075,=NA(),0,14.519412994384766,1.4163999557495117,0.34380000829696655,0.08399999886751175,=NA(),20,1013.25,0,0,0,0,0,-0.00000610351571594947,0,0,0,0,0,0,0,0,0,0,0,0,0,0
24,6,0,1,Night,Sun above horizon but GHI below 1,77.48135375976562,12.51865005493164,104.91365051269531,0,0,0,0,-0.00009765625145519152,3.640000104904175,=NA(),0,4.526224136352539,1.4163999557495117,0.34380000829696655,0.08399999886751175,=NA(),20,1013.25,0,0,0,0,0,-0.00000610351571594947,0,0,0,0,0,0,0,0,0,0,0,0,0,0
24,7,0,1,Night,Sun above horizon but GHI below 1,65.48102569580078,24.51897430419922,97.04161834716797,0,0,0,0,-0.00009765625145519152,5.579899787902832,=NA(),0,2.3994312286376953,1.4163999557495117,0.34380000829696655,0.08399999886751175,=NA(),20,1013.25,0,0,0,0,0,-0.00000610351571594947,0,0,0,0,0,0,0,0,0,0,0,0,0,0
24,8,0,1,Night,Sun above horizon but GHI below 1,53.24986267089844,36.75013732910156,88.75376892089844,0,0,0,0,-0.00009765625145519152,6.370100021362305,=NA(),0,1.6687266826629639,1.4163999557495117,0.34380000829696655,0.08399999886751175,=NA(),20,1013.25,0,0,0,0,0,-0.00000610351571594947,0,0,0,0,0,0,0,0,0,0,0,0,0,0
24,9,0,1,Night,Sun above horizon but GHI below 1,41.06690216064453,48.93309783935547,78.86540222167969,0,0,0,0,-0.00009765625145519152,6.229899883270264,=NA(),0,1.3254262208938599,1.4163999557495117,0.34380000829696655,0.08399999886751175,=NA(),20,1013.25,0,0,0,0,0,-0.00000610351571594947,0,0,0,0,0,0,0,0,0,0,0,0,0,0
24,10,0,1,Night,Sun above horizon but GHI below 1,29.406635284423828,60.59336471557617,64.76529693603516,0,0,0,0,-0.00009765625145519152,6.010000228881836,=NA(),0,1.1474920511245728,1.4163999557495117,0.34380000829696655,0.08399999886751175,=NA(),20,1013.25,0,0,0,0,0,-0.00000610351571594947,0,0,0,0,0,0,0,0,0,0,0,0,0,0
24,11,0,1,Night,Sun above horizon but GHI below 1,19.619380950927734,70.380615234375,39.46860885620117,0,0,0,0,-0.00009765625145519152,5.78000020980835,=NA(),0,1.0614246129989624,1.4163999557495117,0.34380000829696655,0.08399999886751175,=NA(),20,1013.25,0,0,0,0,0,-0.00000610351571594947,0,0,0,0,0,0,0,0,0,0,0,0,0,0
24,12,0,1,Night,Sun above horizon but GHI below 1,15.959177017211914,74.04082489013672,353.347900390625,0,0,0,0,-0.00009765625145519152,5.550000190734863,=NA(),0,1.0399243831634521,1.4163999557495117,0.34380000829696655,0.08399999886751175,=NA(),20,1013.25,0,0,0,0,0,-0.00000610351571594947,0,0,0,0,0,0,0,0,0,0,0,0,0,0
24,13,0,1,Night,Sun above horizon but GHI below 1,21.820363998413086,68.17963409423828,312.2826232910156,0,0,0,0,-0.00009765625145519152,5.250100135803223,=NA(),0,1.0769319534301758,1.4163999557495117,0.34380000829696655,0.08399999886751175,=NA(),20,1013.25,0,0,0,0,0,-0.00000610351571594947,0,0,0,0,0,0,0,0,0,0,0,0,0,0
24,14,0,1,Night,Sun above horizon but GHI below 1,32.34105682373047,57.65894317626953,290.99835205078125,0,0,0,0,-0.00009765625145519152,4.770100116729736,=NA(),0,1.183104395866394,1.4163999557495117,0.34380000829696655,0.08399999886751175,=NA(),20,1013.25,0,0,0,0,0,-0.00000610351571594947,0,0,0,0,0,0,0,0,0,0,0,0,0,0
24,15,0,1,Night,Sun above horizon but GHI below 1,44.215553283691406,45.784446716308594,278.4068298339844,0,0,0,0,-0.00009765625145519152,4.210100173950195,=NA(),0,1.394049882888794,1.4163999557495117,0.34380000829696655,0.08399999886751175,=NA(),20,1013.25,0,0,0,0,0,-0.00000610351571594947,0,0,0,0,0,0,0,0,0,0,0,0,0,0
24,16,0,1,Night,Sun above horizon but GHI below 1,56.45195770263672,33.54804229736328,269.1039123535156,0,0,0,0,-0.00009765625145519152,3.7100000381469727,=NA(),0,1.8059455156326294,1.4163999557495117,0.34380000829696655,0.08399999886751175,=NA(),20,1013.25,0,0,0,0,0,-0.00000610351571594947,0,0,0,0,0,0,0,0,0,0,0,0,0,0
24,17,0,1,Night,Sun above horizon but GHI below 1,68.66044616699219,21.339553833007812,261.017578125,0,0,0,0,-0.00009765625145519152,2.5499000549316406,=NA(),0,2.731896162033081,1.4163999557495117,0.34380000829696655,0.08399999886751175,=NA(),20,1013.25,0,0,0,0,0,-0.00000610351571594947,0,0,0,0,0,0,0,0,0,0,0,0,0,0
24,18,0,1,Night,Sun above horizon but GHI below 1,80.56871032714844,9.43128776550293,253.13473510742188,0,0,0,0,-0.00009765625145519152,2.3801000118255615,=NA(),0,5.899065017700195,1.4163999557495117,0.34380000829696655,0.08399999886751175,=NA(),20,1013.25,0,0,0,0,0,-0.00000610351571594947,0,0,0,0,0,0,0,0,0,0,0,0,0,0
24,19,0,1,Night,Sun above horizon but GHI below 1,88.21656799316406,1.7834283113479614,247.5251007080078,0,0,0,0,-0.00009765625145519152,2.610100030899048,=NA(),0,20.6520938873291,1.4163999557495117,0.34380000829696655,0.08399999886751175,=NA(),20,1013.25,0,0,0,0,0,-0.00000610351571594947,0,0,0,0,0,0,0,0,0,0,0,0,0,0
24,20,0,1,Night,,102.84406280517578,-12.844060897827148,235.33370971679688,0,0,0,0,-0.00009765625145519152,2.8399999141693115,=NA(),0,64.81599426269531,1.4163999557495117,0.34380000829696655,0.08399999886751175,=NA(),20,1013.25,0,0,0,0,0,-0.00000610351571594947,0,0,0,0,0,0,0,0,0,0,0,0,0,0
24,21,0,1,Night,,112.20427703857422,-22.204273223876953,224.1920623779297,0,0,0,0,-0.00009765625145519152,3.029900074005127,=NA(),0,64.81599426269531,1.4163999557495117,0.34380000829696655,0.08399999886751175,=NA(),20,1013.25,0,0,0,0,0,-0.00000610351571594947,0,0,0,0,0,0,0,0,0,0,0,0,0,0
24,22,0,1,Night,,119.69251251220703,-29.69251251220703,210.80517578125,0,0,0,0,-0.00009765625145519152,3.140000104904175,=NA(),0,64.81599426269531,1.4163999557495117,0.34380000829696655,0.08399999886751175,=NA(),20,1013.25,0,0,0,0,0,-0.00000610351571594947,0,0,0,0,0,0,0,0,0,0,0,0,0,0
24,23,0,1,Night,,124.50057983398438,-34.50057601928711,195.05429077148438,0,0,0,0,-0.00009765625145519152,3.2300000190734863,=NA(),0,64.81599426269531,1.4163999557495117,0.34380000829696655,0.08399999886751175,=NA(),20,1013.25,0,0,0,0,0,-0.00000610351571594947,0,0,0,0,0,0,0,0,0,0,0,0,0,0
25,0,0,1,Night,,125.8895492553711,-35.889549255371094,177.77999877929688,0,0,0,0,-0.00009765625145519152,3.240000009536743,=NA(),0,64.81599426269531,1.4163999557495117,0.34380000829696655,0.08399999886751175,=NA(),20,1013.25,0,0,0,0,0,-0.00000610351571594947,0,0,0,0,0,0,0,0,0,0,0,0,0,0
25,1,0,1,Night,,123.60163116455078,-33.601627349853516,160.7421112060547,0,0,0,0,-0.00009765625145519152,3.2100000381469727,=NA(),0,64.81599426269531,1.4163999557495117,0.34380000829696655,0.08399999886751175,=NA(),20,1013.25,0,0,0,0,0,-0.00000610351571594947,0,0,0,0,0,0,0,0,0,0,0,0,0,0
25,2,0,1,Night,,118.04985809326172,-28.049856185913086,145.54110717773438,0,0,0,0,-0.00009765625145519152,3.2500998973846436,=NA(),0,64.81599426269531,1.4163999557495117,0.34380000829696655,0.08399999886751175,=NA(),20,1013.25,0,0,0,0,0,-0.00000610351571594947,0,0,0,0,0,0,0,0,0,0,0,0,0,0
25,3,0,1,Night,,110.02548217773438,-20.025480270385742,132.74240112304688,0,0,0,0,-0.00009765625145519152,3.26990008354187,=NA(),0,64.81599426269531,1.4163999557495117,0.34380000829696655,0.08399999886751175,=NA(),20,1013.25,0,0,0,0,0,-0.00000610351571594947,0,0,0,0,0,0,0,0,0,0,0,0,0,0
25,4,0,1,Night,,100.30883026123047,-10.308831214904785,122.07071685791016,0,0,0,0,-0.00009765625145519152,3.369999885559082,=NA(),0,64.81599426269531,1.4163999557495117,0.34380000829696655,0.08399999886751175,=NA(),20,1013.25,0,0,0,0,0,-0.00000610351571594947,0,0,0,0,0,0,0,0,0,0,0,0,0,0
25,5,0,1,Night,Sun above horizon but GHI below 1,86.89478302001953,3.1052186489105225,111.29432678222656,0,0,0,0,-0.00009765625145519152,4.229899883270264,=NA(),0,14.797691345214844,1.4163999557495117,0.34380000829696655,0.08399999886751175,=NA(),20,1013.25,0,0,0,0,0,-0.00000610351571594947,0,0,0,0,0,0,0,0,0,0,0,0,0,0
25,6,0,1,Night,Sun above horizon but GHI below 1,77.65995025634766,12.340046882629395,104.7367172241211,0,0,0,0,-0.00009765625145519152,4.670000076293945,=NA(),0,4.58802604675293,1.4163999557495117,0.34380000829696655,0.08399999886751175,=NA(),20,1013.25,0,0,0,0,0,-0.00000610351571594947,0,0,0,0,0,0,0,0,0,0,0,0,0,0
25,7,0,1,Night,Sun above horizon but GHI below 1,65.65290069580078,24.34709930419922,96.84332275390625,0,0,0,0,-0.00009765625145519152,5.389999866485596,=NA(),0,2.415153741836548,1.4163999557495117,0.34380000829696655,0.08399999886751175,=NA(),20,1013.25,0,0,0,0,0,-0.00000610351571594947,0,0,0,0,0,0,0,0,0,0,0,0,0,0
25,8,0,1,Night,Sun above horizon but GHI below 1,53.419734954833984,36.580265045166016,88.52581787109375,0,0,0,0,-0.00009765625145519152,5.9899001121521,=NA(),0,1.6753538846969604,1.4163999557495117,0.34380000829696655,0.08399999886751175,=NA(),20,1013.25,0,0,0,0,0,-0.00000610351571594947,0,0,0,0,0,0,0,0,0,0,0,0,0,0
25,9,0,1,Night,Sun above horizon but GHI below 1,41.24262619018555,48.75737380981445,78.5955810546875,0,0,0,0,-0.00009765625145519152,6.170000076293945,=NA(),0,1.3289740085601807,1.4163999557495117,0.34380000829696655,0.08399999886751175,=NA(),20,1013.25,0,0,0,0,0,-0.00000610351571594947,0,0,0,0,0,0,0,0,0,0,0,0,0,0
25,10,0,1,Night,Sun above horizon but GHI below 1,29.601877212524414,60.39812469482422,64.44810485839844,0,0,0,0,-0.00009765625145519152,5.9899001121521,=NA(),0,1.1497021913528442,1.4163999557495117,0.34380000829696655,0.08399999886751175,=NA(),20,1013.25,0,0,0,0,0,-0.00000610351571594947,0,0,0,0,0,0,0,0,0,0,0,0,0,0
25,11,0,1,Night,Sun above horizon but GHI below 1,19.85376739501953,70.14623260498047,39.20893478393555,0,0,0,0,-0.00009765625145519152,5.640100002288818,=NA(),0,1.0629804134368896,1.4163999557495117,0.34380000829696655,0.08399999886751175,=NA(),20,1013.25,0,0,0,0,0,-0.00000610351571594947,0,0,0,0,0,0,0,0,0,0,0,0,0,0
25,12,0,1,Night,Sun above horizon but GHI below 1,16.196855545043945,73.80314636230469,353.6331481933594,0,0,0,0,-0.00009765625145519152,5.480100154876709,=NA(),0,1.0411659479141235,1.4163999557495117,0.34380000829696655,0.08399999886751175,=NA(),20,1013.25,0,0,0,0,0,-0.00000610351571594947,0,0,0,0,0,0,0,0,0,0,0,0,0,0
25,13,0,1,Night,Sun above horizon but GHI below 1,21.973461151123047,68.02654266357422,312.81488037109375,0,0,0,0,-0.00009765625145519152,5.860000133514404,=NA(),0,1.0780869722366333,1.4163999557495117,0.34380000829696655,0.08399999886751175,=NA(),20,1013.25,0,0,0,0,0,-0.00000610351571594947,0,0,0,0,0,0,0,0,0,0,0,0,0,0
25,14,0,1,Night,Sun above horizon but GHI below 1,32.441062927246094,57.558937072753906,291.4278564453125,0,0,0,0,-0.00009765625145519152,6.689899921417236,=NA(),0,1.1844122409820557,1.4163999557495117,0.34380000829696655,0.08399999886751175,=NA(),20,1013.25,0,0,0,0,0,-0.00000610351571594947,0,0,0,0,0,0,0,0,0,0,0,0,0,0
25,15,0,1,Night,Sun above horizon but GHI below 1,44.295082092285156,45.704917907714844,278.74810791015625,0,0,0,0,-0.00009765625145519152,7.569900035858154,=NA(),0,1.395930528640747,1.4163999557495117,0.34380000829696655,0.08399999886751175,=NA(),20,1013.25,0,0,0,0,0,-0.00000610351571594947,0,0,0,0,0,0,0,0,0,0,0,0,0,0
25,16,0,1,Night,Sun above horizon but GHI below 1,56.527198791503906,33.472801208496094,269.3914794921875,0,0,0,0,-0.00009765625145519152,8.120100021362305,=NA(),0,1.8095101118087769,1.4163999557495117,0.34380000829696655,0.08399999886751175,=NA(),20,1013.25,0,0,0,0,0,-0.00000610351571594947,0,0,0,0,0,0,0,0,0,0,0,0,0,0
25,17,0,1,Night,Sun above horizon but GHI below 1,68.74065399169922,21.25934410095215,261.2734069824219,0,0,0,0,-0.00009765625145519152,7.649899959564209,=NA(),0,2.741581678390503,1.4163999557495117,0.34380000829696655,0.08399999886751175,=NA(),20,1013.25,0,0,0,0,0,-0.00000610351571594947,0,0,0,0,0,0,0,0,0,0,0,0,0,0
25,18,0,1,Night,Sun above horizon but GHI below 1,80.6600570678711,9.339946746826172,253.37213134765625,0,0,0,0,-0.00009765625145519152,6.880000114440918,=NA(),0,5.952337741851807,1.4163999557495117,0.34380000829696655,0.08399999886751175,=NA(),20,1013.25,0,0,0,0,0,-0.00000610351571594947,0,0,0,0,0,0,0,0,0,0,0,0,0,0
25,19,0,1,Night,Sun above horizon but GHI below 1,88.25949096679688,1.7405116558074951,247.79721069335938,0,0,0,0,-0.00009765625145519152,6.789999961853027,=NA(),0,20.90808868408203,1.4163999557495117,0.34380000829696655,0.08399999886751175,=NA(),20,1013.25,0,0,0,0,0,-0.00000610351571594947,0,0,0,0,0,0,0,0,0,0,0,0,0,0
25,20,0,1,Night,,102.97752380371094,-12.977521896362305,235.5528564453125,0,0,0,0,-0.00009765625145519152,6.739999771118164,=NA(),0,64.81599426269531,1.4163999557495117,0.34380000829696655,0.08399999886751175,=NA(),20,1013.25,0,0,0,0,0,-0.00000610351571594947,0,0,0,0,0,0,0,0,0,0,0,0,0,0
25,21,0,1,Night,,112.36762237548828,-22.367624282836914,224.39968872070312,0,0,0,0,-0.00009765625145519152,6.370100021362305,=NA(),0,64.81599426269531,1.4163999557495117,0.34380000829696655,0.08399999886751175,=NA(),20,1013.25,0,0,0,0,0,-0.00000610351571594947,0,0,0,0,0,0,0,0,0,0,0,0,0,0
25,22,0,1,Night,,119.88932800292969,-29.889328002929688,210.98727416992188,0,0,0,0,-0.00009765625145519152,6.260000228881836,=NA(),0,64.81599426269531,1.4163999557495117,0.34380000829696655,0.08399999886751175,=NA(),20,1013.25,0,0,0,0,0,-0.00000610351571594947,0,0,0,0,0,0,0,0,0,0,0,0,0,0
25,23,0,1,Night,,124.7288589477539,-34.72885513305664,195.18577575683594,0,0,0,0,-0.00009765625145519152,6.170000076293945,=NA(),0,64.81599426269531,1.4163999557495117,0.34380000829696655,0.08399999886751175,=NA(),20,1013.25,0,0,0,0,0,-0.00000610351571594947,0,0,0,0,0,0,0,0,0,0,0,0,0,0
26,0,0,1,Night,,126.13825988769531,-36.13825607299805,177.8362579345703,0,0,0,0,-0.00009765625145519152,5.730100154876709,=NA(),0,64.81599426269531,1.4163999557495117,0.34380000829696655,0.08399999886751175,=NA(),20,1013.25,0,0,0,0,0,-0.00000610351571594947,0,0,0,0,0,0,0,0,0,0,0,0,0,0
26,1,0,1,Night,,123.85388946533203,-33.8538932800293,160.71890258789062,0,0,0,0,-0.00009765625145519152,5.659900188446045,=NA(),0,64.81599426269531,1.4163999557495117,0.34380000829696655,0.08399999886751175,=NA(),20,1013.25,0,0,0,0,0,-0.00000610351571594947,0,0,0,0,0,0,0,0,0,0,0,0,0,0
26,2,0,1,Night,,118.29170989990234,-28.29170799255371,145.45626831054688,0,0,0,0,-0.00009765625145519152,5.940000057220459,=NA(),0,64.81599426269531,1.4163999557495117,0.34380000829696655,0.08399999886751175,=NA(),20,1013.25,0,0,0,0,0,-0.00000610351571594947,0,0,0,0,0,0,0,0,0,0,0,0,0,0
26,3,0,1,Night,,110.25023651123047,-20.250234603881836,132.61825561523438,0,0,0,0,-0.00009765625145519152,5.699999809265137,=NA(),0,64.81599426269531,1.4163999557495117,0.34380000829696655,0.08399999886751175,=NA(),20,1013.25,0,0,0,0,0,-0.00000610351571594947,0,0,0,0,0,0,0,0,0,0,0,0,0,0
26,4,0,1,Night,,100.51564025878906,-10.515643119812012,121.92232513427734,0,0,0,0,-0.00009765625145519152,5.389999866485596,=NA(),0,64.81599426269531,1.4163999557495117,0.34380000829696655,0.08399999886751175,=NA(),20,1013.25,0,0,0,0,0,-0.00000610351571594947,0,0,0,0,0,0,0,0,0,0,0,0,0,0
26,5,0,1,Night,Sun above horizon but GHI below 1,86.9813232421875,3.018676280975342,111.05262756347656,0,0,0,0,-0.00009765625145519152,5.860000133514404,=NA(),0,15.087580680847168,1.4163999557495117,0.34380000829696655,0.08399999886751175,=NA(),20,1013.25,0,0,0,0,0,-0.00000610351571594947,0,0,0,0,0,0,0,0,0,0,0,0,0,0
26,6,0,1,Night,Sun above horizon but GHI below 1,77.8392562866211,12.160745620727539,104.55340576171875,0,0,0,0,-0.00009765625145519152,7.339900016784668,=NA(),0,4.651797771453857,1.4163999557495117,0.34380000829696655,0.08399999886751175,=NA(),20,1013.25,0,0,0,0,0,-0.00000610351571594947,0,0,0,0,0,0,0,0,0,0,0,0,0,0
26,7,0,1,Night,Sun above horizon but GHI below 1,65.82538604736328,24.174612045288086,96.63846588134766,0,0,0,0,-0.00009765625145519152,8.5600004196167,=NA(),0,2.431161403656006,1.4163999557495117,0.34380000829696655,0.08399999886751175,=NA(),20,1013.25,0,0,0,0,0,-0.00000610351571594947,0,0,0,0,0,0,0,0,0,0,0,0,0,0
26,8,0,1,Night,Sun above horizon but GHI below 1,53.590309143066406,36.409690856933594,88.2907943725586,0,0,0,0,-0.00009765625145519152,8.949999809265137,=NA(),0,1.6820766925811768,1.4163999557495117,0.34380000829696655,0.08399999886751175,=NA(),20,1013.25,0,0,0,0,0,-0.00000610351571594947,0,0,0,0,0,0,0,0,0,0,0,0,0,0
26,9,0,1,Night,Sun above horizon but GHI below 1,41.41947555541992,48.58052444458008,78.31786346435547,0,0,0,0,-0.00009765625145519152,8.789999961853027,=NA(),0,1.3325762748718262,1.4163999557495117,0.34380000829696655,0.08399999886751175,=NA(),20,1013.25,0,0,0,0,0,-0.00000610351571594947,0,0,0,0,0,0,0,0,0,0,0,0,0,0
26,10,0,1,Night,Sun above horizon but GHI below 1,29.799114227294922,60.20088577270508,64.12189483642578,0,0,0,0,-0.00009765625145519152,8.120100021362305,=NA(),0,1.1519571542739868,1.4163999557495117,0.34380000829696655,0.08399999886751175,=NA(),20,1013.25,0,0,0,0,0,-0.00000610351571594947,0,0,0,0,0,0,0,0,0,0,0,0,0,0
26,11,0,1,Night,Sun above horizon but GHI below 1,20.091693878173828,69.9083023071289,38.93861770629883,0,0,0,0,-0.00009765625145519152,7.470099925994873,=NA(),0,1.0645827054977417,1.4163999557495117,0.34380000829696655,0.08399999886751175,=NA(),20,1013.25,0,0,0,0,0,-0.00000610351571594947,0,0,0,0,0,0,0,0,0,0,0,0,0,0
26,12,0,1,Night,Sun above horizon but GHI below 1,16.440887451171875,73.55911254882812,353.901611328125,0,0,0,0,-0.00009765625145519152,7.28000020980835,=NA(),0,1.0424624681472778,1.4163999557495117,0.34380000829696655,0.08399999886751175,=NA(),20,1013.25,0,0,0,0,0,-0.00000610351571594947,0,0,0,0,0,0,0,0,0,0,0,0,0,0
26,13,0,1,Night,Sun above horizon but GHI below 1,22.134607315063477,67.86539459228516,313.3433532714844,0,0,0,0,-0.00009765625145519152,7.4899001121521,=NA(),0,1.0793136358261108,1.4163999557495117,0.34380000829696655,0.08399999886751175,=NA(),20,1013.25,0,0,0,0,0,-0.00000610351571594947,0,0,0,0,0,0,0,0,0,0,0,0,0,0
26,14,0,1,Night,Sun above horizon but GHI below 1,32.54836654663086,57.45163345336914,291.8601379394531,0,0,0,0,-0.00009765625145519152,7.460000038146973,=NA(),0,1.1858227252960205,1.4163999557495117,0.34380000829696655,0.08399999886751175,=NA(),20,1013.25,0,0,0,0,0,-0.00000610351571594947,0,0,0,0,0,0,0,0,0,0,0,0,0,0
26,15,0,1,Night,Sun above horizon but GHI below 1,44.381187438964844,45.618812561035156,279.0931091308594,0,0,0,0,-0.00009765625145519152,6.830100059509277,=NA(),0,1.3979755640029907,1.4163999557495117,0.34380000829696655,0.08399999886751175,=NA(),20,1013.25,0,0,0,0,0,-0.00000610351571594947,0,0,0,0,0,0,0,0,0,0,0,0,0,0
26,16,0,1,Night,Sun above horizon but GHI below 1,56.60859298706055,33.39140701293945,269.6826171875,0,0,0,0,-0.00009765625145519152,5.619999885559082,=NA(),0,1.8133857250213623,1.4163999557495117,0.34380000829696655,0.08399999886751175,=NA(),20,1013.25,0,0,0,0,0,-0.00000610351571594947,0,0,0,0,0,0,0,0,0,0,0,0,0,0
26,17,0,1,Night,Sun above horizon but GHI below 1,68.82678985595703,21.17321014404297,261.5324401855469,0,0,0,0,-0.00009765625145519152,4.119999885559082,=NA(),0,2.7520649433135986,1.4163999557495117,0.34380000829696655,0.08399999886751175,=NA(),20,1013.25,0,0,0,0,0,-0.00000610351571594947,0,0,0,0,0,0,0,0,0,0,0,0,0,0
26,18,0,1,Night,Sun above horizon but GHI below 1,80.75718688964844,9.242815971374512,253.61248779296875,0,0,0,0,-0.00009765625145519152,2.9700000286102295,=NA(),0,6.010035514831543,1.4163999557495117,0.34380000829696655,0.08399999886751175,=NA(),20,1013.25,0,0,0,0,0,-0.00000610351571594947,0,0,0,0,0,0,0,0,0,0,0,0,0,0
26,19,0,1,Night,Sun above horizon but GHI below 1,88.31037902832031,1.689619779586792,248.06973266601562,0,0,0,0,-0.00009765625145519152,2.190000057220459,=NA(),0,21.218656539916992,1.4163999557495117,0.34380000829696655,0.08399999886751175,=NA(),20,1013.25,0,0,0,0,0,-0.00000610351571594947,0,0,0,0,0,0,0,0,0,0,0,0,0,0
26,20,0,1,Night,,103.1169204711914,-13.116918563842773,235.77420043945312,0,0,0,0,-0.00009765625145519152,1.3899999856948853,=NA(),0,64.81599426269531,1.4163999557495117,0.34380000829696655,0.08399999886751175,=NA(),20,1013.25,0,0,0,0,0,-0.00000610351571594947,0,0,0,0,0,0,0,0,0,0,0,0,0,0
26,21,0,1,Night,,112.53706359863281,-22.537067413330078,224.6089324951172,0,0,0,0,-0.00009765625145519152,0.8600999712944031,=NA(),0,64.81599426269531,1.4163999557495117,0.34380000829696655,0.08399999886751175,=NA(),20,1013.25,0,0,0,0,0,-0.00000610351571594947,0,0,0,0,0,0,0,0,0,0,0,0,0,0
26,22,0,1,Night,,120.09236145019531,-30.092361450195312,211.16986083984375,0,0,0,0,-0.00009765625145519152,0.8701000213623047,=NA(),0,64.81599426269531,1.4163999557495117,0.34380000829696655,0.08399999886751175,=NA(),20,1013.25,0,0,0,0,0,-0.00000610351571594947,0,0,0,0,0,0,0,0,0,0,0,0,0,0
26,23,0,1,Night,,124.96321868896484,-34.963218688964844,195.3159942626953,0,0,0,0,-0.00009765625145519152,1.5499999523162842,=NA(),0,64.81599426269531,1.4163999557495117,0.34380000829696655,0.08399999886751175,=NA(),20,1013.25,0,0,0,0,0,-0.00000610351571594947,0,0,0,0,0,0,0,0,0,0,0,0,0,0
27,0,0,1,Night,,126.39250183105469,-36.39250183105469,177.888916015625,0,0,0,0,-0.00009765625145519152,2.0199999809265137,=NA(),0,64.81599426269531,1.4163999557495117,0.34380000829696655,0.08399999886751175,=NA(),20,1013.25,0,0,0,0,0,-0.00000610351571594947,0,0,0,0,0,0,0,0,0,0,0,0,0,0
27,1,0,1,Night,,124.11072540283203,-34.110721588134766,160.69007873535156,0,0,0,0,-0.00009765625145519152,2.0999999046325684,=NA(),0,64.81599426269531,1.4163999557495117,0.34380000829696655,0.08399999886751175,=NA(),20,1013.25,0,0,0,0,0,-0.00000610351571594947,0,0,0,0,0,0,0,0,0,0,0,0,0,0
27,2,0,1,Night,,118.53694152832031,-28.536937713623047,145.36485290527344,0,0,0,0,-0.00009765625145519152,2.0299999713897705,=NA(),0,64.81599426269531,1.4163999557495117,0.34380000829696655,0.08399999886751175,=NA(),20,1013.25,0,0,0,0,0,-0.00000610351571594947,0,0,0,0,0,0,0,0,0,0,0,0,0,0
27,3,0,1,Night,,110.47734069824219,-20.477338790893555,132.48741149902344,0,0,0,0,-0.00009765625145519152,1.940000057220459,=NA(),0,64.81599426269531,1.4163999557495117,0.34380000829696655,0.08399999886751175,=NA(),20,1013.25,0,0,0,0,0,-0.00000610351571594947,0,0,0,0,0,0,0,0,0,0,0,0,0,0
27,4,0,1,Night,,100.72396850585938,-10.723970413208008,121.76738739013672,0,0,0,0,-0.00009765625145519152,1.9700000286102295,=NA(),0,64.81599426269531,1.4163999557495117,0.34380000829696655,0.08399999886751175,=NA(),20,1013.25,0,0,0,0,0,-0.00000610351571594947,0,0,0,0,0,0,0,0,0,0,0,0,0,0
27,5,0,1,Night,Sun above horizon but GHI below 1,87.06832122802734,2.9316773414611816,110.80437469482422,0,0,0,0,-0.00009765625145519152,2.3099000453948975,=NA(),0,15.38941478729248,1.4163999557495117,0.34380000829696655,0.08399999886751175,=NA(),20,1013.25,0,0,0,0,0,-0.00000610351571594947,0,0,0,0,0,0,0,0,0,0,0,0,0,0
27,6,0,1,Night,Sun above horizon but GHI below 1,78.01919555664062,11.980807304382324,104.3637924194336,0,0,0,0,-0.00009765625145519152,2.0701000690460205,=NA(),0,4.7176103591918945,1.4163999557495117,0.34380000829696655,0.08399999886751175,=NA(),20,1013.25,0,0,0,0,0,-0.00000610351571594947,0,0,0,0,0,0,0,0,0,0,0,0,0,0
27,7,0,1,Night,Sun above horizon but GHI below 1,65.99842071533203,24.001575469970703,96.4271469116211,0,0,0,0,-0.00009765625145519152,1.5901000499725342,=NA(),0,2.4474551677703857,1.4163999557495117,0.34380000829696655,0.08399999886751175,=NA(),20,1013.25,0,0,0,0,0,-0.00000610351571594947,0,0,0,0,0,0,0,0,0,0,0,0,0,0
27,8,0,1,Night,Sun above horizon but GHI below 1,53.76156997680664,36.23843002319336,88.04885864257812,0,0,0,0,-0.00009765625145519152,1.2898999452590942,=NA(),0,1.6888957023620605,1.4163999557495117,0.34380000829696655,0.08399999886751175,=NA(),20,1013.25,0,0,0,0,0,-0.00000610351571594947,0,0,0,0,0,0,0,0,0,0,0,0,0,0
27,9,0,1,Night,Sun above horizon but GHI below 1,41.59743118286133,48.40256881713867,78.0324478149414,0,0,0,0,-0.00009765625145519152,1.2300000190734863,=NA(),0,1.3362337350845337,1.4163999557495117,0.34380000829696655,0.08399999886751175,=NA(),20,1013.25,0,0,0,0,0,-0.00000610351571594947,0,0,0,0,0,0,0,0,0,0,0,0,0,0
27,10,0,1,Night,Sun above horizon but GHI below 1,29.99834442138672,60.00165557861328,63.78700637817383,0,0,0,0,-0.00009765625145519152,1.4900000095367432,=NA(),0,1.1542577743530273,1.4163999557495117,0.34380000829696655,0.08399999886751175,=NA(),20,1013.25,0,0,0,0,0,-0.00000610351571594947,0,0,0,0,0,0,0,0,0,0,0,0,0,0
27,11,0,1,Night,Sun above horizon but GHI below 1,20.33311653137207,69.66688537597656,38.658233642578125,0,0,0,0,-0.00009765625145519152,2.0999999046325684,=NA(),0,1.0662323236465454,1.4163999557495117,0.34380000829696655,0.08399999886751175,=NA(),20,1013.25,0,0,0,0,0,-0.00000610351571594947,0,0,0,0,0,0,0,0,0,0,0,0,0,0
27,12,0,1,Night,Sun above horizon but GHI below 1,16.691123962402344,73.30887603759766,354.15350341796875,0,0,0,0,-0.00009765625145519152,2.7999000549316406,=NA(),0,1.0438148975372314,1.4163999557495117,0.34380000829696655,0.08399999886751175,=NA(),20,1013.25,0,0,0,0,0,-0.00000610351571594947,0,0,0,0,0,0,0,0,0,0,0,0,0,0
27,13,0,1,Night,Sun above horizon but GHI below 1,22.303733825683594,67.6962661743164,313.86749267578125,0,0,0,0,-0.00009765625145519152,3.410099983215332,=NA(),0,1.0806132555007935,1.4163999557495117,0.34380000829696655,0.08399999886751175,=NA(),20,1013.25,0,0,0,0,0,-0.00000610351571594947,0,0,0,0,0,0,0,0,0,0,0,0,0,0
27,14,0,1,Night,Sun above horizon but GHI below 1,32.66295623779297,57.33704376220703,292.2948303222656,0,0,0,0,-0.00009765625145519152,4.190000057220459,=NA(),0,1.1873373985290527,1.4163999557495117,0.34380000829696655,0.08399999886751175,=NA(),20,1013.25,0,0,0,0,0,-0.00000610351571594947,0,0,0,0,0,0,0,0,0,0,0,0,0,0
27,15,0,1,Night,Sun above horizon but GHI below 1,44.473873138427734,45.526126861572266,279.44158935546875,0,0,0,0,-0.00009765625145519152,5.300000190734863,=NA(),0,1.4001870155334473,1.4163999557495117,0.34380000829696655,0.08399999886751175,=NA(),20,1013.25,0,0,0,0,0,-0.00000610351571594947,0,0,0,0,0,0,0,0,0,0,0,0,0,0
27,16,0,1,Night,Sun above horizon but GHI below 1,56.696136474609375,33.303863525390625,269.9771423339844,0,0,0,0,-0.00009765625145519152,6.750100135803223,=NA(),0,1.8175766468048096,1.4163999557495117,0.34380000829696655,0.08399999886751175,=NA(),20,1013.25,0,0,0,0,0,-0.00000610351571594947,0,0,0,0,0,0,0,0,0,0,0,0,0,0
27,17,0,1,Night,Sun above horizon but GHI below 1,68.91883850097656,21.08116340637207,261.7946472167969,0,0,0,0,-0.00009765625145519152,8.079999923706055,=NA(),0,2.763362407684326,1.4163999557495117,0.34380000829696655,0.08399999886751175,=NA(),20,1013.25,0,0,0,0,0,-0.00000610351571594947,0,0,0,0,0,0,0,0,0,0,0,0,0,0
27,18,0,1,Night,Sun above horizon but GHI below 1,80.86006927490234,9.13992977142334,253.8556671142578,0,0,0,0,-0.00009765625145519152,9.050000190734863,=NA(),0,6.072360515594482,1.4163999557495117,0.34380000829696655,0.08399999886751175,=NA(),20,1013.25,0,0,0,0,0,-0.00000610351571594947,0,0,0,0,0,0,0,0,0,0,0,0,0,0
27,19,0,1,Night,Sun above horizon but GHI below 1,88.35762023925781,1.6423803567886353,248.3520965576172,0,0,0,0,-0.00009765625145519152,9.770000457763672,=NA(),0,21.513954162597656,1.4163999557495117,0.34380000829696655,0.08399999886751175,=NA(),20,1013.25,0,0,0,0,0,-0.00000610351571594947,0,0,0,0,0,0,0,0,0,0,0,0,0,0
27,20,0,1,Night,,103.26222229003906,-13.262221336364746,235.99774169921875,0,0,0,0,-0.00009765625145519152,10.3100004196167,=NA(),0,64.81599426269531,1.4163999557495117,0.34380000829696655,0.08399999886751175,=NA(),20,1013.25,0,0,0,0,0,-0.00000610351571594947,0,0,0,0,0,0,0,0,0,0,0,0,0,0
27,21,0,1,Night,,112.7125244140625,-22.712522506713867,224.81971740722656,0,0,0,0,-0.00009765625145519152,10.0600004196167,=NA(),0,64.81599426269531,1.4163999557495117,0.34380000829696655,0.08399999886751175,=NA(),20,1013.25,0,0,0,0,0,-0.00000610351571594947,0,0,0,0,0,0,0,0,0,0,0,0,0,0
27,22,0,1,Night,,120.30148315429688,-30.301485061645508,211.3529510498047,0,0,0,0,-0.00009765625145519152,9.4399995803833,=NA(),0,64.81599426269531,1.4163999557495117,0.34380000829696655,0.08399999886751175,=NA(),20,1013.25,0,0,0,0,0,-0.00000610351571594947,0,0,0,0,0,0,0,0,0,0,0,0,0,0
27,23,0,1,Night,,125.20357513427734,-35.20357131958008,195.44485473632812,0,0,0,0,-0.00009765625145519152,8.960000038146973,=NA(),0,64.81599426269531,1.4163999557495117,0.34380000829696655,0.08399999886751175,=NA(),20,1013.25,0,0,0,0,0,-0.00000610351571594947,0,0,0,0,0,0,0,0,0,0,0,0,0,0
28,0,0,1,Night,,126.6521987915039,-36.652198791503906,177.93785095214844,0,0,0,0,-0.00009765625145519152,8.699899673461914,=NA(),0,64.81599426269531,1.4163999557495117,0.34380000829696655,0.08399999886751175,=NA(),20,1013.25,0,0,0,0,0,-0.00000610351571594947,0,0,0,0,0,0,0,0,0,0,0,0,0,0
28,1,0,1,Night,,124.37202453613281,-34.37202072143555,160.6555938720703,0,0,0,0,-0.00009765625145519152,8.550000190734863,=NA(),0,64.81599426269531,1.4163999557495117,0.34380000829696655,0.08399999886751175,=NA(),20,1013.25,0,0,0,0,0,-0.00000610351571594947,0,0,0,0,0,0,0,0,0,0,0,0,0,0
28,2,0,1,Night,,118.78546142578125,-28.785463333129883,145.266845703125,0,0,0,0,-0.00009765625145519152,8.430100440979004,=NA(),0,64.81599426269531,1.4163999557495117,0.34380000829696655,0.08399999886751175,=NA(),20,1013.25,0,0,0,0,0,-0.00000610351571594947,0,0,0,0,0,0,0,0,0,0,0,0,0,0
28,3,0,1,Night,,110.70668029785156,-20.70667839050293,132.349853515625,0,0,0,0,-0.00009765625145519152,8.280099868774414,=NA(),0,64.81599426269531,1.4163999557495117,0.34380000829696655,0.08399999886751175,=NA(),20,1013.25,0,0,0,0,0,-0.00000610351571594947,0,0,0,0,0,0,0,0,0,0,0,0,0,0
28,4,0,1,Night,,100.93370819091797,-10.933706283569336,121.60597229003906,0,0,0,0,-0.00009765625145519152,8.09000015258789,=NA(),0,64.81599426269531,1.4163999557495117,0.34380000829696655,0.08399999886751175,=NA(),20,1013.25,0,0,0,0,0,-0.00000610351571594947,0,0,0,0,0,0,0,0,0,0,0,0,0,0
28,5,0,1,Night,Sun above horizon but GHI below 1,87.15264892578125,2.8473496437072754,110.54731750488281,0,0,0,0,-0.00009765625145519152,8.350099563598633,=NA(),0,15.69248104095459,1.4163999557495117,0.34380000829696655,0.08399999886751175,=NA(),20,1013.25,0,0,0,0,0,-0.00000610351571594947,0,0,0,0,0,0,0,0,0,0,0,0,0,0
28,6,0,1,Night,Sun above horizon but GHI below 1,78.19970703125,11.800291061401367,104.1679916381836,0,0,0,0,-0.00009765625145519152,8.689900398254395,=NA(),0,4.785534381866455,1.4163999557495117,0.34380000829696655,0.08399999886751175,=NA(),20,1013.25,0,0,0,0,0,-0.00000610351571594947,0,0,0,0,0,0,0,0,0,0,0,0,0,0
28,7,0,1,Night,Sun above horizon but GHI below 1,66.17198181152344,23.828020095825195,96.20946502685547,0,0,0,0,-0.00009765625145519152,8.919899940490723,=NA(),0,2.4640398025512695,1.4163999557495117,0.34380000829696655,0.08399999886751175,=NA(),20,1013.25,0,0,0,0,0,-0.00000610351571594947,0,0,0,0,0,0,0,0,0,0,0,0,0,0
28,8,0,1,Night,Sun above horizon but GHI below 1,53.93347930908203,36.06652069091797,87.80016326904297,0,0,0,0,-0.00009765625145519152,9.039999961853027,=NA(),0,1.6958116292953491,1.4163999557495117,0.34380000829696655,0.08399999886751175,=NA(),20,1013.25,0,0,0,0,0,-0.00000610351571594947,0,0,0,0,0,0,0,0,0,0,0,0,0,0
28,9,0,1,Night,Sun above horizon but GHI below 1,41.776485443115234,48.223514556884766,77.73954772949219,0,0,0,0,-0.00009765625145519152,9.109999656677246,=NA(),0,1.339946985244751,1.4163999557495117,0.34380000829696655,0.08399999886751175,=NA(),20,1013.25,0,0,0,0,0,-0.00000610351571594947,0,0,0,0,0,0,0,0,0,0,0,0,0,0
28,10,0,1,Night,Sun above horizon but GHI below 1,30.199567794799805,59.80043029785156,63.44377136230469,0,0,0,0,-0.00009765625145519152,8.779899597167969,=NA(),0,1.1566050052642822,1.4163999557495117,0.34380000829696655,0.08399999886751175,=NA(),20,1013.25,0,0,0,0,0,-0.00000610351571594947,0,0,0,0,0,0,0,0,0,0,0,0,0,0
28,11,0,1,Night,Sun above horizon but GHI below 1,20.578001022338867,69.4219970703125,38.368370056152344,0,0,0,0,-0.00009765625145519152,8.919899940490723,=NA(),0,1.0679301023483276,1.4163999557495117,0.34380000829696655,0.08399999886751175,=NA(),20,1013.25,0,0,0,0,0,-0.00000610351571594947,0,0,0,0,0,0,0,0,0,0,0,0,0,0
28,12,0,1,Night,Sun above horizon but GHI below 1,16.94741439819336,73.05258178710938,354.3892822265625,0,0,0,0,-0.00009765625145519152,9.550100326538086,=NA(),0,1.0452244281768799,1.4163999557495117,0.34380000829696655,0.08399999886751175,=NA(),20,1013.25,0,0,0,0,0,-0.00000610351571594947,0,0,0,0,0,0,0,0,0,0,0,0,0,0
28,13,0,1,Night,Sun above horizon but GHI below 1,22.480756759643555,67.51924133300781,314.3866271972656,0,0,0,0,-0.00009765625145519152,9.649900436401367,=NA(),0,1.0819870233535767,1.4163999557495117,0.34380000829696655,0.08399999886751175,=NA(),20,1013.25,0,0,0,0,0,-0.00000610351571594947,0,0,0,0,0,0,0,0,0,0,0,0,0,0
28,14,0,1,Night,Sun above horizon but GHI below 1,32.78482437133789,57.21517562866211,292.7314147949219,0,0,0,0,-0.00009765625145519152,9.119999885559082,=NA(),0,1.188957691192627,1.4163999557495117,0.34380000829696655,0.08399999886751175,=NA(),20,1013.25,0,0,0,0,0,-0.00000610351571594947,0,0,0,0,0,0,0,0,0,0,0,0,0,0
28,15,0,1,Night,Sun above horizon but GHI below 1,44.57313537597656,45.42686462402344,279.79327392578125,0,0,0,0,-0.00009765625145519152,8.630000114440918,=NA(),0,1.4025671482086182,1.4163999557495117,0.34380000829696655,0.08399999886751175,=NA(),20,1013.25,0,0,0,0,0,-0.00000610351571594947,0,0,0,0,0,0,0,0,0,0,0,0,0,0
28,16,0,1,Night,Sun above horizon but GHI below 1,56.78981399536133,33.21018600463867,270.2748718261719,0,0,0,0,-0.00009765625145519152,8.09000015258789,=NA(),0,1.822087287902832,1.4163999557495117,0.34380000829696655,0.08399999886751175,=NA(),20,1013.25,0,0,0,0,0,-0.00000610351571594947,0,0,0,0,0,0,0,0,0,0,0,0,0,0
28,17,0,1,Night,Sun above horizon but GHI below 1,69.01676177978516,20.98324203491211,262.059814453125,0,0,0,0,-0.00009765625145519152,7.579899787902832,=NA(),0,2.7754909992218018,1.4163999557495117,0.34380000829696655,0.08399999886751175,=NA(),20,1013.25,0,0,0,0,0,-0.00000610351571594947,0,0,0,0,0,0,0,0,0,0,0,0,0,0
28,18,0,1,Night,Sun above horizon but GHI below 1,80.96866607666016,9.031331062316895,254.10154724121094,0,0,0,0,-0.00009765625145519152,7.510000228881836,=NA(),0,6.13953971862793,1.4163999557495117,0.34380000829696655,0.08399999886751175,=NA(),20,1013.25,0,0,0,0,0,-0.00000610351571594947,0,0,0,0,0,0,0,0,0,0,0,0,0,0
28,19,0,1,Night,Sun above horizon but GHI below 1,88.41268920898438,1.5873115062713623,248.63470458984375,0,0,0,0,-0.00009765625145519152,8.129899978637695,=NA(),0,21.867002487182617,1.4163999557495117,0.34380000829696655,0.08399999886751175,=NA(),20,1013.25,0,0,0,0,0,-0.00000610351571594947,0,0,0,0,0,0,0,0,0,0,0,0,0,0
28,20,0,1,Night,,103.41334533691406,-13.41334342956543,236.22335815429688,0,0,0,0,-0.00009765625145519152,8.869999885559082,=NA(),0,64.81599426269531,1.4163999557495117,0.34380000829696655,0.08399999886751175,=NA(),20,1013.25,0,0,0,0,0,-0.00000610351571594947,0,0,0,0,0,0,0,0,0,0,0,0,0,0
28,21,0,1,Night,,112.89392852783203,-22.893932342529297,225.03201293945312,0,0,0,0,-0.00009765625145519152,9.169899940490723,=NA(),0,64.81599426269531,1.4163999557495117,0.34380000829696655,0.08399999886751175,=NA(),20,1013.25,0,0,0,0,0,-0.00000610351571594947,0,0,0,0,0,0,0,0,0,0,0,0,0,0
28,22,0,1,Night,,120.51663970947266,-30.51664161682129,211.53648376464844,0,0,0,0,-0.00009765625145519152,8.880000114440918,=NA(),0,64.81599426269531,1.4163999557495117,0.34380000829696655,0.08399999886751175,=NA(),20,1013.25,0,0,0,0,0,-0.00000610351571594947,0,0,0,0,0,0,0,0,0,0,0,0,0,0
28,23,0,1,Night,,125.44981384277344,-35.44981384277344,195.57235717773438,0,0,0,0,-0.00009765625145519152,8.36989974975586,=NA(),0,64.81599426269531,1.4163999557495117,0.34380000829696655,0.08399999886751175,=NA(),20,1013.25,0,0,0,0,0,-0.00000610351571594947,0,0,0,0,0,0,0,0,0,0,0,0,0,0
29,0,0,1,Night,,126.91724395751953,-36.9172477722168,177.98306274414062,0,0,0,0,-0.00009765625145519152,8.010000228881836,=NA(),0,64.81599426269531,1.4163999557495117,0.34380000829696655,0.08399999886751175,=NA(),20,1013.25,0,0,0,0,0,-0.00000610351571594947,0,0,0,0,0,0,0,0,0,0,0,0,0,0
29,1,0,1,Night,,124.63764953613281,-34.63764953613281,160.61541748046875,0,0,0,0,-0.00009765625145519152,7.950099945068359,=NA(),0,64.81599426269531,1.4163999557495117,0.34380000829696655,0.08399999886751175,=NA(),20,1013.25,0,0,0,0,0,-0.00000610351571594947,0,0,0,0,0,0,0,0,0,0,0,0,0,0
29,2,0,1,Night,,119.0371322631836,-29.037134170532227,145.1622314453125,0,0,0,0,-0.00009765625145519152,7.7399001121521,=NA(),0,64.81599426269531,1.4163999557495117,0.34380000829696655,0.08399999886751175,=NA(),20,1013.25,0,0,0,0,0,-0.00000610351571594947,0,0,0,0,0,0,0,0,0,0,0,0,0,0
29,3,0,1,Night,,110.93815612792969,-20.938154220581055,132.20559692382812,0,0,0,0,-0.00009765625145519152,7.259900093078613,=NA(),0,64.81599426269531,1.4163999557495117,0.34380000829696655,0.08399999886751175,=NA(),20,1013.25,0,0,0,0,0,-0.00000610351571594947,0,0,0,0,0,0,0,0,0,0,0,0,0,0
29,4,0,1,Night,,101.14479064941406,-11.144792556762695,121.43811798095703,0,0,0,0,-0.00009765625145519152,6.939899921417236,=NA(),0,64.81599426269531,1.4163999557495117,0.34380000829696655,0.08399999886751175,=NA(),20,1013.25,0,0,0,0,0,-0.00000610351571594947,0,0,0,0,0,0,0,0,0,0,0,0,0,0
29,5,0,1,Night,Sun above horizon but GHI below 1,87.24330139160156,2.7566981315612793,110.28855895996094,0,0,0,0,-0.00009765625145519152,6.869999885559082,=NA(),0,16.030303955078125,1.4163999557495117,0.34380000829696655,0.08399999886751175,=NA(),20,1013.25,0,0,0,0,0,-0.00000610351571594947,0,0,0,0,0,0,0,0,0,0,0,0,0,0
29,6,0,1,Night,Sun above horizon but GHI below 1,78.3807373046875,11.61925983428955,103.966064453125,0,0,0,0,-0.00009765625145519152,7.139999866485596,=NA(),0,4.855645656585693,1.4163999557495117,0.34380000829696655,0.08399999886751175,=NA(),20,1013.25,0,0,0,0,0,-0.00000610351571594947,0,0,0,0,0,0,0,0,0,0,0,0,0,0
29,7,0,1,Night,Sun above horizon but GHI below 1,66.34600067138672,23.654003143310547,95.98554229736328,0,0,0,0,-0.00009765625145519152,7.819900035858154,=NA(),0,2.480916976928711,1.4163999557495117,0.34380000829696655,0.08399999886751175,=NA(),20,1013.25,0,0,0,0,0,-0.00000610351571594947,0,0,0,0,0,0,0,0,0,0,0,0,0,0
29,8,0,1,Night,Sun above horizon but GHI below 1,54.10602569580078,35.89397430419922,87.5448226928711,0,0,0,0,-0.00009765625145519152,8.20989990234375,=NA(),0,1.7028254270553589,1.4163999557495117,0.34380000829696655,0.08399999886751175,=NA(),20,1013.25,0,0,0,0,0,-0.00000610351571594947,0,0,0,0,0,0,0,0,0,0,0,0,0,0
29,9,0,1,Night,Sun above horizon but GHI below 1,41.956634521484375,48.043365478515625,77.43936920166016,0,0,0,0,-0.00009765625145519152,8.20009994506836,=NA(),0,1.343717098236084,1.4163999557495117,0.34380000829696655,0.08399999886751175,=NA(),20,1013.25,0,0,0,0,0,-0.00000610351571594947,0,0,0,0,0,0,0,0,0,0,0,0,0,0
29,10,0,1,Night,Sun above horizon but GHI below 1,30.402782440185547,59.59721755981445,63.09252166748047,0,0,0,0,-0.00009765625145519152,8.030099868774414,=NA(),0,1.1589996814727783,1.4163999557495117,0.34380000829696655,0.08399999886751175,=NA(),20,1013.25,0,0,0,0,0,-0.00000610351571594947,0,0,0,0,0,0,0,0,0,0,0,0,0,0
29,11,0,1,Night,Sun above horizon but GHI below 1,20.826311111450195,69.17369079589844,38.069583892822266,0,0,0,0,-0.00009765625145519152,7.690000057220459,=NA(),0,1.0696772336959839,1.4163999557495117,0.34380000829696655,0.08399999886751175,=NA(),20,1013.25,0,0,0,0,0,-0.00000610351571594947,0,0,0,0,0,0,0,0,0,0,0,0,0,0
29,12,0,1,Night,Sun above horizon but GHI below 1,17.209613800048828,72.7903823852539,354.6092834472656,0,0,0,0,-0.00009765625145519152,7.199999809265137,=NA(),0,1.0466920137405396,1.4163999557495117,0.34380000829696655,0.08399999886751175,=NA(),20,1013.25,0,0,0,0,0,-0.00000610351571594947,0,0,0,0,0,0,0,0,0,0,0,0,0,0
29,13,0,1,Night,Sun above horizon but GHI below 1,22.66558837890625,67.33441162109375,314.90020751953125,0,0,0,0,-0.00009765625145519152,6.480000019073486,=NA(),0,1.083436131477356,1.4163999557495117,0.34380000829696655,0.08399999886751175,=NA(),20,1013.25,0,0,0,0,0,-0.00000610351571594947,0,0,0,0,0,0,0,0,0,0,0,0,0,0
29,14,0,1,Night,Sun above horizon but GHI below 1,32.9139518737793,57.0860481262207,293.16949462890625,0,0,0,0,-0.00009765625145519152,5.570099830627441,=NA(),0,1.1906851530075073,1.4163999557495117,0.34380000829696655,0.08399999886751175,=NA(),20,1013.25,0,0,0,0,0,-0.00000610351571594947,0,0,0,0,0,0,0,0,0,0,0,0,0,0
29,15,0,1,Night,Sun above horizon but GHI below 1,44.67896270751953,45.32103729248047,280.1478576660156,0,0,0,0,-0.00009765625145519152,4.549900054931641,=NA(),0,1.4051182270050049,1.4163999557495117,0.34380000829696655,0.08399999886751175,=NA(),20,1013.25,0,0,0,0,0,-0.00000610351571594947,0,0,0,0,0,0,0,0,0,0,0,0,0,0
29,16,0,1,Night,Sun above horizon but GHI below 1,56.88959503173828,33.11040496826172,270.57562255859375,0,0,0,0,-0.00009765625145519152,3.4298999309539795,=NA(),0,1.826922059059143,1.4163999557495117,0.34380000829696655,0.08399999886751175,=NA(),20,1013.25,0,0,0,0,0,-0.00000610351571594947,0,0,0,0,0,0,0,0,0,0,0,0,0,0
29,17,0,1,Night,Sun above horizon but GHI below 1,69.12053680419922,20.87946128845215,262.32781982421875,0,0,0,0,-0.00009765625145519152,2.7300000190734863,=NA(),0,2.788468837738037,1.4163999557495117,0.34380000829696655,0.08399999886751175,=NA(),20,1013.25,0,0,0,0,0,-0.00000610351571594947,0,0,0,0,0,0,0,0,0,0,0,0,0,0
29,18,0,1,Night,Sun above horizon but GHI below 1,81.08291625976562,8.917084693908691,254.35009765625,0,0,0,0,-0.00009765625145519152,2.8798999786376953,=NA(),0,6.2118048667907715,1.4163999557495117,0.34380000829696655,0.08399999886751175,=NA(),20,1013.25,0,0,0,0,0,-0.00000610351571594947,0,0,0,0,0,0,0,0,0,0,0,0,0,0
29,19,0,1,Night,Sun above horizon but GHI below 1,88.46681213378906,1.5331847667694092,248.9246063232422,0,0,0,0,-0.00009765625145519152,3.619999885559082,=NA(),0,22.223608016967773,1.4163999557495117,0.34380000829696655,0.08399999886751175,=NA(),20,1013.25,0,0,0,0,0,-0.00000610351571594947,0,0,0,0,0,0,0,0,0,0,0,0,0,0
29,20,0,1,Night,,103.5702133178711,-13.570215225219727,236.45101928710938,0,0,0,0,-0.00009765625145519152,4.680099964141846,=NA(),0,64.81599426269531,1.4163999557495117,0.34380000829696655,0.08399999886751175,=NA(),20,1013.25,0,0,0,0,0,-0.00000610351571594947,0,0,0,0,0,0,0,0,0,0,0,0,0,0
29,21,0,1,Night,,113.08119201660156,-23.08119010925293,225.2458038330078,0,0,0,0,-0.00009765625145519152,4.889999866485596,=NA(),0,64.81599426269531,1.4163999557495117,0.34380000829696655,0.08399999886751175,=NA(),20,1013.25,0,0,0,0,0,-0.00000610351571594947,0,0,0,0,0,0,0,0,0,0,0,0,0,0
29,22,0,1,Night,,120.73771667480469,-30.737714767456055,211.72044372558594,0,0,0,0,-0.00009765625145519152,4.469900131225586,=NA(),0,64.81599426269531,1.4163999557495117,0.34380000829696655,0.08399999886751175,=NA(),20,1013.25,0,0,0,0,0,-0.00000610351571594947,0,0,0,0,0,0,0,0,0,0,0,0,0,0
29,23,0,1,Night,,125.70187377929688,-35.701873779296875,195.69847106933594,0,0,0,0,-0.00009765625145519152,4.440000057220459,=NA(),0,64.81599426269531,1.4163999557495117,0.34380000829696655,0.08399999886751175,=NA(),20,1013.25,0,0,0,0,0,-0.00000610351571594947,0,0,0,0,0,0,0,0,0,0,0,0,0,0
30,0,0,1,Night,,127.18755340576172,-37.18754959106445,178.02452087402344,0,0,0,0,-0.00009765625145519152,4.479899883270264,=NA(),0,64.81599426269531,1.4163999557495117,0.34380000829696655,0.08399999886751175,=NA(),20,1013.25,0,0,0,0,0,-0.00000610351571594947,0,0,0,0,0,0,0,0,0,0,0,0,0,0
30,1,0,1,Night,,124.90751647949219,-34.90751647949219,160.56948852539062,0,0,0,0,-0.00009765625145519152,4.349999904632568,=NA(),0,64.81599426269531,1.4163999557495117,0.34380000829696655,0.08399999886751175,=NA(),20,1013.25,0,0,0,0,0,-0.00000610351571594947,0,0,0,0,0,0,0,0,0,0,0,0,0,0
30,2,0,1,Night,,119.29187774658203,-29.2918758392334,145.0509796142578,0,0,0,0,-0.00009765625145519152,4.190000057220459,=NA(),0,64.81599426269531,1.4163999557495117,0.34380000829696655,0.08399999886751175,=NA(),20,1013.25,0,0,0,0,0,-0.00000610351571594947,0,0,0,0,0,0,0,0,0,0,0,0,0,0
30,3,0,1,Night,,111.1716537475586,-21.17165184020996,132.05470275878906,0,0,0,0,-0.00009765625145519152,3.9899001121520996,=NA(),0,64.81599426269531,1.4163999557495117,0.34380000829696655,0.08399999886751175,=NA(),20,1013.25,0,0,0,0,0,-0.00000610351571594947,0,0,0,0,0,0,0,0,0,0,0,0,0,0
30,4,0,1,Night,,101.34881591796875,-11.348816871643066,121.26386260986328,0,0,0,0,33.099998474121094,3.630000114440918,=NA(),0,64.81599426269531,1.4163999557495117,0.34380000829696655,0.08399999886751175,=NA(),20,1013.25,0,0,0,0,0,33.099998474121094,0,0,0,0,0,0,0,0,0,0,0,0,0,0
30,5,0,1,Day,,87.3600845336914,2.639915943145752,110.02114868164062,296.010009765625,284.623779296875,247.2100067138672,0.961534321308136,33.099998474121094,3.7599000930786133,=NA(),=NA(),16.485036849975586,1.4163999557495117,0.34380000829696655,0.08399999886751175,=NA(),20,1013.25,4.034529685974121,83.57051849365234,459.58001708984375,494.8999938964844,-35.31999969482422,56.07500457763672,3.6100001335144043,3.2699999809265137,0.07246318459510803,1.4062366485595703,0.003453246084973216,0.0020114476792514324,5.077059745788574,0.005114653613418341,0.0005012499750591815,0,-0.0007706250180490315,0,0.3400001525878906,3.1975367069244385
30,6,0,1,Day,,78.57122039794922,11.428777694702148,103.75810241699219,296.010009765625,247.0254364013672,247.2100067138672,0.8345171809196472,33.099998474121094,3.5801000595092773,=NA(),=NA(),4.931671619415283,1.4163999557495117,0.34380000829696655,0.08399999886751175,=NA(),20,1013.25,17.938800811767578,61.20030975341797,538.875,523.9649658203125,14.90999984741211,55.459373474121094,3105.300048828125,2788.679931640625,2793.271484375,36.05463409423828,4.842091083526611,4.803117752075195,42.88862228393555,5.132182598114014,0.017526250332593918,0,0.0003362499992363155,0,316.6201171875,-4.591552734375
30,7,0,1,Day,,66.52478790283203,23.475215911865234,95.75550079345703,296.010009765625,247.96473693847656,120.61000061035156,0.8376903533935547,33.099998474121094,4.269999980926514,=NA(),=NA(),2.498521327972412,1.4163999557495117,0.34380000829696655,0.08399999886751175,=NA(),20,1013.25,52.97847366333008,14.421635627746582,451.2650146484375,410.80499267578125,40.46500015258789,51.865623474121094,2571.139892578125,2336.739990234375,2339.651611328125,36.39678955078125,4.017745018005371,3.8991153240203857,43.0035285949707,4.257227897644043,0.014015999622642994,0,0.0008301250054500997,0,234.39990234375,-2.91162109375
30,8,0,1,Day,,54.28181838989258,35.71818161010742,87.28302001953125,296.010009765625,277.2087707519531,32.20500183105469,0.9364844560623169,33.099998474121094,4.859899997711182,=NA(),=NA(),1.7100468873977661,1.4163999557495117,0.34380000829696655,0.08399999886751175,=NA(),20,1013.25,54.25126647949219,2.2056283950805664,327.75,272.1000061035156,55.650001525878906,46.844383239746094,1820.6600341796875,1681.8399658203125,1677.24658203125,36.95519256591797,2.836214065551758,2.685948133468628,43.02783966064453,3.0260725021362305,0.009453999809920788,0,0.0011534375371411443,0,138.820068359375,4.5933837890625
30,9,0,1,Day,,42.13958740234375,47.86041259765625,77.13211822509766,296.010009765625,286.8827209472656,12.309000015258789,0.9691656231880188,33.099998474121094,4.859899997711182,=NA(),=NA(),1.3475812673568726,1.4163999557495117,0.34380000829696655,0.08399999886751175,=NA(),20,1013.25,41.415565490722656,8.593351364135742,311.510009765625,265.67999267578125,45.83000183105469,46.14751434326172,1733.4200439453125,1605.02001953125,1601.31884765625,36.96284484863281,2.7072880268096924,2.594928503036499,43.03180694580078,2.8852996826171875,0.009188500232994556,0,0.0009252500021830201,0,128.4000244140625,3.701171875
30,10,0,1,Day,,30.609119415283203,59.3908805847168,62.73360061645508,296.010009765625,289.63568115234375,7.406300067901611,0.9784658551216125,33.099998474121094,4.539899826049805,=NA(),=NA(),1.1614561080932617,1.4163999557495117,0.34380000829696655,0.08399999886751175,=NA(),20,1013.25,27.73883628845215,13.489612579345703,314.364990234375,278.4049987792969,35.95500183105469,46.167503356933594,1770.6700439453125,1639.6500244140625,1641.1956787109375,36.80856704711914,2.7866737842559814,2.7142434120178223,43.06916809082031,2.95751690864563,0.009594375267624855,0,0.0007295624818652868,0,131.02001953125,-1.545654296875
30,11,0,1,Day,,21.07874870300293,68.92124938964844,37.76243209838867,296.010009765625,290.21636962890625,6.209099769592285,0.9804275631904602,33.099998474121094,3.9600000381469727,=NA(),=NA(),1.0714797973632812,1.4163999557495117,0.34380000829696655,0.08399999886751175,=NA(),20,1013.25,13.281022071838379,16.518465042114258,321.760009765625,291.5050048828125,30.255001068115234,46.436241149902344,1822.8299560546875,1686.5999755859375,1689.4427490234375,36.762569427490234,2.872220754623413,2.846544027328491,43.086856842041016,3.0450446605682373,0.009976624511182308,0,0.0006422500009648502,0,136.22998046875,-2.8427734375
30,12,0,1,Day,,17.478179931640625,72.52182006835938,354.8139953613281,296.010009765625,290.2778625488281,6.0096001625061035,0.9806352853775024,33.099998474121094,3.619999885559082,=NA(),=NA(),1.048222303390503,1.4163999557495117,0.34380000829696655,0.08399999886751175,=NA(),20,1013.25,-1.6303045749664307,17.404342651367188,324.40997314453125,295.93499755859375,28.475000381469727,46.558738708496094,1837.429931640625,1699.4100341796875,1701.947021484375,36.76266860961914,2.893470525741577,2.887171745300293,43.08543014526367,3.067254066467285,0.010073562152683735,0,0.0006279374938458204,0,138.0198974609375,-2.5369873046875
30,13,0,1,Day,,22.85893440246582,67.14106750488281,315.4078063964844,296.010009765625,290.19659423828125,6.308899879455566,0.980360746383667,33.099998474121094,3.700000047683716,=NA(),=NA(),1.0849682092666626,1.4163999557495117,0.34380000829696655,0.08399999886751175,=NA(),20,1013.25,-16.487030029296875,16.059375762939453,320.28997802734375,289.1549987792969,31.14000129699707,46.38750457763672,1815.31005859375,1679.8699951171875,1681.6160888671875,36.7923469543457,2.8566060066223145,2.8164849281311035,43.0858039855957,3.0270724296569824,0.009925499558448792,0,0.0006509374943561852,0,135.4400634765625,-1.74609375
30,14,0,1,Day,,33.05154037475586,56.94845962524414,293.6086730957031,296.010009765625,289.3004455566406,8.004899978637695,0.9773333072662354,33.099998474121094,3.970099925994873,=NA(),=NA(),1.1925380229949951,1.4163999557495117,0.34380000829696655,0.08399999886751175,=NA(),20,1013.25,-30.804500579833984,12.616435050964355,312.89501953125,275.1300048828125,37.76000213623047,46.108116149902344,1758.5799560546875,1628.760009765625,1630.4688720703125,36.809104919433594,2.768393039703369,2.683427333831787,43.06462860107422,2.9374358654022217,0.009488499723374844,0,0.0007672500214539468,0,129.8199462890625,-1.7088623046875
30,15,0,1,Day,,44.793216705322266,45.206783294677734,280.5050964355469,296.010009765625,285.6412658691406,14.611000061035156,0.964971661567688,33.099998474121094,4.130099773406982,=NA(),=NA(),1.4078882932662964,1.4163999557495117,0.34380000829696655,0.08399999886751175,=NA(),20,1013.25,-44.30903625488281,7.380367755889893,313.0299987792969,264.57000732421875,48.45500183105469,46.22624969482422,1734.0799560546875,1605.1600341796875,1601.669189453125,36.92671203613281,2.710571765899658,2.5837793350219727,43.02147674560547,2.885725498199463,0.009144187904894352,0,0.0009733749902807176,0,128.919921875,3.4908447265625
30,16,0,1,Day,,56.998390197753906,33.001609802246094,270.8792419433594,296.010009765625,273.1831970214844,41.90999984741211,0.922885000705719,33.099998474121094,3.9198999404907227,=NA(),=NA(),1.8322287797927856,1.4163999557495117,0.34380000829696655,0.08399999886751175,=NA(),20,1013.25,-56.99530792236328,0.7373684048652649,360.010009765625,307.30999755859375,52.70000076293945,48.08373260498047,2053.119873046875,1889.3599853515625,1889.3914794921875,36.785743713378906,3.209967851638794,3.0814270973205566,43.08486557006836,3.416461229324341,0.010844562202692032,0,0.0010759375290945172,0,163.7598876953125,-0.031494140625
30,17,0,1,Day,,69.23506927490234,20.764928817749023,262.5985107421875,296.010009765625,238.18186950683594,163.11000061035156,0.8046412467956543,33.099998474121094,2.569999933242798,=NA(),=NA(),2.802943229675293,1.4163999557495117,0.34380000829696655,0.08399999886751175,=NA(),20,1013.25,-39.33502197265625,30.462854385375977,482.05999755859375,454.54498291015625,27.510000228881836,53.03936004638672,2805.3701171875,2540.080078125,2543.630126953125,36.30559539794922,4.378911972045898,4.298427581787109,43.01359558105469,4.638956069946289,0.015550250187516212,0,0.0006175625021569431,0,265.2900390625,-3.550048828125
30,18,0,1,Day,,81.21427154541016,8.785731315612793,254.6011199951172,296.010009765625,258.251220703125,247.2100067138672,0.8724408149719238,33.099998474121094,2.7300000190734863,=NA(),=NA(),6.296975612640381,1.4163999557495117,0.34380000829696655,0.08399999886751175,=NA(),20,1013.25,-13.525927543640137,68.20130920410156,579.1500244140625,568.0250244140625,11.125,57.44750213623047,3099.639892578125,2763.330078125,2770.5205078125,35.74724197387695,4.8439435958862305,4.829836845397949,42.622528076171875,5.143155574798584,0.0175801869481802,0,0.00025331249344162643,0,336.309814453125,-7.1904296875
30,19,0,1,Error,Specified argument was out of the range of valid values. (Parameter 'Negative average JL front was calculated for this row.'),88.56525421142578,1.4347426891326904,249.2169647216797,296.010009765625,296.009765625,0.009499999694526196,0.9999991655349731,33.099998474121094,2.860100030899048,=NA(),=NA(),22.897478103637695,1.4163999557495117,0.34380000829696655,0.08399999886751175,=NA(),20,1013.25,-2.1985092163085938,86.50999450683594,0,0,0,0,0,0,0,0,0,0,0,0,0,0,0,0,0,0
30,20,0,1,Night,,103.7264175415039,-13.726417541503906,236.68064880371094,0,0,0,0,28.850000381469727,2.860100030899048,=NA(),0,64.81599426269531,1.4163999557495117,0.34380000829696655,0.08399999886751175,=NA(),20,1013.25,0,0,0,0,0,28.850000381469727,0,0,0,0,0,0,0,0,0,0,0,0,0,0
30,21,0,1,Night,,113.27132415771484,-23.27132225036621,225.46102905273438,0,0,0,0,21.339990615844727,2.7999000549316406,=NA(),0,64.81599426269531,1.4163999557495117,0.34380000829696655,0.08399999886751175,=NA(),20,1013.25,0,0,0,0,0,21.339990615844727,0,0,0,0,0,0,0,0,0,0,0,0,0,0
30,22,0,1,Night,,120.96275329589844,-30.962749481201172,211.90481567382812,0,0,0,0,19.05999183654785,2.7000999450683594,=NA(),0,64.81599426269531,1.4163999557495117,0.34380000829696655,0.08399999886751175,=NA(),20,1013.25,0,0,0,0,0,19.05999183654785,0,0,0,0,0,0,0,0,0,0,0,0,0,0
30,23,0,1,Night,,125.95801544189453,-35.95801544189453,195.8231964111328,0,0,0,0,19.540002822875977,2.6298999786376953,=NA(),0,64.81599426269531,1.4163999557495117,0.34380000829696655,0.08399999886751175,=NA(),20,1013.25,0,0,0,0,0,19.540002822875977,0,0,0,0,0,0,0,0,0,0,0,0,0,0
31,0,0,1,Night,,127.4615707397461,-37.46157455444336,178.06214904785156,0,0,0,0,18.219995498657227,2.5999999046325684,=NA(),0,64.81599426269531,1.4163999557495117,0.34380000829696655,0.08399999886751175,=NA(),20,1013.25,0,0,0,0,0,18.219995498657227,0,0,0,0,0,0,0,0,0,0,0,0,0,0
31,1,0,1,Night,,125.18013000488281,-35.18013381958008,160.5177764892578,0,0,0,0,16.279993057250977,2.5899999141693115,=NA(),0,64.81599426269531,1.4163999557495117,0.34380000829696655,0.08399999886751175,=NA(),20,1013.25,0,0,0,0,0,16.279993057250977,0,0,0,0,0,0,0,0,0,0,0,0,0,0
31,2,0,1,Night,,119.54789733886719,-29.54789924621582,144.93310546875,0,0,0,0,15.800012588500977,2.5899999141693115,=NA(),0,64.81599426269531,1.4163999557495117,0.34380000829696655,0.08399999886751175,=NA(),20,1013.25,0,0,0,0,0,15.800012588500977,0,0,0,0,0,0,0,0,0,0,0,0,0,0
31,3,0,1,Night,,111.40487670898438,-21.404874801635742,131.89715576171875,0,0,0,0,14.550012588500977,2.6201000213623047,=NA(),0,64.81599426269531,1.4163999557495117,0.34380000829696655,0.08399999886751175,=NA(),20,1013.25,0,0,0,0,0,14.550012588500977,0,0,0,0,0,0,0,0,0,0,0,0,0,0
31,4,0,1,Night,,101.5669174194336,-11.566916465759277,121.0832748413086,0,0,0,0,14.010004043579102,2.569999933242798,=NA(),0,64.81599426269531,1.4163999557495117,0.34380000829696655,0.08399999886751175,=NA(),20,1013.25,0,0,0,0,0,14.010004043579102,0,0,0,0,0,0,0,0,0,0,0,0,0,0
31,5,0,1,Day,,87.41094970703125,2.589053153991699,109.7310562133789,23.69499969482422,23.568744659423828,2.7950000762939453,0.994671642780304,13.719995498657227,3.5099000930786133,=NA(),=NA(),16.69032859802246,1.4163999557495117,0.34380000829696655,0.08399999886751175,=NA(),20,1013.25,3.949018716812134,83.69483184814453,26.434999465942383,24.239999771118164,2.190000057220459,14.839990615844727,123.88999938964844,128.5,127.74442291259766,37.77262878417969,0.21137219667434692,0.21000339090824127,42.88578414916992,0.2332804799079895,0.0007755624828860164,0,0.000048000001697801054,0,-4.6100006103515625,0.7555770874023438
31,6,0,1,Day,,78.74928283691406,11.250714302062988,103.54422760009766,208.80999755859375,174.92068481445312,173.6999969482422,0.8377026319503784,17.7700138092041,3.5701000690460205,=NA(),=NA(),5.004919528961182,1.4163999557495117,0.34380000829696655,0.08399999886751175,=NA(),20,1013.25,17.603975296020508,61.68357467651367,350.5950012207031,337.69000244140625,12.90999984741211,32.136253356933594,1994.669921875,1941.6300048828125,1942.5313720703125,38.915889739990234,3.1197705268859863,3.0836522579193115,45.16381072998047,3.294076681137085,0.011305499821901321,0,0.0002849375014193356,0,53.0399169921875,-0.9013671875
31,7,0,1,Day,,66.69825744628906,23.301742553710938,95.51943969726562,429.70001220703125,288.1242980957031,357.8999938964844,0.6705242991447449,21.459985733032227,3.090100049972534,=NA(),=NA(),2.515864372253418,1.4163999557495117,0.34380000829696655,0.08399999886751175,=NA(),20,1013.25,51.509063720703125,15.901737213134766,762.199951171875,720.625,41.57500076293945,52.98876190185547,4420.39990234375,4012.22998046875,4017.552001953125,36.6134033203125,6.858272552490234,6.725595474243164,43.88990020751953,7.248212814331055,0.02439725026488304,0,0.0009069374646060169,0,408.169921875,-5.322021484375
31,8,0,1,Day,,54.45492172241211,35.54507827758789,87.01488494873047,644.3099975585938,331.42523193359375,538.2100219726562,0.514387845993042,23.959985733032227,2.3499999046325684,=NA(),=NA(),1.7172335386276245,1.4163999557495117,0.34380000829696655,0.08399999886751175,=NA(),20,1013.25,54.418113708496094,2.428494691848755,961.7550048828125,903.6950073242188,58.05999755859375,63.67436981201172,5799.27978515625,5070.51025390625,5079.0693359375,35.221004486083984,9.0130615234375,8.897111892700195,43.04511642456055,9.551457405090332,0.03192831203341484,0,0.0012585624353960156,0,728.76953125,-8.55908203125
31,9,0,1,Day,,42.32155990600586,47.67844009399414,76.81800079345703,833.5,318.89306640625,696,0.38259515166282654,25.399988174438477,1.5901000499725342,=NA(),=NA(),1.3514604568481445,1.4163999557495117,0.34380000829696655,0.08399999886751175,=NA(),20,1013.25,41.56096267700195,8.832167625427246,1092.655029296875,1035.8701171875,56.78499984741211,70.7412338256836,6646.43994140625,5663.4599609375,5669.47998046875,34.295631408691406,10.332027435302734,10.274782180786133,42.41704177856445,10.957926750183105,0.03685399889945984,0,0.0012318125227466226,0,982.97998046875,-6.02001953125
31,10,0,1,Day,,30.816177368164062,59.18382263183594,62.367332458496094,970.5,274.5160827636719,810.4000244140625,0.2828604578971863,27.4999942779541,1.059999942779541,=NA(),=NA(),1.1639468669891357,1.4163999557495117,0.34380000829696655,0.08399999886751175,=NA(),20,1013.25,27.85487937927246,13.744850158691406,1143.050048828125,1078.68505859375,64.36499786376953,75.07250213623047,6924.5302734375,5804.669921875,5815.1728515625,33.68707275390625,10.788951873779297,10.77117919921875,41.947845458984375,11.473268508911133,0.03828706219792366,0,0.0014171249931678176,0,1119.8603515625,-10.5029296875
31,11,0,1,Day,,21.333740234375,68.666259765625,37.44746780395508,1053.699951171875,234.1956787109375,879.7899780273438,0.22226031124591827,28.32000160217285,0.6800000071525574,=NA(),=NA(),1.073327898979187,1.4163999557495117,0.34380000829696655,0.08399999886751175,=NA(),20,1013.25,13.358863830566406,16.78760528564453,1158.81494140625,1079.864990234375,78.94999694824219,76.64311981201172,6985.35986328125,5820.39990234375,5832.4150390625,33.46922302246094,10.891378402709961,10.87358570098877,41.76492691040039,11.594039916992188,0.03833812475204468,0,0.00172068749088794,0,1164.9599609375,-12.01513671875
31,12,0,1,Day,,17.75171661376953,72.24828338623047,355.0038146972656,1061.4000244140625,216.9282989501953,886.6900024414062,0.2043793946504593,29.0100040435791,0.48989999294281006,=NA(),=NA(),1.049809217453003,1.4163999557495117,0.34380000829696655,0.08399999886751175,=NA(),20,1013.25,-1.5970187187194824,17.682039260864258,1142.304931640625,1061.7650146484375,80.53500366210938,76.6418685913086,6894.25,5744.27978515625,5756.45263671875,33.47169494628906,10.748734474182129,10.72651481628418,41.73771286010742,11.445594787597656,0.03773893788456917,0,0.0017889374867081642,0,1149.97021484375,-12.1728515625
31,13,0,1,Day,,23.059036254882812,66.94096374511719,315.9089050292969,1012.2999877929688,234.99803161621094,844.7999877929688,0.23214268684387207,30.3900089263916,0.5400999784469604,=NA(),=NA(),1.086571455001831,1.4163999557495117,0.34380000829696655,0.08399999886751175,=NA(),20,1013.25,-16.49911117553711,16.33885955810547,1125.7249755859375,1052.570068359375,73.15499877929688,77.44249725341797,6791.52978515625,5640.7099609375,5648.111328125,33.398990631103516,10.569387435913086,10.536884307861328,41.60307312011719,11.23598861694336,0.037322625517845154,0,0.001607062527909875,0,1150.81982421875,-7.4013671875
31,14,0,1,Day,,33.19501876831055,56.80498123168945,294.04852294921875,889.3900146484375,277.60516357421875,731.0900268554688,0.3121298551559448,31.18999671936035,0.8098999857902527,=NA(),=NA(),1.194483757019043,1.4163999557495117,0.34380000829696655,0.08399999886751175,=NA(),20,1013.25,-30.856985092163086,12.891642570495605,1067.72998046875,1009.5499877929688,58.17499923706055,75.58562469482422,6490.259765625,5428.25,5440.12646484375,33.6209831237793,10.11296558380127,10.091573715209961,41.74577713012695,10.770468711853027,0.035894062370061874,0,0.001284937490709126,0,1062.009765625,-11.87646484375
31,15,0,1,Day,,44.912025451660156,45.087974548339844,280.8647766113281,716.3900146484375,318.18096923828125,562.2899780273438,0.4441449046134949,31.43999671936035,1.159999966621399,=NA(),=NA(),1.4107863903045654,1.4163999557495117,0.34380000829696655,0.08399999886751175,=NA(),20,1013.25,-44.39389419555664,7.647555351257324,959.7550048828125,906.7449951171875,53.01000213623047,71.32811737060547,5805.60986328125,4932.759765625,4938.5263671875,34.2251091003418,9.018508911132812,8.938366889953613,42.06182098388672,9.567948341369629,0.03209312632679939,0,0.0011305625084787607,0,872.85009765625,-5.7666015625
31,16,0,1,Day,,57.110225677490234,32.889774322509766,271.1855163574219,509.70001220703125,315.3515319824219,357.8999938964844,0.6187002658843994,31.709985733032227,1.4800000190734863,=NA(),=NA(),1.8377230167388916,1.4163999557495117,0.34380000829696655,0.08399999886751175,=NA(),20,1013.25,-57.10462951660156,0.9954658150672913,767.2449951171875,711.0700073242188,56.17500305175781,63.398765563964844,4639.85986328125,4056.1298828125,4064.827392578125,35.20164108276367,7.217245101928711,7.097350597381592,42.63379669189453,7.664108753204346,0.025378374382853508,0,0.0011730624828487635,0,583.72998046875,-8.697509765625
31,17,0,1,Day,,69.3501968383789,20.649803161621094,262.871826171875,271.489990234375,228.6459197998047,121.48999786376953,0.8421891331672668,31.100000381469727,1.4700000286102295,=NA(),=NA(),2.8176536560058594,1.4163999557495117,0.34380000829696655,0.08399999886751175,=NA(),20,1013.25,-38.884029388427734,30.97537612915039,421.8900146484375,394.54498291015625,27.344999313354492,48.547508239746094,2440.300048828125,2244.070068359375,2245.078125,36.8330078125,3.8095905780792236,3.729193687438965,43.34659194946289,4.033111572265625,0.01349912490695715,0,0.0006074375123716891,0,196.22998046875,-1.008056640625
31,18,0,1,Day,,81.33879089355469,8.661211013793945,254.85458374023438,59.404998779296875,59.027931213378906,2.5039000511169434,0.9936525821685791,29.82000160217285,1.9700000286102295,=NA(),=NA(),6.379855155944824,1.4163999557495117,0.34380000829696655,0.08399999886751175,=NA(),20,1013.25,-13.3028564453125,68.52323913574219,70.20500183105469,64.33999633789062,5.864999771118164,32.760643005371094,365.20001220703125,353.54998779296875,353.5531005859375,36.53913497924805,0.60475093126297,0.5980702042579651,42.106197357177734,0.6475563645362854,0.0021473125088959932,0,0.00012450000212993473,0,11.6500244140625,-0.00311279296875
31,19,0,1,Night,Sun above horizon but GHI below 1,88.60015869140625,1.3998401165008545,249.5282745361328,0,0,0,0,24.990015029907227,2.4500999450683594,=NA(),0,23.144630432128906,1.4163999557495117,0.34380000829696655,0.08399999886751175,=NA(),20,1013.25,0,0,0,0,0,24.990015029907227,0,0,0,0,0,0,0,0,0,0,0,0,0,0
31,20,0,1,Night,,103.89554595947266,-13.895548820495605,236.91220092773438,0,0,0,0,24.279993057250977,3.7100000381469727,=NA(),0,64.81599426269531,1.4163999557495117,0.34380000829696655,0.08399999886751175,=NA(),20,1013.25,0,0,0,0,0,24.279993057250977,0,0,0,0,0,0,0,0,0,0,0,0,0,0
31,21,0,1,Night,,113.46991729736328,-23.46991729736328,225.67767333984375,0,0,0,0,22.6199893951416,6.280099868774414,=NA(),0,64.81599426269531,1.4163999557495117,0.34380000829696655,0.08399999886751175,=NA(),20,1013.25,0,0,0,0,0,22.6199893951416,0,0,0,0,0,0,0,0,0,0,0,0,0,0
31,22,0,1,Night,,121.1952133178711,-31.19521713256836,212.089599609375,0,0,0,0,21.300012588500977,8.010000228881836,=NA(),0,64.81599426269531,1.4163999557495117,0.34380000829696655,0.08399999886751175,=NA(),20,1013.25,0,0,0,0,0,21.300012588500977,0,0,0,0,0,0,0,0,0,0,0,0,0,0
31,23,0,1,Night,,126.22132110595703,-36.22132110595703,195.94650268554688,0,0,0,0,20.730005264282227,7.960100173950195,=NA(),0,64.81599426269531,1.4163999557495117,0.34380000829696655,0.08399999886751175,=NA(),20,1013.25,0,0,0,0,0,20.730005264282227,0,0,0,0,0,0,0,0,0,0,0,0,0,0