Day of year,Hour,Minute,Period (h),Flag,Message,Solar zenith (degrees),Solar elevation (degrees),Solar azimuth (degrees),GHI (W/m2),DHI (W/m2),DNI (W/m2),Diffuse fraction,Ambient temperature (°C),Wind velocity (m/s),Wind direction,Opaque cloud fraction,Air mass,Precipitable water vapour (cm),Ozone (atm.cm),Aerosol optical density,Relative humidity (%),Far field albedo (%),Surface pressure (mb),Module tilt (degrees),Incident angle (degrees),VF power for Tmod [average] (W/m2),VF power for Tmod front [average] (W/m2),VF power for Tmod rear [average] (W/m2),Module temperature [average] (C),Power - no mismatch @25C [unit-system] (W),Power - no mismatch [unit-system] (W),Power [unit-system] (W),Vmp [average] (V),Imp [average] (A),Imp [minimum] (A),Voc [average] (V),Isc [average] (A),Jfront [average] (A/cm2),Ifront [average] (A),Jrear [average] (A/cm2),Irear [average] (A),Temperature loss (W),Cell-to-cell mismatch loss (W)
335,0,0,1,Night,,122.76681518554688,-32.766815185546875,171.42782592773438,0,0,0,0,20.3799991607666,2.6298999786376953,=NA(),0,64.81599426269531,1.4163999557495117,0.34380000829696655,0.08399999886751175,=NA(),20,1013.25,0,0,0,0,0,20.3799991607666,0,0,0,0,0,0,0,0,0,0,0,0,0,0
335,1,0,1,Night,,119.27367401123047,-29.273672103881836,155.68734741210938,0,0,0,0,19.4999942779541,2.490000009536743,=NA(),0,64.81599426269531,1.4163999557495117,0.34380000829696655,0.08399999886751175,=NA(),20,1013.25,0,0,0,0,0,19.4999942779541,0,0,0,0,0,0,0,0,0,0,0,0,0,0
335,2,0,1,Night,,112.89790344238281,-22.897905349731445,141.896484375,0,0,0,0,18.08001136779785,2.3701000213623047,=NA(),0,64.81599426269531,1.4163999557495117,0.34380000829696655,0.08399999886751175,=NA(),20,1013.25,0,0,0,0,0,18.08001136779785,0,0,0,0,0,0,0,0,0,0,0,0,0,0
335,3,0,1,Night,,104.38809967041016,-14.38809871673584,130.27195739746094,0,0,0,0,16.779993057250977,2.3099000453948975,=NA(),0,64.81599426269531,1.4163999557495117,0.34380000829696655,0.08399999886751175,=NA(),20,1013.25,0,0,0,0,0,16.779993057250977,0,0,0,0,0,0,0,0,0,0,0,0,0,0
335,4,0,1,Night,Sun below height limit of 1 degrees.,89.29084777832031,0.7091519236564636,116.71659088134766,0,0,0,0,15.899988174438477,2.359999895095825,=NA(),0,29.083314895629883,1.4163999557495117,0.34380000829696655,0.08399999886751175,=NA(),20,1013.25,0,0,0,0,0,15.899988174438477,0,0,0,0,0,0,0,0,0,0,0,0,0,0
335,5,0,1,Day,,83.16607666015625,6.833926200866699,111.93672943115234,153.60000610351562,138.33335876464844,128.3000030517578,0.9006077647209167,16.3799991607666,3.170099973678589,=NA(),0.6943082213401794,7.895903587341309,1.4163999557495117,0.34380000829696655,0.08399999886751175,=NA(),20,1013.25,10.789212226867676,73.18409729003906,276.67999267578125,269.42498779296875,7.255000114440918,27.603113174438477,1305.5400390625,1291.3599853515625,1270.19970703125,39.70572280883789,1.999470591545105,1.9558314085006714,45.031394958496094,2.156878709793091,0.0075264377519488335,0,0.00016662500274833292,0,14.1800537109375,21.1602783203125
335,6,0,1,Day,,71.57266235351562,18.427335739135742,104.14574432373047,134.91000366210938,132.56825256347656,7.408199787139893,0.9826421141624451,19.459985733032227,1.929900050163269,=NA(),0.9897071719169617,3.1375749111175537,1.4163999557495117,0.34380000829696655,0.08399999886751175,=NA(),20,1013.25,33.22698974609375,39.77897262573242,159.6750030517578,142.67498779296875,17.005001068115234,25.660608291625977,900.9299926757812,897.0499877929688,895.7938842773438,38.927162170410156,1.4382081031799316,1.3863232135772705,44.6585807800293,1.5241122245788574,0.005004312377423048,0,0.00037237501237541437,0,3.8800048828125,1.256103515625
335,7,0,1,Day,,59.52177429199219,30.478227615356445,96.50881958007812,264.1099853515625,247.9761199951172,31.80900001525879,0.9389123320579529,21.6400089263916,0.8701000213623047,=NA(),0.9629189968109131,1.966623306274414,1.4163999557495117,0.34380000829696655,0.08399999886751175,=NA(),20,1013.25,59.359561920166016,5.606326580047607,324.85498046875,274.85498046875,50,34.446250915527344,1867.3499755859375,1804.77001953125,1768.7105712890625,39.27305221557617,2.8151462078094482,2.6586921215057373,44.73584747314453,3.0341978073120117,0.009794875048100948,0,0.0010748750064522028,0,62.5799560546875,36.0594482421875
335,8,0,1,Day,,47.273841857910156,42.726158142089844,88.2501449584961,687.4000244140625,320.7412414550781,540.4000244140625,0.46660056710243225,25.1199893951416,0.6301000118255615,=NA(),0.4207901656627655,1.4723197221755981,1.4163999557495117,0.34380000829696655,0.08399999886751175,=NA(),20,1013.25,47.26051712036133,1.2853621244430542,952.9349975585938,902.1650390625,50.769996643066406,62.49687957763672,5788.740234375,5088.419921875,5078.9140625,35.492454528808594,8.943758010864258,8.83038330078125,43.193111419677734,9.446863174438477,0.03202256187796593,0,0.0011038124794140458,0,700.3203125,9.505859375
335,9,0,1,Day,,35.098548889160156,54.901451110839844,77.92021179199219,680,378.75189208984375,368.20001220703125,0.5569880604743958,26.230005264282227,0.3700000047683716,=NA(),0.6230583786964417,1.2216448783874512,1.4163999557495117,0.34380000829696655,0.08399999886751175,=NA(),20,1013.25,34.497337341308594,6.911096096038818,813.7650146484375,761.64501953125,52.11499786376953,58.063133239746094,4871.48974609375,4348.3798828125,4346.9140625,35.9846305847168,7.549981594085693,7.474401950836182,43.4217414855957,7.983849048614502,0.026737438514828682,0,0.0011340000201016665,0,523.10986328125,1.4658203125
335,10,0,1,Day,,23.556291580200195,66.44371032714844,61.72335433959961,925.9000244140625,261.6824951171875,724.5999755859375,0.2826249897480011,27.480005264282227,0.5598999857902527,=NA(),0.27659183740615845,1.090633749961853,1.4163999557495117,0.34380000829696655,0.08399999886751175,=NA(),20,1013.25,21.004575729370117,10.913443565368652,1047.554931640625,985.844970703125,61.709999084472656,68.59374237060547,6315.08984375,5429.0400390625,5435.34912109375,34.546695709228516,9.833338737487793,9.81593132019043,42.58692169189453,10.441031455993652,0.03481731191277504,0,0.0013466250384226441,0,886.0498046875,-6.30908203125
335,11,0,1,Day,,14.69546127319336,75.3045425415039,27.646188735961914,760.0900268554688,415.5517578125,356.19000244140625,0.5467138886451721,28.230005264282227,1.0099999904632568,=NA(),0.6483557224273682,1.0336695909500122,1.4163999557495117,0.34380000829696655,0.08399999886751175,=NA(),20,1013.25,6.938296794891357,12.986324310302734,822.7750244140625,763.6600341796875,59.1150016784668,60.641868591308594,4883.14990234375,4318.14990234375,4308.66650390625,35.74532699584961,7.533682823181152,7.4565749168396,43.092613220214844,7.975829601287842,0.026663437485694885,0,0.0012750625610351562,0,565,9.4833984375
335,12,0,1,Day,,14.854920387268066,75.14508056640625,330.93756103515625,1083.199951171875,208.7367401123047,904.7000122070312,0.19270379841327667,29.170007705688477,1.2200000286102295,=NA(),0.1067117378115654,1.0344270467758179,1.4163999557495117,0.34380000829696655,0.08399999886751175,=NA(),20,1013.25,-7.341664791107178,12.94953727722168,1170.905029296875,1092.0050048828125,78.89999389648438,75.86312103271484,6993.7001953125,5850.91015625,5822.9140625,33.834354400634766,10.756474494934082,10.609445571899414,41.867095947265625,11.410364151000977,0.03842618688941002,0,0.0016826875507831573,0,1142.7900390625,27.99609375
335,13,0,1,Day,,23.851652145385742,66.14834594726562,297.623291015625,1028.300048828125,243.11981201171875,858.5,0.2364288568496704,30.230005264282227,1.2999999523162842,=NA(),0.14249984920024872,1.0931001901626587,1.4163999557495117,0.34380000829696655,0.08399999886751175,=NA(),20,1013.25,-21.391952514648438,10.806267738342285,1166.780029296875,1099.0849609375,67.69000244140625,76.31685638427734,7008.2001953125,5852.7900390625,5859.88818359375,33.50644302368164,10.93053150177002,10.908869743347168,41.81388473510742,11.646937370300293,0.03873293846845627,0,0.0014593125088140368,0,1155.41015625,-7.09814453125
335,14,0,1,Day,,35.42293930053711,54.57706069946289,281.6859436035156,851.8099975585938,289.368896484375,690.2000122070312,0.33971062302589417,30.779993057250977,1.3200000524520874,=NA(),0.29276275634765625,1.2265331745147705,1.4163999557495117,0.34380000829696655,0.08399999886751175,=NA(),20,1013.25,-34.85810089111328,6.741940021514893,1057.7349853515625,1006.300048828125,51.43499755859375,72.50875091552734,6385.3798828125,5409.10986328125,5408.54443359375,34.074127197265625,9.920547485351562,9.881829261779785,42.1071662902832,10.520303726196289,0.035435751080513,0,0.0011354375164955854,0,976.27001953125,0.5654296875
335,15,0,1,Day,,47.6005973815918,42.3994026184082,271.442626953125,664.7000122070312,325.7320861816406,502.70001220703125,0.4900437593460083,31.0100040435791,1.26010000705719,=NA(),0.46032097935676575,1.4814585447311401,1.4163999557495117,0.34380000829696655,0.08399999886751175,=NA(),20,1013.25,-47.591552734375,1.0652885437011719,920.8800048828125,870.3400268554688,50.53499984741211,67.2093734741211,5596.43017578125,4833.43017578125,4828.0546875,34.82009506225586,8.666117668151855,8.585372924804688,42.51774597167969,9.17468547821045,0.030924811959266663,0,0.0010957500198855996,0,763,5.37548828125
335,16,0,1,Day,,59.83991622924805,30.16008186340332,263.2115478515625,430.70001220703125,305.2463073730469,249.6999969482422,0.708721399307251,30.540002822875977,1.1399999856948853,=NA(),0.7080326676368713,1.9852536916732788,1.4163999557495117,0.34380000829696655,0.08399999886751175,=NA(),20,1013.25,-59.664512634277344,5.8659772872924805,668.2650146484375,616,52.26499938964844,56.798118591308594,4072.5,3648.3798828125,3612.4384765625,36.56188201904297,6.175800800323486,5.97366189956665,43.23516845703125,6.578745365142822,0.022205250337719917,0,0.0011236874852329493,0,424.1201171875,35.94140625
335,17,0,1,Day,,71.87381744384766,18.126184463500977,255.57444763183594,152.60000610351562,148.11907958984375,14.402999877929688,0.9706361293792725,29.420007705688477,0.9599000215530396,=NA(),0.9798513054847717,3.1869170665740967,1.4163999557495117,0.34380000829696655,0.08399999886751175,=NA(),20,1013.25,-32.4492301940918,40.85352325439453,200.0449981689453,183.02999877929688,17.014999389648438,37.19249725341797,1156.4000244140625,1105.510009765625,1105.8992919921875,37.513301849365234,1.8424961566925049,1.7957669496536255,43.51512145996094,1.9516446590423584,0.006465250160545111,0,0.000370624999050051,0,50.8900146484375,-0.3892822265625
335,18,0,1,Day,,83.43966674804688,6.560330390930176,247.76513671875,1.0938999652862549,1.0938999652862549,0,1,25.4999942779541,1.0499000549316406,=NA(),1,8.184603691101074,1.4163999557495117,0.34380000829696655,0.08399999886751175,=NA(),20,1013.25,-10.360661506652832,73.87301635742188,1.190000057220459,1.0800000429153442,0.10999999940395355,25.550012588500977,2.490000009536743,2.4800000190734863,2.4569945335388184,25.562292098999023,0.006007046438753605,0.005902824457734823,34.28315734863281,0.011230118572711945,0.000037000001611886546,0,0.000002499999936844688,0,0.009999990463256836,0.02300548553466797
335,19,0,1,Night,Sun below height limit of 1 degrees.,89.4115219116211,0.5884742736816406,243.0682373046875,0,0,0,0,23.1199893951416,1.3698999881744385,=NA(),0,30.36385154724121,1.4163999557495117,0.34380000829696655,0.08399999886751175,=NA(),20,1013.25,0,0,0,0,0,23.1199893951416,0,0,0,0,0,0,0,0,0,0,0,0,0,0
335,20,0,1,Night,,104.5696029663086,-14.569605827331543,229.34988403320312,0,0,0,0,22.050012588500977,1.6399999856948853,=NA(),0,64.81599426269531,1.4163999557495117,0.34380000829696655,0.08399999886751175,=NA(),20,1013.25,0,0,0,0,0,22.050012588500977,0,0,0,0,0,0,0,0,0,0,0,0,0,0
335,21,0,1,Night,,113.00761413574219,-23.00761604309082,217.67132568359375,0,0,0,0,21.659997940063477,1.839900016784668,=NA(),0,64.81599426269531,1.4163999557495117,0.34380000829696655,0.08399999886751175,=NA(),20,1013.25,0,0,0,0,0,21.659997940063477,0,0,0,0,0,0,0,0,0,0,0,0,0,0
335,22,0,1,Night,,119.28878021240234,-29.288776397705078,203.83499145507812,0,0,0,0,20.4999942779541,2.0999999046325684,=NA(),0,64.81599426269531,1.4163999557495117,0.34380000829696655,0.08399999886751175,=NA(),20,1013.25,0,0,0,0,0,20.4999942779541,0,0,0,0,0,0,0,0,0,0,0,0,0,0
335,23,0,1,Night,,122.66986846923828,-32.66986846923828,188.08502197265625,0,0,0,0,20.399988174438477,2.3499999046325684,=NA(),0,64.81599426269531,1.4163999557495117,0.34380000829696655,0.08399999886751175,=NA(),20,1013.25,0,0,0,0,0,20.399988174438477,0,0,0,0,0,0,0,0,0,0,0,0,0,0
336,0,0,1,Night,,122.62483215332031,-32.62483215332031,171.55401611328125,0,0,0,0,18.4999942779541,2.469899892807007,=NA(),0,64.81599426269531,1.4163999557495117,0.34380000829696655,0.08399999886751175,=NA(),20,1013.25,0,0,0,0,0,18.4999942779541,0,0,0,0,0,0,0,0,0,0,0,0,0,0
336,1,0,1,Night,,119.16130828857422,-29.16130828857422,155.84420776367188,0,0,0,0,17.18999671936035,2.5199999809265137,=NA(),0,64.81599426269531,1.4163999557495117,0.34380000829696655,0.08399999886751175,=NA(),20,1013.25,0,0,0,0,0,17.18999671936035,0,0,0,0,0,0,0,0,0,0,0,0,0,0
336,2,0,1,Night,,112.8158187866211,-22.815820693969727,142.066650390625,0,0,0,0,17.07000160217285,2.54010009765625,=NA(),0,64.81599426269531,1.4163999557495117,0.34380000829696655,0.08399999886751175,=NA(),20,1013.25,0,0,0,0,0,17.07000160217285,0,0,0,0,0,0,0,0,0,0,0,0,0,0
336,3,0,1,Night,,104.33295440673828,-14.332952499389648,130.44534301757812,0,0,0,0,15.730005264282227,2.530100107192993,=NA(),0,64.81599426269531,1.4163999557495117,0.34380000829696655,0.08399999886751175,=NA(),20,1013.25,0,0,0,0,0,15.730005264282227,0,0,0,0,0,0,0,0,0,0,0,0,0,0
336,4,0,1,Night,Sun below height limit of 1 degrees.,89.28208923339844,0.7179139852523804,116.90563201904297,0,0,0,0,14.629999160766602,2.569999933242798,=NA(),0,28.993595123291016,1.4163999557495117,0.34380000829696655,0.08399999886751175,=NA(),20,1013.25,0,0,0,0,0,14.629999160766602,0,0,0,0,0,0,0,0,0,0,0,0,0,0
336,5,0,1,Day,,83.14922332763672,6.850780487060547,112.11367797851562,120.38999938964844,108.89209747314453,96.39099884033203,0.9044945240020752,16.1400089263916,3.319999933242798,=NA(),0.7707839608192444,7.87875509262085,1.4163999557495117,0.34380000829696655,0.08399999886751175,=NA(),20,1013.25,10.831128120422363,73.14158630371094,199.73500061035156,192.76499938964844,6.970000267028809,24.185632705688477,956.9099731445312,957.7000122070312,946.8263549804688,39.63652038574219,1.49302339553833,1.4671558141708374,44.96378707885742,1.604101300239563,0.005541374906897545,0,0.00016075000166893005,0,-0.7900390625,10.8736572265625
336,6,0,1,Day,,71.56793975830078,18.43206024169922,104.33151245117188,327.1099853515625,243.69854736328125,263.80999755859375,0.7450048923492432,19.58001136779785,1.6899000406265259,=NA(),0.6336262822151184,3.136813163757324,1.4163999557495117,0.34380000829696655,0.08399999886751175,=NA(),20,1013.25,33.280235290527344,39.76192855834961,587.4299926757812,566.4100341796875,21.020000457763672,42.042503356933594,3602.989990234375,3398.56005859375,3404.2451171875,37.95136642456055,5.606304168701172,5.546756267547607,44.927127838134766,5.91846227645874,0.020200125873088837,0,0.0004707500047516078,0,204.429931640625,-5.68505859375
336,7,0,1,Day,,59.524940490722656,30.475059509277344,96.71311950683594,545.4099731445312,316.3699951171875,451.6099853515625,0.5800590515136719,23.909997940063477,1.2798999547958374,=NA(),0.47369715571403503,1.9668068885803223,1.4163999557495117,0.34380000829696655,0.08399999886751175,=NA(),20,1013.25,59.35235595703125,5.782286167144775,882.4949951171875,825.8800048828125,56.61000061035156,58.47624969482422,5420.2900390625,4833.27001953125,4803.04736328125,36.24047088623047,8.283859252929688,7.999637126922607,43.57844924926758,8.76145076751709,0.02979743666946888,0,0.0012128750095143914,0,587.02001953125,30.22265625
336,8,0,1,Day,,47.27914047241211,42.72085952758789,88.48947143554688,743.510009765625,322.94622802734375,619.9099731445312,0.4343535602092743,26.240015029907227,1.3899999856948853,=NA(),0.33577024936676025,1.4724667072296143,1.4163999557495117,0.34380000829696655,0.08399999886751175,=NA(),20,1013.25,47.26921844482422,1.1096768379211426,1037.7548828125,984.8900146484375,52.86499786376953,66.9806137084961,6303.0498046875,5451.43994140625,5449.5322265625,34.817115783691406,9.782478332519531,9.704239845275879,42.78963088989258,10.351130485534668,0.034952498972415924,0,0.0011419999646022916,0,851.60986328125,1.90771484375
336,9,0,1,Day,,35.097354888916016,54.902645111083984,78.22578430175781,902.7899780273438,286.1387023925781,753.6900024414062,0.31694936752319336,27.5100040435791,1.399999976158142,=NA(),0.22867156565189362,1.2216269969940186,1.4163999557495117,0.34380000829696655,0.08399999886751175,=NA(),20,1013.25,34.526283264160156,6.737764358520508,1119.7249755859375,1065.8050537109375,53.91999816894531,71.54000091552734,6754.81982421875,5744.56005859375,5750.57080078125,34.14925003051758,10.524701118469238,10.499277114868164,42.34823226928711,11.186756134033203,0.03753131255507469,0,0.0011845624540001154,0,1010.259765625,-6.0107421875
336,10,0,1,Day,,23.52926254272461,66.47074127197266,62.1574592590332,1010.7999877929688,237.24830627441406,843.7000122070312,0.23471340537071228,29.290002822875977,1.4300999641418457,=NA(),0.15800024569034576,1.0904101133346558,1.4163999557495117,0.34380000829696655,0.08399999886751175,=NA(),20,1013.25,21.057363510131836,10.745786666870117,1144.909912109375,1078.2449951171875,66.66500091552734,74.47374725341797,6889.7900390625,5794.52001953125,5799.234375,33.76647186279297,10.734089851379395,10.705070495605469,42.01405715942383,11.410290718078613,0.03805737569928169,0,0.001444187480956316,0,1095.27001953125,-4.71435546875
336,11,0,1,Day,,14.593655586242676,75.40634155273438,28.21055793762207,1064.699951171875,205.0688018798828,888.2899780273438,0.19260713458061218,29.899988174438477,1.51010000705719,=NA(),0.12341676652431488,1.0331908464431763,1.4163999557495117,0.34380000829696655,0.08399999886751175,=NA(),20,1013.25,7.016487121582031,12.828481674194336,1150.199951171875,1072.60498046875,77.58999633789062,75.94686126708984,6875.60009765625,5749.759765625,5691.08984375,34.10227966308594,10.43065071105957,10.236676216125488,41.81989288330078,11.103056907653809,0.03775456175208092,0,0.0016658124513924122,0,1125.84033203125,58.669921875
336,12,0,1,Day,,14.680472373962402,75.31952667236328,330.9951171875,1035.800048828125,209.09918212890625,854.5999755859375,0.20187215507030487,31.040002822875977,1.6098999977111816,=NA(),0.15659455955028534,1.0335988998413086,1.4163999557495117,0.34380000829696655,0.08399999886751175,=NA(),20,1013.25,-7.239534378051758,12.8055419921875,1119.465087890625,1043.9649658203125,75.49500274658203,75.87688446044922,6700.51025390625,5604.259765625,5540.482421875,34.136775970458984,10.144487380981445,9.963096618652344,41.774349212646484,10.814474105834961,0.036778125911951065,0,0.001623687450774014,0,1096.25048828125,63.77734375
336,13,0,1,Day,,23.688688278198242,66.31130981445312,297.46612548828125,973.7000122070312,241.3811798095703,799.7000122070312,0.24790097773075104,32.02001190185547,1.6899000406265259,=NA(),0.2017054706811905,1.0917344093322754,1.4163999557495117,0.34380000829696655,0.08399999886751175,=NA(),20,1013.25,-21.270036697387695,10.678895950317383,1103.89990234375,1039.6199951171875,64.27999877929688,75.71312713623047,6643.77978515625,5560.10009765625,5559.626953125,33.64405822753906,10.328034400939941,10.290020942687988,41.77830505371094,10.964106559753418,0.03667537495493889,0,0.001394937513396144,0,1083.6796875,0.47314453125
336,14,0,1,Day,,35.27097702026367,54.72902297973633,281.53729248046875,854.989990234375,288.55889892578125,693.7899780273438,0.337499737739563,32.740013122558594,1.6899000406265259,=NA(),0.2896246314048767,1.2242335081100464,1.4163999557495117,0.34380000829696655,0.08399999886751175,=NA(),20,1013.25,-34.72151565551758,6.632005214691162,1060.6201171875,1009.0150146484375,51.61000061035156,74.52123260498047,6404.16015625,5383.35986328125,5389.30908203125,33.76519775390625,9.9757080078125,9.947832107543945,41.854827880859375,10.615541458129883,0.035540562123060226,0,0.0011390000581741333,0,1020.80029296875,-5.94921875
336,15,0,1,Day,,47.451969146728516,42.548030853271484,271.3190002441406,664.0999755859375,326.46929931640625,499.29998779296875,0.49159660935401917,32.290000915527344,1.5700000524520874,=NA(),0.46454447507858276,1.4772816896438599,1.4163999557495117,0.34380000829696655,0.08399999886751175,=NA(),20,1013.25,-47.44440460205078,0.9716763496398926,918.0849609375,867.5800170898438,50.505001068115234,68.34810638427734,5577.91015625,4796.77978515625,4796.505859375,34.62532043457031,8.65792179107666,8.581685066223145,42.364131927490234,9.180474281311035,0.030819125473499298,0,0.0010949375573545694,0,781.13037109375,0.27392578125
336,16,0,1,Day,,59.69036102294922,30.309640884399414,263.1084899902344,450.2900085449219,306.5137634277344,284.8900146484375,0.6807029843330383,32.339988708496094,1.2200000286102295,=NA(),0.6674708127975464,1.9764447212219238,1.4163999557495117,0.34380000829696655,0.08399999886751175,=NA(),20,1013.25,-59.509033203125,5.945833206176758,704.8199462890625,652.1900024414062,52.63999938964844,59.99437713623047,4304.91015625,3813.070068359375,3793.41015625,35.93416213989258,6.5982537269592285,6.426225662231445,42.927581787109375,6.998227119445801,0.023517437279224396,0,0.0011298124445602298,0,491.840087890625,19.659912109375
336,17,0,1,Day,,71.72122955322266,18.27877426147461,255.4879608154297,220.60000610351562,197.0747528076172,75.00700378417969,0.8933578729629517,32.779991149902344,0.6399000287055969,=NA(),0.8954708576202393,3.161715507507324,1.4163999557495117,0.34380000829696655,0.08399999886751175,=NA(),20,1013.25,-32.88903045654297,40.31180953979492,344.54498291015625,325.29498291015625,19.244998931884766,46.094383239746094,2066.4599609375,1917.5,1920.157958984375,36.92375183105469,3.2502243518829346,3.19541072845459,43.365177154541016,3.441718101501465,0.011566500179469585,0,0.00042699999175965786,0,148.9599609375,-2.657958984375
336,18,0,1,Day,,83.2848892211914,6.715114116668701,247.6935577392578,10.899999618530273,10.888622283935547,0.09730000048875809,0.9989562034606934,29.0200138092041,0.6700000166893005,=NA(),0.9997655153274536,8.018826484680176,1.4163999557495117,0.34380000829696655,0.08399999886751175,=NA(),20,1013.25,-10.621826171875,73.4834976196289,11.859999656677246,10.770000457763672,1.0950000286102295,29.50750160217285,55.18000030517578,54.04999923706055,52.45112228393555,34.416988372802734,0.09525000303983688,0.09352727234363556,39.3156852722168,0.11209535598754883,0.000368125009117648,0,0.00002550000135670416,0,1.1300010681152344,1.598876953125
336,19,0,1,Night,Sun below height limit of 1 degrees.,89.34613800048828,0.653859555721283,242.9385223388672,0,0,0,0,24.219995498657227,1.5901000499725342,=NA(),0,29.659767150878906,1.4163999557495117,0.34380000829696655,0.08399999886751175,=NA(),20,1013.25,0,0,0,0,0,24.219995498657227,0,0,0,0,0,0,0,0,0,0,0,0,0,0
336,20,0,1,Night,,104.39989471435547,-14.39989185333252,229.31491088867188,0,0,0,0,22.600000381469727,1.7999999523162842,=NA(),0,64.81599426269531,1.4163999557495117,0.34380000829696655,0.08399999886751175,=NA(),20,1013.25,0,0,0,0,0,22.600000381469727,0,0,0,0,0,0,0,0,0,0,0,0,0,0
336,21,0,1,Night,,112.83440399169922,-22.83440399169922,217.6654510498047,0,0,0,0,23.740015029907227,1.7899999618530273,=NA(),0,64.81599426269531,1.4163999557495117,0.34380000829696655,0.08399999886751175,=NA(),20,1013.25,0,0,0,0,0,23.740015029907227,0,0,0,0,0,0,0,0,0,0,0,0,0,0
336,22,0,1,Night,,119.1182632446289,-29.11826515197754,203.8694610595703,0,0,0,0,22.540002822875977,2.220099925994873,=NA(),0,64.81599426269531,1.4163999557495117,0.34380000829696655,0.08399999886751175,=NA(),20,1013.25,0,0,0,0,0,22.540002822875977,0,0,0,0,0,0,0,0,0,0,0,0,0,0
336,23,0,1,Night,,122.51174926757812,-32.51175308227539,188.16793823242188,0,0,0,0,21.3699893951416,2.359999895095825,=NA(),0,64.81599426269531,1.4163999557495117,0.34380000829696655,0.08399999886751175,=NA(),20,1013.25,0,0,0,0,0,21.3699893951416,0,0,0,0,0,0,0,0,0,0,0,0,0,0
337,0,0,1,Night,,122.48959350585938,-32.489593505859375,171.6814727783203,0,0,0,0,20.0100040435791,2.3199000358581543,=NA(),0,64.81599426269531,1.4163999557495117,0.34380000829696655,0.08399999886751175,=NA(),20,1013.25,0,0,0,0,0,20.0100040435791,0,0,0,0,0,0,0,0,0,0,0,0,0,0
337,1,0,1,Night,,119.05571746826172,-29.05571746826172,156.00035095214844,0,0,0,0,18.490015029907227,2.109999895095825,=NA(),0,64.81599426269531,1.4163999557495117,0.34380000829696655,0.08399999886751175,=NA(),20,1013.25,0,0,0,0,0,18.490015029907227,0,0,0,0,0,0,0,0,0,0,0,0,0,0
337,2,0,1,Night,,112.74043273925781,-22.74043083190918,142.23464965820312,0,0,0,0,17.589990615844727,1.8301000595092773,=NA(),0,64.81599426269531,1.4163999557495117,0.34380000829696655,0.08399999886751175,=NA(),20,1013.25,0,0,0,0,0,17.589990615844727,0,0,0,0,0,0,0,0,0,0,0,0,0,0
337,3,0,1,Night,,104.28398132324219,-14.283984184265137,130.61558532714844,0,0,0,0,16.399988174438477,1.51010000705719,=NA(),0,64.81599426269531,1.4163999557495117,0.34380000829696655,0.08399999886751175,=NA(),20,1013.25,0,0,0,0,0,16.399988174438477,0,0,0,0,0,0,0,0,0,0,0,0,0,0
337,4,0,1,Night,Sun below height limit of 1 degrees.,89.27359771728516,0.726404070854187,117.0834732055664,0.2930000126361847,0.2930000126361847,0,1,15.300012588500977,1.1900999546051025,=NA(),0,28.907005310058594,1.4163999557495117,0.34380000829696655,0.08399999886751175,=NA(),20,1013.25,0,0,0,0,0,15.300012588500977,0,0,0,0,0,0,0,0,0,0,0,0,0,0
337,5,0,1,Day,,83.1387939453125,6.861203670501709,112.28624725341797,120.38999938964844,108.88652038574219,96.29199981689453,0.9044482111930847,17.230005264282227,1.100100040435791,=NA(),0.7713218331336975,7.86818790435791,1.4163999557495117,0.34380000829696655,0.08399999886751175,=NA(),20,1013.25,10.862245559692383,73.11529541015625,199.65499877929688,192.67498779296875,6.980000019073486,25.256250381469727,957.4500122070312,954.6600341796875,948.1707153320312,39.31330871582031,1.5074211359024048,1.4877740144729614,44.81867980957031,1.6108899116516113,0.005544312298297882,0,0.0001610000035725534,0,2.78997802734375,6.48931884765625
337,6,0,1,Day,,71.56904602050781,18.430953979492188,104.51227569580078,324.1000061035156,242.21414184570312,259,0.7473438382148743,20.3900089263916,1.1999000310897827,=NA(),0.6404119729995728,3.136991500854492,1.4163999557495117,0.34380000829696655,0.08399999886751175,=NA(),20,1013.25,33.31655502319336,39.76592254638672,580.5850219726562,559.5999755859375,20.985000610351562,42.628135681152344,3559.64990234375,3350.830078125,3355.475341796875,37.87602233886719,5.5369768142700195,5.4749016761779785,44.82867431640625,5.844507217407227,0.019955875352025032,0,0.0004700625140685588,0,208.81982421875,-4.645263671875
337,7,0,1,Day,,59.53358840942383,30.46640968322754,96.91160583496094,544,315.8857727050781,449.8999938964844,0.5806723833084106,24.230005264282227,2.2499001026153564,=NA(),0.4758143126964569,1.9673079252243042,1.4163999557495117,0.34380000829696655,0.08399999886751175,=NA(),20,1013.25,59.35063552856445,5.953567981719971,879.9199829101562,823.4000244140625,56.525001525878906,58.56999969482422,5403.18994140625,4816.2900390625,4804.9921875,36.0404052734375,8.3330078125,8.098363876342773,43.560359954833984,8.801412582397461,0.029704125598073006,0,0.00120749999769032,0,586.89990234375,11.2978515625
337,8,0,1,Day,,47.290199279785156,42.709800720214844,88.72184753417969,747.7999877929688,324.41424560546875,624.2000122070312,0.43382489681243896,27.100000381469727,3.039900064468384,=NA(),0.33135008811950684,1.4727734327316284,1.4163999557495117,0.34380000829696655,0.08399999886751175,=NA(),20,1013.25,47.28308868408203,0.9391478896141052,1044.074951171875,990.9400024414062,53.12999725341797,68.29375457763672,6346.669921875,5462.43994140625,5441.49951171875,34.823360443115234,9.766512870788574,9.570165634155273,42.6348876953125,10.339449882507324,0.03519562631845474,0,0.001151749980635941,0,884.22998046875,20.9404296875
337,9,0,1,Day,,35.10238265991211,54.89761734008789,78.5228500366211,907.7899780273438,287.41339111328125,758.2899780273438,0.316607803106308,29.0200138092041,3.4000000953674316,=NA(),0.22420020401477814,1.221702218055725,1.4163999557495117,0.34380000829696655,0.08399999886751175,=NA(),20,1013.25,34.5598258972168,6.570151329040527,1126.284912109375,1072.094970703125,54.19499969482422,73.35375213623047,6792.5,5736.97998046875,5743.748046875,33.904685974121094,10.588041305541992,10.566923141479492,42.12773895263672,11.263270378112793,0.037745311856269836,0,0.0011898125521838665,0,1055.52001953125,-6.76806640625
337,10,0,1,Day,,23.50951385498047,66.49048614501953,62.58231735229492,1020.5,238.75355529785156,852.510009765625,0.2339574247598648,29.7600040435791,3.8101000785827637,=NA(),0.14950616657733917,1.0902467966079712,1.4163999557495117,0.34380000829696655,0.08399999886751175,=NA(),20,1013.25,21.11389923095703,10.584392547607422,1156.260009765625,1089,67.25999450683594,75.40624237060547,6953.22998046875,5827.169921875,5833.24267578125,33.63361358642578,10.83968734741211,10.814311981201172,41.91374206542969,11.53108024597168,0.038417499512434006,0,0.0014539374969899654,0,1126.06005859375,-6.07275390625
337,11,0,1,Day,,14.50047779083252,75.49951934814453,28.778995513916016,1086.199951171875,207.98545837402344,907.1099853515625,0.1914799064397812,30.2600040435791,4.130099773406982,=NA(),0.105207160115242,1.0327558517456055,1.4163999557495117,0.34380000829696655,0.08399999886751175,=NA(),20,1013.25,7.097437381744385,12.677373886108398,1173.594970703125,1094.4549560546875,79.13999938964844,76.9743881225586,7009.89990234375,5839.2998046875,5828.3359375,33.5579719543457,10.855001449584961,10.81175422668457,41.72982406616211,11.512415885925293,0.038514625281095505,0,0.0016882499912753701,0,1170.60009765625,10.9638671875
337,12,0,1,Day,,14.511346817016602,75.48865509033203,331.0740661621094,988,231.3345947265625,781.5999755859375,0.23414433002471924,31.089990615844727,4.269999980926514,=NA(),0.22900520265102386,1.032806396484375,1.4163999557495117,0.34380000829696655,0.08399999886751175,=NA(),20,1013.25,-7.135737895965576,12.668614387512207,1067.6600341796875,995.4849853515625,72.16999816894531,73.44811248779297,6397.93994140625,5400.31005859375,5389.47705078125,34.03078842163086,9.898162841796875,9.878594398498535,41.99037170410156,10.48708438873291,0.035088375210762024,0,0.001555687515065074,0,997.6298828125,10.8330078125
337,13,0,1,Day,,23.528390884399414,66.47161102294922,297.3241271972656,1010.5,237.40164184570312,843.2000122070312,0.23493482172489166,32.02001190185547,4.220099925994873,=NA(),0.15876854956150055,1.0904028415679932,1.4163999557495117,0.34380000829696655,0.08399999886751175,=NA(),20,1013.25,-21.14753532409668,10.558758735656738,1145.1300048828125,1078.5400390625,66.58999633789062,77.27562713623047,6887.08984375,5729.919921875,5736.3076171875,33.38938903808594,10.737523078918457,10.718903541564941,41.6543083190918,11.444293022155762,0.03804656118154526,0,0.0014393749879673123,0,1157.169921875,-6.3876953125
337,14,0,1,Day,,35.12062454223633,54.87937545776367,281.39996337890625,873.6099853515625,285.2556457519531,719.3099975585938,0.32652515172958374,31.80999183654785,4.260000228881836,=NA(),0.2640424370765686,1.2219750881195068,1.4163999557495117,0.34380000829696655,0.08399999886751175,=NA(),20,1013.25,-34.585235595703125,6.5293354988098145,1083.375,1030.945068359375,52.42499923706055,74.48436737060547,6540.76025390625,5499.52001953125,5505.87353515625,33.76533126831055,10.191431045532227,10.164443016052246,41.90364074707031,10.847771644592285,0.03631649911403656,0,0.001155437552370131,0,1041.240234375,-6.353515625
337,15,0,1,Day,,47.30463790893555,42.69536209106445,271.2045593261719,681.3099975585938,322.9272766113281,528.510009765625,0.4739799499511719,31.6400089263916,4.340000152587891,=NA(),0.4338138699531555,1.4731743335723877,1.4163999557495117,0.34380000829696655,0.08399999886751175,=NA(),20,1013.25,-47.2983283996582,0.8852943778038025,943.5550537109375,892.8099975585938,50.744998931884766,68.89376068115234,5737.18994140625,4924.3701171875,4905.76904296875,34.740108489990234,8.826031684875488,8.693719863891602,42.350894927978516,9.34493350982666,0.03172500059008598,0,0.0011050000321120024,0,812.81982421875,18.60107421875
337,16,0,1,Day,,59.542030334472656,30.45796775817871,263.0135192871094,467.989990234375,307.3564758300781,316.8900146484375,0.6567586660385132,31.469995498657227,4.069900035858154,=NA(),0.6307569742202759,1.9677975177764893,1.4163999557495117,0.34380000829696655,0.08399999886751175,=NA(),20,1013.25,-59.35511016845703,6.018512725830078,737.4649658203125,684.5250244140625,52.939998626708984,60.31499481201172,4512.41015625,3993.27001953125,3984.57763671875,35.746761322021484,6.9668803215026855,6.839459419250488,42.97892761230469,7.370749473571777,0.02469024993479252,0,0.00113581249024719,0,519.14013671875,8.6923828125
337,17,0,1,Day,,71.56942749023438,18.430574417114258,255.40882873535156,234.39999389648438,204.96751403808594,93.09500122070312,0.8744348287582397,29.9999942779541,3.100100040435791,=NA(),0.8707485198974609,3.1370532512664795,1.4163999557495117,0.34380000829696655,0.08399999886751175,=NA(),20,1013.25,-33.33287811279297,39.767303466796875,374.04498291015625,354.2200012207031,19.825000762939453,44.43248748779297,2249.919921875,2101.050048828125,2103.418701171875,37.25373077392578,3.5288925170898438,3.473665475845337,43.74311447143555,3.733642578125,0.012586500495672226,0,0.00044331251410767436,0,148.869873046875,-2.36865234375
337,18,0,1,Day,,83.12979888916016,6.870198726654053,247.62896728515625,20.707000732421875,20.670516967773438,0.3050000071525574,0.9982380867004395,26.7499942779541,3.1600000858306885,=NA(),0.9992762804031372,7.8590898513793945,1.4163999557495117,0.34380000829696655,0.08399999886751175,=NA(),20,1013.25,-10.88403606414795,73.09260559082031,22.549999237060547,20.46500015258789,2.0850000381469727,27.661890029907227,111.66999816894531,110.25,107.57234954833984,35.9966926574707,0.18677741289138794,0.18293549120426178,40.805877685546875,0.2121264636516571,0.0006995624862611294,0,0.000048312500439351425,0,1.4199981689453125,2.6776504516601562
337,19,0,1,Night,Sun below height limit of 1 degrees.,89.27477264404297,0.7252286672592163,242.82064819335938,0,0,0,0,23.610010147094727,3.73009991645813,=NA(),0,28.918962478637695,1.4163999557495117,0.34380000829696655,0.08399999886751175,=NA(),20,1013.25,0,0,0,0,0,23.610010147094727,0,0,0,0,0,0,0,0,0,0,0,0,0,0
337,20,0,1,Night,,104.23397827148438,-14.233976364135742,229.28652954101562,0,0,0,0,22.6299991607666,3.98009991645813,=NA(),0,64.81599426269531,1.4163999557495117,0.34380000829696655,0.08399999886751175,=NA(),20,1013.25,0,0,0,0,0,22.6299991607666,0,0,0,0,0,0,0,0,0,0,0,0,0,0
337,21,0,1,Night,,112.66646575927734,-22.666467666625977,217.6656951904297,0,0,0,0,21.209985733032227,3.9600000381469727,=NA(),0,64.81599426269531,1.4163999557495117,0.34380000829696655,0.08399999886751175,=NA(),20,1013.25,0,0,0,0,0,21.209985733032227,0,0,0,0,0,0,0,0,0,0,0,0,0,0
337,22,0,1,Night,,118.95397186279297,-28.95397186279297,203.9090576171875,0,0,0,0,19.7499942779541,3.7400999069213867,=NA(),0,64.81599426269531,1.4163999557495117,0.34380000829696655,0.08399999886751175,=NA(),20,1013.25,0,0,0,0,0,19.7499942779541,0,0,0,0,0,0,0,0,0,0,0,0,0,0
337,23,0,1,Night,,122.36063385009766,-32.36063003540039,188.2542266845703,0,0,0,0,17.8900089263916,3.5000998973846436,=NA(),0,64.81599426269531,1.4163999557495117,0.34380000829696655,0.08399999886751175,=NA(),20,1013.25,0,0,0,0,0,17.8900089263916,0,0,0,0,0,0,0,0,0,0,0,0,0,0
338,0,0,1,Night,,122.36192321777344,-32.36192321777344,171.8101043701172,0,0,0,0,16.300012588500977,2.9300999641418457,=NA(),0,64.81599426269531,1.4163999557495117,0.34380000829696655,0.08399999886751175,=NA(),20,1013.25,0,0,0,0,0,16.300012588500977,0,0,0,0,0,0,0,0,0,0,0,0,0,0
338,1,0,1,Night,,118.957763671875,-28.957759857177734,156.15565490722656,0,0,0,0,14.959985733032227,2.3499999046325684,=NA(),0,64.81599426269531,1.4163999557495117,0.34380000829696655,0.08399999886751175,=NA(),20,1013.25,0,0,0,0,0,14.959985733032227,0,0,0,0,0,0,0,0,0,0,0,0,0,0
338,2,0,1,Night,,112.6726303100586,-22.672626495361328,142.40037536621094,0,0,0,0,13.110010147094727,2.190000057220459,=NA(),0,64.81599426269531,1.4163999557495117,0.34380000829696655,0.08399999886751175,=NA(),20,1013.25,0,0,0,0,0,13.110010147094727,0,0,0,0,0,0,0,0,0,0,0,0,0,0
338,3,0,1,Night,,104.24249267578125,-14.2424955368042,130.78262329101562,0,0,0,0,12.689996719360352,2.3299999237060547,=NA(),0,64.81599426269531,1.4163999557495117,0.34380000829696655,0.08399999886751175,=NA(),20,1013.25,0,0,0,0,0,12.689996719360352,0,0,0,0,0,0,0,0,0,0,0,0,0,0
338,4,0,1,Night,Sun below height limit of 1 degrees.,89.2666244506836,0.7333787083625793,117.25951385498047,0,0,0,0,11.790002822875977,3.049999952316284,=NA(),0,28.83617401123047,1.4163999557495117,0.34380000829696655,0.08399999886751175,=NA(),20,1013.25,0,0,0,0,0,11.790002822875977,0,0,0,0,0,0,0,0,0,0,0,0,0,0
338,5,0,1,Day,,83.13191223144531,6.868090629577637,112.45431518554688,129.1999969482422,116.29688262939453,107.9000015258789,0.9001306891441345,13.070001602172852,3.4398999214172363,=NA(),0.7440035939216614,7.861215591430664,1.4163999557495117,0.34380000829696655,0.08399999886751175,=NA(),20,1013.25,10.887317657470703,73.09790802001953,219.15499877929688,212.02999877929688,7.125,21.84563636779785,1047.820068359375,1057.0799560546875,1053.3214111328125,39.784454345703125,1.6547502279281616,1.6370190382003784,45.43788528442383,1.758892297744751,0.006058437284082174,0,0.00016437500016763806,0,-9.2598876953125,3.758544921875
338,6,0,1,Day,,71.57466888427734,18.425329208374023,104.68789672851562,349.3999938964844,257.1396179199219,291.8999938964844,0.7359462380409241,14.320001602172852,4.340000152587891,=NA(),0.5948089361190796,3.1378986835479736,1.4163999557495117,0.34380000829696655,0.08399999886751175,=NA(),20,1013.25,33.3394889831543,39.78620910644531,596.0650024414062,570.4150390625,25.654998779296875,37.063133239746094,3640.199951171875,3492.27001953125,3497.676513671875,38.6402473449707,5.657497406005859,5.585297107696533,45.594112396240234,5.96393346786499,0.020317062735557556,0,0.0005643125041387975,0,147.929931640625,-5.406494140625
338,7,0,1,Day,,59.54707717895508,30.452922821044922,97.10411834716797,580.2899780273438,334.7358093261719,484.489990234375,0.5768423080444336,16.670007705688477,5.669899940490723,=NA(),0.4356159567832947,1.968090295791626,1.4163999557495117,0.34380000829696655,0.08399999886751175,=NA(),20,1013.25,59.353797912597656,6.120025634765625,941.10498046875,881.3400268554688,59.76499938964844,53.12187957763672,5774.16015625,5249.14013671875,5248.75732421875,36.660743713378906,8.948410034179688,8.790254592895508,44.39071273803711,9.441291809082031,0.03177187591791153,0,0.0012702499516308308,0,525.02001953125,0.3828125
338,8,0,1,Day,,47.3063850402832,42.6936149597168,88.94706726074219,783.2000122070312,339.7371520996094,654,0.43378081917762756,18.70000648498535,5.9899001121521,=NA(),0.2995889484882355,1.4732228517532349,1.4163999557495117,0.34380000829696655,0.08399999886751175,=NA(),20,1013.25,47.30156326293945,0.7738750576972961,1094.0999755859375,1038.550048828125,55.54999923706055,61.556236267089844,6641.14013671875,5860.68994140625,5849.748046875,35.60010528564453,10.270026206970215,10.121413230895996,43.58976745605469,10.843549728393555,0.03685950115323067,0,0.0011955625377595425,0,780.4501953125,10.94189453125
338,9,0,1,Day,,35.11317443847656,54.88682556152344,78.81111907958984,956.6099853515625,303.1694641113281,798.8099975585938,0.316920667886734,21.2700138092041,5.869999885559082,=NA(),0.1829727590084076,1.2218636274337769,1.4163999557495117,0.34380000829696655,0.08399999886751175,=NA(),20,1013.25,34.597537994384766,6.408298492431641,1186.965087890625,1129.77001953125,57.19499969482422,67.9593734741211,7139.919921875,6155.58984375,6155.24072265625,34.643314361572266,11.104670524597168,11.075992584228516,42.92086410522461,11.749549865722656,0.039716437458992004,0,0.0012453750241547823,0,984.330078125,0.34912109375
338,10,0,1,Day,,23.49680519104004,66.5031967163086,62.99727249145508,1075.199951171875,251.8434600830078,897.7999877929688,0.2342294156551361,23.550012588500977,5.869999885559082,=NA(),0.10461900383234024,1.0901418924331665,1.4163999557495117,0.34380000829696655,0.08399999886751175,=NA(),20,1013.25,21.173986434936523,10.429293632507324,1218.5899658203125,1147.719970703125,70.8699951171875,71.73125457763672,7302.4697265625,6207.56005859375,6203.43994140625,34.162776947021484,11.349052429199219,11.306888580322266,42.48630142211914,12.013044357299805,0.04039918631315231,0,0.0015141875483095646,0,1094.90966796875,4.1201171875
338,11,0,1,Day,,14.415889739990234,75.58411407470703,29.350143432617188,1131.699951171875,216.45407104492188,945,0.1912645399570465,24.70000648498535,6.019999980926514,=NA(),0.06819276511669159,1.0323635339736938,1.4163999557495117,0.34380000829696655,0.08399999886751175,=NA(),20,1013.25,7.181021213531494,12.533026695251465,1222.955078125,1140.5050048828125,82.44499969482422,73.47249603271484,7283.5,6150.490234375,6112.42431640625,34.25236129760742,11.15359878540039,11.00816535949707,42.258113861083984,11.849669456481934,0.040062811225652695,0,0.0017405624967068434,0,1133.009765625,38.06591796875
338,12,0,1,Day,,14.34763240814209,75.6523666381836,331.1748352050781,1125.5,215.01231384277344,939.7999877929688,0.1910371482372284,26.1400089263916,6.099999904632568,=NA(),0.07337798923254013,1.0320489406585693,1.4163999557495117,0.34380000829696655,0.08399999886751175,=NA(),20,1013.25,-7.030363082885742,12.538776397705078,1215.909912109375,1133.9000244140625,82.00999450683594,74.59563446044922,7242.7900390625,6089.75,6062.427734375,33.982940673828125,11.149786949157715,11.083171844482422,42.1031494140625,11.813996315002441,0.039828937500715256,0,0.0017356874886900187,0,1153.0400390625,27.322265625
338,13,0,1,Day,,23.370738983154297,66.62926483154297,297.1976318359375,1038,242.41555786132812,866.6900024414062,0.23354099690914154,25.8699893951416,6.149899959564209,=NA(),0.13582001626491547,1.0891047716140747,1.4163999557495117,0.34380000829696655,0.08399999886751175,=NA(),20,1013.25,-21.024456024169922,10.445874214172363,1175.544921875,1107.0849609375,68.46000671386719,72.32750701904297,7058.0498046875,5985.490234375,5983.59912109375,34.081153869628906,10.973079681396484,10.937788963317871,42.33890914916992,11.639352798461914,0.0390121266245842,0,0.0014715625438839197,0,1072.5595703125,1.89111328125
338,14,0,1,Day,,34.97188949584961,55.02811050415039,281.2742004394531,895.510009765625,284.6224365234375,745.5,0.3178327679634094,25.990015029907227,6.139900207519531,=NA(),0.2378012090921402,1.2197574377059937,1.4163999557495117,0.34380000829696655,0.08399999886751175,=NA(),20,1013.25,-34.44929504394531,6.433967590332031,1109.93505859375,1056.405029296875,53.525001525878906,69.66374969482422,6698.2900390625,5736.81982421875,5737.6806640625,34.430763244628906,10.415249824523926,10.379817962646484,42.57125473022461,11.036023139953613,0.03721024841070175,0,0.0011767500545829535,0,961.47021484375,-0.86083984375
338,15,0,1,Day,,47.158531188964844,42.841468811035156,271.0994567871094,695.6099853515625,320.8025207519531,551.2100219726562,0.4611815810203552,25.959985733032227,6.03000020980835,=NA(),0.4101032614707947,1.4691330194473267,1.4163999557495117,0.34380000829696655,0.08399999886751175,=NA(),20,1013.25,-47.15327453613281,0.8061501383781433,964.10498046875,913.094970703125,51.00499725341797,63.80937957763672,5861.25,5127.60986328125,5116.1103515625,35.335113525390625,9.049368858337402,8.949368476867676,43.049129486083984,9.564615249633789,0.0324363112449646,0,0.001107624964788556,0,733.64013671875,11.49951171875
338,16,0,1,Day,,59.39480209350586,30.605199813842773,262.9266052246094,473.1099853515625,308.04833984375,324.2099914550781,0.6511135697364807,25.300012588500977,5.519999980926514,=NA(),0.6228665113449097,1.959301233291626,1.4163999557495117,0.34380000829696655,0.08399999886751175,=NA(),20,1013.25,-59.202632904052734,6.084018230438232,744.9349975585938,691.9649658203125,52.970001220703125,54.224998474121094,4559.830078125,4125.3798828125,4123.5654296875,36.48906707763672,7.063174724578857,6.946664810180664,43.78956985473633,7.461853504180908,0.02495843730866909,0,0.0011374375317245722,0,434.4501953125,1.814453125
338,17,0,1,Day,,71.41897583007812,18.58102035522461,255.3370819091797,240.38999938964844,208.39801025390625,100.4000015258789,0.866916298866272,24.100000381469727,3.7100000381469727,=NA(),0.861115574836731,3.113004207611084,1.4163999557495117,0.34380000829696655,0.08399999886751175,=NA(),20,1013.25,-33.779258728027344,39.221920013427734,386.385009765625,366.16497802734375,20.225000381469727,38.96874237060547,2324.369873046875,2212.989990234375,2213.59228515625,38.0777473449707,3.6333670616149902,3.574497699737549,44.52896499633789,3.837400197982788,0.012994688004255295,0,0.00045543749001808465,0,111.3798828125,-0.602294921875
338,18,0,1,Day,,82.9760971069336,7.023903846740723,247.57139587402344,35.29899978637695,35.22616958618164,0.5956000089645386,0.9979367852210999,22.33001136779785,3.240000009536743,=NA(),0.9986076354980469,7.706699371337891,1.4163999557495117,0.34380000829696655,0.08399999886751175,=NA(),20,1013.25,-11.144512176513672,72.7044906616211,39.02000045776367,35.49500274658203,3.5149998664855957,23.88750648498535,200.08999633789062,200.5500030517578,197.01425170898438,37.500640869140625,0.3283551335334778,0.3233022391796112,42.35350036621094,0.3638303577899933,0.0012058125576004386,0,0.00008149999484885484,0,-0.4600067138671875,3.5357513427734375
338,19,0,1,Night,Sun below height limit of 1 degrees.,89.20372009277344,0.7962771654129028,242.70745849609375,0,0,0,0,19.93999671936035,3.4298999309539795,=NA(),0,28.209144592285156,1.4163999557495117,0.34380000829696655,0.08399999886751175,=NA(),20,1013.25,0,0,0,0,0,19.93999671936035,0,0,0,0,0,0,0,0,0,0,0,0,0,0
338,20,0,1,Night,,104.07279968261719,-14.072800636291504,229.2646942138672,0,0,0,0,18.17998695373535,3.5299999713897705,=NA(),0,64.81599426269531,1.4163999557495117,0.34380000829696655,0.08399999886751175,=NA(),20,1013.25,0,0,0,0,0,18.17998695373535,0,0,0,0,0,0,0,0,0,0,0,0,0,0
338,21,0,1,Night,,112.50373840332031,-22.503738403320312,217.67202758789062,0,0,0,0,15.719995498657227,3.059999942779541,=NA(),0,64.81599426269531,1.4163999557495117,0.34380000829696655,0.08399999886751175,=NA(),20,1013.25,0,0,0,0,0,15.719995498657227,0,0,0,0,0,0,0,0,0,0,0,0,0,0
338,22,0,1,Night,,118.79583740234375,-28.79583740234375,203.95367431640625,0,0,0,0,13.860010147094727,2.3499999046325684,=NA(),0,64.81599426269531,1.4163999557495117,0.34380000829696655,0.08399999886751175,=NA(),20,1013.25,0,0,0,0,0,13.860010147094727,0,0,0,0,0,0,0,0,0,0,0,0,0,0
338,23,0,1,Night,,122.21642303466797,-32.216426849365234,188.34375,0,0,0,0,11.999994277954102,2.9800000190734863,=NA(),0,64.81599426269531,1.4163999557495117,0.34380000829696655,0.08399999886751175,=NA(),20,1013.25,0,0,0,0,0,11.999994277954102,0,0,0,0,0,0,0,0,0,0,0,0,0,0
339,0,0,1,Night,,122.24137878417969,-32.24137878417969,171.9398193359375,0,0,0,0,12.800012588500977,4.520100116729736,=NA(),0,64.81599426269531,1.4163999557495117,0.34380000829696655,0.08399999886751175,=NA(),20,1013.25,0,0,0,0,0,12.800012588500977,0,0,0,0,0,0,0,0,0,0,0,0,0,0
339,1,0,1,Night,,118.86665344238281,-28.866653442382812,156.31002807617188,0,0,0,0,14.709985733032227,5.199999809265137,=NA(),0,64.81599426269531,1.4163999557495117,0.34380000829696655,0.08399999886751175,=NA(),20,1013.25,0,0,0,0,0,14.709985733032227,0,0,0,0,0,0,0,0,0,0,0,0,0,0
339,2,0,1,Night,,112.61095428466797,-22.610952377319336,142.56370544433594,0,0,0,0,14.490015029907227,5.090099811553955,=NA(),0,64.81599426269531,1.4163999557495117,0.34380000829696655,0.08399999886751175,=NA(),20,1013.25,0,0,0,0,0,14.490015029907227,0,0,0,0,0,0,0,0,0,0,0,0,0,0
339,3,0,1,Night,,104.20650482177734,-14.206504821777344,130.9462890625,0,0,0,0,13.800012588500977,4.779900074005127,=NA(),0,64.81599426269531,1.4163999557495117,0.34380000829696655,0.08399999886751175,=NA(),20,1013.25,0,0,0,0,0,13.800012588500977,0,0,0,0,0,0,0,0,0,0,0,0,0,0
339,4,0,1,Night,Sun below height limit of 1 degrees.,89.26741790771484,0.7325822114944458,117.42650604248047,0.5078999996185303,0.5077836513519287,0,0.9997709393501282,13.379999160766602,4.930099964141846,=NA(),0,28.844207763671875,1.4163999557495117,0.34380000829696655,0.08399999886751175,=NA(),20,1013.25,0,0,0,0,0,13.379999160766602,0,0,0,0,0,0,0,0,0,0,0,0,0,0
339,5,0,1,Day,,83.13340759277344,6.8665947914123535,112.61775970458984,126,113.53010559082031,104.30000305175781,0.901032567024231,14.959985733032227,6.849899768829346,=NA(),0.752583384513855,7.862734794616699,1.4163999557495117,0.34380000829696655,0.08399999886751175,=NA(),20,1013.25,10.898207664489746,73.10169982910156,212.01499938964844,204.94000244140625,7.074999809265137,23.4368839263916,1015.1199951171875,1018.5899658203125,1017.3731079101562,39.38618850708008,1.6144227981567383,1.6031122207641602,45.166900634765625,1.7109161615371704,0.005872000008821487,0,0.0001633749925531447,0,-3.469970703125,1.21685791015625
339,6,0,1,Day,,71.5873794555664,18.412622451782227,104.85823059082031,344.20001220703125,253.61192321777344,286.79998779296875,0.7368155717849731,17.040002822875977,7.989999771118164,=NA(),0.6018945574760437,3.1399483680725098,1.4163999557495117,0.34380000829696655,0.08399999886751175,=NA(),20,1013.25,33.34164810180664,39.83198165893555,626.0350341796875,604.6900024414062,21.345001220703125,40.948753356933594,3846.179931640625,3642.239990234375,3647.98193359375,38.136634826660156,5.978515625,5.918704986572266,45.190032958984375,6.308751583099365,0.021569062024354935,0,0.00047718751011416316,0,203.93994140625,-5.741943359375
339,7,0,1,Day,,59.56696319580078,30.43303680419922,97.29048156738281,568.5,328.1003723144531,474.6000061035156,0.5771334767341614,18.649988174438477,7.560100078582764,=NA(),0.447199285030365,1.9692445993423462,1.4163999557495117,0.34380000829696655,0.08399999886751175,=NA(),20,1013.25,59.363433837890625,6.281642436981201,921.6799926757812,863.010009765625,58.66999816894531,54.293113708496094,5655.93994140625,5120.169921875,5125.990234375,36.45323181152344,8.788804054260254,8.66164493560791,44.20038604736328,9.294303894042969,0.031114375218749046,0,0.0012478125281631947,0,535.77001953125,-5.8203125
339,8,0,1,Day,,47.32875061035156,42.67124938964844,89.16492462158203,769.7000122070312,334.0838317871094,642.7000122070312,0.43404421210289,20.3699893951416,6.789999961853027,=NA(),0.3118216395378113,1.4738441705703735,1.4163999557495117,0.34380000829696655,0.08399999886751175,=NA(),20,1013.25,47.325714111328125,0.6139842867851257,1075.405029296875,1020.75,54.650001525878906,62.423118591308594,6531.2998046875,5745.2998046875,5743.21728515625,35.415199279785156,10.135575294494629,10.030749320983887,43.445457458496094,10.713417053222656,0.036240313202142715,0,0.0011768124531954527,0,786,2.08251953125
339,9,0,1,Day,,35.13025665283203,54.86974334716797,79.09024810791016,935.0999755859375,296.5258483886719,780.7999877929688,0.3171060383319855,21.5200138092041,6.090000152587891,=NA(),0.20159514248371124,1.2221192121505737,1.4163999557495117,0.34380000829696655,0.08399999886751175,=NA(),20,1013.25,34.63998794555664,6.252410411834717,1160.824951171875,1104.9849853515625,55.84000015258789,67.3343734741211,6990.35009765625,6040.27978515625,6023.333984375,34.88020324707031,10.792964935302734,10.719371795654297,42.95659255981445,11.40906810760498,0.03886762633919716,0,0.0012211875291541219,0,950.0703125,16.94580078125
339,10,0,1,Day,,23.491296768188477,66.50870513916016,63.40165710449219,1077.199951171875,252.24993896484375,899.5,0.23417188227176666,22.93999671936035,5.610000133514404,=NA(),0.10320122539997101,1.090096354484558,1.4163999557495117,0.34380000829696655,0.08399999886751175,=NA(),20,1013.25,21.237791061401367,10.280704498291016,1221.284912109375,1150.330078125,70.95500183105469,71.05562591552734,7319.97021484375,6238.39013671875,6242.390625,34.1978645324707,11.408591270446777,11.371919631958008,42.577842712402344,12.106746673583984,0.040499813854694366,0,0.001515812473371625,0,1081.580078125,-4.00048828125
339,11,0,1,Day,,14.340036392211914,75.65996551513672,29.922576904296875,970.9099731445312,243.202392578125,751.1099853515625,0.25048911571502686,23.57000160217285,5.349899768829346,=NA(),0.25964993238449097,1.032014012336731,1.4163999557495117,0.34380000829696655,0.08399999886751175,=NA(),20,1013.25,7.267207622528076,12.395634651184082,1049.4749755859375,978.5,70.97500610351562,65.32186126708984,6292.33984375,5475.759765625,5401.005859375,35.68518829345703,9.459847450256348,9.29458999633789,42.99806594848633,10.107657432556152,0.034502752125263214,0,0.001531125046312809,0,816.580078125,74.75390625
339,12,0,1,Day,,14.189565658569336,75.81043243408203,331.29779052734375,630.5999755859375,468.5981750488281,167.10000610351562,0.7430989146232605,23.8699893951416,5.28000020980835,=NA(),0.8353161811828613,1.0313266515731812,1.4163999557495117,0.34380000829696655,0.08399999886751175,=NA(),20,1013.25,-6.923567295074463,12.416176795959473,683.9450073242188,632.0599975585938,51.88500213623047,50.782493591308594,4010.409912109375,3670.969970703125,3649.765380859375,37.19023132324219,6.133687496185303,6.079246520996094,43.98999786376953,6.50816535949707,0.021862374618649483,0,0.0011157500557601452,0,339.43994140625,21.20458984375
339,13,0,1,Day,,23.216054916381836,66.78394317626953,297.0869140625,999.7999877929688,236.09027099609375,831,0.2361374944448471,23.980005264282227,5.369999885559082,=NA(),0.17185984551906586,1.0878421068191528,1.4163999557495117,0.34380000829696655,0.08399999886751175,=NA(),20,1013.25,-20.901134490966797,10.340371131896973,1131.544921875,1065.530029296875,66.0199966430664,68.74373626708984,6804.77978515625,5848.5302734375,5828.025390625,34.714637756347656,10.492806434631348,10.403019905090332,42.72111511230469,11.103657722473145,0.03758075088262558,0,0.0014263750053942204,0,956.24951171875,20.5048828125
339,14,0,1,Day,,34.8251953125,55.1748046875,281.1600341796875,775.0900268554688,326.3132019042969,546.6900024414062,0.4210003912448883,24.339990615844727,5.550000190734863,=NA(),0.4414612650871277,1.2175859212875366,1.4163999557495117,0.34380000829696655,0.08399999886751175,=NA(),20,1013.25,-34.31414794921875,6.345958709716797,946.4549560546875,894.9349975585938,51.52000045776367,61.49938201904297,5705.81005859375,5033.5498046875,5024.20166015625,35.630313873291016,8.813089370727539,8.747394561767578,43.292083740234375,9.309906005859375,0.031517498195171356,0,0.0011319374898448586,0,672.26025390625,9.34814453125
339,15,0,1,Day,,47.014217376708984,42.985782623291016,271.0037841796875,757.8099975585938,326.213134765625,633.010009765625,0.43046823143959045,23.57000160217285,5.630000114440918,=NA(),0.32324379682540894,1.465172290802002,1.4163999557495117,0.34380000829696655,0.08399999886751175,=NA(),20,1013.25,-47.00983810424805,0.7342798709869385,1055.074951171875,1001.5599975585938,53.51499938964844,64.95311737060547,6407.7099609375,5584.1298828125,5578.90234375,35.10854721069336,9.9315824508667,9.847729682922363,43.0830078125,10.499693870544434,0.035546813160181046,0,0.0011537499958649278,0,823.580078125,5.2275390625
339,16,0,1,Day,,59.24959182739258,30.750410079956055,262.84783935546875,464.489990234375,308.75335693359375,304.5899963378906,0.6647147536277771,23.1400089263916,5.650100231170654,=NA(),0.6462743878364563,1.951005458831787,1.4163999557495117,0.34380000829696655,0.08399999886751175,=NA(),20,1013.25,-59.05255889892578,6.142397403717041,725.2249755859375,672.52001953125,52.70500183105469,51.18248748779297,4434.52001953125,4055.050048828125,4057.896484375,36.84341049194336,6.883837699890137,6.7686052322387695,44.13022994995117,7.2742509841918945,0.024249186739325523,0,0.0011338124750182033,0,379.469970703125,-2.846435546875
339,17,0,1,Day,,71.2710952758789,18.72890853881836,255.27279663085938,241.89999389648438,209.59825134277344,100.5999984741211,0.8664665222167969,22.05999183654785,5.669899940490723,=NA(),0.8613321781158447,3.089737892150879,1.4163999557495117,0.34380000829696655,0.08399999886751175,=NA(),20,1013.25,-34.22465515136719,38.68003463745117,388.69000244140625,368.1499938964844,20.540000915527344,36.96312713623047,2334.64990234375,2238.280029296875,2241.462646484375,38.31782531738281,3.656062602996826,3.5985448360443115,44.803497314453125,3.859736204147339,0.013043312355875969,0,0.00046499999007210135,0,96.369873046875,-3.1826171875
339,18,0,1,Day,,82.82555389404297,7.174442768096924,247.5208282470703,35.29899978637695,35.224613189697266,0.5956000089645386,0.9978926777839661,19.920007705688477,6.04010009765625,=NA(),0.9986271858215332,7.5628743171691895,1.4163999557495117,0.34380000829696655,0.08399999886751175,=NA(),20,1013.25,-11.400201797485352,72.3237075805664,38.904998779296875,35.369998931884766,3.5350000858306885,21.46624183654785,199.85000610351562,202.1699981689453,199.83628845214844,37.70784378051758,0.33122673630714417,0.32693377137184143,42.70550537109375,0.3638879656791687,0.0012042500311508775,0,0.00008187499770428985,0,-2.3199920654296875,2.333709716796875
339,19,0,1,Night,Sun below height limit of 1 degrees.,89.13672637939453,0.8632749915122986,242.6012725830078,0,0,0,0,17.55999183654785,7.21999979019165,=NA(),0,27.564088821411133,1.4163999557495117,0.34380000829696655,0.08399999886751175,=NA(),20,1013.25,0,0,0,0,0,17.55999183654785,0,0,0,0,0,0,0,0,0,0,0,0,0,0
339,20,0,1,Night,,103.91508483886719,-13.915082931518555,229.24937438964844,0,0,0,0,16.1199893951416,7.729899883270264,=NA(),0,64.81599426269531,1.4163999557495117,0.34380000829696655,0.08399999886751175,=NA(),20,1013.25,0,0,0,0,0,16.1199893951416,0,0,0,0,0,0,0,0,0,0,0,0,0,0
339,21,0,1,Night,,112.34526062011719,-22.34526252746582,217.68431091308594,0,0,0,0,15.200006484985352,8.069999694824219,=NA(),0,64.81599426269531,1.4163999557495117,0.34380000829696655,0.08399999886751175,=NA(),20,1013.25,0,0,0,0,0,15.200006484985352,0,0,0,0,0,0,0,0,0,0,0,0,0,0
339,22,0,1,Night,,118.6429672241211,-28.642967224121094,204.0032196044922,0,0,0,0,14.429986953735352,8.120100021362305,=NA(),0,64.81599426269531,1.4163999557495117,0.34380000829696655,0.08399999886751175,=NA(),20,1013.25,0,0,0,0,0,14.429986953735352,0,0,0,0,0,0,0,0,0,0,0,0,0,0
339,23,0,1,Night,,122.07825469970703,-32.078250885009766,188.4364471435547,0,0,0,0,14.100000381469727,7.179900169372559,=NA(),0,64.81599426269531,1.4163999557495117,0.34380000829696655,0.08399999886751175,=NA(),20,1013.25,0,0,0,0,0,14.100000381469727,0,0,0,0,0,0,0,0,0,0,0,0,0,0
340,0,0,1,Night,,122.12761688232422,-32.127620697021484,172.07046508789062,0,0,0,0,14.059991836547852,7.649899959564209,=NA(),0,64.81599426269531,1.4163999557495117,0.34380000829696655,0.08399999886751175,=NA(),20,1013.25,0,0,0,0,0,14.059991836547852,0,0,0,0,0,0,0,0,0,0,0,0,0,0
340,1,0,1,Night,,118.7828369140625,-28.782840728759766,156.46336364746094,0,0,0,0,13.800012588500977,7.310100078582764,=NA(),0,64.81599426269531,1.4163999557495117,0.34380000829696655,0.08399999886751175,=NA(),20,1013.25,0,0,0,0,0,13.800012588500977,0,0,0,0,0,0,0,0,0,0,0,0,0,0
340,2,0,1,Night,,112.55655670166016,-22.55655288696289,142.7245635986328,0,0,0,0,13.309991836547852,7.089900016784668,=NA(),0,64.81599426269531,1.4163999557495117,0.34380000829696655,0.08399999886751175,=NA(),20,1013.25,0,0,0,0,0,13.309991836547852,0,0,0,0,0,0,0,0,0,0,0,0,0,0
340,3,0,1,Night,,104.17742919921875,-14.177430152893066,131.1064910888672,0,0,0,0,13.089990615844727,6.889999866485596,=NA(),0,64.81599426269531,1.4163999557495117,0.34380000829696655,0.08399999886751175,=NA(),20,1013.25,0,0,0,0,0,13.089990615844727,0,0,0,0,0,0,0,0,0,0,0,0,0,0
340,4,0,1,Night,Sun below height limit of 1 degrees.,89.26788330078125,0.7321159243583679,117.58672332763672,0,0,0,0,13.089990615844727,6.980000019073486,=NA(),0,28.848918914794922,1.4163999557495117,0.34380000829696655,0.08399999886751175,=NA(),20,1013.25,0,0,0,0,0,13.089990615844727,0,0,0,0,0,0,0,0,0,0,0,0,0,0
340,5,0,1,Day,,83.13914489746094,6.860853672027588,112.77645111083984,80.98999786376953,77.83736419677734,26.391000747680664,0.9610738158226013,13.499994277954102,7.059999942779541,=NA(),0.9373799562454224,7.8685407638549805,1.4163999557495117,0.34380000829696655,0.08399999886751175,=NA(),20,1013.25,10.901764869689941,73.11617279052734,118.625,112.7550048828125,5.875,18.201868057250977,580.260009765625,593.27001953125,593.1043090820312,39.340415954589844,0.9422627091407776,0.9354681372642517,44.950096130371094,1.0001291036605835,0.0033928125631064177,0,0.00013749999925494194,0,-13.010009765625,0.16571044921875
340,6,0,1,Day,,71.60489654541016,18.395103454589844,105.02314758300781,225.41000366210938,199.72024536132812,81.40799713134766,0.8860309720039368,15.600000381469727,7.190000057220459,=NA(),0.886986494064331,3.142779588699341,1.4163999557495117,0.34380000829696655,0.08399999886751175,=NA(),20,1013.25,33.32933807373047,39.89503479003906,354.42999267578125,334.83001708984375,19.599998474121094,29.125635147094727,2127.010009765625,2093.869873046875,2095.73876953125,39.3376579284668,3.329746723175049,3.2754104137420654,45.676979064941406,3.509165048599243,0.011899562552571297,0,0.0004359374870546162,0,33.14013671875,-1.868896484375
340,7,0,1,Day,,59.59192657470703,30.408071517944336,97.4705581665039,403,303.7935485839844,196,0.7538301348686218,17.2600040435791,6.849899768829346,=NA(),0.771717369556427,1.9706963300704956,1.4163999557495117,0.34380000829696655,0.08399999886751175,=NA(),20,1013.25,59.37827682495117,6.438230514526367,609.385009765625,558.0549926757812,51.32500076293945,40.66124725341797,3693.830078125,3500.949951171875,3506.045654296875,38.16193771362305,5.742193698883057,5.623158931732178,45.152469635009766,6.058899879455566,0.020082438364624977,0,0.001102625043131411,0,192.880126953125,-5.095703125
340,8,0,1,Day,,47.35637664794922,42.64362335205078,89.37520599365234,478.3999938964844,366.4875183105469,165.1999969482422,0.766069233417511,18.82000160217285,6.340000152587891,=NA(),0.8231375813484192,1.4746129512786865,1.4163999557495117,0.34380000829696655,0.08399999886751175,=NA(),20,1013.25,47.35467529296875,0.45958411693573,601.010009765625,546.9649658203125,54.040000915527344,42.09813690185547,3562.22998046875,3359.300048828125,3360.77783203125,37.98750686645508,5.529575347900391,5.398626804351807,44.89840316772461,5.834921360015869,0.01927618682384491,0,0.0011659375159069896,0,202.929931640625,-1.477783203125
340,9,0,1,Day,,35.1530876159668,54.8469123840332,79.35995483398438,353.9100036621094,337.4701843261719,20.10700035095215,0.953548014163971,18.9999942779541,5.829899787902832,=NA(),0.9794443249702454,1.222461223602295,1.4163999557495117,0.34380000829696655,0.08399999886751175,=NA(),20,1013.25,34.68669128417969,6.10252571105957,385.17498779296875,342.9049987792969,42.26000213623047,33.98186492919922,2194.409912109375,2125.090087890625,2124.909912109375,38.73820877075195,3.4283266067504883,3.330951452255249,45.08711624145508,3.6180338859558105,0.011826062574982643,0,0.0008928125025704503,0,69.31982421875,0.18017578125
340,10,0,1,Day,,23.492691040039062,66.50730895996094,63.79484176635742,459.8999938964844,416.609619140625,47.202999114990234,0.9058700203895569,20.709985733032227,5.730100154876709,=NA(),0.9529523849487305,1.0901079177856445,1.4163999557495117,0.34380000829696655,0.08399999886751175,=NA(),20,1013.25,21.305068969726562,10.138638496398926,501.2650146484375,457.510009765625,43.755001068115234,40.271263122558594,2898.830078125,2749.429931640625,2745.45263671875,38.19137954711914,4.492954730987549,4.417945861816406,44.75896453857422,4.748559474945068,0.01575968787074089,0,0.000935999967623502,0,149.400146484375,3.977294921875
340,11,0,1,Day,,14.27286148071289,75.72714233398438,30.494831085205078,841.9000244140625,354.2228088378906,503.2099914550781,0.42074212431907654,23.08001136779785,5.710000038146973,=NA(),0.5041735172271729,1.0317062139511108,1.4163999557495117,0.34380000829696655,0.08399999886751175,=NA(),20,1013.25,7.355867385864258,12.265225410461426,910.85498046875,847.7000122070312,63.154998779296875,58.818748474121094,5445.0498046875,4849.509765625,4841.20703125,35.965755462646484,8.412887573242188,8.384056091308594,43.543922424316406,8.886489868164062,0.02979237586259842,0,0.0013597500510513783,0,595.5400390625,8.302734375
340,12,0,1,Day,,14.03728199005127,75.96271514892578,331.4432373046875,1022.5999755859375,213.51451110839844,833.989990234375,0.2087957262992859,23.93999671936035,5.749899864196777,=NA(),0.17842088639736176,1.0306391716003418,1.4163999557495117,0.34380000829696655,0.08399999886751175,=NA(),20,1013.25,-6.815463066101074,12.30086612701416,1104.3399658203125,1029.7449951171875,74.59500122070312,67.95687103271484,6611.81005859375,5698.7900390625,5621.75,35.36804962158203,9.934497833251953,9.781691551208496,42.76169204711914,10.614032745361328,0.036277685314416885,0,0.001608562539331615,0,913.02001953125,77.0400390625
340,13,0,1,Day,,23.06440544128418,66.93559265136719,296.9923095703125,749.5,396.27783203125,383.9100036621094,0.5287229418754578,25.20000648498535,5.589900016784668,=NA(),0.6176143288612366,1.086614727973938,1.4163999557495117,0.34380000829696655,0.08399999886751175,=NA(),20,1013.25,-20.777666091918945,10.24228286743164,837.75,781.3150024414062,56.44000244140625,58.23375701904297,4999.3798828125,4460.35986328125,4429.69482421875,36.30525207519531,7.6258978843688965,7.556103706359863,43.45030212402344,8.091032981872559,0.02738218754529953,0,0.0012197500327602029,0,539.02001953125,30.6650390625
340,14,0,1,Day,,34.68060302734375,55.31939697265625,281.0577087402344,647.2000122070312,398.031982421875,303,0.615006148815155,25.920007705688477,5.150000095367432,=NA(),0.6906472444534302,1.215461015701294,1.4163999557495117,0.34380000829696655,0.08399999886751175,=NA(),20,1013.25,-34.179874420166016,6.265350341796875,769.2550048828125,718.2750244140625,50.980003356933594,56.157493591308594,4596.27001953125,4129.83984375,4110.892578125,36.474056243896484,7.044233322143555,6.956796169281006,43.55454635620117,7.463094711303711,0.025196999311447144,0,0.0011067499872297049,0,466.43017578125,18.947265625
340,15,0,1,Day,,46.87187576293945,43.12812423706055,270.9176025390625,767.2999877929688,329.1601257324219,640.9000244140625,0.4289849102497101,25.550012588500977,4.639999866485596,=NA(),0.31548187136650085,1.4612953662872314,1.4163999557495117,0.34380000829696655,0.08399999886751175,=NA(),20,1013.25,-46.86820602416992,0.6696923971176147,1066.7149658203125,1012.6949462890625,54.025001525878906,67.40312957763672,6474.22021484375,5591.2998046875,5591.41552734375,34.74165344238281,10.058966636657715,9.985474586486816,42.7903938293457,10.65433120727539,0.0359230637550354,0,0.0011628749780356884,0,882.92041015625,-0.11572265625
340,16,0,1,Day,,59.1064453125,30.893556594848633,262.7773132324219,202.10000610351562,198.03958129882812,7.908199787139893,0.97990882396698,23.850000381469727,4.110000133514404,=NA(),0.9908308982849121,1.9429078102111816,1.4163999557495117,0.34380000829696655,0.08399999886751175,=NA(),20,1013.25,-58.90494918823242,6.193620204925537,216.64999389648438,171.93499755859375,44.720001220703125,32.401878356933594,1187.6099853515625,1154.9599609375,1148.5003662109375,38.56108093261719,1.8612723350524902,1.7293206453323364,44.212059020996094,1.987602710723877,0.006061312276870012,0,0.0009539999882690609,0,32.6500244140625,6.4595947265625
340,17,0,1,Day,,71.12566375732422,18.87433624267578,255.2159423828125,45.007999420166016,44.876564025878906,0.40630000829696655,0.9970797300338745,22.300012588500977,3.279900074005127,=NA(),0.9994418621063232,3.067211151123047,1.4163999557495117,0.34380000829696655,0.08399999886751175,=NA(),20,1013.25,-34.66924285888672,38.14130783081055,45.994998931884766,39.400001525878906,6.590000152587891,24.123132705688477,237.27000427246094,237.58999633789062,236.85667419433594,37.26804733276367,0.39715713262557983,0.3797982335090637,42.60666275024414,0.4293891191482544,0.00136524997651577,0,0.00014600000577047467,0,-0.3199920654296875,0.7333221435546875
340,18,0,1,Day,,82.67906951904297,7.320930480957031,247.47731018066406,26.29400062561035,26.24421501159668,0.39070001244544983,0.9981065988540649,21.399988174438477,2.8299999237060547,=NA(),0.9991114735603333,7.42780876159668,1.4163999557495117,0.34380000829696655,0.08399999886751175,=NA(),20,1013.25,-11.649541854858398,71.9525146484375,28.600000381469727,25.934999465942383,2.6649999618530273,22.53875160217285,144.5699920654297,145.6800079345703,144.67454528808594,36.84782409667969,0.24539153277873993,0.24250274896621704,42.0047721862793,0.269743412733078,0.0008883749833330512,0,0.00006168750405777246,0,-1.110015869140625,1.005462646484375
340,19,0,1,Night,Sun below height limit of 1 degrees.,89.07282257080078,0.9271739721298218,242.5068817138672,0,0,0,0,19.550012588500977,3.1898999214172363,=NA(),0,26.96995735168457,1.4163999557495117,0.34380000829696655,0.08399999886751175,=NA(),20,1013.25,0,0,0,0,0,19.550012588500977,0,0,0,0,0,0,0,0,0,0,0,0,0,0
340,20,0,1,Night,,103.76053619384766,-13.76053237915039,229.24049377441406,0,0,0,0,18.300012588500977,3.589900016784668,=NA(),0,64.81599426269531,1.4163999557495117,0.34380000829696655,0.08399999886751175,=NA(),20,1013.25,0,0,0,0,0,18.300012588500977,0,0,0,0,0,0,0,0,0,0,0,0,0,0
340,21,0,1,Night,,112.19127655029297,-22.19127655029297,217.70252990722656,0,0,0,0,18.70000648498535,3.8101000785827637,=NA(),0,64.81599426269531,1.4163999557495117,0.34380000829696655,0.08399999886751175,=NA(),20,1013.25,0,0,0,0,0,18.70000648498535,0,0,0,0,0,0,0,0,0,0,0,0,0,0
340,22,0,1,Night,,118.49581909179688,-28.495819091796875,204.05758666992188,0,0,0,0,17.800012588500977,3.970099925994873,=NA(),0,64.81599426269531,1.4163999557495117,0.34380000829696655,0.08399999886751175,=NA(),20,1013.25,0,0,0,0,0,17.800012588500977,0,0,0,0,0,0,0,0,0,0,0,0,0,0
340,23,0,1,Night,,121.94681549072266,-31.94681167602539,188.5321502685547,0,0,0,0,17.300012588500977,3.859999895095825,=NA(),0,64.81599426269531,1.4163999557495117,0.34380000829696655,0.08399999886751175,=NA(),20,1013.25,0,0,0,0,0,17.300012588500977,0,0,0,0,0,0,0,0,0,0,0,0,0,0
341,0,0,1,Night,,122.02098083496094,-32.02097702026367,172.2019805908203,0,0,0,0,16.800012588500977,3.349900007247925,=NA(),0,64.81599426269531,1.4163999557495117,0.34380000829696655,0.08399999886751175,=NA(),20,1013.25,0,0,0,0,0,16.800012588500977,0,0,0,0,0,0,0,0,0,0,0,0,0,0
341,1,0,1,Night,,118.70585632324219,-28.705856323242188,156.6155548095703,0,0,0,0,16.6299991607666,3.100100040435791,=NA(),0,64.81599426269531,1.4163999557495117,0.34380000829696655,0.08399999886751175,=NA(),20,1013.25,0,0,0,0,0,16.6299991607666,0,0,0,0,0,0,0,0,0,0,0,0,0,0
341,2,0,1,Night,,112.50850677490234,-22.508508682250977,142.8828125,0,0,0,0,16.290002822875977,3.1198999881744385,=NA(),0,64.81599426269531,1.4163999557495117,0.34380000829696655,0.08399999886751175,=NA(),20,1013.25,0,0,0,0,0,16.290002822875977,0,0,0,0,0,0,0,0,0,0,0,0,0,0
341,3,0,1,Night,,104.1539306640625,-14.153932571411133,131.2631072998047,0,0,0,0,16.600000381469727,3.0799999237060547,=NA(),0,64.81599426269531,1.4163999557495117,0.34380000829696655,0.08399999886751175,=NA(),20,1013.25,0,0,0,0,0,16.600000381469727,0,0,0,0,0,0,0,0,0,0,0,0,0,0
341,4,0,1,Night,Sun below height limit of 1 degrees.,89.27197265625,0.728026270866394,117.73526763916016,0,0,0,0,16.9999942779541,3.4700000286102295,=NA(),0,28.890470504760742,1.4163999557495117,0.34380000829696655,0.08399999886751175,=NA(),20,1013.25,0,0,0,0,0,16.9999942779541,0,0,0,0,0,0,0,0,0,0,0,0,0,0
341,5,0,1,Day,,83.15293884277344,6.847059726715088,112.93025970458984,123.30000305175781,111.28147888183594,100.80999755859375,0.9025261402130127,17.57000160217285,3.9999001026153564,=NA(),0.7605499625205994,7.882528781890869,1.4163999557495117,0.34380000829696655,0.08399999886751175,=NA(),20,1013.25,10.891584396362305,73.15096282958984,206.17001342773438,199.14498901367188,7.024999618530273,25.797510147094727,987.2100219726562,982.5,983.5341796875,38.90188217163086,1.5801515579223633,1.5729131698608398,44.7978401184082,1.6713075637817383,0.005712875165045261,0,0.00016256250091828406,0,4.71002197265625,-1.0341796875
341,6,0,1,Day,,71.6288833618164,18.37111473083496,105.18251037597656,325.19000244140625,242.8390655517578,261.2900085449219,0.7467605471611023,20.230005264282227,4.340000152587891,=NA(),0.6371743083000183,3.14666485786438,1.4163999557495117,0.34380000829696655,0.08399999886751175,=NA(),20,1013.25,33.29779052734375,39.98124694824219,583.2999877929688,562.3300170898438,20.975000381469727,42.550621032714844,3579.10009765625,3370.090087890625,3375.32470703125,37.882633209228516,5.568758487701416,5.50931978225708,44.848419189453125,5.879398822784424,0.020068123936653137,0,0.00046781249693594873,0,209.010009765625,-5.234619140625
341,7,0,1,Day,,59.62268829345703,30.3773136138916,97.6441879272461,433.489990234375,305.8077697753906,252.49000549316406,0.7054551839828491,20.9999942779541,4.28000020980835,=NA(),0.705920398235321,1.9724886417388916,1.4163999557495117,0.34380000829696655,0.08399999886751175,=NA(),20,1013.25,59.39907455444336,6.589724063873291,669.85498046875,617.719970703125,52.12999725341797,46.81499481201172,4079.610107421875,3786.77001953125,3791.325439453125,37.381797790527344,6.338998317718506,6.221554756164551,44.53795623779297,6.696764945983887,0.02224968746304512,0,0.001119187567383051,0,292.840087890625,-4.555419921875
341,8,0,1,Day,,47.38968276977539,42.61031723022461,89.5777359008789,612.7999877929688,341.7934875488281,400.29998779296875,0.5577570199966431,22.6299991607666,4.2399001121521,=NA(),0.5714907050132751,1.4755412340164185,1.4163999557495117,0.34380000829696655,0.08399999886751175,=NA(),20,1013.25,47.38890838623047,0.31077682971954346,835.2249755859375,785.2750244140625,49.95000076293945,55.024375915527344,5062.89013671875,4569.580078125,4574.80126953125,36.34521484375,7.866998195648193,7.777109622955322,43.889793395996094,8.32351303100586,0.027877813205122948,0,0.0010860625188797712,0,493.31005859375,-5.22119140625
341,9,0,1,Day,,35.18195724487305,54.81804275512695,79.61993408203125,873.2899780273438,285.2318420410156,719.489990234375,0.326617568731308,24.4999942779541,4.469900131225586,=NA(),0.2646021842956543,1.2228944301605225,1.4163999557495117,0.34380000829696655,0.08399999886751175,=NA(),20,1013.25,34.73797607421875,5.958805561065674,1084.4849853515625,1032.169921875,52.31500244140625,67.1100082397461,6539.35009765625,5653.93017578125,5653.494140625,34.7838134765625,10.158271789550781,10.119417190551758,42.848567962646484,10.75787353515625,0.03631275147199631,0,0.0011509375181049109,0,885.419921875,0.43603515625
341,10,0,1,Day,,23.501056671142578,66.49893951416016,64.17621612548828,605.489990234375,450.8840637207031,168.58999633789062,0.7446598410606384,25.70000648498535,4.820000171661377,=NA(),0.8320100903511047,1.0901769399642944,1.4163999557495117,0.34380000829696655,0.08399999886751175,=NA(),20,1013.25,21.375917434692383,10.003268241882324,669.8099975585938,618.6500244140625,51.15999984741211,52.013755798339844,3947.60009765625,3597.3798828125,3583.92626953125,36.902103424072266,6.070074558258057,5.960570335388184,43.79909133911133,6.425671577453613,0.021521249786019325,0,0.0011007499415427446,0,350.22021484375,13.45361328125
341,11,0,1,Day,,14.214384078979492,75.78561401367188,31.065404891967773,801.9000244140625,387.9731750488281,427,0.4838173985481262,26.0100040435791,4.989999771118164,=NA(),0.5794063210487366,1.0314394235610962,1.4163999557495117,0.34380000829696655,0.08399999886751175,=NA(),20,1013.25,7.4469146728515625,12.141901969909668,868.4349975585938,806.489990234375,61.94999694824219,60.208763122558594,5166.52001953125,4577.22998046875,4563.09765625,35.84062194824219,7.957307815551758,7.915520668029785,43.260345458984375,8.41508674621582,0.028224874287843704,0,0.001332062529399991,0,589.2900390625,14.13232421875
341,12,0,1,Day,,13.890933990478516,76.10906982421875,331.6113586425781,821.3900146484375,373.2023620605469,461.69000244140625,0.4543546438217163,26.92998695373535,4.800000190734863,=NA(),0.5453678369522095,1.0299861431121826,1.4163999557495117,0.34380000829696655,0.08399999886751175,=NA(),20,1013.25,-6.7061638832092285,12.192906379699707,887.824951171875,826.02001953125,61.80500030517578,61.844993591308594,5298.0498046875,4666.35986328125,4661.3408203125,35.530460357666016,8.199551582336426,8.178049087524414,43.09944534301758,8.670306205749512,0.028983499854803085,0,0.0013263750588521361,0,631.68994140625,5.01904296875
341,13,0,1,Day,,22.915876388549805,67.08412170410156,296.9140930175781,551.7000122070312,450.39068603515625,109.98999786376953,0.816368818283081,28.7499942779541,4.650000095367432,=NA(),0.8905031681060791,1.0854226350784302,1.4163999557495117,0.34380000829696655,0.08399999886751175,=NA(),20,1013.25,-20.654144287109375,10.151643753051758,604.3900146484375,554.469970703125,49.92500305175781,52.46123504638672,3528.219970703125,3208.330078125,3204.7900390625,36.641605377197266,5.466513156890869,5.3646240234375,43.52667236328125,5.784488677978516,0.01917893812060356,0,0.001071437494829297,0,319.889892578125,3.5400390625
341,14,0,1,Day,,34.538150787353516,55.461849212646484,280.96734619140625,822.3099975585938,301.6924743652344,632.010009765625,0.36688411235809326,29.149988174438477,4.730000019073486,=NA(),0.35517439246177673,1.2133822441101074,1.4163999557495117,0.34380000829696655,0.08399999886751175,=NA(),20,1013.25,-34.04655075073242,6.192134857177734,1006.5050048828125,953.5650024414062,52.939998626708984,68.69561004638672,6072.080078125,5217.22998046875,5219.119140625,34.565032958984375,9.437135696411133,9.405674934387207,42.49303436279297,10.006160736083984,0.03359556198120117,0,0.0011636250419542193,0,854.85009765625,-1.88916015625
341,15,0,1,Day,,46.73131561279297,43.26868438720703,270.84100341796875,661.4000244140625,330.0677795410156,483.3999938964844,0.4990440905094147,26.980005264282227,4.659999847412109,=NA(),0.4841967225074768,1.4574960470199585,1.4163999557495117,0.34380000829696655,0.08399999886751175,=NA(),20,1013.25,-46.72823715209961,0.6123730540275574,905.0999755859375,854.7449951171875,50.349998474121094,62.319358825683594,5490.830078125,4828.509765625,4831.505859375,35.401214599609375,8.529964447021484,8.456269264221191,43.10968780517578,9.03493881225586,0.03032081201672554,0,0.0010933125158771873,0,662.3203125,-2.99609375
341,16,0,1,Day,,58.96550369262695,31.03449821472168,262.7149353027344,347.0899963378906,294.2508544921875,102.48999786376953,0.847765326499939,28.029993057250977,4.010000228881836,=NA(),0.8813551664352417,1.9350117444992065,1.4163999557495117,0.34380000829696655,0.08399999886751175,=NA(),20,1013.25,-58.75996780395508,6.237756729125977,480.1300048828125,427.8450012207031,52.28499984741211,46.672508239746094,2857.199951171875,2649.72998046875,2652.610595703125,37.17763900756836,4.459499359130859,4.331427574157715,43.88869094848633,4.7182440757751465,0.015333812683820724,0,0.0011254375567659736,0,207.469970703125,-2.880615234375
341,17,0,1,Day,,70.98313903808594,19.016860961914062,255.16653442382812,269.6000061035156,222.80845642089844,143.60000610351562,0.8264408707618713,27.029993057250977,2.740000009536743,=NA(),0.8033984303474426,3.0454654693603516,1.4163999557495117,0.34380000829696655,0.08399999886751175,=NA(),20,1013.25,-35.11151885986328,37.60746765136719,452.54998779296875,431.28497314453125,21.264999389648438,44.488731384277344,2730.530029296875,2551.449951171875,2554.116943359375,37.43498992919922,4.264287948608398,4.202028274536133,44.092979431152344,4.5080952644348145,0.015255062840878963,0,0.0004880625056102872,0,179.080078125,-2.6669921875
341,18,0,1,Day,,82.5358657836914,7.464134693145752,247.44076538085938,36.608001708984375,36.51613235473633,0.7071999907493591,0.9974904656410217,24.70000648498535,2.719899892807007,=NA(),0.9984121322631836,7.300200462341309,1.4163999557495117,0.34380000829696655,0.08399999886751175,=NA(),20,1013.25,-11.893741607666016,71.5889892578125,40.36499786376953,36.689998626708984,3.679999828338623,26.300012588500977,208.11000061035156,206.6300048828125,205.97640991210938,36.72671890258789,0.3505218029022217,0.3457100987434387,42.069297790527344,0.3798445463180542,0.0012505624908953905,0,0.0000851875010994263,0,1.4799957275390625,0.653594970703125
341,19,0,1,Night,Sun below height limit of 1 degrees.,89.01013946533203,0.9898586869239807,242.4218292236328,0,0,0,0,22.800012588500977,3.0201001167297363,=NA(),0,26.406490325927734,1.4163999557495117,0.34380000829696655,0.08399999886751175,=NA(),20,1013.25,0,0,0,0,0,22.800012588500977,0,0,0,0,0,0,0,0,0,0,0,0,0,0
341,20,0,1,Night,,103.6095962524414,-13.609596252441406,229.23800659179688,0,0,0,0,23.219995498657227,3.3598999977111816,=NA(),0,64.81599426269531,1.4163999557495117,0.34380000829696655,0.08399999886751175,=NA(),20,1013.25,0,0,0,0,0,23.219995498657227,0,0,0,0,0,0,0,0,0,0,0,0,0,0
341,21,0,1,Night,,112.04259490966797,-22.042593002319336,217.72654724121094,0,0,0,0,21.0100040435791,3.6698999404907227,=NA(),0,64.81599426269531,1.4163999557495117,0.34380000829696655,0.08399999886751175,=NA(),20,1013.25,0,0,0,0,0,21.0100040435791,0,0,0,0,0,0,0,0,0,0,0,0,0,0
341,22,0,1,Night,,118.3550033569336,-28.355003356933594,204.11663818359375,0,0,0,0,19.08001136779785,3.8901000022888184,=NA(),0,64.81599426269531,1.4163999557495117,0.34380000829696655,0.08399999886751175,=NA(),20,1013.25,0,0,0,0,0,19.08001136779785,0,0,0,0,0,0,0,0,0,0,0,0,0,0
341,23,0,1,Night,,121.82256317138672,-31.822559356689453,188.6307830810547,0,0,0,0,17.399988174438477,4.03000020980835,=NA(),0,64.81599426269531,1.4163999557495117,0.34380000829696655,0.08399999886751175,=NA(),20,1013.25,0,0,0,0,0,17.399988174438477,0,0,0,0,0,0,0,0,0,0,0,0,0,0
342,0,0,1,Night,,121.9219741821289,-31.921972274780273,172.33419799804688,0,0,0,0,15.570001602172852,4.010000228881836,=NA(),0,64.81599426269531,1.4163999557495117,0.34380000829696655,0.08399999886751175,=NA(),20,1013.25,0,0,0,0,0,15.570001602172852,0,0,0,0,0,0,0,0,0,0,0,0,0,0
342,1,0,1,Night,,118.63668060302734,-28.636682510375977,156.76649475097656,0,0,0,0,14.240015029907227,3.869999885559082,=NA(),0,64.81599426269531,1.4163999557495117,0.34380000829696655,0.08399999886751175,=NA(),20,1013.25,0,0,0,0,0,14.240015029907227,0,0,0,0,0,0,0,0,0,0,0,0,0,0
342,2,0,1,Night,,112.46822357177734,-22.468223571777344,143.038330078125,0,0,0,0,13.240015029907227,3.3598999977111816,=NA(),0,64.81599426269531,1.4163999557495117,0.34380000829696655,0.08399999886751175,=NA(),20,1013.25,0,0,0,0,0,13.240015029907227,0,0,0,0,0,0,0,0,0,0,0,0,0,0
342,3,0,1,Night,,104.13858032226562,-14.13858413696289,131.41604614257812,0,0,0,0,12.369989395141602,2.8698999881744385,=NA(),0,64.81599426269531,1.4163999557495117,0.34380000829696655,0.08399999886751175,=NA(),20,1013.25,0,0,0,0,0,12.369989395141602,0,0,0,0,0,0,0,0,0,0,0,0,0,0
342,4,0,1,Night,Sun below height limit of 1 degrees.,89.272216796875,0.7277834415435791,117.8839111328125,0,0,0,0,11.529993057250977,2.759999990463257,=NA(),0,28.89297103881836,1.4163999557495117,0.34380000829696655,0.08399999886751175,=NA(),20,1013.25,0,0,0,0,0,11.529993057250977,0,0,0,0,0,0,0,0,0,0,0,0,0,0
342,5,0,1,Day,,83.16844177246094,6.83155632019043,113.0790786743164,41.198001861572266,41.067073822021484,1.1007000207901,0.9968219995498657,12.749994277954102,2.6298999786376953,=NA(),0.9973823428153992,7.898313045501709,1.4163999557495117,0.34380000829696655,0.08399999886751175,=NA(),20,1013.25,10.878183364868164,73.19005584716797,46.91999816894531,42.92499923706055,3.990000009536743,14.589380264282227,240.02000427246094,249.05999755859375,249.1133270263672,38.574432373046875,0.40362438559532166,0.3986488878726959,44.00631332397461,0.4324224889278412,0.0014346875250339508,0,0.00009299999510403723,0,-9.039993286132812,-0.0533294677734375
342,6,0,1,Day,,71.65650939941406,18.343488693237305,105.33619689941406,290.1099853515625,227.9195556640625,197.61000061035156,0.785631537437439,14.550012588500977,3,=NA(),0.7255038022994995,3.1511518955230713,1.4163999557495117,0.34380000829696655,0.08399999886751175,=NA(),20,1013.25,33.254981994628906,40.08036422729492,503.4849853515625,483.08001708984375,20.405000686645508,33.69750213623047,3076.31005859375,2983.869873046875,2988.74560546875,38.99409103393555,4.790415287017822,4.732483386993408,45.728973388671875,5.0477752685546875,0.017241500318050385,0,0.0004545625124592334,0,92.440185546875,-4.875732421875
342,7,0,1,Day,,59.657955169677734,30.3420467376709,97.81122589111328,661.2100219726562,382.3055419921875,552.1099853515625,0.578190803527832,17.279993057250977,3.880000114440918,=NA(),0.35690808296203613,1.9745478630065918,1.4163999557495117,0.34380000829696655,0.08399999886751175,=NA(),20,1013.25,59.424564361572266,6.735925674438477,1076.0849609375,1008.3599853515625,67.72999572753906,59.10186004638672,6578.72998046875,5857.14990234375,5860.271484375,35.81418991088867,10.227083206176758,10.086832046508789,43.88459396362305,10.810572624206543,0.036269813776016235,0,0.0014226874336600304,0,721.580078125,-3.12158203125
342,8,0,1,Day,,47.4277458190918,42.5722541809082,89.7723159790039,726.2000122070312,320.220703125,600.0999755859375,0.4409538805484772,18.3699893951416,4.690100193023682,=NA(),0.3576646149158478,1.4766041040420532,1.4163999557495117,0.34380000829696655,0.08399999886751175,=NA(),20,1013.25,47.42751693725586,0.1676703542470932,1014.25,962.1400146484375,52.11000061035156,57.70311737060547,6169.06982421875,5518.94970703125,5526.95703125,35.980220794677734,9.600728988647461,9.52655029296875,43.934898376464844,10.168258666992188,0.03419312462210655,0,0.0011259999591857195,0,650.1201171875,-8.00732421875
342,9,0,1,Day,,35.216026306152344,54.783973693847656,79.86992645263672,348.010009765625,332.8868408203125,18.51099967956543,0.9565438628196716,19.4999942779541,5.259900093078613,=NA(),0.9810830354690552,1.223406195640564,1.4163999557495117,0.34380000829696655,0.08399999886751175,=NA(),20,1013.25,34.79304122924805,5.82124137878418,371.614990234375,327.19500732421875,44.415000915527344,34.05998992919922,2098.860107421875,2031.8599853515625,2022.443359375,38.9013557434082,3.2493741512298584,3.1182236671447754,44.99705123901367,3.443455219268799,0.011245000176131725,0,0.0009346249862574041,0,67.0001220703125,9.4166259765625
342,10,0,1,Day,,23.51586151123047,66.48413848876953,64.54520416259766,614.7899780273438,449.92242431640625,179.8000030517578,0.7318310737609863,21.040002822875977,5.579899787902832,=NA(),0.8208845853805542,1.0902992486953735,1.4163999557495117,0.34380000829696655,0.08399999886751175,=NA(),20,1013.25,21.44986915588379,9.874520301818848,680.5549926757812,628.8049926757812,51.744998931884766,47.782493591308594,4013.360107421875,3712.610107421875,3680.032958984375,37.7415771484375,6.0942487716674805,5.977986812591553,44.38079833984375,6.476449489593506,0.02188006229698658,0,0.0011145625030621886,0,300.75,32.5771484375
342,11,0,1,Day,,14.164441108703613,75.83555603027344,31.63278579711914,1101.300048828125,209.65829467773438,919.5999755859375,0.19037345051765442,22.2700138092041,5.720099925994873,=NA(),0.09448479861021042,1.0312126874923706,1.4163999557495117,0.34380000829696655,0.08399999886751175,=NA(),20,1013.25,7.540171146392822,12.025618553161621,1190.9150390625,1110.7650146484375,80.1500015258789,69.5993881225586,7115.259765625,6096.740234375,6054.66552734375,34.756465911865234,10.887822151184082,10.753016471862793,42.7039680480957,11.521469116210938,0.03911818936467171,0,0.0017008750000968575,0,1018.51953125,42.07470703125
342,12,0,1,Day,,13.750550270080566,76.24945068359375,331.80242919921875,1090.800048828125,205.91921997070312,910.989990234375,0.18877814710140228,23.969995498657227,5.749899864196777,=NA(),0.10329131782054901,1.0293668508529663,1.4163999557495117,0.34380000829696655,0.08399999886751175,=NA(),20,1013.25,-6.595713138580322,12.092254638671875,1177.47998046875,1097.97998046875,79.49500274658203,70.59749603271484,7026.77978515625,5998.06005859375,5987.76123046875,34.374603271484375,10.886969566345215,10.847315788269043,42.55094909667969,11.515355110168457,0.038612186908721924,0,0.0016891249688342214,0,1028.7197265625,10.298828125
342,13,0,1,Day,,22.770322799682617,67.22967529296875,296.8525390625,1014.7999877929688,234.36521911621094,846.4000244140625,0.23094719648361206,24.05999183654785,5.630000114440918,=NA(),0.15781541168689728,1.0842640399932861,1.4163999557495117,0.34380000829696655,0.08399999886751175,=NA(),20,1013.25,-20.53046989440918,10.068384170532227,1146.5250244140625,1079.324951171875,67.20999908447266,69.43437957763672,6898.68017578125,5914.18017578125,5893.8369140625,34.64333724975586,10.633158683776855,10.518190383911133,42.660980224609375,11.246909141540527,0.038097936660051346,0,0.0014561874559149146,0,984.5,20.34326171875
342,14,0,1,Day,,34.39755630493164,55.60244369506836,280.88909912109375,883.6099853515625,282.6540222167969,728.3099975585938,0.3198854923248291,23.3799991607666,5.320099830627441,=NA(),0.25741034746170044,1.2113447189331055,1.4163999557495117,0.34380000829696655,0.08399999886751175,=NA(),20,1013.25,-33.91389465332031,6.126299858093262,1089.9949951171875,1036.875,53.11499786376953,66.21749114990234,6582.669921875,5710.43017578125,5705.4482421875,34.93157196044922,10.208258628845215,10.186630249023438,42.97610855102539,10.793224334716797,0.036545686423778534,0,0.0011697500012814999,0,872.23974609375,4.98193359375
342,15,0,1,Day,,46.592411041259766,43.407588958740234,270.7740783691406,704.5900268554688,320.2481384277344,559.2999877929688,0.4545169770717621,23.4999942779541,4.909999847412109,=NA(),0.4037691056728363,1.4537689685821533,1.4163999557495117,0.34380000829696655,0.08399999886751175,=NA(),20,1013.25,-46.58979797363281,0.5623481273651123,970.969970703125,919.9299926757812,51.04499816894531,61.32500457763672,5894.740234375,5204.2099609375,5209.58837890625,35.51957702636719,9.16679573059082,9.100581169128418,43.38017272949219,9.71191120147705,0.03263024985790253,0,0.0011063124984502792,0,690.5302734375,-5.37841796875
342,16,0,1,Day,,58.825843811035156,31.174156188964844,262.6609191894531,479.1099853515625,310.61260986328125,325.510009765625,0.6483116745948792,23.7600040435791,4.399899959564209,=NA(),0.6237621903419495,1.9272617101669312,1.4163999557495117,0.34380000829696655,0.08399999886751175,=NA(),20,1013.25,-58.616695404052734,6.274689197540283,746.4500122070312,693.6849975585938,52.77000045776367,52.612510681152344,4568.81982421875,4157.2802734375,4162.57763671875,36.639320373535156,7.10074520111084,6.989650249481201,44.00236129760742,7.5132155418396,0.025006374344229698,0,0.0011404375545680523,0,411.53955078125,-5.29736328125
342,17,0,1,Day,,70.84152221679688,19.158477783203125,255.1246337890625,247.6999969482422,213.73313903808594,103.5,0.862870991230011,22.55999183654785,3.049999952316284,=NA(),0.8587615489959717,3.024176836013794,1.4163999557495117,0.34380000829696655,0.08399999886751175,=NA(),20,1013.25,-35.55745315551758,37.071014404296875,398.54998779296875,377.0249938964844,21.524999618530273,37.915611267089844,2385.139892578125,2279.300048828125,2279.8857421875,38.25331115722656,3.725005626678467,3.661468982696533,44.71506118774414,3.9330813884735107,0.013299125246703625,0,0.0004943750100210309,0,105.83984375,-0.585693359375
342,18,0,1,Day,,82.3927001953125,7.607300758361816,247.41123962402344,40.691001892089844,40.586116790771484,0.7922999858856201,0.9974223971366882,20.95000648498535,2.9800000190734863,=NA(),0.9982430934906006,7.176802635192871,1.4163999557495117,0.34380000829696655,0.08399999886751175,=NA(),20,1013.25,-12.13819408416748,71.22492218017578,45.48500061035156,41.43000030517578,4.050000190734863,22.7443790435791,235.42999267578125,236.99000549316406,236.71876525878906,37.37257766723633,0.3958761990070343,0.39090633392333984,42.794898986816406,0.42607027292251587,0.0014064374845474958,0,0.00009387500176671892,0,-1.5600128173828125,0.271240234375
342,19,0,1,Night,Sun above horizon but GHI below 1,88.94190216064453,1.0580998659133911,242.34133911132812,0,0,0,0,17.899988174438477,3.380000114440918,=NA(),0,25.813945770263672,1.4163999557495117,0.34380000829696655,0.08399999886751175,=NA(),20,1013.25,0,0,0,0,0,17.899988174438477,0,0,0,0,0,0,0,0,0,0,0,0,0,0
342,20,0,1,Night,,103.46548461914062,-13.46548843383789,229.24183654785156,0,0,0,0,16.219995498657227,3.839900016784668,=NA(),0,64.81599426269531,1.4163999557495117,0.34380000829696655,0.08399999886751175,=NA(),20,1013.25,0,0,0,0,0,16.219995498657227,0,0,0,0,0,0,0,0,0,0,0,0,0,0
342,21,0,1,Night,,111.90028381347656,-21.90028190612793,217.75633239746094,0,0,0,0,15.100000381469727,4.050099849700928,=NA(),0,64.81599426269531,1.4163999557495117,0.34380000829696655,0.08399999886751175,=NA(),20,1013.25,0,0,0,0,0,15.100000381469727,0,0,0,0,0,0,0,0,0,0,0,0,0,0
342,22,0,1,Night,,118.2210693359375,-28.221067428588867,204.18032836914062,0,0,0,0,14.070001602172852,4.010000228881836,=NA(),0,64.81599426269531,1.4163999557495117,0.34380000829696655,0.08399999886751175,=NA(),20,1013.25,0,0,0,0,0,14.070001602172852,0,0,0,0,0,0,0,0,0,0,0,0,0,0
342,23,0,1,Night,,121.70568084716797,-31.70568084716797,188.73223876953125,0,0,0,0,13.300012588500977,3.240000009536743,=NA(),0,64.81599426269531,1.4163999557495117,0.34380000829696655,0.08399999886751175,=NA(),20,1013.25,0,0,0,0,0,13.300012588500977,0,0,0,0,0,0,0,0,0,0,0,0,0,0
343,0,0,1,Night,,121.83047485351562,-31.830476760864258,172.46705627441406,0,0,0,0,12.770013809204102,3.069999933242798,=NA(),0,64.81599426269531,1.4163999557495117,0.34380000829696655,0.08399999886751175,=NA(),20,1013.25,0,0,0,0,0,12.770013809204102,0,0,0,0,0,0,0,0,0,0,0,0,0,0
343,1,0,1,Night,,118.57477569580078,-28.57477569580078,156.91604614257812,0,0,0,0,12.070001602172852,2.740000009536743,=NA(),0,64.81599426269531,1.4163999557495117,0.34380000829696655,0.08399999886751175,=NA(),20,1013.25,0,0,0,0,0,12.070001602172852,0,0,0,0,0,0,0,0,0,0,0,0,0,0
343,2,0,1,Night,,112.43476867675781,-22.434768676757812,143.19102478027344,0,0,0,0,10.929986953735352,2.23009991645813,=NA(),0,64.81599426269531,1.4163999557495117,0.34380000829696655,0.08399999886751175,=NA(),20,1013.25,0,0,0,0,0,10.929986953735352,0,0,0,0,0,0,0,0,0,0,0,0,0,0
343,3,0,1,Night,,104.12938690185547,-14.129384994506836,131.565185546875,0,0,0,0,9.599786758422852,1.7598999738693237,=NA(),0,64.81599426269531,1.4163999557495117,0.34380000829696655,0.08399999886751175,=NA(),20,1013.25,0,0,0,0,0,9.600000381469727,0,0,0,0,0,0,0,0,0,0,0,0,0,0
343,4,0,1,Night,Sun below height limit of 1 degrees.,89.2757797241211,0.7242183685302734,118.02303314208984,0,0,0,0,8.459802627563477,1.8799999952316284,=NA(),0,28.929189682006836,1.4163999557495117,0.34380000829696655,0.08399999886751175,=NA(),20,1013.25,0,0,0,0,0,8.459985733032227,0,0,0,0,0,0,0,0,0,0,0,0,0,0
343,5,0,1,Day,,83.19014739990234,6.809854984283447,113.22277069091797,69.60199737548828,67.92950439453125,14.104999542236328,0.9759706258773804,9.579889297485352,0.75,=NA(),0.9663941860198975,7.920514106750488,1.4163999557495117,0.34380000829696655,0.08399999886751175,=NA(),20,1013.25,10.854040145874023,73.24478912353516,95.51499938964844,89.98500061035156,5.529999732971191,13.339380264282227,472.3999938964844,491.4700012207031,492.0384216308594,39.70616912841797,0.7744982242584229,0.769435703754425,45.290809631347656,0.8205103278160095,0.0027722499798983335,0,0.00012924999464303255,0,-19.07000732421875,-0.56842041015625
343,6,0,1,Day,,71.68982696533203,18.310169219970703,105.48407745361328,336.19000244140625,248.91921997070312,277.7900085449219,0.7404122948646545,11.360010147094727,1.2798999547958374,=NA(),0.6139380931854248,3.156581163406372,1.4163999557495117,0.34380000829696655,0.08399999886751175,=NA(),20,1013.25,33.195091247558594,40.19964599609375,608.4749755859375,587.385009765625,21.09000015258789,34.478111267089844,3738.8701171875,3618.159912109375,3623.837646484375,39.003963470458984,5.806880474090576,5.746224403381348,45.977813720703125,6.117382526397705,0.020969562232494354,0,0.0004696875112131238,0,120.710205078125,-5.677734375
343,7,0,1,Day,,59.698402404785156,30.301597595214844,97.97152709960938,564.0999755859375,326.3551940917969,471.20001220703125,0.5785413980484009,14.270013809204102,1.6098999977111816,=NA(),0.451084703207016,1.976915955543518,1.4163999557495117,0.34380000829696655,0.08399999886751175,=NA(),20,1013.25,59.45547103881836,6.876781463623047,915.5050048828125,856.989990234375,58.51499938964844,49.665611267089844,5615.43994140625,5166.4697265625,5161.55810546875,37.15461349487305,8.682708740234375,8.56131362915039,44.77943420410156,9.146707534790039,0.030887437984347343,0,0.0012424375163391232,0,448.97021484375,4.91162109375
343,8,0,1,Day,,47.47102737426758,42.52897262573242,89.95878601074219,567.7899780273438,355.3415832519531,314.2900085449219,0.6258327960968018,15.670007705688477,2.0099000930786133,=NA(),0.6636062264442444,1.4778153896331787,1.4163999557495117,0.34380000829696655,0.08399999886751175,=NA(),20,1013.25,47.47102355957031,0.030369745567440987,755.9100341796875,704.0499877929688,51.86000061035156,44.783103942871094,4556.0498046875,4260.35986328125,4266.39990234375,37.68666458129883,7.07554817199707,6.977381229400635,45.00907897949219,7.4692769050598145,0.024950312450528145,0,0.0011241249740123749,0,295.68994140625,-6.0400390625
343,9,0,1,Day,,35.25569152832031,54.74430847167969,80.10965728759766,940.7100219726562,299.2831115722656,785.5,0.3181459903717041,17.730005264282227,2.2699999809265137,=NA(),0.1973957121372223,1.2240031957626343,1.4163999557495117,0.34380000829696655,0.08399999886751175,=NA(),20,1013.25,34.85234069824219,5.690004825592041,1169.9100341796875,1113.820068359375,56.09000015258789,63.451255798339844,7036.05029296875,6167.5498046875,6174.64306640625,35.19407653808594,10.965343475341797,10.939054489135742,43.4654655456543,11.62617301940918,0.03912868723273277,0,0.001226249965839088,0,868.50048828125,-7.09326171875
343,10,0,1,Day,,23.53725242614746,66.4627456665039,64.90126037597656,1086.4000244140625,254.77931213378906,907.0900268554688,0.23451703786849976,19.089990615844727,2.23009991645813,=NA(),0.09657071530818939,1.090476155281067,1.4163999557495117,0.34380000829696655,0.08399999886751175,=NA(),20,1013.25,21.527097702026367,9.752589225769043,1233.68505859375,1162.284912109375,71.39500427246094,68.42186737060547,7384.9599609375,6356.43017578125,6225.1103515625,35.47390365600586,10.968045234680176,10.804182052612305,42.930030822753906,11.712979316711426,0.04087512567639351,0,0.001525250030681491,0,1028.52978515625,131.31982421875
343,11,0,1,Day,,14.123096466064453,75.87690734863281,32.195465087890625,1166,221.8283233642578,973.5999755859375,0.1902472823858261,19.45000648498535,1.999899983406067,=NA(),0.0416000671684742,1.0310255289077759,1.4163999557495117,0.34380000829696655,0.08399999886751175,=NA(),20,1013.25,7.635592460632324,11.916528701782227,1261.1201171875,1176.2750244140625,84.84500122070312,69.44188690185547,7491.60986328125,6423.9501953125,6406.24267578125,34.56160354614258,11.584959983825684,11.42693042755127,42.831233978271484,12.250889778137207,0.041250500828027725,0,0.0017724999925121665,0,1067.65966796875,17.70751953125
343,12,0,1,Day,,13.616358757019043,76.3836441040039,332.0164794921875,597.0900268554688,470.6563720703125,130.08999633789062,0.7882502675056458,20.899988174438477,1.9500000476837158,=NA(),0.8719980120658875,1.0287812948226929,1.4163999557495117,0.34380000829696655,0.08399999886751175,=NA(),20,1013.25,-6.484269142150879,11.99902057647705,647.5700073242188,598.1500244140625,49.42499923706055,46.21062469482422,3787.530029296875,3522.199951171875,3516.39013671875,37.56330490112305,5.850780487060547,5.830296993255615,44.47726058959961,6.179360389709473,0.020658312365412712,0,0.0010580000234767795,0,265.330078125,5.809814453125
343,13,0,1,Day,,22.628095626831055,67.37190246582031,296.80792236328125,1097.9000244140625,251.6737823486328,916.7999877929688,0.22923196852207184,21.800012588500977,2.0999999046325684,=NA(),0.08820656687021255,1.0831409692764282,1.4163999557495117,0.34380000829696655,0.08399999886751175,=NA(),20,1013.25,-20.40697479248047,9.992640495300293,1239.6650390625,1166.81005859375,72.85499572753906,71.03939056396484,7421.5,6325.56982421875,6293.455078125,34.50223159790039,11.400659561157227,11.264281272888184,42.60816955566406,12.067422866821289,0.04106000065803528,0,0.0015517499996349216,0,1095.93017578125,32.11474609375
343,14,0,1,Day,,34.2593994140625,55.7406005859375,280.82305908203125,931.2899780273438,288.6965026855469,777.489990234375,0.3099963665008545,21.80999183654785,2.490000009536743,=NA(),0.20777277648448944,1.2093563079833984,1.4163999557495117,0.34380000829696655,0.08399999886751175,=NA(),20,1013.25,-33.78252029418945,6.067907810211182,1148.195068359375,1092.4150390625,55.78499984741211,67.07750701904297,6921.8203125,5986.56982421875,5972.5029296875,34.87794494628906,10.702518463134766,10.672201156616211,42.96916198730469,11.3058443069458,0.0384683758020401,0,0.0012206250103190541,0,935.25048828125,14.06689453125
343,15,0,1,Day,,46.45566940307617,43.54433059692383,270.71685791015625,707.989990234375,319.86181640625,563.3900146484375,0.45178860425949097,22.300012588500977,3.410099983215332,=NA(),0.39995819330215454,1.4501270055770874,1.4163999557495117,0.34380000829696655,0.08399999886751175,=NA(),20,1013.25,-46.453426361083984,0.5196107625961304,974.5250244140625,923.4449462890625,51.08000183105469,60.198753356933594,5914.18994140625,5242.830078125,5249.5810546875,35.659881591796875,9.200819969177246,9.135305404663086,43.53132247924805,9.7509183883667,0.03274206072092056,0,0.0011065625585615635,0,671.35986328125,-6.7509765625
343,16,0,1,Day,,58.68863296508789,31.31136703491211,262.6152038574219,475.8999938964844,311.3146057128906,316.70001220703125,0.6541597247123718,23.08001136779785,4.319900035858154,=NA(),0.6344935894012451,1.9197183847427368,1.4163999557495117,0.34380000829696655,0.08399999886751175,=NA(),20,1013.25,-58.47633743286133,6.304506301879883,737.7550048828125,685.1300048828125,52.625,51.613121032714844,4513.2099609375,4120.990234375,4124.1533203125,36.78877639770508,7.006618499755859,6.895234107971191,44.10797882080078,7.406077861785889,0.02469100058078766,0,0.0011392500018700957,0,392.2197265625,-3.1630859375
343,17,0,1,Day,,70.70298767089844,19.297014236450195,255.09019470214844,243.91000366210938,212.3138885498047,95.61100006103516,0.8704599738121033,22.18999671936035,3.619999885559082,=NA(),0.8699386119842529,3.0036518573760986,1.4163999557495117,0.34380000829696655,0.08399999886751175,=NA(),20,1013.25,-36.000308990478516,36.5401725769043,389.0050048828125,367.2550048828125,21.744998931884766,37.201866149902344,2321.47998046875,2223.780029296875,2222.512451171875,38.36507797241211,3.620684862136841,3.5554919242858887,44.761131286621094,3.823779821395874,0.012933249585330486,0,0.0005009999731555581,0,97.699951171875,1.267578125
343,18,0,1,Day,,82.25325775146484,7.746745586395264,247.388671875,10.295000076293945,10.28185749053955,0.09749999642372131,0.9987233877182007,19.420007705688477,2.180000066757202,=NA(),0.9997863173484802,7.0604400634765625,1.4163999557495117,0.34380000829696655,0.08399999886751175,=NA(),20,1013.25,-12.376626014709473,70.86967468261719,11.175000190734863,10.119999885559082,1.0499999523162842,19.86748695373535,51.79999923706055,52.790000915527344,52.76806640625,35.31281661987305,0.09339349716901779,0.09232284873723984,40.68388366699219,0.10550790280103683,0.0003476249985396862,0,0.00002443750054226257,0,-0.9900016784667969,0.02193450927734375
343,19,0,1,Night,Sun above horizon but GHI below 1,88.8802261352539,1.119774341583252,242.26776123046875,0,0,0,0,15.860010147094727,1.6700999736785889,=NA(),0,25.296424865722656,1.4163999557495117,0.34380000829696655,0.08399999886751175,=NA(),20,1013.25,0,0,0,0,0,15.860010147094727,0,0,0,0,0,0,0,0,0,0,0,0,0,0
343,20,0,1,Night,,103.3246078491211,-13.324604988098145,229.25196838378906,0,0,0,0,14.929986953735352,1.1298999786376953,=NA(),0,64.81599426269531,1.4163999557495117,0.34380000829696655,0.08399999886751175,=NA(),20,1013.25,0,0,0,0,0,14.929986953735352,0,0,0,0,0,0,0,0,0,0,0,0,0,0
343,21,0,1,Night,,111.76263427734375,-21.76263427734375,217.79176330566406,0,0,0,0,14.209985733032227,1.0800000429153442,=NA(),0,64.81599426269531,1.4163999557495117,0.34380000829696655,0.08399999886751175,=NA(),20,1013.25,0,0,0,0,0,14.209985733032227,0,0,0,0,0,0,0,0,0,0,0,0,0,0
343,22,0,1,Night,,118.09291076660156,-28.09290885925293,204.24853515625,0,0,0,0,13.999994277954102,1.7100000381469727,=NA(),0,64.81599426269531,1.4163999557495117,0.34380000829696655,0.08399999886751175,=NA(),20,1013.25,0,0,0,0,0,13.999994277954102,0,0,0,0,0,0,0,0,0,0,0,0,0,0
343,23,0,1,Night,,121.59545135498047,-31.595455169677734,188.83636474609375,0,0,0,0,13.240015029907227,2.5899999141693115,=NA(),0,64.81599426269531,1.4163999557495117,0.34380000829696655,0.08399999886751175,=NA(),20,1013.25,0,0,0,0,0,13.240015029907227,0,0,0,0,0,0,0,0,0,0,0,0,0,0
344,0,0,1,Night,,121.74610137939453,-31.7460994720459,172.60044860839844,0,0,0,0,12.939996719360352,3.799999952316284,=NA(),0,64.81599426269531,1.4163999557495117,0.34380000829696655,0.08399999886751175,=NA(),20,1013.25,0,0,0,0,0,12.939996719360352,0,0,0,0,0,0,0,0,0,0,0,0,0,0
344,1,0,1,Night,,118.51985931396484,-28.519861221313477,157.0641326904297,0,0,0,0,12.719995498657227,4.930099964141846,=NA(),0,64.81599426269531,1.4163999557495117,0.34380000829696655,0.08399999886751175,=NA(),20,1013.25,0,0,0,0,0,12.719995498657227,0,0,0,0,0,0,0,0,0,0,0,0,0,0
344,2,0,1,Night,,112.40766906738281,-22.40766716003418,143.34078979492188,0,0,0,0,12.700006484985352,5.819900035858154,=NA(),0,64.81599426269531,1.4163999557495117,0.34380000829696655,0.08399999886751175,=NA(),20,1013.25,0,0,0,0,0,12.700006484985352,0,0,0,0,0,0,0,0,0,0,0,0,0,0
344,3,0,1,Night,,104.12543487548828,-14.125431060791016,131.71038818359375,0,0,0,0,12.219995498657227,5.909900188446045,=NA(),0,64.81599426269531,1.4163999557495117,0.34380000829696655,0.08399999886751175,=NA(),20,1013.25,0,0,0,0,0,12.219995498657227,0,0,0,0,0,0,0,0,0,0,0,0,0,0
344,4,0,1,Night,Sun below height limit of 1 degrees.,89.28968048095703,0.7103176116943359,118.15250396728516,0,0,0,0,12.080011367797852,6,=NA(),0,29.071393966674805,1.4163999557495117,0.34380000829696655,0.08399999886751175,=NA(),20,1013.25,0,0,0,0,0,12.080011367797852,0,0,0,0,0,0,0,0,0,0,0,0,0,0
344,5,0,1,Day,,83.22006225585938,6.779935836791992,113.36124420166016,21.702999114990234,21.67892837524414,0.20389999449253082,0.9988908767700195,12.499994277954102,6.429999828338623,=NA(),0.9995129108428955,7.951308727264404,1.4163999557495117,0.34380000829696655,0.08399999886751175,=NA(),20,1013.25,10.815763473510742,73.32020568847656,23.615001678466797,21.43000030517578,2.184999942779541,13.431879043579102,117.33000183105469,122.43000030517578,122.40408325195312,37.66590881347656,0.20310725271701813,0.2010210007429123,43.004310607910156,0.22143863141536713,0.0007319999858736992,0,0.00005087500176159665,0,-5.099998474121094,0.02591705322265625
344,6,0,1,Day,,71.72920989990234,18.270793914794922,105.62602996826172,144.39999389648438,141.04483032226562,10.70199966430664,0.9767647981643677,12.999994277954102,6.910099983215332,=NA(),0.9851172566413879,3.163022756576538,1.4163999557495117,0.34380000829696655,0.08399999886751175,=NA(),20,1013.25,33.117095947265625,40.340267181396484,184.47500610351562,167.67999267578125,16.795000076293945,20.0881290435791,1057.5699462890625,1073.300048828125,1073.2774658203125,39.87151336669922,1.6823670864105225,1.6377509832382202,45.692874908447266,1.7765079736709595,0.00590381259098649,0,0.00036862498382106423,0,-15.7301025390625,0.0225830078125
344,7,0,1,Day,,59.744140625,30.255857467651367,98.12495422363281,194.60000610351562,191.01991271972656,7.105299949645996,0.9816027879714966,13.999994277954102,6.889999866485596,=NA(),0.9917213320732117,1.9796020984649658,1.4163999557495117,0.34380000829696655,0.08399999886751175,=NA(),20,1013.25,59.491947174072266,7.012201309204102,208.0749969482422,164.18499755859375,43.88999938964844,22.21062660217285,1136.739990234375,1145.199951171875,1124.3720703125,40.42293930053711,1.7385026216506958,1.6070626974105835,45.522212982177734,1.878904104232788,0.005791875068098307,0,0.0009333749767392874,0,-8.4599609375,20.827880859375
344,8,0,1,Day,,47.519439697265625,42.480560302734375,90.13697814941406,229.49000549316406,225.71168518066406,5.594699859619141,0.9835360050201416,14.800012588500977,6.340000152587891,=NA(),0.9940118789672852,1.4791736602783203,1.4163999557495117,0.34380000829696655,0.08399999886751175,=NA(),20,1013.25,47.51935958862305,0.1010250449180603,239.35501098632812,198.76499938964844,40.584999084472656,24.1718692779541,1310.8900146484375,1311.8399658203125,1307.9854736328125,39.714149475097656,2.0582375526428223,1.944907307624817,45.500553131103516,2.1815712451934814,0.006850437261164188,0,0.0008666875073686242,0,-0.949951171875,3.8544921875
344,9,0,1,Day,,35.30067443847656,54.69932556152344,80.33890533447266,431.1099853515625,386.94915771484375,54.11000061035156,0.8975648283958435,15.300012588500977,5.869999885559082,=NA(),0.9447187185287476,1.2246816158294678,1.4163999557495117,0.34380000829696655,0.08399999886751175,=NA(),20,1013.25,34.915626525878906,5.565159320831299,478.30999755859375,430.114990234375,48.19499969482422,33.81749725341797,2759.489990234375,2674.97998046875,2676.565185546875,38.93543243408203,4.296559810638428,4.193741321563721,45.51803970336914,4.529666423797607,0.01488524954766035,0,0.0010238124523311853,0,84.510009765625,-1.585205078125
344,10,0,1,Day,,23.56503677368164,66.43496704101562,65.243896484375,526.8099975585938,443.7580871582031,90.60800170898438,0.8423494100570679,17.4999942779541,6.090000152587891,=NA(),0.9097765684127808,1.0907062292099,1.4163999557495117,0.34380000829696655,0.08399999886751175,=NA(),20,1013.25,21.607467651367188,9.637530326843262,576.9200439453125,528.3599853515625,48.560001373291016,40.28813934326172,3362.02001953125,3189.7900390625,3114.0830078125,39.13286209106445,4.973712921142578,4.887741565704346,45.02692794799805,5.3560967445373535,0.018262937664985657,0,0.0010487500112503767,0,172.22998046875,75.70703125
344,11,0,1,Day,,14.090307235717773,75.9096908569336,32.7519645690918,856.8099975585938,342.5522766113281,530.2100219726562,0.3997995853424072,18.2600040435791,6.239999771118164,=NA(),0.47821560502052307,1.0308775901794434,1.4163999557495117,0.34380000829696655,0.08399999886751175,=NA(),20,1013.25,7.733085632324219,11.814702033996582,927.5349731445312,863.4200439453125,64.11499786376953,54.693138122558594,5545.27001953125,5012.64013671875,4983.17578125,36.76068878173828,8.472542762756348,8.313129425048828,44.109920501708984,8.972431182861328,0.03034568764269352,0,0.0013817499857395887,0,532.6298828125,29.46435546875
344,12,0,1,Day,,13.488526344299316,76.511474609375,332.253662109375,466.4100036621094,427.605712890625,39.904998779296875,0.916802167892456,19.339990615844727,6.03000020980835,=NA(),0.9607497453689575,1.0282293558120728,1.4163999557495117,0.34380000829696655,0.08399999886751175,=NA(),20,1013.25,-6.371935844421387,11.9132719039917,507.1400146484375,466.125,41.019996643066406,39.163108825683594,2918.010009765625,2778.239990234375,2768.059814453125,38.46962356567383,4.4971923828125,4.4640326499938965,44.91640090942383,4.761910438537598,0.015927188098430634,0,0.0008772499859333038,0,139.77001953125,10.18017578125
344,13,0,1,Day,,22.48924446105957,67.51075744628906,296.7805480957031,391.8999938964844,373.0467529296875,20.405000686645508,0.9518927335739136,19.800012588500977,5.579899787902832,=NA(),0.979715883731842,1.0820531845092773,1.4163999557495117,0.34380000829696655,0.08399999886751175,=NA(),20,1013.25,-20.28371810913086,9.92443561553955,422.9649963378906,383.1099853515625,39.85499954223633,36.36937713623047,2411.449951171875,2316.85009765625,2300.5009765625,38.849769592285156,3.701052188873291,3.6196866035461426,44.939571380615234,3.9351961612701416,0.013094250112771988,0,0.0008503749850206077,0,94.599853515625,16.34912109375
344,14,0,1,Day,,34.123626708984375,55.876373291015625,280.7693786621094,517.2000122070312,418.5227966308594,119.19999694824219,0.8092088103294373,20.3699893951416,5.070000171661377,=NA(),0.8786159753799438,1.2074154615402222,1.4163999557495117,0.34380000829696655,0.08399999886751175,=NA(),20,1013.25,-33.65238571166992,6.016952991485596,590.780029296875,541.4149780273438,49.37000274658203,43.430625915527344,3470.300048828125,3257.39013671875,3245.545654296875,38.012874603271484,5.336466312408447,5.193541049957275,44.67616653442383,5.65178108215332,0.018862811848521233,0,0.0010601249523460865,0,212.909912109375,11.844482421875
344,15,0,1,Day,,46.32109069824219,43.67890930175781,270.66943359375,811.9000244140625,343.7312927246094,677.9000244140625,0.423366516828537,21.5100040435791,4.639999866485596,=NA(),0.27864161133766174,1.446568489074707,1.4163999557495117,0.34380000829696655,0.08399999886751175,=NA(),20,1013.25,-46.31914138793945,0.48414891958236694,1122.344970703125,1065.8599853515625,56.48999786376953,65.3293685913086,6790.9501953125,5911.14013671875,5919.57470703125,34.95095443725586,10.585540771484375,10.518662452697754,43.15372085571289,11.241914749145508,0.037716999650001526,0,0.0012088124640285969,0,879.81005859375,-8.4345703125
344,16,0,1,Day,,58.553627014160156,31.446372985839844,262.57781982421875,510.1099853515625,311.64996337890625,380.4100036621094,0.6109465956687927,21.8699893951416,4.389900207519531,=NA(),0.5616059899330139,1.91236412525177,1.4163999557495117,0.34380000829696655,0.08399999886751175,=NA(),20,1013.25,-58.338645935058594,6.327228546142578,799.6849975585938,745.9449462890625,53.73999786376953,52.848106384277344,4903.52978515625,4459.4599609375,4459.65283203125,36.67366409301758,7.600379467010498,7.487607955932617,44.10847854614258,8.026840209960938,0.02689087577164173,0,0.0011630625231191516,0,444.06982421875,-0.19287109375
344,17,0,1,Day,,70.5669174194336,19.43307876586914,255.0632781982422,253.88999938964844,217.49533081054688,109.38999938964844,0.8566518425941467,21.20000648498535,3.309999942779541,=NA(),0.8516501784324646,2.983776330947876,1.4163999557495117,0.34380000829696655,0.08399999886751175,=NA(),20,1013.25,-36.44174575805664,36.0127067565918,410.45001220703125,388.2149963378906,22.239999771118164,37.050010681152344,2452.5,2350.8701171875,2347.626953125,38.477699279785156,3.8133251667022705,3.7445313930511475,44.87993240356445,4.027790546417236,0.013658937066793442,0,0.0005150624783709645,0,101.6298828125,3.2431640625
344,18,0,1,Day,,82.11746978759766,7.882528781890869,247.3731231689453,52.000999450683594,51.75432205200195,1.798699975013733,0.9952563047409058,19.67998695373535,2.8399999141693115,=NA(),0.9961025714874268,6.950604438781738,1.4163999557495117,0.34380000829696655,0.08399999886751175,=NA(),20,1013.25,-12.609045028686523,70.52314758300781,60.43000030517578,55.404998779296875,5.020000457763672,22.050622940063477,315.5199890136719,318.3800048828125,318.55517578125,37.849700927734375,0.526018500328064,0.5209271311759949,43.387691497802734,0.5615910887718201,0.0018615000881254673,0,0.00011637500574579462,0,-2.860015869140625,-0.1751708984375
344,19,0,1,Night,Sun above horizon but GHI below 1,88.81798553466797,1.1820123195648193,242.20819091796875,0,0,0,0,17.3699893951416,3.059999942779541,=NA(),0,24.7908935546875,1.4163999557495117,0.34380000829696655,0.08399999886751175,=NA(),20,1013.25,0,0,0,0,0,17.3699893951416,0,0,0,0,0,0,0,0,0,0,0,0,0,0
344,20,0,1,Night,,103.18807220458984,-13.188074111938477,229.268310546875,0,0,0,0,14.399988174438477,3.240000009536743,=NA(),0,64.81599426269531,1.4163999557495117,0.34380000829696655,0.08399999886751175,=NA(),20,1013.25,0,0,0,0,0,14.399988174438477,0,0,0,0,0,0,0,0,0,0,0,0,0,0
344,21,0,1,Night,,111.63038635253906,-21.630386352539062,217.83279418945312,0,0,0,0,13.800012588500977,3.240000009536743,=NA(),0,64.81599426269531,1.4163999557495117,0.34380000829696655,0.08399999886751175,=NA(),20,1013.25,0,0,0,0,0,13.800012588500977,0,0,0,0,0,0,0,0,0,0,0,0,0,0
344,22,0,1,Night,,117.97122192382812,-27.971221923828125,204.3211669921875,0,0,0,0,12.929986953735352,3.1198999881744385,=NA(),0,64.81599426269531,1.4163999557495117,0.34380000829696655,0.08399999886751175,=NA(),20,1013.25,0,0,0,0,0,12.929986953735352,0,0,0,0,0,0,0,0,0,0,0,0,0,0
344,23,0,1,Night,,121.49242401123047,-31.492427825927734,188.94313049316406,0,0,0,0,12.029993057250977,2.9300999641418457,=NA(),0,64.81599426269531,1.4163999557495117,0.34380000829696655,0.08399999886751175,=NA(),20,1013.25,0,0,0,0,0,12.029993057250977,0,0,0,0,0,0,0,0,0,0,0,0,0,0
345,0,0,1,Night,,121.66920471191406,-31.669204711914062,172.73422241210938,0,0,0,0,12.300012588500977,2.7701001167297363,=NA(),0,64.81599426269531,1.4163999557495117,0.34380000829696655,0.08399999886751175,=NA(),20,1013.25,0,0,0,0,0,12.300012588500977,0,0,0,0,0,0,0,0,0,0,0,0,0,0
345,1,0,1,Night,,118.47254180908203,-28.472543716430664,157.21063232421875,0,0,0,0,10.830011367797852,2.6600000858306885,=NA(),0,64.81599426269531,1.4163999557495117,0.34380000829696655,0.08399999886751175,=NA(),20,1013.25,0,0,0,0,0,10.830011367797852,0,0,0,0,0,0,0,0,0,0,0,0,0,0
345,2,0,1,Night,,112.38809204101562,-22.388092041015625,143.4875030517578,0,0,0,0,10.200006484985352,2.5499000549316406,=NA(),0,64.81599426269531,1.4163999557495117,0.34380000829696655,0.08399999886751175,=NA(),20,1013.25,0,0,0,0,0,10.200006484985352,0,0,0,0,0,0,0,0,0,0,0,0,0,0
345,3,0,1,Night,,104.1292495727539,-14.12924861907959,131.85157775878906,0,0,0,0,8.649896621704102,2.399899959564209,=NA(),0,64.81599426269531,1.4163999557495117,0.34380000829696655,0.08399999886751175,=NA(),20,1013.25,0,0,0,0,0,8.649988174438477,0,0,0,0,0,0,0,0,0,0,0,0,0,0
345,4,0,1,Night,Sun below height limit of 1 degrees.,89.30030822753906,0.6996904015541077,118.2793960571289,0,0,0,0,8.800104141235352,2.220099925994873,=NA(),0,29.1807918548584,1.4163999557495117,0.34380000829696655,0.08399999886751175,=NA(),20,1013.25,0,0,0,0,0,8.800012588500977,0,0,0,0,0,0,0,0,0,0,0,0,0,0
345,5,0,1,Day,,83.25337982177734,6.746616363525391,113.49437713623047,125.80000305175781,113.48823547363281,104.80000305175781,0.9021322131156921,11.020013809204102,2.3299999237060547,=NA(),0.7488875985145569,7.985883712768555,1.4163999557495117,0.34380000829696655,0.08399999886751175,=NA(),20,1013.25,10.771342277526855,73.40416717529297,212.47999572753906,205.48500061035156,7,19.478113174438477,1009.4099731445312,1026.5999755859375,1027.4237060546875,39.8488655090332,1.6114383935928345,1.6041525602340698,45.69842529296875,1.7011168003082275,0.005841187667101622,0,0.00016181249520741403,0,-17.19000244140625,-0.82373046875
345,6,0,1,Day,,71.77352905273438,18.226472854614258,105.7619400024414,338.20001220703125,250.3731231689453,280.79998779296875,0.740310788154602,13.550012588500977,2.259999990463257,=NA(),0.6092061400413513,3.1703062057495117,1.4163999557495117,0.34380000829696655,0.08399999886751175,=NA(),20,1013.25,33.024200439453125,40.49810028076172,613.4200439453125,592.405029296875,21.014999389648438,36.93498992919922,3767.81005859375,3616.489990234375,3620.998779296875,38.686119079589844,5.850003719329834,5.786973476409912,45.67325210571289,6.167596817016602,0.021133624017238617,0,0.0004693749942816794,0,151.320068359375,-4.5087890625
345,7,0,1,Day,,59.79508590698242,30.204912185668945,98.27140808105469,563.8099975585938,326.8979797363281,470.9100036621094,0.5798016786575317,16.42998695373535,1.5801000595092773,=NA(),0.45118942856788635,1.9826037883758545,1.4163999557495117,0.34380000829696655,0.08399999886751175,=NA(),20,1013.25,59.5339241027832,7.142086029052734,915.9749755859375,857.260009765625,58.709999084472656,52.094993591308594,5616.8798828125,5124.2001953125,5097.36865234375,37.05573654174805,8.597576141357422,8.481348037719727,44.46834182739258,9.07838249206543,0.03089112415909767,0,0.001247250009328127,0,492.6796875,26.83154296875
345,8,0,1,Day,,47.573081970214844,42.426918029785156,90.30675506591797,769.1900024414062,335.86279296875,642.2999877929688,0.4366447627544403,18.7600040435791,0.7199000120162964,=NA(),0.31251978874206543,1.480682611465454,1.4163999557495117,0.34380000829696655,0.08399999886751175,=NA(),20,1013.25,47.572669982910156,0.22642578184604645,1077.6199951171875,1022.760009765625,54.86499786376953,60.704978942871094,6547.31005859375,5795.5302734375,5801.189453125,35.587379455566406,10.188332557678223,10.117814064025879,43.67027282714844,10.788029670715332,0.03633231297135353,0,0.0011774374870583415,0,751.77978515625,-5.6591796875
345,9,0,1,Day,,35.35118865966797,54.64881134033203,80.55744171142578,942.9000244140625,300.769775390625,787.2899780273438,0.3189837336540222,20.480005264282227,0.18000000715255737,=NA(),0.19574926793575287,1.22544527053833,1.4163999557495117,0.34380000829696655,0.08399999886751175,=NA(),20,1013.25,34.98316955566406,5.446838855743408,1173.9200439453125,1117.739990234375,56.18000030517578,66.54061126708984,7058.669921875,6117.5400390625,6120.455078125,34.812400817871094,10.988277435302734,10.961466789245605,43.07832717895508,11.641242980957031,0.03925706073641777,0,0.001229937537573278,0,941.1298828125,-2.9150390625
345,10,0,1,Day,,23.599201202392578,66.40080261230469,65.5726318359375,1053.0999755859375,247.3465118408203,879.2899780273438,0.2348746657371521,21.70000648498535,0.5199999809265137,=NA(),0.12460736185312271,1.090989589691162,1.4163999557495117,0.34380000829696655,0.08399999886751175,=NA(),20,1013.25,21.691007614135742,9.529467582702637,1196.97998046875,1127.885009765625,69.10000610351562,69.35686492919922,7184.81982421875,6162.1201171875,6093.94189453125,35.0081901550293,10.87994384765625,10.745423316955566,42.754756927490234,11.56763744354248,0.03973518684506416,0,0.0014910624595358968,0,1022.69970703125,68.17822265625
345,11,0,1,Day,,14.066069602966309,75.93392944335938,33.30083084106445,1105.199951171875,210.05938720703125,922.8099975585938,0.19006459414958954,22.800012588500977,0.9401000142097473,=NA(),0.09209610521793365,1.0307685136795044,1.4163999557495117,0.34380000829696655,0.08399999886751175,=NA(),20,1013.25,7.832587718963623,11.720240592956543,1195.8349609375,1115.4649658203125,80.3699951171875,70.4487533569336,7139.6201171875,6098.1298828125,6040.5498046875,34.79441452026367,10.85089111328125,10.616315841674805,42.602256774902344,11.536714553833008,0.03925393894314766,0,0.00170781253837049,0,1041.490234375,57.580078125
345,12,0,1,Day,,13.367254257202148,76.63274383544922,332.513916015625,1098.699951171875,206.14430236816406,917.4099731445312,0.18762566149234772,23.3699893951416,1.3899999856948853,=NA(),0.0979563444852829,1.027711033821106,1.4163999557495117,0.34380000829696655,0.08399999886751175,=NA(),20,1013.25,-6.25884485244751,11.83509635925293,1185.31005859375,1105.219970703125,80.08499908447266,70.1631088256836,7069.4599609375,6044.5,6045.4833984375,34.347537994384766,11.00057601928711,10.963574409484863,42.61888885498047,11.65828800201416,0.038838498294353485,0,0.0017116250237450004,0,1024.9599609375,-0.9833984375
345,13,0,1,Day,,22.354007720947266,67.64598846435547,296.7705993652344,1025.699951171875,233.56454467773438,856.5,0.22771234810352325,23.990015029907227,1.8499000072479248,=NA(),0.14895768463611603,1.0810019969940186,1.4163999557495117,0.34380000829696655,0.08399999886751175,=NA(),20,1013.25,-20.16093635559082,9.86383056640625,1156.8900146484375,1088.6650390625,68.22000122070312,69.90123748779297,6954.97998046875,5952.169921875,5918.0615234375,34.722328186035156,10.652762413024902,10.470646858215332,42.61817169189453,11.288450241088867,0.03841012343764305,0,0.0014728124951943755,0,1002.81005859375,34.1083984375
345,14,0,1,Day,,33.990543365478516,56.009456634521484,280.7282409667969,891.0900268554688,280.941650390625,735.8900146484375,0.31527864933013916,24.600000381469727,2.2399001121520996,=NA(),0.2510777711868286,1.2055256366729736,1.4163999557495117,0.34380000829696655,0.08399999886751175,=NA(),20,1013.25,-33.52379608154297,5.973515510559082,1095.9200439453125,1042.320068359375,53.599998474121094,68.0018539428711,6618.919921875,5703.97998046875,5666.37255859375,35.00081253051758,10.118448257446289,10.02658462524414,42.75853729248047,10.714386940002441,0.036745935678482056,0,0.0011808124836534262,0,914.93994140625,37.607421875
345,15,0,1,Day,,46.18901824951172,43.81098175048828,270.63189697265625,709.9099731445312,319.8785705566406,563.4000244140625,0.4505903422832489,25.240015029907227,2.5599000453948975,=NA(),0.40100058913230896,1.4431005716323853,1.4163999557495117,0.34380000829696655,0.08399999886751175,=NA(),20,1013.25,-46.18727493286133,0.45599380135536194,974.175048828125,923.1400146484375,51.029998779296875,63.216880798339844,5907.41015625,5179.4599609375,5186.7998046875,35.255558013916016,9.195042610168457,9.129241943359375,43.14136505126953,9.758772850036621,0.03270387649536133,0,0.001105500035919249,0,727.9501953125,-7.33984375
345,16,0,1,Day,,58.421424865722656,31.578577041625977,262.548828125,485.5899963378906,312.2613220214844,330.989990234375,0.6430554986000061,25.719995498657227,2.759999990463257,=NA(),0.6190988421440125,1.905226707458496,1.4163999557495117,0.34380000829696655,0.08399999886751175,=NA(),20,1013.25,-58.204246520996094,6.3428850173950195,751.9599609375,699.3049926757812,52.65999984741211,54.956871032714844,4602.47998046875,4153.240234375,4149.84033203125,36.40899658203125,7.123794078826904,7.0099592208862305,43.712730407714844,7.526484489440918,0.025195250287652016,0,0.0011432500323280692,0,449.23974609375,3.39990234375
345,17,0,1,Day,,70.43431854248047,19.56568145751953,255.04385375976562,259.6000061035156,220.51866149902344,116.69999694824219,0.8494555354118347,25.3699893951416,2.190000057220459,=NA(),0.8422033190727234,2.9646713733673096,1.4163999557495117,0.34380000829696655,0.08399999886751175,=NA(),20,1013.25,-36.87837219238281,35.49259567260742,422.3699951171875,399.72998046875,22.639999389648438,41.755638122558594,2523.60009765625,2380.090087890625,2374.97509765625,37.88846206665039,3.9177558422088623,3.8453333377838135,44.30942916870117,4.143923282623291,0.01404887530952692,0,0.0005264999927021563,0,143.510009765625,5.114990234375
345,18,0,1,Day,,81.98623657226562,8.013765335083008,247.36451721191406,51.20000076293945,50.97645568847656,1.6035000085830688,0.9956339001655579,23.92998695373535,2.180000066757202,=NA(),0.9965623617172241,6.8475542068481445,1.4163999557495117,0.34380000829696655,0.08399999886751175,=NA(),20,1013.25,-12.833866119384766,70.18761444091797,59.13500213623047,54.154998779296875,4.979999542236328,26.258142471313477,309.3299865722656,307.239990234375,307.43658447265625,37.189353942871094,0.5166729688644409,0.511094331741333,42.751407623291016,0.5522322058677673,0.0018258125055581331,0,0.00011537499813130125,0,2.089996337890625,-0.19659423828125
345,19,0,1,Night,Sun above horizon but GHI below 1,88.76199340820312,1.2380040884017944,242.1531219482422,0,0,0,0,19.409997940063477,2.109999895095825,=NA(),0,24.34987449645996,1.4163999557495117,0.34380000829696655,0.08399999886751175,=NA(),20,1013.25,0,0,0,0,0,19.409997940063477,0,0,0,0,0,0,0,0,0,0,0,0,0,0
345,20,0,1,Night,,103.0550765991211,-13.055079460144043,229.2908477783203,0,0,0,0,18.709985733032227,1.9801000356674194,=NA(),0,64.81599426269531,1.4163999557495117,0.34380000829696655,0.08399999886751175,=NA(),20,1013.25,0,0,0,0,0,18.709985733032227,0,0,0,0,0,0,0,0,0,0,0,0,0,0
345,21,0,1,Night,,111.50297546386719,-21.50297737121582,217.87930297851562,0,0,0,0,18.2700138092041,2.359999895095825,=NA(),0,64.81599426269531,1.4163999557495117,0.34380000829696655,0.08399999886751175,=NA(),20,1013.25,0,0,0,0,0,18.2700138092041,0,0,0,0,0,0,0,0,0,0,0,0,0,0
345,22,0,1,Night,,117.85540008544922,-27.85540199279785,204.3981170654297,0,0,0,0,17.1299991607666,3.930000066757202,=NA(),0,64.81599426269531,1.4163999557495117,0.34380000829696655,0.08399999886751175,=NA(),20,1013.25,0,0,0,0,0,17.1299991607666,0,0,0,0,0,0,0,0,0,0,0,0,0,0
345,23,0,1,Night,,121.39603424072266,-31.396034240722656,189.05238342285156,0,0,0,0,16.30999183654785,5.289999961853027,=NA(),0,64.81599426269531,1.4163999557495117,0.34380000829696655,0.08399999886751175,=NA(),20,1013.25,0,0,0,0,0,16.30999183654785,0,0,0,0,0,0,0,0,0,0,0,0,0,0
346,0,0,1,Night,,121.59942626953125,-31.599428176879883,172.8683624267578,0,0,0,0,15.249994277954102,5.890100002288818,=NA(),0,64.81599426269531,1.4163999557495117,0.34380000829696655,0.08399999886751175,=NA(),20,1013.25,0,0,0,0,0,15.249994277954102,0,0,0,0,0,0,0,0,0,0,0,0,0,0
346,1,0,1,Night,,118.4320068359375,-28.4320068359375,157.35549926757812,0,0,0,0,13.999994277954102,5.650100231170654,=NA(),0,64.81599426269531,1.4163999557495117,0.34380000829696655,0.08399999886751175,=NA(),20,1013.25,0,0,0,0,0,13.999994277954102,0,0,0,0,0,0,0,0,0,0,0,0,0,0
346,2,0,1,Night,,112.37464141845703,-22.3746395111084,143.63108825683594,0,0,0,0,13.399988174438477,4.989999771118164,=NA(),0,64.81599426269531,1.4163999557495117,0.34380000829696655,0.08399999886751175,=NA(),20,1013.25,0,0,0,0,0,13.399988174438477,0,0,0,0,0,0,0,0,0,0,0,0,0,0
346,3,0,1,Night,,104.13774871826172,-14.137748718261719,131.9886474609375,0,0,0,0,12.800012588500977,4.7600998878479,=NA(),0,64.81599426269531,1.4163999557495117,0.34380000829696655,0.08399999886751175,=NA(),20,1013.25,0,0,0,0,0,12.800012588500977,0,0,0,0,0,0,0,0,0,0,0,0,0,0
346,4,0,1,Night,Sun below height limit of 1 degrees.,89.3165054321289,0.6834971308708191,118.39164733886719,0.09769999980926514,0.09769999980926514,0,1,12.499994277954102,5.039999961853027,=NA(),0,29.34869384765625,1.4163999557495117,0.34380000829696655,0.08399999886751175,=NA(),20,1013.25,0,0,0,0,0,12.499994277954102,0,0,0,0,0,0,0,0,0,0,0,0,0,0
346,5,0,1,Day,,83.29412078857422,6.705875873565674,113.62207794189453,120,108.59085083007812,97.7040023803711,0.9049237370491028,14.110010147094727,5.509900093078613,=NA(),0.7650033831596375,8.028542518615723,1.4163999557495117,0.34380000829696655,0.08399999886751175,=NA(),20,1013.25,10.714066505432129,73.50677490234375,199.91000366210938,193.02999877929688,6.880000114440918,22.09063148498535,949.5499877929688,957.22998046875,957.346435546875,39.419677734375,1.5178749561309814,1.5092716217041016,45.23855972290039,1.6048458814620972,0.005500562489032745,0,0.00015943750622682273,0,-7.67999267578125,-0.116455078125
346,6,0,1,Day,,71.82328033447266,18.17672348022461,105.89171600341797,331.989990234375,246.70626831054688,273.3900146484375,0.7431135773658752,16.18999671936035,5.389999866485596,=NA(),0.6191747784614563,3.1785240173339844,1.4163999557495117,0.34380000829696655,0.08399999886751175,=NA(),20,1013.25,32.915122985839844,40.67471694946289,599.6849975585938,578.85498046875,20.829999923706055,39.076866149902344,3680.39990234375,3507.080078125,3512.41796875,38.372230529785156,5.720999717712402,5.66042947769165,45.35239791870117,6.036064624786377,0.02064281329512596,0,0.00046587499673478305,0,173.31982421875,-5.337890625
346,7,0,1,Day,,59.85084915161133,30.14914894104004,98.4107437133789,555.2899780273438,322.4004211425781,463.69000244140625,0.5805982947349548,18.550012588500977,4.659999847412109,=NA(),0.45944157242774963,1.9859014749526978,1.4163999557495117,0.34380000829696655,0.08399999886751175,=NA(),20,1013.25,59.581050872802734,7.266316890716553,902.425048828125,844.4100341796875,58.01499938964844,53.81249237060547,5534.3798828125,5018.26025390625,4977.96435546875,36.957916259765625,8.418437004089355,8.297597885131836,44.21877670288086,8.912574768066406,0.03043062426149845,0,0.0012341249966993928,0,516.11962890625,40.2958984375
346,8,0,1,Day,,47.63136672973633,42.36863327026367,90.46796417236328,761.9099731445312,333.1692810058594,636.2100219726562,0.43728169798851013,20.2600040435791,3.4900999069213867,=NA(),0.31899896264076233,1.4823272228240967,1.4163999557495117,0.34380000829696655,0.08399999886751175,=NA(),20,1013.25,47.63041305541992,0.34574300050735474,1068.02490234375,1013.6099853515625,54.41999816894531,61.91875457763672,6491.52001953125,5720.7099609375,5723.642578125,35.447017669677734,10.091949462890625,10.019159317016602,43.49781036376953,10.68005657196045,0.036017563194036484,0,0.0011688125086948276,0,770.81005859375,-2.9326171875
346,9,0,1,Day,,35.40664291381836,54.59335708618164,80.76509857177734,927.1900024414062,296.1781921386719,774.1900024414062,0.31943634152412415,21.790002822875977,2.079900026321411,=NA(),0.20919197797775269,1.226285696029663,1.4163999557495117,0.34380000829696655,0.08399999886751175,=NA(),20,1013.25,35.05442428588867,5.335048675537109,1155.14990234375,1099.9649658203125,55.18499755859375,67.07125091552734,6951.009765625,6012.06005859375,6017.77978515625,34.72999572753906,10.829578399658203,10.807065963745117,42.97897720336914,11.48850154876709,0.03864681348204613,0,0.0012116250582039356,0,938.94970703125,-5.7197265625
346,10,0,1,Day,,23.63941192626953,66.36058807373047,65.88707733154297,1034.9000244140625,243.3091583251953,864.0999755859375,0.2351040244102478,23.600000381469727,0.8299999833106995,=NA(),0.13987593352794647,1.0913238525390625,1.4163999557495117,0.34380000829696655,0.08399999886751175,=NA(),20,1013.25,21.777454376220703,9.428378105163574,1176.875,1109.030029296875,67.84500122070312,70.60189056396484,7071.68994140625,6036.3701171875,5943.84716796875,35.005523681640625,10.6129150390625,10.455461502075195,42.56235122680664,11.32104206085205,0.039093561470508575,0,0.0014718124875798821,0,1035.31982421875,92.52294921875
346,11,0,1,Day,,14.050189971923828,75.94981384277344,33.84064865112305,1162,220.73776245117188,970.2899780273438,0.18996365368366241,24.5200138092041,0.3400000035762787,=NA(),0.045620664954185486,1.0306971073150635,1.4163999557495117,0.34380000829696655,0.08399999886751175,=NA(),20,1013.25,7.9339399337768555,11.633092880249023,1257.56005859375,1173.06494140625,84.49000549316406,74.82064056396484,7475.2099609375,6280.3798828125,6223.1669921875,34.1824836730957,11.37911319732666,11.118659973144531,42.14078903198242,12.101370811462402,0.041159939020872116,0,0.0017679999582469463,0,1194.830078125,57.212890625
346,12,0,1,Day,,13.252592086791992,76.74740600585938,332.79718017578125,1082.9000244140625,202.3905487060547,904.5999755859375,0.18689680099487305,25.850000381469727,0.7699999809265137,=NA(),0.11084625869989395,1.0272256135940552,1.4163999557495117,0.34380000829696655,0.08399999886751175,=NA(),20,1013.25,-6.145042419433594,11.764448165893555,1168.030029296875,1089.0999755859375,78.93000030517578,72.0162582397461,6971.2001953125,5918.56005859375,5919.55712890625,34.10847854614258,10.846933364868164,10.807632446289062,42.352882385253906,11.505223274230957,0.03828337416052818,0,0.001693187514320016,0,1052.64013671875,-0.9970703125
346,13,0,1,Day,,22.22228240966797,67.77771759033203,296.77838134765625,583.6900024414062,455.3013916015625,138.69000244140625,0.7800397276878357,25.339990615844727,1.1999000310897827,=NA(),0.8622534871101379,1.0799857378005981,1.4163999557495117,0.34380000829696655,0.08399999886751175,=NA(),20,1013.25,-20.038532257080078,9.81078052520752,643.2249755859375,593.5849609375,49.63999938964844,50.610008239746094,3783.050048828125,3464.010009765625,3445.4404296875,37.160675048828125,5.79497766494751,5.670702934265137,43.90093994140625,6.142809867858887,0.02062343806028366,0,0.0010673124343156815,0,319.0400390625,18.569580078125
346,14,0,1,Day,,33.85995101928711,56.14004898071289,280.6996765136719,921.5999755859375,282.51434326171875,769.6099853515625,0.30654770135879517,26.459985733032227,1.5298999547958374,=NA(),0.21721751987934113,1.2036830186843872,1.4163999557495117,0.34380000829696655,0.08399999886751175,=NA(),20,1013.25,-33.396568298339844,5.937503337860107,1132.8399658203125,1077.594970703125,55.25,71.52562713623047,6835.080078125,5813.35986328125,5762.18701171875,34.632511138916016,10.399033546447754,10.2835693359375,42.373863220214844,11.03210735321045,0.037970688194036484,0,0.0012136250734329224,0,1021.72021484375,51.1728515625
346,15,0,1,Day,,46.05916213989258,43.94083786010742,270.604248046875,717.4099731445312,318.9638366699219,574.2000122070312,0.44460469484329224,26.93999671936035,1.750100016593933,=NA(),0.39003175497055054,1.4397145509719849,1.4163999557495117,0.34380000829696655,0.08399999886751175,=NA(),20,1013.25,-46.05757141113281,0.43509313464164734,984.0050048828125,932.8300170898438,51.17499923706055,65.37813568115234,5964.9599609375,5188.60986328125,5195.61376953125,34.97107696533203,9.285589218139648,9.220425605773926,42.88359069824219,9.859725952148438,0.033032938838005066,0,0.0011081874836236238,0,776.35009765625,-7.00390625
346,16,0,1,Day,,58.29143524169922,31.70856475830078,262.5282287597656,491,312.7641906738281,339.1099853515625,0.6369943022727966,27.0100040435791,1.8301000595092773,=NA(),0.6102919578552246,1.8982704877853394,1.4163999557495117,0.34380000829696655,0.08399999886751175,=NA(),20,1013.25,-58.07255935668945,6.351470470428467,760.14501953125,707.4500122070312,52.69000244140625,56.64250946044922,4653.81005859375,4174.43017578125,4166.94580078125,36.230918884277344,7.188313007354736,7.071264743804932,43.5159797668457,7.596224784851074,0.02548506297171116,0,0.0011457500513643026,0,479.3798828125,7.484375
346,17,0,1,Day,,70.30406951904297,19.695926666259766,255.03196716308594,259.7900085449219,221.0014190673828,115.08999633789062,0.8506925106048584,26.860010147094727,1.5198999643325806,=NA(),0.8448255062103271,2.946155309677124,1.4163999557495117,0.34380000829696655,0.08399999886751175,=NA(),20,1013.25,-37.31350326538086,34.975624084472656,421.80499267578125,398.864990234375,22.94499969482422,43.266868591308594,2516.43994140625,2360.7900390625,2353.43310546875,37.729156494140625,3.8986313343048096,3.823385715484619,44.10354995727539,4.128824710845947,0.014000187627971172,0,0.000534937484189868,0,155.64990234375,7.35693359375
346,18,0,1,Day,,81.85733032226562,8.142670631408691,247.36285400390625,50.00899887084961,49.82349395751953,1.3097000122070312,0.9962905645370483,25.8900089263916,1.6899000406265259,=NA(),0.9972208142280579,6.749186992645264,1.4163999557495117,0.34380000829696655,0.08399999886751175,=NA(),20,1013.25,-13.054784774780273,69.85746002197266,57.31999969482422,52.40999984741211,4.909999847412109,28.151269912719727,300.2900085449219,296.08001708984375,296.1954345703125,36.87184143066406,0.5020679235458374,0.4959559738636017,42.42887878417969,0.5373110175132751,0.001773625030182302,0,0.00011349999840604141,0,4.209991455078125,-0.11541748046875
346,19,0,1,Night,Sun above horizon but GHI below 1,88.70555114746094,1.2944523096084595,242.1072540283203,0,0,0,0,20.850000381469727,1.9801000356674194,=NA(),0,23.918071746826172,1.4163999557495117,0.34380000829696655,0.08399999886751175,=NA(),20,1013.25,0,0,0,0,0,20.850000381469727,0,0,0,0,0,0,0,0,0,0,0,0,0,0
346,20,0,1,Night,,102.92842864990234,-12.928427696228027,229.31948852539062,0,0,0,0,15.830011367797852,2.2100000381469727,=NA(),0,64.81599426269531,1.4163999557495117,0.34380000829696655,0.08399999886751175,=NA(),20,1013.25,0,0,0,0,0,15.830011367797852,0,0,0,0,0,0,0,0,0,0,0,0,0,0
346,21,0,1,Night,,111.3822250366211,-21.38222312927246,217.93130493164062,0,0,0,0,15.429986953735352,2.530100107192993,=NA(),0,64.81599426269531,1.4163999557495117,0.34380000829696655,0.08399999886751175,=NA(),20,1013.25,0,0,0,0,0,15.429986953735352,0,0,0,0,0,0,0,0,0,0,0,0,0,0
346,22,0,1,Night,,117.74687194824219,-27.746875762939453,204.4793243408203,0,0,0,0,14.159997940063477,2.8399999141693115,=NA(),0,64.81599426269531,1.4163999557495117,0.34380000829696655,0.08399999886751175,=NA(),20,1013.25,0,0,0,0,0,14.159997940063477,0,0,0,0,0,0,0,0,0,0,0,0,0,0
346,23,0,1,Night,,121.3075180053711,-31.307519912719727,189.16407775878906,0,0,0,0,13.330011367797852,3.140000104904175,=NA(),0,64.81599426269531,1.4163999557495117,0.34380000829696655,0.08399999886751175,=NA(),20,1013.25,0,0,0,0,0,13.330011367797852,0,0,0,0,0,0,0,0,0,0,0,0,0,0
347,0,0,1,Night,,121.5373764038086,-31.53737449645996,173.0027313232422,0,0,0,0,15.770013809204102,3.6798999309539795,=NA(),0,64.81599426269531,1.4163999557495117,0.34380000829696655,0.08399999886751175,=NA(),20,1013.25,0,0,0,0,0,15.770013809204102,0,0,0,0,0,0,0,0,0,0,0,0,0,0
347,1,0,1,Night,,118.39912414550781,-28.399126052856445,157.49859619140625,0,0,0,0,14.159997940063477,4.069900035858154,=NA(),0,64.81599426269531,1.4163999557495117,0.34380000829696655,0.08399999886751175,=NA(),20,1013.25,0,0,0,0,0,14.159997940063477,0,0,0,0,0,0,0,0,0,0,0,0,0,0
347,2,0,1,Night,,112.36863708496094,-22.368635177612305,143.77145385742188,0,0,0,0,12.659997940063477,4.269999980926514,=NA(),0,64.81599426269531,1.4163999557495117,0.34380000829696655,0.08399999886751175,=NA(),20,1013.25,0,0,0,0,0,12.659997940063477,0,0,0,0,0,0,0,0,0,0,0,0,0,0
347,3,0,1,Night,,104.15377044677734,-14.153767585754395,132.12152099609375,0,0,0,0,11.659997940063477,4.360000133514404,=NA(),0,64.81599426269531,1.4163999557495117,0.34380000829696655,0.08399999886751175,=NA(),20,1013.25,0,0,0,0,0,11.659997940063477,0,0,0,0,0,0,0,0,0,0,0,0,0,0
347,4,0,1,Night,Sun below height limit of 1 degrees.,89.33267974853516,0.6673232316970825,118.5011215209961,0.2930000126361847,0.2930000126361847,0,1,11.429986953735352,5.000100135803223,=NA(),0,29.51777458190918,1.4163999557495117,0.34380000829696655,0.08399999886751175,=NA(),20,1013.25,0,0,0,0,0,11.429986953735352,0,0,0,0,0,0,0,0,0,0,0,0,0,0
347,5,0,1,Day,,83.33837127685547,6.661628246307373,113.74425506591797,120.9000015258789,109.3574447631836,99.5,0.9045280814170837,13.279993057250977,5.130000114440918,=NA(),0.7596830725669861,8.0753755569458,1.4163999557495117,0.34380000829696655,0.08399999886751175,=NA(),20,1013.25,10.650437355041504,73.61817169189453,202.23001098632812,195.36000061035156,6.869999885559082,21.363122940063477,957.1199951171875,967.260009765625,966.5718383789062,39.572853088378906,1.5265706777572632,1.5157313346862793,45.3509635925293,1.6153334379196167,0.005544375162571669,0,0.00015925000479910523,0,-10.1400146484375,0.68817138671875
347,6,0,1,Day,,71.87763977050781,18.12236213684082,106.01526641845703,332.6000061035156,247.1864013671875,274.6000061035156,0.7431942224502563,16.709985733032227,4.850100040435791,=NA(),0.6170970797538757,3.187554121017456,1.4163999557495117,0.34380000829696655,0.08399999886751175,=NA(),20,1013.25,32.79228973388672,40.867034912109375,601.3349609375,580.5750122070312,20.770000457763672,39.658103942871094,3689.60009765625,3508.93994140625,3514.709716796875,38.289615631103516,5.737087726593018,5.677311897277832,45.28132247924805,6.053504467010498,0.020695436745882034,0,0.00046493750414811075,0,180.66015625,-5.769775390625
347,7,0,1,Day,,59.911354064941406,30.088645935058594,98.54288482666016,554.2000122070312,322.2303161621094,462.70001220703125,0.5814332365989685,20.600000381469727,3.8901000022888184,=NA(),0.46040284633636475,1.9894939661026,1.4163999557495117,0.34380000829696655,0.08399999886751175,=NA(),20,1013.25,59.6332893371582,7.38481330871582,901.25,843.1949462890625,58.05500030517578,55.94689178466797,5527.02001953125,4973.7099609375,4919.208984375,36.792030334472656,8.356610298156738,8.228626251220703,43.94172286987305,8.870285987854004,0.03038712590932846,0,0.0012359374668449163,0,553.31005859375,54.5009765625
347,8,0,1,Day,,47.69447326660156,42.30552673339844,90.6205062866211,763,334.17828369140625,637.0999755859375,0.43797940015792847,23.740015029907227,1.9901000261306763,=NA(),0.31798332929611206,1.4841138124465942,1.4163999557495117,0.34380000829696655,0.08399999886751175,=NA(),20,1013.25,47.69279861450195,0.45890527963638306,1070.2900390625,1015.72998046875,54.55999755859375,65.65938568115234,6505.72021484375,5655.10009765625,5654.998046875,34.97331619262695,10.105978012084961,10.02550220489502,43.023773193359375,10.697572708129883,0.036097124218940735,0,0.001171375042758882,0,850.6201171875,0.10205078125
347,9,0,1,Day,,35.46714782714844,54.53285217285156,80.96167755126953,927.0900268554688,296.6336669921875,774.0900268554688,0.3199620842933655,25.209985733032227,0.5899999737739563,=NA(),0.20933513343334198,1.2272053956985474,1.4163999557495117,0.34380000829696655,0.08399999886751175,=NA(),20,1013.25,35.12954330444336,5.229894161224365,1155.77490234375,1100.5999755859375,55.17500305175781,70.61812591552734,6954.08984375,5935.35986328125,5942.00830078125,34.25836181640625,10.840433120727539,10.81702995300293,42.52693176269531,11.52059555053711,0.03866531327366829,0,0.001211125054396689,0,1018.72998046875,-6.6484375
347,10,0,1,Day,,23.68562889099121,66.31436920166016,66.18685913085938,1051.199951171875,247.44358825683594,877.6900024414062,0.2353915572166443,27.68999671936035,1.059999942779541,=NA(),0.12647941708564758,1.0917088985443115,1.4163999557495117,0.34380000829696655,0.08399999886751175,=NA(),20,1013.25,21.8668212890625,9.334369659423828,1195.985107421875,1127.110107421875,68.875,75.7306137084961,7179.97998046875,6010.41015625,5897.24169921875,34.43497085571289,10.704256057739258,10.513134956359863,41.93841552734375,11.452191352844238,0.03970612585544586,0,0.0014930624747648835,0,1169.56982421875,113.16845703125
347,11,0,1,Day,,14.042643547058105,75.95735931396484,34.37007141113281,1096.4000244140625,208.25936889648438,915.5,0.18994835019111633,27.920007705688477,2.0299999713897705,=NA(),0.09972085058689117,1.030663251876831,1.4163999557495117,0.34380000829696655,0.08399999886751175,=NA(),20,1013.25,8.037087440490723,11.553357124328613,1186.81494140625,1107.1300048828125,79.68499755859375,75.47936248779297,7090.77978515625,5941.169921875,5864.6650390625,34.276912689208984,10.694132804870605,10.423598289489746,41.94450759887695,11.418434143066406,0.03897993639111519,0,0.0016966875409707427,0,1149.60986328125,76.5048828125
347,12,0,1,Day,,13.144708633422852,76.85529327392578,333.1033630371094,1085.4000244140625,202.4566192626953,906.7000122070312,0.18652719259262085,28.800012588500977,2.9000000953674316,=NA(),0.10906264930963516,1.0267730951309204,1.4163999557495117,0.34380000829696655,0.08399999886751175,=NA(),20,1013.25,-6.030636310577393,11.701375961303711,1170.5050048828125,1091.3900146484375,79.11500549316406,75.19811248779297,6984.18017578125,5857.89013671875,5857.4130859375,33.70020294189453,10.863088607788086,10.820902824401855,41.94963455200195,11.529511451721191,0.038354501128196716,0,0.0016979374922811985,0,1126.2900390625,0.47705078125
347,13,0,1,Day,,22.094295501708984,67.90570068359375,296.8040466308594,1013.2000122070312,231.82684326171875,843.2999877929688,0.22880659997463226,29.5100040435791,3.4900999069213867,=NA(),0.16278570890426636,1.0790057182312012,1.4163999557495117,0.34380000829696655,0.08399999886751175,=NA(),20,1013.25,-19.916723251342773,9.765327453613281,1141.4849853515625,1073.8699951171875,67.61500549316406,75.08687591552734,6866.14013671875,5760.93994140625,5708.98046875,34.197731018066406,10.434290885925293,10.205044746398926,41.92733383178711,11.1000394821167,0.03790256381034851,0,0.0014629375655204058,0,1105.2001953125,51.95947265625
347,14,0,1,Day,,33.73207473754883,56.26792526245117,280.6838073730469,882.9099731445312,281.4571533203125,723.2100219726562,0.3187835216522217,29.920007705688477,3.7499001026153564,=NA(),0.2648267447948456,1.2018903493881226,1.4163999557495117,0.34380000829696655,0.08399999886751175,=NA(),20,1013.25,-33.27093505859375,5.908975124359131,1083.264892578125,1029.93505859375,53.33000183105469,72.62938690185547,6549.6298828125,5546.27001953125,5544.65966796875,34.061607360839844,10.173955917358398,10.140034675598145,42.14447784423828,10.786602020263672,0.036350686103105545,0,0.0011729374527931213,0,1003.35986328125,1.6103515625
347,15,0,1,Day,,45.93183517456055,44.06816482543945,270.58660888671875,699.010009765625,322.45196533203125,541.4099731445312,0.4612980782985687,30.2600040435791,3.869999885559082,=NA(),0.42533376812934875,1.4364168643951416,1.4163999557495117,0.34380000829696655,0.08399999886751175,=NA(),20,1013.25,-45.930335998535156,0.4214794337749481,954.280029296875,903.5599975585938,50.724998474121094,67.6262435913086,5780.89013671875,4985.81005859375,4991.9873046875,34.677276611328125,8.997259140014648,8.9299955368042,42.530426025390625,9.557985305786133,0.03198131173849106,0,0.001099625020287931,0,795.080078125,-6.17724609375
347,16,0,1,Day,,58.164180755615234,31.835819244384766,262.5160827636719,484.5899963378906,313.4732360839844,324.3999938964844,0.6468834280967712,30.339990615844727,3.700000047683716,=NA(),0.6276947259902954,1.8915185928344727,1.4163999557495117,0.34380000829696655,0.08399999886751175,=NA(),20,1013.25,-57.94411087036133,6.353007793426514,745.5999755859375,693.114990234375,52.48500061035156,59.45000457763672,4566.4697265625,4054.150146484375,4048.25146484375,35.831268310546875,7.061511993408203,6.9296393394470215,43.11450958251953,7.465795040130615,0.02499062567949295,0,0.001143062487244606,0,512.319580078125,5.898681640625
347,17,0,1,Day,,70.17695617675781,19.823043823242188,255.02757263183594,261.1000061035156,221.99989318847656,115.30000305175781,0.8502485156059265,30.100000381469727,2.530100107192993,=NA(),0.8449715375900269,2.9283177852630615,1.4163999557495117,0.34380000829696655,0.08399999886751175,=NA(),20,1013.25,-37.744354248046875,34.4649658203125,423.7900085449219,400.5249938964844,23.270000457763672,46.64812469482422,2525.39013671875,2341,2331.722412109375,37.30778121948242,3.9063098430633545,3.827350378036499,43.66244888305664,4.143229007720947,0.014041813090443611,0,0.0005438125226646662,0,184.39013671875,9.277587890625
347,18,0,1,Day,,81.73197174072266,8.268030166625977,247.36814880371094,50.00899887084961,49.82065963745117,1.3097000122070312,0.9962338805198669,28.6199893951416,2.6298999786376953,=NA(),0.9972478151321411,6.656129360198975,1.4163999557495117,0.34380000829696655,0.08399999886751175,=NA(),20,1013.25,-13.269652366638184,69.53581237792969,57.17499923706055,52.25,4.929999828338623,30.879358291625977,300.0299987792969,292.739990234375,292.7380676269531,36.47809982299805,0.5015639066696167,0.4947514533996582,42.03493881225586,0.5374666452407837,0.0017718750750645995,0,0.00011387500126147643,0,7.290008544921875,0.001922607421875
347,19,0,1,Night,Sun above horizon but GHI below 1,88.64749908447266,1.3525035381317139,242.07286071777344,0,0,0,0,22.860010147094727,2.809999942779541,=NA(),0,23.48684310913086,1.4163999557495117,0.34380000829696655,0.08399999886751175,=NA(),20,1013.25,0,0,0,0,0,22.860010147094727,0,0,0,0,0,0,0,0,0,0,0,0,0,0
347,20,0,1,Night,,102.80513000488281,-12.805127143859863,229.35418701171875,0,0,0,0,19.399988174438477,2.8798999786376953,=NA(),0,64.81599426269531,1.4163999557495117,0.34380000829696655,0.08399999886751175,=NA(),20,1013.25,0,0,0,0,0,19.399988174438477,0,0,0,0,0,0,0,0,0,0,0,0,0,0
347,21,0,1,Night,,111.26641845703125,-21.266422271728516,217.98863220214844,0,0,0,0,17.95000648498535,2.850100040435791,=NA(),0,64.81599426269531,1.4163999557495117,0.34380000829696655,0.08399999886751175,=NA(),20,1013.25,0,0,0,0,0,17.95000648498535,0,0,0,0,0,0,0,0,0,0,0,0,0,0
347,22,0,1,Night,,117.64436340332031,-27.644363403320312,204.56471252441406,0,0,0,0,16.360010147094727,2.7999000549316406,=NA(),0,64.81599426269531,1.4163999557495117,0.34380000829696655,0.08399999886751175,=NA(),20,1013.25,0,0,0,0,0,16.360010147094727,0,0,0,0,0,0,0,0,0,0,0,0,0,0
347,23,0,1,Night,,121.22557067871094,-31.22557258605957,189.2781219482422,0,0,0,0,17.57000160217285,2.8299999237060547,=NA(),0,64.81599426269531,1.4163999557495117,0.34380000829696655,0.08399999886751175,=NA(),20,1013.25,0,0,0,0,0,17.57000160217285,0,0,0,0,0,0,0,0,0,0,0,0,0,0
348,0,0,1,Night,,121.48270416259766,-31.482704162597656,173.13723754882812,0,0,0,0,17.3900089263916,2.9400999546051025,=NA(),0,64.81599426269531,1.4163999557495117,0.34380000829696655,0.08399999886751175,=NA(),20,1013.25,0,0,0,0,0,17.3900089263916,0,0,0,0,0,0,0,0,0,0,0,0,0,0
348,1,0,1,Night,,118.3732681274414,-28.373266220092773,157.6398468017578,0,0,0,0,17.57000160217285,3.0799999237060547,=NA(),0,64.81599426269531,1.4163999557495117,0.34380000829696655,0.08399999886751175,=NA(),20,1013.25,0,0,0,0,0,17.57000160217285,0,0,0,0,0,0,0,0,0,0,0,0,0,0
348,2,0,1,Night,,112.36873626708984,-22.368732452392578,143.90850830078125,0,0,0,0,17.600000381469727,3.2600998878479004,=NA(),0,64.81599426269531,1.4163999557495117,0.34380000829696655,0.08399999886751175,=NA(),20,1013.25,0,0,0,0,0,17.600000381469727,0,0,0,0,0,0,0,0,0,0,0,0,0,0
348,3,0,1,Night,,104.17501831054688,-14.175021171569824,132.25009155273438,0,0,0,0,15.510004043579102,3.3598999977111816,=NA(),0,64.81599426269531,1.4163999557495117,0.34380000829696655,0.08399999886751175,=NA(),20,1013.25,0,0,0,0,0,15.510004043579102,0,0,0,0,0,0,0,0,0,0,0,0,0,0
348,4,0,1,Night,Sun below height limit of 1 degrees.,89.35342407226562,0.6465740203857422,118.59814453125,0.7031999826431274,0.7031446695327759,0,0.9999213218688965,15.140008926391602,3.5801000595092773,=NA(),0,29.737024307250977,1.4163999557495117,0.34380000829696655,0.08399999886751175,=NA(),20,1013.25,0,0,0,0,0,15.140008926391602,0,0,0,0,0,0,0,0,0,0,0,0,0,0
348,5,0,1,Day,,83.38961029052734,6.610386848449707,113.86080169677734,107.5999984741211,98.65584564208984,77.69599914550781,0.9168758988380432,16.42998695373535,3.8101000785827637,=NA(),0.8114188313484192,8.130270957946777,1.4163999557495117,0.34380000829696655,0.08399999886751175,=NA(),20,1013.25,10.574624061584473,73.74710083007812,173.56500244140625,166.98001098632812,6.590000152587891,23.381250381469727,824.4600219726562,827.489990234375,826.0070190429688,39.13591003417969,1.31913423538208,1.3064571619033813,44.821842193603516,1.3998796939849854,0.004788562655448914,0,0.00015350000467151403,0,-3.02996826171875,1.48297119140625
348,6,0,1,Day,,71.93717193603516,18.062829971313477,106.13249206542969,244.80999755859375,208.62603759765625,116.69999694824219,0.8521957397460938,18.7499942779541,2.9000000953674316,=NA(),0.8370842933654785,3.197504997253418,1.4163999557495117,0.34380000829696655,0.08399999886751175,=NA(),20,1013.25,32.65425491333008,41.07685852050781,400.16998291015625,380.68499755859375,19.485000610351562,34.032493591308594,2416.080078125,2339.840087890625,2343.306396484375,38.75300598144531,3.7792556285858154,3.725086212158203,45.252628326416016,3.9857587814331055,0.013531000353395939,0,0.00043668749276548624,0,76.239990234375,-3.46630859375
348,7,0,1,Day,,59.976322174072266,30.023677825927734,98.66773986816406,363.70001220703125,295.30108642578125,136.6999969482422,0.8119358420372009,20.540002822875977,0.7599999904632568,=NA(),0.8405157327651978,1.9933685064315796,1.4163999557495117,0.34380000829696655,0.08399999886751175,=NA(),20,1013.25,59.69038391113281,7.497475624084473,522.760009765625,469.4750061035156,53.28499984741211,40.982505798339844,3130.510009765625,2962.47998046875,2917.030517578125,38.74284362792969,4.705939769744873,4.578485012054443,44.80554962158203,5.0305986404418945,0.016857437789440155,0,0.001145874965004623,0,168.030029296875,45.449462890625
348,8,0,1,Day,,47.76203536987305,42.23796463012695,90.76426696777344,501.3900146484375,365.2672424316406,202.5,0.7285091876983643,24.899988174438477,1.6200000047683716,=NA(),0.7831961512565613,1.486033320426941,1.4163999557495117,0.34380000829696655,0.08399999886751175,=NA(),20,1013.25,47.759498596191406,0.5658242702484131,639.0150146484375,584.0449829101562,54.96500015258789,49.816246032714844,3803.919921875,3492.89990234375,3489.955810546875,37.030845642089844,5.890492916107178,5.75880241394043,44.01512908935547,6.222690105438232,0.02062206342816353,0,0.00118643743917346,0,311.02001953125,2.944091796875
348,9,0,1,Day,,35.5324592590332,54.4675407409668,81.14705657958984,789.0999755859375,316.0459289550781,581.2999877929688,0.4005144238471985,27.420007705688477,3.069999933242798,=NA(),0.40626969933509827,1.2282012701034546,1.4163999557495117,0.34380000829696655,0.08399999886751175,=NA(),20,1013.25,35.20833206176758,5.131419658660889,972.4100341796875,920.8350219726562,51.57499694824219,65.4850082397461,5855.64990234375,5091.14013671875,5097.0537109375,34.96450424194336,9.111122131347656,9.071977615356445,42.832122802734375,9.671292304992676,0.03237437456846237,0,0.0011371249565854669,0,764.509765625,-5.91357421875
348,10,0,1,Day,,23.73757553100586,66.2624282836914,66.47164154052734,842.2899780273438,324.4580383300781,565.6900024414062,0.38520941138267517,28.20000648498535,4.5,=NA(),0.4370707869529724,1.0921428203582764,1.4163999557495117,0.34380000829696655,0.08399999886751175,=NA(),20,1013.25,21.958894729614258,9.247437477111816,953.4299926757812,894.905029296875,58.529998779296875,66.30937957763672,5734.5400390625,4970.02001953125,4857.26123046875,35.79673385620117,8.481088638305664,8.325437545776367,42.68181228637695,9.110383033752441,0.03152931109070778,0,0.0012866874458268285,0,764.52001953125,112.7587890625
348,11,0,1,Day,,14.043290138244629,75.95671081542969,34.88779067993164,826,370.04705810546875,470,0.44799885153770447,29.300012588500977,5.480100154876709,=NA(),0.5379132628440857,1.0306661128997803,1.4163999557495117,0.34380000829696655,0.08399999886751175,=NA(),20,1013.25,8.141915321350098,11.481030464172363,894.9200439453125,832.89501953125,62.029998779296875,64.95186614990234,5347.89990234375,4656.7802734375,4583.1640625,35.79304504394531,8.00330924987793,7.7962565422058105,42.716312408447266,8.57957935333252,0.029258374124765396,0,0.001337812514975667,0,691.11962890625,73.6162109375
348,12,0,1,Day,,13.04373550415039,76.95626068115234,333.43212890625,1165.4000244140625,217.4176025390625,973.0900268554688,0.1865604966878891,31.719995498657227,5.150000095367432,=NA(),0.04411223530769348,1.0263532400131226,1.4163999557495117,0.34380000829696655,0.08399999886751175,=NA(),20,1013.25,-5.915718078613281,11.645898818969727,1256.544921875,1171.5799560546875,84.96499633789062,81.83312225341797,7453.2998046875,6092.9599609375,6091.841796875,32.81199645996094,11.603686332702637,11.55699348449707,41.2392692565918,12.33901309967041,0.0410078763961792,0,0.0017897500656545162,0,1360.33984375,1.1181640625
348,13,0,1,Day,,21.970043182373047,68.02995300292969,296.84783935546875,597.3099975585938,456.0608215332031,152.30999755859375,0.7635245323181152,31.4999942779541,4.010000228881836,=NA(),0.8488496541976929,1.0780609846115112,1.4163999557495117,0.34380000829696655,0.08399999886751175,=NA(),20,1013.25,-19.79549789428711,9.72746467590332,658.3250122070312,607.8200073242188,50.50499725341797,57.534996032714844,3875.340087890625,3461.570068359375,3435.840576171875,36.32733917236328,5.9114556312561035,5.775460243225098,43.043148040771484,6.285991668701172,0.021126624196767807,0,0.0010863749776035547,0,413.77001953125,25.7294921875
348,14,0,1,Day,,33.60693359375,56.39306640625,280.6807861328125,934.010009765625,284.2087707519531,780.2100219726562,0.304288774728775,32.589988708496094,2.8798999786376953,=NA(),0.2073163539171219,1.2001469135284424,1.4163999557495117,0.34380000829696655,0.08399999886751175,=NA(),20,1013.25,-33.146915435791016,5.887906551361084,1145.784912109375,1089.72998046875,56.06500244140625,77.99813079833984,6916.0498046875,5737.91015625,5733.38037109375,33.36322784423828,10.740462303161621,10.696706771850586,41.57026290893555,11.398158073425293,0.038430310785770416,0,0.0012250000145286322,0,1178.1396484375,4.52978515625
348,15,0,1,Day,,45.806976318359375,44.193023681640625,270.5789489746094,309.2900085449219,295.8412780761719,19.292999267578125,0.9565173983573914,32.61998748779297,2.119999885559082,=NA(),0.9795381426811218,1.4332046508789062,1.4163999557495117,0.34380000829696655,0.08399999886751175,=NA(),20,1013.25,-45.80551528930664,0.41510459780693054,343.2200012207031,296.79998779296875,46.41999816894531,46.15123748779297,1939.760009765625,1798.9100341796875,1797.66650390625,36.95648193359375,3.0400848388671875,2.9198286533355713,43.23881912231445,3.2247567176818848,0.010291624814271927,0,0.0009884375613182783,0,140.8499755859375,1.2435302734375
348,16,0,1,Day,,58.03946304321289,31.96053695678711,262.51239013671875,246.10000610351562,236.31048583984375,18.493999481201172,0.9602213501930237,32.349998474121094,1.4800000190734863,=NA(),0.9788024425506592,1.8849562406539917,1.4163999557495117,0.34380000829696655,0.08399999886751175,=NA(),20,1013.25,-57.818695068359375,6.347492694854736,287.875,240.60000610351562,47.275001525878906,43.74999237060547,1632.800048828125,1526.1900634765625,1511.315185546875,37.4871940612793,2.5199391841888428,2.357851028442383,43.24412155151367,2.698256731033325,0.008524499833583832,0,0.0010181874968111515,0,106.6099853515625,14.8748779296875
348,17,0,1,Day,,70.0527572631836,19.947242736816406,255.0306854248047,275.010009765625,228.20016479492188,137.2100067138672,0.8297885656356812,32.99999237060547,0.6399000287055969,=NA(),0.8160040974617004,2.9111084938049316,1.4163999557495117,0.34380000829696655,0.08399999886751175,=NA(),20,1013.25,-38.171321868896484,33.95994186401367,458.9549865722656,435.6400146484375,23.309999465942383,50.975608825683594,2742.6298828125,2504.169921875,2493.269775390625,36.80509567260742,4.234014511108398,4.147068023681641,43.24353790283203,4.494039058685303,0.015263812616467476,0,0.0005482499836944044,0,238.4599609375,10.900146484375
348,18,0,1,Day,,81.60972595214844,8.39027214050293,247.3803253173828,43.09299850463867,42.97719955444336,0.7936000227928162,0.9973127841949463,30.58001136779785,1.2898999452590942,=NA(),0.998347818851471,6.56776237487793,1.4163999557495117,0.34380000829696655,0.08399999886751175,=NA(),20,1013.25,-13.47912883758545,69.22160339355469,47.904998779296875,43.54499816894531,4.359999656677246,32.480003356933594,250.41000366210938,242.760009765625,242.52052307128906,35.98362731933594,0.4212338924407959,0.41453784704208374,41.49002456665039,0.4534306526184082,0.0014894375344738364,0,0.00010062500223284587,0,7.649993896484375,0.2394866943359375
348,19,0,1,Night,Sun above horizon but GHI below 1,88.59255981445312,1.407436490058899,242.04518127441406,0,0,0,0,24.7700138092041,2.200000047683716,=NA(),0,23.090435028076172,1.4163999557495117,0.34380000829696655,0.08399999886751175,=NA(),20,1013.25,0,0,0,0,0,24.7700138092041,0,0,0,0,0,0,0,0,0,0,0,0,0,0
348,20,0,1,Night,,102.68681335449219,-12.686810493469238,229.39488220214844,0,0,0,0,22.600000381469727,2.789900064468384,=NA(),0,64.81599426269531,1.4163999557495117,0.34380000829696655,0.08399999886751175,=NA(),20,1013.25,0,0,0,0,0,22.600000381469727,0,0,0,0,0,0,0,0,0,0,0,0,0,0
348,21,0,1,Night,,111.15601348876953,-21.1560115814209,218.05126953125,0,0,0,0,23.18999671936035,3.1500000953674316,=NA(),0,64.81599426269531,1.4163999557495117,0.34380000829696655,0.08399999886751175,=NA(),20,1013.25,0,0,0,0,0,23.18999671936035,0,0,0,0,0,0,0,0,0,0,0,0,0,0
348,22,0,1,Night,,117.54808044433594,-27.548078536987305,204.65415954589844,0,0,0,0,22.55999183654785,3.3598999977111816,=NA(),0,64.81599426269531,1.4163999557495117,0.34380000829696655,0.08399999886751175,=NA(),20,1013.25,0,0,0,0,0,22.55999183654785,0,0,0,0,0,0,0,0,0,0,0,0,0,0
348,23,0,1,Night,,121.15094757080078,-31.150949478149414,189.3944091796875,0,0,0,0,21.30999183654785,3.5000998973846436,=NA(),0,64.81599426269531,1.4163999557495117,0.34380000829696655,0.08399999886751175,=NA(),20,1013.25,0,0,0,0,0,21.30999183654785,0,0,0,0,0,0,0,0,0,0,0,0,0,0
349,0,0,1,Night,,121.43551635742188,-31.43551254272461,173.27183532714844,0,0,0,0,19.6199893951416,3.5701000690460205,=NA(),0,64.81599426269531,1.4163999557495117,0.34380000829696655,0.08399999886751175,=NA(),20,1013.25,0,0,0,0,0,19.6199893951416,0,0,0,0,0,0,0,0,0,0,0,0,0,0
349,1,0,1,Night,,118.35509490966797,-28.355091094970703,157.77920532226562,0,0,0,0,17.7600040435791,3.630000114440918,=NA(),0,64.81599426269531,1.4163999557495117,0.34380000829696655,0.08399999886751175,=NA(),20,1013.25,0,0,0,0,0,17.7600040435791,0,0,0,0,0,0,0,0,0,0,0,0,0,0
349,2,0,1,Night,,112.37650299072266,-22.376502990722656,144.04217529296875,0,0,0,0,16.80999183654785,3.8101000785827637,=NA(),0,64.81599426269531,1.4163999557495117,0.34380000829696655,0.08399999886751175,=NA(),20,1013.25,0,0,0,0,0,16.80999183654785,0,0,0,0,0,0,0,0,0,0,0,0,0,0
349,3,0,1,Night,,104.20306396484375,-14.203065872192383,132.37429809570312,0,0,0,0,17.05999183654785,4.010000228881836,=NA(),0,64.81599426269531,1.4163999557495117,0.34380000829696655,0.08399999886751175,=NA(),20,1013.25,0,0,0,0,0,17.05999183654785,0,0,0,0,0,0,0,0,0,0,0,0,0,0
349,4,0,1,Night,Sun below height limit of 1 degrees.,89.3758544921875,0.6241442561149597,118.69221496582031,0,0,0,0,15.200006484985352,4.570000171661377,=NA(),0,29.976713180541992,1.4163999557495117,0.34380000829696655,0.08399999886751175,=NA(),20,1013.25,0,0,0,0,0,15.200006484985352,0,0,0,0,0,0,0,0,0,0,0,0,0,0
349,5,0,1,Day,,83.44512939453125,6.554871082305908,113.97166442871094,143.08999633789062,129.4496612548828,119.48999786376953,0.9046730399131775,17.6400089263916,5.050000190734863,=NA(),0.7084016799926758,8.190567970275879,1.4163999557495117,0.34380000829696655,0.08399999886751175,=NA(),20,1013.25,10.491154670715332,73.88673400878906,254.3300018310547,247.3300018310547,7,27.9006290435791,1181.010009765625,1166.929931640625,1164.1395263671875,38.988468170166016,1.8661659955978394,1.8469791412353516,44.81852722167969,1.9795047044754028,0.006821374874562025,0,0.00016287500329781324,0,14.080078125,2.7904052734375
349,6,0,1,Day,,72.00151062011719,17.998489379882812,106.24331665039062,126.41000366210938,124.61519622802734,5.808599948883057,0.9858016967773438,20.649988174438477,5.139999866485596,=NA(),0.9918805956840515,3.2083325386047363,1.4163999557495117,0.34380000829696655,0.08399999886751175,=NA(),20,1013.25,32.50218963623047,41.30271911621094,147.94500732421875,132.07000732421875,15.880000114440918,26.39812660217285,830.0999755859375,824.3699951171875,824.2489013671875,38.6448974609375,1.3330106735229492,1.2903391122817993,44.41666793823242,1.4114713668823242,0.004620187450200319,0,0.0003498750156722963,0,5.72998046875,0.12109375
349,7,0,1,Day,,60.04617691040039,29.953824996948242,98.78520965576172,241.99000549316406,231.15765380859375,21.69499969482422,0.9552363753318787,23.800012588500977,5.659900188446045,=NA(),0.9746770858764648,1.997554063796997,1.4163999557495117,0.34380000829696655,0.08399999886751175,=NA(),20,1013.25,59.75279235839844,7.604266166687012,290.79998779296875,242.80499267578125,47.994998931884766,35.316246032714844,1656.93994140625,1596.1600341796875,1552.445556640625,39.21472930908203,2.474465847015381,2.3283514976501465,44.40602111816406,2.683655023574829,0.008646687492728233,0,0.0010325624607503414,0,60.7799072265625,43.7144775390625
349,8,0,1,Day,,47.8341178894043,42.1658821105957,90.89915466308594,751.2000122070312,329.97222900390625,627.5,0.4392601549625397,26.540002822875977,6.159999847412109,=NA(),0.32806840538978577,1.488088846206665,1.4163999557495117,0.34380000829696655,0.08399999886751175,=NA(),20,1013.25,47.83061218261719,0.6664460897445679,1055.27001953125,1001.4000244140625,53.875,68.03685760498047,6418.89990234375,5530.2001953125,5523.03125,34.71868133544922,9.9425687789917,9.843704223632812,42.691490173339844,10.519566535949707,0.035606998950242996,0,0.0011584374587982893,0,888.69970703125,7.1689453125
349,9,0,1,Day,,35.60250473022461,54.39749526977539,81.32109069824219,832.2899780273438,296.074951171875,659.489990234375,0.35573533177375793,29.839990615844727,6.379899978637695,=NA(),0.326410174369812,1.2292728424072266,1.4163999557495117,0.34380000829696655,0.08399999886751175,=NA(),20,1013.25,35.29075622558594,5.039696216583252,1030.5350341796875,977.75,52.790000915527344,70.3287582397461,6204.5302734375,5298.85009765625,5304.810546875,34.321842193603516,9.66004753112793,9.624767303466797,42.3275032043457,10.269551277160645,0.03436118736863136,0,0.0011631875531747937,0,905.68017578125,-5.96044921875
349,10,0,1,Day,,23.79526710510254,66.2047348022461,66.74113464355469,1055,248.98263549804688,880.9000244140625,0.23600250482559204,31.659997940063477,6.680099964141846,=NA(),0.12349645793437958,1.0926262140274048,1.4163999557495117,0.34380000829696655,0.08399999886751175,=NA(),20,1013.25,22.053735733032227,9.167693138122559,1201.550048828125,1132.52001953125,69.02999877929688,80.24437713623047,7212.759765625,5932.6201171875,5778.45849609375,34.03831481933594,10.611013412475586,10.36640453338623,41.36994934082031,11.410409927368164,0.03988918662071228,0,0.0015026249457150698,0,1280.1396484375,154.16162109375
349,11,0,1,Day,,14.052087783813477,75.94791412353516,35.39256286621094,479.010009765625,434.47772216796875,45.90599822998047,0.9070326685905457,33.219993591308594,8.20009994506836,=NA(),0.9548758268356323,1.0307055711746216,1.4163999557495117,0.34380000829696655,0.08399999886751175,=NA(),20,1013.25,8.248367309570312,11.416197776794434,520.8900146484375,478.625,42.26499938964844,53.98686981201172,3001.169921875,2711.89990234375,2663.343017578125,36.990989685058594,4.500431060791016,4.35476541519165,43.01641082763672,4.856284141540527,0.016363749280571938,0,0.0009105625213123858,0,289.27001953125,48.556884765625
349,12,0,1,Day,,12.949728012084961,77.0502700805664,333.783203125,49.79399871826172,49.69927215576172,0.09719999879598618,0.9980976581573486,27.0100040435791,9.14009952545166,=NA(),0.9999045729637146,1.0259655714035034,1.4163999557495117,0.34380000829696655,0.08399999886751175,=NA(),20,1013.25,-5.8003339767456055,11.5979585647583,54.404998779296875,49.61000061035156,4.795000076293945,29.170618057250977,280.1700134277344,275.1700134277344,274.4134521484375,36.737300872802734,0.46685275435447693,0.4629843533039093,42.16301345825195,0.5026146173477173,0.001664999988861382,0,0.00010256249515805393,0,5,0.756561279296875
349,13,0,1,Day,,21.84954261779785,68.15045928955078,296.909912109375,348.69000244140625,338.1163635253906,11.392000198364258,0.9696760773658752,26.7700138092041,7.289999961853027,=NA(),0.9886990785598755,1.0771512985229492,1.4163999557495117,0.34380000829696655,0.08399999886751175,=NA(),20,1013.25,-19.67486572265625,9.697145462036133,375.864990234375,340.10498046875,35.755001068115234,41.66625213623047,2131.719970703125,2009.9200439453125,1970.9500732421875,38.43695068359375,3.2051281929016113,3.116384983062744,44.0120849609375,3.4606409072875977,0.011602125130593777,0,0.0007628125022165477,0,121.7999267578125,38.969970703125
349,14,0,1,Day,,33.48429489135742,56.51570510864258,280.6906433105469,404,374.0614013671875,35.895999908447266,0.925894558429718,24.800012588500977,4.520100116729736,=NA(),0.9635493159294128,1.1984487771987915,1.4163999557495117,0.34380000829696655,0.08399999886751175,=NA(),20,1013.25,-33.02427291870117,5.874237537384033,443.2449951171875,398.06500244140625,45.18000030517578,42.152488708496094,2549.580078125,2401.320068359375,2394.84130859375,37.87766647338867,3.9516146183013916,3.8580636978149414,44.27530288696289,4.188867092132568,0.013763625174760818,0,0.0009603124926798046,0,148.260009765625,6.478759765625
349,15,0,1,Day,,45.68412399291992,44.31587600708008,270.5813903808594,267.510009765625,261.0096130371094,9.304699897766113,0.9757003784179688,23.279993057250977,3.559999942779541,=NA(),0.9901391863822937,1.4300644397735596,1.4163999557495117,0.34380000829696655,0.08399999886751175,=NA(),20,1013.25,-45.682647705078125,0.41597798466682434,282.54998779296875,238.14498901367188,44.404998779296875,34.41124725341797,1563.469970703125,1510.6600341796875,1505.891845703125,38.4951057434082,2.444674491882324,2.3271214962005615,44.425941467285156,2.597262382507324,0.008208437822759151,0,0.0009426249889656901,0,52.8099365234375,4.7681884765625
349,16,0,1,Day,,57.916526794433594,32.083473205566406,262.51715087890625,144.11000061035156,142.77854919433594,2.506700038909912,0.990760862827301,22.899988174438477,3.240000009536743,=NA(),0.9971304535865784,1.8785407543182373,1.4163999557495117,0.34380000829696655,0.08399999886751175,=NA(),20,1013.25,-57.69559097290039,6.334927558898926,145.3249969482422,112.38499450683594,32.94000244140625,28.72625160217285,771.8400268554688,760.0499877929688,739.2349853515625,39.102928161621094,1.181600570678711,1.0597445964813232,43.964317321777344,1.29335355758667,0.003929187543690205,0,0.0007067500264383852,0,11.7900390625,20.81500244140625
349,17,0,1,Day,,69.92965698242188,20.070344924926758,255.04129028320312,70.5979995727539,70.28948974609375,0.8989999890327454,0.9956300258636475,22.100000381469727,2.0099000930786133,=NA(),0.998797595500946,2.894261360168457,1.4163999557495117,0.34380000829696655,0.08399999886751175,=NA(),20,1013.25,-38.600555419921875,33.453182220458984,71.86500549316406,60.67500305175781,11.1899995803833,24.982507705688477,378.42999267578125,377.67999267578125,363.4298400878906,38.81733322143555,0.5852040648460388,0.5397703051567078,43.272918701171875,0.6558371186256409,0.00209650001488626,0,0.0002530000056140125,0,0.75,14.250152587890625
349,18,0,1,Day,,81.48722076416016,8.512776374816895,247.39939880371094,22.601999282836914,22.571712493896484,0.2046000063419342,0.9986599683761597,21.2600040435791,1.559999942779541,=NA(),0.9995779395103455,6.481480598449707,1.4163999557495117,0.34380000829696655,0.08399999886751175,=NA(),20,1013.25,-13.688977241516113,68.90619659423828,24.479999542236328,22.139999389648438,2.3400001525878906,22.230615615844727,122.77999877929688,123.87999725341797,123.62297058105469,36.4422607421875,0.21201807260513306,0.2082778364419937,41.77482223510742,0.23192082345485687,0.0007626250153407454,0,0.000053812498663319275,0,-1.0999984741210938,0.25702667236328125
349,19,0,1,Night,Sun above horizon but GHI below 1,88.53324127197266,1.4667601585388184,242.02420043945312,0,0,0,0,19.82000160217285,0.8600999712944031,=NA(),0,22.674644470214844,1.4163999557495117,0.34380000829696655,0.08399999886751175,=NA(),20,1013.25,0,0,0,0,0,19.82000160217285,0,0,0,0,0,0,0,0,0,0,0,0,0,0
349,20,0,1,Night,,102.57540893554688,-12.575408935546875,229.44151306152344,0,0,0,0,17.209985733032227,0.9900000095367432,=NA(),0,64.81599426269531,1.4163999557495117,0.34380000829696655,0.08399999886751175,=NA(),20,1013.25,0,0,0,0,0,17.209985733032227,0,0,0,0,0,0,0,0,0,0,0,0,0,0
349,21,0,1,Night,,111.0533218383789,-21.05332374572754,218.11911010742188,0,0,0,0,15.059991836547852,1.6899000406265259,=NA(),0,64.81599426269531,1.4163999557495117,0.34380000829696655,0.08399999886751175,=NA(),20,1013.25,0,0,0,0,0,15.059991836547852,0,0,0,0,0,0,0,0,0,0,0,0,0,0
349,22,0,1,Night,,117.46005249023438,-27.46004867553711,204.7476043701172,0,0,0,0,13.830011367797852,2.1401000022888184,=NA(),0,64.81599426269531,1.4163999557495117,0.34380000829696655,0.08399999886751175,=NA(),20,1013.25,0,0,0,0,0,13.830011367797852,0,0,0,0,0,0,0,0,0,0,0,0,0,0
349,23,0,1,Night,,121.084716796875,-31.084718704223633,189.51284790039062,0,0,0,0,13.309991836547852,2.359999895095825,=NA(),0,64.81599426269531,1.4163999557495117,0.34380000829696655,0.08399999886751175,=NA(),20,1013.25,0,0,0,0,0,13.309991836547852,0,0,0,0,0,0,0,0,0,0,0,0,0,0
350,0,0,1,Night,,121.396728515625,-31.396724700927734,173.4064178466797,0,0,0,0,12.640008926391602,2.3399999141693115,=NA(),0,64.81599426269531,1.4163999557495117,0.34380000829696655,0.08399999886751175,=NA(),20,1013.25,0,0,0,0,0,12.640008926391602,0,0,0,0,0,0,0,0,0,0,0,0,0,0
350,1,0,1,Night,,118.34478759765625,-28.344785690307617,157.91653442382812,0,0,0,0,12.719995498657227,2.180000066757202,=NA(),0,64.81599426269531,1.4163999557495117,0.34380000829696655,0.08399999886751175,=NA(),20,1013.25,0,0,0,0,0,12.719995498657227,0,0,0,0,0,0,0,0,0,0,0,0,0,0
350,2,0,1,Night,,112.39181518554688,-22.391813278198242,144.17236328125,0,0,0,0,11.080011367797852,2.109999895095825,=NA(),0,64.81599426269531,1.4163999557495117,0.34380000829696655,0.08399999886751175,=NA(),20,1013.25,0,0,0,0,0,11.080011367797852,0,0,0,0,0,0,0,0,0,0,0,0,0,0
350,3,0,1,Night,,104.23909759521484,-14.239095687866211,132.49403381347656,0,0,0,0,10.499994277954102,2.130000114440918,=NA(),0,64.81599426269531,1.4163999557495117,0.34380000829696655,0.08399999886751175,=NA(),20,1013.25,0,0,0,0,0,10.499994277954102,0,0,0,0,0,0,0,0,0,0,0,0,0,0
350,4,0,1,Night,Sun below height limit of 1 degrees.,89.39459228515625,0.605405867099762,118.78083038330078,0,0,0,0,10.029993057250977,2.3199000358581543,=NA(),0,30.17914390563965,1.4163999557495117,0.34380000829696655,0.08399999886751175,=NA(),20,1013.25,0,0,0,0,0,10.029993057250977,0,0,0,0,0,0,0,0,0,0,0,0,0,0
350,5,0,1,Day,,83.50311279296875,6.496887683868408,114.0767593383789,123.19999694824219,111.55693817138672,102.9000015258789,0.9054946303367615,13.070001602172852,2.8399999141693115,=NA(),0.7474409341812134,8.254457473754883,1.4163999557495117,0.34380000829696655,0.08399999886751175,=NA(),20,1013.25,10.403077125549316,74.03246307373047,208.6199951171875,201.82000732421875,6.800000190734863,21.4537296295166,974.25,984.260009765625,980.353515625,39.75130081176758,1.5413968563079834,1.520949125289917,45.368682861328125,1.638668417930603,0.005644374992698431,0,0.00015793749480508268,0,-10.010009765625,3.906494140625
350,6,0,1,Day,,72.06974792480469,17.930252075195312,106.34766387939453,327.3999938964844,244.49354553222656,269.29998779296875,0.7467732429504395,17.540002822875977,3.4000000953674316,=NA(),0.6230388283729553,3.2198991775512695,1.4163999557495117,0.34380000829696655,0.08399999886751175,=NA(),20,1013.25,32.33879852294922,41.54124069213867,590.6199951171875,570.2249755859375,20.395000457763672,40.10936737060547,3618.050048828125,3435.4599609375,3440.699951171875,38.2219123840332,5.626224517822266,5.566460132598877,45.186702728271484,5.936742782592773,0.020296936854720116,0,0.0004591250035446137,0,182.590087890625,-5.239990234375
350,7,0,1,Day,,60.11983871459961,29.880163192749023,98.89523315429688,550.5,321.52801513671875,459.6099853515625,0.5840654373168945,19.9999942779541,3.450000047683716,=NA(),0.4632514417171478,2.0019900798797607,1.4163999557495117,0.34380000829696655,0.08399999886751175,=NA(),20,1013.25,59.81945037841797,7.705038070678711,897.489990234375,839.3049926757812,58.18499755859375,55.37187957763672,5507.10009765625,4965.93017578125,4864.208984375,37.19486618041992,8.173672676086426,8.058465957641602,44.00817108154297,8.737533569335938,0.030259374529123306,0,0.0012496249983087182,0,541.169921875,101.72119140625
350,8,0,1,Day,,47.910221099853516,42.089778900146484,91.02507781982422,776.2999877929688,341.81524658203125,648.2000122070312,0.44031333923339844,22.0100040435791,3.599900007247925,=NA(),0.3057698607444763,1.4902677536010742,1.4163999557495117,0.34380000829696655,0.08399999886751175,=NA(),20,1013.25,47.90565872192383,0.760686993598938,1091.6300048828125,1035.93505859375,55.69000244140625,64.88375091552734,6634.18017578125,5783.7099609375,5771.6123046875,35.17234420776367,10.256107330322266,10.137969017028809,43.16252517700195,10.838045120239258,0.03682068735361099,0,0.0011941875563934445,0,850.47021484375,12.09765625
350,9,0,1,Day,,35.676822662353516,54.323177337646484,81.4836654663086,930.6099853515625,299.3483581542969,777.1099853515625,0.32166898250579834,23.399988174438477,3.8101000785827637,=NA(),0.20626014471054077,1.230413794517517,1.4163999557495117,0.34380000829696655,0.08399999886751175,=NA(),20,1013.25,35.37639617919922,4.954738140106201,1162.614990234375,1107.2349853515625,55.38500213623047,69.04561614990234,6991.10986328125,6002.39990234375,6008.46337890625,34.46782684326172,10.89505672454834,10.870543479919434,42.73871612548828,11.571372032165527,0.03887837380170822,0,0.001214062562212348,0,988.7099609375,-6.0634765625
350,10,0,1,Day,,23.858230590820312,66.14176940917969,66.99508666992188,1053.699951171875,249.08883666992188,879.7899780273438,0.236394464969635,24.040002822875977,3.8901000022888184,=NA(),0.12468162178993225,1.0931555032730103,1.4163999557495117,0.34380000829696655,0.08399999886751175,=NA(),20,1013.25,22.15095329284668,9.095054626464844,1200.715087890625,1131.820068359375,68.88999938964844,71.80001068115234,7199.5,6118.08984375,6077.43359375,34.465816497802734,11.020890235900879,10.902139663696289,42.44723129272461,11.658031463623047,0.039837125688791275,0,0.0014745625667273998,0,1081.41015625,40.65625
350,11,0,1,Day,,14.068731307983398,75.93126678466797,35.883209228515625,1104.0999755859375,209.85250854492188,921.9000244140625,0.19006657600402832,25.029993057250977,3.7400999069213867,=NA(),0.09396421909332275,1.0307804346084595,1.4163999557495117,0.34380000829696655,0.08399999886751175,=NA(),20,1013.25,8.356245040893555,11.358736038208008,1195.9599609375,1115.7850341796875,80.18000030517578,73.14998626708984,7144.83984375,6040.41015625,5890.5810546875,34.96909713745117,10.52902603149414,10.205581665039062,42.25782012939453,11.34447956085205,0.03928393870592117,0,0.0017102500423789024,0,1104.4296875,149.8291015625
350,12,0,1,Day,,12.86296272277832,77.13703918457031,334.15618896484375,1106.0999755859375,205.67745971679688,923.5999755859375,0.18594834208488464,26.3900089263916,3.599900007247925,=NA(),0.09322457760572433,1.025610327720642,1.4163999557495117,0.34380000829696655,0.08399999886751175,=NA(),20,1013.25,-5.68463659286499,11.557703971862793,1192.1500244140625,1111.52001953125,80.62999725341797,73.6468734741211,7101.68017578125,5992.43017578125,5988.81982421875,33.918453216552734,11.035332679748535,10.986644744873047,42.18326187133789,11.696086883544922,0.03901068866252899,0,0.0017278124578297138,0,1109.25,3.6103515625
350,13,0,1,Day,,21.733139038085938,68.26686096191406,296.99041748046875,1038.699951171875,232.59373474121094,867.7899780273438,0.22392773628234863,26.600000381469727,3.5801000595092773,=NA(),0.13946223258972168,1.0762784481048584,1.4163999557495117,0.34380000829696655,0.08399999886751175,=NA(),20,1013.25,-19.55513572692871,9.674479484558105,1168.3399658203125,1098.7550048828125,69.58500671386719,73.32750701904297,7018.6298828125,5929.330078125,5846.474609375,34.61839294433594,10.556041717529297,10.276823997497559,42.19862747192383,11.264655113220215,0.03875443711876869,0,0.0015010625356808305,0,1089.2998046875,82.85546875
350,14,0,1,Day,,33.3649787902832,56.6350212097168,280.7134704589844,895.0900268554688,278.9746398925781,737.7000122070312,0.3116721510887146,27.459985733032227,3.51990008354187,=NA(),0.25128042697906494,1.1968064308166504,1.4163999557495117,0.34380000829696655,0.08399999886751175,=NA(),20,1013.25,-32.90381622314453,5.868074893951416,1095.340087890625,1041.324951171875,54.01499938964844,70.7043685913086,6623.419921875,5650.22998046875,5637.63232421875,34.4036979675293,10.241737365722656,10.162677764892578,42.4144172668457,10.839229583740234,0.036766186356544495,0,0.0011864375555887818,0,973.18994140625,12.59765625
350,15,0,1,Day,,45.56476974487305,44.43523025512695,270.5938720703125,712.7000122070312,320.2225341796875,560.5999755859375,0.44930899143218994,28.20000648498535,3.319999933242798,=NA(),0.4063326418399811,1.4270331859588623,1.4163999557495117,0.34380000829696655,0.08399999886751175,=NA(),20,1013.25,-45.56322479248047,0.42404600977897644,970.800048828125,919.9150390625,50.88500213623047,66.22686004638672,5874.52001953125,5093.5,5097.4111328125,34.879356384277344,9.134038925170898,9.066173553466797,42.74320983886719,9.685462951660156,0.032517626881599426,0,0.0011024374980479479,0,781.02001953125,-3.9111328125
350,16,0,1,Day,,57.79767990112305,32.20232009887695,262.53033447265625,496.8999938964844,314.64459228515625,342,0.6332151293754578,28.20000648498535,3.130000114440918,=NA(),0.6089732646942139,1.8723880052566528,1.4163999557495117,0.34380000829696655,0.08399999886751175,=NA(),20,1013.25,-57.57708740234375,6.315504550933838,763.0150146484375,710.5150146484375,52.5,57.998741149902344,4676.39013671875,4174.25,4162.48974609375,36.10586166381836,7.205597877502441,7.0607523918151855,43.3497314453125,7.61519193649292,0.025610562413930893,0,0.0011485625291243196,0,502.14013671875,11.76025390625
350,17,0,1,Day,,69.8121337890625,20.1878662109375,255.0594024658203,264.3999938964844,224.64454650878906,115.19999694824219,0.8496389985084534,27.850000381469727,2.3801000118255615,=NA(),0.8463026881217957,2.878369092941284,1.4163999557495117,0.34380000829696655,0.08399999886751175,=NA(),20,1013.25,-39.015907287597656,32.963356018066406,428.42999267578125,404.20501708984375,24.225000381469727,44.60124969482422,2544.5400390625,2376.02001953125,2359.90087890625,37.747657775878906,3.9075002670288086,3.818988084793091,43.946983337402344,4.156003952026367,0.014124937355518341,0,0.0005688749952241778,0,168.52001953125,16.119140625
350,18,0,1,Day,,81.37326049804688,8.626736640930176,247.42532348632812,59.698001861572266,59.323368072509766,2.4976000785827637,0.993724524974823,26.57000160217285,2.5899999141693115,=NA(),0.9948905110359192,6.403177738189697,1.4163999557495117,0.34380000829696655,0.08399999886751175,=NA(),20,1013.25,-13.8839111328125,68.61225128173828,70.18000030517578,64.41499328613281,5.765000343322754,29.336877822875977,372.3500061035156,365.58001708984375,365.0765075683594,37.10064697265625,0.61501145362854,0.604816198348999,42.62796401977539,0.6580733060836792,0.002180499956011772,0,0.0001328750076936558,0,6.769989013671875,0.503509521484375
350,19,0,1,Night,Sun above horizon but GHI below 1,88.48966979980469,1.5103275775909424,242.0074920654297,0,0,0,0,23.08001136779785,2.759999990463257,=NA(),0,22.37714195251465,1.4163999557495117,0.34380000829696655,0.08399999886751175,=NA(),20,1013.25,0,0,0,0,0,23.08001136779785,0,0,0,0,0,0,0,0,0,0,0,0,0,0
350,20,0,1,Night,,102.46788787841797,-12.46788501739502,229.4940185546875,0,0,0,0,17.07000160217285,2.6900999546051025,=NA(),0,64.81599426269531,1.4163999557495117,0.34380000829696655,0.08399999886751175,=NA(),20,1013.25,0,0,0,0,0,17.07000160217285,0,0,0,0,0,0,0,0,0,0,0,0,0,0
350,21,0,1,Night,,110.95543670654297,-20.95543670654297,218.19207763671875,0,0,0,0,14.820001602172852,2.4798998832702637,=NA(),0,64.81599426269531,1.4163999557495117,0.34380000829696655,0.08399999886751175,=NA(),20,1013.25,0,0,0,0,0,14.820001602172852,0,0,0,0,0,0,0,0,0,0,0,0,0,0
350,22,0,1,Night,,117.37773132324219,-27.377731323242188,204.84495544433594,0,0,0,0,14.589990615844727,2.7701001167297363,=NA(),0,64.81599426269531,1.4163999557495117,0.34380000829696655,0.08399999886751175,=NA(),20,1013.25,0,0,0,0,0,14.589990615844727,0,0,0,0,0,0,0,0,0,0,0,0,0,0
350,23,0,1,Night,,121.02466583251953,-31.024667739868164,189.63336181640625,0,0,0,0,17.800012588500977,4.039999961853027,=NA(),0,64.81599426269531,1.4163999557495117,0.34380000829696655,0.08399999886751175,=NA(),20,1013.25,0,0,0,0,0,17.800012588500977,0,0,0,0,0,0,0,0,0,0,0,0,0,0
351,0,0,1,Night,,121.3644027709961,-31.36440658569336,173.54092407226562,0,0,0,0,17.100000381469727,5.050000190734863,=NA(),0,64.81599426269531,1.4163999557495117,0.34380000829696655,0.08399999886751175,=NA(),20,1013.25,0,0,0,0,0,17.100000381469727,0,0,0,0,0,0,0,0,0,0,0,0,0,0
351,1,0,1,Night,,118.34085083007812,-28.340850830078125,158.05177307128906,0,0,0,0,16.9999942779541,5.300000190734863,=NA(),0,64.81599426269531,1.4163999557495117,0.34380000829696655,0.08399999886751175,=NA(),20,1013.25,0,0,0,0,0,16.9999942779541,0,0,0,0,0,0,0,0,0,0,0,0,0,0
351,2,0,1,Night,,112.41255950927734,-22.412561416625977,144.29898071289062,0,0,0,0,15.459985733032227,5.269899845123291,=NA(),0,64.81599426269531,1.4163999557495117,0.34380000829696655,0.08399999886751175,=NA(),20,1013.25,0,0,0,0,0,15.459985733032227,0,0,0,0,0,0,0,0,0,0,0,0,0,0
351,3,0,1,Night,,104.27906799316406,-14.279068946838379,132.6092071533203,0,0,0,0,14.469995498657227,5.349899768829346,=NA(),0,64.81599426269531,1.4163999557495117,0.34380000829696655,0.08399999886751175,=NA(),20,1013.25,0,0,0,0,0,14.469995498657227,0,0,0,0,0,0,0,0,0,0,0,0,0,0
351,4,0,1,Night,Sun below height limit of 1 degrees.,89.42474365234375,0.5752534866333008,118.85676574707031,0,0,0,0,13.860010147094727,5.730100154876709,=NA(),0,30.509197235107422,1.4163999557495117,0.34380000829696655,0.08399999886751175,=NA(),20,1013.25,0,0,0,0,0,13.860010147094727,0,0,0,0,0,0,0,0,0,0,0,0,0,0
351,5,0,1,Day,,83.56877136230469,6.431230545043945,114.17601013183594,114,103.68314361572266,92.10600280761719,0.9095012545585632,14.369989395141602,5.940000057220459,=NA(),0.7724326252937317,8.327960014343262,1.4163999557495117,0.34380000829696655,0.08399999886751175,=NA(),20,1013.25,10.301688194274902,74.1973648071289,188.6999969482422,182.08999633789062,6.610000133514404,21.962488174438477,881.47998046875,889.0499877929688,884.3290405273438,39.61280822753906,1.3952840566635132,1.3740692138671875,45.129085540771484,1.48764967918396,0.005116499960422516,0,0.00015368750609923154,0,-7.57000732421875,4.720947265625
351,6,0,1,Day,,72.1433334350586,17.856664657592773,106.4454574584961,325.6000061035156,243.5746612548828,267.5,0.7480794191360474,18.45000648498535,6.04010009765625,=NA(),0.6249789595603943,3.232471227645874,1.4163999557495117,0.34380000829696655,0.08399999886751175,=NA(),20,1013.25,32.16024398803711,41.797332763671875,586.9500122070312,566.6949462890625,20.255001068115234,40.90874481201172,3593.389892578125,3402.72998046875,3407.47705078125,38.11436462402344,5.587623596191406,5.52564001083374,45.07017135620117,5.896927833557129,0.020160062238574028,0,0.0004567500145640224,0,190.659912109375,-4.7470703125
351,7,0,1,Day,,60.19837188720703,29.8016300201416,98.99772644042969,553.2999877929688,323.58721923828125,462.20001220703125,0.5848314166069031,21.30999183654785,5.550000190734863,=NA(),0.45991167426109314,2.006744623184204,1.4163999557495117,0.34380000829696655,0.08399999886751175,=NA(),20,1013.25,59.89146423339844,7.799803256988525,903.1600341796875,844.5250244140625,58.630001068115234,56.992515563964844,5542.5,4969.10986328125,4854.81494140625,37.05299758911133,8.189152717590332,8.071089744567871,43.81216049194336,8.772239685058594,0.030451999977231026,0,0.0012606249656528234,0,573.39013671875,114.294921875
351,8,0,1,Day,,47.9909553527832,42.0090446472168,91.1419677734375,754.9000244140625,333.07305908203125,630.2999877929688,0.44121479988098145,23.2700138092041,4.619900226593018,=NA(),0.3247881233692169,1.4925891160964966,1.4163999557495117,0.34380000829696655,0.08399999886751175,=NA(),20,1013.25,47.98529815673828,0.8484976291656494,1062.2550048828125,1007.9550170898438,54.30000305175781,65.02562713623047,6462.14990234375,5630.22021484375,5614.24072265625,35.20114517211914,9.968355178833008,9.830366134643555,43.090755462646484,10.5377197265625,0.03584799915552139,0,0.001168437534943223,0,831.9296875,15.9794921875
351,9,0,1,Day,,35.75596237182617,54.24403762817383,81.63468170166016,917.5999755859375,295.8185729980469,766.2000122070312,0.32238292694091797,25.6199893951416,4.099999904632568,=NA(),0.21736909449100494,1.2316335439682007,1.4163999557495117,0.34380000829696655,0.08399999886751175,=NA(),20,1013.25,35.465843200683594,4.876675605773926,1147.31494140625,1092.739990234375,54.58000183105469,70.7356185913086,6905.7998046875,5891.41015625,5896.41748046875,34.255348205566406,10.75820541381836,10.734718322753906,42.49734878540039,11.428629875183105,0.03839600086212158,0,0.0011990624479949474,0,1014.3896484375,-5.00732421875
351,10,0,1,Day,,23.926841735839844,66.07315826416016,67.23329162597656,1040.5,246.37030029296875,868.7899780273438,0.23678068816661835,27.3799991607666,4.050099849700928,=NA(),0.13568834960460663,1.0937343835830688,1.4163999557495117,0.34380000829696655,0.08399999886751175,=NA(),20,1013.25,22.250947952270508,9.029755592346191,1186.340087890625,1118.3798828125,67.95999908447266,74.6937484741211,7118.240234375,5982.35009765625,5937.294921875,34.13215637207031,10.872047424316406,10.749467849731445,42.053443908691406,11.516022682189941,0.039378248155117035,0,0.0014583125011995435,0,1135.89013671875,45.05517578125
351,11,0,1,Day,,14.093425750732422,75.90657806396484,36.358619689941406,1087.4000244140625,206.34288024902344,908.4000244140625,0.18975801765918732,28.909997940063477,4.119999885559082,=NA(),0.10737760365009308,1.0308916568756104,1.4163999557495117,0.34380000829696655,0.08399999886751175,=NA(),20,1013.25,8.465649604797363,11.308928489685059,1178.159912109375,1099.219970703125,78.93499755859375,76.47689056396484,7046.75,5881.419921875,5719.1171875,34.6021614074707,10.331025123596191,9.99721622467041,41.80274963378906,11.164196014404297,0.038730062544345856,0,0.0016913750441744924,0,1165.330078125,162.302734375
351,12,0,1,Day,,12.783584594726562,77.21641540527344,334.5504455566406,1080.699951171875,200.7752227783203,902.2899780273438,0.18578258156776428,30.290002822875977,4.050099849700928,=NA(),0.11436726152896881,1.0252877473831177,1.4163999557495117,0.34380000829696655,0.08399999886751175,=NA(),20,1013.25,-5.5687174797058105,11.525150299072266,1164.56005859375,1085.780029296875,78.77999877929688,76.54061126708984,6946.18994140625,5795.77001953125,5792.609375,33.544105529785156,10.792899131774902,10.74571704864502,41.7662353515625,11.451610565185547,0.03813387453556061,0,0.0016969999996945262,0,1150.419921875,3.16064453125
351,13,0,1,Day,,21.620960235595703,68.37904357910156,297.0894775390625,1017.5999755859375,230.10971069335938,847.0900268554688,0.22612982988357544,31.4999942779541,3.73009991645813,=NA(),0.1602822095155716,1.0754427909851074,1.4163999557495117,0.34380000829696655,0.08399999886751175,=NA(),20,1013.25,-19.436410903930664,9.659465789794922,1143.965087890625,1075.669921875,68.29000091552734,77.39998626708984,6878.85009765625,5720.22998046875,5637.21044921875,34.101806640625,10.332441329956055,10.051058769226074,41.63452911376953,11.042123794555664,0.03796181455254555,0,0.0014784375671297312,0,1158.6201171875,83.01953125
351,14,0,1,Day,,33.24880599975586,56.75119400024414,280.7493896484375,886.2100219726562,280.1451721191406,724.7000122070312,0.31611600518226624,32.70000457763672,3.309999942779541,=NA(),0.26483258605003357,1.1952167749404907,1.4163999557495117,0.34380000829696655,0.08399999886751175,=NA(),20,1013.25,-32.785377502441406,5.86937141418457,1083.074951171875,1029.409912109375,53.665000915527344,75.64250946044922,6551.419921875,5484.009765625,5469.5498046875,33.77163314819336,10.122367858886719,10.039668083190918,41.757896423339844,10.72839641571045,0.036354877054691315,0,0.0011797499610111117,0,1067.41015625,14.4599609375
351,15,0,1,Day,,45.44822692871094,44.55177307128906,270.6164855957031,704.1099853515625,322.3175354003906,544.2100219726562,0.4577658772468567,33.08000946044922,2.9800000190734863,=NA(),0.4241008758544922,1.4240915775299072,1.4163999557495117,0.34380000829696655,0.08399999886751175,=NA(),20,1013.25,-45.44656753540039,0.43931952118873596,956.2750244140625,905.60498046875,50.66999816894531,70.68187713623047,5783.31005859375,4930.7001953125,4934.05615234375,34.29238510131836,8.992657661437988,8.92330265045166,42.13748550415039,9.548871994018555,0.031996436417102814,0,0.0010984999826177955,0,852.60986328125,-3.35595703125
351,16,0,1,Day,,57.68174743652344,32.31825256347656,262.5520324707031,416.69000244140625,315.32574462890625,189.60000610351562,0.7567393779754639,33.230003356933594,2.6900999546051025,=NA(),0.7834737300872803,1.8664320707321167,1.4163999557495117,0.34380000829696655,0.08399999886751175,=NA(),20,1013.25,-57.46202087402344,6.289123058319092,609.2100219726562,558.5,50.709999084472656,57.089988708496094,3693.7099609375,3303.639892578125,3293.0224609375,36.14680862426758,5.694115161895752,5.541186332702637,43.007991790771484,6.031599521636963,0.020074374973773956,0,0.0011099999537691474,0,390.070068359375,10.617431640625
351,17,0,1,Day,,69.69750213623047,20.302501678466797,255.08494567871094,145.80999755859375,143.27499389648438,7.306000232696533,0.9826143383979797,31.1299991607666,1.7698999643325806,=NA(),0.9902756810188293,2.863043785095215,1.4163999557495117,0.34380000829696655,0.08399999886751175,=NA(),20,1013.25,-39.426448822021484,32.47960662841797,170.02499389648438,149.01499938964844,21.014999389648438,37.90062713623047,947.989990234375,903.2999877929688,880.9791259765625,38.05264663696289,1.4471068382263184,1.3627680540084839,43.06114196777344,1.5804821252822876,0.0051676249131560326,0,0.0004787500074598938,0,44.69000244140625,22.32086181640625
351,18,0,1,Day,,81.26187896728516,8.73812198638916,247.4580841064453,35.39699935913086,35.30683517456055,0.593500018119812,0.9974527955055237,28.649988174438477,1.6399999856948853,=NA(),0.9987955689430237,6.32841157913208,1.4163999557495117,0.34380000829696655,0.08399999886751175,=NA(),20,1013.25,-14.074169158935547,68.32445526123047,38.36000061035156,34.685001373291016,3.674999952316284,30.173730850219727,198.91000366210938,194.49000549316406,193.90240478515625,36.0517692565918,0.33615320920944214,0.32957884669303894,41.42723846435547,0.3646310865879059,0.001195874996483326,0,0.00008462499681627378,0,4.4199981689453125,0.5876007080078125
351,19,0,1,Night,Sun above horizon but GHI below 1,88.43531036376953,1.5646874904632568,242.00680541992188,0,0,0,0,23.2700138092041,1.820099949836731,=NA(),0,22.014862060546875,1.4163999557495117,0.34380000829696655,0.08399999886751175,=NA(),20,1013.25,0,0,0,0,0,23.2700138092041,0,0,0,0,0,0,0,0,0,0,0,0,0,0
351,20,0,1,Night,,102.36449432373047,-12.364498138427734,229.55238342285156,0,0,0,0,21.20000648498535,2.4798998832702637,=NA(),0,64.81599426269531,1.4163999557495117,0.34380000829696655,0.08399999886751175,=NA(),20,1013.25,0,0,0,0,0,21.20000648498535,0,0,0,0,0,0,0,0,0,0,0,0,0,0
351,21,0,1,Night,,110.86247253417969,-20.862472534179688,218.2701416015625,0,0,0,0,21.83001136779785,2.9800000190734863,=NA(),0,64.81599426269531,1.4163999557495117,0.34380000829696655,0.08399999886751175,=NA(),20,1013.25,0,0,0,0,0,21.83001136779785,0,0,0,0,0,0,0,0,0,0,0,0,0,0
351,22,0,1,Night,,117.30133819580078,-27.301340103149414,204.94613647460938,0,0,0,0,23.279993057250977,3.1500000953674316,=NA(),0,64.81599426269531,1.4163999557495117,0.34380000829696655,0.08399999886751175,=NA(),20,1013.25,0,0,0,0,0,23.279993057250977,0,0,0,0,0,0,0,0,0,0,0,0,0,0
351,23,0,1,Night,,120.9721450805664,-30.972143173217773,189.7559051513672,0,0,0,0,20.600000381469727,3.2600998878479004,=NA(),0,64.81599426269531,1.4163999557495117,0.34380000829696655,0.08399999886751175,=NA(),20,1013.25,0,0,0,0,0,20.600000381469727,0,0,0,0,0,0,0,0,0,0,0,0,0,0
352,0,0,1,Night,,121.33972930908203,-31.339733123779297,173.67523193359375,0,0,0,0,20.800012588500977,3.5399999618530273,=NA(),0,64.81599426269531,1.4163999557495117,0.34380000829696655,0.08399999886751175,=NA(),20,1013.25,0,0,0,0,0,20.800012588500977,0,0,0,0,0,0,0,0,0,0,0,0,0,0
352,1,0,1,Night,,118.34436798095703,-28.34436798095703,158.1848602294922,0,0,0,0,20.300012588500977,3.6698999404907227,=NA(),0,64.81599426269531,1.4163999557495117,0.34380000829696655,0.08399999886751175,=NA(),20,1013.25,0,0,0,0,0,20.300012588500977,0,0,0,0,0,0,0,0,0,0,0,0,0,0
352,2,0,1,Night,,112.44017791748047,-22.4401798248291,144.4219512939453,0,0,0,0,19.4999942779541,3.73009991645813,=NA(),0,64.81599426269531,1.4163999557495117,0.34380000829696655,0.08399999886751175,=NA(),20,1013.25,0,0,0,0,0,19.4999942779541,0,0,0,0,0,0,0,0,0,0,0,0,0,0
352,3,0,1,Night,,104.32493591308594,-14.324938774108887,132.7197723388672,0,0,0,0,19.899988174438477,3.9999001026153564,=NA(),0,64.81599426269531,1.4163999557495117,0.34380000829696655,0.08399999886751175,=NA(),20,1013.25,0,0,0,0,0,19.899988174438477,0,0,0,0,0,0,0,0,0,0,0,0,0,0
352,4,0,1,Night,Sun below height limit of 1 degrees.,89.46029663085938,0.5397000908851624,118.9246826171875,0,0,0,0,19.8799991607666,4.469900131225586,=NA(),0,30.9054012298584,1.4163999557495117,0.34380000829696655,0.08399999886751175,=NA(),20,1013.25,0,0,0,0,0,19.8799991607666,0,0,0,0,0,0,0,0,0,0,0,0,0,0
352,5,0,1,Day,,83.64268493652344,6.357316493988037,114.26933288574219,69.50399780273438,67.54354858398438,17.704999923706055,0.9717937111854553,23.089990615844727,5.250100135803223,=NA(),0.9559227824211121,8.412237167358398,1.4163999557495117,0.34380000829696655,0.08399999886751175,=NA(),20,1013.25,10.186001777648926,74.38289642333984,98.3699951171875,93.0999984741211,5.269999980926514,27.051233291625977,473.2699890136719,468.75,464.5611572265625,38.139976501464844,0.7612860798835754,0.7480826377868652,43.36446762084961,0.8224684000015259,0.0027831250336021185,0,0.0001239374978467822,0,4.519989013671875,4.1888427734375
352,6,0,1,Day,,72.2225112915039,17.777490615844727,106.5366439819336,363.70001220703125,270.9770202636719,303.69000244140625,0.7450563907623291,25.30999183654785,5.369999885559082,=NA(),0.5735176801681519,3.246112823486328,1.4163999557495117,0.34380000829696655,0.08399999886751175,=NA(),20,1013.25,31.966144561767578,42.07156753540039,673.6699829101562,652.9100341796875,20.759998321533203,51.290611267089844,4133.7001953125,3777.449951171875,3782.09130859375,36.780677795410156,6.426802635192871,6.360060691833496,43.98204803466797,6.799302101135254,0.023205000907182693,0,0.00047006248496472836,0,356.250244140625,-4.641357421875
352,7,0,1,Day,,60.281742095947266,29.718257904052734,99.09262084960938,415.6000061035156,302.2748718261719,228.60000610351562,0.7273216247558594,28.399988174438477,6.090000152587891,=NA(),0.732704758644104,2.0118207931518555,1.4163999557495117,0.34380000829696655,0.08399999886751175,=NA(),20,1013.25,59.968807220458984,7.888498306274414,643.2349853515625,591.27001953125,51.959999084472656,53.610008239746094,3903.780029296875,3536.949951171875,3511.712890625,36.878456115722656,5.951778888702393,5.784630298614502,43.56911849975586,6.3360724449157715,0.021261312067508698,0,0.0011120624840259552,0,366.830078125,25.237060546875
352,8,0,1,Day,,48.07627487182617,41.92372512817383,91.2497329711914,576.9000244140625,350.2666931152344,339.20001220703125,0.6071531772613525,31.55999183654785,7.059999942779541,=NA(),0.6365352869033813,1.4950535297393799,1.4163999557495117,0.34380000829696655,0.08399999886751175,=NA(),20,1013.25,48.06949996948242,0.9298142194747925,776.27001953125,724.114990234375,52.165000915527344,62.084373474121094,4690.1201171875,4124.52001953125,4110.31103515625,35.60243225097656,7.215996742248535,7.058497428894043,42.825477600097656,7.6453857421875,0.02570512518286705,0,0.0011327499523758888,0,565.60009765625,14.208984375
352,9,0,1,Day,,35.83961486816406,54.16038513183594,81.77406311035156,867.0999755859375,288.289306640625,714,0.3324752748012543,31.670007705688477,7.849999904632568,=NA(),0.2706388235092163,1.232927918434143,1.4163999557495117,0.34380000829696655,0.08399999886751175,=NA(),20,1013.25,35.55882263183594,4.805539131164551,1084.375,1032.544921875,51.83000183105469,74.43688201904297,6541.8798828125,5501.47998046875,5505.18017578125,33.78936004638672,10.182901382446289,10.160356521606445,41.910072326660156,10.829134941101074,0.03633224964141846,0,0.001145999995060265,0,1040.39990234375,-3.7001953125
352,10,0,1,Day,,24.000797271728516,65.99920654296875,67.45552825927734,845.4000244140625,321.66766357421875,573.2999877929688,0.3804916739463806,34.67998504638672,8.29990005493164,=NA(),0.42968547344207764,1.0943608283996582,1.4163999557495117,0.34380000829696655,0.08399999886751175,=NA(),20,1013.25,22.353479385375977,8.971773147583008,958.9300537109375,900.375,58.55500030517578,72.88311004638672,5761.580078125,4870.990234375,4833.5634765625,34.40779495239258,8.780075073242188,8.682234764099121,41.84480285644531,9.322049140930176,0.03170062601566315,0,0.001270437496714294,0,890.58984375,37.4267578125
352,11,0,1,Day,,14.12590217590332,75.87409973144531,36.81775665283203,305.0899963378906,299.0843505859375,6.19290018081665,0.9803151488304138,34.290000915527344,8.550000190734863,=NA(),0.9939155578613281,1.0310382843017578,1.4163999557495117,0.34380000829696655,0.08399999886751175,=NA(),20,1013.25,8.576412200927734,11.266685485839844,332.2149963378906,303.42999267578125,28.780000686645508,47.67125701904297,1868.179931640625,1722.760009765625,1651.521728515625,37.92327117919922,2.7221221923828125,2.632734775543213,42.964176177978516,3.010857582092285,0.010252687148749828,0,0.0006230624858289957,0,145.419921875,71.23828125
352,12,0,1,Day,,12.711688995361328,77.28831481933594,334.9654235839844,1021.4000244140625,214.67005920410156,827,0.2101723700761795,35.42998504638672,8.110099792480469,=NA(),0.18845629692077637,1.024997353553772,1.4163999557495117,0.34380000829696655,0.08399999886751175,=NA(),20,1013.25,-5.452646732330322,11.500271797180176,1100.52001953125,1025.9749755859375,74.55500030517578,79.2037582397461,6576.97021484375,5429.5498046875,5427.3330078125,33.20058822631836,10.216941833496094,10.173359870910645,41.308624267578125,10.854591369628906,0.03606506437063217,0,0.0016173750627785921,0,1147.42041015625,2.216796875
352,13,0,1,Day,,21.513017654418945,68.48698425292969,297.2072448730469,894,291.3294677734375,647.7999877929688,0.32587188482284546,36.779991149902344,7.840000152587891,=NA(),0.35805076360702515,1.074643850326538,1.4163999557495117,0.34380000829696655,0.08399999886751175,=NA(),20,1013.25,-19.318683624267578,9.652071952819824,1001.3699951171875,938.8900146484375,62.47999954223633,76.93999481201172,6020.72998046875,5012.1201171875,4943.43505859375,34.14019775390625,9.050525665283203,8.84251594543457,41.412681579589844,9.676742553710938,0.033104751259088516,0,0.001359499990940094,0,1008.60986328125,68.68505859375
352,14,0,1,Day,,33.13578796386719,56.86421203613281,280.7983703613281,912.7000122070312,277.46551513671875,758.5999755859375,0.3040051758289337,37.74999237060547,7.78000020980835,=NA(),0.2308022677898407,1.193678855895996,1.4163999557495117,0.34380000829696655,0.08399999886751175,=NA(),20,1013.25,-32.6689338684082,5.878082275390625,1115.22998046875,1060.260009765625,54.970001220703125,82.20626068115234,6741.7001953125,5500.5400390625,5484.79931640625,32.91061782836914,10.416159629821777,10.330851554870605,40.97529983520508,11.058136940002441,0.037434935569763184,0,0.0012051250087097287,0,1241.16015625,15.74072265625
352,15,0,1,Day,,45.3346061706543,44.6653938293457,270.64923095703125,168.50999450683594,166.748291015625,2.5060999393463135,0.9895454049110413,38.24999237060547,6.280099868774414,=NA(),0.9973497986793518,1.421241044998169,1.4163999557495117,0.34380000829696655,0.08399999886751175,=NA(),20,1013.25,-45.33277130126953,0.46173882484436035,171.95999145507812,142.35000610351562,29.615001678466797,45.13811492919922,923.9600219726562,856.6699829101562,852.2792358398438,36.345542907714844,1.4653236865997314,1.3832341432571411,42.0153694152832,1.5691322088241577,0.0048828125,0,0.0006266874843277037,0,67.2900390625,4.3907470703125
352,16,0,1,Day,,57.56851577758789,32.43148422241211,262.5821533203125,5.098499774932861,5.098499774932861,0,1,34.279991149902344,4.590000152587891,=NA(),1,1.8606587648391724,1.4163999557495117,0.34380000829696655,0.08399999886751175,=NA(),20,1013.25,-57.35017013549805,6.255866050720215,4.824999809265137,3.5949997901916504,1.2300000190734863,34.485008239746094,18.119998931884766,17.40999984741211,16.9913272857666,31.262563705444336,0.03394419699907303,0.030286196619272232,36.58642578125,0.04321672022342682,0.00012468750355765224,0,0.000026437499400344677,0,0.7099990844726562,0.4186725616455078
352,17,0,1,Day,,69.58534240722656,20.41465950012207,255.11795043945312,9.806400299072266,9.803540229797363,0.008200000040233135,0.999708354473114,28.100000381469727,3.829900026321411,=NA(),0.9999890923500061,2.8482165336608887,1.4163999557495117,0.34380000829696655,0.08399999886751175,=NA(),20,1013.25,-39.833343505859375,32.00038146972656,9.805000305175781,8.200000762939453,1.6099998950958252,28.508752822875977,43.709999084472656,43.02000045776367,41.4495964050293,34.171546936035156,0.07579685747623444,0.0709838941693306,39.063316345214844,0.09123643487691879,0.00028331251814961433,0,0.000036375000490807,0,0.6899986267089844,1.570404052734375
352,18,0,1,Day,,81.15296173095703,8.847041130065918,247.49761962890625,59.599998474121094,59.26158142089844,2.2004001140594482,0.994321882724762,26.6400089263916,4.840099811553955,=NA(),0.9955687522888184,6.256939888000488,1.4163999557495117,0.34380000829696655,0.08399999886751175,=NA(),20,1013.25,-14.259878158569336,68.04258728027344,69.67999267578125,63.87000274658203,5.804999828338623,29.38811683654785,370.9700012207031,364.1499938964844,363.34490966796875,37.124290466308594,0.611705482006073,0.6006787419319153,42.6143684387207,0.6553713083267212,0.0021715001203119755,0,0.00013368749932851642,0,6.82000732421875,0.805084228515625
352,19,0,1,Night,Sun above horizon but GHI below 1,88.38568115234375,1.614316463470459,242.0126190185547,0,0,0,0,24.350000381469727,6.420000076293945,=NA(),0,21.692689895629883,1.4163999557495117,0.34380000829696655,0.08399999886751175,=NA(),20,1013.25,0,0,0,0,0,24.350000381469727,0,0,0,0,0,0,0,0,0,0,0,0,0,0
352,20,0,1,Night,,102.26677703857422,-12.266775131225586,229.61648559570312,0,0,0,0,23.339990615844727,7.579899787902832,=NA(),0,64.81599426269531,1.4163999557495117,0.34380000829696655,0.08399999886751175,=NA(),20,1013.25,0,0,0,0,0,23.339990615844727,0,0,0,0,0,0,0,0,0,0,0,0,0,0
352,21,0,1,Night,,110.7764663696289,-20.776464462280273,218.3531951904297,0,0,0,0,22.399988174438477,7.699999809265137,=NA(),0,64.81599426269531,1.4163999557495117,0.34380000829696655,0.08399999886751175,=NA(),20,1013.25,0,0,0,0,0,22.399988174438477,0,0,0,0,0,0,0,0,0,0,0,0,0,0
352,22,0,1,Night,,117.23277282714844,-27.232769012451172,205.0511016845703,0,0,0,0,22.82000160217285,6.7600998878479,=NA(),0,64.81599426269531,1.4163999557495117,0.34380000829696655,0.08399999886751175,=NA(),20,1013.25,0,0,0,0,0,22.82000160217285,0,0,0,0,0,0,0,0,0,0,0,0,0,0
352,23,0,1,Night,,120.9271469116211,-30.927146911621094,189.88035583496094,0,0,0,0,21.860010147094727,5.909900188446045,=NA(),0,64.81599426269531,1.4163999557495117,0.34380000829696655,0.08399999886751175,=NA(),20,1013.25,0,0,0,0,0,21.860010147094727,0,0,0,0,0,0,0,0,0,0,0,0,0,0
353,0,0,1,Night,,121.32276153564453,-31.32276153564453,173.80929565429688,0,0,0,0,23.149988174438477,5.419899940490723,=NA(),0,64.81599426269531,1.4163999557495117,0.34380000829696655,0.08399999886751175,=NA(),20,1013.25,0,0,0,0,0,23.149988174438477,0,0,0,0,0,0,0,0,0,0,0,0,0,0
353,1,0,1,Night,,118.35530853271484,-28.355304718017578,158.31570434570312,0,0,0,0,22.5200138092041,4.779900074005127,=NA(),0,64.81599426269531,1.4163999557495117,0.34380000829696655,0.08399999886751175,=NA(),20,1013.25,0,0,0,0,0,22.5200138092041,0,0,0,0,0,0,0,0,0,0,0,0,0,0
353,2,0,1,Night,,112.47477722167969,-22.474781036376953,144.54119873046875,0,0,0,0,22.029993057250977,4.530099868774414,=NA(),0,64.81599426269531,1.4163999557495117,0.34380000829696655,0.08399999886751175,=NA(),20,1013.25,0,0,0,0,0,22.029993057250977,0,0,0,0,0,0,0,0,0,0,0,0,0,0
353,3,0,1,Night,,104.37760162353516,-14.37759780883789,132.8256378173828,0,0,0,0,22.240015029907227,5.339900016784668,=NA(),0,64.81599426269531,1.4163999557495117,0.34380000829696655,0.08399999886751175,=NA(),20,1013.25,0,0,0,0,0,22.240015029907227,0,0,0,0,0,0,0,0,0,0,0,0,0,0
353,4,0,1,Night,Sun below height limit of 1 degrees.,89.49043273925781,0.5095670819282532,118.98454284667969,0,0,0,0,21.219995498657227,6.559999942779541,=NA(),0,31.247068405151367,1.4163999557495117,0.34380000829696655,0.08399999886751175,=NA(),20,1013.25,0,0,0,0,0,21.219995498657227,0,0,0,0,0,0,0,0,0,0,0,0,0,0
353,5,0,1,Day,,83.71692657470703,6.283071994781494,114.35667419433594,147.6999969482422,134.20596313476562,123.30000305175781,0.9086388945579529,21.659997940063477,7.699999809265137,=NA(),0.6906530857086182,8.498529434204102,1.4163999557495117,0.34380000829696655,0.08399999886751175,=NA(),20,1013.25,10.069320678710938,74.56908416748047,268.92498779296875,262.20501708984375,6.724999904632568,32.618125915527344,1216.6300048828125,1182.5,1174.8548583984375,38.54103088378906,1.9052319526672363,1.875815987586975,44.227508544921875,2.0330238342285156,0.007031499873846769,0,0.00015700000221841037,0,34.1300048828125,7.6451416015625
353,6,0,1,Day,,72.30462646484375,17.695371627807617,106.62113189697266,62.099998474121094,61.85592269897461,0.8029999732971191,0.996069610118866,22.899988174438477,10.239999771118164,=NA(),0.998870313167572,3.2603886127471924,1.4163999557495117,0.34380000829696655,0.08399999886751175,=NA(),20,1013.25,31.76390838623047,42.354591369628906,64.125,55.59000015258789,8.529999732971191,25.433130264282227,338.80999755859375,337.57000732421875,336.22564697265625,37.65987014770508,0.5579662919044495,0.532564103603363,43.02226638793945,0.6001463532447815,0.0019267499446868896,0,0.000188749996596016,0,1.239990234375,1.3443603515625
353,7,0,1,Day,,60.367958068847656,29.632041931152344,99.17987060546875,73.60600280761719,73.25605010986328,0.7077999711036682,0.9952455759048462,21.110010147094727,12.569999694824219,=NA(),0.999171793460846,2.017102003097534,1.4163999557495117,0.34380000829696655,0.08399999886751175,=NA(),20,1013.25,60,7.971060276031494,69.68000030517578,50.89500045776367,18.78499984741211,23.93999671936035,349.6000061035156,350.260009765625,334.1950988769531,38.91504669189453,0.5367363095283508,0.47608333826065063,43.280330657958984,0.6049765348434448,0.001780875027179718,0,0.0003984374925494194,0,-0.660003662109375,16.064910888671875
353,8,0,1,Day,,48.1646728515625,41.8353271484375,91.34835052490234,46.492000579833984,46.3619384765625,0.19499999284744263,0.997202455997467,22.969995498657227,13.119999885559082,=NA(),0.9997909665107727,1.4976187944412231,1.4163999557495117,0.34380000829696655,0.08399999886751175,=NA(),20,1013.25,48.15678405761719,1.00456702709198,45.38999938964844,36.150001525878906,9.235000610351562,24.810632705688477,223.88999938964844,223.6199951171875,216.36917114257812,37.829856872558594,0.3574364185333252,0.32236558198928833,42.4036750793457,0.40276581048965454,0.001233499962836504,0,0.00019743750453926623,0,0.2700042724609375,7.250823974609375
353,9,0,1,Day,,35.926918029785156,54.073081970214844,81.9017333984375,122.4000015258789,121.42391204833984,1.205399990081787,0.9920254349708557,21.980005264282227,12.880000114440918,=NA(),0.9987685680389404,1.2342844009399414,1.4163999557495117,0.34380000829696655,0.08399999886751175,=NA(),20,1013.25,35.65451431274414,4.741289138793945,125.84500122070312,108.125,17.724998474121094,26.948755264282227,672.8200073242188,666.7899780273438,663.9354858398438,38.50592803955078,1.0775682926177979,1.0263454914093018,43.97921371459961,1.151625633239746,0.0036937501281499863,0,0.00037125000380910933,0,6.030029296875,2.8544921875
353,10,0,1,Day,,24.079395294189453,65.92060089111328,67.66167449951172,72.19999694824219,71.83599090576172,0.3986999988555908,0.9949583411216736,21.93999671936035,12.729999542236328,=NA(),0.9996033906936646,1.095029354095459,1.4163999557495117,0.34380000829696655,0.08399999886751175,=NA(),20,1013.25,22.45792579650879,8.920937538146973,76.6050033569336,68.35499572753906,8.25,24.9943790435791,403.04998779296875,402.2799987792969,392.1092224121094,38.648475646972656,0.6341130137443542,0.6053603291511536,43.380271911621094,0.6989150643348694,0.0023200623691082,0,0.0001743749890010804,0,0.769989013671875,10.1707763671875
353,11,0,1,Day,,14.165777206420898,75.83422088623047,37.2596549987793,211.88999938964844,209.0836181640625,2.894399881362915,0.9867554903030396,21.600000381469727,11.609999656677246,=NA(),0.9971566796302795,1.0312187671661377,1.4163999557495117,0.34380000829696655,0.08399999886751175,=NA(),20,1013.25,8.688279151916504,11.231827735900879,230.76998901367188,210.4949951171875,20.274999618530273,30.847497940063477,1279.010009765625,1250.9599609375,1184.244384765625,40.0472297668457,1.8484030961990356,1.780100703239441,44.55382537841797,2.067901611328125,0.007095812354236841,0,0.0004395624855533242,0,28.050048828125,66.715576171875
353,12,0,1,Day,,12.647173881530762,77.35282897949219,335.400390625,90.99199676513672,90.51154327392578,0.49239999055862427,0.9947198033332825,21.589990615844727,10.25,=NA(),0.9995169043540955,1.0247383117675781,1.4163999557495117,0.34380000829696655,0.08399999886751175,=NA(),20,1013.25,-5.336415767669678,11.482864379882812,99.41500091552734,90.72000122070312,8.694999694824219,25.498132705688477,529.6699829101562,527.6400146484375,526.4549560546875,38.24235153198242,0.8603965044021606,0.8532245755195618,43.7747917175293,0.9169106483459473,0.0030491873621940613,0,0.00018556250142864883,0,2.02996826171875,1.18505859375
353,13,0,1,Day,,21.409021377563477,68.59098052978516,297.3437194824219,117.30999755859375,116.37676239013672,1.0024000406265259,0.9920446872711182,21.70000648498535,8.98009967803955,=NA(),0.999006986618042,1.0738788843154907,1.4163999557495117,0.34380000829696655,0.08399999886751175,=NA(),20,1013.25,-19.2016658782959,9.652095794677734,125.65499877929688,113.00999450683594,12.645000457763672,26.7075138092041,678.8900146484375,673.4199829101562,650.1389770507812,39.41898727416992,1.0309226512908936,0.9993698596954346,44.02816390991211,1.1384010314941406,0.003830312518402934,0,0.0002694374998100102,0,5.47003173828125,23.281005859375
353,14,0,1,Day,,33.025390625,56.974609375,280.8604736328125,211.88999938964844,209.0450439453125,3.393199920654297,0.9865734577178955,23.43999671936035,7.79010009765625,=NA(),0.9965609312057495,1.1921849250793457,1.4163999557495117,0.34380000829696655,0.08399999886751175,=NA(),20,1013.25,-32.553951263427734,5.894092559814453,222.0050048828125,194.27999877929688,27.725000381469727,32.20561981201172,1225.4200439453125,1192.7099609375,1177.90185546875,38.87896728515625,1.8935052156448364,1.8117045164108276,44.29586410522461,2.0356099605560303,0.006645437330007553,0,0.0005853124894201756,0,32.7100830078125,14.80810546875
353,15,0,1,Day,,45.222923278808594,44.777076721191406,270.6921081542969,219.89999389648438,216.7272491455078,4.504499912261963,0.9855718612670898,22.43999671936035,6.670100212097168,=NA(),0.9952396750450134,1.4184554815292358,1.4163999557495117,0.34380000829696655,0.08399999886751175,=NA(),20,1013.25,-45.2208366394043,0.4912954568862915,228.20001220703125,190.82000732421875,37.37999725341797,31.4525089263916,1246.3299560546875,1216.260009765625,1209.8599853515625,38.738624572753906,1.9517168998718262,1.8479031324386597,44.42654037475586,2.0803444385528564,0.006558500230312347,0,0.0007914375164546072,0,30.0699462890625,6.4000244140625
353,16,0,1,Day,,57.45743179321289,32.54256820678711,262.6207275390625,152.10000610351562,150.65110778808594,2.69350004196167,0.9904740452766418,23.20000648498535,6.219900131225586,=NA(),0.9969308376312256,1.8550361394882202,1.4163999557495117,0.34380000829696655,0.08399999886751175,=NA(),20,1013.25,-57.240966796875,6.215676307678223,154.14498901367188,119.94999694824219,34.19499969482422,29.384363174438477,822.3399658203125,807.9500122070312,783.222900390625,39.17169189453125,1.2497529983520508,1.119238018989563,43.98268508911133,1.3713409900665283,0.004190375097095966,0,0.0007359375013038516,0,14.38995361328125,24.72711181640625
353,17,0,1,Day,,69.47603607177734,20.52396583557129,255.15838623046875,94.8010025024414,94.2047348022461,1.700700044631958,0.9937103390693665,20.899988174438477,5.0100998878479,=NA(),0.9977465867996216,2.8339226245880127,1.4163999557495117,0.34380000829696655,0.08399999886751175,=NA(),20,1013.25,-40.23488998413086,31.52744483947754,100.22000122070312,85.14999389648438,15.070000648498535,24.904993057250977,539,538.0900268554688,516.3941650390625,39.44142150878906,0.8183912634849548,0.7540436387062073,43.8841552734375,0.9135763049125671,0.002947000088170171,0,0.0003418124979361892,0,0.90997314453125,21.69586181640625
353,18,0,1,Day,,81.04688262939453,8.953113555908203,247.5438690185547,62.39400100708008,61.97502517700195,2.692199945449829,0.9932850003242493,21.399988174438477,2.639899969100952,=NA(),0.9946182370185852,6.188836097717285,1.4163999557495117,0.34380000829696655,0.08399999886751175,=NA(),20,1013.25,-14.440343856811523,67.76760864257812,73.5,67.45999908447266,6.045000076293945,24.284997940063477,392.7200012207031,392.9700012207031,391.9883728027344,37.98577117919922,0.6449621319770813,0.6329518556594849,43.43778991699219,0.690013587474823,0.0022943124640733004,0,0.00013887500972487032,0,-0.25,0.98162841796875
353,19,0,1,Night,Sun above horizon but GHI below 1,88.32666778564453,1.6733293533325195,242.02963256835938,0,0,0,0,18.2499942779541,2.220099925994873,=NA(),0,21.319673538208008,1.4163999557495117,0.34380000829696655,0.08399999886751175,=NA(),20,1013.25,0,0,0,0,0,18.2499942779541,0,0,0,0,0,0,0,0,0,0,0,0,0,0
353,20,0,1,Night,,102.17646026611328,-12.17646312713623,229.68626403808594,0,0,0,0,16.219995498657227,2.5,=NA(),0,64.81599426269531,1.4163999557495117,0.34380000829696655,0.08399999886751175,=NA(),20,1013.25,0,0,0,0,0,16.219995498657227,0,0,0,0,0,0,0,0,0,0,0,0,0,0
353,21,0,1,Night,,110.69722747802734,-20.697227478027344,218.44114685058594,0,0,0,0,18.300012588500977,3,=NA(),0,64.81599426269531,1.4163999557495117,0.34380000829696655,0.08399999886751175,=NA(),20,1013.25,0,0,0,0,0,18.300012588500977,0,0,0,0,0,0,0,0,0,0,0,0,0,0
353,22,0,1,Night,,117.17156982421875,-27.171571731567383,205.15969848632812,0,0,0,0,17.360010147094727,3.319999933242798,=NA(),0,64.81599426269531,1.4163999557495117,0.34380000829696655,0.08399999886751175,=NA(),20,1013.25,0,0,0,0,0,17.360010147094727,0,0,0,0,0,0,0,0,0,0,0,0,0,0
353,23,0,1,Night,,120.89034271240234,-30.89034080505371,190.0066375732422,0,0,0,0,14.860010147094727,3.279900074005127,=NA(),0,64.81599426269531,1.4163999557495117,0.34380000829696655,0.08399999886751175,=NA(),20,1013.25,0,0,0,0,0,14.860010147094727,0,0,0,0,0,0,0,0,0,0,0,0,0,0
354,0,0,1,Night,,121.31444549560547,-31.3144474029541,173.94302368164062,0,0,0,0,13.619989395141602,2.890000104904175,=NA(),0,64.81599426269531,1.4163999557495117,0.34380000829696655,0.08399999886751175,=NA(),20,1013.25,0,0,0,0,0,13.619989395141602,0,0,0,0,0,0,0,0,0,0,0,0,0,0
354,1,0,1,Night,,118.37464904785156,-28.374645233154297,158.44419860839844,0,0,0,0,14.170007705688477,2.4798998832702637,=NA(),0,64.81599426269531,1.4163999557495117,0.34380000829696655,0.08399999886751175,=NA(),20,1013.25,0,0,0,0,0,14.170007705688477,0,0,0,0,0,0,0,0,0,0,0,0,0,0
354,2,0,1,Night,,112.51771545410156,-22.517717361450195,144.65664672851562,0,0,0,0,12.770013809204102,2.220099925994873,=NA(),0,64.81599426269531,1.4163999557495117,0.34380000829696655,0.08399999886751175,=NA(),20,1013.25,0,0,0,0,0,12.770013809204102,0,0,0,0,0,0,0,0,0,0,0,0,0,0
354,3,0,1,Night,,104.43905639648438,-14.439059257507324,132.92669677734375,0,0,0,0,11.339990615844727,2.089900016784668,=NA(),0,64.81599426269531,1.4163999557495117,0.34380000829696655,0.08399999886751175,=NA(),20,1013.25,0,0,0,0,0,11.339990615844727,0,0,0,0,0,0,0,0,0,0,0,0,0,0
354,4,0,1,Night,Sun below height limit of 1 degrees.,89.51346588134766,0.48653510212898254,119.04580688476562,0,0,0,0,10.740015029907227,1.910099983215332,=NA(),0,31.512001037597656,1.4163999557495117,0.34380000829696655,0.08399999886751175,=NA(),20,1013.25,0,0,0,0,0,10.740015029907227,0,0,0,0,0,0,0,0,0,0,0,0,0,0
354,5,0,1,Day,,83.79196166992188,6.208040714263916,114.43795013427734,108.4000015258789,99.05679321289062,86.4000015258789,0.9138080477714539,11.830011367797852,2.2499001026153564,=NA(),0.7814992666244507,8.587477684020996,1.4163999557495117,0.34380000829696655,0.08399999886751175,=NA(),20,1013.25,9.950854301452637,74.75711059570312,178.04000854492188,171.66500854492188,6.369999885559082,19.01189613342285,820.8300170898438,836.4000244140625,828.6917724609375,40.12537384033203,1.290806531906128,1.2668434381484985,45.41531753540039,1.3845975399017334,0.004773687571287155,0,0.00014818749332334846,0,-15.57000732421875,7.708251953125
354,6,0,1,Day,,72.39028930664062,17.60971450805664,106.69889831542969,322.80999755859375,242.33358764648438,266.010009765625,0.7507003545761108,15.520013809204102,2.7701001167297363,=NA(),0.6250477433204651,3.275419235229492,1.4163999557495117,0.34380000829696655,0.08399999886751175,=NA(),20,1013.25,31.552095413208008,42.648319244384766,582.0050048828125,562.1650390625,19.84000015258789,37.77312469482422,3557.10009765625,3404.239990234375,3407.386962890625,38.55640411376953,5.5234150886535645,5.4531378746032715,45.459388732910156,5.822970867156982,0.019960999488830566,0,0.00045087499893270433,0,152.860107421875,-3.14697265625
354,7,0,1,Day,,60.4586181640625,29.541379928588867,99.25941467285156,554.2899780273438,326.10552978515625,462.79998779296875,0.5883302092552185,17.670007705688477,2.75,=NA(),0.4580850899219513,2.0226900577545166,1.4163999557495117,0.34380000829696655,0.08399999886751175,=NA(),20,1013.25,60,8.048223495483398,907.989990234375,848.7650146484375,59.224998474121094,53.209373474121094,5555.91015625,5048.580078125,5002.361328125,37.13313293457031,8.420001983642578,8.211846351623535,44.30379867553711,8.945369720458984,0.030529750511050224,0,0.001258875010535121,0,507.330078125,46.21875
354,8,0,1,Day,,48.25731658935547,41.74268341064453,91.43773651123047,769.4099731445312,341.6355285644531,642.510009765625,0.4440227448940277,19.33001136779785,2.639899969100952,=NA(),0.3111056387424469,1.500320553779602,1.4163999557495117,0.34380000829696655,0.08399999886751175,=NA(),20,1013.25,48.248355865478516,1.0727064609527588,1085.9849853515625,1030.419921875,55.56999969482422,62.006248474121094,6605.33984375,5819.52001953125,5790.916015625,35.71331024169922,10.13477611541748,9.940630912780762,43.52154541015625,10.716320037841797,0.036651499569416046,0,0.001196000026538968,0,785.81982421875,28.60400390625
354,9,0,1,Day,,36.0186767578125,53.9813232421875,82.01760864257812,940.9000244140625,305.40594482421875,785.7000122070312,0.32458916306495667,20.659997940063477,2.809999942779541,=NA(),0.19723239541053772,1.2357165813446045,1.4163999557495117,0.34380000829696655,0.08399999886751175,=NA(),20,1013.25,35.75374984741211,4.684078693389893,1179.2099609375,1123.18505859375,56.025001525878906,66.97188568115234,7095.7900390625,6139.89990234375,6141.07958984375,34.765743255615234,11.040105819702148,11.016679763793945,43.03407287597656,11.698648452758789,0.03947893902659416,0,0.00122487498447299,0,955.89013671875,-1.1796875
354,10,0,1,Day,,24.16326332092285,65.83673858642578,67.85157012939453,1055.5,251.4262237548828,881.2899780273438,0.23820580542087555,21.6199893951416,3.2100000381469727,=NA(),0.12334319949150085,1.0957459211349487,1.4163999557495117,0.34380000829696655,0.08399999886751175,=NA(),20,1013.25,22.564929962158203,8.877561569213867,1205.5150146484375,1136.739990234375,68.77499389648438,69.6006088256836,7225.10009765625,6191.06005859375,6128.34375,34.935848236083984,10.963829040527344,10.818800926208496,42.735103607177734,11.624358177185059,0.03999093919992447,0,0.0014712499687448144,0,1034.0400390625,62.71630859375
354,11,0,1,Day,,14.213337898254395,75.78665924072266,37.683433532714844,1105.199951171875,210.63880920410156,922.8099975585938,0.19058887660503387,22.540002822875977,3.7499001026153564,=NA(),0.09356901794672012,1.0314346551895142,1.4163999557495117,0.34380000829696655,0.08399999886751175,=NA(),20,1013.25,8.80142593383789,11.204707145690918,1198.344970703125,1118.18994140625,80.15499877929688,70.8962631225586,7163.47998046875,6108.169921875,5885.23974609375,35.54478073120117,10.349355697631836,9.978547096252441,42.55014419555664,11.242117881774902,0.03938693925738335,0,0.0017180000431835651,0,1055.31005859375,222.93017578125
354,12,0,1,Day,,12.590587615966797,77.40941619873047,335.8544616699219,1103.4000244140625,204.25491333007812,921.2999877929688,0.18511411547660828,24.08001136779785,4.190000057220459,=NA(),0.09629493951797485,1.0245122909545898,1.4163999557495117,0.34380000829696655,0.08399999886751175,=NA(),20,1013.25,-5.2202911376953125,11.473311424255371,1188.385009765625,1107.9549560546875,80.43000030517578,71.06563568115234,7075.080078125,6028.7802734375,6028.298828125,34.2376823425293,11.004505157470703,10.960448265075684,42.50541687011719,11.660841941833496,0.038854438811540604,0,0.0017284374916926026,0,1046.2998046875,0.4814453125
354,13,0,1,Day,,21.309898376464844,68.69010162353516,297.4989929199219,1045.9000244140625,232.02943420410156,873.5999755859375,0.22184666991233826,25.20000648498535,4.479899883270264,=NA(),0.13481955230236053,1.0731539726257324,1.4163999557495117,0.34380000829696655,0.08399999886751175,=NA(),20,1013.25,-19.0861759185791,9.659890174865723,1173.9599609375,1103.510009765625,70.44499969482422,72.1787338256836,7048.080078125,5980.33984375,5880.64697265625,34.86334228515625,10.543291091918945,10.2395601272583,42.353721618652344,11.270990371704102,0.0389089360833168,0,0.0015185624361038208,0,1067.740234375,99.69287109375
354,14,0,1,Day,,32.918949127197266,57.081050872802734,280.9358215332031,914.2000122070312,276.561279296875,759.5999755859375,0.30251726508140564,26.209985733032227,4.549900054931641,=NA(),0.23046228289604187,1.1907522678375244,1.4163999557495117,0.34380000829696655,0.08399999886751175,=NA(),20,1013.25,-32.441741943359375,5.91758918762207,1115.0350341796875,1059.9150390625,55.12000274658203,70.30748748779297,6741.58984375,5760.06005859375,5736.7978515625,34.539756774902344,10.380927085876465,10.269235610961914,42.50148010253906,10.98641586303711,0.03743112459778786,0,0.0012084374902769923,0,981.52978515625,23.26220703125
354,15,0,1,Day,,45.11543273925781,44.88456726074219,270.7451171875,734.0900268554688,317.1103210449219,590.8900146484375,0.43197742104530334,26.790002822875977,4.409999847412109,=NA(),0.37594565749168396,1.4157898426055908,1.4163999557495117,0.34380000829696655,0.08399999886751175,=NA(),20,1013.25,-45.113014221191406,0.5279322266578674,997.594970703125,946.3499755859375,51.24500274658203,65.89311981201172,6027.2099609375,5233.009765625,5235.4931640625,34.933712005615234,9.366866111755371,9.298761367797852,42.838172912597656,9.924370765686035,0.03339099884033203,0,0.0011093125212937593,0,794.2001953125,-2.4833984375
354,16,0,1,Day,,57.35079574584961,32.64920425415039,262.667724609375,519.989990234375,315.5271301269531,378.989990234375,0.6067945957183838,26.83001136779785,4.010000228881836,=NA(),0.5686003565788269,1.849677324295044,1.4163999557495117,0.34380000829696655,0.08399999886751175,=NA(),20,1013.25,-57.1367301940918,6.168760776519775,799.324951171875,746.6900024414062,52.63500213623047,58.058738708496094,4903.72021484375,4377.2900390625,4362.06396484375,36.14556121826172,7.542784214019775,7.397021293640137,43.434906005859375,7.970346927642822,0.026898499578237534,0,0.00115687504876405,0,526.43017578125,15.22607421875
354,17,0,1,Day,,69.3720703125,20.627925872802734,255.2061767578125,284.30999755859375,234.1744842529297,142.30999755859375,0.8236590027809143,26.240015029907227,2.530100107192993,=NA(),0.8118363618850708,2.820467710494995,1.4163999557495117,0.34380000829696655,0.08399999886751175,=NA(),20,1013.25,-40.62103271484375,31.07195281982422,475.6549987792969,450.5,25.155000686645508,44.84874725341797,2825.97998046875,2637.68994140625,2617.3466796875,37.8568115234375,4.321302890777588,4.215671539306641,44.10868835449219,4.5982537269592285,0.015690749511122704,0,0.0005923124845139682,0,188.2900390625,20.34326171875
354,18,0,1,Day,,80.94773864746094,9.052265167236328,247.5968475341797,69.09400177001953,68.4189682006836,4.29040002822876,0.9902302026748657,25.240015029907227,2.460099935531616,=NA(),0.9914814233779907,6.126476764678955,1.4163999557495117,0.34380000829696655,0.08399999886751175,=NA(),20,1013.25,-14.608345031738281,67.5101547241211,86.16500091552734,79.83000183105469,6.335000038146973,28.625635147094727,462.4599914550781,455.3800048828125,454.72381591796875,37.53483581542969,0.7571707367897034,0.745233416557312,43.101951599121094,0.8077412247657776,0.002696499926969409,0,0.000145875004818663,0,7.079986572265625,0.65618896484375
354,19,0,1,Night,Sun above horizon but GHI below 1,88.29460144042969,1.7053954601287842,242.04127502441406,0,0,0,0,20.490015029907227,2.2799999713897705,=NA(),0,21.121543884277344,1.4163999557495117,0.34380000829696655,0.08399999886751175,=NA(),20,1013.25,0,0,0,0,0,20.490015029907227,0,0,0,0,0,0,0,0,0,0,0,0,0,0
354,20,0,1,Night,,102.08999633789062,-12.089998245239258,229.7616729736328,0,0,0,0,15.659997940063477,1.820099949836731,=NA(),0,64.81599426269531,1.4163999557495117,0.34380000829696655,0.08399999886751175,=NA(),20,1013.25,0,0,0,0,0,15.659997940063477,0,0,0,0,0,0,0,0,0,0,0,0,0,0
354,21,0,1,Night,,110.624267578125,-20.624263763427734,218.53395080566406,0,0,0,0,13.369989395141602,1.2099000215530396,=NA(),0,64.81599426269531,1.4163999557495117,0.34380000829696655,0.08399999886751175,=NA(),20,1013.25,0,0,0,0,0,13.369989395141602,0,0,0,0,0,0,0,0,0,0,0,0,0,0
354,22,0,1,Night,,117.11723327636719,-27.117231369018555,205.27188110351562,0,0,0,0,12.610010147094727,0.7001000046730042,=NA(),0,64.81599426269531,1.4163999557495117,0.34380000829696655,0.08399999886751175,=NA(),20,1013.25,0,0,0,0,0,12.610010147094727,0,0,0,0,0,0,0,0,0,0,0,0,0,0
354,23,0,1,Night,,120.86056518554688,-30.860567092895508,190.1346893310547,0,0,0,0,12.240015029907227,0.6301000118255615,=NA(),0,64.81599426269531,1.4163999557495117,0.34380000829696655,0.08399999886751175,=NA(),20,1013.25,0,0,0,0,0,12.240015029907227,0,0,0,0,0,0,0,0,0,0,0,0,0,0
355,0,0,1,Night,,121.31306457519531,-31.313068389892578,174.0763397216797,0,0,0,0,11.200006484985352,0.8798999786376953,=NA(),0,64.81599426269531,1.4163999557495117,0.34380000829696655,0.08399999886751175,=NA(),20,1013.25,0,0,0,0,0,11.200006484985352,0,0,0,0,0,0,0,0,0,0,0,0,0,0
355,1,0,1,Night,,118.40080261230469,-28.400806427001953,158.57028198242188,0,0,0,0,10.510004043579102,1.149999976158142,=NA(),0,64.81599426269531,1.4163999557495117,0.34380000829696655,0.08399999886751175,=NA(),20,1013.25,0,0,0,0,0,10.510004043579102,0,0,0,0,0,0,0,0,0,0,0,0,0,0
355,2,0,1,Night,,112.56652069091797,-22.56652069091797,144.76820373535156,0,0,0,0,9.849786758422852,1.350100040435791,=NA(),0,64.81599426269531,1.4163999557495117,0.34380000829696655,0.08399999886751175,=NA(),20,1013.25,0,0,0,0,0,9.850000381469727,0,0,0,0,0,0,0,0,0,0,0,0,0,0
355,3,0,1,Night,,104.50474548339844,-14.504745483398438,133.02291870117188,0,0,0,0,9.200311660766602,1.4600000381469727,=NA(),0,64.81599426269531,1.4163999557495117,0.34380000829696655,0.08399999886751175,=NA(),20,1013.25,0,0,0,0,0,9.200006484985352,0,0,0,0,0,0,0,0,0,0,0,0,0,0
355,4,0,1,Night,Sun below height limit of 1 degrees.,89.54874420166016,0.4512536823749542,119.09645080566406,0,0,0,0,8.500299453735352,1.4700000286102295,=NA(),0,31.924272537231445,1.4163999557495117,0.34380000829696655,0.08399999886751175,=NA(),20,1013.25,0,0,0,0,0,8.499994277954102,0,0,0,0,0,0,0,0,0,0,0,0,0,0
355,5,0,1,Day,,83.87586975097656,6.124130725860596,114.51311492919922,119.80999755859375,109.14171600341797,100,0.9109566807746887,11.080011367797852,1.6399999856948853,=NA(),0.7448005080223083,8.68908977508545,1.4163999557495117,0.34380000829696655,0.08399999886751175,=NA(),20,1013.25,9.817131996154785,74.96724700927734,204.01998901367188,197.52499389648438,6.494999885559082,19.33562660217285,926.97998046875,943.3300170898438,934.1610107421875,40.255001068115234,1.4504094123840332,1.4235156774520874,45.5746955871582,1.5550123453140259,0.005381062626838684,0,0.00015087499923538417,0,-16.35003662109375,9.16900634765625
355,6,0,1,Day,,72.48141479492188,17.518587112426758,106.76984405517578,322.5899963378906,242.37246704101562,266.489990234375,0.7513328790664673,14.770013809204102,0.6800000071525574,=NA(),0.6235944032669067,3.2915689945220947,1.4163999557495117,0.34380000829696655,0.08399999886751175,=NA(),20,1013.25,31.32577133178711,42.95918273925781,582.010009765625,562.3099975585938,19.700000762939453,37.021263122558594,3555.169921875,3411.0400390625,3413.7177734375,38.665283203125,5.5180983543396,5.445069789886475,45.55674362182617,5.816168308258057,0.019952062517404556,0,0.0004487500118557364,0,144.1298828125,-2.677734375
355,7,0,1,Day,,60.55376052856445,29.44624137878418,99.33119201660156,551.2100219726562,324.869384765625,460.4100036621094,0.5893749594688416,18.92998695373535,1.5999000072479248,=NA(),0.46044859290122986,2.028592586517334,1.4163999557495117,0.34380000829696655,0.08399999886751175,=NA(),20,1013.25,60,8.120133399963379,904.125,845.0899658203125,59.03499984741211,54.365013122558594,5531.10009765625,5005.47998046875,4957.1015625,36.99701690673828,8.374532699584961,8.163371086120605,44.146728515625,8.902888298034668,0.030389312654733658,0,0.001256687450222671,0,525.6201171875,48.37841796875
355,8,0,1,Day,,48.35432434082031,41.64567565917969,91.51786041259766,760.0900268554688,338.324462890625,634.6900024414062,0.4451110363006592,23.7600040435791,2.079900026321411,=NA(),0.31924599409103394,1.503164291381836,1.4163999557495117,0.34380000829696655,0.08399999886751175,=NA(),20,1013.25,48.344337463378906,1.134191870689392,1073.8699951171875,1018.844970703125,55.025001525878906,66.09563446044922,6534.97998046875,5671.41015625,5642.466796875,35.17848587036133,10.025114059448242,9.828592300415039,42.97639083862305,10.611757278442383,0.036252375692129135,0,0.0011865624692291021,0,863.56982421875,28.943359375
355,9,0,1,Day,,36.1147346496582,53.8852653503418,82.12168884277344,931.9000244140625,303.321044921875,778.0999755859375,0.3254866898059845,26.300012588500977,2.440000057220459,=NA(),0.20488756895065308,1.237222671508789,1.4163999557495117,0.34380000829696655,0.08399999886751175,=NA(),20,1013.25,35.85639572143555,4.633941650390625,1169.0050048828125,1113.534912109375,55.474998474121094,72.40813446044922,7039.85986328125,5968.2099609375,5968.66796875,34.05917739868164,10.952750205993652,10.926478385925293,42.32350158691406,11.62547779083252,0.03916231170296669,0,0.001214687479659915,0,1071.64990234375,-0.4580078125
355,10,0,1,Day,,24.252138137817383,65.74786376953125,68.02513122558594,1047.5,249.9860076904297,874.7100219726562,0.2386501282453537,27.800012588500977,2.809999942779541,=NA(),0.12988506257534027,1.0965087413787842,1.4163999557495117,0.34380000829696655,0.08399999886751175,=NA(),20,1013.25,22.67426872253418,8.841621398925781,1197.1199951171875,1128.929931640625,68.19000244140625,75.64812469482422,7177.66015625,6010.3701171875,5952.078125,34.112186431884766,10.905583381652832,10.765679359436035,41.9488525390625,11.572509765625,0.03972368687391281,0,0.001460875035263598,0,1167.2900390625,58.2919921875
355,11,0,1,Day,,14.268331527709961,75.7316665649414,38.08829116821289,1096.9000244140625,209.2439422607422,915.9099731445312,0.19075936079025269,28.240015029907227,3.090100049972534,=NA(),0.10043186694383621,1.031685471534729,1.4163999557495117,0.34380000829696655,0.08399999886751175,=NA(),20,1013.25,8.915691375732422,11.185245513916016,1189.655029296875,1110.1300048828125,79.52999877929688,76.44124603271484,7116.240234375,5940.490234375,5722.77587890625,34.81410217285156,10.274906158447266,9.905523300170898,41.827667236328125,11.176274299621582,0.039120499044656754,0,0.0017081249970942736,0,1175.75,217.71435546875
355,12,0,1,Day,,12.541905403137207,77.45809173583984,336.3266906738281,1087.9000244140625,200.7863311767578,908.7999877929688,0.18456321954727173,29.9999942779541,3.26990008354187,=NA(),0.10871933400630951,1.0243186950683594,1.4163999557495117,0.34380000829696655,0.08399999886751175,=NA(),20,1013.25,-5.104300498962402,11.471475601196289,1171.489990234375,1092.195068359375,79.29000091552734,76.4699935913086,6979.14990234375,5825.009765625,5826.40087890625,33.5217399597168,10.863102912902832,10.823284149169922,41.78529357910156,11.540910720825195,0.0383133739233017,0,0.0017095624934881926,0,1154.14013671875,-1.39111328125
355,13,0,1,Day,,21.215436935424805,68.78456115722656,297.67303466796875,1027.9000244140625,228.71173095703125,857.2899780273438,0.2225038707256317,30.779993057250977,3.3301000595092773,=NA(),0.15120933949947357,1.0724670886993408,1.4163999557495117,0.34380000829696655,0.08399999886751175,=NA(),20,1013.25,-18.97199058532715,9.675288200378418,1153.1600341796875,1083.8349609375,69.32499694824219,77.07125091552734,6928.89013671875,5769.330078125,5678.88623046875,34.183780670166016,10.38394832611084,10.088342666625977,41.6918830871582,11.105013847351074,0.03823331370949745,0,0.001498562516644597,0,1159.56005859375,90.44384765625
355,14,0,1,Day,,32.81608963012695,57.18391036987305,281.0242919921875,892.5,278.2494812011719,730.8900146484375,0.311764121055603,31.490015029907227,3.2899999618530273,=NA(),0.25984853506088257,1.1893749237060547,1.4163999557495117,0.34380000829696655,0.08399999886751175,=NA(),20,1013.25,-32.3319091796875,5.94844388961792,1086.945068359375,1032.824951171875,54.12000274658203,74.61125946044922,6576.3701171875,5526.89013671875,5505.197265625,33.969215393066406,10.12914752960205,10.024418830871582,41.89820098876953,10.733807563781738,0.036490000784397125,0,0.0011891875183209777,0,1049.47998046875,21.69287109375
355,15,0,1,Day,,45.01121520996094,44.98878479003906,270.80828857421875,716.6099853515625,320.20574951171875,560.7100219726562,0.4468340575695038,32.040000915527344,3.170099973678589,=NA(),0.408179372549057,1.413219690322876,1.4163999557495117,0.34380000829696655,0.08399999886751175,=NA(),20,1013.25,-45.008365631103516,0.5716463923454285,970.0549926757812,919.280029296875,50.775001525878906,70.18999481201172,5857.52001953125,5003.669921875,5006.5029296875,34.36151885986328,9.106334686279297,9.03744125366211,42.2269172668457,9.6648530960083,0.03242162615060806,0,0.0011004374828189611,0,853.85009765625,-2.8330078125
355,16,0,1,Day,,57.247596740722656,32.752403259277344,262.72314453125,503.989990234375,316.6383056640625,346.29998779296875,0.6282630562782288,31.70000648498535,2.819999933242798,=NA(),0.6062047481536865,1.8445261716842651,1.4163999557495117,0.34380000829696655,0.08399999886751175,=NA(),20,1013.25,-57.03642272949219,6.115118026733398,767.375,715.0850219726562,52.28499984741211,61.774986267089844,4700.22998046875,4138.16015625,4124.87109375,35.616695404052734,7.238550662994385,7.094118118286133,42.87002182006836,7.6573486328125,0.025744687765836716,0,0.001150374999269843,0,562.06982421875,13.2890625
355,17,0,1,Day,,69.2716064453125,20.7283935546875,255.2613525390625,278.4100036621094,232.28829956054688,130.30999755859375,0.834338903427124,30.730005264282227,1.9901000261306763,=NA(),0.8280479311943054,2.807593822479248,1.4163999557495117,0.34380000829696655,0.08399999886751175,=NA(),20,1013.25,-40.99815368652344,30.626300811767578,456.1549987792969,430.17999267578125,25.970001220703125,48.64250946044922,2700.949951171875,2486.699951171875,2467.97314453125,37.276737213134766,4.138092994689941,4.036431789398193,43.523475646972656,4.406520366668701,0.014968312345445156,0,0.0006088750087656081,0,214.25,18.726806640625
355,18,0,1,Day,,80.8526611328125,9.14733600616455,247.65647888183594,67.9020004272461,67.29723358154297,3.8041999340057373,0.9910935163497925,29.300012588500977,2.119999885559082,=NA(),0.992495059967041,6.067832946777344,1.4163999557495117,0.34380000829696655,0.08399999886751175,=NA(),20,1013.25,-14.768773078918457,67.2629165649414,83.91999816894531,77.6199951171875,6.295000076293945,32.60625457763672,451.0400085449219,437.5199890136719,436.9269104003906,36.902645111083984,0.7399999499320984,0.7283845543861389,42.49531173706055,0.7902220487594604,0.0026309373788535595,0,0.00014487499720416963,0,13.52001953125,0.59307861328125
355,19,0,1,Night,Sun above horizon but GHI below 1,88.26014709472656,1.7398511171340942,242.0663299560547,0,0,0,0,24.4999942779541,2.220099925994873,=NA(),0,20.91204261779785,1.4163999557495117,0.34380000829696655,0.08399999886751175,=NA(),20,1013.25,0,0,0,0,0,24.4999942779541,0,0,0,0,0,0,0,0,0,0,0,0,0,0
355,20,0,1,Night,,102.0077133178711,-12.007710456848145,229.84263610839844,0,0,0,0,20.209985733032227,2.200000047683716,=NA(),0,64.81599426269531,1.4163999557495117,0.34380000829696655,0.08399999886751175,=NA(),20,1013.25,0,0,0,0,0,20.209985733032227,0,0,0,0,0,0,0,0,0,0,0,0,0,0
355,21,0,1,Night,,110.5560302734375,-20.556032180786133,218.63150024414062,0,0,0,0,18.300012588500977,2.0999999046325684,=NA(),0,64.81599426269531,1.4163999557495117,0.34380000829696655,0.08399999886751175,=NA(),20,1013.25,0,0,0,0,0,18.300012588500977,0,0,0,0,0,0,0,0,0,0,0,0,0,0
355,22,0,1,Night,,117.06878662109375,-27.06878662109375,205.3875732421875,0,0,0,0,17.040002822875977,1.929900050163269,=NA(),0,64.81599426269531,1.4163999557495117,0.34380000829696655,0.08399999886751175,=NA(),20,1013.25,0,0,0,0,0,17.040002822875977,0,0,0,0,0,0,0,0,0,0,0,0,0,0
355,23,0,1,Night,,120.83759307861328,-30.83759307861328,190.26437377929688,0,0,0,0,16.399988174438477,1.7300000190734863,=NA(),0,64.81599426269531,1.4163999557495117,0.34380000829696655,0.08399999886751175,=NA(),20,1013.25,0,0,0,0,0,16.399988174438477,0,0,0,0,0,0,0,0,0,0,0,0,0,0
356,0,0,1,Night,,121.31867980957031,-31.318681716918945,174.2091522216797,0,0,0,0,14.790002822875977,1.5999000072479248,=NA(),0,64.81599426269531,1.4163999557495117,0.34380000829696655,0.08399999886751175,=NA(),20,1013.25,0,0,0,0,0,14.790002822875977,0,0,0,0,0,0,0,0,0,0,0,0,0,0
356,1,0,1,Night,,118.43348693847656,-28.433483123779297,158.69387817382812,0,0,0,0,13.879999160766602,1.5901000499725342,=NA(),0,64.81599426269531,1.4163999557495117,0.34380000829696655,0.08399999886751175,=NA(),20,1013.25,0,0,0,0,0,13.879999160766602,0,0,0,0,0,0,0,0,0,0,0,0,0,0
356,2,0,1,Night,,112.62115478515625,-22.621152877807617,144.8757781982422,0,0,0,0,13.100000381469727,1.649999976158142,=NA(),0,64.81599426269531,1.4163999557495117,0.34380000829696655,0.08399999886751175,=NA(),20,1013.25,0,0,0,0,0,13.100000381469727,0,0,0,0,0,0,0,0,0,0,0,0,0,0
356,3,0,1,Night,,104.57530975341797,-14.575307846069336,133.1141815185547,0,0,0,0,12.149988174438477,1.5399999618530273,=NA(),0,64.81599426269531,1.4163999557495117,0.34380000829696655,0.08399999886751175,=NA(),20,1013.25,0,0,0,0,0,12.149988174438477,0,0,0,0,0,0,0,0,0,0,0,0,0,0
356,4,0,1,Night,Sun below height limit of 1 degrees.,89.58758544921875,0.41241690516471863,119.13160705566406,0.5078999996185303,0.5078344941139221,0,0.999871015548706,11.709985733032227,1.2999999523162842,=NA(),0,32.387115478515625,1.4163999557495117,0.34380000829696655,0.08399999886751175,=NA(),20,1013.25,0,0,0,0,0,11.709985733032227,0,0,0,0,0,0,0,0,0,0,0,0,0,0
356,5,0,1,Day,,83.96577453613281,6.03422737121582,114.58210754394531,106.30999755859375,97.31087493896484,85.60600280761719,0.9153501987457275,13.140008926391602,1.7000000476837158,=NA(),0.7793573141098022,8.800519943237305,1.4163999557495117,0.34380000829696655,0.08399999886751175,=NA(),20,1013.25,9.6730318069458,75.19215393066406,174.7050018310547,168.47500610351562,6.230000019073486,20.209985733032227,795.1600341796875,806.9299926757812,800.2152709960938,39.86804962158203,1.25448739528656,1.2385845184326172,45.19749450683594,1.3438928127288818,0.004630562383681536,0,0.00014362500223796815,0,-11.76995849609375,6.7147216796875
356,6,0,1,Day,,72.57747650146484,17.422523498535156,106.8339614868164,318.1000061035156,239.8326873779297,261.3999938964844,0.753953754901886,17.92998695373535,1.2200000286102295,=NA(),0.6299647092819214,3.3087730407714844,1.4163999557495117,0.34380000829696655,0.08399999886751175,=NA(),20,1013.25,31.086681365966797,43.28507995605469,572.4200439453125,552.9299926757812,19.489999771118164,39.873130798339844,3493.080078125,3319.14013671875,3321.58447265625,38.26707458496094,5.425041198730469,5.351912975311279,45.15238571166992,5.722688674926758,0.01960512436926365,0,0.0004450000124052167,0,173.93994140625,-2.4443359375
356,7,0,1,Day,,60.65311050415039,29.346891403198242,99.3951644897461,543.489990234375,321.0403137207031,453.8900146484375,0.5907014012336731,23.240015029907227,2.0099000930786133,=NA(),0.46762901544570923,2.034799337387085,1.4163999557495117,0.34380000829696655,0.08399999886751175,=NA(),20,1013.25,60,8.186854362487793,892.4650268554688,834.0599975585938,58.404998779296875,58.329368591308594,5458.91015625,4870.41015625,4823.47119140625,36.46292495727539,8.268131256103516,8.060978889465332,43.611141204833984,8.797887802124023,0.029986374080181122,0,0.0012456249678507447,0,588.5,46.93896484375
356,8,0,1,Day,,48.45511245727539,41.54488754272461,91.58868408203125,756.5900268554688,337.5760803222656,631.7999877929688,0.44618096947669983,28.550012588500977,2.949899911880493,=NA(),0.3220806121826172,1.5061347484588623,1.4163999557495117,0.34380000829696655,0.08399999886751175,=NA(),20,1013.25,48.444175720214844,1.1889618635177612,1070.074951171875,1015.2000122070312,54.87999725341797,70.8912582397461,6513.56005859375,5552.14013671875,5523.8779296875,34.53891372680664,9.996160507202148,9.796648979187012,42.35527801513672,10.592741966247559,0.03612999990582466,0,0.001185062457807362,0,961.419921875,28.26220703125
356,9,0,1,Day,,36.214599609375,53.785400390625,82.21390533447266,923.5,301.3689880371094,771.0999755859375,0.32633349299430847,29.490015029907227,3.609999895095825,=NA(),0.21191364526748657,1.2387959957122803,1.4163999557495117,0.34380000829696655,0.08399999886751175,=NA(),20,1013.25,35.961997985839844,4.590880393981934,1159.570068359375,1104.6099853515625,54.95500183105469,75.3287582397461,6988.080078125,5858.25,5858.12255859375,33.68259048461914,10.87008285522461,10.841629981994629,41.9340934753418,11.548007011413574,0.038869936019182205,0,0.0012051250087097287,0,1129.830078125,0.12744140625
356,10,0,1,Day,,24.345638275146484,65.65436553955078,68.18228912353516,961.9000244140625,247.43482971191406,784.2000122070312,0.25723549723625183,30.42998695373535,4.2399001121521,=NA(),0.21990181505680084,1.0973154306411743,1.4163999557495117,0.34380000829696655,0.08399999886751175,=NA(),20,1013.25,22.785625457763672,8.813057899475098,1099.5849609375,1036.800048828125,62.790000915527344,74.3187484741211,6616.9501953125,5567.43017578125,5512.31591796875,34.31633377075195,10.039759635925293,9.905058860778809,41.94809341430664,10.662014961242676,0.03655437380075455,0,0.001361687551252544,0,1049.52001953125,55.1142578125
356,11,0,1,Day,,14.330509185791016,75.66949462890625,38.4735107421875,1090.199951171875,208.031005859375,910.5,0.1908191293478012,30.490015029907227,4.900000095367432,=NA(),0.10581482946872711,1.0319702625274658,1.4163999557495117,0.34380000829696655,0.08399999886751175,=NA(),20,1013.25,9.030915260314941,11.173372268676758,1182.705078125,1103.699951171875,79.01499938964844,78.4856185913086,7078.31982421875,5861.89990234375,5644.3125,34.55160140991211,10.211039543151855,9.843053817749023,41.554420471191406,11.115339279174805,0.0389072485268116,0,0.0017000625375658274,0,1216.419921875,217.58740234375
356,12,0,1,Day,,12.501155853271484,77.49884033203125,336.8160095214844,853.5999755859375,351.2003173828125,514.5999755859375,0.4114343225955963,31.42998695373535,5.429900169372559,=NA(),0.49540409445762634,1.0241572856903076,1.4163999557495117,0.34380000829696655,0.08399999886751175,=NA(),20,1013.25,-4.988490581512451,11.477272987365723,920.2449951171875,856.3350219726562,63.90999984741211,67.69499969482422,5481.89013671875,4725.3798828125,4727.81103515625,34.68924331665039,8.518149375915527,8.49111557006836,42.413246154785156,9.036075592041016,0.02997531183063984,0,0.001387875061482191,0,756.51025390625,-2.43115234375
356,13,0,1,Day,,21.12563705444336,68.87435913085938,297.8658447265625,1067.9000244140625,236.12905883789062,891.7000122070312,0.2211153209209442,31.68999671936035,5.679999828338623,=NA(),0.11737131327390671,1.0718175172805786,1.4163999557495117,0.34380000829696655,0.08399999886751175,=NA(),20,1013.25,-18.859086990356445,9.698210716247559,1197.425048828125,1125.3050537109375,72.1199951171875,79.84813690185547,7178.52001953125,5913.56982421875,5827.5751953125,33.76886749267578,10.786700248718262,10.487956047058105,41.411441802978516,11.52853012084961,0.03964231163263321,0,0.0015475625405088067,0,1264.9501953125,85.99462890625
356,14,0,1,Day,,32.71668243408203,57.28331756591797,281.12603759765625,917.2100219726562,275.8378601074219,762.3099975585938,0.3007357716560364,32.209983825683594,5.640100002288818,=NA(),0.22832827270030975,1.1880505084991455,1.4163999557495117,0.34380000829696655,0.08399999886751175,=NA(),20,1013.25,-32.22429656982422,5.986617565155029,1116.800048828125,1061.43994140625,55.35499954223633,76.57811737060547,6752.669921875,5632.77001953125,5611.412109375,33.69666290283203,10.408075332641602,10.303972244262695,41.7014045715332,11.032388687133789,0.03749087452888489,0,0.001213187468238175,0,1119.89990234375,21.35791015625
356,15,0,1,Day,,44.91008377075195,45.08991622924805,270.881591796875,722,319.1669616699219,568.7999877929688,0.4420595169067383,32.459983825683594,5.019899845123291,=NA(),0.39998966455459595,1.4107388257980347,1.4163999557495117,0.34380000829696655,0.08399999886751175,=NA(),20,1013.25,-44.90668869018555,0.6223846673965454,976.97998046875,926.125,50.849998474121094,70.89812469482422,5897.25,5024.25,5027.53759765625,34.26508331298828,9.170329093933105,9.103032112121582,42.14979553222656,9.736811637878418,0.032648876309394836,0,0.0011020000092685223,0,873,-3.28759765625
356,16,0,1,Day,,57.14742660522461,32.85257339477539,262.78692626953125,509.0899963378906,316.7865295410156,354.489990234375,0.6222603917121887,31.6299991607666,3.7899999618530273,=NA(),0.5972779393196106,1.8395591974258423,1.4163999557495117,0.34380000829696655,0.08399999886751175,=NA(),20,1013.25,-56.93962478637695,6.0547404289245605,775.35498046875,723.0399780273438,52.31500244140625,62.014366149902344,4749.83984375,4178.3701171875,4165.822265625,35.57593536376953,7.318775653839111,7.177806854248047,42.85976028442383,7.741283893585205,0.026025813072919846,0,0.0011518750106915832,0,571.4697265625,12.5478515625
356,17,0,1,Day,,69.17433166503906,20.825664520263672,255.32383728027344,277.1000061035156,232.0904541015625,126.5999984741211,0.8375692963600159,31.2499942779541,2.3199000358581543,=NA(),0.8332641124725342,2.7952473163604736,1.4163999557495117,0.34380000829696655,0.08399999886751175,=NA(),20,1013.25,-41.366981506347656,30.189435958862305,452.42498779296875,426.1700134277344,26.255001068115234,49.191246032714844,2685.75,2467.81005859375,2402.874267578125,37.78443145751953,3.974893569946289,3.825646162033081,43.43885803222656,4.301758289337158,0.014871999621391296,0,0.0006193749723024666,0,217.93994140625,64.935791015625
356,18,0,1,Day,,80.76028442382812,9.23971176147461,247.72274780273438,73.50900268554688,72.64099884033203,5.405900001525879,0.9881918430328369,28.670007705688477,2.389899969100952,=NA(),0.9894005060195923,6.011895656585693,1.4163999557495117,0.34380000829696655,0.08399999886751175,=NA(),20,1013.25,-14.924027442932129,67.0223159790039,93.07499694824219,86.42500305175781,6.650000095367432,32.328758239746094,503.0899963378906,488.6099853515625,488.1927490234375,37.08648681640625,0.8227266669273376,0.8108181357383728,42.725711822509766,0.8768033385276794,0.0029267501085996628,0,0.00015306250134017318,0,14.480010986328125,0.417236328125
356,19,0,1,Night,Sun above horizon but GHI below 1,88.21855163574219,1.7814466953277588,242.10472106933594,0,0,0,0,25.709985733032227,2.5999999046325684,=NA(),0,20.663789749145508,1.4163999557495117,0.34380000829696655,0.08399999886751175,=NA(),20,1013.25,0,0,0,0,0,25.709985733032227,0,0,0,0,0,0,0,0,0,0,0,0,0,0
356,20,0,1,Night,,101.93224334716797,-11.932242393493652,229.9290771484375,0,0,0,0,19.1299991607666,2.6900999546051025,=NA(),0,64.81599426269531,1.4163999557495117,0.34380000829696655,0.08399999886751175,=NA(),20,1013.25,0,0,0,0,0,19.1299991607666,0,0,0,0,0,0,0,0,0,0,0,0,0,0
356,21,0,1,Night,,110.49500274658203,-20.494998931884766,218.73373413085938,0,0,0,0,16.82000160217285,2.6700000762939453,=NA(),0,64.81599426269531,1.4163999557495117,0.34380000829696655,0.08399999886751175,=NA(),20,1013.25,0,0,0,0,0,16.82000160217285,0,0,0,0,0,0,0,0,0,0,0,0,0,0
356,22,0,1,Night,,117.02783203125,-27.02783203125,205.50668334960938,0,0,0,0,16.800012588500977,2.4500999450683594,=NA(),0,64.81599426269531,1.4163999557495117,0.34380000829696655,0.08399999886751175,=NA(),20,1013.25,0,0,0,0,0,16.800012588500977,0,0,0,0,0,0,0,0,0,0,0,0,0,0
356,23,0,1,Night,,120.82247161865234,-30.82246971130371,190.39566040039062,0,0,0,0,16.540002822875977,2.0299999713897705,=NA(),0,64.81599426269531,1.4163999557495117,0.34380000829696655,0.08399999886751175,=NA(),20,1013.25,0,0,0,0,0,16.540002822875977,0,0,0,0,0,0,0,0,0,0,0,0,0,0
357,0,0,1,Night,,121.33214569091797,-31.33214569091797,174.3413848876953,0,0,0,0,15.490015029907227,1.910099983215332,=NA(),0,64.81599426269531,1.4163999557495117,0.34380000829696655,0.08399999886751175,=NA(),20,1013.25,0,0,0,0,0,15.490015029907227,0,0,0,0,0,0,0,0,0,0,0,0,0,0
357,1,0,1,Night,,118.47342681884766,-28.47342872619629,158.81488037109375,0,0,0,0,17.170007705688477,2.2399001121520996,=NA(),0,64.81599426269531,1.4163999557495117,0.34380000829696655,0.08399999886751175,=NA(),20,1013.25,0,0,0,0,0,17.170007705688477,0,0,0,0,0,0,0,0,0,0,0,0,0,0
357,2,0,1,Night,,112.68252563476562,-22.682525634765625,144.97930908203125,0,0,0,0,15.600000381469727,2.6201000213623047,=NA(),0,64.81599426269531,1.4163999557495117,0.34380000829696655,0.08399999886751175,=NA(),20,1013.25,0,0,0,0,0,15.600000381469727,0,0,0,0,0,0,0,0,0,0,0,0,0,0
357,3,0,1,Night,,104.65190124511719,-14.65190315246582,133.20045471191406,0,0,0,0,14.670007705688477,2.9300999641418457,=NA(),0,64.81599426269531,1.4163999557495117,0.34380000829696655,0.08399999886751175,=NA(),20,1013.25,0,0,0,0,0,14.670007705688477,0,0,0,0,0,0,0,0,0,0,0,0,0,0
357,4,0,1,Night,Sun below height limit of 1 degrees.,89.62581634521484,0.37418243288993835,119.15837860107422,0,0,0,0,13.600000381469727,3.390000104904175,=NA(),0,32.85224914550781,1.4163999557495117,0.34380000829696655,0.08399999886751175,=NA(),20,1013.25,0,0,0,0,0,13.600000381469727,0,0,0,0,0,0,0,0,0,0,0,0,0,0
357,5,0,1,Day,,84.06035614013672,5.93964147567749,114.64485931396484,101.08999633789062,92.97834014892578,78.38800048828125,0.9197580814361572,15.499994277954102,3.609999895095825,=NA(),0.7957988977432251,8.920733451843262,1.4163999557495117,0.34380000829696655,0.08399999886751175,=NA(),20,1013.25,9.520753860473633,75.4285888671875,164.03500366210938,157.96499633789062,6.070000171661377,22.151880264282227,744.3300170898438,750.2999877929688,743.3099975585938,39.53394317626953,1.1751271486282349,1.159020185470581,44.818058013916016,1.261813998222351,0.004341249819844961,0,0.00014018750516697764,0,-5.969970703125,6.989990234375
357,6,0,1,Day,,72.6773681640625,17.322633743286133,106.89116668701172,311.29998779296875,236.08485412597656,252.61000061035156,0.7583837509155273,19.2499942779541,1.809999942779541,=NA(),0.6415690183639526,3.326862335205078,1.4163999557495117,0.34380000829696655,0.08399999886751175,=NA(),20,1013.25,30.837993621826172,43.62208938598633,557.614990234375,538.3800048828125,19.235000610351562,40.65123748779297,3398.2900390625,3220.280029296875,3222.58984375,38.14720916748047,5.2798967361450195,5.206118106842041,45.000770568847656,5.571619987487793,0.019074374809861183,0,0.00044031249126419425,0,178.010009765625,-2.309814453125
357,7,0,1,Day,,60.75582504272461,29.24417495727539,99.4512939453125,532.2999877929688,316.0754699707031,442.6000061035156,0.5937920212745667,22.850000381469727,1.9600000381469727,=NA(),0.480395644903183,2.041262149810791,1.4163999557495117,0.34380000829696655,0.08399999886751175,=NA(),20,1013.25,60,8.248353004455566,874.4249877929688,816.8800048828125,57.54499816894531,57.21062469482422,5347.3798828125,4789.759765625,4742.1875,36.62310028076172,8.093245506286621,7.888707637786865,43.714691162109375,8.614605903625488,0.029362499713897705,0,0.0012298750225454569,0,557.6201171875,47.572265625
357,8,0,1,Day,,48.55909729003906,41.44090270996094,91.6501693725586,726.6099853515625,325.8548889160156,605.510009765625,0.4484591484069824,25.779993057250977,2.9200000762939453,=NA(),0.35001611709594727,1.5092166662216187,1.4163999557495117,0.34380000829696655,0.08399999886751175,=NA(),20,1013.25,48.54730224609375,1.2369508743286133,1028.3199462890625,975.35498046875,52.96500015258789,66.3349838256836,6266.72998046875,5432.93994140625,5402.56640625,35.178443908691406,9.59892463684082,9.400799751281738,42.86036682128906,10.168255805969238,0.03473643586039543,0,0.0011485000140964985,0,833.7900390625,30.37353515625
357,9,0,1,Day,,36.31806182861328,53.68193817138672,82.29425048828125,914.0999755859375,299.0774230957031,763.2999877929688,0.327182412147522,27.540002822875977,3.6798999309539795,=NA(),0.21974225342273712,1.2404344081878662,1.4163999557495117,0.34380000829696655,0.08399999886751175,=NA(),20,1013.25,36.070369720458984,4.5549163818359375,1148.9000244140625,1094.5150146484375,54.38500213623047,72.87749481201172,6928.97998046875,5863.3798828125,5862.556640625,34.01167297363281,10.773056983947754,10.74238395690918,42.23008728027344,11.433597564697266,0.038536187261343,0,0.0011942499550059438,0,1065.60009765625,0.8232421875
357,10,0,1,Day,,24.443626403808594,65.5563735961914,68.322998046875,1029.800048828125,246.96478271484375,859.9099731445312,0.23981818556785583,28.980005264282227,4.220099925994873,=NA(),0.1445523351430893,1.0981650352478027,1.4163999557495117,0.34380000829696655,0.08399999886751175,=NA(),20,1013.25,22.898902893066406,8.791894912719727,1178.385009765625,1111.47998046875,66.90499877929688,76.07686614990234,7071.27978515625,5911.1298828125,5855.998046875,34.041717529296875,10.751737594604492,10.614620208740234,41.86244201660156,11.409036636352539,0.039124999195337296,0,0.0014375625178217888,0,1160.14990234375,55.1318359375
357,11,0,1,Day,,14.39973258972168,75.60026550292969,38.83845520019531,1082.0999755859375,206.499755859375,904,0.19083242118358612,29.420007705688477,4.440000057220459,=NA(),0.11225222796201706,1.032288908958435,1.4163999557495117,0.34380000829696655,0.08399999886751175,=NA(),20,1013.25,9.147008895874023,11.16910171508789,1174.2449951171875,1095.8499755859375,78.3949966430664,77.0318832397461,7031.509765625,5856,5633.45361328125,34.76630401611328,10.128466606140137,9.755819320678711,41.72636032104492,11.031281471252441,0.038644250482320786,0,0.0016893750289455056,0,1175.509765625,222.54638671875
357,12,0,1,Day,,12.468491554260254,77.53150939941406,337.3212890625,1076.699951171875,199.86961364746094,898.010009765625,0.1856316775083542,30.740015029907227,4.389900207519531,=NA(),0.11957938224077225,1.0240283012390137,1.4163999557495117,0.34380000829696655,0.08399999886751175,=NA(),20,1013.25,-4.8729658126831055,11.490729331970215,1159.0400390625,1080.570068359375,78.47500610351562,76.68498992919922,6905.66015625,5758.58984375,5762.2685546875,33.481807708740234,10.756343841552734,10.724522590637207,41.73546600341797,11.442235946655273,0.037898313254117966,0,0.0016959374770522118,0,1147.0703125,-3.6787109375
357,13,0,1,Day,,21.04071044921875,68.95928955078125,298.0773620605469,1024.0999755859375,227.8799591064453,853.0999755859375,0.22251729667186737,31.5200138092041,4.29010009765625,=NA(),0.15578439831733704,1.0712064504623413,1.4163999557495117,0.34380000829696655,0.08399999886751175,=NA(),20,1013.25,-18.747604370117188,9.72868824005127,1147.7449951171875,1078.4949951171875,69.25,77.57561492919922,6895.91015625,5730.5400390625,5649.7958984375,34.064510345458984,10.366820335388184,10.087028503417969,41.61709976196289,11.075894355773926,0.03804318606853485,0,0.0014963749563321471,0,1165.3701171875,80.744140625
357,14,0,1,Day,,32.62096405029297,57.37903594970703,281.2409362792969,908.2999877929688,275.6820983886719,751.0999755859375,0.30351436138153076,31.7499942779541,4.210100173950195,=NA(),0.23995350301265717,1.1867812871932983,1.4163999557495117,0.34380000829696655,0.08399999886751175,=NA(),20,1013.25,-32.11911392211914,6.032088756561279,1104.800048828125,1049.85498046875,54.93499755859375,75.59874725341797,6682.509765625,5595.14013671875,5574.779296875,33.82093811035156,10.30212688446045,10.202765464782715,41.804908752441406,10.917799949645996,0.03709056228399277,0,0.0012054999824613333,0,1087.36962890625,20.36083984375
357,15,0,1,Day,,44.81232452392578,45.18767547607422,270.9649963378906,729.5999755859375,317.8601989746094,580.3900146484375,0.4356636703014374,31.5200138092041,4.090000152587891,=NA(),0.3881029784679413,1.4083532094955444,1.4163999557495117,0.34380000829696655,0.08399999886751175,=NA(),20,1013.25,-44.80826187133789,0.6801010370254517,987.2000122070312,936.2099609375,50.99500274658203,70.3349838256836,5956.830078125,5086.16015625,5090.02685546875,34.335227966308594,9.265340805053711,9.1998872756958,42.24281311035156,9.83795166015625,0.032989438623189926,0,0.0011048124870285392,0,870.669921875,-3.86669921875
357,16,0,1,Day,,57.05077362060547,32.94922637939453,262.8591003417969,511.29998779296875,317.0748596191406,357.1000061035156,0.620134711265564,31.409997940063477,3.799999952316284,=NA(),0.5946840047836304,1.8347972631454468,1.4163999557495117,0.34380000829696655,0.08399999886751175,=NA(),20,1013.25,-56.846824645996094,5.987705230712891,777.9400024414062,725.64501953125,52.29499816894531,61.884361267089844,4765.080078125,4193.89990234375,4182.4951171875,35.57940673828125,7.3473405838012695,7.209424018859863,42.88313293457031,7.770509243011475,0.026112375780940056,0,0.0011523124994710088,0,571.18017578125,11.40478515625
357,17,0,1,Day,,69.08074188232422,20.919260025024414,255.39358520507812,280.20001220703125,233.6404266357422,130.39999389648438,0.8338344693183899,30.659997940063477,2.5899999141693115,=NA(),0.8285734057426453,2.7834765911102295,1.4163999557495117,0.34380000829696655,0.08399999886751175,=NA(),20,1013.25,-41.725006103515625,29.76390266418457,458.79998779296875,432.20001220703125,26.600000381469727,48.841880798339844,2721.429931640625,2503.889892578125,2441.057861328125,37.81625747680664,4.034657001495361,3.8864669799804688,43.510276794433594,4.361870288848877,0.015066562220454216,0,0.0006263750256039202,0,217.5400390625,62.83203125
357,18,0,1,Day,,80.67244720458984,9.327556610107422,247.79551696777344,69.99199676513672,69.3288345336914,4.091599941253662,0.9905251860618591,29.0100040435791,2.639899969100952,=NA(),0.9920235276222229,5.959636688232422,1.4163999557495117,0.34380000829696655,0.08399999886751175,=NA(),20,1013.25,-15.070812225341797,66.79318237304688,86.875,80.39500427246094,6.480000019073486,32.42687225341797,469.44000244140625,455.69000244140625,455.33624267578125,36.965370178222656,0.7698692679405212,0.7584288716316223,42.59092330932617,0.8210713267326355,0.0027343749534338713,0,0.00014887499855831265,0,13.75,0.353759765625
357,19,0,1,Night,Sun above horizon but GHI below 1,88.17411041259766,1.8258883953094482,242.15403747558594,0,0,0,0,25.3900089263916,2.7300000190734863,=NA(),0,20.404016494750977,1.4163999557495117,0.34380000829696655,0.08399999886751175,=NA(),20,1013.25,0,0,0,0,0,25.3900089263916,0,0,0,0,0,0,0,0,0,0,0,0,0,0
357,20,0,1,Night,,101.86175537109375,-11.861757278442383,230.02093505859375,0,0,0,0,20.360010147094727,2.680000066757202,=NA(),0,64.81599426269531,1.4163999557495117,0.34380000829696655,0.08399999886751175,=NA(),20,1013.25,0,0,0,0,0,20.360010147094727,0,0,0,0,0,0,0,0,0,0,0,0,0,0
357,21,0,1,Night,,110.44013214111328,-20.440134048461914,218.84059143066406,0,0,0,0,16.20000648498535,2.5499000549316406,=NA(),0,64.81599426269531,1.4163999557495117,0.34380000829696655,0.08399999886751175,=NA(),20,1013.25,0,0,0,0,0,16.20000648498535,0,0,0,0,0,0,0,0,0,0,0,0,0,0
357,22,0,1,Night,,116.99406433105469,-26.99406623840332,205.62911987304688,0,0,0,0,14.999994277954102,2.3701000213623047,=NA(),0,64.81599426269531,1.4163999557495117,0.34380000829696655,0.08399999886751175,=NA(),20,1013.25,0,0,0,0,0,14.999994277954102,0,0,0,0,0,0,0,0,0,0,0,0,0,0
357,23,0,1,Night,,120.81500244140625,-30.814998626708984,190.52847290039062,0,0,0,0,14.939996719360352,2.180000066757202,=NA(),0,64.81599426269531,1.4163999557495117,0.34380000829696655,0.08399999886751175,=NA(),20,1013.25,0,0,0,0,0,14.939996719360352,0,0,0,0,0,0,0,0,0,0,0,0,0,0
358,0,0,1,Night,,121.35337829589844,-31.35338020324707,174.4729461669922,0,0,0,0,14.140008926391602,2.180000066757202,=NA(),0,64.81599426269531,1.4163999557495117,0.34380000829696655,0.08399999886751175,=NA(),20,1013.25,0,0,0,0,0,14.140008926391602,0,0,0,0,0,0,0,0,0,0,0,0,0,0
358,1,0,1,Night,,118.52134704589844,-28.521347045898438,158.9332275390625,0,0,0,0,13.399988174438477,2.359999895095825,=NA(),0,64.81599426269531,1.4163999557495117,0.34380000829696655,0.08399999886751175,=NA(),20,1013.25,0,0,0,0,0,13.399988174438477,0,0,0,0,0,0,0,0,0,0,0,0,0,0
358,2,0,1,Night,,112.75119018554688,-22.75119400024414,145.0786895751953,0,0,0,0,13.070001602172852,2.54010009765625,=NA(),0,64.81599426269531,1.4163999557495117,0.34380000829696655,0.08399999886751175,=NA(),20,1013.25,0,0,0,0,0,13.070001602172852,0,0,0,0,0,0,0,0,0,0,0,0,0,0
358,3,0,1,Night,,104.73540496826172,-14.735404968261719,133.28160095214844,0,0,0,0,12.200006484985352,2.7000999450683594,=NA(),0,64.81599426269531,1.4163999557495117,0.34380000829696655,0.08399999886751175,=NA(),20,1013.25,0,0,0,0,0,12.200006484985352,0,0,0,0,0,0,0,0,0,0,0,0,0,0
358,4,0,1,Night,Sun below height limit of 1 degrees.,89.66925048828125,0.3307509124279022,119.18626403808594,0,0,0,0,11.779993057250977,3.199899911880493,=NA(),0,33.39218521118164,1.4163999557495117,0.34380000829696655,0.08399999886751175,=NA(),20,1013.25,0,0,0,0,0,11.779993057250977,0,0,0,0,0,0,0,0,0,0,0,0,0,0
358,5,0,1,Day,,84.157470703125,5.842530250549316,114.70130920410156,105.0999984741211,96.32548522949219,86.197998046875,0.9165127277374268,13.969995498657227,4.159900188446045,=NA(),0.7729337215423584,9.047451972961426,1.4163999557495117,0.34380000829696655,0.08399999886751175,=NA(),20,1013.25,9.363914489746094,75.6711196899414,173.44000244140625,167.35000610351562,6.090000152587891,21.0106143951416,778.0399780273438,787.4099731445312,780.3959350585938,39.74674606323242,1.2271522283554077,1.2108474969863892,45.050838470458984,1.31636381149292,0.004535812418907881,0,0.00014025000564288348,0,-9.3699951171875,7.0140380859375
358,6,0,1,Day,,72.78118133544922,17.218820571899414,106.94141387939453,310.8900146484375,235.91064453125,253.2899932861328,0.7588235139846802,19.740015029907227,3.970099925994873,=NA(),0.639713704586029,3.3458805084228516,1.4163999557495117,0.34380000829696655,0.08399999886751175,=NA(),20,1013.25,30.579721450805664,43.97032165527344,557.3049926757812,538.219970703125,19.084999084472656,41.141258239746094,3394.1298828125,3210.949951171875,3213.25244140625,38.0787353515625,5.274062633514404,5.2013444900512695,44.93465805053711,5.566137790679932,0.01905362494289875,0,0.0004378125013317913,0,183.179931640625,-2.302490234375
358,7,0,1,Day,,60.86244583129883,29.13755226135254,99.4995346069336,533.6099853515625,317.1794128417969,444.5,0.594403088092804,24.45000648498535,2.7000999450683594,=NA(),0.4776573181152344,2.0480217933654785,1.4163999557495117,0.34380000829696655,0.08399999886751175,=NA(),20,1013.25,60,8.304791450500488,878.25,820.4849853515625,57.76499938964844,59.005638122558594,5368.81982421875,4778.0400390625,4731.8564453125,36.36928176879883,8.13198184967041,7.923696517944336,43.491329193115234,8.656200408935547,0.029479624703526497,0,0.0012356250081211329,0,590.77978515625,46.18359375
358,8,0,1,Day,,48.66684341430664,41.33315658569336,91.70228576660156,739.5999755859375,331.5163879394531,617.9000244140625,0.44823741912841797,26.3900089263916,2.389899969100952,=NA(),0.3364148736000061,1.512428641319275,1.4163999557495117,0.34380000829696655,0.08399999886751175,=NA(),20,1013.25,48.65430450439453,1.278132438659668,1048.375,994.4849853515625,53.88999938964844,67.78063201904297,6387,5507.8798828125,5477.7412109375,34.975772857666016,9.788887023925781,9.586289405822754,42.7139892578125,10.369650840759277,0.03541381284594536,0,0.0011672499822452664,0,879.1201171875,30.138671875
358,9,0,1,Day,,36.42530822753906,53.57469177246094,82.3626937866211,960.2000122070312,315.04638671875,801.7999877929688,0.32810497283935547,28.100000381469727,2.440000057220459,=NA(),0.18021747469902039,1.2421413660049438,1.4163999557495117,0.34380000829696655,0.08399999886751175,=NA(),20,1013.25,36.18171691894531,4.526123523712158,1207.699951171875,1150.425048828125,57.279998779296875,75.88060760498047,7267.1298828125,6080.14990234375,6079.63330078125,33.59834289550781,11.30939769744873,11.27681827545166,41.94636535644531,12.013940811157227,0.04046018794178963,0,0.0012459999416023493,0,1186.97998046875,0.5166015625
358,10,0,1,Day,,24.546113967895508,65.45388793945312,68.44721984863281,1280.199951171875,307.8084411621094,1069,0.24043779075145721,29.08001136779785,2.509999990463257,=NA(),-0.06351692229509354,1.0990586280822754,1.4163999557495117,0.34380000829696655,0.08399999886751175,=NA(),20,1013.25,23.01413917541504,8.778204917907715,1465.489990234375,1382.179931640625,83.31500244140625,88.2881088256836,8622.16015625,6870.89013671875,6821.9775390625,32.21979522705078,13.233426094055176,13.106529235839844,40.733272552490234,14.032833099365234,0.048047251999378204,0,0.0016675625229254365,0,1751.27001953125,48.91259765625
358,11,0,1,Day,,14.475940704345703,75.52406311035156,39.182586669921875,937.5,272.1070556640625,687.2100219726562,0.29024752974510193,30.860010147094727,2.680000066757202,=NA(),0.32517409324645996,1.0326417684555054,1.4163999557495117,0.34380000829696655,0.08399999886751175,=NA(),20,1013.25,9.263931274414062,11.172502517700195,1017.6799926757812,949.2949829101562,68.38499450683594,71.96562957763672,6113.76025390625,5188.56982421875,4988.8095703125,35.456207275390625,8.79487419128418,8.478349685668945,42.0837516784668,9.591320991516113,0.033514875918626785,0,0.0014888750156387687,0,925.1904296875,199.76025390625
358,12,0,1,Day,,12.444064140319824,77.55593872070312,337.8412170410156,1100.5,203.18783569335938,918.9000244140625,0.1846322864294052,31.5100040435791,2.949899911880493,=NA(),0.0992179736495018,1.0239319801330566,1.4163999557495117,0.34380000829696655,0.08399999886751175,=NA(),20,1013.25,-4.757835865020752,11.511876106262207,1184.4749755859375,1104.27001953125,80.20500183105469,78.52938079833984,7046.31005859375,5834.35009765625,5838.41455078125,33.232784271240234,10.980146408081055,10.952481269836426,41.541969299316406,11.691886901855469,0.038688186556100845,0,0.0017266875365749002,0,1211.9599609375,-4.064453125
358,13,0,1,Day,,20.960838317871094,69.0391616821289,298.30755615234375,1017.2999877929688,228.0309600830078,845.2000122070312,0.22415311634540558,31.8900089263916,3.1898999214172363,=NA(),0.1637907773256302,1.0706344842910767,1.4163999557495117,0.34380000829696655,0.08399999886751175,=NA(),20,1013.25,-18.637672424316406,9.766714096069336,1139.550048828125,1070.6500244140625,68.89500427246094,77.58812713623047,6847.66015625,5690.009765625,5616.9384765625,34.02001953125,10.319917678833008,10.052282333374023,41.600868225097656,11.016437530517578,0.03776925057172775,0,0.001489124959334731,0,1157.650390625,73.0712890625
358,14,0,1,Day,,32.529136657714844,57.470863342285156,281.3690490722656,898.8099975585938,276.5804138183594,738.010009765625,0.3077184557914734,32.599998474121094,3.390000104904175,=NA(),0.253456175327301,1.185569405555725,1.4163999557495117,0.34380000829696655,0.08399999886751175,=NA(),20,1013.25,-32.016536712646484,6.084849834442139,1092.0400390625,1037.514892578125,54.529998779296875,76.4649887084961,6602.5400390625,5509.3701171875,5399.16552734375,34.375152587890625,9.816915512084961,9.643095016479492,41.66734313964844,10.503039360046387,0.036622438579797745,0,0.0012106874492019415,0,1093.169921875,110.20458984375
358,15,0,1,Day,,44.71821594238281,45.28178405761719,271.0585021972656,717.9000244140625,320.3399658203125,559.489990234375,0.4462180733680725,32.399986267089844,3.4800000190734863,=NA(),0.41044777631759644,1.4060680866241455,1.4163999557495117,0.34380000829696655,0.08399999886751175,=NA(),20,1013.25,-44.71332931518555,0.7447531223297119,968.4949951171875,917.7999877929688,50.69499969482422,70.47686004638672,5840.85986328125,4983.89990234375,4988.41552734375,34.31171417236328,9.086601257324219,9.021355628967285,42.1842155456543,9.653206825256348,0.03232693672180176,0,0.0010991875315085053,0,856.9599609375,-4.515625
358,16,0,1,Day,,56.957881927490234,33.042118072509766,262.9395751953125,504.70001220703125,317.846435546875,342.69000244140625,0.629772961139679,32.61998748779297,3.340100049972534,=NA(),0.611378014087677,1.8302483558654785,1.4163999557495117,0.34380000829696655,0.08399999886751175,=NA(),20,1013.25,-56.75823211669922,5.914067268371582,764.0700073242188,711.9450073242188,52.125,62.560630798339844,4675.9599609375,4104.740234375,4095.2119140625,35.46111297607422,7.2180070877075195,7.083995342254639,42.75775909423828,7.635815620422363,0.025607749819755554,0,0.0011490625329315662,0,571.2197265625,9.5283203125
358,17,0,1,Day,,68.9913101196289,21.00868797302246,255.47061157226562,276.8999938964844,232.6240692138672,123.5,0.8401013612747192,31.8900089263916,2.3299999237060547,=NA(),0.837925136089325,2.7723281383514404,1.4163999557495117,0.34380000829696655,0.08399999886751175,=NA(),20,1013.25,-42.06956481933594,29.35233497619629,450.58001708984375,423.75,26.830001831054688,49.753135681152344,2666.989990234375,2445.47998046875,2388.111572265625,37.626102447509766,3.967095375061035,3.8210580348968506,43.351783752441406,4.284275054931641,0.014755562879145145,0,0.0006298749940469861,0,221.510009765625,57.368408203125
358,18,0,1,Day,,80.58937072753906,9.41063117980957,247.8748321533203,69.30899810791016,68.68653869628906,3.8069000244140625,0.991019070148468,30.82000160217285,2.4500999450683594,=NA(),0.9926183223724365,5.91102933883667,1.4163999557495117,0.34380000829696655,0.08399999886751175,=NA(),20,1013.25,-15.208654403686523,66.57617950439453,82.75999450683594,76.08499908447266,6.680000305175781,34.078758239746094,447.7099914550781,431.82000732421875,431.4711608886719,36.65248489379883,0.7357462644577026,0.7241533994674683,42.27406311035156,0.7855038642883301,0.002603062428534031,0,0.00015300000086426735,0,15.889984130859375,0.348846435546875
358,19,0,1,Night,Sun above horizon but GHI below 1,88.14321899414062,1.8567790985107422,242.20245361328125,0,0,0,0,25.850000381469727,2.469899892807007,=NA(),0,20.226743698120117,1.4163999557495117,0.34380000829696655,0.08399999886751175,=NA(),20,1013.25,0,0,0,0,0,25.850000381469727,0,0,0,0,0,0,0,0,0,0,0,0,0,0
358,20,0,1,Night,,101.796875,-11.796876907348633,230.11814880371094,0,0,0,0,21.600000381469727,2.2499001026153564,=NA(),0,64.81599426269531,1.4163999557495117,0.34380000829696655,0.08399999886751175,=NA(),20,1013.25,0,0,0,0,0,21.600000381469727,0,0,0,0,0,0,0,0,0,0,0,0,0,0
358,21,0,1,Night,,110.39105224609375,-20.391050338745117,218.9519500732422,0,0,0,0,19.32000160217285,1.8899999856948853,=NA(),0,64.81599426269531,1.4163999557495117,0.34380000829696655,0.08399999886751175,=NA(),20,1013.25,0,0,0,0,0,19.32000160217285,0,0,0,0,0,0,0,0,0,0,0,0,0,0
358,22,0,1,Night,,116.96676635742188,-26.96677017211914,205.7548370361328,0,0,0,0,17.9999942779541,1.5801000595092773,=NA(),0,64.81599426269531,1.4163999557495117,0.34380000829696655,0.08399999886751175,=NA(),20,1013.25,0,0,0,0,0,17.9999942779541,0,0,0,0,0,0,0,0,0,0,0,0,0,0
358,23,0,1,Night,,120.8145980834961,-30.814599990844727,190.66268920898438,0,0,0,0,17.589990615844727,1.5298999547958374,=NA(),0,64.81599426269531,1.4163999557495117,0.34380000829696655,0.08399999886751175,=NA(),20,1013.25,0,0,0,0,0,17.589990615844727,0,0,0,0,0,0,0,0,0,0,0,0,0,0
359,0,0,1,Night,,121.38175201416016,-31.381755828857422,174.60377502441406,0,0,0,0,17.230005264282227,1.9901000261306763,=NA(),0,64.81599426269531,1.4163999557495117,0.34380000829696655,0.08399999886751175,=NA(),20,1013.25,0,0,0,0,0,17.230005264282227,0,0,0,0,0,0,0,0,0,0,0,0,0,0
359,1,0,1,Night,,118.57572937011719,-28.575727462768555,159.048828125,0,0,0,0,16.6199893951416,2.5499000549316406,=NA(),0,64.81599426269531,1.4163999557495117,0.34380000829696655,0.08399999886751175,=NA(),20,1013.25,0,0,0,0,0,16.6199893951416,0,0,0,0,0,0,0,0,0,0,0,0,0,0
359,2,0,1,Night,,112.82575988769531,-22.825759887695312,145.17385864257812,0,0,0,0,15.399988174438477,2.8798999786376953,=NA(),0,64.81599426269531,1.4163999557495117,0.34380000829696655,0.08399999886751175,=NA(),20,1013.25,0,0,0,0,0,15.399988174438477,0,0,0,0,0,0,0,0,0,0,0,0,0,0
359,3,0,1,Night,,104.8237075805664,-14.823705673217773,133.35760498046875,0,0,0,0,14.559991836547852,3.090100049972534,=NA(),0,64.81599426269531,1.4163999557495117,0.34380000829696655,0.08399999886751175,=NA(),20,1013.25,0,0,0,0,0,14.559991836547852,0,0,0,0,0,0,0,0,0,0,0,0,0,0
359,4,0,1,Night,Sun below height limit of 1 degrees.,89.71121978759766,0.2887765169143677,119.196044921875,0,0,0,0,13.999994277954102,3.930000066757202,=NA(),0,33.92585754394531,1.4163999557495117,0.34380000829696655,0.08399999886751175,=NA(),20,1013.25,0,0,0,0,0,13.999994277954102,0,0,0,0,0,0,0,0,0,0,0,0,0,0
359,5,0,1,Day,,84.2611083984375,5.738891124725342,114.75140380859375,101.5999984741211,93.37019348144531,82.302001953125,0.9189980030059814,16.80999183654785,4.690100193023682,=NA(),0.7805401086807251,9.186516761779785,1.4163999557495117,0.34380000829696655,0.08399999886751175,=NA(),20,1013.25,9.195914268493652,75.9297103881836,166.52999877929688,160.57000732421875,5.965000152587891,23.587488174438477,743.0999755859375,745.3400268554688,738.5863647460938,39.310543060302734,1.1742956638336182,1.15850830078125,44.616661071777344,1.2610255479812622,0.004337562248110771,0,0.00013749999925494194,0,-2.24005126953125,6.753662109375
359,6,0,1,Day,,72.88922119140625,17.110780715942383,106.98467254638672,304,232.21026611328125,244,0.7638495564460754,21.659997940063477,4.220099925994873,=NA(),0.6520184278488159,3.3659141063690186,1.4163999557495117,0.34380000829696655,0.08399999886751175,=NA(),20,1013.25,30.31133460998535,44.330631256103516,542.3399658203125,523.5150146484375,18.829999923706055,42.51500701904297,3298.300048828125,3105.320068359375,3107.751953125,37.87065505981445,5.1289238929748535,5.058074474334717,44.70201873779297,5.415878772735596,0.01851743832230568,0,0.0004328124923631549,0,192.97998046875,-2.431884765625
359,7,0,1,Day,,60.97276306152344,29.02723503112793,99.53986358642578,525.5,314.038818359375,435.79998779296875,0.5976000428199768,26.70000648498535,3.619999885559082,=NA(),0.4873541295528412,2.0550694465637207,1.4163999557495117,0.34380000829696655,0.08399999886751175,=NA(),20,1013.25,60,8.356245040893555,865.4400024414062,808.2249755859375,57.21500015258789,60.79125213623047,5288.5498046875,4675.7998046875,4632.88818359375,36.1081428527832,8.01947021484375,7.8156514167785645,43.23109817504883,8.538166999816895,0.029029374942183495,0,0.0012260625371709466,0,612.75,42.91162109375
359,8,0,1,Day,,48.778167724609375,41.221832275390625,91.74502563476562,738.7999877929688,332.0799255371094,617.2000122070312,0.44948557019233704,28.92998695373535,3.0201001167297363,=NA(),0.33684417605400085,1.515767216682434,1.4163999557495117,0.34380000829696655,0.08399999886751175,=NA(),20,1013.25,48.764991760253906,1.312453031539917,1048.52001953125,994.5750122070312,53.94999694824219,70.3974838256836,6388.56005859375,5455.31005859375,5427.1474609375,34.61166763305664,9.800492286682129,9.598583221435547,42.378631591796875,10.38617992401123,0.035421062260866165,0,0.0011690000537782907,0,933.25,28.16259765625
359,9,0,1,Day,,36.536231994628906,53.463768005371094,82.41925048828125,885.7000122070312,292.1689147949219,738.7000122070312,0.3298734426498413,31.20000648498535,2.780100107192993,=NA(),0.24455906450748444,1.2439165115356445,1.4163999557495117,0.34380000829696655,0.08399999886751175,=NA(),20,1013.25,36.29595184326172,4.504538059234619,1115.4949951171875,1062.7750244140625,52.720001220703125,75.2824935913086,6739.72021484375,5650.169921875,5649.677734375,33.70106506347656,10.477554321289062,10.4473237991333,41.863956451416016,11.130793571472168,0.0374666228890419,0,0.0011613749666139483,0,1089.55029296875,0.4921875
359,10,0,1,Day,,24.653034210205078,65.34696960449219,68.55498504638672,956.9000244140625,249.63262939453125,778.2000122070312,0.2608763873577118,32.99999237060547,2.509999990463257,=NA(),0.2257300466299057,1.0999962091445923,1.4163999557495117,0.34380000829696655,0.08399999886751175,=NA(),20,1013.25,23.13129234313965,8.772024154663086,1095.925048828125,1033.5999755859375,62.32500076293945,76.7718734741211,6594.39990234375,5495.97998046875,5452.13330078125,33.895416259765625,10.053390502929688,9.933145523071289,41.62601089477539,10.665759086608887,0.036432813853025436,0,0.0013516874751076102,0,1098.419921875,43.8466796875
359,11,0,1,Day,,14.55897045135498,75.44103240966797,39.50543212890625,793.6900024414062,395.80035400390625,411.0899963378906,0.4986838102340698,32.99999237060547,2.3199000358581543,=NA(),0.596328854560852,1.033028483390808,1.4163999557495117,0.34380000829696655,0.08399999886751175,=NA(),20,1013.25,9.381580352783203,11.183566093444824,862.2050170898438,800.85498046875,61.349998474121094,67.66625213623047,5134.83984375,4425.080078125,4292.75341796875,35.79454803466797,7.496196269989014,7.274662971496582,42.28209686279297,8.138626098632812,0.02804393693804741,0,0.001333374995738268,0,709.759765625,132.32666015625
359,12,0,1,Day,,12.427980422973633,77.572021484375,338.3746337890625,741.5900268554688,435.7389221191406,313.19000244140625,0.5875738859176636,33.62999725341797,2.399899959564209,=NA(),0.6930206418037415,1.0238687992095947,1.4163999557495117,0.34380000829696655,0.08399999886751175,=NA(),20,1013.25,-4.643181324005127,11.540711402893066,800.760009765625,743.125,57.63500213623047,65.1725082397461,4734.89990234375,4116.75,4119.7705078125,34.983863830566406,7.36012601852417,7.34641695022583,42.444149017333984,7.811005115509033,0.025847312062978745,0,0.0012456874828785658,0,618.14990234375,-3.0205078125
359,13,0,1,Day,,20.886178970336914,69.11382293701172,298.5562438964844,505.80999755859375,441.24212646484375,69.10900115966797,0.8723475933074951,33.480003356933594,2.70989990234375,=NA(),0.9316403269767761,1.0701022148132324,1.4163999557495117,0.34380000829696655,0.08399999886751175,=NA(),20,1013.25,-18.529394149780273,9.812270164489746,551.8599853515625,505.5299987792969,46.33000183105469,55.362510681152344,3203.320068359375,2881.070068359375,2853.966796875,36.59387969970703,4.874650955200195,4.738436698913574,42.95964813232422,5.207243919372559,0.017424562945961952,0,0.0009914999827742577,0,322.25,27.103271484375
359,14,0,1,Day,,32.44119644165039,57.55880355834961,281.5102844238281,150.39999389648438,148.88157653808594,1.7992000579833984,0.9899041652679443,30.719995498657227,2.949899911880493,=NA(),0.9981805682182312,1.1844139099121094,1.4163999557495117,0.34380000829696655,0.08399999886751175,=NA(),20,1013.25,-31.916513442993164,6.144832611083984,156.6300048828125,136.75,19.8799991607666,37.02062225341797,851.5900268554688,813.8200073242188,780.8076782226562,38.38857650756836,1.271355152130127,1.1925474405288696,42.99128341674805,1.4150646924972534,0.004671250004321337,0,0.00042293750448152423,0,37.77001953125,33.0123291015625
359,15,0,1,Day,,44.627647399902344,45.372352600097656,271.16204833984375,160.80999755859375,159.16885375976562,2.305999994277954,0.9897944927215576,30.860010147094727,2.9800000190734863,=NA(),0.9975712895393372,1.4038794040679932,1.4163999557495117,0.34380000829696655,0.08399999886751175,=NA(),20,1013.25,-44.62175750732422,0.8163160681724548,163.83999633789062,135.91000366210938,27.934999465942383,37.38188934326172,878.3900146484375,838.3699951171875,834.8858032226562,37.347469329833984,1.3968924283981323,1.316835641860962,42.996829986572266,1.4922759532928467,0.004658750258386135,0,0.0005893749766983092,0,40.02001953125,3.48419189453125
359,16,0,1,Day,,56.868507385253906,33.131492614746094,263.0283508300781,171.00999450683594,169.0953826904297,3.503000020980835,0.9888041019439697,31.110010147094727,2.6600000858306885,=NA(),0.9960307478904724,1.8258975744247437,1.4163999557495117,0.34380000829696655,0.08399999886751175,=NA(),20,1013.25,-56.67360305786133,5.833872318267822,175.56500244140625,138.19500732421875,37.37000274658203,38.15624237060547,945.5700073242188,900.0700073242188,881.4613037109375,37.862220764160156,1.4551349878311157,1.3198338747024536,43.018436431884766,1.5808826684951782,0.004825937561690807,0,0.0008070624899119139,0,45.5,18.60870361328125
359,17,0,1,Day,,68.90565490722656,21.09434700012207,255.55477905273438,324.20001220703125,248.7999725341797,209.5,0.767427384853363,31.209985733032227,1.7698999643325806,=NA(),0.7255144119262695,2.7617385387420654,1.4163999557495117,0.34380000829696655,0.08399999886751175,=NA(),20,1013.25,-42.401649475097656,28.953367233276367,564.1500244140625,536.9500122070312,27.200000762939453,53.574363708496094,3361.719970703125,3043.9599609375,2983.12451171875,37.21805191040039,5.009793281555176,4.863513946533203,43.286773681640625,5.388453960418701,0.01867012493312359,0,0.0006391250062733889,0,317.760009765625,60.83544921875
359,18,0,1,Day,,80.51019287109375,9.4898099899292,247.96058654785156,145.1999969482422,130.1471710205078,91.30000305175781,0.8963304162025452,30.899988174438477,1.7698999643325806,=NA(),0.8238586783409119,5.865424633026123,1.4163999557495117,0.34380000829696655,0.08399999886751175,=NA(),20,1013.25,-15.339044570922852,66.36907958984375,236.0050048828125,226.8800048828125,9.125,40.113731384277344,1324.9000244140625,1253.8800048828125,1255.229736328125,37.24317932128906,2.106475353240967,2.094425916671753,43.36130142211914,2.2305150032043457,0.007585749961435795,0,0.00021043750166427344,0,71.02001953125,-1.3497314453125
359,19,0,1,Night,Sun above horizon but GHI below 1,88.10413360595703,1.8958684206008911,242.2686767578125,0,0,0,0,27.6299991607666,2.0099000930786133,=NA(),0,20.006120681762695,1.4163999557495117,0.34380000829696655,0.08399999886751175,=NA(),20,1013.25,0,0,0,0,0,27.6299991607666,0,0,0,0,0,0,0,0,0,0,0,0,0,0
359,20,0,1,Night,,101.73723602294922,-11.73723316192627,230.22061157226562,0,0,0,0,24.67998695373535,2.300100088119507,=NA(),0,64.81599426269531,1.4163999557495117,0.34380000829696655,0.08399999886751175,=NA(),20,1013.25,0,0,0,0,0,24.67998695373535,0,0,0,0,0,0,0,0,0,0,0,0,0,0
359,21,0,1,Night,,110.34817504882812,-20.34817123413086,219.06776428222656,0,0,0,0,23.800012588500977,2.5199999809265137,=NA(),0,64.81599426269531,1.4163999557495117,0.34380000829696655,0.08399999886751175,=NA(),20,1013.25,0,0,0,0,0,23.800012588500977,0,0,0,0,0,0,0,0,0,0,0,0,0,0
359,22,0,1,Night,,116.94651794433594,-26.946516036987305,205.88372802734375,0,0,0,0,21.3799991607666,2.639899969100952,=NA(),0,64.81599426269531,1.4163999557495117,0.34380000829696655,0.08399999886751175,=NA(),20,1013.25,0,0,0,0,0,21.3799991607666,0,0,0,0,0,0,0,0,0,0,0,0,0,0
359,23,0,1,Night,,120.82145690917969,-30.82145881652832,190.7982635498047,0,0,0,0,22.969995498657227,2.5999999046325684,=NA(),0,64.81599426269531,1.4163999557495117,0.34380000829696655,0.08399999886751175,=NA(),20,1013.25,0,0,0,0,0,22.969995498657227,0,0,0,0,0,0,0,0,0,0,0,0,0,0
360,0,0,1,Night,,121.4176025390625,-31.417600631713867,174.73374938964844,0,0,0,0,21.420007705688477,2.490000009536743,=NA(),0,64.81599426269531,1.4163999557495117,0.34380000829696655,0.08399999886751175,=NA(),20,1013.25,0,0,0,0,0,21.420007705688477,0,0,0,0,0,0,0,0,0,0,0,0,0,0
360,1,0,1,Night,,118.63731384277344,-28.637313842773438,159.16159057617188,0,0,0,0,19.800012588500977,2.2399001121520996,=NA(),0,64.81599426269531,1.4163999557495117,0.34380000829696655,0.08399999886751175,=NA(),20,1013.25,0,0,0,0,0,19.800012588500977,0,0,0,0,0,0,0,0,0,0,0,0,0,0
360,2,0,1,Night,,112.90672302246094,-22.90672492980957,145.26473999023438,0,0,0,0,18.719995498657227,1.9198999404907227,=NA(),0,64.81599426269531,1.4163999557495117,0.34380000829696655,0.08399999886751175,=NA(),20,1013.25,0,0,0,0,0,18.719995498657227,0,0,0,0,0,0,0,0,0,0,0,0,0,0
360,3,0,1,Night,,104.91768646240234,-14.917689323425293,133.42835998535156,0,0,0,0,17.32000160217285,1.5298999547958374,=NA(),0,64.81599426269531,1.4163999557495117,0.34380000829696655,0.08399999886751175,=NA(),20,1013.25,0,0,0,0,0,17.32000160217285,0,0,0,0,0,0,0,0,0,0,0,0,0,0
360,4,0,1,Night,Sun below height limit of 1 degrees.,89.75851440429688,0.24148854613304138,119.19963073730469,0,0,0,0,16.980005264282227,1.0099999904632568,=NA(),0,34.54144287109375,1.4163999557495117,0.34380000829696655,0.08399999886751175,=NA(),20,1013.25,0,0,0,0,0,16.980005264282227,0,0,0,0,0,0,0,0,0,0,0,0,0,0
360,5,0,1,Day,,84.36820983886719,5.63179349899292,114.79509735107422,94.50800323486328,87.43138885498047,72.11100006103516,0.925121545791626,18.040002822875977,1,=NA(),0.8052219748497009,9.334552764892578,1.4163999557495117,0.34380000829696655,0.08399999886751175,=NA(),20,1013.25,9.02188777923584,76.19668579101562,151.9499969482422,146.19000244140625,5.760000228881836,24.230005264282227,677.0700073242188,677.5599975585938,670.92626953125,39.1113395690918,1.0721553564071655,1.0567466020584106,44.36890411376953,1.1535781621932983,0.003960312344133854,0,0.0001329374936176464,0,-0.489990234375,6.63372802734375
360,6,0,1,Day,,73.00084686279297,16.9991512298584,107.0208969116211,297.8999938964844,229.02056884765625,235.60000610351562,0.7687833905220032,21.920007705688477,1.149999976158142,=NA(),0.6630735993385315,3.3868768215179443,1.4163999557495117,0.34380000829696655,0.08399999886751175,=NA(),20,1013.25,30.03471565246582,44.700721740722656,529.1849975585938,510.5999755859375,18.579999923706055,42.26750946044922,3213.800048828125,3028.199951171875,3030.7109375,37.88310623168945,5.000133037567139,4.932063579559326,44.68647384643555,5.280213832855225,0.01804518699645996,0,0.00042825000127777457,0,185.60009765625,-2.510986328125
360,7,0,1,Day,,61.08636474609375,28.913633346557617,99.5722427368164,504.6000061035156,307.4808349609375,407.70001220703125,0.6093555688858032,26.30999183654785,1.839900016784668,=NA(),0.5198906660079956,2.0623857975006104,1.4163999557495117,0.34380000829696655,0.08399999886751175,=NA(),20,1013.25,60,8.402731895446777,828.3349609375,772.39501953125,55.939998626708984,58.547508239746094,5058.7099609375,4508.330078125,4508.46826171875,35.91321563720703,7.84628438949585,7.721523284912109,43.43319320678711,8.295042037963867,0.027742499485611916,0,0.0011978124966844916,0,550.3798828125,-0.13818359375
360,8,0,1,Day,,48.892608642578125,41.107391357421875,91.77836608886719,520.9099731445312,358.3104553222656,247.30999755859375,0.6878548860549927,27.4999942779541,2.8299999237060547,=NA(),0.7341383099555969,1.5192204713821411,1.4163999557495117,0.34380000829696655,0.08399999886751175,=NA(),20,1013.25,48.87893295288086,1.3398669958114624,695.0700073242188,643.9749755859375,51.099998474121094,54.755638122558594,4184.52001953125,3777.06005859375,3755.9853515625,36.661624908447266,6.403651237487793,6.225183963775635,43.55415725708008,6.792101860046387,0.02284950017929077,0,0.0011148749617859721,0,407.4599609375,21.07470703125
360,9,0,1,Day,,36.65037155151367,53.34962844848633,82.46392059326172,560.4099731445312,411.89752197265625,185.11000061035156,0.7349932193756104,27.600000381469727,3.650099992752075,=NA(),0.8106472492218018,1.2457531690597534,1.4163999557495117,0.34380000829696655,0.08399999886751175,=NA(),20,1013.25,36.41263198852539,4.490150451660156,655.239990234375,602.7050170898438,52.53499984741211,53.22063446044922,3872.719970703125,3513.60009765625,3514.198974609375,36.53163528442383,6.012340068817139,5.912736415863037,43.605350494384766,6.360377311706543,0.021067749708890915,0,0.0011302500497549772,0,359.119873046875,-0.598876953125
360,10,0,1,Day,,24.76398468017578,65.23601531982422,68.64630126953125,577.2100219726562,449.71197509765625,140.41000366210938,0.779113233089447,28.920007705688477,4.460100173950195,=NA(),0.8602854609489441,1.1009747982025146,1.4163999557495117,0.34380000829696655,0.08399999886751175,=NA(),20,1013.25,23.25000762939453,8.773277282714844,640.4099731445312,590.6099853515625,49.80000305175781,54.162498474121094,3765.409912109375,3404.25,3385.40673828125,36.68667221069336,5.767617225646973,5.653253078460693,43.427955627441406,6.117690086364746,0.020526250824332237,0,0.0010652500204741955,0,361.159912109375,18.84326171875
360,11,0,1,Day,,14.648608207702637,75.35139465332031,39.80660629272461,1059.5999755859375,206.1726837158203,882.0999755859375,0.1945759654045105,30.529993057250977,5.139999866485596,=NA(),0.13382704555988312,1.0334488153457642,1.4163999557495117,0.34380000829696655,0.08399999886751175,=NA(),20,1013.25,9.499813079833984,11.202242851257324,1150.81005859375,1074.1099853515625,76.69999694824219,77.15438079833984,6898.990234375,5742.4599609375,5535.8857421875,34.70761489868164,9.969837188720703,9.619379997253418,41.67057418823242,10.846593856811523,0.03790481016039848,0,0.0016554375179111958,0,1156.5302734375,206.57421875
360,12,0,1,Day,,12.420282363891602,77.57971954345703,338.91998291015625,1053.4000244140625,202.6870880126953,871.0999755859375,0.19241227209568024,31.990015029907227,5.829899787902832,=NA(),0.1462583839893341,1.0238385200500488,1.4163999557495117,0.34380000829696655,0.08399999886751175,=NA(),20,1013.25,-4.529080390930176,11.577169418334961,1133.455078125,1056.6600341796875,76.79499816894531,76.97875213623047,6754.3701171875,5625.419921875,5625.9462890625,33.469207763671875,10.505826950073242,10.484929084777832,41.65081787109375,11.165987968444824,0.03704831376671791,0,0.001664937473833561,0,1128.9501953125,-0.5263671875
360,13,0,1,Day,,20.816816329956055,69.18318176269531,298.8232421875,1020.5999755859375,227.29254150390625,848.7100219726562,0.22270482778549194,32.790000915527344,6.329999923706055,=NA(),0.16065098345279694,1.0696098804473877,1.4163999557495117,0.34380000829696655,0.08399999886751175,=NA(),20,1013.25,-18.42279815673828,9.865303993225098,1142.175048828125,1072.9000244140625,69.2750015258789,78.54125213623047,6860.64990234375,5679.580078125,5625.7548828125,33.76038360595703,10.415410995483398,10.175333976745605,41.482521057128906,11.091649055480957,0.03783849999308586,0,0.0014949999749660492,0,1181.06982421875,53.8251953125
360,14,0,1,Day,,32.35749435424805,57.64250564575195,281.66461181640625,907.6900024414062,274.914794921875,749.0900268554688,0.30287301540374756,33.08000946044922,6.379899978637695,=NA(),0.24272048473358154,1.183318853378296,1.4163999557495117,0.34380000829696655,0.08399999886751175,=NA(),20,1013.25,-31.819368362426758,6.212037563323975,1101.35498046875,1046.330078125,55.02000045776367,77.26436614990234,6657.6796875,5538.35009765625,5448.673828125,34.152278900146484,9.971567153930664,9.811945915222168,41.582515716552734,10.644782066345215,0.03693612664937973,0,0.0012173125287517905,0,1119.32958984375,89.67626953125
360,15,0,1,Day,,44.5410270690918,45.4589729309082,271.275634765625,736.8099975585938,316.7802429199219,589.3099975585938,0.4299347698688507,32.540000915527344,6.03000020980835,=NA(),0.37962597608566284,1.4017958641052246,1.4163999557495117,0.34380000829696655,0.08399999886751175,=NA(),20,1013.25,-44.53392791748047,0.8947175145149231,994.6900024414062,943.5849609375,51.10499954223633,71.65123748779297,6003.5,5100.64013671875,5106.244140625,34.14952850341797,9.3454008102417,9.284623146057129,42.08944320678711,9.937677383422852,0.033256251364946365,0,0.0011071874760091305,0,902.85986328125,-5.60400390625
360,16,0,1,Day,,56.78316879272461,33.21683120727539,263.1253662109375,529.3099975585938,317.0832824707031,387.4100036621094,0.5990502238273621,31.990015029907227,5.480100154876709,=NA(),0.5613700151443481,1.8217663764953613,1.4163999557495117,0.34380000829696655,0.08399999886751175,=NA(),20,1013.25,-56.59342575073242,5.747189521789551,808.3250122070312,756.10498046875,52.220001220703125,63.63750457763672,4954.419921875,4333.35009765625,4327.353515625,35.28803634643555,7.664529800415039,7.542973518371582,42.73375701904297,8.10856819152832,0.02719268761575222,0,0.0011518750106915832,0,621.06982421875,5.99658203125
360,17,0,1,Day,,68.82418060302734,21.175823211669922,255.64610290527344,294.70001220703125,239.86512756347656,151.8000030517578,0.8139297962188721,30.990015029907227,3.950000047683716,=NA(),0.8014199733734131,2.7517454624176025,1.4163999557495117,0.34380000829696655,0.08399999886751175,=NA(),20,1013.25,-42.71882247924805,28.569366455078125,495.94500732421875,468.97998046875,26.959999084472656,50.612510681152344,2938.909912109375,2687.89990234375,2638.013671875,37.46876907348633,4.400600910186768,4.264400482177734,43.42097091674805,4.730461120605469,0.01629093661904335,0,0.0006300000241026282,0,251.010009765625,49.88623046875
360,18,0,1,Day,,80.43528747558594,9.564715385437012,248.05274963378906,73.7040023803711,72.90591430664062,4.803100109100342,0.9891716837882996,30.20000648498535,3.4900999069213867,=NA(),0.9907772541046143,5.822911739349365,1.4163999557495117,0.34380000829696655,0.08399999886751175,=NA(),20,1013.25,-15.461287498474121,66.17288970947266,92.4000015258789,85.625,6.779999732971191,33.826255798339844,503.32000732421875,486.0799865722656,486.2341003417969,36.814388275146484,0.825480580329895,0.8155331611633301,42.5146369934082,0.8788277506828308,0.0029255624394863844,0,0.00015512500249315053,0,17.240020751953125,-0.15411376953125
360,19,0,1,Night,Sun above horizon but GHI below 1,88.065673828125,1.9343262910842896,242.3385772705078,0,0,0,0,22.55999183654785,3.420099973678589,=NA(),0,19.79302978515625,1.4163999557495117,0.34380000829696655,0.08399999886751175,=NA(),20,1013.25,0,0,0,0,0,22.55999183654785,0,0,0,0,0,0,0,0,0,0,0,0,0,0
360,20,0,1,Night,,101.68487548828125,-11.684874534606934,230.3282928466797,0,0,0,0,21.07000160217285,2.5999999046325684,=NA(),0,64.81599426269531,1.4163999557495117,0.34380000829696655,0.08399999886751175,=NA(),20,1013.25,0,0,0,0,0,21.07000160217285,0,0,0,0,0,0,0,0,0,0,0,0,0,0
360,21,0,1,Night,,110.31291961669922,-20.31291961669922,219.1879425048828,0,0,0,0,19.969995498657227,2.440000057220459,=NA(),0,64.81599426269531,1.4163999557495117,0.34380000829696655,0.08399999886751175,=NA(),20,1013.25,0,0,0,0,0,19.969995498657227,0,0,0,0,0,0,0,0,0,0,0,0,0,0
360,22,0,1,Night,,116.93397521972656,-26.933975219726562,206.0157012939453,0,0,0,0,18.82000160217285,5.019899845123291,=NA(),0,64.81599426269531,1.4163999557495117,0.34380000829696655,0.08399999886751175,=NA(),20,1013.25,0,0,0,0,0,18.82000160217285,0,0,0,0,0,0,0,0,0,0,0,0,0,0
360,23,0,1,Night,,120.83686828613281,-30.83686637878418,190.93508911132812,0,0,0,0,17.230005264282227,6.539899826049805,=NA(),0,64.81599426269531,1.4163999557495117,0.34380000829696655,0.08399999886751175,=NA(),20,1013.25,0,0,0,0,0,17.230005264282227,0,0,0,0,0,0,0,0,0,0,0,0,0,0
361,0,0,1,Night,,121.4618148803711,-31.46181869506836,174.86282348632812,0,0,0,0,16.399988174438477,6.539899826049805,=NA(),0,64.81599426269531,1.4163999557495117,0.34380000829696655,0.08399999886751175,=NA(),20,1013.25,0,0,0,0,0,16.399988174438477,0,0,0,0,0,0,0,0,0,0,0,0,0,0
361,1,0,1,Night,,118.70674896240234,-28.706748962402344,159.2714080810547,0,0,0,0,16.040002822875977,5.509900093078613,=NA(),0,64.81599426269531,1.4163999557495117,0.34380000829696655,0.08399999886751175,=NA(),20,1013.25,0,0,0,0,0,16.040002822875977,0,0,0,0,0,0,0,0,0,0,0,0,0,0
361,2,0,1,Night,,112.99494171142578,-22.99493980407715,145.35122680664062,0,0,0,0,15.980005264282227,4.829999923706055,=NA(),0,64.81599426269531,1.4163999557495117,0.34380000829696655,0.08399999886751175,=NA(),20,1013.25,0,0,0,0,0,15.980005264282227,0,0,0,0,0,0,0,0,0,0,0,0,0,0
361,3,0,1,Night,,105.018310546875,-15.01830768585205,133.49380493164062,0,0,0,0,15.330011367797852,4.629899978637695,=NA(),0,64.81599426269531,1.4163999557495117,0.34380000829696655,0.08399999886751175,=NA(),20,1013.25,0,0,0,0,0,15.330011367797852,0,0,0,0,0,0,0,0,0,0,0,0,0,0
361,4,0,1,Night,Sun below height limit of 1 degrees.,89.8047103881836,0.1952885389328003,119.20172882080078,0,0,0,0,14.390008926391602,5.0100998878479,=NA(),0,35.15754699707031,1.4163999557495117,0.34380000829696655,0.08399999886751175,=NA(),20,1013.25,0,0,0,0,0,14.390008926391602,0,0,0,0,0,0,0,0,0,0,0,0,0,0
361,5,0,1,Day,,84.47832489013672,5.521675109863281,114.83234405517578,100.0999984741211,92.35486602783203,80.49199676513672,0.9226260185241699,16.969995498657227,6.069900035858154,=NA(),0.7796156406402588,9.491525650024414,1.4163999557495117,0.34380000829696655,0.08399999886751175,=NA(),20,1013.25,8.842630386352539,76.47087860107422,164.75999450683594,158.94500732421875,5.815000057220459,23.68999671936035,723.0499877929688,724.9400024414062,718.9905395507812,39.221431732177734,1.1457360982894897,1.131327509880066,44.55518341064453,1.2294143438339233,0.004225812386721373,0,0.00013368749932851642,0,-1.8900146484375,5.949462890625
361,6,0,1,Day,,73.11569213867188,16.884307861328125,107.050048828125,304,232.2903289794922,246.89999389648438,0.7641129493713379,18.969995498657227,5.880099773406982,=NA(),0.6458983421325684,3.408726453781128,1.4163999557495117,0.34380000829696655,0.08399999886751175,=NA(),20,1013.25,29.751068115234375,45.07917404174805,543.6949462890625,525.175048828125,18.520000457763672,39.829368591308594,3302.14013671875,3137.739990234375,3140.701416015625,38.2313117980957,5.134402275085449,5.068058013916016,45.055885314941406,5.4178619384765625,0.01854456216096878,0,0.00042749999556690454,0,164.400146484375,-2.96142578125
361,7,0,1,Day,,61.20289993286133,28.797100067138672,99.5966567993164,530.0900268554688,317.13116455078125,442.0899963378906,0.5982590913772583,20.93999671936035,5.139999866485596,=NA(),0.4788043797016144,2.069953680038452,1.4163999557495117,0.34380000829696655,0.08399999886751175,=NA(),20,1013.25,60,8.444310188293457,876.9949951171875,819.1650390625,57.834999084472656,54.96312713623047,5355.27001953125,4835.52001953125,4836.3642578125,36.39640808105469,8.305191040039062,8.177536010742188,44.00740432739258,8.770369529724121,0.029401186853647232,0,0.001235812553204596,0,519.75,-0.84423828125
361,8,0,1,Day,,49.01003646850586,40.98996353149414,91.80229949951172,399.70001220703125,344.4742431640625,84.19499969482422,0.8618319630622864,21.899988174438477,4.360000133514404,=NA(),0.909439742565155,1.5227866172790527,1.4163999557495117,0.34380000829696655,0.08399999886751175,=NA(),20,1013.25,48.996002197265625,1.3603222370147705,479.45001220703125,424.5350036621094,54.915000915527344,40.698753356933594,2791.909912109375,2643.669921875,2621.993896484375,38.46114730834961,4.261356353759766,4.047019004821777,44.63318634033203,4.536845684051514,0.014903750270605087,0,0.0011879374505952,0,148.239990234375,21.676025390625
361,9,0,1,Day,,36.767845153808594,53.232154846191406,82.4967269897461,647.4000244140625,388.4229431152344,323.2900085449219,0.5999736189842224,23.399988174438477,3.8101000785827637,=NA(),0.6692094802856445,1.2476544380187988,1.4163999557495117,0.34380000829696655,0.08399999886751175,=NA(),20,1013.25,36.53187942504883,4.483012676239014,782.97998046875,731.7099609375,51.27000045776367,53.91436004638672,4688,4246.60009765625,4247.482421875,36.51350021362305,7.270443439483643,7.195470333099365,43.883399963378906,7.685991287231445,0.02570987492799759,0,0.0011158124543726444,0,441.39990234375,-0.88232421875
361,10,0,1,Day,,24.87903594970703,65.12096405029297,68.72120666503906,1065.9000244140625,258.4847412109375,890.010009765625,0.24250373244285583,24.93999671936035,3.420099973678589,=NA(),0.11429496109485626,1.101995825767517,1.4163999557495117,0.34380000829696655,0.08399999886751175,=NA(),20,1013.25,23.3703670501709,8.782045364379883,1222.875,1153.8599853515625,69.02000427246094,73.63936614990234,7319.66015625,6177.14990234375,6139.47802734375,34.187992095947266,11.223859786987305,11.114166259765625,42.24714279174805,11.873563766479492,0.0405438132584095,0,0.0014713124837726355,0,1142.51025390625,37.671875
361,11,0,1,Day,,14.744734764099121,75.25526428222656,40.08579635620117,645.8900146484375,466.9918518066406,184.99000549316406,0.7230206727981567,25.30999183654785,3.1600000858306885,=NA(),0.8183487057685852,1.033902645111084,1.4163999557495117,0.34380000829696655,0.08399999886751175,=NA(),20,1013.25,9.618550300598145,11.228550910949707,702.1950073242188,648.9849853515625,53.209999084472656,53.274375915527344,4128.9697265625,3746.6201171875,3648.06396484375,37.57516098022461,6.068723678588867,5.817969799041748,43.720001220703125,6.580874443054199,0.02249731309711933,0,0.001153249992057681,0,382.349609375,98.55615234375
361,12,0,1,Day,,12.421053886413574,77.57894897460938,339.47576904296875,430.70001220703125,405.2099609375,26.10099983215332,0.9408171772956848,26.1400089263916,3.2300000190734863,=NA(),0.9744212031364441,1.0238416194915771,1.4163999557495117,0.34380000829696655,0.08399999886751175,=NA(),20,1013.25,-4.415628433227539,11.621232032775879,468.4649963378906,430.489990234375,37.974998474121094,44.48375701904297,2684.14990234375,2508.06005859375,2506.630859375,37.492225646972656,4.178586483001709,4.171725273132324,44.06226348876953,4.41791296005249,0.014673687517642975,0,0.0008102499996311963,0,176.08984375,1.42919921875
361,13,0,1,Day,,20.752832412719727,69.2471694946289,299.1083679199219,947.510009765625,255.05535888671875,740.5,0.2691848576068878,26.0200138092041,3.5099000930786133,=NA(),0.2677925229072571,1.0691574811935425,1.4163999557495117,0.34380000829696655,0.08399999886751175,=NA(),20,1013.25,-18.317907333374023,9.925763130187988,1059.340087890625,994.47998046875,64.86000061035156,68.08687591552734,6372.85009765625,5489.31982421875,5442.29541015625,35.122039794921875,9.685029983520508,9.488234519958496,42.66965866088867,10.289976119995117,0.035092249512672424,0,0.0014071250334382057,0,883.5302734375,47.0244140625
361,14,0,1,Day,,32.27772521972656,57.72227478027344,281.83203125,906,274.95001220703125,746.3900146484375,0.30347684025764465,26.290002822875977,4.039999961853027,=NA(),0.2456611543893814,1.1822794675827026,1.4163999557495117,0.34380000829696655,0.08399999886751175,=NA(),20,1013.25,-31.724750518798828,6.286369323730469,1098.39990234375,1043.419921875,54.980003356933594,70.0843734741211,6640.43994140625,5678.02001953125,5593.5224609375,35.06535720825195,9.97006607055664,9.818946838378906,42.49796676635742,10.62081241607666,0.03683824837207794,0,0.0012145624496042728,0,962.419921875,84.49755859375
361,15,0,1,Day,,44.4578742980957,45.5421257019043,271.399169921875,654.0999755859375,343.4763488769531,435.19000244140625,0.5251129269599915,25.920007705688477,4.900000095367432,=NA(),0.5420725345611572,1.3998044729232788,1.4163999557495117,0.34380000829696655,0.08399999886751175,=NA(),20,1013.25,-44.449337005615234,0.9798944592475891,867.969970703125,818.1649780273438,49.80500030517578,59.76250457763672,5227.10009765625,4638.68017578125,4644.1220703125,35.716426849365234,8.1267728805542,8.055346488952637,43.34182357788086,8.612044334411621,0.028822187334299088,0,0.0010809374507516623,0,588.419921875,-5.44189453125
361,16,0,1,Day,,56.70124053955078,33.29875946044922,263.23052978515625,507,318.7463073730469,342.8999938964844,0.6286909580230713,26.1400089263916,6.229899883270264,=NA(),0.612051784992218,1.817821741104126,1.4163999557495117,0.34380000829696655,0.08399999886751175,=NA(),20,1013.25,-56.517059326171875,5.654058456420898,764.405029296875,712.385009765625,52.025001525878906,55.891868591308594,4674.39990234375,4204.330078125,4199.931640625,36.2990837097168,7.231660842895508,7.109439373016357,43.62186813354492,7.639729022979736,0.025599874556064606,0,0.0011478124652057886,0,470.06982421875,4.3984375
361,17,0,1,Day,,68.7460708618164,21.253929138183594,255.74452209472656,279.30999755859375,234.39601135253906,123.9000015258789,0.8391966223716736,24.600000381469727,7.610000133514404,=NA(),0.8381555676460266,2.7422382831573486,1.4163999557495117,0.34380000829696655,0.08399999886751175,=NA(),20,1013.25,-43.02391815185547,28.19698143005371,454.2249755859375,426.55999755859375,27.670000076293945,42.47063446044922,2677.800048828125,2519.7900390625,2474.936767578125,38.49309539794922,4.018714904785156,3.8861536979675293,44.3229866027832,4.314967632293701,0.01480456255376339,0,0.0006422500009648502,0,158.010009765625,44.853271484375
361,18,0,1,Day,,80.3626708984375,9.637327194213867,248.15122985839844,70.30500030517578,69.68460845947266,3.7058000564575195,0.9911757111549377,21.82000160217285,8.569999694824219,=NA(),0.9929163455963135,5.782276630401611,1.4163999557495117,0.34380000829696655,0.08399999886751175,=NA(),20,1013.25,-15.578864097595215,65.98247528076172,83.78500366210938,76.9749984741211,6.814999580383301,25.0887393951416,455.2900085449219,454.2300109863281,454.31414794921875,37.96253967285156,0.7479627132415771,0.7381383776664734,43.575172424316406,0.7956873178482056,0.0026448750868439674,0,0.00015562500630039722,0,1.05999755859375,-0.084136962890625
361,19,0,1,Night,Sun above horizon but GHI below 1,88.0342025756836,1.9657998085021973,242.4143829345703,0,0,0,0,19.8699893951416,8.849900245666504,=NA(),0,19.621524810791016,1.4163999557495117,0.34380000829696655,0.08399999886751175,=NA(),20,1013.25,0,0,0,0,0,19.8699893951416,0,0,0,0,0,0,0,0,0,0,0,0,0,0
361,20,0,1,Night,,101.637939453125,-11.637935638427734,230.44110107421875,0,0,0,0,19.029993057250977,9.14009952545166,=NA(),0,64.81599426269531,1.4163999557495117,0.34380000829696655,0.08399999886751175,=NA(),20,1013.25,0,0,0,0,0,19.029993057250977,0,0,0,0,0,0,0,0,0,0,0,0,0,0
361,21,0,1,Night,,110.28388214111328,-20.283884048461914,219.3124237060547,0,0,0,0,17.959985733032227,9.070099830627441,=NA(),0,64.81599426269531,1.4163999557495117,0.34380000829696655,0.08399999886751175,=NA(),20,1013.25,0,0,0,0,0,17.959985733032227,0,0,0,0,0,0,0,0,0,0,0,0,0,0
361,22,0,1,Night,,116.92839050292969,-26.928390502929688,206.15066528320312,0,0,0,0,17.600000381469727,8.5600004196167,=NA(),0,64.81599426269531,1.4163999557495117,0.34380000829696655,0.08399999886751175,=NA(),20,1013.25,0,0,0,0,0,17.600000381469727,0,0,0,0,0,0,0,0,0,0,0,0,0,0
361,23,0,1,Night,,120.859375,-30.859373092651367,191.07308959960938,0,0,0,0,15.800012588500977,7.610000133514404,=NA(),0,64.81599426269531,1.4163999557495117,0.34380000829696655,0.08399999886751175,=NA(),20,1013.25,0,0,0,0,0,15.800012588500977,0,0,0,0,0,0,0,0,0,0,0,0,0,0
362,0,0,1,Night,,121.51324462890625,-31.51324462890625,174.99090576171875,0,0,0,0,14.899988174438477,6.590000152587891,=NA(),0,64.81599426269531,1.4163999557495117,0.34380000829696655,0.08399999886751175,=NA(),20,1013.25,0,0,0,0,0,14.899988174438477,0,0,0,0,0,0,0,0,0,0,0,0,0,0
362,1,0,1,Night,,118.78299713134766,-28.782995223999023,159.37823486328125,0,0,0,0,15.309991836547852,5.659900188446045,=NA(),0,64.81599426269531,1.4163999557495117,0.34380000829696655,0.08399999886751175,=NA(),20,1013.25,0,0,0,0,0,15.309991836547852,0,0,0,0,0,0,0,0,0,0,0,0,0,0
362,2,0,1,Night,,113.08937072753906,-23.08936882019043,145.4332275390625,0,0,0,0,14.779993057250977,4.900000095367432,=NA(),0,64.81599426269531,1.4163999557495117,0.34380000829696655,0.08399999886751175,=NA(),20,1013.25,0,0,0,0,0,14.779993057250977,0,0,0,0,0,0,0,0,0,0,0,0,0,0
362,3,0,1,Night,,105.12430572509766,-15.124307632446289,133.55384826660156,0,0,0,0,14.499994277954102,4.349999904632568,=NA(),0,64.81599426269531,1.4163999557495117,0.34380000829696655,0.08399999886751175,=NA(),20,1013.25,0,0,0,0,0,14.499994277954102,0,0,0,0,0,0,0,0,0,0,0,0,0,0
362,4,0,1,Night,Sun below height limit of 1 degrees.,89.85372161865234,0.1462811678647995,119.19270324707031,0,0,0,0,14.129999160766602,4.699900150299072,=NA(),0,35.82755661010742,1.4163999557495117,0.34380000829696655,0.08399999886751175,=NA(),20,1013.25,0,0,0,0,0,14.129999160766602,0,0,0,0,0,0,0,0,0,0,0,0,0,0
362,5,0,1,Day,,84.59184265136719,5.408156871795654,114.86307525634766,100.80000305175781,92.98685455322266,82.89800262451172,0.9224886298179626,14.700006484985352,5.589900016784668,=NA(),0.7697518467903137,9.658669471740723,1.4163999557495117,0.34380000829696655,0.08399999886751175,=NA(),20,1013.25,8.657517433166504,76.7532958984375,167.16000366210938,161.41000366210938,5.755000114440918,21.51812171936035,725.6599731445312,733.1400146484375,727.7169189453125,39.511131286621094,1.151138424873352,1.1373708248138428,44.86220932006836,1.2334656715393066,0.004242937546223402,0,0.00013212500198278576,0,-7.48004150390625,5.423095703125
362,6,0,1,Day,,73.23433685302734,16.76566505432129,107.07208251953125,306.1099853515625,233.61758422851562,251.30999755859375,0.7631818652153015,16.6299991607666,5.419899940490723,=NA(),0.6384855508804321,3.4316070079803467,1.4163999557495117,0.34380000829696655,0.08399999886751175,=NA(),20,1013.25,29.459131240844727,45.4677848815918,549.175048828125,530.780029296875,18.395000457763672,37.65624237060547,3333.8701171875,3191.409912109375,3194.809326171875,38.53010559082031,5.182352066040039,5.119219779968262,45.35679626464844,5.465323448181152,0.018725687637925148,0,0.00042556249536573887,0,142.460205078125,-3.3994140625
362,7,0,1,Day,,61.32305908203125,28.67694091796875,99.61307525634766,531.7899780273438,318.6842956542969,444.0899963378906,0.5992671847343445,18.5200138092041,4.590000152587891,=NA(),0.47582459449768066,2.0778236389160156,1.4163999557495117,0.34380000829696655,0.08399999886751175,=NA(),20,1013.25,60,8.481207847595215,881.6950073242188,823.5550537109375,58.13500213623047,52.654380798339844,5381.1298828125,4898.7998046875,4900.5009765625,36.69882583618164,8.345982551574707,8.21833610534668,44.31360626220703,8.810111999511719,0.029542062431573868,0,0.0012432499788701534,0,482.330078125,-1.701171875
362,8,0,1,Day,,49.130836486816406,40.869163513183594,91.81683349609375,691.2899780273438,322.252197265625,563.989990234375,0.4661606550216675,19.860010147094727,3.5000998973846436,=NA(),0.39302006363868713,1.5264793634414673,1.4163999557495117,0.34380000829696655,0.08399999886751175,=NA(),20,1013.25,49.116580963134766,1.373795747756958,981.7999877929688,930.0799560546875,51.71500015258789,58.303123474121094,5988.93017578125,5345.7802734375,5320.60791015625,36.211219787597656,9.183674812316895,8.996146202087402,43.798858642578125,9.708137512207031,0.03315287455916405,0,0.001127062481828034,0,643.14990234375,25.17236328125
362,9,0,1,Day,,36.88863754272461,53.11136245727539,82.51769256591797,967.2899780273438,321.2965087890625,807.6900024414062,0.3321615159511566,20.6400089263916,2.440000057220459,=NA(),0.17332600057125092,1.2496209144592285,1.4163999557495117,0.34380000829696655,0.08399999886751175,=NA(),20,1013.25,36.65369415283203,4.483163356781006,1221.574951171875,1163.705078125,57.8650016784668,68.65874481201172,7353.64990234375,6323.8701171875,6325.9228515625,34.52287292480469,11.452407836914062,11.424361228942871,42.89297866821289,12.14384937286377,0.040958624333143234,0,0.0012542499462142587,0,1029.77978515625,-2.052734375
362,10,0,1,Day,,24.998106002807617,65.00189208984375,68.7797622680664,1097.199951171875,266.82794189453125,916.2000122070312,0.24318990111351013,22.230005264282227,1.820099949836731,=NA(),0.0881083756685257,1.1030590534210205,1.4163999557495117,0.34380000829696655,0.08399999886751175,=NA(),20,1013.25,23.49230194091797,8.798354148864746,1259.6099853515625,1188.610107421875,70.9949951171875,72.3187484741211,7521.56982421875,6380.1201171875,6348.341796875,34.288753509521484,11.571547508239746,11.474736213684082,42.47294616699219,12.227787017822266,0.04169843718409538,0,0.0015010625356808305,0,1141.44970703125,31.7783203125
362,11,0,1,Day,,14.847297668457031,75.15270233154297,40.3427619934082,1101.300048828125,212.40350341796875,919.5999755859375,0.19286614656448364,23.70000648498535,1.7200000286102295,=NA(),0.09697425365447998,1.0343905687332153,1.4163999557495117,0.34380000829696655,0.08399999886751175,=NA(),20,1013.25,9.737754821777344,11.262557983398438,1196.804931640625,1117.155029296875,79.6500015258789,71.96749114990234,7157.39013671875,6078.2900390625,5877.03173828125,35.32630920410156,10.398759841918945,10.045278549194336,42.41200637817383,11.275064468383789,0.039366185665130615,0,0.001702562440186739,0,1079.10009765625,201.25830078125
362,12,0,1,Day,,12.430475234985352,77.56952667236328,340.04052734375,1118.9000244140625,206.50196838378906,934.2999877929688,0.18455801904201508,24.55999183654785,1.7401000261306763,=NA(),0.08445104956626892,1.023878574371338,1.4163999557495117,0.34380000829696655,0.08399999886751175,=NA(),20,1013.25,-4.302952766418457,11.672972679138184,1203.56494140625,1122.030029296875,81.53500366210938,72.36125946044922,7143.85009765625,6057.7802734375,6044.771484375,34.162933349609375,11.058733940124512,10.99319076538086,42.35997009277344,11.700138092041016,0.039236314594745636,0,0.0017488750163465738,0,1086.06982421875,13.0087890625
362,13,0,1,Day,,20.694629669189453,69.30536651611328,299.411376953125,1030.0999755859375,226.61862182617188,858.9000244140625,0.21999672055244446,25.459985733032227,1.660099983215332,=NA(),0.15084746479988098,1.0687475204467773,1.4163999557495117,0.34380000829696655,0.08399999886751175,=NA(),20,1013.25,-18.215038299560547,9.9937162399292,1151.7950439453125,1081.72998046875,70.05500030517578,71.25249481201172,6913.60986328125,5886.5,5849.20263671875,34.579402923583984,10.57238483428955,10.374395370483398,42.43288803100586,11.211584091186523,0.03813306242227554,0,0.001508562476374209,0,1027.10986328125,37.29736328125
362,14,0,1,Day,,32.20254135131836,57.79745864868164,282.0123596191406,919.7100219726562,273.651123046875,763.510009765625,0.29754066467285156,25.93999671936035,1.5999000072479248,=NA(),0.22855734825134277,1.1813035011291504,1.4163999557495117,0.34380000829696655,0.08399999886751175,=NA(),20,1013.25,-31.63326644897461,6.367861747741699,1114.56005859375,1058.8699951171875,55.689998626708984,70.32186126708984,6735.66015625,5754.60986328125,5684.517578125,34.93442153930664,10.170228958129883,10.02525806427002,42.49724578857422,10.813222885131836,0.03737981244921684,0,0.0012261250521987677,0,981.05029296875,70.09228515625
362,15,0,1,Day,,44.37910842895508,45.62089157104492,271.5325927734375,764.4099731445312,314.69610595703125,629.2100219726562,0.4116849899291992,26.3900089263916,1.6899000406265259,=NA(),0.33818772435188293,1.3979260921478271,1.4163999557495117,0.34380000829696655,0.08399999886751175,=NA(),20,1013.25,-44.36886215209961,1.0718295574188232,1033.1500244140625,981.199951171875,51.95000076293945,66.82750701904297,6237.58984375,5397.64013671875,5404.56689453125,34.77730941772461,9.712833404541016,9.65674114227295,42.78782653808594,10.316351890563965,0.034591998904943466,0,0.0011233750265091658,0,839.94970703125,-6.9267578125
362,16,0,1,Day,,56.62378692626953,33.37621307373047,263.3438415527344,522.489990234375,317.95562744140625,371.7900085449219,0.6085391640663147,25.409997940063477,2.049999952316284,=NA(),0.5796567797660828,1.8141112327575684,1.4163999557495117,0.34380000829696655,0.08399999886751175,=NA(),20,1013.25,-56.44552993774414,5.554600238800049,793.280029296875,741.3200073242188,51.959999084472656,56.256858825683594,4856.85009765625,4363.490234375,4361.33056640625,36.23579788208008,7.5226569175720215,7.406837463378906,43.64949035644531,7.948724269866943,0.026640625670552254,0,0.0011471250327304006,0,493.35986328125,2.15966796875
362,17,0,1,Day,,68.6732177734375,21.326784133911133,255.8499298095703,291.1000061035156,239.1255340576172,142.91000366210938,0.8214549422264099,25.1400089263916,2.460099935531616,=NA(),0.8135766983032227,2.7334327697753906,1.4163999557495117,0.34380000829696655,0.08399999886751175,=NA(),20,1013.25,-43.30799102783203,27.845670700073242,486.8699951171875,459.5199890136719,27.350000381469727,44.276878356933594,2876.159912109375,2690.119873046875,2651.94873046875,38.192317962646484,4.340039253234863,4.213927745819092,44.21632385253906,4.64385986328125,0.015929874032735825,0,0.0006369375041685998,0,186.0400390625,38.171142578125
362,18,0,1,Day,,80.29759216308594,9.702411651611328,248.25595092773438,80.30699920654297,79.12574768066406,7.009099960327148,0.9852908253669739,22.909997940063477,3.140000104904175,=NA(),0.9866556525230408,5.746325969696045,1.4163999557495117,0.34380000829696655,0.08399999886751175,=NA(),20,1013.25,-15.6824369430542,65.81158447265625,103.33499908447266,96.14500427246094,7.190000057220459,26.9318790435791,567.6599731445312,562.5800170898438,563.0155029296875,37.98518371582031,0.926371693611145,0.9169394969940186,43.69313430786133,0.9829494953155518,0.0032905000261962414,0,0.0001648125034989789,0,5.0799560546875,-0.43548583984375
362,19,0,1,Night,Sun above horizon but GHI below 1,88.01068878173828,1.9893078804016113,242.49606323242188,0,0,0,0,20.3900089263916,4.670000076293945,=NA(),0,19.4951114654541,1.4163999557495117,0.34380000829696655,0.08399999886751175,=NA(),20,1013.25,0,0,0,0,0,20.3900089263916,0,0,0,0,0,0,0,0,0,0,0,0,0,0
362,20,0,1,Night,,101.59635162353516,-11.596349716186523,230.55894470214844,0,0,0,0,18.9999942779541,5.679999828338623,=NA(),0,64.81599426269531,1.4163999557495117,0.34380000829696655,0.08399999886751175,=NA(),20,1013.25,0,0,0,0,0,18.9999942779541,0,0,0,0,0,0,0,0,0,0,0,0,0,0
362,21,0,1,Night,,110.26101684570312,-20.261016845703125,219.44107055664062,0,0,0,0,18.300012588500977,5.849999904632568,=NA(),0,64.81599426269531,1.4163999557495117,0.34380000829696655,0.08399999886751175,=NA(),20,1013.25,0,0,0,0,0,18.300012588500977,0,0,0,0,0,0,0,0,0,0,0,0,0,0
362,22,0,1,Night,,116.92984771728516,-26.929845809936523,206.28854370117188,0,0,0,0,17.17998695373535,5.789999961853027,=NA(),0,64.81599426269531,1.4163999557495117,0.34380000829696655,0.08399999886751175,=NA(),20,1013.25,0,0,0,0,0,17.17998695373535,0,0,0,0,0,0,0,0,0,0,0,0,0,0
362,23,0,1,Night,,120.88924407958984,-30.889244079589844,191.212158203125,0,0,0,0,16.149988174438477,5.720099925994873,=NA(),0,64.81599426269531,1.4163999557495117,0.34380000829696655,0.08399999886751175,=NA(),20,1013.25,0,0,0,0,0,16.149988174438477,0,0,0,0,0,0,0,0,0,0,0,0,0,0
363,0,0,1,Night,,121.5719985961914,-31.57199478149414,175.11785888671875,0,0,0,0,15.230005264282227,5.560100078582764,=NA(),0,64.81599426269531,1.4163999557495117,0.34380000829696655,0.08399999886751175,=NA(),20,1013.25,0,0,0,0,0,15.230005264282227,0,0,0,0,0,0,0,0,0,0,0,0,0,0
363,1,0,1,Night,,118.8663101196289,-28.86631202697754,159.48196411132812,0,0,0,0,14.600000381469727,5.28000020980835,=NA(),0,64.81599426269531,1.4163999557495117,0.34380000829696655,0.08399999886751175,=NA(),20,1013.25,0,0,0,0,0,14.600000381469727,0,0,0,0,0,0,0,0,0,0,0,0,0,0
363,2,0,1,Night,,113.19007110595703,-23.190074920654297,145.5106658935547,0,0,0,0,14.200006484985352,4.869900226593018,=NA(),0,64.81599426269531,1.4163999557495117,0.34380000829696655,0.08399999886751175,=NA(),20,1013.25,0,0,0,0,0,14.200006484985352,0,0,0,0,0,0,0,0,0,0,0,0,0,0
363,3,0,1,Night,,105.23582458496094,-15.235824584960938,133.60841369628906,0,0,0,0,13.760004043579102,4.479899883270264,=NA(),0,64.81599426269531,1.4163999557495117,0.34380000829696655,0.08399999886751175,=NA(),20,1013.25,0,0,0,0,0,13.760004043579102,0,0,0,0,0,0,0,0,0,0,0,0,0,0
363,4,0,1,Night,Sun below height limit of 1 degrees.,89.90164184570312,0.0983617827296257,119.17485809326172,0,0,0,0,12.719995498657227,4.670000076293945,=NA(),0,36.49895477294922,1.4163999557495117,0.34380000829696655,0.08399999886751175,=NA(),20,1013.25,0,0,0,0,0,12.719995498657227,0,0,0,0,0,0,0,0,0,0,0,0,0,0
363,5,0,1,Day,,84.70968627929688,5.290315628051758,114.88725280761719,98.00499725341797,90.60078430175781,80.30400085449219,0.9244506359100342,13.230005264282227,5.300000190734863,=NA(),0.7735252976417542,9.83816909790039,1.4163999557495117,0.34380000829696655,0.08399999886751175,=NA(),20,1013.25,8.465078353881836,77.04618072509766,161.885009765625,156.25,5.635000228881836,19.8331241607666,697.6500244140625,708.989990234375,704.17822265625,39.67702865600586,1.1092449426651,1.096672773361206,45.0300407409668,1.1876804828643799,0.0040837498381733894,0,0.00012931249511893839,0,-11.3399658203125,4.811767578125
363,6,0,1,Day,,73.35700225830078,16.642995834350586,107.08698272705078,307.7099914550781,234.81643676757812,254.50999450683594,0.763109564781189,16.719995498657227,5.050000190734863,=NA(),0.6327210068702698,3.4556009769439697,1.4163999557495117,0.34380000829696655,0.08399999886751175,=NA(),20,1013.25,29.15859603881836,45.86714172363281,553.510009765625,535.25,18.260000228881836,37.90874481201172,3358.31005859375,3212.1201171875,3216.050048828125,38.49308395385742,5.221823692321777,5.162250518798828,45.33698654174805,5.507452487945557,0.018865937367081642,0,0.0004230625054333359,0,146.18994140625,-3.929931640625
363,7,0,1,Day,,61.446746826171875,28.553253173828125,99.62147521972656,532.7100219726562,320.0061950683594,445.010009765625,0.6007136702537537,19.100000381469727,3.5399999618530273,=NA(),0.4740844964981079,2.0859971046447754,1.4163999557495117,0.34380000829696655,0.08399999886751175,=NA(),20,1013.25,60,8.513545036315918,885.0150146484375,826.614990234375,58.400001525878906,53.370018005371094,5398.25,4902.08984375,4904.9287109375,36.595062255859375,8.37721061706543,8.249795913696289,44.22785186767578,8.848488807678223,0.029633937403559685,0,0.0012495624832808971,0,496.16015625,-2.8388671875
363,8,0,1,Day,,49.25485610961914,40.74514389038086,91.82196044921875,742.2000122070312,337.7245788574219,619.7000122070312,0.45503175258636475,20.6400089263916,1.7000000476837158,=NA(),0.33265596628189087,1.5302962064743042,1.4163999557495117,0.34380000829696655,0.08399999886751175,=NA(),20,1013.25,49.24053192138672,1.3802512884140015,1058.93994140625,1004.25,54.689998626708984,62.389366149902344,6445.85009765625,5670.56982421875,5621.67333984375,35.8302001953125,9.806468963623047,9.64598560333252,43.422607421875,10.385366439819336,0.03573356196284294,0,0.0011888749431818724,0,775.2802734375,48.896484375
363,9,0,1,Day,,37.01274871826172,52.98725128173828,82.52684020996094,913.8099975585938,304.5453186035156,763.010009765625,0.3332698345184326,22.1199893951416,0.39989998936653137,=NA(),0.21880662441253662,1.2516536712646484,1.4163999557495117,0.34380000829696655,0.08399999886751175,=NA(),20,1013.25,36.77809143066406,4.4906392097473145,1155.655029296875,1101.0849609375,54.56999969482422,67.4587631225586,6979.22021484375,6027.81982421875,6030.96728515625,34.69499206542969,10.8642578125,10.841110229492188,42.93787384033203,11.520947456359863,0.038828376680612564,0,0.001194562530145049,0,951.400390625,-3.1474609375
363,10,0,1,Day,,25.121150970458984,64.87884521484375,68.82207489013672,1029.5999755859375,251.22621154785156,859.6900024414062,0.24400371313095093,23.730005264282227,1.25,=NA(),0.14422088861465454,1.1041650772094727,1.4163999557495117,0.34380000829696655,0.08399999886751175,=NA(),20,1013.25,23.615787506103516,8.822234153747559,1182.9150390625,1116.405029296875,66.50999450683594,70.63188934326172,7094.85009765625,6055.5498046875,6031.50244140625,34.48209762573242,10.932355880737305,10.85049819946289,42.56620788574219,11.550251007080078,0.039270687848329544,0,0.0014286249643191695,0,1039.30029296875,24.04736328125
363,11,0,1,Day,,14.956151008605957,75.0438461303711,40.57733154296875,1082.199951171875,208.7276153564453,904.0999755859375,0.19287343323230743,25.43999671936035,2.0399999618530273,=NA(),0.1121571809053421,1.0349125862121582,1.4163999557495117,0.34380000829696655,0.08399999886751175,=NA(),20,1013.25,9.857320785522461,11.304254531860352,1176.405029296875,1098.1700439453125,78.23500061035156,72.85375213623047,7042.72021484375,5960.47998046875,5780.40625,35.14728546142578,10.279829025268555,9.948948860168457,42.26519012451172,11.128089904785156,0.0387229360640049,0,0.0016752500087022781,0,1082.240234375,180.07373046875
363,12,0,1,Day,,12.448604583740234,77.55139923095703,340.612548828125,1078.5,199.84474182128906,899.8099975585938,0.18529878556728363,25.909997940063477,2.4798998832702637,=NA(),0.11829008162021637,1.0239498615264893,1.4163999557495117,0.34380000829696655,0.08399999886751175,=NA(),20,1013.25,-4.191150188446045,11.73236083984375,1159.945068359375,1081.3599853515625,78.58000183105469,72.0681381225586,6898.93017578125,5855.85009765625,5829.892578125,34.34711837768555,10.608469009399414,10.50451374053955,42.3240966796875,11.228704452514648,0.03785831481218338,0,0.0016977500636130571,0,1043.080078125,25.95751953125
363,13,0,1,Day,,20.642305374145508,69.35769653320312,299.73187255859375,1032,226.47317504882812,860.7899780273438,0.21945075690746307,27.68999671936035,2.740000009536743,=NA(),0.1490921676158905,1.0683801174163818,1.4163999557495117,0.34380000829696655,0.08399999886751175,=NA(),20,1013.25,-18.11423683166504,10.069096565246582,1153.4150390625,1083.155029296875,70.26499938964844,73.55062103271484,6921.77978515625,5842.18017578125,5817.337890625,34.15642166137695,10.644844055175781,10.486418724060059,42.141502380371094,11.27489185333252,0.03817681223154068,0,0.001512249931693077,0,1079.599609375,24.84228515625
363,14,0,1,Day,,32.13195037841797,57.86804962158203,282.20550537109375,903.2000122070312,274.940185546875,741.9000244140625,0.3044067621231079,28.050012588500977,2.8798999786376953,=NA(),0.25056782364845276,1.180390477180481,1.4163999557495117,0.34380000829696655,0.08399999886751175,=NA(),20,1013.25,-31.544879913330078,6.456428527832031,1093.320068359375,1038.409912109375,54.915000915527344,71.54375457763672,6610.990234375,5621.6298828125,5569.58740234375,34.65468215942383,10.045018196105957,9.916447639465332,42.3021240234375,10.663103103637695,0.03667137399315834,0,0.0012098749866709113,0,989.3603515625,52.04248046875
363,15,0,1,Day,,44.304588317871094,45.695411682128906,271.67584228515625,728.7000122070312,318.4254150390625,573.2999877929688,0.436977356672287,28.779993057250977,2.890000104904175,=NA(),0.3972245752811432,1.396155834197998,1.4163999557495117,0.34380000829696655,0.08399999886751175,=NA(),20,1013.25,-44.29233169555664,1.1704539060592651,979.75,928.9099731445312,50.84000015258789,67.12999725341797,5916.93994140625,5113.2001953125,5120.0234375,34.7392578125,9.21155071258545,9.153441429138184,42.64152908325195,9.78707218170166,0.032761748880147934,0,0.0011024374980479479,0,803.73974609375,-6.8232421875
363,16,0,1,Day,,56.55084991455078,33.44915008544922,263.4651794433594,510.69000244140625,319.0444030761719,347.69000244140625,0.6247320175170898,29.1199893951416,2.740000009536743,=NA(),0.6071560978889465,1.8106340169906616,1.4163999557495117,0.34380000829696655,0.08399999886751175,=NA(),20,1013.25,-56.37886428833008,5.448891639709473,769.030029296875,717.0250244140625,52.005001068115234,59.078758239746094,4701.16015625,4180.06005859375,4180.3505859375,35.82468795776367,7.293241024017334,7.177308082580566,43.22044372558594,7.7181806564331055,0.02575206197798252,0,0.0011483124690130353,0,521.10009765625,-0.29052734375
363,17,0,1,Day,,68.60515594482422,21.394845962524414,255.96226501464844,286.7099914550781,237.71463012695312,134.30999755859375,0.8291117548942566,28.610010147094727,1.9000999927520752,=NA(),0.8250148296356201,2.7252612113952637,1.4163999557495117,0.34380000829696655,0.08399999886751175,=NA(),20,1013.25,-43.57216262817383,27.513916015625,470.0950012207031,441.83001708984375,28.260000228881836,47.105613708496094,2769.010009765625,2563.75,2535.037109375,37.65888977050781,4.207496643066406,4.090031623840332,43.77246856689453,4.49300479888916,0.015306686982512474,0,0.0006552499835379422,0,205.260009765625,28.712890625
363,18,0,1,Day,,80.23870849609375,9.7612886428833,248.36688232421875,70.5,69.90624237060547,3.5020999908447266,0.9915779232978821,28.969995498657227,2.109999895095825,=NA(),0.9933564066886902,5.7141828536987305,1.4163999557495117,0.34380000829696655,0.08399999886751175,=NA(),20,1013.25,-15.774310111999512,65.6568374633789,83.82499694824219,76.96499633789062,6.859999656677246,32.256858825683594,456.4700012207031,443.3900146484375,443.5652770996094,36.89520263671875,0.7513917684555054,0.7429271340370178,42.566741943359375,0.8005506992340088,0.002650999929755926,0,0.0001563125115353614,0,13.079986572265625,-0.175262451171875
363,19,0,1,Night,Sun above horizon but GHI below 1,87.98644256591797,2.013554096221924,242.59054565429688,0,0,0,0,23.839990615844727,2.2799999713897705,=NA(),0,19.36611557006836,1.4163999557495117,0.34380000829696655,0.08399999886751175,=NA(),20,1013.25,0,0,0,0,0,23.839990615844727,0,0,0,0,0,0,0,0,0,0,0,0,0,0
363,20,0,1,Night,,101.56051635742188,-11.560514450073242,230.6816864013672,0,0,0,0,19.57000160217285,2.159899950027466,=NA(),0,64.81599426269531,1.4163999557495117,0.34380000829696655,0.08399999886751175,=NA(),20,1013.25,0,0,0,0,0,19.57000160217285,0,0,0,0,0,0,0,0,0,0,0,0,0,0
363,21,0,1,Night,,110.24479675292969,-20.244794845581055,219.5738525390625,0,0,0,0,17.899988174438477,1.7401000261306763,=NA(),0,64.81599426269531,1.4163999557495117,0.34380000829696655,0.08399999886751175,=NA(),20,1013.25,0,0,0,0,0,17.899988174438477,0,0,0,0,0,0,0,0,0,0,0,0,0,0
363,22,0,1,Night,,116.93831634521484,-26.938318252563477,206.42926025390625,0,0,0,0,17.839990615844727,1.1800999641418457,=NA(),0,64.81599426269531,1.4163999557495117,0.34380000829696655,0.08399999886751175,=NA(),20,1013.25,0,0,0,0,0,17.839990615844727,0,0,0,0,0,0,0,0,0,0,0,0,0,0
363,23,0,1,Night,,120.92671203613281,-30.92671012878418,191.35220336914062,0,0,0,0,15.499994277954102,1.6098999977111816,=NA(),0,64.81599426269531,1.4163999557495117,0.34380000829696655,0.08399999886751175,=NA(),20,1013.25,0,0,0,0,0,15.499994277954102,0,0,0,0,0,0,0,0,0,0,0,0,0,0
364,0,0,1,Night,,121.63829040527344,-31.638294219970703,175.24362182617188,0,0,0,0,15.100000381469727,2.359999895095825,=NA(),0,64.81599426269531,1.4163999557495117,0.34380000829696655,0.08399999886751175,=NA(),20,1013.25,0,0,0,0,0,15.100000381469727,0,0,0,0,0,0,0,0,0,0,0,0,0,0
364,1,0,1,Night,,118.95659637451172,-28.956594467163086,159.5824737548828,0,0,0,0,14.399988174438477,2.759999990463257,=NA(),0,64.81599426269531,1.4163999557495117,0.34380000829696655,0.08399999886751175,=NA(),20,1013.25,0,0,0,0,0,14.399988174438477,0,0,0,0,0,0,0,0,0,0,0,0,0,0
364,2,0,1,Night,,113.29695129394531,-23.29694938659668,145.5834503173828,0,0,0,0,14.420007705688477,3.199899911880493,=NA(),0,64.81599426269531,1.4163999557495117,0.34380000829696655,0.08399999886751175,=NA(),20,1013.25,0,0,0,0,0,14.420007705688477,0,0,0,0,0,0,0,0,0,0,0,0,0,0
364,3,0,1,Night,,105.35223388671875,-15.352237701416016,133.65740966796875,0,0,0,0,15.800012588500977,3.619999885559082,=NA(),0,64.81599426269531,1.4163999557495117,0.34380000829696655,0.08399999886751175,=NA(),20,1013.25,0,0,0,0,0,15.800012588500977,0,0,0,0,0,0,0,0,0,0,0,0,0,0
364,4,0,1,Night,Sun below height limit of 1 degrees.,89.9577865600586,0.042214591056108475,119.14815521240234,0,0,0,0,15.070001602172852,4.319900035858154,=NA(),0,37.306697845458984,1.4163999557495117,0.34380000829696655,0.08399999886751175,=NA(),20,1013.25,0,0,0,0,0,15.070001602172852,0,0,0,0,0,0,0,0,0,0,0,0,0,0
364,5,0,1,Day,,84.83319854736328,5.166801929473877,114.90483856201172,93.3949966430664,86.92036437988281,71.89600372314453,0.9306747317314148,15.110010147094727,4.579999923706055,=NA(),0.793876588344574,10.033164024353027,1.4163999557495117,0.34380000829696655,0.08399999886751175,=NA(),20,1013.25,8.263179779052734,77.35283660888672,152.60000610351562,147.11500549316406,5.485000133514404,21.3437442779541,654.3900146484375,661.6199951171875,657.6407470703125,39.32777786254883,1.0451364517211914,1.0340932607650757,44.712730407714844,1.1186541318893433,0.0038370625115931034,0,0.00012599999899975955,0,-7.22998046875,3.979248046875
364,6,0,1,Day,,73.48379516601562,16.51620864868164,107.0947036743164,297.3900146484375,228.76608276367188,241.38999938964844,0.769245982170105,20.2499942779541,4.670000076293945,=NA(),0.6504935622215271,3.4807677268981934,1.4163999557495117,0.34380000829696655,0.08399999886751175,=NA(),20,1013.25,28.849517822265625,46.27734375,530.9450073242188,513.0150146484375,17.93000030517578,40.618736267089844,3215.2900390625,3046.830078125,3051.169189453125,38.08500671386719,5.0071916580200195,4.952306270599365,44.903343200683594,5.286191940307617,0.0180655624717474,0,0.0004161875112913549,0,168.4599609375,-4.339111328125
364,7,0,1,Day,,61.573997497558594,28.42600440979004,99.62186431884766,523.510009765625,315.7210388183594,436.510009765625,0.6030849814414978,24.1400089263916,3.630000114440918,=NA(),0.4834570288658142,2.0944831371307373,1.4163999557495117,0.34380000829696655,0.08399999886751175,=NA(),20,1013.25,60,8.541485786437988,870.8900146484375,813.2049560546875,57.68499755859375,57.969383239746094,5309.66015625,4742.89990234375,4746.8193359375,35.969932556152344,8.248068809509277,8.122421264648438,43.60360336303711,8.729654312133789,0.02913912571966648,0,0.0012365625007078052,0,566.76025390625,-3.91943359375
364,8,0,1,Day,,49.382057189941406,40.617942810058594,91.81768798828125,729.1099853515625,332.57208251953125,609.1099853515625,0.4561343193054199,25.300012588500977,1.9801000356674194,=NA(),0.34363824129104614,1.5342382192611694,1.4163999557495117,0.34380000829696655,0.08399999886751175,=NA(),20,1013.25,49.36780548095703,1.3796485662460327,1041.679931640625,987.8049926757812,53.875,66.43123626708984,6344.22998046875,5498.419921875,5462.20654296875,35.19703674316406,9.69961166381836,9.55974292755127,42.87287521362305,10.268718719482422,0.03516143932938576,0,0.0011723125353455544,0,845.81005859375,36.21337890625
364,9,0,1,Day,,37.140052795410156,52.859947204589844,82.52423095703125,894.2899780273438,298.7381591796875,747.0900268554688,0.33405065536499023,27.2600040435791,0.8600999712944031,=NA(),0.23484432697296143,1.2537516355514526,1.4163999557495117,0.34380000829696655,0.08399999886751175,=NA(),20,1013.25,36.90492248535156,4.505460739135742,1132.405029296875,1079.0250244140625,53.380001068115234,71.7925033569336,6846.58984375,5817.31982421875,5821.90869140625,34.121849060058594,10.66382122039795,10.640897750854492,42.344051361083984,11.332270622253418,0.038078248500823975,0,0.0011715624714270234,0,1029.27001953125,-4.5888671875
364,10,0,1,Day,,25.248031616210938,64.75196838378906,68.84822082519531,1012.2999877929688,247.38986206054688,845.7000122070312,0.24438394606113434,28.659997940063477,0.3801000118255615,=NA(),0.1580018699169159,1.1053131818771362,1.4163999557495117,0.34380000829696655,0.08399999886751175,=NA(),20,1013.25,23.740694046020508,8.85368824005127,1163.89501953125,1098.590087890625,65.30999755859375,74.88811492919922,6986.64990234375,5867,5851.361328125,33.85260772705078,10.803024291992188,10.7454195022583,41.99001693725586,11.427051544189453,0.03866000100970268,0,0.001407249947078526,0,1119.64990234375,15.638671875
364,11,0,1,Day,,15.071138381958008,74.92886352539062,40.78939437866211,1072.800048828125,207.71563720703125,895.9000244140625,0.19362008571624756,29.899988174438477,0.3199000060558319,=NA(),0.12015708535909653,1.0354686975479126,1.4163999557495117,0.34380000829696655,0.08399999886751175,=NA(),20,1013.25,9.977139472961426,11.35362720489502,1166.544921875,1089.02001953125,77.52000427246094,76.9800033569336,6986.56005859375,5819.64013671875,5667.35302734375,34.501956939697266,10.267237663269043,9.948358535766602,41.72050094604492,11.092782974243164,0.03841037303209305,0,0.0016593750333413482,0,1166.919921875,152.287109375
364,12,0,1,Day,,12.475504875183105,77.52449798583984,341.19024658203125,1122.199951171875,207.31419372558594,937.010009765625,0.18473908305168152,30.779993057250977,0.5199999809265137,=NA(),0.08186526596546173,1.0240559577941895,1.4163999557495117,0.34380000829696655,0.08399999886751175,=NA(),20,1013.25,-4.080323219299316,11.799375534057617,1206.7900390625,1125.02001953125,81.76499938964844,79.18498992919922,7157.2099609375,5911.35986328125,5869.060546875,33.547698974609375,10.934288024902344,10.801178932189941,41.49064636230469,11.603723526000977,0.03931231424212456,0,0.001751937554217875,0,1245.85009765625,42.29931640625
364,13,0,1,Day,,20.595996856689453,69.40400695800781,300.0695495605469,951.6099853515625,252.5330047607422,746.8099975585938,0.26537448167800903,31.529993057250977,0.8600999712944031,=NA(),0.26184776425361633,1.0680558681488037,1.4163999557495117,0.34380000829696655,0.08399999886751175,=NA(),20,1013.25,-18.01556968688965,10.151863098144531,1062.60498046875,997.2850341796875,65.31999969482422,73.7612533569336,6390.5,5387.5302734375,5366.31640625,34.1226806640625,9.829200744628906,9.733181953430176,41.94736099243164,10.415448188781738,0.03518468886613846,0,0.001416624989360571,0,1002.9697265625,21.2138671875
364,14,0,1,Day,,32.06605911254883,57.93394088745117,282.4114074707031,942.510009765625,275.4079284667969,787.2000122070312,0.29220691323280334,31.610010147094727,1.1699999570846558,=NA(),0.20497658848762512,1.1795412302017212,1.4163999557495117,0.34380000829696655,0.08399999886751175,=NA(),20,1013.25,-31.459657669067383,6.552021503448486,1140.8599853515625,1083.8349609375,57.029998779296875,77.68498992919922,6899.60986328125,5731.14990234375,5553.990234375,34.548179626464844,10.048328399658203,9.824043273925781,41.60311508178711,10.884978294372559,0.03829700127243996,0,0.001266187522560358,0,1168.4599609375,177.15966796875
364,15,0,1,Day,,44.234371185302734,45.765628814697266,271.8288269042969,741.2000122070312,316.0334777832031,593.4000244140625,0.42638084292411804,31.9999942779541,1.3899999856948853,=NA(),0.37631016969680786,1.3944941759109497,1.4163999557495117,0.34380000829696655,0.08399999886751175,=NA(),20,1013.25,-44.21977996826172,1.2756677865982056,997.4849853515625,946.35498046875,51.12999725341797,71.26311492919922,6026.4599609375,5127.830078125,5129.16796875,34.22929382324219,9.365482330322266,9.306020736694336,42.147483825683594,9.937761306762695,0.033387187868356705,0,0.0011089375475421548,0,898.6298828125,-1.337890625
364,16,0,1,Day,,56.48213577270508,33.51786422729492,263.594482421875,528.2899780273438,318.0741271972656,380.69000244140625,0.6020824313163757,32.159996032714844,1.5198999643325806,=NA(),0.5701263546943665,1.807373046875,1.4163999557495117,0.34380000829696655,0.08399999886751175,=NA(),20,1013.25,-56.316749572753906,5.3369622230529785,802.1500244140625,750.2349853515625,51.90999984741211,63.47124481201172,4910.52001953125,4297.39013671875,4299.89892578125,35.228511810302734,7.628744602203369,7.518092632293701,42.737632751464844,8.088218688964844,0.02694687433540821,0,0.0011471875477582216,0,613.1298828125,-2.5087890625
364,17,0,1,Day,,68.54154205322266,21.458457946777344,256.08148193359375,291.80999755859375,239.8223876953125,142.11000061035156,0.8218443393707275,31.719995498657227,1.3698999881744385,=NA(),0.8150672316551208,2.7176713943481445,1.4163999557495117,0.34380000829696655,0.08399999886751175,=NA(),20,1013.25,-43.81721878051758,27.200641632080078,487.7049865722656,459.94500732421875,27.755001068115234,50.91936492919922,2875.949951171875,2627.080078125,2606.881591796875,37.01808166503906,4.401623249053955,4.290450572967529,43.34056091308594,4.685755252838135,0.015919936820864677,0,0.0006455624825321138,0,248.869873046875,20.198486328125
364,18,0,1,Day,,80.1834487915039,9.816551208496094,248.48385620117188,73.7040023803711,72.97014617919922,4.304299831390381,0.9900432229042053,30.920007705688477,1.7401000261306763,=NA(),0.9918618202209473,5.684332847595215,1.4163999557495117,0.34380000829696655,0.08399999886751175,=NA(),20,1013.25,-15.859102249145508,65.51142120361328,91.65499877929688,84.79000091552734,6.864999771118164,34.514366149902344,501.9100036621094,483.45001220703125,483.6726989746094,36.70485305786133,0.8235830068588257,0.8144996762275696,42.41343307495117,0.8770973086357117,0.002915937453508377,0,0.0001566874998388812,0,18.459991455078125,-0.222686767578125
364,19,0,1,Night,Sun above horizon but GHI below 1,87.96548461914062,2.0345170497894287,242.69068908691406,0,0,0,0,25.730005264282227,2.0099000930786133,=NA(),0,19.255842208862305,1.4163999557495117,0.34380000829696655,0.08399999886751175,=NA(),20,1013.25,0,0,0,0,0,25.730005264282227,0,0,0,0,0,0,0,0,0,0,0,0,0,0
364,20,0,1,Night,,101.53034973144531,-11.530352592468262,230.809326171875,0,0,0,0,21.290002822875977,2.0299999713897705,=NA(),0,64.81599426269531,1.4163999557495117,0.34380000829696655,0.08399999886751175,=NA(),20,1013.25,0,0,0,0,0,21.290002822875977,0,0,0,0,0,0,0,0,0,0,0,0,0,0
364,21,0,1,Night,,110.23481750488281,-20.234819412231445,219.7106170654297,0,0,0,0,19.839990615844727,1.820099949836731,=NA(),0,64.81599426269531,1.4163999557495117,0.34380000829696655,0.08399999886751175,=NA(),20,1013.25,0,0,0,0,0,19.839990615844727,0,0,0,0,0,0,0,0,0,0,0,0,0,0
364,22,0,1,Night,,116.95384979248047,-26.95384979248047,206.5727081298828,0,0,0,0,19.529993057250977,1.4300999641418457,=NA(),0,64.81599426269531,1.4163999557495117,0.34380000829696655,0.08399999886751175,=NA(),20,1013.25,0,0,0,0,0,19.529993057250977,0,0,0,0,0,0,0,0,0,0,0,0,0,0
364,23,0,1,Night,,120.97142791748047,-30.971424102783203,191.49313354492188,0,0,0,0,17.659997940063477,1.0499000549316406,=NA(),0,64.81599426269531,1.4163999557495117,0.34380000829696655,0.08399999886751175,=NA(),20,1013.25,0,0,0,0,0,17.659997940063477,0,0,0,0,0,0,0,0,0,0,0,0,0,0